{
"type": "FeatureCollection",
"name": "gobiernos_locales",
"crs": { "type": "name", "properties": { "name": "urn:ogc:def:crs:OGC:1.3:CRS84" } },
"features": [
{ "type": "Feature", "properties": { "nombre": "Comuna La Pampa", "tipo": "Comuna", "codigo_indec": "143183", "provincia": "IGN" }, "geometry": { "type": "Point", "coordinates": [ -64.276935116262564, -30.942230381926549 ] } },
{ "type": "Feature", "properties": { "nombre": "Municipio Toay", "tipo": "Municipio", "codigo_indec": "420357", "provincia": "IGN" }, "geometry": { "type": "Point", "coordinates": [ -64.379789715323056, -36.673898048456124 ] } },
{ "type": "Feature", "properties": { "nombre": "Comuna Talaini", "tipo": "Comuna", "codigo_indec": "142392", "provincia": "IGN" }, "geometry": { "type": "Point", "coordinates": [ -65.169287078335969, -31.249850218312872 ] } },
{ "type": "Feature", "properties": { "nombre": "Comuna Silva", "tipo": "Comuna", "codigo_indec": "823960", "provincia": "IGN" }, "geometry": { "type": "Point", "coordinates": [ -60.430562561912666, -30.447300890123927 ] } },
{ "type": "Feature", "properties": { "nombre": "Comuna Hardy", "tipo": "Comuna", "codigo_indec": "822808", "provincia": "IGN" }, "geometry": { "type": "Point", "coordinates": [ -59.261951889468094, -28.145891465518673 ] } },
{ "type": "Feature", "properties": { "nombre": "Municipio El Espinillo", "tipo": "Municipio", "codigo_indec": "220165", "provincia": "IGN" }, "geometry": { "type": "Point", "coordinates": [ -60.447767464996446, -25.4088157468492 ] } },
{ "type": "Feature", "properties": { "nombre": "Comuna Diego de Rojas", "tipo": "Comuna", "codigo_indec": "142651", "provincia": "IGN" }, "geometry": { "type": "Point", "coordinates": [ -63.338384998668687, -31.028541174935242 ] } },
{ "type": "Feature", "properties": { "nombre": "Municipio El Sombrero", "tipo": "Municipio", "codigo_indec": "180073", "provincia": "IGN" }, "geometry": { "type": "Point", "coordinates": [ -58.768552687656381, -27.703523244602025 ] } },
{ "type": "Feature", "properties": { "nombre": "Municipio Empedrado", "tipo": "Municipio", "codigo_indec": "180077", "provincia": "IGN" }, "geometry": { "type": "Point", "coordinates": [ -58.803098482109249, -27.950720084264447 ] } },
{ "type": "Feature", "properties": { "nombre": "Municipio Tres de Abril", "tipo": "Municipio", "codigo_indec": "180010", "provincia": "IGN" }, "geometry": { "type": "Point", "coordinates": [ -58.950668590083353, -28.428191963488302 ] } },
{ "type": "Feature", "properties": { "nombre": "Municipio Cazadores Correntinos", "tipo": "Municipio", "codigo_indec": "180059", "provincia": "IGN" }, "geometry": { "type": "Point", "coordinates": [ -58.304194415839561, -29.982364073643055 ] } },
{ "type": "Feature", "properties": { "nombre": "Municipio San Isidro", "tipo": "Municipio", "codigo_indec": "180143", "provincia": "IGN" }, "geometry": { "type": "Point", "coordinates": [ -59.315197559719593, -29.498391531344055 ] } },
{ "type": "Feature", "properties": { "nombre": "Municipio Cecilio Echavarría", "tipo": "Municipio", "codigo_indec": "180188", "provincia": "IGN" }, "geometry": { "type": "Point", "coordinates": [ -59.148130676789265, -28.944082594536042 ] } },
{ "type": "Feature", "properties": { "nombre": "Municipio Pago de los Deseos", "tipo": "Municipio", "codigo_indec": "180318", "provincia": "IGN" }, "geometry": { "type": "Point", "coordinates": [ -58.448597368773505, -28.207192021594494 ] } },
{ "type": "Feature", "properties": { "nombre": "Municipio Pozo Azul", "tipo": "Municipio", "codigo_indec": "540501", "provincia": "IGN" }, "geometry": { "type": "Point", "coordinates": [ -54.149598798545696, -26.347165401961661 ] } },
{ "type": "Feature", "properties": { "nombre": "Comuna Los Tábanos", "tipo": "Comuna", "codigo_indec": "824188", "provincia": "IGN" }, "geometry": { "type": "Point", "coordinates": [ -59.98274837763546, -28.458257828336059 ] } },
{ "type": "Feature", "properties": { "nombre": "Comuna Colonia Teresa", "tipo": "Comuna", "codigo_indec": "823704", "provincia": "IGN" }, "geometry": { "type": "Point", "coordinates": [ -59.972681690407626, -30.251837741818292 ] } },
{ "type": "Feature", "properties": { "nombre": "Junta de gobierno Las Mulitas", "tipo": "Junta de gobierno", "codigo_indec": "309255", "provincia": "IGN" }, "geometry": { "type": "Point", "coordinates": [ -58.99685461105139, -30.379348990463484 ] } },
{ "type": "Feature", "properties": { "nombre": "Comuna Gobernador Racedo", "tipo": "Comuna", "codigo_indec": "302161", "provincia": "IGN" }, "geometry": { "type": "Point", "coordinates": [ -60.405633714524242, -31.979168523008866 ] } },
{ "type": "Feature", "properties": { "nombre": "Junta de Gobierno Ñancay", "tipo": "Junta de Gobierno", "codigo_indec": "309410", "provincia": "IGN" }, "geometry": { "type": "Point", "coordinates": [ -58.678184401788656, -33.457932484996149 ] } },
{ "type": "Feature", "properties": { "nombre": "Junta de Gobierno Distrito Sauce", "tipo": "Junta de Gobierno", "codigo_indec": "309543", "provincia": "IGN" }, "geometry": { "type": "Point", "coordinates": [ -59.502051725606634, -32.27661283531404 ] } },
{ "type": "Feature", "properties": { "nombre": "Comisión Hoyón", "tipo": "Comisión", "codigo_indec": "866024", "provincia": "IGN" }, "geometry": { "type": "Point", "coordinates": [ -63.959426622440617, -28.629463812205131 ] } },
{ "type": "Feature", "properties": { "nombre": "Comisión Juanillo", "tipo": "Comisión", "codigo_indec": "866026", "provincia": "IGN" }, "geometry": { "type": "Point", "coordinates": [ -63.692178595565679, -28.595803554090708 ] } },
{ "type": "Feature", "properties": { "nombre": "Comisión  Yuchán", "tipo": "Comisión", "codigo_indec": "866183", "provincia": "IGN" }, "geometry": { "type": "Point", "coordinates": [ -62.975263834058637, -27.780853904983701 ] } },
{ "type": "Feature", "properties": { "nombre": "Comisión Punta Pozo", "tipo": "Comisión", "codigo_indec": "866340", "provincia": "IGN" }, "geometry": { "type": "Point", "coordinates": [ -63.622177015956481, -28.497721087857883 ] } },
{ "type": "Feature", "properties": { "nombre": "Comisión Caspi Corral", "tipo": "Comisión", "codigo_indec": "866424", "provincia": "IGN" }, "geometry": { "type": "Point", "coordinates": [ -63.546922948635142, -27.388416954179036 ] } },
{ "type": "Feature", "properties": { "nombre": "Comisión Villa Brana", "tipo": "Comisión", "codigo_indec": "866527", "provincia": "IGN" }, "geometry": { "type": "Point", "coordinates": [ -62.916112455325504, -27.347647692886653 ] } },
{ "type": "Feature", "properties": { "nombre": "Comisión San Vicente", "tipo": "Comisión", "codigo_indec": "866185", "provincia": "IGN" }, "geometry": { "type": "Point", "coordinates": [ -64.135125271214235, -28.487076847918161 ] } },
{ "type": "Feature", "properties": { "nombre": "Comisión Granadero Gatica", "tipo": "Comisión", "codigo_indec": "866509", "provincia": "IGN" }, "geometry": { "type": "Point", "coordinates": [ -62.71668980339166, -26.872408788934422 ] } },
{ "type": "Feature", "properties": { "nombre": "Comisión Atoj Pozo", "tipo": "Comisión", "codigo_indec": "866606", "provincia": "IGN" }, "geometry": { "type": "Point", "coordinates": [ -63.866141384617151, -28.29671889186335 ] } },
{ "type": "Feature", "properties": { "nombre": "Comisión El Aibé", "tipo": "Comisión", "codigo_indec": "866368", "provincia": "IGN" }, "geometry": { "type": "Point", "coordinates": [ -64.260531473148944, -27.587022186224885 ] } },
{ "type": "Feature", "properties": { "nombre": "Comisión Huachana", "tipo": "Comisión", "codigo_indec": "866325", "provincia": "IGN" }, "geometry": { "type": "Point", "coordinates": [ -63.498766953731888, -26.407364990002236 ] } },
{ "type": "Feature", "properties": { "nombre": "Comisión Vaca Human", "tipo": "Comisión", "codigo_indec": "866604", "provincia": "IGN" }, "geometry": { "type": "Point", "coordinates": [ -63.629274295572259, -28.919432608028387 ] } },
{ "type": "Feature", "properties": { "nombre": "Comisión Sotelo", "tipo": "Comisión", "codigo_indec": "866585", "provincia": "IGN" }, "geometry": { "type": "Point", "coordinates": [ -64.726823626409214, -27.462234403095181 ] } },
{ "type": "Feature", "properties": { "nombre": "Comisión La Nena - La Simona", "tipo": "Comisión", "codigo_indec": "866459", "provincia": "IGN" }, "geometry": { "type": "Point", "coordinates": [ -61.838315907652998, -28.452299667795387 ] } },
{ "type": "Feature", "properties": { "nombre": "Comisión Negra Muerta", "tipo": "Comisión", "codigo_indec": "866382", "provincia": "IGN" }, "geometry": { "type": "Point", "coordinates": [ -64.135905013105855, -27.507746617812131 ] } },
{ "type": "Feature", "properties": { "nombre": "Comisión Santo Domingo", "tipo": "Comisión", "codigo_indec": "866555", "provincia": "IGN" }, "geometry": { "type": "Point", "coordinates": [ -63.777496279829393, -26.216364113113286 ] } },
{ "type": "Feature", "properties": { "nombre": "Comisión La Paliza", "tipo": "Comisión", "codigo_indec": "866599", "provincia": "IGN" }, "geometry": { "type": "Point", "coordinates": [ -63.181784120840462, -28.759035955345041 ] } },
{ "type": "Feature", "properties": { "nombre": "Comisión Tres Cruces", "tipo": "Comisión", "codigo_indec": "866487", "provincia": "IGN" }, "geometry": { "type": "Point", "coordinates": [ -64.680684650775959, -27.200087529615757 ] } },
{ "type": "Feature", "properties": { "nombre": "Comisión Sumamao", "tipo": "Comisión", "codigo_indec": "866620", "provincia": "IGN" }, "geometry": { "type": "Point", "coordinates": [ -64.098894433231465, -28.169398352551866 ] } },
{ "type": "Feature", "properties": { "nombre": "Comisión Ahí Veremos", "tipo": "Comisión", "codigo_indec": "866528", "provincia": "IGN" }, "geometry": { "type": "Point", "coordinates": [ -63.914546819080385, -25.853207492731542 ] } },
{ "type": "Feature", "properties": { "nombre": "Comisión Sol de Mayo", "tipo": "Comisión", "codigo_indec": "866396", "provincia": "IGN" }, "geometry": { "type": "Point", "coordinates": [ -64.587894974473443, -27.702943521826001 ] } },
{ "type": "Feature", "properties": { "nombre": "Comisión San Benito", "tipo": "Comisión", "codigo_indec": "866391", "provincia": "IGN" }, "geometry": { "type": "Point", "coordinates": [ -64.488083592184012, -28.146452024641178 ] } },
{ "type": "Feature", "properties": { "nombre": "Comisión Amamá", "tipo": "Comisión", "codigo_indec": "866507", "provincia": "IGN" }, "geometry": { "type": "Point", "coordinates": [ -63.039908753885868, -27.210112607011183 ] } },
{ "type": "Feature", "properties": { "nombre": "Comisión Vaca Huañuna", "tipo": "Comisión", "codigo_indec": "866438", "provincia": "IGN" }, "geometry": { "type": "Point", "coordinates": [ -63.472420567055508, -27.46369421051935 ] } },
{ "type": "Feature", "properties": { "nombre": "Comisión Melero", "tipo": "Comisión", "codigo_indec": "866501", "provincia": "IGN" }, "geometry": { "type": "Point", "coordinates": [ -62.999140771429438, -28.277649007995251 ] } },
{ "type": "Feature", "properties": { "nombre": "Comisión Los Ovejeros", "tipo": "Comisión", "codigo_indec": "866579", "provincia": "IGN" }, "geometry": { "type": "Point", "coordinates": [ -64.708356403425228, -27.496828826589024 ] } },
{ "type": "Feature", "properties": { "nombre": "Comisión El Deán", "tipo": "Comisión", "codigo_indec": "866388", "provincia": "IGN" }, "geometry": { "type": "Point", "coordinates": [ -64.331287458049701, -27.714647017445827 ] } },
{ "type": "Feature", "properties": { "nombre": "Comisión Libertad", "tipo": "Comisión", "codigo_indec": "866515", "provincia": "IGN" }, "geometry": { "type": "Point", "coordinates": [ -63.07088407523986, -27.084892882200734 ] } },
{ "type": "Feature", "properties": { "nombre": "Comisión Abra Grande", "tipo": "Comisión", "codigo_indec": "866342", "provincia": "IGN" }, "geometry": { "type": "Point", "coordinates": [ -64.378175590531043, -27.290164770587637 ] } },
{ "type": "Feature", "properties": { "nombre": "Comisión San Antonio - Roldán", "tipo": "Comisión", "codigo_indec": "866505", "provincia": "IGN" }, "geometry": { "type": "Point", "coordinates": [ -63.116194316614383, -27.804462520628761 ] } },
{ "type": "Feature", "properties": { "nombre": "Comisión El Sauzal", "tipo": "Comisión", "codigo_indec": "866576", "provincia": "IGN" }, "geometry": { "type": "Point", "coordinates": [ -64.582025673246164, -27.488395042896855 ] } },
{ "type": "Feature", "properties": { "nombre": "Comisión Remes", "tipo": "Comisión", "codigo_indec": "866390", "provincia": "IGN" }, "geometry": { "type": "Point", "coordinates": [ -64.532342386691766, -27.854829698431786 ] } },
{ "type": "Feature", "properties": { "nombre": "Comisión Santa Catalina", "tipo": "Comisión", "codigo_indec": "866474", "provincia": "IGN" }, "geometry": { "type": "Point", "coordinates": [ -64.782985299831694, -28.127672560640121 ] } },
{ "type": "Feature", "properties": { "nombre": "Comisión Villa Nueva", "tipo": "Comisión", "codigo_indec": "866613", "provincia": "IGN" }, "geometry": { "type": "Point", "coordinates": [ -64.020225829858134, -28.302444560567949 ] } },
{ "type": "Feature", "properties": { "nombre": "Comisión Vuelta de la Barranca", "tipo": "Comisión", "codigo_indec": "866403", "provincia": "IGN" }, "geometry": { "type": "Point", "coordinates": [ -64.195691475980766, -27.89149894691883 ] } },
{ "type": "Feature", "properties": { "nombre": "Municipio Capayán", "tipo": "Municipio", "codigo_indec": "100126", "provincia": "IGN" }, "geometry": { "type": "Point", "coordinates": [ -66.046402098577971, -28.772137376039041 ] } },
{ "type": "Feature", "properties": { "nombre": "Comisión Campo Grande", "tipo": "Comisión", "codigo_indec": "866529", "provincia": "IGN" }, "geometry": { "type": "Point", "coordinates": [ -63.975989738735393, -26.372561814076391 ] } },
{ "type": "Feature", "properties": { "nombre": "Comisión Sauce Solo", "tipo": "Comisión", "codigo_indec": "866186", "provincia": "IGN" }, "geometry": { "type": "Point", "coordinates": [ -64.254017017171577, -28.571847404434095 ] } },
{ "type": "Feature", "properties": { "nombre": "Comisión Amicha", "tipo": "Comisión", "codigo_indec": "866565", "provincia": "IGN" }, "geometry": { "type": "Point", "coordinates": [ -64.863986039524093, -27.639944558294701 ] } },
{ "type": "Feature", "properties": { "nombre": "Comisión Villa Hipólita", "tipo": "Comisión", "codigo_indec": "866594", "provincia": "IGN" }, "geometry": { "type": "Point", "coordinates": [ -63.989562159565992, -27.762667751615425 ] } },
{ "type": "Feature", "properties": { "nombre": "Comisión Los Romanos - Santo Domingo", "tipo": "Comisión", "codigo_indec": "866590", "provincia": "IGN" }, "geometry": { "type": "Point", "coordinates": [ -64.184876254235689, -27.805704157021182 ] } },
{ "type": "Feature", "properties": { "nombre": "Comisión Villa Mercedes", "tipo": "Comisión", "codigo_indec": "866557", "provincia": "IGN" }, "geometry": { "type": "Point", "coordinates": [ -64.170275293170221, -26.465266234648993 ] } },
{ "type": "Feature", "properties": { "nombre": "Comisión Tío Pozo", "tipo": "Comisión", "codigo_indec": "866187", "provincia": "IGN" }, "geometry": { "type": "Point", "coordinates": [ -63.981169912861162, -28.407683994420779 ] } },
{ "type": "Feature", "properties": { "nombre": "Comisión Lescano", "tipo": "Comisión", "codigo_indec": "866578", "provincia": "IGN" }, "geometry": { "type": "Point", "coordinates": [ -64.764239237550726, -27.503623140795241 ] } },
{ "type": "Feature", "properties": { "nombre": "Comisión Ahí Veremos", "tipo": "Comisión", "codigo_indec": "866405", "provincia": "IGN" }, "geometry": { "type": "Point", "coordinates": [ -63.466625481480719, -25.729302729637197 ] } },
{ "type": "Feature", "properties": { "nombre": "Comisión  Acos - Pozo de Arbolito", "tipo": "Comisión", "codigo_indec": "866564", "provincia": "IGN" }, "geometry": { "type": "Point", "coordinates": [ -64.964232444571621, -27.659396989479433 ] } },
{ "type": "Feature", "properties": { "nombre": "Comisión Santa María", "tipo": "Comisión", "codigo_indec": "866394", "provincia": "IGN" }, "geometry": { "type": "Point", "coordinates": [ -64.218999999550306, -27.949088800407765 ] } },
{ "type": "Feature", "properties": { "nombre": "Municipio Los Varela", "tipo": "Municipio", "codigo_indec": "100028", "provincia": "IGN" }, "geometry": { "type": "Point", "coordinates": [ -65.872771234904519, -27.928670364245875 ] } },
{ "type": "Feature", "properties": { "nombre": "Municipio La Puerta", "tipo": "Municipio", "codigo_indec": "100014", "provincia": "IGN" }, "geometry": { "type": "Point", "coordinates": [ -65.793867629687327, -28.156345286605642 ] } },
{ "type": "Feature", "properties": { "nombre": "Comuna Naré", "tipo": "Comuna", "codigo_indec": "823925", "provincia": "IGN" }, "geometry": { "type": "Point", "coordinates": [ -60.467036125117033, -30.948776172981979 ] } },
{ "type": "Feature", "properties": { "nombre": "Municipio El Rodeo", "tipo": "Municipio", "codigo_indec": "100007", "provincia": "IGN" }, "geometry": { "type": "Point", "coordinates": [ -65.876487368497237, -28.212696761046629 ] } },
{ "type": "Feature", "properties": { "nombre": "Municipio Las Juntas", "tipo": "Municipio", "codigo_indec": "100021", "provincia": "IGN" }, "geometry": { "type": "Point", "coordinates": [ -65.899236797040487, -28.098311287635795 ] } },
{ "type": "Feature", "properties": { "nombre": "Municipio Ancasti", "tipo": "Municipio", "codigo_indec": "100035", "provincia": "IGN" }, "geometry": { "type": "Point", "coordinates": [ -65.500687720861606, -28.812644051481755 ] } },
{ "type": "Feature", "properties": { "nombre": "Municipio Andalgalá", "tipo": "Municipio", "codigo_indec": "100049", "provincia": "IGN" }, "geometry": { "type": "Point", "coordinates": [ -66.315432685170265, -27.583018935075756 ] } },
{ "type": "Feature", "properties": { "nombre": "Municipio Aconquija", "tipo": "Municipio", "codigo_indec": "100042", "provincia": "IGN" }, "geometry": { "type": "Point", "coordinates": [ -66.020865974984702, -27.489888457985899 ] } },
{ "type": "Feature", "properties": { "nombre": "Municipio Antofagasta de la Sierra", "tipo": "Municipio", "codigo_indec": "100056", "provincia": "IGN" }, "geometry": { "type": "Point", "coordinates": [ -67.406551711392353, -26.059266635047152 ] } },
{ "type": "Feature", "properties": { "nombre": "Municipio Villa Vil", "tipo": "Municipio", "codigo_indec": "100119", "provincia": "IGN" }, "geometry": { "type": "Point", "coordinates": [ -66.821253189982713, -27.092680014670918 ] } },
{ "type": "Feature", "properties": { "nombre": "Municipio Belén", "tipo": "Municipio", "codigo_indec": "100063", "provincia": "IGN" }, "geometry": { "type": "Point", "coordinates": [ -67.026316606526109, -27.649529253871947 ] } },
{ "type": "Feature", "properties": { "nombre": "Municipio Pozo de Piedra", "tipo": "Municipio", "codigo_indec": "100091", "provincia": "IGN" }, "geometry": { "type": "Point", "coordinates": [ -67.102088562836855, -27.493250805480272 ] } },
{ "type": "Feature", "properties": { "nombre": "Municipio Corral Quemado", "tipo": "Municipio", "codigo_indec": "100070", "provincia": "IGN" }, "geometry": { "type": "Point", "coordinates": [ -66.944758603726541, -27.144801067415301 ] } },
{ "type": "Feature", "properties": { "nombre": "Municipio Puerta de Corral Quemado", "tipo": "Municipio", "codigo_indec": "100098", "provincia": "IGN" }, "geometry": { "type": "Point", "coordinates": [ -66.928694431302915, -27.224836562057646 ] } },
{ "type": "Feature", "properties": { "nombre": "Municipio Hualfin", "tipo": "Municipio", "codigo_indec": "100077", "provincia": "IGN" }, "geometry": { "type": "Point", "coordinates": [ -66.834256512627917, -27.224044488662173 ] } },
{ "type": "Feature", "properties": { "nombre": "Municipio Londres", "tipo": "Municipio", "codigo_indec": "100084", "provincia": "IGN" }, "geometry": { "type": "Point", "coordinates": [ -67.135512148167038, -27.712565859426832 ] } },
{ "type": "Feature", "properties": { "nombre": "Municipio Puerta de San José", "tipo": "Municipio", "codigo_indec": "100105", "provincia": "IGN" }, "geometry": { "type": "Point", "coordinates": [ -67.005240538420082, -27.548030425963361 ] } },
{ "type": "Feature", "properties": { "nombre": "Municipio Huillapima", "tipo": "Municipio", "codigo_indec": "100133", "provincia": "IGN" }, "geometry": { "type": "Point", "coordinates": [ -65.970603999874641, -28.729535100364558 ] } },
{ "type": "Feature", "properties": { "nombre": "Municipio San Fernando del Valle de Catamarca", "tipo": "Municipio", "codigo_indec": "100140", "provincia": "IGN" }, "geometry": { "type": "Point", "coordinates": [ -65.778917352154053, -28.46901324066846 ] } },
{ "type": "Feature", "properties": { "nombre": "Municipio El Alto", "tipo": "Municipio", "codigo_indec": "100147", "provincia": "IGN" }, "geometry": { "type": "Point", "coordinates": [ -65.364444111806279, -28.310610964124635 ] } },
{ "type": "Feature", "properties": { "nombre": "Municipio Tapso", "tipo": "Municipio", "codigo_indec": "100154", "provincia": "IGN" }, "geometry": { "type": "Point", "coordinates": [ -65.102730787995426, -28.404857890179471 ] } },
{ "type": "Feature", "properties": { "nombre": "Municipio Fray Mamerto Esquiú", "tipo": "Municipio", "codigo_indec": "100161", "provincia": "IGN" }, "geometry": { "type": "Point", "coordinates": [ -65.700924752974913, -28.387566400369053 ] } },
{ "type": "Feature", "properties": { "nombre": "Municipio Recreo", "tipo": "Municipio", "codigo_indec": "100175", "provincia": "IGN" }, "geometry": { "type": "Point", "coordinates": [ -65.058611479236333, -29.278860258793884 ] } },
{ "type": "Feature", "properties": { "nombre": "Municipio Icaño", "tipo": "Municipio", "codigo_indec": "100168", "provincia": "IGN" }, "geometry": { "type": "Point", "coordinates": [ -65.330165196566554, -28.919540473613949 ] } },
{ "type": "Feature", "properties": { "nombre": "Municipio Paclín", "tipo": "Municipio", "codigo_indec": "100182", "provincia": "IGN" }, "geometry": { "type": "Point", "coordinates": [ -65.659438545852197, -28.154407740424858 ] } },
{ "type": "Feature", "properties": { "nombre": "Municipio Mutquin", "tipo": "Municipio", "codigo_indec": "100185", "provincia": "IGN" }, "geometry": { "type": "Point", "coordinates": [ -66.145092432769502, -28.316941571696134 ] } },
{ "type": "Feature", "properties": { "nombre": "Municipio Pomán", "tipo": "Municipio", "codigo_indec": "100189", "provincia": "IGN" }, "geometry": { "type": "Point", "coordinates": [ -66.221866494642995, -28.392882973770156 ] } },
{ "type": "Feature", "properties": { "nombre": "Municipio Saujil", "tipo": "Municipio", "codigo_indec": "100196", "provincia": "IGN" }, "geometry": { "type": "Point", "coordinates": [ -66.216045041845177, -28.174706234904761 ] } },
{ "type": "Feature", "properties": { "nombre": "Municipio San José", "tipo": "Municipio", "codigo_indec": "100203", "provincia": "IGN" }, "geometry": { "type": "Point", "coordinates": [ -66.066411764990903, -26.796459467430452 ] } },
{ "type": "Feature", "properties": { "nombre": "Municipio Santa María", "tipo": "Municipio", "codigo_indec": "100210", "provincia": "IGN" }, "geometry": { "type": "Point", "coordinates": [ -66.047966934226565, -26.694525091559683 ] } },
{ "type": "Feature", "properties": { "nombre": "Municipio Los Altos", "tipo": "Municipio", "codigo_indec": "100213", "provincia": "IGN" }, "geometry": { "type": "Point", "coordinates": [ -65.501165850823327, -28.047890245838119 ] } },
{ "type": "Feature", "properties": { "nombre": "Municipio Santa Rosa", "tipo": "Municipio", "codigo_indec": "100217", "provincia": "IGN" }, "geometry": { "type": "Point", "coordinates": [ -65.319256689944268, -28.106287027724079 ] } },
{ "type": "Feature", "properties": { "nombre": "Municipio Tinogasta", "tipo": "Municipio", "codigo_indec": "100231", "provincia": "IGN" }, "geometry": { "type": "Point", "coordinates": [ -67.564368978945197, -28.065561630864522 ] } },
{ "type": "Feature", "properties": { "nombre": "Municipio Fiambalá", "tipo": "Municipio", "codigo_indec": "100224", "provincia": "IGN" }, "geometry": { "type": "Point", "coordinates": [ -67.62087370505742, -27.672698639730413 ] } },
{ "type": "Feature", "properties": { "nombre": "Municipio Valle Viejo", "tipo": "Municipio", "codigo_indec": "100238", "provincia": "IGN" }, "geometry": { "type": "Point", "coordinates": [ -65.724976044608752, -28.457753398600403 ] } },
{ "type": "Feature", "properties": { "nombre": "Municipio Puerto Madryn", "tipo": "Municipio", "codigo_indec": "260007", "provincia": "IGN" }, "geometry": { "type": "Point", "coordinates": [ -65.03667558730848, -42.767281496443843 ] } },
{ "type": "Feature", "properties": { "nombre": "Comisión Puerto Pirámides", "tipo": "Comisión", "codigo_indec": "265028", "provincia": "IGN" }, "geometry": { "type": "Point", "coordinates": [ -64.284162877614676, -42.572091061253445 ] } },
{ "type": "Feature", "properties": { "nombre": "Municipio El Maitén", "tipo": "Municipio", "codigo_indec": "260028", "provincia": "IGN" }, "geometry": { "type": "Point", "coordinates": [ -71.169128330607919, -42.050549762261653 ] } },
{ "type": "Feature", "properties": { "nombre": "Municipio Cholila", "tipo": "Municipio", "codigo_indec": "260014", "provincia": "IGN" }, "geometry": { "type": "Point", "coordinates": [ -71.431134383744791, -42.511351142541173 ] } },
{ "type": "Feature", "properties": { "nombre": "Comuna Cushamen", "tipo": "Comuna", "codigo_indec": "268014", "provincia": "IGN" }, "geometry": { "type": "Point", "coordinates": [ -70.661397788077409, -42.173017611973194 ] } },
{ "type": "Feature", "properties": { "nombre": "Municipio El Hoyo", "tipo": "Municipio", "codigo_indec": "260021", "provincia": "IGN" }, "geometry": { "type": "Point", "coordinates": [ -71.519143291929367, -42.064050302979069 ] } },
{ "type": "Feature", "properties": { "nombre": "Municipio Epuyén", "tipo": "Municipio", "codigo_indec": "260035", "provincia": "IGN" }, "geometry": { "type": "Point", "coordinates": [ -71.371059778985568, -42.229226034853582 ] } },
{ "type": "Feature", "properties": { "nombre": "Comisión Gualjaina", "tipo": "Comisión", "codigo_indec": "265007", "provincia": "IGN" }, "geometry": { "type": "Point", "coordinates": [ -70.537720017464778, -42.723832261749465 ] } },
{ "type": "Feature", "properties": { "nombre": "Municipio Lago Puelo", "tipo": "Municipio", "codigo_indec": "260042", "provincia": "IGN" }, "geometry": { "type": "Point", "coordinates": [ -71.597140031587173, -42.060132161869717 ] } },
{ "type": "Feature", "properties": { "nombre": "Municipio Comodoro Rivadavia", "tipo": "Municipio", "codigo_indec": "260049", "provincia": "IGN" }, "geometry": { "type": "Point", "coordinates": [ -67.482159774354045, -45.865418147129731 ] } },
{ "type": "Feature", "properties": { "nombre": "Municipio Rada Tilly", "tipo": "Municipio", "codigo_indec": "260056", "provincia": "IGN" }, "geometry": { "type": "Point", "coordinates": [ -67.553724436833249, -45.924966450641136 ] } },
{ "type": "Feature", "properties": { "nombre": "Municipio Camarones", "tipo": "Municipio", "codigo_indec": "260063", "provincia": "IGN" }, "geometry": { "type": "Point", "coordinates": [ -65.71033275065588, -44.798454874193055 ] } },
{ "type": "Feature", "properties": { "nombre": "Municipio Trevelin", "tipo": "Municipio", "codigo_indec": "260084", "provincia": "IGN" }, "geometry": { "type": "Point", "coordinates": [ -71.464370446938517, -43.093044655986034 ] } },
{ "type": "Feature", "properties": { "nombre": "Municipio Corcovado", "tipo": "Municipio", "codigo_indec": "260070", "provincia": "IGN" }, "geometry": { "type": "Point", "coordinates": [ -71.468855331808072, -43.539302185747204 ] } },
{ "type": "Feature", "properties": { "nombre": "Municipio Esquel", "tipo": "Municipio", "codigo_indec": "260077", "provincia": "IGN" }, "geometry": { "type": "Point", "coordinates": [ -71.321572553630403, -42.917320710182594 ] } },
{ "type": "Feature", "properties": { "nombre": "Comuna Dique Florentino Ameghino", "tipo": "Comuna", "codigo_indec": "268028", "provincia": "IGN" }, "geometry": { "type": "Point", "coordinates": [ -66.471325556429235, -43.699068407381048 ] } },
{ "type": "Feature", "properties": { "nombre": "Municipio Dolavon", "tipo": "Municipio", "codigo_indec": "260091", "provincia": "IGN" }, "geometry": { "type": "Point", "coordinates": [ -65.709872277083889, -43.307978842449586 ] } },
{ "type": "Feature", "properties": { "nombre": "Municipio Gaiman", "tipo": "Municipio", "codigo_indec": "260098", "provincia": "IGN" }, "geometry": { "type": "Point", "coordinates": [ -65.498370866722098, -43.291616798376481 ] } },
{ "type": "Feature", "properties": { "nombre": "Comisión 28 de Julio", "tipo": "Comisión", "codigo_indec": "265014", "provincia": "IGN" }, "geometry": { "type": "Point", "coordinates": [ -65.840426478099459, -43.389222163472027 ] } },
{ "type": "Feature", "properties": { "nombre": "Comuna Gastre", "tipo": "Comuna", "codigo_indec": "268035", "provincia": "IGN" }, "geometry": { "type": "Point", "coordinates": [ -69.22214380449293, -42.263198130189494 ] } },
{ "type": "Feature", "properties": { "nombre": "Comuna Lagunita Salada", "tipo": "Comuna", "codigo_indec": "268042", "provincia": "IGN" }, "geometry": { "type": "Point", "coordinates": [ -69.149005869824975, -42.742232747842991 ] } },
{ "type": "Feature", "properties": { "nombre": "Comuna Aldea Epulef", "tipo": "Comuna", "codigo_indec": "268049", "provincia": "IGN" }, "geometry": { "type": "Point", "coordinates": [ -69.692293160800716, -43.320822744074349 ] } },
{ "type": "Feature", "properties": { "nombre": "Comuna Carrenleufú", "tipo": "Comuna", "codigo_indec": "268056", "provincia": "IGN" }, "geometry": { "type": "Point", "coordinates": [ -71.70213468706612, -43.58789792844658 ] } },
{ "type": "Feature", "properties": { "nombre": "Comuna Colan Conhue", "tipo": "Comuna", "codigo_indec": "268063", "provincia": "IGN" }, "geometry": { "type": "Point", "coordinates": [ -69.930334884047625, -43.241370272719848 ] } },
{ "type": "Feature", "properties": { "nombre": "Comuna Paso del Sapo", "tipo": "Comuna", "codigo_indec": "268070", "provincia": "IGN" }, "geometry": { "type": "Point", "coordinates": [ -69.608153689141375, -42.7351158728992 ] } },
{ "type": "Feature", "properties": { "nombre": "Municipio Tecka", "tipo": "Municipio", "codigo_indec": "260105", "provincia": "IGN" }, "geometry": { "type": "Point", "coordinates": [ -70.810780740438759, -43.492864943662198 ] } },
{ "type": "Feature", "properties": { "nombre": "Comuna Las Plumas", "tipo": "Comuna", "codigo_indec": "268077", "provincia": "IGN" }, "geometry": { "type": "Point", "coordinates": [ -67.284237796836806, -43.721624883681386 ] } },
{ "type": "Feature", "properties": { "nombre": "Comuna Los Altares", "tipo": "Comuna", "codigo_indec": "268084", "provincia": "IGN" }, "geometry": { "type": "Point", "coordinates": [ -68.4116439963733, -43.886114680148353 ] } },
{ "type": "Feature", "properties": { "nombre": "Comisión Paso de Indios", "tipo": "Comisión", "codigo_indec": "265021", "provincia": "IGN" }, "geometry": { "type": "Point", "coordinates": [ -69.046586173912772, -43.864386005509687 ] } },
{ "type": "Feature", "properties": { "nombre": "Municipio Rawson", "tipo": "Municipio", "codigo_indec": "260112", "provincia": "IGN" }, "geometry": { "type": "Point", "coordinates": [ -65.112603063380618, -43.295573833365665 ] } },
{ "type": "Feature", "properties": { "nombre": "Municipio Trelew", "tipo": "Municipio", "codigo_indec": "260119", "provincia": "IGN" }, "geometry": { "type": "Point", "coordinates": [ -65.309380589742375, -43.253186750168368 ] } },
{ "type": "Feature", "properties": { "nombre": "Comuna Aldea Apeleg", "tipo": "Comuna", "codigo_indec": "268140", "provincia": "IGN" }, "geometry": { "type": "Point", "coordinates": [ -70.852912909902841, -44.687639350475592 ] } },
{ "type": "Feature", "properties": { "nombre": "Comuna Aldea Beleiro", "tipo": "Comuna", "codigo_indec": "268091", "provincia": "IGN" }, "geometry": { "type": "Point", "coordinates": [ -71.522636667947836, -45.553268209760006 ] } },
{ "type": "Feature", "properties": { "nombre": "Municipio Alto Río Senguer", "tipo": "Municipio", "codigo_indec": "260126", "provincia": "IGN" }, "geometry": { "type": "Point", "coordinates": [ -70.823383603070795, -45.041882272948499 ] } },
{ "type": "Feature", "properties": { "nombre": "Comuna Doctor Ricardo Rojas", "tipo": "Comuna", "codigo_indec": "268098", "provincia": "IGN" }, "geometry": { "type": "Point", "coordinates": [ -71.035053014884681, -45.575664060847714 ] } },
{ "type": "Feature", "properties": { "nombre": "Comuna Facundo", "tipo": "Comuna", "codigo_indec": "268105", "provincia": "IGN" }, "geometry": { "type": "Point", "coordinates": [ -69.974862490411567, -45.308642883462255 ] } },
{ "type": "Feature", "properties": { "nombre": "Comuna Lago Blanco", "tipo": "Comuna", "codigo_indec": "268112", "provincia": "IGN" }, "geometry": { "type": "Point", "coordinates": [ -71.268242948753027, -45.93698354345571 ] } },
{ "type": "Feature", "properties": { "nombre": "Municipio Río Mayo", "tipo": "Municipio", "codigo_indec": "260133", "provincia": "IGN" }, "geometry": { "type": "Point", "coordinates": [ -70.256637957875398, -45.68617699777019 ] } },
{ "type": "Feature", "properties": { "nombre": "Comuna Buen Pasto", "tipo": "Comuna", "codigo_indec": "268119", "provincia": "IGN" }, "geometry": { "type": "Point", "coordinates": [ -69.458898569113614, -45.076133349674308 ] } },
{ "type": "Feature", "properties": { "nombre": "Municipio Sarmiento", "tipo": "Municipio", "codigo_indec": "260140", "provincia": "IGN" }, "geometry": { "type": "Point", "coordinates": [ -69.068940961056455, -45.586867909326486 ] } },
{ "type": "Feature", "properties": { "nombre": "Comuna Dr. Atilio Oscar Viglione", "tipo": "Comuna", "codigo_indec": "268147", "provincia": "IGN" }, "geometry": { "type": "Point", "coordinates": [ -71.664220683337817, -44.191367334534846 ] } },
{ "type": "Feature", "properties": { "nombre": "Municipio Gobernador Costa", "tipo": "Municipio", "codigo_indec": "260147", "provincia": "IGN" }, "geometry": { "type": "Point", "coordinates": [ -70.59902409348706, -44.048706629207516 ] } },
{ "type": "Feature", "properties": { "nombre": "Municipio José de San Martín", "tipo": "Municipio", "codigo_indec": "260154", "provincia": "IGN" }, "geometry": { "type": "Point", "coordinates": [ -70.470741351532126, -44.05146531397304 ] } },
{ "type": "Feature", "properties": { "nombre": "Municipio Río Pico", "tipo": "Municipio", "codigo_indec": "260161", "provincia": "IGN" }, "geometry": { "type": "Point", "coordinates": [ -71.368318107594575, -44.179354877725359 ] } },
{ "type": "Feature", "properties": { "nombre": "Comuna Gan Gan", "tipo": "Comuna", "codigo_indec": "268126", "provincia": "IGN" }, "geometry": { "type": "Point", "coordinates": [ -68.284137525826111, -42.522203255375871 ] } },
{ "type": "Feature", "properties": { "nombre": "Comuna Telsen", "tipo": "Comuna", "codigo_indec": "268133", "provincia": "IGN" }, "geometry": { "type": "Point", "coordinates": [ -66.943212967704255, -42.435530619242627 ] } },
{ "type": "Feature", "properties": { "nombre": "Municipio Laguna Yema", "tipo": "Municipio", "codigo_indec": "340007", "provincia": "IGN" }, "geometry": { "type": "Point", "coordinates": [ -61.24198511042448, -24.255524629757815 ] } },
{ "type": "Feature", "properties": { "nombre": "Comisión Los Chiriguanos", "tipo": "Comisión", "codigo_indec": "345007", "provincia": "IGN" }, "geometry": { "type": "Point", "coordinates": [ -61.461974295277457, -24.098814348503311 ] } },
{ "type": "Feature", "properties": { "nombre": "Comisión Pozo de Maza", "tipo": "Comisión", "codigo_indec": "345035", "provincia": "IGN" }, "geometry": { "type": "Point", "coordinates": [ -61.708060029746548, -23.570321915124225 ] } },
{ "type": "Feature", "properties": { "nombre": "Junta Pozo del Mortero", "tipo": "Junta", "codigo_indec": "349007", "provincia": "IGN" }, "geometry": { "type": "Point", "coordinates": [ -61.026207823032564, -24.40716757122641 ] } },
{ "type": "Feature", "properties": { "nombre": "Comisión Colonia Pastoril", "tipo": "Comisión", "codigo_indec": "345014", "provincia": "IGN" }, "geometry": { "type": "Point", "coordinates": [ -58.261494859600077, -25.672693191137796 ] } },
{ "type": "Feature", "properties": { "nombre": "Municipio Formosa", "tipo": "Municipio", "codigo_indec": "340028", "provincia": "IGN" }, "geometry": { "type": "Point", "coordinates": [ -58.174896483186103, -26.18500898287823 ] } },
{ "type": "Feature", "properties": { "nombre": "Comisión Gran Guardia", "tipo": "Comisión", "codigo_indec": "345021", "provincia": "IGN" }, "geometry": { "type": "Point", "coordinates": [ -58.885728595498222, -25.862762271461634 ] } },
{ "type": "Feature", "properties": { "nombre": "Junta Mariano Boedo", "tipo": "Junta", "codigo_indec": "349014", "provincia": "IGN" }, "geometry": { "type": "Point", "coordinates": [ -58.487754375863688, -26.109324813889032 ] } },
{ "type": "Feature", "properties": { "nombre": "Junta Mojón de Fierro", "tipo": "Junta", "codigo_indec": "349021", "provincia": "IGN" }, "geometry": { "type": "Point", "coordinates": [ -58.049051000203463, -26.033189506290626 ] } },
{ "type": "Feature", "properties": { "nombre": "Comisión San Hilario", "tipo": "Comisión", "codigo_indec": "345028", "provincia": "IGN" }, "geometry": { "type": "Point", "coordinates": [ -58.652255707934557, -26.029992111546676 ] } },
{ "type": "Feature", "properties": { "nombre": "Junta Villa del Carmen", "tipo": "Junta", "codigo_indec": "349028", "provincia": "IGN" }, "geometry": { "type": "Point", "coordinates": [ -58.257099766640863, -26.25077586451448 ] } },
{ "type": "Feature", "properties": { "nombre": "Junta Banco Payaguá", "tipo": "Junta", "codigo_indec": "349035", "provincia": "IGN" }, "geometry": { "type": "Point", "coordinates": [ -58.338339819526993, -26.70742219707671 ] } },
{ "type": "Feature", "properties": { "nombre": "Municipio General Lucio Victorio Mansilla", "tipo": "Municipio", "codigo_indec": "340049", "provincia": "IGN" }, "geometry": { "type": "Point", "coordinates": [ -58.630460262231281, -26.657689508963642 ] } },
{ "type": "Feature", "properties": { "nombre": "Municipio Herradura", "tipo": "Municipio", "codigo_indec": "340056", "provincia": "IGN" }, "geometry": { "type": "Point", "coordinates": [ -58.311618190726904, -26.489847809728587 ] } },
{ "type": "Feature", "properties": { "nombre": "Municipio Misión San Francisco de Laishi", "tipo": "Municipio", "codigo_indec": "340063", "provincia": "IGN" }, "geometry": { "type": "Point", "coordinates": [ -58.629613052300499, -26.243867035135509 ] } },
{ "type": "Feature", "properties": { "nombre": "Junta Tatané", "tipo": "Junta", "codigo_indec": "349042", "provincia": "IGN" }, "geometry": { "type": "Point", "coordinates": [ -58.357336954536777, -26.398152825092779 ] } },
{ "type": "Feature", "properties": { "nombre": "Municipio Villa Escolar", "tipo": "Municipio", "codigo_indec": "340070", "provincia": "IGN" }, "geometry": { "type": "Point", "coordinates": [ -58.669706676321994, -26.621916791926367 ] } },
{ "type": "Feature", "properties": { "nombre": "Municipio Ingeniero Guillermo Nicasio Juárez", "tipo": "Municipio", "codigo_indec": "340077", "provincia": "IGN" }, "geometry": { "type": "Point", "coordinates": [ -61.842429269095476, -23.903739149741909 ] } },
{ "type": "Feature", "properties": { "nombre": "Junta Bartolomé de las Casas", "tipo": "Junta", "codigo_indec": "349049", "provincia": "IGN" }, "geometry": { "type": "Point", "coordinates": [ -59.570759592681043, -25.408047923672711 ] } },
{ "type": "Feature", "properties": { "nombre": "Junta Colonia Sarmiento", "tipo": "Junta", "codigo_indec": "349056", "provincia": "IGN" }, "geometry": { "type": "Point", "coordinates": [ -59.434058606419512, -24.643921201801959 ] } },
{ "type": "Feature", "properties": { "nombre": "Municipio Comandante Fontana", "tipo": "Municipio", "codigo_indec": "340091", "provincia": "IGN" }, "geometry": { "type": "Point", "coordinates": [ -59.680989768363077, -25.330640381148612 ] } },
{ "type": "Feature", "properties": { "nombre": "Junta El Recreo", "tipo": "Junta", "codigo_indec": "349063", "provincia": "IGN" }, "geometry": { "type": "Point", "coordinates": [ -59.285111845934921, -25.03850763032284 ] } },
{ "type": "Feature", "properties": { "nombre": "Municipio Estanislao del Campo", "tipo": "Municipio", "codigo_indec": "340098", "provincia": "IGN" }, "geometry": { "type": "Point", "coordinates": [ -60.090638520950961, -25.053546273441725 ] } },
{ "type": "Feature", "properties": { "nombre": "Comisión Fortín Lugones", "tipo": "Comisión", "codigo_indec": "345042", "provincia": "IGN" }, "geometry": { "type": "Point", "coordinates": [ -59.827678600087268, -24.286422629200956 ] } },
{ "type": "Feature", "properties": { "nombre": "Junta Fortín Sargento 1º Leyes", "tipo": "Junta", "codigo_indec": "349070", "provincia": "IGN" }, "geometry": { "type": "Point", "coordinates": [ -59.385116204749011, -24.554111790626564 ] } },
{ "type": "Feature", "properties": { "nombre": "Municipio Ibarreta", "tipo": "Municipio", "codigo_indec": "340126", "provincia": "IGN" }, "geometry": { "type": "Point", "coordinates": [ -59.858892436936401, -25.214499757557746 ] } },
{ "type": "Feature", "properties": { "nombre": "Junta Juan G. Bazán", "tipo": "Junta", "codigo_indec": "349077", "provincia": "IGN" }, "geometry": { "type": "Point", "coordinates": [ -60.832908644118618, -24.542999229630709 ] } },
{ "type": "Feature", "properties": { "nombre": "Municipio Pirané", "tipo": "Municipio", "codigo_indec": "340245", "provincia": "IGN" }, "geometry": { "type": "Point", "coordinates": [ -59.10980806339137, -25.7326498192337 ] } },
{ "type": "Feature", "properties": { "nombre": "Municipio Las Lomitas", "tipo": "Municipio", "codigo_indec": "340133", "provincia": "IGN" }, "geometry": { "type": "Point", "coordinates": [ -60.591376883136604, -24.708135605373855 ] } },
{ "type": "Feature", "properties": { "nombre": "Junta Posta Cambio Zalazar", "tipo": "Junta", "codigo_indec": "349084", "provincia": "IGN" }, "geometry": { "type": "Point", "coordinates": [ -60.197262427818771, -24.210788935560856 ] } },
{ "type": "Feature", "properties": { "nombre": "Municipio Pozo del Tigre", "tipo": "Municipio", "codigo_indec": "340140", "provincia": "IGN" }, "geometry": { "type": "Point", "coordinates": [ -60.319184515852669, -24.895553545459734 ] } },
{ "type": "Feature", "properties": { "nombre": "Junta San Martín I", "tipo": "Junta", "codigo_indec": "349091", "provincia": "IGN" }, "geometry": { "type": "Point", "coordinates": [ -59.902120592191523, -24.532466119815524 ] } },
{ "type": "Feature", "properties": { "nombre": "Municipio San Martín Dos", "tipo": "Municipio", "codigo_indec": "340147", "provincia": "IGN" }, "geometry": { "type": "Point", "coordinates": [ -59.654904791223089, -24.43373410294646 ] } },
{ "type": "Feature", "properties": { "nombre": "Comisión Subteniente Perín", "tipo": "Comisión", "codigo_indec": "345049", "provincia": "IGN" }, "geometry": { "type": "Point", "coordinates": [ -60.018824327180937, -25.535408824557578 ] } },
{ "type": "Feature", "properties": { "nombre": "Municipio Villa General Güemes", "tipo": "Municipio", "codigo_indec": "340119", "provincia": "IGN" }, "geometry": { "type": "Point", "coordinates": [ -59.488510059791395, -24.755783305255306 ] } },
{ "type": "Feature", "properties": { "nombre": "Municipio General Manuel Belgrano", "tipo": "Municipio", "codigo_indec": "340112", "provincia": "IGN" }, "geometry": { "type": "Point", "coordinates": [ -59.026389293131331, -24.938533856552169 ] } },
{ "type": "Feature", "properties": { "nombre": "Comisión Buena Vista", "tipo": "Comisión", "codigo_indec": "345056", "provincia": "IGN" }, "geometry": { "type": "Point", "coordinates": [ -58.385528601663623, -25.071500408916677 ] } },
{ "type": "Feature", "properties": { "nombre": "Municipio El Espinillo", "tipo": "Municipio", "codigo_indec": "340168", "provincia": "IGN" }, "geometry": { "type": "Point", "coordinates": [ -58.552561590944606, -24.981482852351689 ] } },
{ "type": "Feature", "properties": { "nombre": "Junta Laguna Gallo", "tipo": "Junta", "codigo_indec": "349098", "provincia": "IGN" }, "geometry": { "type": "Point", "coordinates": [ -58.742320086802522, -25.269085714434141 ] } },
{ "type": "Feature", "properties": { "nombre": "Municipio Misión Tacaaglé", "tipo": "Municipio", "codigo_indec": "340175", "provincia": "IGN" }, "geometry": { "type": "Point", "coordinates": [ -58.819934389760249, -24.980999991056706 ] } },
{ "type": "Feature", "properties": { "nombre": "Junta Portón Negro", "tipo": "Junta", "codigo_indec": "349105", "provincia": "IGN" }, "geometry": { "type": "Point", "coordinates": [ -58.742546183559455, -24.966091465448699 ] } },
{ "type": "Feature", "properties": { "nombre": "Comisión Tres Lagunas", "tipo": "Comisión", "codigo_indec": "345063", "provincia": "IGN" }, "geometry": { "type": "Point", "coordinates": [ -58.513078609290346, -25.216124036594977 ] } },
{ "type": "Feature", "properties": { "nombre": "Municipio Clorinda", "tipo": "Municipio", "codigo_indec": "340189", "provincia": "IGN" }, "geometry": { "type": "Point", "coordinates": [ -57.722408199378833, -25.286080880328313 ] } },
{ "type": "Feature", "properties": { "nombre": "Municipio Laguna Blanca", "tipo": "Municipio", "codigo_indec": "340196", "provincia": "IGN" }, "geometry": { "type": "Point", "coordinates": [ -58.240457282477564, -25.12626429576062 ] } },
{ "type": "Feature", "properties": { "nombre": "Municipio Laguna Naick Neck", "tipo": "Municipio", "codigo_indec": "340203", "provincia": "IGN" }, "geometry": { "type": "Point", "coordinates": [ -58.121015820523667, -25.222736890095348 ] } },
{ "type": "Feature", "properties": { "nombre": "Junta Palma Sola", "tipo": "Junta", "codigo_indec": "349112", "provincia": "IGN" }, "geometry": { "type": "Point", "coordinates": [ -57.976269481251506, -25.247972715668254 ] } },
{ "type": "Feature", "properties": { "nombre": "Municipio Riacho He He", "tipo": "Municipio", "codigo_indec": "340210", "provincia": "IGN" }, "geometry": { "type": "Point", "coordinates": [ -58.279795911252279, -25.360656780585884 ] } },
{ "type": "Feature", "properties": { "nombre": "Junta Riacho Negro", "tipo": "Junta", "codigo_indec": "349119", "provincia": "IGN" }, "geometry": { "type": "Point", "coordinates": [ -57.793279659028997, -25.423970865662852 ] } },
{ "type": "Feature", "properties": { "nombre": "Comisión Siete Palmas", "tipo": "Comisión", "codigo_indec": "345070", "provincia": "IGN" }, "geometry": { "type": "Point", "coordinates": [ -58.332003225168648, -25.203691142232401 ] } },
{ "type": "Feature", "properties": { "nombre": "Municipio Mayor Villafañe", "tipo": "Municipio", "codigo_indec": "340231", "provincia": "IGN" }, "geometry": { "type": "Point", "coordinates": [ -59.080025184614556, -26.204686883093132 ] } },
{ "type": "Feature", "properties": { "nombre": "Municipio El Colorado", "tipo": "Municipio", "codigo_indec": "340224", "provincia": "IGN" }, "geometry": { "type": "Point", "coordinates": [ -59.372308045779675, -26.309061021648802 ] } },
{ "type": "Feature", "properties": { "nombre": "Municipio Palo Santo", "tipo": "Municipio", "codigo_indec": "340238", "provincia": "IGN" }, "geometry": { "type": "Point", "coordinates": [ -59.337719094660429, -25.564593878104972 ] } },
{ "type": "Feature", "properties": { "nombre": "Municipio Villa Dos Trece", "tipo": "Municipio", "codigo_indec": "340252", "provincia": "IGN" }, "geometry": { "type": "Point", "coordinates": [ -59.367155479042083, -26.187165694740997 ] } },
{ "type": "Feature", "properties": { "nombre": "Junta El Potrillo", "tipo": "Junta", "codigo_indec": "349126", "provincia": "IGN" }, "geometry": { "type": "Point", "coordinates": [ -62.008962863944987, -23.162440210747093 ] } },
{ "type": "Feature", "properties": { "nombre": "Municipio El Chorro", "tipo": "Municipio", "codigo_indec": "340259", "provincia": "IGN" }, "geometry": { "type": "Point", "coordinates": [ -62.306572014786639, -23.183829530708238 ] } },
{ "type": "Feature", "properties": { "nombre": "Comisión Abdón Castro Tolay", "tipo": "Comisión", "codigo_indec": "386007", "provincia": "IGN" }, "geometry": { "type": "Point", "coordinates": [ -66.089744998332947, -23.342641372001651 ] } },
{ "type": "Feature", "properties": { "nombre": "Municipio Abra Pampa", "tipo": "Municipio", "codigo_indec": "380014", "provincia": "IGN" }, "geometry": { "type": "Point", "coordinates": [ -65.697039178115517, -22.72269227073167 ] } },
{ "type": "Feature", "properties": { "nombre": "Comisión Abralaite", "tipo": "Comisión", "codigo_indec": "386014", "provincia": "IGN" }, "geometry": { "type": "Point", "coordinates": [ -65.793877601370184, -23.169146968757559 ] } },
{ "type": "Feature", "properties": { "nombre": "Comisión Puesto del Marquez", "tipo": "Comisión", "codigo_indec": "386021", "provincia": "IGN" }, "geometry": { "type": "Point", "coordinates": [ -65.696865913830834, -22.534114228588749 ] } },
{ "type": "Feature", "properties": { "nombre": "Municipio Aguas Calientes", "tipo": "Municipio", "codigo_indec": "380049", "provincia": "IGN" }, "geometry": { "type": "Point", "coordinates": [ -64.923249881177014, -24.584432478376129 ] } },
{ "type": "Feature", "properties": { "nombre": "Municipio Monterrico", "tipo": "Municipio", "codigo_indec": "380063", "provincia": "IGN" }, "geometry": { "type": "Point", "coordinates": [ -65.165603591032834, -24.440541884500306 ] } },
{ "type": "Feature", "properties": { "nombre": "Municipio Perico", "tipo": "Municipio", "codigo_indec": "380077", "provincia": "IGN" }, "geometry": { "type": "Point", "coordinates": [ -65.120142488385113, -24.383744786092961 ] } },
{ "type": "Feature", "properties": { "nombre": "Municipio El Carmen", "tipo": "Municipio", "codigo_indec": "380056", "provincia": "IGN" }, "geometry": { "type": "Point", "coordinates": [ -65.261542319022738, -24.38928597866493 ] } },
{ "type": "Feature", "properties": { "nombre": "Municipio Puesto Viejo", "tipo": "Municipio", "codigo_indec": "380074", "provincia": "IGN" }, "geometry": { "type": "Point", "coordinates": [ -64.967592658874082, -24.481673004205732 ] } },
{ "type": "Feature", "properties": { "nombre": "Municipio Pampa Blanca", "tipo": "Municipio", "codigo_indec": "380070", "provincia": "IGN" }, "geometry": { "type": "Point", "coordinates": [ -65.072552266873572, -24.535175925528506 ] } },
{ "type": "Feature", "properties": { "nombre": "Municipio San Salvador de Jujuy", "tipo": "Municipio", "codigo_indec": "380035", "provincia": "IGN" }, "geometry": { "type": "Point", "coordinates": [ -65.299483080279913, -24.185828671256104 ] } },
{ "type": "Feature", "properties": { "nombre": "Municipio Yala", "tipo": "Municipio", "codigo_indec": "380042", "provincia": "IGN" }, "geometry": { "type": "Point", "coordinates": [ -65.402072628448991, -24.119709941560529 ] } },
{ "type": "Feature", "properties": { "nombre": "Municipio Humahuaca", "tipo": "Municipio", "codigo_indec": "380105", "provincia": "IGN" }, "geometry": { "type": "Point", "coordinates": [ -65.348001150332777, -23.207942392627274 ] } },
{ "type": "Feature", "properties": { "nombre": "Municipio El Aguilar", "tipo": "Municipio", "codigo_indec": "380091", "provincia": "IGN" }, "geometry": { "type": "Point", "coordinates": [ -65.678927773697751, -23.213339178360343 ] } },
{ "type": "Feature", "properties": { "nombre": "Comisión Hipólito Yrigoyen", "tipo": "Comisión", "codigo_indec": "386056", "provincia": "IGN" }, "geometry": { "type": "Point", "coordinates": [ -65.352660192513838, -22.978732536177574 ] } },
{ "type": "Feature", "properties": { "nombre": "Comisión Tres Cruces", "tipo": "Comisión", "codigo_indec": "386063", "provincia": "IGN" }, "geometry": { "type": "Point", "coordinates": [ -65.587585190204322, -22.918210554673294 ] } },
{ "type": "Feature", "properties": { "nombre": "Municipio Libertador General San Martín", "tipo": "Municipio", "codigo_indec": "380140", "provincia": "IGN" }, "geometry": { "type": "Point", "coordinates": [ -64.792799111189993, -23.815219837625364 ] } },
{ "type": "Feature", "properties": { "nombre": "Municipio Calilegua", "tipo": "Municipio", "codigo_indec": "380126", "provincia": "IGN" }, "geometry": { "type": "Point", "coordinates": [ -64.770037041775993, -23.774568856967107 ] } },
{ "type": "Feature", "properties": { "nombre": "Municipio Yuto", "tipo": "Municipio", "codigo_indec": "380147", "provincia": "IGN" }, "geometry": { "type": "Point", "coordinates": [ -64.471641953613243, -23.642801891394129 ] } },
{ "type": "Feature", "properties": { "nombre": "Municipio Caimancito", "tipo": "Municipio", "codigo_indec": "380119", "provincia": "IGN" }, "geometry": { "type": "Point", "coordinates": [ -64.591600525743615, -23.739937474934493 ] } },
{ "type": "Feature", "properties": { "nombre": "Municipio Fraile Pintado", "tipo": "Municipio", "codigo_indec": "380133", "provincia": "IGN" }, "geometry": { "type": "Point", "coordinates": [ -64.801590992330375, -23.940888954561558 ] } },
{ "type": "Feature", "properties": { "nombre": "Comuna Díaz", "tipo": "Comuna", "codigo_indec": "823771", "provincia": "IGN" }, "geometry": { "type": "Point", "coordinates": [ -61.086448414762515, -32.370580822247121 ] } },
{ "type": "Feature", "properties": { "nombre": "Municipio Palpalá", "tipo": "Municipio", "codigo_indec": "380154", "provincia": "IGN" }, "geometry": { "type": "Point", "coordinates": [ -65.213486764002937, -24.257893809151938 ] } },
{ "type": "Feature", "properties": { "nombre": "Comisión Rinconada", "tipo": "Comisión", "codigo_indec": "386077", "provincia": "IGN" }, "geometry": { "type": "Point", "coordinates": [ -66.167150510187867, -22.44070019975436 ] } },
{ "type": "Feature", "properties": { "nombre": "Comuna La Playa", "tipo": "Comuna", "codigo_indec": "142385", "provincia": "IGN" }, "geometry": { "type": "Point", "coordinates": [ -65.361267200021246, -31.009668975542752 ] } },
{ "type": "Feature", "properties": { "nombre": "Comisión Mina Pirquitas", "tipo": "Comisión", "codigo_indec": "386070", "provincia": "IGN" }, "geometry": { "type": "Point", "coordinates": [ -66.498268867214392, -22.694808620721233 ] } },
{ "type": "Feature", "properties": { "nombre": "Municipio San Antonio", "tipo": "Municipio", "codigo_indec": "380161", "provincia": "IGN" }, "geometry": { "type": "Point", "coordinates": [ -65.331696619703223, -24.370454675942483 ] } },
{ "type": "Feature", "properties": { "nombre": "Comisión Arrayanal", "tipo": "Comisión", "codigo_indec": "386091", "provincia": "IGN" }, "geometry": { "type": "Point", "coordinates": [ -64.840231354193577, -24.178567065717459 ] } },
{ "type": "Feature", "properties": { "nombre": "Municipio La Esperanza", "tipo": "Municipio", "codigo_indec": "380196", "provincia": "IGN" }, "geometry": { "type": "Point", "coordinates": [ -64.838539500997115, -24.224656083111711 ] } },
{ "type": "Feature", "properties": { "nombre": "Municipio San Pedro de Jujuy", "tipo": "Municipio", "codigo_indec": "380224", "provincia": "IGN" }, "geometry": { "type": "Point", "coordinates": [ -64.867816066857984, -24.231728278836954 ] } },
{ "type": "Feature", "properties": { "nombre": "Comisión Rosario de Río Grande", "tipo": "Comisión", "codigo_indec": "386112", "provincia": "IGN" }, "geometry": { "type": "Point", "coordinates": [ -64.931641725884901, -24.308524563857475 ] } },
{ "type": "Feature", "properties": { "nombre": "Municipio La Mendieta", "tipo": "Municipio", "codigo_indec": "380203", "provincia": "IGN" }, "geometry": { "type": "Point", "coordinates": [ -64.966779252660331, -24.314445890865102 ] } },
{ "type": "Feature", "properties": { "nombre": "Comisión Rodeito", "tipo": "Comisión", "codigo_indec": "386105", "provincia": "IGN" }, "geometry": { "type": "Point", "coordinates": [ -64.769409779038028, -24.271549860637492 ] } },
{ "type": "Feature", "properties": { "nombre": "Comisión El Fuerte", "tipo": "Comisión", "codigo_indec": "386098", "provincia": "IGN" }, "geometry": { "type": "Point", "coordinates": [ -64.414125102591356, -24.260514435392849 ] } },
{ "type": "Feature", "properties": { "nombre": "Comisión El Piquete", "tipo": "Comisión", "codigo_indec": "386119", "provincia": "IGN" }, "geometry": { "type": "Point", "coordinates": [ -64.679017440802227, -24.178433510997706 ] } },
{ "type": "Feature", "properties": { "nombre": "Municipio El Talar", "tipo": "Municipio", "codigo_indec": "380238", "provincia": "IGN" }, "geometry": { "type": "Point", "coordinates": [ -64.359888823710207, -23.55635852302737 ] } },
{ "type": "Feature", "properties": { "nombre": "Municipio Palma Sola", "tipo": "Municipio", "codigo_indec": "380245", "provincia": "IGN" }, "geometry": { "type": "Point", "coordinates": [ -64.304561725643111, -23.977738240127621 ] } },
{ "type": "Feature", "properties": { "nombre": "Municipio Santa Clara", "tipo": "Municipio", "codigo_indec": "380252", "provincia": "IGN" }, "geometry": { "type": "Point", "coordinates": [ -64.661845869291369, -24.309370135223503 ] } },
{ "type": "Feature", "properties": { "nombre": "Comisión Vinalito", "tipo": "Comisión", "codigo_indec": "386126", "provincia": "IGN" }, "geometry": { "type": "Point", "coordinates": [ -64.41366010992607, -23.667918562191858 ] } },
{ "type": "Feature", "properties": { "nombre": "Comisión Cieneguillas", "tipo": "Comisión", "codigo_indec": "386133", "provincia": "IGN" }, "geometry": { "type": "Point", "coordinates": [ -65.86682231040129, -22.100628976645908 ] } },
{ "type": "Feature", "properties": { "nombre": "Comisión Santa Catalina", "tipo": "Comisión", "codigo_indec": "386147", "provincia": "IGN" }, "geometry": { "type": "Point", "coordinates": [ -66.051768430568586, -21.947108680621056 ] } },
{ "type": "Feature", "properties": { "nombre": "Comisión Catua", "tipo": "Comisión", "codigo_indec": "386154", "provincia": "IGN" }, "geometry": { "type": "Point", "coordinates": [ -67.004496869235084, -23.870126941505077 ] } },
{ "type": "Feature", "properties": { "nombre": "Comisión Susques", "tipo": "Comisión", "codigo_indec": "386168", "provincia": "IGN" }, "geometry": { "type": "Point", "coordinates": [ -66.36735061344001, -23.397540582531803 ] } },
{ "type": "Feature", "properties": { "nombre": "Comisión Coranzuli", "tipo": "Comisión", "codigo_indec": "386161", "provincia": "IGN" }, "geometry": { "type": "Point", "coordinates": [ -66.366647572027773, -23.013785240696279 ] } },
{ "type": "Feature", "properties": { "nombre": "Comisión Huacalera", "tipo": "Comisión", "codigo_indec": "386175", "provincia": "IGN" }, "geometry": { "type": "Point", "coordinates": [ -65.350011327560651, -23.439038897227306 ] } },
{ "type": "Feature", "properties": { "nombre": "Municipio Tilcara", "tipo": "Municipio", "codigo_indec": "380329", "provincia": "IGN" }, "geometry": { "type": "Point", "coordinates": [ -65.393372926019708, -23.57689515888444 ] } },
{ "type": "Feature", "properties": { "nombre": "Municipio Maimará", "tipo": "Municipio", "codigo_indec": "380322", "provincia": "IGN" }, "geometry": { "type": "Point", "coordinates": [ -65.40881586206234, -23.624541034041442 ] } },
{ "type": "Feature", "properties": { "nombre": "Comisión Volcán", "tipo": "Comisión", "codigo_indec": "386203", "provincia": "IGN" }, "geometry": { "type": "Point", "coordinates": [ -65.464047605012922, -23.917153341153721 ] } },
{ "type": "Feature", "properties": { "nombre": "Comisión Purmamarca", "tipo": "Comisión", "codigo_indec": "386189", "provincia": "IGN" }, "geometry": { "type": "Point", "coordinates": [ -65.499200142372615, -23.74659448874462 ] } },
{ "type": "Feature", "properties": { "nombre": "Comisión Tumbaya", "tipo": "Comisión", "codigo_indec": "386196", "provincia": "IGN" }, "geometry": { "type": "Point", "coordinates": [ -65.467558523207231, -23.857699038379849 ] } },
{ "type": "Feature", "properties": { "nombre": "Comuna Margarita", "tipo": "Comuna", "codigo_indec": "824191", "provincia": "IGN" }, "geometry": { "type": "Point", "coordinates": [ -60.253184395043775, -29.68764960214736 ] } },
{ "type": "Feature", "properties": { "nombre": "Comisión Valle Grande", "tipo": "Comisión", "codigo_indec": "386238", "provincia": "IGN" }, "geometry": { "type": "Point", "coordinates": [ -64.946769889318887, -23.475818565374425 ] } },
{ "type": "Feature", "properties": { "nombre": "Comisión Caspalá", "tipo": "Comisión", "codigo_indec": "386210", "provincia": "IGN" }, "geometry": { "type": "Point", "coordinates": [ -65.09243811732523, -23.36337183963866 ] } },
{ "type": "Feature", "properties": { "nombre": "Comisión Pampichuela", "tipo": "Comisión", "codigo_indec": "386217", "provincia": "IGN" }, "geometry": { "type": "Point", "coordinates": [ -65.008179102383622, -23.554591595325803 ] } },
{ "type": "Feature", "properties": { "nombre": "Comisión San Francisco", "tipo": "Comisión", "codigo_indec": "386224", "provincia": "IGN" }, "geometry": { "type": "Point", "coordinates": [ -64.950618680107937, -23.622082726436645 ] } },
{ "type": "Feature", "properties": { "nombre": "Comisión Santa Ana", "tipo": "Comisión", "codigo_indec": "386231", "provincia": "IGN" }, "geometry": { "type": "Point", "coordinates": [ -64.989155262905001, -23.355999004150704 ] } },
{ "type": "Feature", "properties": { "nombre": "Comisión Yavi", "tipo": "Comisión", "codigo_indec": "386273", "provincia": "IGN" }, "geometry": { "type": "Point", "coordinates": [ -65.462530810248666, -22.130724484047676 ] } },
{ "type": "Feature", "properties": { "nombre": "Comisión Barrios", "tipo": "Comisión", "codigo_indec": "386245", "provincia": "IGN" }, "geometry": { "type": "Point", "coordinates": [ -65.529268377833318, -22.247072172043033 ] } },
{ "type": "Feature", "properties": { "nombre": "Comisión Cangrejillos", "tipo": "Comisión", "codigo_indec": "386252", "provincia": "IGN" }, "geometry": { "type": "Point", "coordinates": [ -65.580994619206251, -22.424232323462888 ] } },
{ "type": "Feature", "properties": { "nombre": "Comisión El Cóndor", "tipo": "Comisión", "codigo_indec": "386259", "provincia": "IGN" }, "geometry": { "type": "Point", "coordinates": [ -65.3379898487525, -22.388319412011185 ] } },
{ "type": "Feature", "properties": { "nombre": "Comisión Pumahuasi", "tipo": "Comisión", "codigo_indec": "386266", "provincia": "IGN" }, "geometry": { "type": "Point", "coordinates": [ -65.68007385802207, -22.289972822987352 ] } },
{ "type": "Feature", "properties": { "nombre": "Municipio La Quiaca", "tipo": "Municipio", "codigo_indec": "380406", "provincia": "IGN" }, "geometry": { "type": "Point", "coordinates": [ -65.59637347495584, -22.10445178242378 ] } },
{ "type": "Feature", "properties": { "nombre": "Municipio Azara", "tipo": "Municipio", "codigo_indec": "540014", "provincia": "IGN" }, "geometry": { "type": "Point", "coordinates": [ -55.677070904098912, -28.060707930426588 ] } },
{ "type": "Feature", "properties": { "nombre": "Municipio Apóstoles", "tipo": "Municipio", "codigo_indec": "540007", "provincia": "IGN" }, "geometry": { "type": "Point", "coordinates": [ -55.7548578409166, -27.914135934126023 ] } },
{ "type": "Feature", "properties": { "nombre": "Municipio San José", "tipo": "Municipio", "codigo_indec": "540021", "provincia": "IGN" }, "geometry": { "type": "Point", "coordinates": [ -55.780303709448617, -27.769994402419684 ] } },
{ "type": "Feature", "properties": { "nombre": "Municipio Tres Capones", "tipo": "Municipio", "codigo_indec": "540028", "provincia": "IGN" }, "geometry": { "type": "Point", "coordinates": [ -55.609404149781653, -28.00425311129203 ] } },
{ "type": "Feature", "properties": { "nombre": "Municipio Aristóbulo del Valle", "tipo": "Municipio", "codigo_indec": "540035", "provincia": "IGN" }, "geometry": { "type": "Point", "coordinates": [ -54.893417614531245, -27.095675651010424 ] } },
{ "type": "Feature", "properties": { "nombre": "Municipio Campo Grande", "tipo": "Municipio", "codigo_indec": "540042", "provincia": "IGN" }, "geometry": { "type": "Point", "coordinates": [ -54.97970240004571, -27.207959475349469 ] } },
{ "type": "Feature", "properties": { "nombre": "Municipio Dos de Mayo", "tipo": "Municipio", "codigo_indec": "540049", "provincia": "IGN" }, "geometry": { "type": "Point", "coordinates": [ -54.608156134697822, -27.013338352383016 ] } },
{ "type": "Feature", "properties": { "nombre": "Municipio Bonpland", "tipo": "Municipio", "codigo_indec": "540056", "provincia": "IGN" }, "geometry": { "type": "Point", "coordinates": [ -55.480094607779904, -27.485403777262491 ] } },
{ "type": "Feature", "properties": { "nombre": "Municipio Candelaria", "tipo": "Municipio", "codigo_indec": "540063", "provincia": "IGN" }, "geometry": { "type": "Point", "coordinates": [ -55.743963235115189, -27.461217918272268 ] } },
{ "type": "Feature", "properties": { "nombre": "Municipio Cerro Corá", "tipo": "Municipio", "codigo_indec": "540070", "provincia": "IGN" }, "geometry": { "type": "Point", "coordinates": [ -55.60960549989386, -27.511917190525878 ] } },
{ "type": "Feature", "properties": { "nombre": "Municipio Mártires", "tipo": "Municipio", "codigo_indec": "540084", "provincia": "IGN" }, "geometry": { "type": "Point", "coordinates": [ -55.377295143456081, -27.423131947081629 ] } },
{ "type": "Feature", "properties": { "nombre": "Municipio Profundidad", "tipo": "Municipio", "codigo_indec": "540091", "provincia": "IGN" }, "geometry": { "type": "Point", "coordinates": [ -55.704565396775592, -27.561719381843943 ] } },
{ "type": "Feature", "properties": { "nombre": "Municipio Santa Ana", "tipo": "Municipio", "codigo_indec": "540098", "provincia": "IGN" }, "geometry": { "type": "Point", "coordinates": [ -55.581709700042609, -27.369213783589203 ] } },
{ "type": "Feature", "properties": { "nombre": "Municipio Loreto", "tipo": "Municipio", "codigo_indec": "540077", "provincia": "IGN" }, "geometry": { "type": "Point", "coordinates": [ -55.52224945814595, -27.332945175879104 ] } },
{ "type": "Feature", "properties": { "nombre": "Municipio Garupá", "tipo": "Municipio", "codigo_indec": "540112", "provincia": "IGN" }, "geometry": { "type": "Point", "coordinates": [ -55.829701655506938, -27.483777106927903 ] } },
{ "type": "Feature", "properties": { "nombre": "Municipio Posadas", "tipo": "Municipio", "codigo_indec": "540119", "provincia": "IGN" }, "geometry": { "type": "Point", "coordinates": [ -55.893980275169497, -27.366425979675171 ] } },
{ "type": "Feature", "properties": { "nombre": "Municipio Concepción de la Sierra", "tipo": "Municipio", "codigo_indec": "540126", "provincia": "IGN" }, "geometry": { "type": "Point", "coordinates": [ -55.521588221719014, -27.980578390080609 ] } },
{ "type": "Feature", "properties": { "nombre": "Municipio Santa María", "tipo": "Municipio", "codigo_indec": "540133", "provincia": "IGN" }, "geometry": { "type": "Point", "coordinates": [ -55.407334404559094, -27.934514129223658 ] } },
{ "type": "Feature", "properties": { "nombre": "Municipio Colonia Victoria", "tipo": "Municipio", "codigo_indec": "540147", "provincia": "IGN" }, "geometry": { "type": "Point", "coordinates": [ -54.624609625433834, -26.333687024136793 ] } },
{ "type": "Feature", "properties": { "nombre": "Municipio Colonia Delicia", "tipo": "Municipio", "codigo_indec": "540140", "provincia": "IGN" }, "geometry": { "type": "Point", "coordinates": [ -54.591216448879948, -26.181728708413118 ] } },
{ "type": "Feature", "properties": { "nombre": "Municipio 9 de Julio", "tipo": "Municipio", "codigo_indec": "540161", "provincia": "IGN" }, "geometry": { "type": "Point", "coordinates": [ -54.466472426761072, -26.430280528723358 ] } },
{ "type": "Feature", "properties": { "nombre": "Municipio Eldorado", "tipo": "Municipio", "codigo_indec": "540154", "provincia": "IGN" }, "geometry": { "type": "Point", "coordinates": [ -54.682964257894128, -26.427338969517791 ] } },
{ "type": "Feature", "properties": { "nombre": "Municipio Santiago de Liniers", "tipo": "Municipio", "codigo_indec": "540168", "provincia": "IGN" }, "geometry": { "type": "Point", "coordinates": [ -54.415647354641635, -26.401189919279318 ] } },
{ "type": "Feature", "properties": { "nombre": "Municipio Comandante Andresito", "tipo": "Municipio", "codigo_indec": "540182", "provincia": "IGN" }, "geometry": { "type": "Point", "coordinates": [ -54.049861747021964, -25.667164843582611 ] } },
{ "type": "Feature", "properties": { "nombre": "Municipio Bernardo de Irigoyen", "tipo": "Municipio", "codigo_indec": "540175", "provincia": "IGN" }, "geometry": { "type": "Point", "coordinates": [ -53.646734573941387, -26.255330196831096 ] } },
{ "type": "Feature", "properties": { "nombre": "Municipio San Antonio", "tipo": "Municipio", "codigo_indec": "540189", "provincia": "IGN" }, "geometry": { "type": "Point", "coordinates": [ -53.734119528893075, -26.057370901046227 ] } },
{ "type": "Feature", "properties": { "nombre": "Municipio El Soberbio", "tipo": "Municipio", "codigo_indec": "540196", "provincia": "IGN" }, "geometry": { "type": "Point", "coordinates": [ -54.197545617436276, -27.297511035605737 ] } },
{ "type": "Feature", "properties": { "nombre": "Municipio San Vicente", "tipo": "Municipio", "codigo_indec": "540203", "provincia": "IGN" }, "geometry": { "type": "Point", "coordinates": [ -54.486618971788062, -26.993297386864867 ] } },
{ "type": "Feature", "properties": { "nombre": "Municipio Libertad", "tipo": "Municipio", "codigo_indec": "540224", "provincia": "IGN" }, "geometry": { "type": "Point", "coordinates": [ -54.584317605573005, -25.921468152133457 ] } },
{ "type": "Feature", "properties": { "nombre": "Municipio Puerto Iguazú", "tipo": "Municipio", "codigo_indec": "540217", "provincia": "IGN" }, "geometry": { "type": "Point", "coordinates": [ -54.577223001440302, -25.597210097967604 ] } },
{ "type": "Feature", "properties": { "nombre": "Municipio Puerto Esperanza", "tipo": "Municipio", "codigo_indec": "540210", "provincia": "IGN" }, "geometry": { "type": "Point", "coordinates": [ -54.615201170897251, -26.020612397544085 ] } },
{ "type": "Feature", "properties": { "nombre": "Municipio Colonia Wanda", "tipo": "Municipio", "codigo_indec": "540231", "provincia": "IGN" }, "geometry": { "type": "Point", "coordinates": [ -54.563039701720811, -25.973366376257218 ] } },
{ "type": "Feature", "properties": { "nombre": "Municipio Almafuerte", "tipo": "Municipio", "codigo_indec": "540238", "provincia": "IGN" }, "geometry": { "type": "Point", "coordinates": [ -55.40352366588445, -27.508117890328322 ] } },
{ "type": "Feature", "properties": { "nombre": "Municipio Caá Yarí", "tipo": "Municipio", "codigo_indec": "540252", "provincia": "IGN" }, "geometry": { "type": "Point", "coordinates": [ -55.298960961978764, -27.484875305950538 ] } },
{ "type": "Feature", "properties": { "nombre": "Municipio Cerro Azul", "tipo": "Municipio", "codigo_indec": "540259", "provincia": "IGN" }, "geometry": { "type": "Point", "coordinates": [ -55.497415991055107, -27.633575241204369 ] } },
{ "type": "Feature", "properties": { "nombre": "Municipio Dos Arroyos", "tipo": "Municipio", "codigo_indec": "540266", "provincia": "IGN" }, "geometry": { "type": "Point", "coordinates": [ -55.25182176845982, -27.699075224741762 ] } },
{ "type": "Feature", "properties": { "nombre": "Municipio Gobernador López", "tipo": "Municipio", "codigo_indec": "540273", "provincia": "IGN" }, "geometry": { "type": "Point", "coordinates": [ -55.213470974805603, -27.666356573896735 ] } },
{ "type": "Feature", "properties": { "nombre": "Municipio Leandro N. Alem", "tipo": "Municipio", "codigo_indec": "540280", "provincia": "IGN" }, "geometry": { "type": "Point", "coordinates": [ -55.323619338261835, -27.60373165099486 ] } },
{ "type": "Feature", "properties": { "nombre": "Municipio Olegario V. Andrade", "tipo": "Municipio", "codigo_indec": "540287", "provincia": "IGN" }, "geometry": { "type": "Point", "coordinates": [ -55.502279967146706, -27.567586745032202 ] } },
{ "type": "Feature", "properties": { "nombre": "Municipio Arroyo del Medio", "tipo": "Municipio", "codigo_indec": "540245", "provincia": "IGN" }, "geometry": { "type": "Point", "coordinates": [ -55.404864101796818, -27.698256628540548 ] } },
{ "type": "Feature", "properties": { "nombre": "Municipio Capioví", "tipo": "Municipio", "codigo_indec": "540294", "provincia": "IGN" }, "geometry": { "type": "Point", "coordinates": [ -55.057298118513302, -26.928315108855145 ] } },
{ "type": "Feature", "properties": { "nombre": "Municipio El Alcázar", "tipo": "Municipio", "codigo_indec": "540301", "provincia": "IGN" }, "geometry": { "type": "Point", "coordinates": [ -54.814047833140933, -26.713647148696907 ] } },
{ "type": "Feature", "properties": { "nombre": "Municipio Garuhapé", "tipo": "Municipio", "codigo_indec": "540308", "provincia": "IGN" }, "geometry": { "type": "Point", "coordinates": [ -54.957745425311089, -26.821125659721361 ] } },
{ "type": "Feature", "properties": { "nombre": "Municipio Puerto Rico", "tipo": "Municipio", "codigo_indec": "540322", "provincia": "IGN" }, "geometry": { "type": "Point", "coordinates": [ -55.022126841080819, -26.808591683359452 ] } },
{ "type": "Feature", "properties": { "nombre": "Municipio Ruiz de Montoya", "tipo": "Municipio", "codigo_indec": "540329", "provincia": "IGN" }, "geometry": { "type": "Point", "coordinates": [ -55.052222492374085, -26.970432633759003 ] } },
{ "type": "Feature", "properties": { "nombre": "Municipio Puerto Leoni", "tipo": "Municipio", "codigo_indec": "540315", "provincia": "IGN" }, "geometry": { "type": "Point", "coordinates": [ -55.165880966433406, -26.989846796992026 ] } },
{ "type": "Feature", "properties": { "nombre": "Municipio Montecarlo", "tipo": "Municipio", "codigo_indec": "540343", "provincia": "IGN" }, "geometry": { "type": "Point", "coordinates": [ -54.766126797813399, -26.56665372019296 ] } },
{ "type": "Feature", "properties": { "nombre": "Municipio Puerto Piray", "tipo": "Municipio", "codigo_indec": "540350", "provincia": "IGN" }, "geometry": { "type": "Point", "coordinates": [ -54.591418605684055, -26.516051106173563 ] } },
{ "type": "Feature", "properties": { "nombre": "Municipio Caraguatay", "tipo": "Municipio", "codigo_indec": "540336", "provincia": "IGN" }, "geometry": { "type": "Point", "coordinates": [ -54.745134647246118, -26.65012914774195 ] } },
{ "type": "Feature", "properties": { "nombre": "Municipio Colonia Alberdi", "tipo": "Municipio", "codigo_indec": "540371", "provincia": "IGN" }, "geometry": { "type": "Point", "coordinates": [ -55.231326503215485, -27.360031098456375 ] } },
{ "type": "Feature", "properties": { "nombre": "Municipio Campo Ramón", "tipo": "Municipio", "codigo_indec": "540357", "provincia": "IGN" }, "geometry": { "type": "Point", "coordinates": [ -55.022947769224118, -27.454268758796161 ] } },
{ "type": "Feature", "properties": { "nombre": "Municipio Campo Viera", "tipo": "Municipio", "codigo_indec": "540364", "provincia": "IGN" }, "geometry": { "type": "Point", "coordinates": [ -55.05425202930769, -27.330971609152414 ] } },
{ "type": "Feature", "properties": { "nombre": "Municipio General Alvear", "tipo": "Municipio", "codigo_indec": "540378", "provincia": "IGN" }, "geometry": { "type": "Point", "coordinates": [ -55.169603448340411, -27.42634683274008 ] } },
{ "type": "Feature", "properties": { "nombre": "Municipio Guaraní", "tipo": "Municipio", "codigo_indec": "540385", "provincia": "IGN" }, "geometry": { "type": "Point", "coordinates": [ -55.157646129864986, -27.52317650289325 ] } },
{ "type": "Feature", "properties": { "nombre": "Municipio Los Helechos", "tipo": "Municipio", "codigo_indec": "540392", "provincia": "IGN" }, "geometry": { "type": "Point", "coordinates": [ -55.076263385147058, -27.55766332520227 ] } },
{ "type": "Feature", "properties": { "nombre": "Municipio Oberá", "tipo": "Municipio", "codigo_indec": "540399", "provincia": "IGN" }, "geometry": { "type": "Point", "coordinates": [ -55.120056982843437, -27.486790955438209 ] } },
{ "type": "Feature", "properties": { "nombre": "Municipio Panambí", "tipo": "Municipio", "codigo_indec": "540406", "provincia": "IGN" }, "geometry": { "type": "Point", "coordinates": [ -54.914825779785872, -27.722028043059709 ] } },
{ "type": "Feature", "properties": { "nombre": "Municipio San Martín", "tipo": "Municipio", "codigo_indec": "540413", "provincia": "IGN" }, "geometry": { "type": "Point", "coordinates": [ -55.275544957733587, -27.466044159710179 ] } },
{ "type": "Feature", "properties": { "nombre": "Municipio Colonia Polana", "tipo": "Municipio", "codigo_indec": "540420", "provincia": "IGN" }, "geometry": { "type": "Point", "coordinates": [ -55.318225554465698, -26.981993391681613 ] } },
{ "type": "Feature", "properties": { "nombre": "Municipio Corpus Christi", "tipo": "Municipio", "codigo_indec": "540427", "provincia": "IGN" }, "geometry": { "type": "Point", "coordinates": [ -55.510831450510977, -27.129468519556497 ] } },
{ "type": "Feature", "properties": { "nombre": "Municipio San Ignacio", "tipo": "Municipio", "codigo_indec": "540462", "provincia": "IGN" }, "geometry": { "type": "Point", "coordinates": [ -55.538974794151386, -27.258613330041101 ] } },
{ "type": "Feature", "properties": { "nombre": "Municipio General Urquiza", "tipo": "Municipio", "codigo_indec": "540434", "provincia": "IGN" }, "geometry": { "type": "Point", "coordinates": [ -55.376616131928927, -27.107866319275161 ] } },
{ "type": "Feature", "properties": { "nombre": "Municipio Gobernador Roca", "tipo": "Municipio", "codigo_indec": "540441", "provincia": "IGN" }, "geometry": { "type": "Point", "coordinates": [ -55.469319313235701, -27.190061161693222 ] } },
{ "type": "Feature", "properties": { "nombre": "Municipio Hipólito Yrigoyen", "tipo": "Municipio", "codigo_indec": "540448", "provincia": "IGN" }, "geometry": { "type": "Point", "coordinates": [ -55.287419647398792, -27.085711124968384 ] } },
{ "type": "Feature", "properties": { "nombre": "Municipio Jardín América", "tipo": "Municipio", "codigo_indec": "540455", "provincia": "IGN" }, "geometry": { "type": "Point", "coordinates": [ -55.227018022163975, -27.043158789546453 ] } },
{ "type": "Feature", "properties": { "nombre": "Municipio Santo Pipó", "tipo": "Municipio", "codigo_indec": "540469", "provincia": "IGN" }, "geometry": { "type": "Point", "coordinates": [ -55.408509285175342, -27.140123991129258 ] } },
{ "type": "Feature", "properties": { "nombre": "Municipio Florentino Ameghino", "tipo": "Municipio", "codigo_indec": "540476", "provincia": "IGN" }, "geometry": { "type": "Point", "coordinates": [ -55.085526088358222, -27.633616944566313 ] } },
{ "type": "Feature", "properties": { "nombre": "Municipio Itacaruaré", "tipo": "Municipio", "codigo_indec": "540483", "provincia": "IGN" }, "geometry": { "type": "Point", "coordinates": [ -55.262214014764936, -27.871400566882585 ] } },
{ "type": "Feature", "properties": { "nombre": "Municipio Mojón Grande", "tipo": "Municipio", "codigo_indec": "540490", "provincia": "IGN" }, "geometry": { "type": "Point", "coordinates": [ -55.157433976197012, -27.712041381104825 ] } },
{ "type": "Feature", "properties": { "nombre": "Municipio San Javier", "tipo": "Municipio", "codigo_indec": "540497", "provincia": "IGN" }, "geometry": { "type": "Point", "coordinates": [ -55.138715236219127, -27.869480116813918 ] } },
{ "type": "Feature", "properties": { "nombre": "Municipio San Pedro", "tipo": "Municipio", "codigo_indec": "540504", "provincia": "IGN" }, "geometry": { "type": "Point", "coordinates": [ -54.116301907906688, -26.625531404650587 ] } },
{ "type": "Feature", "properties": { "nombre": "Municipio Alba Posse", "tipo": "Municipio", "codigo_indec": "540511", "provincia": "IGN" }, "geometry": { "type": "Point", "coordinates": [ -54.683040627422997, -27.568951128991387 ] } },
{ "type": "Feature", "properties": { "nombre": "Municipio Colonia Aurora", "tipo": "Municipio", "codigo_indec": "540518", "provincia": "IGN" }, "geometry": { "type": "Point", "coordinates": [ -54.524108784193004, -27.473724593914824 ] } },
{ "type": "Feature", "properties": { "nombre": "Municipio 25 de Mayo", "tipo": "Municipio", "codigo_indec": "540525", "provincia": "IGN" }, "geometry": { "type": "Point", "coordinates": [ -54.744877516684028, -27.378178704183824 ] } },
{ "type": "Feature", "properties": { "nombre": "Municipio Aluminé", "tipo": "Municipio", "codigo_indec": "580007", "provincia": "IGN" }, "geometry": { "type": "Point", "coordinates": [ -70.915952619018128, -39.238469802539328 ] } },
{ "type": "Feature", "properties": { "nombre": "Municipio Villa Pehuenia", "tipo": "Municipio", "codigo_indec": "580252", "provincia": "IGN" }, "geometry": { "type": "Point", "coordinates": [ -71.173153212250895, -38.882063027586582 ] } },
{ "type": "Feature", "properties": { "nombre": "Comisión Aguada San Roque", "tipo": "Comisión", "codigo_indec": "585014", "provincia": "IGN" }, "geometry": { "type": "Point", "coordinates": [ -68.922908596654395, -37.99867478371425 ] } },
{ "type": "Feature", "properties": { "nombre": "Municipio Añelo", "tipo": "Municipio", "codigo_indec": "580014", "provincia": "IGN" }, "geometry": { "type": "Point", "coordinates": [ -68.787543076651616, -38.354255899190377 ] } },
{ "type": "Feature", "properties": { "nombre": "Municipio San Patricio del Chañar", "tipo": "Municipio", "codigo_indec": "580021", "provincia": "IGN" }, "geometry": { "type": "Point", "coordinates": [ -68.299895000653692, -38.625875533229248 ] } },
{ "type": "Feature", "properties": { "nombre": "Municipio Las Coloradas", "tipo": "Municipio", "codigo_indec": "580028", "provincia": "IGN" }, "geometry": { "type": "Point", "coordinates": [ -70.594152662015688, -39.556406848497204 ] } },
{ "type": "Feature", "properties": { "nombre": "Municipio Piedra del Águila", "tipo": "Municipio", "codigo_indec": "580035", "provincia": "IGN" }, "geometry": { "type": "Point", "coordinates": [ -70.075016026068681, -40.048479474747921 ] } },
{ "type": "Feature", "properties": { "nombre": "Comisión Santo Tomás", "tipo": "Comisión", "codigo_indec": "585035", "provincia": "IGN" }, "geometry": { "type": "Point", "coordinates": [ -70.100517315321781, -39.820743846351377 ] } },
{ "type": "Feature", "properties": { "nombre": "Municipio Senillosa", "tipo": "Municipio", "codigo_indec": "580077", "provincia": "IGN" }, "geometry": { "type": "Point", "coordinates": [ -68.425975934241933, -39.010092918853104 ] } },
{ "type": "Feature", "properties": { "nombre": "Municipio Vista Alegre", "tipo": "Municipio", "codigo_indec": "580091", "provincia": "IGN" }, "geometry": { "type": "Point", "coordinates": [ -68.172823030358529, -38.734183066295429 ] } },
{ "type": "Feature", "properties": { "nombre": "Municipio Centenario", "tipo": "Municipio", "codigo_indec": "580042", "provincia": "IGN" }, "geometry": { "type": "Point", "coordinates": [ -68.121477473806351, -38.830156535995286 ] } },
{ "type": "Feature", "properties": { "nombre": "Municipio Cutral Co", "tipo": "Municipio", "codigo_indec": "580049", "provincia": "IGN" }, "geometry": { "type": "Point", "coordinates": [ -69.229365811982575, -38.937911283678773 ] } },
{ "type": "Feature", "properties": { "nombre": "Municipio Neuquén", "tipo": "Municipio", "codigo_indec": "580056", "provincia": "IGN" }, "geometry": { "type": "Point", "coordinates": [ -68.05918130707164, -38.951828820243804 ] } },
{ "type": "Feature", "properties": { "nombre": "Municipio Plottier", "tipo": "Municipio", "codigo_indec": "580070", "provincia": "IGN" }, "geometry": { "type": "Point", "coordinates": [ -68.227147388840876, -38.952354871480111 ] } },
{ "type": "Feature", "properties": { "nombre": "Municipio Villa El Chocón", "tipo": "Municipio", "codigo_indec": "580084", "provincia": "IGN" }, "geometry": { "type": "Point", "coordinates": [ -68.778927737824802, -39.261547270490098 ] } },
{ "type": "Feature", "properties": { "nombre": "Municipio Plaza Huincul", "tipo": "Municipio", "codigo_indec": "580063", "provincia": "IGN" }, "geometry": { "type": "Point", "coordinates": [ -69.207777890237423, -38.930123891304504 ] } },
{ "type": "Feature", "properties": { "nombre": "Municipio Chos Malal", "tipo": "Municipio", "codigo_indec": "580098", "provincia": "IGN" }, "geometry": { "type": "Point", "coordinates": [ -70.27633107461935, -37.374827881301655 ] } },
{ "type": "Feature", "properties": { "nombre": "Municipio Tricao Malal", "tipo": "Municipio", "codigo_indec": "580105", "provincia": "IGN" }, "geometry": { "type": "Point", "coordinates": [ -70.324820260246781, -37.04473673081543 ] } },
{ "type": "Feature", "properties": { "nombre": "Comisión Villa Curi Leuvú", "tipo": "Comisión", "codigo_indec": "585056", "provincia": "IGN" }, "geometry": { "type": "Point", "coordinates": [ -70.397733822158102, -37.131143383460312 ] } },
{ "type": "Feature", "properties": { "nombre": "Municipio Junín de los Andes", "tipo": "Municipio", "codigo_indec": "580112", "provincia": "IGN" }, "geometry": { "type": "Point", "coordinates": [ -71.070863580789592, -39.95088494288575 ] } },
{ "type": "Feature", "properties": { "nombre": "Municipio San Martín de los Andes", "tipo": "Municipio", "codigo_indec": "580119", "provincia": "IGN" }, "geometry": { "type": "Point", "coordinates": [ -71.352714325105978, -40.156937939234467 ] } },
{ "type": "Feature", "properties": { "nombre": "Comisión Chorriaca", "tipo": "Comisión", "codigo_indec": "585063", "provincia": "IGN" }, "geometry": { "type": "Point", "coordinates": [ -70.100367124043487, -37.936840955745481 ] } },
{ "type": "Feature", "properties": { "nombre": "Municipio Loncopué", "tipo": "Municipio", "codigo_indec": "580126", "provincia": "IGN" }, "geometry": { "type": "Point", "coordinates": [ -70.614446590637613, -38.073089622587986 ] } },
{ "type": "Feature", "properties": { "nombre": "Municipio Villa La Angostura", "tipo": "Municipio", "codigo_indec": "580133", "provincia": "IGN" }, "geometry": { "type": "Point", "coordinates": [ -71.641001922001067, -40.762995838786878 ] } },
{ "type": "Feature", "properties": { "nombre": "Comisión Villa Traful", "tipo": "Comisión", "codigo_indec": "585070", "provincia": "IGN" }, "geometry": { "type": "Point", "coordinates": [ -71.400039167473551, -40.654358108839631 ] } },
{ "type": "Feature", "properties": { "nombre": "Municipio Andacollo", "tipo": "Municipio", "codigo_indec": "580140", "provincia": "IGN" }, "geometry": { "type": "Point", "coordinates": [ -70.669959796207593, -37.179745045497384 ] } },
{ "type": "Feature", "properties": { "nombre": "Municipio Las Ovejas", "tipo": "Municipio", "codigo_indec": "580154", "provincia": "IGN" }, "geometry": { "type": "Point", "coordinates": [ -70.749520791451346, -36.988972915667489 ] } },
{ "type": "Feature", "properties": { "nombre": "Municipio Los Miches", "tipo": "Municipio", "codigo_indec": "580161", "provincia": "IGN" }, "geometry": { "type": "Point", "coordinates": [ -70.819223195394102, -37.20544400483692 ] } },
{ "type": "Feature", "properties": { "nombre": "Comisión Manzano Amargo", "tipo": "Comisión", "codigo_indec": "585084", "provincia": "IGN" }, "geometry": { "type": "Point", "coordinates": [ -70.763213858132985, -36.753091527651861 ] } },
{ "type": "Feature", "properties": { "nombre": "Comisión Villa del Nahueve", "tipo": "Comisión", "codigo_indec": "585098", "provincia": "IGN" }, "geometry": { "type": "Point", "coordinates": [ -70.770019635098038, -37.120280496747512 ] } },
{ "type": "Feature", "properties": { "nombre": "Municipio Huinganco", "tipo": "Municipio", "codigo_indec": "580147", "provincia": "IGN" }, "geometry": { "type": "Point", "coordinates": [ -70.624091503020395, -37.160737410003435 ] } },
{ "type": "Feature", "properties": { "nombre": "Comisión Varvarco - Invernada Vieja", "tipo": "Comisión", "codigo_indec": "585091", "provincia": "IGN" }, "geometry": { "type": "Point", "coordinates": [ -70.678151973434808, -36.854788151551929 ] } },
{ "type": "Feature", "properties": { "nombre": "Municipio Caviahue - Copahue", "tipo": "Municipio", "codigo_indec": "580168", "provincia": "IGN" }, "geometry": { "type": "Point", "coordinates": [ -71.055058253035895, -37.871079702066538 ] } },
{ "type": "Feature", "properties": { "nombre": "Municipio El Cholar", "tipo": "Municipio", "codigo_indec": "580175", "provincia": "IGN" }, "geometry": { "type": "Point", "coordinates": [ -70.645445589342444, -37.441481036720404 ] } },
{ "type": "Feature", "properties": { "nombre": "Comuna Onagoity", "tipo": "Comuna", "codigo_indec": "142231", "provincia": "IGN" }, "geometry": { "type": "Point", "coordinates": [ -63.672154526510155, -34.772630653881549 ] } },
{ "type": "Feature", "properties": { "nombre": "Municipio El Huecú", "tipo": "Municipio", "codigo_indec": "580182", "provincia": "IGN" }, "geometry": { "type": "Point", "coordinates": [ -70.581024798555575, -37.644907696133203 ] } },
{ "type": "Feature", "properties": { "nombre": "Municipio Taquimilán", "tipo": "Municipio", "codigo_indec": "580189", "provincia": "IGN" }, "geometry": { "type": "Point", "coordinates": [ -70.248757274328682, -37.517446617966982 ] } },
{ "type": "Feature", "properties": { "nombre": "Municipio Barrancas", "tipo": "Municipio", "codigo_indec": "580196", "provincia": "IGN" }, "geometry": { "type": "Point", "coordinates": [ -69.915284286240762, -36.821283998657577 ] } },
{ "type": "Feature", "properties": { "nombre": "Municipio Buta Ranquil", "tipo": "Municipio", "codigo_indec": "580203", "provincia": "IGN" }, "geometry": { "type": "Point", "coordinates": [ -69.87779491810096, -37.051607900184422 ] } },
{ "type": "Feature", "properties": { "nombre": "Municipio Rincón de los Sauces", "tipo": "Municipio", "codigo_indec": "580210", "provincia": "IGN" }, "geometry": { "type": "Point", "coordinates": [ -68.925187559658127, -37.39017948669391 ] } },
{ "type": "Feature", "properties": { "nombre": "Comisión Octavio Pico", "tipo": "Comisión", "codigo_indec": "585105", "provincia": "IGN" }, "geometry": { "type": "Point", "coordinates": [ -68.258276273031527, -37.589626199989084 ] } },
{ "type": "Feature", "properties": { "nombre": "Comisión El Sauce", "tipo": "Comisión", "codigo_indec": "585112", "provincia": "IGN" }, "geometry": { "type": "Point", "coordinates": [ -69.531148647192254, -39.479814746453371 ] } },
{ "type": "Feature", "properties": { "nombre": "Comisión Paso Aguerre", "tipo": "Comisión", "codigo_indec": "585119", "provincia": "IGN" }, "geometry": { "type": "Point", "coordinates": [ -69.843596696330451, -39.338783703505044 ] } },
{ "type": "Feature", "properties": { "nombre": "Municipio Picún Leufú", "tipo": "Municipio", "codigo_indec": "580217", "provincia": "IGN" }, "geometry": { "type": "Point", "coordinates": [ -69.291061135363066, -39.518627864484301 ] } },
{ "type": "Feature", "properties": { "nombre": "Municipio Bajada del Agrio", "tipo": "Municipio", "codigo_indec": "580224", "provincia": "IGN" }, "geometry": { "type": "Point", "coordinates": [ -70.033105591649701, -38.407438140257909 ] } },
{ "type": "Feature", "properties": { "nombre": "Municipio Las Lajas", "tipo": "Municipio", "codigo_indec": "580231", "provincia": "IGN" }, "geometry": { "type": "Point", "coordinates": [ -70.36164064430028, -38.523414946042863 ] } },
{ "type": "Feature", "properties": { "nombre": "Comisión Quili Malal", "tipo": "Comisión", "codigo_indec": "585126", "provincia": "IGN" }, "geometry": { "type": "Point", "coordinates": [ -69.813541099042425, -38.326149935870774 ] } },
{ "type": "Feature", "properties": { "nombre": "Comisión Los Catutos", "tipo": "Comisión", "codigo_indec": "585140", "provincia": "IGN" }, "geometry": { "type": "Point", "coordinates": [ -70.198417632867404, -38.837356090111427 ] } },
{ "type": "Feature", "properties": { "nombre": "Municipio Mariano Moreno", "tipo": "Municipio", "codigo_indec": "580238", "provincia": "IGN" }, "geometry": { "type": "Point", "coordinates": [ -70.036359661668996, -38.761336255463789 ] } },
{ "type": "Feature", "properties": { "nombre": "Comisión Ramón M. Castro", "tipo": "Comisión", "codigo_indec": "585147", "provincia": "IGN" }, "geometry": { "type": "Point", "coordinates": [ -69.744696091651292, -38.864329710747484 ] } },
{ "type": "Feature", "properties": { "nombre": "Municipio Zapala", "tipo": "Municipio", "codigo_indec": "580245", "provincia": "IGN" }, "geometry": { "type": "Point", "coordinates": [ -70.064211216674266, -38.902934354237004 ] } },
{ "type": "Feature", "properties": { "nombre": "Municipio Guardia Mitre", "tipo": "Municipio", "codigo_indec": "620007", "provincia": "IGN" }, "geometry": { "type": "Point", "coordinates": [ -63.672254515833174, -40.425718841651189 ] } },
{ "type": "Feature", "properties": { "nombre": "Comisión Fuerte San Javier", "tipo": "Comisión", "codigo_indec": "625014", "provincia": "IGN" }, "geometry": { "type": "Point", "coordinates": [ -63.267114109628437, -40.749798773394616 ] } },
{ "type": "Feature", "properties": { "nombre": "Municipio Chimpay", "tipo": "Municipio", "codigo_indec": "620021", "provincia": "IGN" }, "geometry": { "type": "Point", "coordinates": [ -66.146417035217951, -39.165407309299837 ] } },
{ "type": "Feature", "properties": { "nombre": "Comisión Chelforó", "tipo": "Comisión", "codigo_indec": "625084", "provincia": "IGN" }, "geometry": { "type": "Point", "coordinates": [ -66.520752012795128, -39.087718147674309 ] } },
{ "type": "Feature", "properties": { "nombre": "Municipio Coronel Belisle", "tipo": "Municipio", "codigo_indec": "620035", "provincia": "IGN" }, "geometry": { "type": "Point", "coordinates": [ -65.954793622427701, -39.186766186310422 ] } },
{ "type": "Feature", "properties": { "nombre": "Municipio Darwin", "tipo": "Municipio", "codigo_indec": "620042", "provincia": "IGN" }, "geometry": { "type": "Point", "coordinates": [ -65.739755673985144, -39.20295442021029 ] } },
{ "type": "Feature", "properties": { "nombre": "Municipio Lamarque", "tipo": "Municipio", "codigo_indec": "620049", "provincia": "IGN" }, "geometry": { "type": "Point", "coordinates": [ -65.702145062844352, -39.425154054116263 ] } },
{ "type": "Feature", "properties": { "nombre": "Municipio Pomona", "tipo": "Municipio", "codigo_indec": "620063", "provincia": "IGN" }, "geometry": { "type": "Point", "coordinates": [ -65.610796347773203, -39.487046134771276 ] } },
{ "type": "Feature", "properties": { "nombre": "Municipio Luis Beltrán", "tipo": "Municipio", "codigo_indec": "620056", "provincia": "IGN" }, "geometry": { "type": "Point", "coordinates": [ -65.763563806024763, -39.310705923139778 ] } },
{ "type": "Feature", "properties": { "nombre": "Municipio Choele Choel", "tipo": "Municipio", "codigo_indec": "620028", "provincia": "IGN" }, "geometry": { "type": "Point", "coordinates": [ -65.657678676030059, -39.296355387291271 ] } },
{ "type": "Feature", "properties": { "nombre": "Municipio San Carlos de Bariloche", "tipo": "Municipio", "codigo_indec": "620077", "provincia": "IGN" }, "geometry": { "type": "Point", "coordinates": [ -71.29601057003174, -41.148074654421748 ] } },
{ "type": "Feature", "properties": { "nombre": "Comuna Rincón", "tipo": "Comuna", "codigo_indec": "142826", "provincia": "IGN" }, "geometry": { "type": "Point", "coordinates": [ -63.61702043104799, -31.595859646905126 ] } },
{ "type": "Feature", "properties": { "nombre": "Comisión El Manso", "tipo": "Comisión", "codigo_indec": "625028", "provincia": "IGN" }, "geometry": { "type": "Point", "coordinates": [ -71.460084820358134, -41.653900370805445 ] } },
{ "type": "Feature", "properties": { "nombre": "Municipio El Bolsón", "tipo": "Municipio", "codigo_indec": "620070", "provincia": "IGN" }, "geometry": { "type": "Point", "coordinates": [ -71.534363590007615, -41.965021628545287 ] } },
{ "type": "Feature", "properties": { "nombre": "Comisión Villa Mascardi", "tipo": "Comisión", "codigo_indec": "625049", "provincia": "IGN" }, "geometry": { "type": "Point", "coordinates": [ -71.509041630067145, -41.349553642186777 ] } },
{ "type": "Feature", "properties": { "nombre": "Municipio General Conesa", "tipo": "Municipio", "codigo_indec": "620084", "provincia": "IGN" }, "geometry": { "type": "Point", "coordinates": [ -64.453014106315891, -40.106186003581172 ] } },
{ "type": "Feature", "properties": { "nombre": "Comisión Cerro Policía", "tipo": "Comisión", "codigo_indec": "625063", "provincia": "IGN" }, "geometry": { "type": "Point", "coordinates": [ -68.491504662809916, -39.726274501766795 ] } },
{ "type": "Feature", "properties": { "nombre": "Comisión Mencué", "tipo": "Comisión", "codigo_indec": "625070", "provincia": "IGN" }, "geometry": { "type": "Point", "coordinates": [ -69.614527411111112, -40.423641317792544 ] } },
{ "type": "Feature", "properties": { "nombre": "Comisión Naupa Huen", "tipo": "Comisión", "codigo_indec": "625098", "provincia": "IGN" }, "geometry": { "type": "Point", "coordinates": [ -69.509124071318809, -39.830224743976714 ] } },
{ "type": "Feature", "properties": { "nombre": "Municipio Cipolletti", "tipo": "Municipio", "codigo_indec": "620133", "provincia": "IGN" }, "geometry": { "type": "Point", "coordinates": [ -68.001770792787795, -38.934722295797258 ] } },
{ "type": "Feature", "properties": { "nombre": "Comisión Valle Azul", "tipo": "Comisión", "codigo_indec": "625112", "provincia": "IGN" }, "geometry": { "type": "Point", "coordinates": [ -66.787553458825016, -39.156312303569905 ] } },
{ "type": "Feature", "properties": { "nombre": "Comisión Aguada Guzmán", "tipo": "Comisión", "codigo_indec": "625077", "provincia": "IGN" }, "geometry": { "type": "Point", "coordinates": [ -68.873867887393033, -39.981855760434939 ] } },
{ "type": "Feature", "properties": { "nombre": "Municipio General Roca", "tipo": "Municipio", "codigo_indec": "620161", "provincia": "IGN" }, "geometry": { "type": "Point", "coordinates": [ -67.574836492210295, -39.026819846658555 ] } },
{ "type": "Feature", "properties": { "nombre": "Comisión El Cuy", "tipo": "Comisión", "codigo_indec": "625056", "provincia": "IGN" }, "geometry": { "type": "Point", "coordinates": [ -68.342753852008627, -39.926094258343312 ] } },
{ "type": "Feature", "properties": { "nombre": "Municipio Campo Grande", "tipo": "Municipio", "codigo_indec": "620098", "provincia": "IGN" }, "geometry": { "type": "Point", "coordinates": [ -68.242938549574376, -38.666885675233686 ] } },
{ "type": "Feature", "properties": { "nombre": "Municipio General Enrique Godoy", "tipo": "Municipio", "codigo_indec": "620147", "provincia": "IGN" }, "geometry": { "type": "Point", "coordinates": [ -67.157451917971571, -39.078447716588812 ] } },
{ "type": "Feature", "properties": { "nombre": "Municipio Allen", "tipo": "Municipio", "codigo_indec": "620091", "provincia": "IGN" }, "geometry": { "type": "Point", "coordinates": [ -67.828021398468707, -38.979510656991181 ] } },
{ "type": "Feature", "properties": { "nombre": "Municipio General Fernández Oro", "tipo": "Municipio", "codigo_indec": "620154", "provincia": "IGN" }, "geometry": { "type": "Point", "coordinates": [ -67.929226267678075, -38.954121067133485 ] } },
{ "type": "Feature", "properties": { "nombre": "Municipio Cinco Saltos", "tipo": "Municipio", "codigo_indec": "620126", "provincia": "IGN" }, "geometry": { "type": "Point", "coordinates": [ -68.066168132853022, -38.827560747230677 ] } },
{ "type": "Feature", "properties": { "nombre": "Municipio Cervantes", "tipo": "Municipio", "codigo_indec": "620112", "provincia": "IGN" }, "geometry": { "type": "Point", "coordinates": [ -67.3941569689689, -39.05396132035861 ] } },
{ "type": "Feature", "properties": { "nombre": "Municipio Mainqué", "tipo": "Municipio", "codigo_indec": "620175", "provincia": "IGN" }, "geometry": { "type": "Point", "coordinates": [ -67.305644849630085, -39.064245339550723 ] } },
{ "type": "Feature", "properties": { "nombre": "Municipio Villa Regina", "tipo": "Municipio", "codigo_indec": "620182", "provincia": "IGN" }, "geometry": { "type": "Point", "coordinates": [ -67.082395443394944, -39.094557597954747 ] } },
{ "type": "Feature", "properties": { "nombre": "Municipio Chichinales", "tipo": "Municipio", "codigo_indec": "620119", "provincia": "IGN" }, "geometry": { "type": "Point", "coordinates": [ -66.938698020297352, -39.114790019243969 ] } },
{ "type": "Feature", "properties": { "nombre": "Comisión Peñas Blancas", "tipo": "Comisión", "codigo_indec": "625105", "provincia": "IGN" }, "geometry": { "type": "Point", "coordinates": [ -67.870281106188088, -37.693024347495623 ] } },
{ "type": "Feature", "properties": { "nombre": "Municipio Catriel", "tipo": "Municipio", "codigo_indec": "620105", "provincia": "IGN" }, "geometry": { "type": "Point", "coordinates": [ -67.794510606779056, -37.875520977910753 ] } },
{ "type": "Feature", "properties": { "nombre": "Municipio Ingeniero Huergo", "tipo": "Municipio", "codigo_indec": "620168", "provincia": "IGN" }, "geometry": { "type": "Point", "coordinates": [ -67.238683819402695, -39.07324001511455 ] } },
{ "type": "Feature", "properties": { "nombre": "Municipio Contralmirante Cordero", "tipo": "Municipio", "codigo_indec": "620140", "provincia": "IGN" }, "geometry": { "type": "Point", "coordinates": [ -68.155895022237473, -38.725635425734254 ] } },
{ "type": "Feature", "properties": { "nombre": "Comisión Prahuaniyeu", "tipo": "Comisión", "codigo_indec": "625259", "provincia": "IGN" }, "geometry": { "type": "Point", "coordinates": [ -67.905085957550853, -41.338082736429101 ] } },
{ "type": "Feature", "properties": { "nombre": "Comisión Yaminue", "tipo": "Comisión", "codigo_indec": "625126", "provincia": "IGN" }, "geometry": { "type": "Point", "coordinates": [ -67.192348603605126, -40.977491951991965 ] } },
{ "type": "Feature", "properties": { "nombre": "Comisión Comicó", "tipo": "Comisión", "codigo_indec": "625210", "provincia": "IGN" }, "geometry": { "type": "Point", "coordinates": [ -67.478068382449862, -41.070695752606866 ] } },
{ "type": "Feature", "properties": { "nombre": "Municipio Sierra Colorada", "tipo": "Municipio", "codigo_indec": "620196", "provincia": "IGN" }, "geometry": { "type": "Point", "coordinates": [ -67.755604150810882, -40.587376618136375 ] } },
{ "type": "Feature", "properties": { "nombre": "Comisión Rincón Treneta", "tipo": "Comisión", "codigo_indec": "625119", "provincia": "IGN" }, "geometry": { "type": "Point", "coordinates": [ -66.994598340840696, -41.174356236850826 ] } },
{ "type": "Feature", "properties": { "nombre": "Municipio Ministro Ramos Mexía", "tipo": "Municipio", "codigo_indec": "620189", "provincia": "IGN" }, "geometry": { "type": "Point", "coordinates": [ -67.260615435054262, -40.507036908926182 ] } },
{ "type": "Feature", "properties": { "nombre": "Comisión Cona Niyeu", "tipo": "Comisión", "codigo_indec": "625161", "provincia": "IGN" }, "geometry": { "type": "Point", "coordinates": [ -66.938659676802615, -41.865589762857212 ] } },
{ "type": "Feature", "properties": { "nombre": "Comisión Mamuel Choique", "tipo": "Comisión", "codigo_indec": "625238", "provincia": "IGN" }, "geometry": { "type": "Point", "coordinates": [ -70.138070872572655, -41.772465114273587 ] } },
{ "type": "Feature", "properties": { "nombre": "Comisión Río Chico", "tipo": "Comisión", "codigo_indec": "625266", "provincia": "IGN" }, "geometry": { "type": "Point", "coordinates": [ -70.476724137309077, -41.710292506294081 ] } },
{ "type": "Feature", "properties": { "nombre": "Municipio Ñorquinco", "tipo": "Municipio", "codigo_indec": "620203", "provincia": "IGN" }, "geometry": { "type": "Point", "coordinates": [ -70.898215235444695, -41.848928085362786 ] } },
{ "type": "Feature", "properties": { "nombre": "Comisión Ojos de Agua", "tipo": "Comisión", "codigo_indec": "625245", "provincia": "IGN" }, "geometry": { "type": "Point", "coordinates": [ -69.8693683307838, -41.556351202545898 ] } },
{ "type": "Feature", "properties": { "nombre": "Municipio Río Colorado", "tipo": "Municipio", "codigo_indec": "620210", "provincia": "IGN" }, "geometry": { "type": "Point", "coordinates": [ -64.095825074967195, -38.990834299663163 ] } },
{ "type": "Feature", "properties": { "nombre": "Comisión Pichi Mahuida", "tipo": "Comisión", "codigo_indec": "625133", "provincia": "IGN" }, "geometry": { "type": "Point", "coordinates": [ -64.934027799942953, -38.831969747305948 ] } },
{ "type": "Feature", "properties": { "nombre": "Comisión Laguna Blanca", "tipo": "Comisión", "codigo_indec": "625231", "provincia": "IGN" }, "geometry": { "type": "Point", "coordinates": [ -69.841695897347734, -40.722024053767029 ] } },
{ "type": "Feature", "properties": { "nombre": "Comisión Villa Llanquín", "tipo": "Comisión", "codigo_indec": "625042", "provincia": "IGN" }, "geometry": { "type": "Point", "coordinates": [ -71.036667452640813, -40.894560321101892 ] } },
{ "type": "Feature", "properties": { "nombre": "Municipio Dina Huapi", "tipo": "Municipio", "codigo_indec": "620273", "provincia": "IGN" }, "geometry": { "type": "Point", "coordinates": [ -71.15749115459306, -41.073719812019647 ] } },
{ "type": "Feature", "properties": { "nombre": "Municipio Comallo", "tipo": "Municipio", "codigo_indec": "620217", "provincia": "IGN" }, "geometry": { "type": "Point", "coordinates": [ -70.269323229883128, -41.030047592222559 ] } },
{ "type": "Feature", "properties": { "nombre": "Comisión Pilquiniyeu del Limay", "tipo": "Comisión", "codigo_indec": "625140", "provincia": "IGN" }, "geometry": { "type": "Point", "coordinates": [ -70.0258499773945, -40.516231176427596 ] } },
{ "type": "Feature", "properties": { "nombre": "Municipio Sierra Grande", "tipo": "Municipio", "codigo_indec": "620238", "provincia": "IGN" }, "geometry": { "type": "Point", "coordinates": [ -65.357023772329171, -41.605459944620691 ] } },
{ "type": "Feature", "properties": { "nombre": "Municipio San Antonio Oeste", "tipo": "Municipio", "codigo_indec": "620231", "provincia": "IGN" }, "geometry": { "type": "Point", "coordinates": [ -64.938971074655342, -40.730132579654764 ] } },
{ "type": "Feature", "properties": { "nombre": "Comisión Sierra Pailemán", "tipo": "Comisión", "codigo_indec": "625189", "provincia": "IGN" }, "geometry": { "type": "Point", "coordinates": [ -65.9761003351623, -41.190567914277779 ] } },
{ "type": "Feature", "properties": { "nombre": "Comisión Arroyo Los Berros", "tipo": "Comisión", "codigo_indec": "625147", "provincia": "IGN" }, "geometry": { "type": "Point", "coordinates": [ -66.101232416542757, -41.434736287849375 ] } },
{ "type": "Feature", "properties": { "nombre": "Municipio Valcheta", "tipo": "Municipio", "codigo_indec": "620245", "provincia": "IGN" }, "geometry": { "type": "Point", "coordinates": [ -66.16651702953726, -40.676351707565232 ] } },
{ "type": "Feature", "properties": { "nombre": "Comisión Arroyo Ventana", "tipo": "Comisión", "codigo_indec": "625154", "provincia": "IGN" }, "geometry": { "type": "Point", "coordinates": [ -66.094247558478003, -41.665441347240346 ] } },
{ "type": "Feature", "properties": { "nombre": "Comisión Nahuel Niyeu", "tipo": "Comisión", "codigo_indec": "625182", "provincia": "IGN" }, "geometry": { "type": "Point", "coordinates": [ -66.56468755318798, -40.504113479153716 ] } },
{ "type": "Feature", "properties": { "nombre": "Comisión Aguada Cecilio", "tipo": "Comisión", "codigo_indec": "625168", "provincia": "IGN" }, "geometry": { "type": "Point", "coordinates": [ -65.842491126364337, -40.848940718339463 ] } },
{ "type": "Feature", "properties": { "nombre": "Comisión El Caín", "tipo": "Comisión", "codigo_indec": "625224", "provincia": "IGN" }, "geometry": { "type": "Point", "coordinates": [ -68.161312868294203, -41.667360981623972 ] } },
{ "type": "Feature", "properties": { "nombre": "Comisión Colan Conhue", "tipo": "Comisión", "codigo_indec": "625203", "provincia": "IGN" }, "geometry": { "type": "Point", "coordinates": [ -69.106695169646343, -40.668548037461903 ] } },
{ "type": "Feature", "properties": { "nombre": "Comisión Aguada de Guerra", "tipo": "Comisión", "codigo_indec": "625196", "provincia": "IGN" }, "geometry": { "type": "Point", "coordinates": [ -68.381726430630238, -41.067886644652901 ] } },
{ "type": "Feature", "properties": { "nombre": "Comisión Clemente Onelli", "tipo": "Comisión", "codigo_indec": "625217", "provincia": "IGN" }, "geometry": { "type": "Point", "coordinates": [ -70.032710155249447, -41.246399603958537 ] } },
{ "type": "Feature", "properties": { "nombre": "Comuna Simbolar", "tipo": "Comuna", "codigo_indec": "143197", "provincia": "IGN" }, "geometry": { "type": "Point", "coordinates": [ -63.984714007045739, -30.47441271407547 ] } },
{ "type": "Feature", "properties": { "nombre": "Municipio Ingeniero Jacobacci", "tipo": "Municipio", "codigo_indec": "620252", "provincia": "IGN" }, "geometry": { "type": "Point", "coordinates": [ -69.547063621189125, -41.330598144888427 ] } },
{ "type": "Feature", "properties": { "nombre": "Comisión Pilquiniyeu", "tipo": "Comisión", "codigo_indec": "625252", "provincia": "IGN" }, "geometry": { "type": "Point", "coordinates": [ -68.351258177622753, -41.831749259920343 ] } },
{ "type": "Feature", "properties": { "nombre": "Municipio Los Menucos", "tipo": "Municipio", "codigo_indec": "620259", "provincia": "IGN" }, "geometry": { "type": "Point", "coordinates": [ -68.08592008774184, -40.842809976998808 ] } },
{ "type": "Feature", "properties": { "nombre": "Municipio Maquinchao", "tipo": "Municipio", "codigo_indec": "620266", "provincia": "IGN" }, "geometry": { "type": "Point", "coordinates": [ -68.698254765045306, -41.250225873924876 ] } },
{ "type": "Feature", "properties": { "nombre": "Comuna Las Cejas", "tipo": "Comuna", "codigo_indec": "908112", "provincia": "IGN" }, "geometry": { "type": "Point", "coordinates": [ -64.741125890247588, -26.888409115788022 ] } },
{ "type": "Feature", "properties": { "nombre": "Comuna La Ramada y La Cruz", "tipo": "Comuna", "codigo_indec": "908056", "provincia": "IGN" }, "geometry": { "type": "Point", "coordinates": [ -64.948144354678163, -26.686558145042341 ] } },
{ "type": "Feature", "properties": { "nombre": "Municipio Burruyacú", "tipo": "Municipio", "codigo_indec": "900007", "provincia": "IGN" }, "geometry": { "type": "Point", "coordinates": [ -64.743672253171894, -26.5004734480911 ] } },
{ "type": "Feature", "properties": { "nombre": "Comuna 7 de Abril", "tipo": "Comuna", "codigo_indec": "908007", "provincia": "IGN" }, "geometry": { "type": "Point", "coordinates": [ -64.501376264502937, -26.288189418007164 ] } },
{ "type": "Feature", "properties": { "nombre": "Comuna El Chañar", "tipo": "Comuna", "codigo_indec": "908014", "provincia": "IGN" }, "geometry": { "type": "Point", "coordinates": [ -65.067964532836868, -26.757358498895542 ] } },
{ "type": "Feature", "properties": { "nombre": "Comuna El Naranjo y El Sunchal", "tipo": "Comuna", "codigo_indec": "908021", "provincia": "IGN" }, "geometry": { "type": "Point", "coordinates": [ -65.048804620536771, -26.661741842412027 ] } },
{ "type": "Feature", "properties": { "nombre": "Comuna Gobernador Piedrabuena", "tipo": "Comuna", "codigo_indec": "908049", "provincia": "IGN" }, "geometry": { "type": "Point", "coordinates": [ -64.648161100654249, -26.738347334461878 ] } },
{ "type": "Feature", "properties": { "nombre": "Comuna Villa Padre Monti", "tipo": "Comuna", "codigo_indec": "908070", "provincia": "IGN" }, "geometry": { "type": "Point", "coordinates": [ -64.994619007661015, -26.510534930942242 ] } },
{ "type": "Feature", "properties": { "nombre": "Comuna Garmendia", "tipo": "Comuna", "codigo_indec": "908042", "provincia": "IGN" }, "geometry": { "type": "Point", "coordinates": [ -64.557527326824641, -26.568539612912787 ] } },
{ "type": "Feature", "properties": { "nombre": "Comuna Benjamín Aráoz y El Tajamar", "tipo": "Comuna", "codigo_indec": "908063", "provincia": "IGN" }, "geometry": { "type": "Point", "coordinates": [ -64.797717571808448, -26.556059987978017 ] } },
{ "type": "Feature", "properties": { "nombre": "Comuna Colombres", "tipo": "Comuna", "codigo_indec": "908077", "provincia": "IGN" }, "geometry": { "type": "Point", "coordinates": [ -65.099833398092812, -26.885424244333365 ] } },
{ "type": "Feature", "properties": { "nombre": "Municipio Banda del Río Salí", "tipo": "Municipio", "codigo_indec": "900028", "provincia": "IGN" }, "geometry": { "type": "Point", "coordinates": [ -65.161859511007606, -26.83996994595617 ] } },
{ "type": "Feature", "properties": { "nombre": "Comuna La Florida y Luisiana", "tipo": "Comuna", "codigo_indec": "908105", "provincia": "IGN" }, "geometry": { "type": "Point", "coordinates": [ -65.095386487995995, -26.820712728809326 ] } },
{ "type": "Feature", "properties": { "nombre": "Comuna Los Ralos", "tipo": "Comuna", "codigo_indec": "908140", "provincia": "IGN" }, "geometry": { "type": "Point", "coordinates": [ -64.997011329309373, -26.889419859339 ] } },
{ "type": "Feature", "properties": { "nombre": "Comuna El Bracho y El Cevilar", "tipo": "Comuna", "codigo_indec": "908091", "provincia": "IGN" }, "geometry": { "type": "Point", "coordinates": [ -65.181904371489509, -26.992168919360097 ] } },
{ "type": "Feature", "properties": { "nombre": "Comuna San Andrés", "tipo": "Comuna", "codigo_indec": "908154", "provincia": "IGN" }, "geometry": { "type": "Point", "coordinates": [ -65.193552033599417, -26.888178722969656 ] } },
{ "type": "Feature", "properties": { "nombre": "Comuna Ranchillos y San Miguel", "tipo": "Comuna", "codigo_indec": "908147", "provincia": "IGN" }, "geometry": { "type": "Point", "coordinates": [ -65.044492671699402, -26.957214924429195 ] } },
{ "type": "Feature", "properties": { "nombre": "Municipio Alderetes", "tipo": "Municipio", "codigo_indec": "900021", "provincia": "IGN" }, "geometry": { "type": "Point", "coordinates": [ -65.143321211904379, -26.820225871826494 ] } },
{ "type": "Feature", "properties": { "nombre": "Comuna Los Pérez", "tipo": "Comuna", "codigo_indec": "908133", "provincia": "IGN" }, "geometry": { "type": "Point", "coordinates": [ -64.988184668687495, -26.833753553183897 ] } },
{ "type": "Feature", "properties": { "nombre": "Comuna Delfín Gallo", "tipo": "Comuna", "codigo_indec": "908084", "provincia": "IGN" }, "geometry": { "type": "Point", "coordinates": [ -65.093192456066959, -26.844243670009291 ] } },
{ "type": "Feature", "properties": { "nombre": "Municipio Concepción", "tipo": "Municipio", "codigo_indec": "900035", "provincia": "IGN" }, "geometry": { "type": "Point", "coordinates": [ -65.592748302392181, -27.34592043967649 ] } },
{ "type": "Feature", "properties": { "nombre": "Comuna Arcadia", "tipo": "Comuna", "codigo_indec": "908175", "provincia": "IGN" }, "geometry": { "type": "Point", "coordinates": [ -65.576849289563029, -27.305917552752817 ] } },
{ "type": "Feature", "properties": { "nombre": "Comuna Alpachiri y El Molino", "tipo": "Comuna", "codigo_indec": "908161", "provincia": "IGN" }, "geometry": { "type": "Point", "coordinates": [ -65.757345372690736, -27.335789829536964 ] } },
{ "type": "Feature", "properties": { "nombre": "Comuna La Trinidad", "tipo": "Comuna", "codigo_indec": "908189", "provincia": "IGN" }, "geometry": { "type": "Point", "coordinates": [ -65.516775094894683, -27.414285567025274 ] } },
{ "type": "Feature", "properties": { "nombre": "Comuna Pincén", "tipo": "Comuna", "codigo_indec": "142238", "provincia": "IGN" }, "geometry": { "type": "Point", "coordinates": [ -63.916563045148393, -34.838183614682009 ] } },
{ "type": "Feature", "properties": { "nombre": "Comuna Alto Verde y Los Guchea", "tipo": "Comuna", "codigo_indec": "908168", "provincia": "IGN" }, "geometry": { "type": "Point", "coordinates": [ -65.608121657888148, -27.37762650875635 ] } },
{ "type": "Feature", "properties": { "nombre": "Comuna Medina", "tipo": "Comuna", "codigo_indec": "908196", "provincia": "IGN" }, "geometry": { "type": "Point", "coordinates": [ -65.532877068521827, -27.421898265192738 ] } },
{ "type": "Feature", "properties": { "nombre": "Municipio Famaillá", "tipo": "Municipio", "codigo_indec": "900042", "provincia": "IGN" }, "geometry": { "type": "Point", "coordinates": [ -65.40189075135703, -27.054515776381947 ] } },
{ "type": "Feature", "properties": { "nombre": "Comuna Taco Ralo", "tipo": "Comuna", "codigo_indec": "908210", "provincia": "IGN" }, "geometry": { "type": "Point", "coordinates": [ -65.194601769955682, -27.835068383399118 ] } },
{ "type": "Feature", "properties": { "nombre": "Municipio Graneros", "tipo": "Municipio", "codigo_indec": "900049", "provincia": "IGN" }, "geometry": { "type": "Point", "coordinates": [ -65.4394284895331, -27.649492166730056 ] } },
{ "type": "Feature", "properties": { "nombre": "Comuna Lamadrid", "tipo": "Comuna", "codigo_indec": "908203", "provincia": "IGN" }, "geometry": { "type": "Point", "coordinates": [ -65.246850324083141, -27.645065055208079 ] } },
{ "type": "Feature", "properties": { "nombre": "Comuna Villa Belgrano", "tipo": "Comuna", "codigo_indec": "908224", "provincia": "IGN" }, "geometry": { "type": "Point", "coordinates": [ -65.615804249566452, -27.530929794774181 ] } },
{ "type": "Feature", "properties": { "nombre": "Municipio Juan Bautista Alberdi", "tipo": "Municipio", "codigo_indec": "900056", "provincia": "IGN" }, "geometry": { "type": "Point", "coordinates": [ -65.617296719468015, -27.58587292099844 ] } },
{ "type": "Feature", "properties": { "nombre": "Municipio La Cocha", "tipo": "Municipio", "codigo_indec": "900063", "provincia": "IGN" }, "geometry": { "type": "Point", "coordinates": [ -65.588441347490175, -27.77001032671518 ] } },
{ "type": "Feature", "properties": { "nombre": "Comuna San José de la Cocha", "tipo": "Comuna", "codigo_indec": "908259", "provincia": "IGN" }, "geometry": { "type": "Point", "coordinates": [ -65.583683815155894, -27.731220481340074 ] } },
{ "type": "Feature", "properties": { "nombre": "Comuna Río Colorado", "tipo": "Comuna", "codigo_indec": "908336", "provincia": "IGN" }, "geometry": { "type": "Point", "coordinates": [ -65.35695030491263, -27.148605720377645 ] } },
{ "type": "Feature", "properties": { "nombre": "Comuna Los Puestos", "tipo": "Comuna", "codigo_indec": "908315", "provincia": "IGN" }, "geometry": { "type": "Point", "coordinates": [ -65.019438332912671, -27.281836653638607 ] } },
{ "type": "Feature", "properties": { "nombre": "Comuna Santa Rosa de Leales y Laguna Blanca", "tipo": "Comuna", "codigo_indec": "908343", "provincia": "IGN" }, "geometry": { "type": "Point", "coordinates": [ -65.260868827534296, -27.137714014889809 ] } },
{ "type": "Feature", "properties": { "nombre": "Municipio Bella Vista", "tipo": "Municipio", "codigo_indec": "900070", "provincia": "IGN" }, "geometry": { "type": "Point", "coordinates": [ -65.30708986270696, -27.03279192930404 ] } },
{ "type": "Feature", "properties": { "nombre": "Comuna Estación Aráoz y Tacanas", "tipo": "Comuna", "codigo_indec": "908294", "provincia": "IGN" }, "geometry": { "type": "Point", "coordinates": [ -64.921294500540739, -27.055148563655223 ] } },
{ "type": "Feature", "properties": { "nombre": "Comuna Villa de Leales", "tipo": "Comuna", "codigo_indec": "908350", "provincia": "IGN" }, "geometry": { "type": "Point", "coordinates": [ -65.310242513481171, -27.193830736599182 ] } },
{ "type": "Feature", "properties": { "nombre": "Comuna Quilmes y Los Sueldos", "tipo": "Comuna", "codigo_indec": "908329", "provincia": "IGN" }, "geometry": { "type": "Point", "coordinates": [ -65.235448752457899, -27.067747239943117 ] } },
{ "type": "Feature", "properties": { "nombre": "Comuna Manuel García Fernández", "tipo": "Comuna", "codigo_indec": "908322", "provincia": "IGN" }, "geometry": { "type": "Point", "coordinates": [ -65.272073062721631, -26.955703391598206 ] } },
{ "type": "Feature", "properties": { "nombre": "Municipio San Isidro de Lules", "tipo": "Municipio", "codigo_indec": "900077", "provincia": "IGN" }, "geometry": { "type": "Point", "coordinates": [ -65.337715824425743, -26.922184267689772 ] } },
{ "type": "Feature", "properties": { "nombre": "Comuna San Pablo y Villa Nougués", "tipo": "Comuna", "codigo_indec": "908371", "provincia": "IGN" }, "geometry": { "type": "Point", "coordinates": [ -65.310892531764864, -26.869992212570537 ] } },
{ "type": "Feature", "properties": { "nombre": "Comuna San Felipe y Santa Bárbara", "tipo": "Comuna", "codigo_indec": "908364", "provincia": "IGN" }, "geometry": { "type": "Point", "coordinates": [ -65.232453530705811, -26.872104997047927 ] } },
{ "type": "Feature", "properties": { "nombre": "Comuna El Manantial", "tipo": "Comuna", "codigo_indec": "908357", "provincia": "IGN" }, "geometry": { "type": "Point", "coordinates": [ -65.281860743378559, -26.848052941889705 ] } },
{ "type": "Feature", "properties": { "nombre": "Comuna Teniente Berdina", "tipo": "Comuna", "codigo_indec": "908448", "provincia": "IGN" }, "geometry": { "type": "Point", "coordinates": [ -65.487702718305741, -27.050337550437575 ] } },
{ "type": "Feature", "properties": { "nombre": "Comuna León Rouges y Santa Rosa", "tipo": "Comuna", "codigo_indec": "908406", "provincia": "IGN" }, "geometry": { "type": "Point", "coordinates": [ -65.527329270429448, -27.21952110471517 ] } },
{ "type": "Feature", "properties": { "nombre": "Comuna Capitán Cáceres", "tipo": "Comuna", "codigo_indec": "908392", "provincia": "IGN" }, "geometry": { "type": "Point", "coordinates": [ -65.604732387389731, -27.190069926485876 ] } },
{ "type": "Feature", "properties": { "nombre": "Comuna Soldado Maldonado", "tipo": "Comuna", "codigo_indec": "908441", "provincia": "IGN" }, "geometry": { "type": "Point", "coordinates": [ -65.56543578123626, -27.144104076641781 ] } },
{ "type": "Feature", "properties": { "nombre": "Comuna Sargento Moya", "tipo": "Comuna", "codigo_indec": "908434", "provincia": "IGN" }, "geometry": { "type": "Point", "coordinates": [ -65.660016711002356, -27.228154384117488 ] } },
{ "type": "Feature", "properties": { "nombre": "Comuna Río Seco", "tipo": "Comuna", "codigo_indec": "908420", "provincia": "IGN" }, "geometry": { "type": "Point", "coordinates": [ -65.557353955320764, -27.268401179770592 ] } },
{ "type": "Feature", "properties": { "nombre": "Comuna Villa Quinteros", "tipo": "Comuna", "codigo_indec": "908455", "provincia": "IGN" }, "geometry": { "type": "Point", "coordinates": [ -65.549203520126298, -27.252889144318488 ] } },
{ "type": "Feature", "properties": { "nombre": "Comuna Acheral", "tipo": "Comuna", "codigo_indec": "908378", "provincia": "IGN" }, "geometry": { "type": "Point", "coordinates": [ -65.470564717587592, -27.120720504647522 ] } },
{ "type": "Feature", "properties": { "nombre": "Comuna Santa Lucía", "tipo": "Comuna", "codigo_indec": "908427", "provincia": "IGN" }, "geometry": { "type": "Point", "coordinates": [ -65.532518396406829, -27.092774371539974 ] } },
{ "type": "Feature", "properties": { "nombre": "Municipio Monteros", "tipo": "Municipio", "codigo_indec": "900084", "provincia": "IGN" }, "geometry": { "type": "Point", "coordinates": [ -65.497218288393242, -27.165287139789598 ] } },
{ "type": "Feature", "properties": { "nombre": "Comuna Los Sarmiento y La Tipa", "tipo": "Comuna", "codigo_indec": "908469", "provincia": "IGN" }, "geometry": { "type": "Point", "coordinates": [ -65.693197072886562, -27.414789854668015 ] } },
{ "type": "Feature", "properties": { "nombre": "Comuna Santa Ana", "tipo": "Comuna", "codigo_indec": "908483", "provincia": "IGN" }, "geometry": { "type": "Point", "coordinates": [ -65.685385286401811, -27.473624634269413 ] } },
{ "type": "Feature", "properties": { "nombre": "Municipio Aguilares", "tipo": "Municipio", "codigo_indec": "900091", "provincia": "IGN" }, "geometry": { "type": "Point", "coordinates": [ -65.614537995132309, -27.43162800522822 ] } },
{ "type": "Feature", "properties": { "nombre": "Municipio San Miguel de Tucumán", "tipo": "Municipio", "codigo_indec": "900014", "provincia": "IGN" }, "geometry": { "type": "Point", "coordinates": [ -65.203779703070779, -26.830388761332244 ] } },
{ "type": "Feature", "properties": { "nombre": "Comuna Villa Chicligasta", "tipo": "Comuna", "codigo_indec": "908553", "provincia": "IGN" }, "geometry": { "type": "Point", "coordinates": [ -65.164240760202858, -27.434081536533654 ] } },
{ "type": "Feature", "properties": { "nombre": "Comuna Monteagudo", "tipo": "Comuna", "codigo_indec": "908518", "provincia": "IGN" }, "geometry": { "type": "Point", "coordinates": [ -65.277329539826383, -27.510776781822983 ] } },
{ "type": "Feature", "properties": { "nombre": "Comuna Atahona", "tipo": "Comuna", "codigo_indec": "908490", "provincia": "IGN" }, "geometry": { "type": "Point", "coordinates": [ -65.286681153612335, -27.416867355144291 ] } },
{ "type": "Feature", "properties": { "nombre": "Comuna Santa Cruz y La Tuna", "tipo": "Comuna", "codigo_indec": "908546", "provincia": "IGN" }, "geometry": { "type": "Point", "coordinates": [ -65.458073839436111, -27.38944716715298 ] } },
{ "type": "Feature", "properties": { "nombre": "Comuna Río Chico y Nueva Trinidad", "tipo": "Comuna", "codigo_indec": "908532", "provincia": "IGN" }, "geometry": { "type": "Point", "coordinates": [ -65.491250933184006, -27.484511336828689 ] } },
{ "type": "Feature", "properties": { "nombre": "Municipio Simoca", "tipo": "Municipio", "codigo_indec": "900098", "provincia": "IGN" }, "geometry": { "type": "Point", "coordinates": [ -65.357917301841951, -27.262904015308038 ] } },
{ "type": "Feature", "properties": { "nombre": "Comuna Colalao del Valle", "tipo": "Comuna", "codigo_indec": "908574", "provincia": "IGN" }, "geometry": { "type": "Point", "coordinates": [ -65.957067539335412, -26.363107315150444 ] } },
{ "type": "Feature", "properties": { "nombre": "Municipio Tafí del Valle", "tipo": "Municipio", "codigo_indec": "900105", "provincia": "IGN" }, "geometry": { "type": "Point", "coordinates": [ -65.710690161022058, -26.851944893841733 ] } },
{ "type": "Feature", "properties": { "nombre": "Comuna Amaicha del Valle", "tipo": "Comuna", "codigo_indec": "908567", "provincia": "IGN" }, "geometry": { "type": "Point", "coordinates": [ -65.92008516579773, -26.59366052041662 ] } },
{ "type": "Feature", "properties": { "nombre": "Comuna El Mollar", "tipo": "Comuna", "codigo_indec": "908581", "provincia": "IGN" }, "geometry": { "type": "Point", "coordinates": [ -65.709194970671319, -26.939796158066201 ] } },
{ "type": "Feature", "properties": { "nombre": "Municipio Tafí Viejo", "tipo": "Municipio", "codigo_indec": "900119", "provincia": "IGN" }, "geometry": { "type": "Point", "coordinates": [ -65.262843935699038, -26.729982821949648 ] } },
{ "type": "Feature", "properties": { "nombre": "Comuna Los Nogales", "tipo": "Comuna", "codigo_indec": "908616", "provincia": "IGN" }, "geometry": { "type": "Point", "coordinates": [ -65.225378255701912, -26.71801478895128 ] } },
{ "type": "Feature", "properties": { "nombre": "Municipio Las Talitas", "tipo": "Municipio", "codigo_indec": "900112", "provincia": "IGN" }, "geometry": { "type": "Point", "coordinates": [ -65.209092440863401, -26.77582801694939 ] } },
{ "type": "Feature", "properties": { "nombre": "Comuna El Cadillal", "tipo": "Comuna", "codigo_indec": "908602", "provincia": "IGN" }, "geometry": { "type": "Point", "coordinates": [ -65.207106214380246, -26.631866154499392 ] } },
{ "type": "Feature", "properties": { "nombre": "Municipio Trancas", "tipo": "Municipio", "codigo_indec": "900126", "provincia": "IGN" }, "geometry": { "type": "Point", "coordinates": [ -65.283446638451551, -26.230908163281072 ] } },
{ "type": "Feature", "properties": { "nombre": "Comuna San Pedro de Colalao", "tipo": "Comuna", "codigo_indec": "908630", "provincia": "IGN" }, "geometry": { "type": "Point", "coordinates": [ -65.494765767925799, -26.234960848364437 ] } },
{ "type": "Feature", "properties": { "nombre": "Comuna Choromoro", "tipo": "Comuna", "codigo_indec": "908623", "provincia": "IGN" }, "geometry": { "type": "Point", "coordinates": [ -65.319956993820142, -26.411274300668424 ] } },
{ "type": "Feature", "properties": { "nombre": "Comuna Cevil Redondo", "tipo": "Comuna", "codigo_indec": "908644", "provincia": "IGN" }, "geometry": { "type": "Point", "coordinates": [ -65.272409062927863, -26.76797275274032 ] } },
{ "type": "Feature", "properties": { "nombre": "Municipio Yerba Buena", "tipo": "Municipio", "codigo_indec": "900133", "provincia": "IGN" }, "geometry": { "type": "Point", "coordinates": [ -65.292538305898063, -26.816041685175605 ] } },
{ "type": "Feature", "properties": { "nombre": "Comuna Cerro Centinela", "tipo": "Comuna", "codigo_indec": "268021", "provincia": "IGN" }, "geometry": { "type": "Point", "coordinates": [ -71.598894536053933, -43.483465447272522 ] } },
{ "type": "Feature", "properties": { "nombre": "Comuna El Timbó", "tipo": "Comuna", "codigo_indec": "908035", "provincia": "IGN" }, "geometry": { "type": "Point", "coordinates": [ -65.136769484424121, -26.68345988256749 ] } },
{ "type": "Feature", "properties": { "nombre": "Comuna El Puestito", "tipo": "Comuna", "codigo_indec": "908028", "provincia": "IGN" }, "geometry": { "type": "Point", "coordinates": [ -64.734402636872176, -26.438374262562149 ] } },
{ "type": "Feature", "properties": { "nombre": "Comuna El Naranjito", "tipo": "Comuna", "codigo_indec": "908098", "provincia": "IGN" }, "geometry": { "type": "Point", "coordinates": [ -65.093514275763198, -27.020788447728648 ] } },
{ "type": "Feature", "properties": { "nombre": "Comuna Los Pereyra", "tipo": "Comuna", "codigo_indec": "908126", "provincia": "IGN" }, "geometry": { "type": "Point", "coordinates": [ -64.876795455745651, -26.943699144699735 ] } },
{ "type": "Feature", "properties": { "nombre": "Comuna Los Bulacio y Los Villagra", "tipo": "Comuna", "codigo_indec": "908119", "provincia": "IGN" }, "geometry": { "type": "Point", "coordinates": [ -65.2224099290749, -26.995812782533847 ] } },
{ "type": "Feature", "properties": { "nombre": "Comuna Gastona y Belicha", "tipo": "Comuna", "codigo_indec": "908182", "provincia": "IGN" }, "geometry": { "type": "Point", "coordinates": [ -65.508457884024097, -27.313100231990063 ] } },
{ "type": "Feature", "properties": { "nombre": "Comuna Escaba", "tipo": "Comuna", "codigo_indec": "908217", "provincia": "IGN" }, "geometry": { "type": "Point", "coordinates": [ -65.817150524377155, -27.621182712911832 ] } },
{ "type": "Feature", "properties": { "nombre": "Comuna El Sacrificio", "tipo": "Comuna", "codigo_indec": "908231", "provincia": "IGN" }, "geometry": { "type": "Point", "coordinates": [ -65.594305595426874, -27.67979335717763 ] } },
{ "type": "Feature", "properties": { "nombre": "Comuna Rumi Punco", "tipo": "Comuna", "codigo_indec": "908245", "provincia": "IGN" }, "geometry": { "type": "Point", "coordinates": [ -65.57361056197783, -27.985183337141279 ] } },
{ "type": "Feature", "properties": { "nombre": "Comuna Huasa Pampa", "tipo": "Comuna", "codigo_indec": "908238", "provincia": "IGN" }, "geometry": { "type": "Point", "coordinates": [ -65.57373827919821, -27.857157003592818 ] } },
{ "type": "Feature", "properties": { "nombre": "Comuna Yánima y El Corralito", "tipo": "Comuna", "codigo_indec": "908266", "provincia": "IGN" }, "geometry": { "type": "Point", "coordinates": [ -65.667730249251576, -27.655424648029054 ] } },
{ "type": "Feature", "properties": { "nombre": "Comuna San Ignacio", "tipo": "Comuna", "codigo_indec": "908252", "provincia": "IGN" }, "geometry": { "type": "Point", "coordinates": [ -65.627042308255909, -27.752422280064138 ] } },
{ "type": "Feature", "properties": { "nombre": "Comuna Agua Dulce y La Soledad", "tipo": "Comuna", "codigo_indec": "908273", "provincia": "IGN" }, "geometry": { "type": "Point", "coordinates": [ -65.08864883737391, -27.15917502160994 ] } },
{ "type": "Feature", "properties": { "nombre": "Comuna El Mojón", "tipo": "Comuna", "codigo_indec": "908280", "provincia": "IGN" }, "geometry": { "type": "Point", "coordinates": [ -64.922442938390873, -27.200915831300506 ] } },
{ "type": "Feature", "properties": { "nombre": "Comuna Esquina y Mancopa", "tipo": "Comuna", "codigo_indec": "908287", "provincia": "IGN" }, "geometry": { "type": "Point", "coordinates": [ -65.132073302041192, -27.033598028526171 ] } },
{ "type": "Feature", "properties": { "nombre": "Comuna Los Gómez", "tipo": "Comuna", "codigo_indec": "908308", "provincia": "IGN" }, "geometry": { "type": "Point", "coordinates": [ -65.228874442101755, -27.275126725517907 ] } },
{ "type": "Feature", "properties": { "nombre": "Comuna Las Talas", "tipo": "Comuna", "codigo_indec": "908301", "provincia": "IGN" }, "geometry": { "type": "Point", "coordinates": [ -65.279280163948386, -26.978155109470663 ] } },
{ "type": "Feature", "properties": { "nombre": "Comuna El Cercado", "tipo": "Comuna", "codigo_indec": "908399", "provincia": "IGN" }, "geometry": { "type": "Point", "coordinates": [ -65.557343374796858, -27.179483274633355 ] } },
{ "type": "Feature", "properties": { "nombre": "Comuna Los Sosa", "tipo": "Comuna", "codigo_indec": "908413", "provincia": "IGN" }, "geometry": { "type": "Point", "coordinates": [ -65.621573295271332, -27.096099254177204 ] } },
{ "type": "Feature", "properties": { "nombre": "Comuna Amberes", "tipo": "Comuna", "codigo_indec": "908385", "provincia": "IGN" }, "geometry": { "type": "Point", "coordinates": [ -65.490090959729969, -27.269032506544875 ] } },
{ "type": "Feature", "properties": { "nombre": "Comuna Monte Bello", "tipo": "Comuna", "codigo_indec": "908476", "provincia": "IGN" }, "geometry": { "type": "Point", "coordinates": [ -65.769223036413962, -27.381981842687821 ] } },
{ "type": "Feature", "properties": { "nombre": "Comuna El Polear y Los Córdoba", "tipo": "Comuna", "codigo_indec": "908462", "provincia": "IGN" }, "geometry": { "type": "Point", "coordinates": [ -65.593767183009049, -27.506889730276782 ] } },
{ "type": "Feature", "properties": { "nombre": "Comuna Cabal", "tipo": "Comuna", "codigo_indec": "822966", "provincia": "IGN" }, "geometry": { "type": "Point", "coordinates": [ -60.746507161676107, -31.099840162393548 ] } },
{ "type": "Feature", "properties": { "nombre": "Comuna San Pedro y San Antonio", "tipo": "Comuna", "codigo_indec": "908539", "provincia": "IGN" }, "geometry": { "type": "Point", "coordinates": [ -65.428075629686532, -27.372116224084436 ] } },
{ "type": "Feature", "properties": { "nombre": "Comuna Manuela Pedraza", "tipo": "Comuna", "codigo_indec": "908511", "provincia": "IGN" }, "geometry": { "type": "Point", "coordinates": [ -65.357322521716981, -27.225414353989208 ] } },
{ "type": "Feature", "properties": { "nombre": "Comuna Ciudacita", "tipo": "Comuna", "codigo_indec": "908504", "provincia": "IGN" }, "geometry": { "type": "Point", "coordinates": [ -65.450778848365132, -27.433181087637024 ] } },
{ "type": "Feature", "properties": { "nombre": "Comuna Pampa Mayo", "tipo": "Comuna", "codigo_indec": "908525", "provincia": "IGN" }, "geometry": { "type": "Point", "coordinates": [ -65.300169682085141, -27.317231909025338 ] } },
{ "type": "Feature", "properties": { "nombre": "Comuna Buena Vista", "tipo": "Comuna", "codigo_indec": "908497", "provincia": "IGN" }, "geometry": { "type": "Point", "coordinates": [ -65.392967712190114, -27.275061147853648 ] } },
{ "type": "Feature", "properties": { "nombre": "Comuna Yerba Buena", "tipo": "Comuna", "codigo_indec": "908560", "provincia": "IGN" }, "geometry": { "type": "Point", "coordinates": [ -65.39043705682468, -27.243391464444471 ] } },
{ "type": "Feature", "properties": { "nombre": "Comuna Anca Juli", "tipo": "Comuna", "codigo_indec": "908595", "provincia": "IGN" }, "geometry": { "type": "Point", "coordinates": [ -65.500644926622044, -26.585417212234518 ] } },
{ "type": "Feature", "properties": { "nombre": "Comuna Raco", "tipo": "Comuna", "codigo_indec": "908588", "provincia": "IGN" }, "geometry": { "type": "Point", "coordinates": [ -65.382531663505404, -26.634781221476146 ] } },
{ "type": "Feature", "properties": { "nombre": "Comuna La Esperanza", "tipo": "Comuna", "codigo_indec": "908609", "provincia": "IGN" }, "geometry": { "type": "Point", "coordinates": [ -65.25127837719532, -26.711200777793636 ] } },
{ "type": "Feature", "properties": { "nombre": "Comuna Tapia", "tipo": "Comuna", "codigo_indec": "908637", "provincia": "IGN" }, "geometry": { "type": "Point", "coordinates": [ -65.278877062626293, -26.59392416207038 ] } },
{ "type": "Feature", "properties": { "nombre": "Comuna San Javier", "tipo": "Comuna", "codigo_indec": "908651", "provincia": "IGN" }, "geometry": { "type": "Point", "coordinates": [ -65.396464771831688, -26.789300489825678 ] } },
{ "type": "Feature", "properties": { "nombre": "Municipio Fachinal", "tipo": "Municipio", "codigo_indec": "540105", "provincia": "IGN" }, "geometry": { "type": "Point", "coordinates": [ -55.705964403734185, -27.629416122256202 ] } },
{ "type": "Feature", "properties": { "nombre": "Comisión Los Chihuidos", "tipo": "Comisión", "codigo_indec": "585021", "provincia": "IGN" }, "geometry": { "type": "Point", "coordinates": [ -69.460847730937985, -38.337493292581371 ] } },
{ "type": "Feature", "properties": { "nombre": "Comisión Pilo Lil", "tipo": "Comisión", "codigo_indec": "585028", "provincia": "IGN" }, "geometry": { "type": "Point", "coordinates": [ -70.935335007404603, -39.604393321194777 ] } },
{ "type": "Feature", "properties": { "nombre": "Comisión Sauzal Bonito", "tipo": "Comisión", "codigo_indec": "585042", "provincia": "IGN" }, "geometry": { "type": "Point", "coordinates": [ -69.105674373473505, -38.601662330352212 ] } },
{ "type": "Feature", "properties": { "nombre": "Comisión Coyuco - Cochico", "tipo": "Comisión", "codigo_indec": "585049", "provincia": "IGN" }, "geometry": { "type": "Point", "coordinates": [ -70.222309607802117, -36.485828084598381 ] } },
{ "type": "Feature", "properties": { "nombre": "Comisión Guañacos", "tipo": "Comisión", "codigo_indec": "585077", "provincia": "IGN" }, "geometry": { "type": "Point", "coordinates": [ -70.765676180311459, -37.26899110695399 ] } },
{ "type": "Feature", "properties": { "nombre": "Comisión Covunco Abajo", "tipo": "Comisión", "codigo_indec": "585133", "provincia": "IGN" }, "geometry": { "type": "Point", "coordinates": [ -69.712756485723219, -38.630247927299934 ] } },
{ "type": "Feature", "properties": { "nombre": "Comisión Villa Puente Picún Leufú", "tipo": "Comisión", "codigo_indec": "585154", "provincia": "IGN" }, "geometry": { "type": "Point", "coordinates": [ -70.0610526888305, -39.212835145625434 ] } },
{ "type": "Feature", "properties": { "nombre": "Comisión Cubanea", "tipo": "Comisión", "codigo_indec": "625007", "provincia": "IGN" }, "geometry": { "type": "Point", "coordinates": [ -63.562711739655015, -40.608352770663771 ] } },
{ "type": "Feature", "properties": { "nombre": "Comisión Paso Flores", "tipo": "Comisión", "codigo_indec": "625035", "provincia": "IGN" }, "geometry": { "type": "Point", "coordinates": [ -70.625365856748829, -40.679038883637531 ] } },
{ "type": "Feature", "properties": { "nombre": "Comisión Chipauquil", "tipo": "Comisión", "codigo_indec": "625175", "provincia": "IGN" }, "geometry": { "type": "Point", "coordinates": [ -66.641473639896503, -40.960407147971466 ] } },
{ "type": "Feature", "properties": { "nombre": "Municipio San Fernando", "tipo": "Municipio", "codigo_indec": "100112", "provincia": "IGN" }, "geometry": { "type": "Point", "coordinates": [ -66.905507848608295, -27.283194182965133 ] } },
{ "type": "Feature", "properties": { "nombre": "Comisión Cusi Cusi", "tipo": "Comisión", "codigo_indec": "386140", "provincia": "IGN" }, "geometry": { "type": "Point", "coordinates": [ -66.493487092755061, -22.340338271394046 ] } },
{ "type": "Feature", "properties": { "nombre": "Municipio Pilcaniyeu", "tipo": "Municipio", "codigo_indec": "620224", "provincia": "IGN" }, "geometry": { "type": "Point", "coordinates": [ -70.721587283925999, -41.122639494117323 ] } },
{ "type": "Feature", "properties": { "nombre": "Comisión Malbrán", "tipo": "Comisión", "codigo_indec": "866007", "provincia": "IGN" }, "geometry": { "type": "Point", "coordinates": [ -62.441769553122356, -29.349178438434137 ] } },
{ "type": "Feature", "properties": { "nombre": "Comisión Argentina", "tipo": "Comisión", "codigo_indec": "866308", "provincia": "IGN" }, "geometry": { "type": "Point", "coordinates": [ -62.267139677554042, -29.534710697140895 ] } },
{ "type": "Feature", "properties": { "nombre": "Comisión Casares", "tipo": "Comisión", "codigo_indec": "866315", "provincia": "IGN" }, "geometry": { "type": "Point", "coordinates": [ -62.800102806299435, -28.948138844532025 ] } },
{ "type": "Feature", "properties": { "nombre": "Municipio Pinto", "tipo": "Municipio", "codigo_indec": "860007", "provincia": "IGN" }, "geometry": { "type": "Point", "coordinates": [ -62.654548467537722, -29.141753806892609 ] } },
{ "type": "Feature", "properties": { "nombre": "Comisión Sachajoy", "tipo": "Comisión", "codigo_indec": "866014", "provincia": "IGN" }, "geometry": { "type": "Point", "coordinates": [ -61.815044365105337, -26.675407254041488 ] } },
{ "type": "Feature", "properties": { "nombre": "Comisión Donadeu", "tipo": "Comisión", "codigo_indec": "866322", "provincia": "IGN" }, "geometry": { "type": "Point", "coordinates": [ -62.720730228916864, -26.725264947019639 ] } },
{ "type": "Feature", "properties": { "nombre": "Municipio Campo Gallo", "tipo": "Municipio", "codigo_indec": "860014", "provincia": "IGN" }, "geometry": { "type": "Point", "coordinates": [ -62.847050151043618, -26.583952541276687 ] } },
{ "type": "Feature", "properties": { "nombre": "Comisión Santos Lugares", "tipo": "Comisión", "codigo_indec": "866329", "provincia": "IGN" }, "geometry": { "type": "Point", "coordinates": [ -63.559210449602517, -26.690598137993618 ] } },
{ "type": "Feature", "properties": { "nombre": "Municipio Villa Atamisqui", "tipo": "Municipio", "codigo_indec": "860021", "provincia": "IGN" }, "geometry": { "type": "Point", "coordinates": [ -63.817328560864325, -28.496444045156522 ] } },
{ "type": "Feature", "properties": { "nombre": "Comisión Estación Atamisqui", "tipo": "Comisión", "codigo_indec": "866021", "provincia": "IGN" }, "geometry": { "type": "Point", "coordinates": [ -63.937446073777267, -28.493728904665147 ] } },
{ "type": "Feature", "properties": { "nombre": "Comisión Medellín", "tipo": "Comisión", "codigo_indec": "866028", "provincia": "IGN" }, "geometry": { "type": "Point", "coordinates": [ -63.785507443313804, -28.652341341079989 ] } },
{ "type": "Feature", "properties": { "nombre": "Comisión Lugones", "tipo": "Comisión", "codigo_indec": "866049", "provincia": "IGN" }, "geometry": { "type": "Point", "coordinates": [ -63.339329710397749, -28.336351611537623 ] } },
{ "type": "Feature", "properties": { "nombre": "Comisión Herrera", "tipo": "Comisión", "codigo_indec": "866035", "provincia": "IGN" }, "geometry": { "type": "Point", "coordinates": [ -63.06623781872031, -28.48291438169332 ] } },
{ "type": "Feature", "properties": { "nombre": "Comisión Villa Mailín", "tipo": "Comisión", "codigo_indec": "866336", "provincia": "IGN" }, "geometry": { "type": "Point", "coordinates": [ -63.276050818490432, -28.482600684673798 ] } },
{ "type": "Feature", "properties": { "nombre": "Comisión Real Sayana", "tipo": "Comisión", "codigo_indec": "866056", "provincia": "IGN" }, "geometry": { "type": "Point", "coordinates": [ -62.843062738754327, -28.81468987513756 ] } },
{ "type": "Feature", "properties": { "nombre": "Municipio Colonia Dora", "tipo": "Municipio", "codigo_indec": "860028", "provincia": "IGN" }, "geometry": { "type": "Point", "coordinates": [ -62.950418139785256, -28.604023222693513 ] } },
{ "type": "Feature", "properties": { "nombre": "Comisión Icaño", "tipo": "Comisión", "codigo_indec": "866042", "provincia": "IGN" }, "geometry": { "type": "Point", "coordinates": [ -62.88118011157286, -28.681477283549725 ] } },
{ "type": "Feature", "properties": { "nombre": "Comisión Cañada Escobar", "tipo": "Comisión", "codigo_indec": "866357", "provincia": "IGN" }, "geometry": { "type": "Point", "coordinates": [ -64.023154750891024, -27.708497219471042 ] } },
{ "type": "Feature", "properties": { "nombre": "Comisión Los Quiroga", "tipo": "Comisión", "codigo_indec": "866070", "provincia": "IGN" }, "geometry": { "type": "Point", "coordinates": [ -64.354954814712869, -27.652603128531496 ] } },
{ "type": "Feature", "properties": { "nombre": "Comisión La Aurora", "tipo": "Comisión", "codigo_indec": "866371", "provincia": "IGN" }, "geometry": { "type": "Point", "coordinates": [ -64.230664954723864, -27.495940281119033 ] } },
{ "type": "Feature", "properties": { "nombre": "Municipio Clodomira", "tipo": "Municipio", "codigo_indec": "860035", "provincia": "IGN" }, "geometry": { "type": "Point", "coordinates": [ -64.135225577098652, -27.580564285013679 ] } },
{ "type": "Feature", "properties": { "nombre": "Comisión Ardiles", "tipo": "Comisión", "codigo_indec": "866350", "provincia": "IGN" }, "geometry": { "type": "Point", "coordinates": [ -64.499320899939562, -27.412056165659465 ] } },
{ "type": "Feature", "properties": { "nombre": "Comisión Antajé", "tipo": "Comisión", "codigo_indec": "866343", "provincia": "IGN" }, "geometry": { "type": "Point", "coordinates": [ -64.254601150222868, -27.622919466560063 ] } },
{ "type": "Feature", "properties": { "nombre": "Comisión Chaupi Pozo", "tipo": "Comisión", "codigo_indec": "866364", "provincia": "IGN" }, "geometry": { "type": "Point", "coordinates": [ -64.419840740257939, -27.506932753843444 ] } },
{ "type": "Feature", "properties": { "nombre": "Comisión San Ramón - La Dársena", "tipo": "Comisión", "codigo_indec": "866378", "provincia": "IGN" }, "geometry": { "type": "Point", "coordinates": [ -64.288342993034632, -27.698419949920719 ] } },
{ "type": "Feature", "properties": { "nombre": "Municipio La Banda", "tipo": "Municipio", "codigo_indec": "860042", "provincia": "IGN" }, "geometry": { "type": "Point", "coordinates": [ -64.243360444828625, -27.730650251807617 ] } },
{ "type": "Feature", "properties": { "nombre": "Comisión Estación Simbolar", "tipo": "Comisión", "codigo_indec": "866063", "provincia": "IGN" }, "geometry": { "type": "Point", "coordinates": [ -64.193121955513789, -27.653810865878711 ] } },
{ "type": "Feature", "properties": { "nombre": "Comisión Guardia Escolta", "tipo": "Comisión", "codigo_indec": "866084", "provincia": "IGN" }, "geometry": { "type": "Point", "coordinates": [ -62.126599523249354, -28.988338541790199 ] } },
{ "type": "Feature", "properties": { "nombre": "Comisión Cuatro Bocas", "tipo": "Comisión", "codigo_indec": "866385", "provincia": "IGN" }, "geometry": { "type": "Point", "coordinates": [ -61.857592654477401, -28.864274658948318 ] } },
{ "type": "Feature", "properties": { "nombre": "Municipio Bandera", "tipo": "Municipio", "codigo_indec": "860049", "provincia": "IGN" }, "geometry": { "type": "Point", "coordinates": [ -62.269025270799546, -28.888091733846409 ] } },
{ "type": "Feature", "properties": { "nombre": "Comisión Fortín Inca", "tipo": "Comisión", "codigo_indec": "866077", "provincia": "IGN" }, "geometry": { "type": "Point", "coordinates": [ -61.934476264567934, -29.127471388393815 ] } },
{ "type": "Feature", "properties": { "nombre": "Comisión San Pedro", "tipo": "Comisión", "codigo_indec": "866392", "provincia": "IGN" }, "geometry": { "type": "Point", "coordinates": [ -64.164005457286009, -27.946215051883087 ] } },
{ "type": "Feature", "properties": { "nombre": "Comisión Villa Zanjón", "tipo": "Comisión", "codigo_indec": "866399", "provincia": "IGN" }, "geometry": { "type": "Point", "coordinates": [ -64.243197094670165, -27.870955309839644 ] } },
{ "type": "Feature", "properties": { "nombre": "Municipio Santiago del Estero", "tipo": "Municipio", "codigo_indec": "860056", "provincia": "IGN" }, "geometry": { "type": "Point", "coordinates": [ -64.259668066428105, -27.78768447355958 ] } },
{ "type": "Feature", "properties": { "nombre": "Comisión Los Pirpintos", "tipo": "Comisión", "codigo_indec": "866091", "provincia": "IGN" }, "geometry": { "type": "Point", "coordinates": [ -62.064365217280908, -26.131679505704597 ] } },
{ "type": "Feature", "properties": { "nombre": "Comisión San José del Boquerón", "tipo": "Comisión", "codigo_indec": "866413", "provincia": "IGN" }, "geometry": { "type": "Point", "coordinates": [ -63.704038251264251, -26.119210388448607 ] } },
{ "type": "Feature", "properties": { "nombre": "Municipio Pampa de los Guanacos", "tipo": "Municipio", "codigo_indec": "860070", "provincia": "IGN" }, "geometry": { "type": "Point", "coordinates": [ -61.836474121283629, -26.230182279088865 ] } },
{ "type": "Feature", "properties": { "nombre": "Municipio Monte Quemado", "tipo": "Municipio", "codigo_indec": "860063", "provincia": "IGN" }, "geometry": { "type": "Point", "coordinates": [ -62.830131951828093, -25.803569594061457 ] } },
{ "type": "Feature", "properties": { "nombre": "Comisión El Caburé", "tipo": "Comisión", "codigo_indec": "866406", "provincia": "IGN" }, "geometry": { "type": "Point", "coordinates": [ -62.334173398183736, -26.015884209188869 ] } },
{ "type": "Feature", "properties": { "nombre": "Comisión Tapso", "tipo": "Comisión", "codigo_indec": "866112", "provincia": "IGN" }, "geometry": { "type": "Point", "coordinates": [ -65.096249432465299, -28.403754610886551 ] } },
{ "type": "Feature", "properties": { "nombre": "Comisión Laprida", "tipo": "Comisión", "codigo_indec": "866105", "provincia": "IGN" }, "geometry": { "type": "Point", "coordinates": [ -64.530551716888169, -28.375631993022012 ] } },
{ "type": "Feature", "properties": { "nombre": "Municipio Frías", "tipo": "Municipio", "codigo_indec": "860077", "provincia": "IGN" }, "geometry": { "type": "Point", "coordinates": [ -65.128728351931841, -28.637544185715569 ] } },
{ "type": "Feature", "properties": { "nombre": "Comisión Villa La Punta", "tipo": "Comisión", "codigo_indec": "866119", "provincia": "IGN" }, "geometry": { "type": "Point", "coordinates": [ -64.79467199701503, -28.369725994059309 ] } },
{ "type": "Feature", "properties": { "nombre": "Comisión Choya", "tipo": "Comisión", "codigo_indec": "866098", "provincia": "IGN" }, "geometry": { "type": "Point", "coordinates": [ -64.856284376822487, -28.496103426931541 ] } },
{ "type": "Feature", "properties": { "nombre": "Comisión Bandera Bajada", "tipo": "Comisión", "codigo_indec": "866126", "provincia": "IGN" }, "geometry": { "type": "Point", "coordinates": [ -63.513181910716582, -27.27329068131985 ] } },
{ "type": "Feature", "properties": { "nombre": "Comisión La Invernada", "tipo": "Comisión", "codigo_indec": "866434", "provincia": "IGN" }, "geometry": { "type": "Point", "coordinates": [ -63.488154774623126, -27.382678900910491 ] } },
{ "type": "Feature", "properties": { "nombre": "Comisión La Cañada", "tipo": "Comisión", "codigo_indec": "866133", "provincia": "IGN" }, "geometry": { "type": "Point", "coordinates": [ -63.772554212007265, -27.709508899216303 ] } },
{ "type": "Feature", "properties": { "nombre": "Comisión Colonia San Juan", "tipo": "Comisión", "codigo_indec": "866427", "provincia": "IGN" }, "geometry": { "type": "Point", "coordinates": [ -63.300576777696108, -27.617907614045123 ] } },
{ "type": "Feature", "properties": { "nombre": "Comisión Villa Figueroa", "tipo": "Comisión", "codigo_indec": "866441", "provincia": "IGN" }, "geometry": { "type": "Point", "coordinates": [ -63.506563063234751, -27.721227927926464 ] } },
{ "type": "Feature", "properties": { "nombre": "Municipio Los Juríes", "tipo": "Municipio", "codigo_indec": "860091", "provincia": "IGN" }, "geometry": { "type": "Point", "coordinates": [ -62.110240174444471, -28.462926433907739 ] } },
{ "type": "Feature", "properties": { "nombre": "Comisión Averías", "tipo": "Comisión", "codigo_indec": "866448", "provincia": "IGN" }, "geometry": { "type": "Point", "coordinates": [ -62.450701385860214, -28.747614711050005 ] } },
{ "type": "Feature", "properties": { "nombre": "Comisión Tacañitas", "tipo": "Comisión", "codigo_indec": "866455", "provincia": "IGN" }, "geometry": { "type": "Point", "coordinates": [ -62.606918069713117, -28.626538289710254 ] } },
{ "type": "Feature", "properties": { "nombre": "Comisión Tomás Young", "tipo": "Comisión", "codigo_indec": "866140", "provincia": "IGN" }, "geometry": { "type": "Point", "coordinates": [ -62.182674913016797, -28.600540692498896 ] } },
{ "type": "Feature", "properties": { "nombre": "Municipio Añatuya", "tipo": "Municipio", "codigo_indec": "860084", "provincia": "IGN" }, "geometry": { "type": "Point", "coordinates": [ -62.833542467910547, -28.460203350604104 ] } },
{ "type": "Feature", "properties": { "nombre": "Comisión Lavalle", "tipo": "Comisión", "codigo_indec": "866147", "provincia": "IGN" }, "geometry": { "type": "Point", "coordinates": [ -65.107665649550029, -28.194511096909537 ] } },
{ "type": "Feature", "properties": { "nombre": "Municipio San Pedro de Guasayán", "tipo": "Municipio", "codigo_indec": "860098", "provincia": "IGN" }, "geometry": { "type": "Point", "coordinates": [ -65.168496153374747, -27.955896929999255 ] } },
{ "type": "Feature", "properties": { "nombre": "Comisión Gramilla", "tipo": "Comisión", "codigo_indec": "866168", "provincia": "IGN" }, "geometry": { "type": "Point", "coordinates": [ -64.610280949206413, -27.29663054985997 ] } },
{ "type": "Feature", "properties": { "nombre": "Comisión El Charco", "tipo": "Comisión", "codigo_indec": "866161", "provincia": "IGN" }, "geometry": { "type": "Point", "coordinates": [ -64.700302714598536, -27.225768021377064 ] } },
{ "type": "Feature", "properties": { "nombre": "Comisión El Bobadal", "tipo": "Comisión", "codigo_indec": "866154", "provincia": "IGN" }, "geometry": { "type": "Point", "coordinates": [ -64.396364882533248, -26.724041906808509 ] } },
{ "type": "Feature", "properties": { "nombre": "Comisión El Arenal", "tipo": "Comisión", "codigo_indec": "866483", "provincia": "IGN" }, "geometry": { "type": "Point", "coordinates": [ -64.602874474577277, -26.770692323292053 ] } },
{ "type": "Feature", "properties": { "nombre": "Municipio Pozo Hondo", "tipo": "Municipio", "codigo_indec": "860105", "provincia": "IGN" }, "geometry": { "type": "Point", "coordinates": [ -64.490762814652157, -27.167065356680837 ] } },
{ "type": "Feature", "properties": { "nombre": "Municipio Suncho Corral", "tipo": "Municipio", "codigo_indec": "860112", "provincia": "IGN" }, "geometry": { "type": "Point", "coordinates": [ -63.430152203361445, -27.932845713259042 ] } },
{ "type": "Feature", "properties": { "nombre": "Comisión Vilelas", "tipo": "Comisión", "codigo_indec": "866182", "provincia": "IGN" }, "geometry": { "type": "Point", "coordinates": [ -62.608938197040118, -27.961219785164928 ] } },
{ "type": "Feature", "properties": { "nombre": "Comisión El Cuadrado", "tipo": "Comisión", "codigo_indec": "866497", "provincia": "IGN" }, "geometry": { "type": "Point", "coordinates": [ -61.802075565634823, -28.228376870795898 ] } },
{ "type": "Feature", "properties": { "nombre": "Comisión El Colorado", "tipo": "Comisión", "codigo_indec": "866490", "provincia": "IGN" }, "geometry": { "type": "Point", "coordinates": [ -62.177357286509505, -27.914534350879535 ] } },
{ "type": "Feature", "properties": { "nombre": "Comisión Matará", "tipo": "Comisión", "codigo_indec": "866175", "provincia": "IGN" }, "geometry": { "type": "Point", "coordinates": [ -63.195071250637682, -28.110413912272179 ] } },
{ "type": "Feature", "properties": { "nombre": "Municipio Loreto", "tipo": "Municipio", "codigo_indec": "860119", "provincia": "IGN" }, "geometry": { "type": "Point", "coordinates": [ -64.184139285899278, -28.300986340447196 ] } },
{ "type": "Feature", "properties": { "nombre": "Comisión Villa Unión", "tipo": "Comisión", "codigo_indec": "866189", "provincia": "IGN" }, "geometry": { "type": "Point", "coordinates": [ -62.790403928298588, -29.413622967725757 ] } },
{ "type": "Feature", "properties": { "nombre": "Comisión Otumpa", "tipo": "Comisión", "codigo_indec": "866518", "provincia": "IGN" }, "geometry": { "type": "Point", "coordinates": [ -62.225192918618234, -27.327815004958495 ] } },
{ "type": "Feature", "properties": { "nombre": "Comisión Lilo Viejo - Patay", "tipo": "Comisión", "codigo_indec": "866525", "provincia": "IGN" }, "geometry": { "type": "Point", "coordinates": [ -62.930519636771805, -26.840003666036296 ] } },
{ "type": "Feature", "properties": { "nombre": "Comisión Las Tinajas", "tipo": "Comisión", "codigo_indec": "866511", "provincia": "IGN" }, "geometry": { "type": "Point", "coordinates": [ -62.917965662185509, -27.465716652701303 ] } },
{ "type": "Feature", "properties": { "nombre": "Comisión Weisburd", "tipo": "Comisión", "codigo_indec": "866196", "provincia": "IGN" }, "geometry": { "type": "Point", "coordinates": [ -62.585042016875548, -27.318901209922842 ] } },
{ "type": "Feature", "properties": { "nombre": "Municipio Quimilí", "tipo": "Municipio", "codigo_indec": "860126", "provincia": "IGN" }, "geometry": { "type": "Point", "coordinates": [ -62.417370197776393, -27.644686248171752 ] } },
{ "type": "Feature", "properties": { "nombre": "Municipio Tintina", "tipo": "Municipio", "codigo_indec": "860133", "provincia": "IGN" }, "geometry": { "type": "Point", "coordinates": [ -62.706405354323579, -27.026289875877012 ] } },
{ "type": "Feature", "properties": { "nombre": "Municipio Villa Ojo de Agua", "tipo": "Municipio", "codigo_indec": "860140", "provincia": "IGN" }, "geometry": { "type": "Point", "coordinates": [ -63.694968369894298, -29.502807384253344 ] } },
{ "type": "Feature", "properties": { "nombre": "Comisión Sol de Julio", "tipo": "Comisión", "codigo_indec": "866203", "provincia": "IGN" }, "geometry": { "type": "Point", "coordinates": [ -63.457078784058581, -29.56532819713857 ] } },
{ "type": "Feature", "properties": { "nombre": "Comisión Rapelli", "tipo": "Comisión", "codigo_indec": "866553", "provincia": "IGN" }, "geometry": { "type": "Point", "coordinates": [ -64.505051275695791, -26.393318495152357 ] } },
{ "type": "Feature", "properties": { "nombre": "Municipio Nueva Esperanza", "tipo": "Municipio", "codigo_indec": "860147", "provincia": "IGN" }, "geometry": { "type": "Point", "coordinates": [ -64.240017550569462, -26.200185358067756 ] } },
{ "type": "Feature", "properties": { "nombre": "Comisión Pozo Betbeder", "tipo": "Comisión", "codigo_indec": "866539", "provincia": "IGN" }, "geometry": { "type": "Point", "coordinates": [ -64.33706110288756, -26.409809260089219 ] } },
{ "type": "Feature", "properties": { "nombre": "Comisión Las Delicias", "tipo": "Comisión", "codigo_indec": "866532", "provincia": "IGN" }, "geometry": { "type": "Point", "coordinates": [ -64.005896675391227, -26.676914486314445 ] } },
{ "type": "Feature", "properties": { "nombre": "Comisión El Mojón", "tipo": "Comisión", "codigo_indec": "866210", "provincia": "IGN" }, "geometry": { "type": "Point", "coordinates": [ -64.309154398756448, -26.092739290086115 ] } },
{ "type": "Feature", "properties": { "nombre": "Comisión Ramírez de Velazco", "tipo": "Comisión", "codigo_indec": "866560", "provincia": "IGN" }, "geometry": { "type": "Point", "coordinates": [ -63.474254279311481, -29.230952325689259 ] } },
{ "type": "Feature", "properties": { "nombre": "Municipio Beltrán", "tipo": "Municipio", "codigo_indec": "860175", "provincia": "IGN" }, "geometry": { "type": "Point", "coordinates": [ -64.058760101397525, -27.826833800439488 ] } },
{ "type": "Feature", "properties": { "nombre": "Municipio Sumanpa", "tipo": "Municipio", "codigo_indec": "860154", "provincia": "IGN" }, "geometry": { "type": "Point", "coordinates": [ -63.474837161405844, -29.382556802254555 ] } },
{ "type": "Feature", "properties": { "nombre": "Comisión Pozuelos", "tipo": "Comisión", "codigo_indec": "866581", "provincia": "IGN" }, "geometry": { "type": "Point", "coordinates": [ -64.754936710560685, -27.305639498563949 ] } },
{ "type": "Feature", "properties": { "nombre": "Comisión Vinará", "tipo": "Comisión", "codigo_indec": "866588", "provincia": "IGN" }, "geometry": { "type": "Point", "coordinates": [ -64.794601840902203, -27.37889945144849 ] } },
{ "type": "Feature", "properties": { "nombre": "Comisión Los Núñez", "tipo": "Comisión", "codigo_indec": "866217", "provincia": "IGN" }, "geometry": { "type": "Point", "coordinates": [ -64.528834572057804, -27.53422081793633 ] } },
{ "type": "Feature", "properties": { "nombre": "Comisión Colonia Tinco", "tipo": "Comisión", "codigo_indec": "866574", "provincia": "IGN" }, "geometry": { "type": "Point", "coordinates": [ -64.940771230507835, -27.414801325520727 ] } },
{ "type": "Feature", "properties": { "nombre": "Comisión Villa Río Hondo", "tipo": "Comisión", "codigo_indec": "866224", "provincia": "IGN" }, "geometry": { "type": "Point", "coordinates": [ -64.873436698344904, -27.59562124642332 ] } },
{ "type": "Feature", "properties": { "nombre": "Municipio Termas de Río Hondo", "tipo": "Municipio", "codigo_indec": "860161", "provincia": "IGN" }, "geometry": { "type": "Point", "coordinates": [ -64.860713292384503, -27.49863498991283 ] } },
{ "type": "Feature", "properties": { "nombre": "Municipio Selva", "tipo": "Municipio", "codigo_indec": "860168", "provincia": "IGN" }, "geometry": { "type": "Point", "coordinates": [ -62.047532443767238, -29.768247952780769 ] } },
{ "type": "Feature", "properties": { "nombre": "Comisión Colonia Alpina", "tipo": "Comisión", "codigo_indec": "866231", "provincia": "IGN" }, "geometry": { "type": "Point", "coordinates": [ -62.103391678782884, -30.06009719682811 ] } },
{ "type": "Feature", "properties": { "nombre": "Comisión Palo Negro", "tipo": "Comisión", "codigo_indec": "866238", "provincia": "IGN" }, "geometry": { "type": "Point", "coordinates": [ -62.135623049963726, -29.675072184034036 ] } },
{ "type": "Feature", "properties": { "nombre": "Municipio Fernández", "tipo": "Municipio", "codigo_indec": "860182", "provincia": "IGN" }, "geometry": { "type": "Point", "coordinates": [ -63.894588378950516, -27.925315293166193 ] } },
{ "type": "Feature", "properties": { "nombre": "Comisión Vilmer", "tipo": "Comisión", "codigo_indec": "866252", "provincia": "IGN" }, "geometry": { "type": "Point", "coordinates": [ -64.151488762296481, -27.785425238084201 ] } },
{ "type": "Feature", "properties": { "nombre": "Comisión Colonia El Simbolar", "tipo": "Comisión", "codigo_indec": "866245", "provincia": "IGN" }, "geometry": { "type": "Point", "coordinates": [ -63.858759665626053, -27.727566803864875 ] } },
{ "type": "Feature", "properties": { "nombre": "Municipio Forres", "tipo": "Municipio", "codigo_indec": "860189", "provincia": "IGN" }, "geometry": { "type": "Point", "coordinates": [ -63.977373294441918, -27.874566363946485 ] } },
{ "type": "Feature", "properties": { "nombre": "Municipio Los Telares", "tipo": "Municipio", "codigo_indec": "860196", "provincia": "IGN" }, "geometry": { "type": "Point", "coordinates": [ -63.450399707180679, -28.985075234834198 ] } },
{ "type": "Feature", "properties": { "nombre": "Comisión Villa Salavina", "tipo": "Comisión", "codigo_indec": "866266", "provincia": "IGN" }, "geometry": { "type": "Point", "coordinates": [ -63.429650574114646, -28.804316922887665 ] } },
{ "type": "Feature", "properties": { "nombre": "Comisión Chilca Juliana", "tipo": "Comisión", "codigo_indec": "866259", "provincia": "IGN" }, "geometry": { "type": "Point", "coordinates": [ -63.575344251136244, -28.797201836695365 ] } },
{ "type": "Feature", "properties": { "nombre": "Comisión Brea Pozo", "tipo": "Comisión", "codigo_indec": "866273", "provincia": "IGN" }, "geometry": { "type": "Point", "coordinates": [ -63.953337338946994, -28.243852743609182 ] } },
{ "type": "Feature", "properties": { "nombre": "Comisión Estación Robles", "tipo": "Comisión", "codigo_indec": "866609", "provincia": "IGN" }, "geometry": { "type": "Point", "coordinates": [ -63.991232496482496, -28.049080041710511 ] } },
{ "type": "Feature", "properties": { "nombre": "Comisión Taboada", "tipo": "Comisión", "codigo_indec": "866280", "provincia": "IGN" }, "geometry": { "type": "Point", "coordinates": [ -63.744409957353582, -28.008451723967823 ] } },
{ "type": "Feature", "properties": { "nombre": "Comisión Garza", "tipo": "Comisión", "codigo_indec": "866287", "provincia": "IGN" }, "geometry": { "type": "Point", "coordinates": [ -63.538873347227138, -28.152941113441614 ] } },
{ "type": "Feature", "properties": { "nombre": "Comisión Villa Silípica", "tipo": "Comisión", "codigo_indec": "866623", "provincia": "IGN" }, "geometry": { "type": "Point", "coordinates": [ -64.149598741688521, -28.108463743207153 ] } },
{ "type": "Feature", "properties": { "nombre": "Comisión Árraga", "tipo": "Comisión", "codigo_indec": "866294", "provincia": "IGN" }, "geometry": { "type": "Point", "coordinates": [ -64.223791381467038, -28.051291690459095 ] } },
{ "type": "Feature", "properties": { "nombre": "Comisión Nueva Francia", "tipo": "Comisión", "codigo_indec": "866301", "provincia": "IGN" }, "geometry": { "type": "Point", "coordinates": [ -64.199983023697541, -28.17376476972828 ] } },
{ "type": "Feature", "properties": { "nombre": "Comisión Villa Matoque", "tipo": "Comisión", "codigo_indec": "866420", "provincia": "IGN" }, "geometry": { "type": "Point", "coordinates": [ -63.79448901575546, -25.832082710148882 ] } },
{ "type": "Feature", "properties": { "nombre": "Municipio Córdoba", "tipo": "Municipio", "codigo_indec": "140077", "provincia": "IGN" }, "geometry": { "type": "Point", "coordinates": [ -64.183606532015801, -31.416804474646767 ] } },
{ "type": "Feature", "properties": { "nombre": "Comisión Guampacha", "tipo": "Comisión", "codigo_indec": "866469", "provincia": "IGN" }, "geometry": { "type": "Point", "coordinates": [ -64.791451581425292, -28.012613495016751 ] } },
{ "type": "Feature", "properties": { "nombre": "Comisión Doña Luisa", "tipo": "Comisión", "codigo_indec": "866462", "provincia": "IGN" }, "geometry": { "type": "Point", "coordinates": [ -64.725213696954484, -27.746319779234398 ] } },
{ "type": "Feature", "properties": { "nombre": "Comisión Villa Guasayán", "tipo": "Comisión", "codigo_indec": "866476", "provincia": "IGN" }, "geometry": { "type": "Point", "coordinates": [ -64.848999077745191, -27.886717044755756 ] } },
{ "type": "Feature", "properties": { "nombre": "Comisión Pozo del Toba", "tipo": "Comisión", "codigo_indec": "866504", "provincia": "IGN" }, "geometry": { "type": "Point", "coordinates": [ -61.996539051835725, -27.951121762859032 ] } },
{ "type": "Feature", "properties": { "nombre": "Comisión Quebracho Coto", "tipo": "Comisión", "codigo_indec": "866546", "provincia": "IGN" }, "geometry": { "type": "Point", "coordinates": [ -64.468676266496459, -26.282847579052486 ] } },
{ "type": "Feature", "properties": { "nombre": "Comisión Villa Robles", "tipo": "Comisión", "codigo_indec": "866595", "provincia": "IGN" }, "geometry": { "type": "Point", "coordinates": [ -64.110179244076789, -27.918745215019612 ] } },
{ "type": "Feature", "properties": { "nombre": "Comisión Sabagasta", "tipo": "Comisión", "codigo_indec": "866602", "provincia": "IGN" }, "geometry": { "type": "Point", "coordinates": [ -63.494066915955386, -28.627691863588609 ] } },
{ "type": "Feature", "properties": { "nombre": "Comisión Manogasta", "tipo": "Comisión", "codigo_indec": "866616", "provincia": "IGN" }, "geometry": { "type": "Point", "coordinates": [ -64.167211361415184, -28.006635198655431 ] } },
{ "type": "Feature", "properties": { "nombre": "Municipio Adolfo Alsina", "tipo": "Municipio", "codigo_indec": "060007", "provincia": "IGN" }, "geometry": { "type": "Point", "coordinates": [ -62.759990390044436, -37.179483264540977 ] } },
{ "type": "Feature", "properties": { "nombre": "Municipio Adolfo Gonzales Chaves", "tipo": "Municipio", "codigo_indec": "060014", "provincia": "IGN" }, "geometry": { "type": "Point", "coordinates": [ -60.099391927295585, -38.032370729625427 ] } },
{ "type": "Feature", "properties": { "nombre": "Municipio Alberti", "tipo": "Municipio", "codigo_indec": "060021", "provincia": "IGN" }, "geometry": { "type": "Point", "coordinates": [ -60.280286016186665, -35.031574623370147 ] } },
{ "type": "Feature", "properties": { "nombre": "Municipio Almirante Brown", "tipo": "Municipio", "codigo_indec": "060028", "provincia": "IGN" }, "geometry": { "type": "Point", "coordinates": [ -58.388452929858772, -34.797372676108068 ] } },
{ "type": "Feature", "properties": { "nombre": "Municipio Avellaneda", "tipo": "Municipio", "codigo_indec": "060035", "provincia": "IGN" }, "geometry": { "type": "Point", "coordinates": [ -58.362737352846523, -34.663829518017792 ] } },
{ "type": "Feature", "properties": { "nombre": "Municipio Ayacucho", "tipo": "Municipio", "codigo_indec": "060042", "provincia": "IGN" }, "geometry": { "type": "Point", "coordinates": [ -58.488379174459283, -37.152760990926936 ] } },
{ "type": "Feature", "properties": { "nombre": "Municipio Azul", "tipo": "Municipio", "codigo_indec": "060049", "provincia": "IGN" }, "geometry": { "type": "Point", "coordinates": [ -59.863443046059672, -36.777447003276563 ] } },
{ "type": "Feature", "properties": { "nombre": "Municipio Bahía Blanca", "tipo": "Municipio", "codigo_indec": "060056", "provincia": "IGN" }, "geometry": { "type": "Point", "coordinates": [ -62.272741999743459, -38.722770277426321 ] } },
{ "type": "Feature", "properties": { "nombre": "Municipio Balcarce", "tipo": "Municipio", "codigo_indec": "060063", "provincia": "IGN" }, "geometry": { "type": "Point", "coordinates": [ -58.25549116908212, -37.846382622559929 ] } },
{ "type": "Feature", "properties": { "nombre": "Municipio Baradero", "tipo": "Municipio", "codigo_indec": "060070", "provincia": "IGN" }, "geometry": { "type": "Point", "coordinates": [ -59.502227834446956, -33.807072774688777 ] } },
{ "type": "Feature", "properties": { "nombre": "Municipio Arrecifes", "tipo": "Municipio", "codigo_indec": "060077", "provincia": "IGN" }, "geometry": { "type": "Point", "coordinates": [ -60.108691585448241, -34.067514907686814 ] } },
{ "type": "Feature", "properties": { "nombre": "Municipio Benito Juárez", "tipo": "Municipio", "codigo_indec": "060084", "provincia": "IGN" }, "geometry": { "type": "Point", "coordinates": [ -59.804805183812164, -37.674284977969307 ] } },
{ "type": "Feature", "properties": { "nombre": "Municipio Berazategui", "tipo": "Municipio", "codigo_indec": "060091", "provincia": "IGN" }, "geometry": { "type": "Point", "coordinates": [ -58.212169147088446, -34.763016322045587 ] } },
{ "type": "Feature", "properties": { "nombre": "Municipio Berisso", "tipo": "Municipio", "codigo_indec": "060098", "provincia": "IGN" }, "geometry": { "type": "Point", "coordinates": [ -57.883325340092313, -34.870293801317814 ] } },
{ "type": "Feature", "properties": { "nombre": "Municipio Bolívar", "tipo": "Municipio", "codigo_indec": "060105", "provincia": "IGN" }, "geometry": { "type": "Point", "coordinates": [ -61.113917085205287, -36.229879267614081 ] } },
{ "type": "Feature", "properties": { "nombre": "Municipio Bragado", "tipo": "Municipio", "codigo_indec": "060112", "provincia": "IGN" }, "geometry": { "type": "Point", "coordinates": [ -60.489649989855081, -35.115566279759946 ] } },
{ "type": "Feature", "properties": { "nombre": "Municipio Brandsen", "tipo": "Municipio", "codigo_indec": "060119", "provincia": "IGN" }, "geometry": { "type": "Point", "coordinates": [ -58.237330232704039, -35.167959424188041 ] } },
{ "type": "Feature", "properties": { "nombre": "Municipio Campana", "tipo": "Municipio", "codigo_indec": "060126", "provincia": "IGN" }, "geometry": { "type": "Point", "coordinates": [ -58.959207750037592, -34.163254024853302 ] } },
{ "type": "Feature", "properties": { "nombre": "Municipio Cañuelas", "tipo": "Municipio", "codigo_indec": "060134", "provincia": "IGN" }, "geometry": { "type": "Point", "coordinates": [ -58.761991185444799, -35.053838836193279 ] } },
{ "type": "Feature", "properties": { "nombre": "Municipio Capitán Sarmiento", "tipo": "Municipio", "codigo_indec": "060140", "provincia": "IGN" }, "geometry": { "type": "Point", "coordinates": [ -59.793598680534615, -34.171279849085749 ] } },
{ "type": "Feature", "properties": { "nombre": "Municipio Carlos Casares", "tipo": "Municipio", "codigo_indec": "060147", "provincia": "IGN" }, "geometry": { "type": "Point", "coordinates": [ -61.365495131395164, -35.622473749264088 ] } },
{ "type": "Feature", "properties": { "nombre": "Municipio Carlos Tejedor", "tipo": "Municipio", "codigo_indec": "060154", "provincia": "IGN" }, "geometry": { "type": "Point", "coordinates": [ -62.419953460783574, -35.391486309945208 ] } },
{ "type": "Feature", "properties": { "nombre": "Municipio Carmen de Areco", "tipo": "Municipio", "codigo_indec": "060161", "provincia": "IGN" }, "geometry": { "type": "Point", "coordinates": [ -59.82269653311846, -34.376662078891798 ] } },
{ "type": "Feature", "properties": { "nombre": "Municipio Castelli", "tipo": "Municipio", "codigo_indec": "060168", "provincia": "IGN" }, "geometry": { "type": "Point", "coordinates": [ -57.807478999056514, -36.090917851577558 ] } },
{ "type": "Feature", "properties": { "nombre": "Municipio Colón", "tipo": "Municipio", "codigo_indec": "060175", "provincia": "IGN" }, "geometry": { "type": "Point", "coordinates": [ -61.099416361675708, -33.897126396765771 ] } },
{ "type": "Feature", "properties": { "nombre": "Municipio Coronel de Marina Leonardo Rosales", "tipo": "Municipio", "codigo_indec": "060182", "provincia": "IGN" }, "geometry": { "type": "Point", "coordinates": [ -62.079480461054402, -38.878173353617342 ] } },
{ "type": "Feature", "properties": { "nombre": "Municipio Coronel Dorrego", "tipo": "Municipio", "codigo_indec": "060189", "provincia": "IGN" }, "geometry": { "type": "Point", "coordinates": [ -61.288360247127684, -38.718799874914225 ] } },
{ "type": "Feature", "properties": { "nombre": "Municipio Coronel Pringles", "tipo": "Municipio", "codigo_indec": "060196", "provincia": "IGN" }, "geometry": { "type": "Point", "coordinates": [ -61.35039743159615, -37.9856677756473 ] } },
{ "type": "Feature", "properties": { "nombre": "Municipio Coronel Suárez", "tipo": "Municipio", "codigo_indec": "060203", "provincia": "IGN" }, "geometry": { "type": "Point", "coordinates": [ -61.932893830985449, -37.458528918174977 ] } },
{ "type": "Feature", "properties": { "nombre": "Municipio Chacabuco", "tipo": "Municipio", "codigo_indec": "060210", "provincia": "IGN" }, "geometry": { "type": "Point", "coordinates": [ -60.471236531940349, -34.64202598740934 ] } },
{ "type": "Feature", "properties": { "nombre": "Municipio Chascomús", "tipo": "Municipio", "codigo_indec": "060218", "provincia": "IGN" }, "geometry": { "type": "Point", "coordinates": [ -58.0112814410856, -35.574206388613902 ] } },
{ "type": "Feature", "properties": { "nombre": "Municipio Lezama", "tipo": "Municipio", "codigo_indec": "060466", "provincia": "IGN" }, "geometry": { "type": "Point", "coordinates": [ -57.896984339555559, -35.872865565393511 ] } },
{ "type": "Feature", "properties": { "nombre": "Municipio Chivilcoy", "tipo": "Municipio", "codigo_indec": "060224", "provincia": "IGN" }, "geometry": { "type": "Point", "coordinates": [ -60.019091373667948, -34.89689582927906 ] } },
{ "type": "Feature", "properties": { "nombre": "Municipio Daireaux", "tipo": "Municipio", "codigo_indec": "060231", "provincia": "IGN" }, "geometry": { "type": "Point", "coordinates": [ -61.747542406157095, -36.599632936810565 ] } },
{ "type": "Feature", "properties": { "nombre": "Municipio Dolores", "tipo": "Municipio", "codigo_indec": "060238", "provincia": "IGN" }, "geometry": { "type": "Point", "coordinates": [ -57.675461555206539, -36.315389183763784 ] } },
{ "type": "Feature", "properties": { "nombre": "Municipio Ensenada", "tipo": "Municipio", "codigo_indec": "060245", "provincia": "IGN" }, "geometry": { "type": "Point", "coordinates": [ -57.908942056430703, -34.862418018176982 ] } },
{ "type": "Feature", "properties": { "nombre": "Municipio Escobar", "tipo": "Municipio", "codigo_indec": "060252", "provincia": "IGN" }, "geometry": { "type": "Point", "coordinates": [ -58.79441546480183, -34.346045733623669 ] } },
{ "type": "Feature", "properties": { "nombre": "Municipio Esteban Echeverría", "tipo": "Municipio", "codigo_indec": "060260", "provincia": "IGN" }, "geometry": { "type": "Point", "coordinates": [ -58.468264228910982, -34.816355806874924 ] } },
{ "type": "Feature", "properties": { "nombre": "Municipio Exaltación de la Cruz", "tipo": "Municipio", "codigo_indec": "060266", "provincia": "IGN" }, "geometry": { "type": "Point", "coordinates": [ -59.099270981270706, -34.294140046925577 ] } },
{ "type": "Feature", "properties": { "nombre": "Municipio Ezeiza", "tipo": "Municipio", "codigo_indec": "060270", "provincia": "IGN" }, "geometry": { "type": "Point", "coordinates": [ -58.523201122833484, -34.852762179031288 ] } },
{ "type": "Feature", "properties": { "nombre": "Municipio Florencio Varela", "tipo": "Municipio", "codigo_indec": "060274", "provincia": "IGN" }, "geometry": { "type": "Point", "coordinates": [ -58.27925277199779, -34.804436790525415 ] } },
{ "type": "Feature", "properties": { "nombre": "Municipio Florentino Ameghino", "tipo": "Municipio", "codigo_indec": "060277", "provincia": "IGN" }, "geometry": { "type": "Point", "coordinates": [ -62.467156841614894, -34.845372421899697 ] } },
{ "type": "Feature", "properties": { "nombre": "Municipio General Alvarado", "tipo": "Municipio", "codigo_indec": "060280", "provincia": "IGN" }, "geometry": { "type": "Point", "coordinates": [ -57.845029450049026, -38.267005924383852 ] } },
{ "type": "Feature", "properties": { "nombre": "Municipio General Alvear", "tipo": "Municipio", "codigo_indec": "060287", "provincia": "IGN" }, "geometry": { "type": "Point", "coordinates": [ -60.01450538431601, -36.021741876586304 ] } },
{ "type": "Feature", "properties": { "nombre": "Municipio General Arenales", "tipo": "Municipio", "codigo_indec": "060294", "provincia": "IGN" }, "geometry": { "type": "Point", "coordinates": [ -61.307033888802891, -34.303324002800423 ] } },
{ "type": "Feature", "properties": { "nombre": "Municipio General Belgrano", "tipo": "Municipio", "codigo_indec": "060301", "provincia": "IGN" }, "geometry": { "type": "Point", "coordinates": [ -58.497163272866715, -35.765676198997369 ] } },
{ "type": "Feature", "properties": { "nombre": "Municipio General Guido", "tipo": "Municipio", "codigo_indec": "060308", "provincia": "IGN" }, "geometry": { "type": "Point", "coordinates": [ -57.79050239427005, -36.643166588167446 ] } },
{ "type": "Feature", "properties": { "nombre": "Municipio General Juan Madariaga", "tipo": "Municipio", "codigo_indec": "060315", "provincia": "IGN" }, "geometry": { "type": "Point", "coordinates": [ -57.135837770396734, -37.001958191617234 ] } },
{ "type": "Feature", "properties": { "nombre": "Municipio General La Madrid", "tipo": "Municipio", "codigo_indec": "060322", "provincia": "IGN" }, "geometry": { "type": "Point", "coordinates": [ -61.26219920892629, -37.249667284217765 ] } },
{ "type": "Feature", "properties": { "nombre": "Municipio General Las Heras", "tipo": "Municipio", "codigo_indec": "060329", "provincia": "IGN" }, "geometry": { "type": "Point", "coordinates": [ -58.946706952363911, -34.926909295127814 ] } },
{ "type": "Feature", "properties": { "nombre": "Municipio General Lavalle", "tipo": "Municipio", "codigo_indec": "060336", "provincia": "IGN" }, "geometry": { "type": "Point", "coordinates": [ -56.943357844189109, -36.408086093198619 ] } },
{ "type": "Feature", "properties": { "nombre": "Municipio General Paz", "tipo": "Municipio", "codigo_indec": "060343", "provincia": "IGN" }, "geometry": { "type": "Point", "coordinates": [ -58.318815512725678, -35.516405581152583 ] } },
{ "type": "Feature", "properties": { "nombre": "Municipio General Pinto", "tipo": "Municipio", "codigo_indec": "060351", "provincia": "IGN" }, "geometry": { "type": "Point", "coordinates": [ -61.89162807467585, -34.764331577839982 ] } },
{ "type": "Feature", "properties": { "nombre": "Municipio General Pueyrredón", "tipo": "Municipio", "codigo_indec": "060357", "provincia": "IGN" }, "geometry": { "type": "Point", "coordinates": [ -57.543837744616155, -38.006449438990387 ] } },
{ "type": "Feature", "properties": { "nombre": "Municipio General Rodríguez", "tipo": "Municipio", "codigo_indec": "060364", "provincia": "IGN" }, "geometry": { "type": "Point", "coordinates": [ -58.952160635504868, -34.606431069038535 ] } },
{ "type": "Feature", "properties": { "nombre": "Municipio General San Martín", "tipo": "Municipio", "codigo_indec": "060371", "provincia": "IGN" }, "geometry": { "type": "Point", "coordinates": [ -58.538656474017046, -34.577910095574396 ] } },
{ "type": "Feature", "properties": { "nombre": "Municipio General Viamonte", "tipo": "Municipio", "codigo_indec": "060385", "provincia": "IGN" }, "geometry": { "type": "Point", "coordinates": [ -61.038740007944966, -34.999970829689971 ] } },
{ "type": "Feature", "properties": { "nombre": "Municipio Arata", "tipo": "Municipio", "codigo_indec": "420035", "provincia": "IGN" }, "geometry": { "type": "Point", "coordinates": [ -64.356363513665201, -35.639082133833369 ] } },
{ "type": "Feature", "properties": { "nombre": "Municipio General Villegas", "tipo": "Municipio", "codigo_indec": "060392", "provincia": "IGN" }, "geometry": { "type": "Point", "coordinates": [ -63.015025647815378, -35.032634264859382 ] } },
{ "type": "Feature", "properties": { "nombre": "Municipio Guaminí", "tipo": "Municipio", "codigo_indec": "060399", "provincia": "IGN" }, "geometry": { "type": "Point", "coordinates": [ -62.42224973843463, -37.01092094304704 ] } },
{ "type": "Feature", "properties": { "nombre": "Municipio Hipólito Yrigoyen", "tipo": "Municipio", "codigo_indec": "060406", "provincia": "IGN" }, "geometry": { "type": "Point", "coordinates": [ -61.718562385445694, -36.298177123875121 ] } },
{ "type": "Feature", "properties": { "nombre": "Municipio Hurlingham", "tipo": "Municipio", "codigo_indec": "060408", "provincia": "IGN" }, "geometry": { "type": "Point", "coordinates": [ -58.637441025682733, -34.589871883680416 ] } },
{ "type": "Feature", "properties": { "nombre": "Municipio Ituzaingó", "tipo": "Municipio", "codigo_indec": "060410", "provincia": "IGN" }, "geometry": { "type": "Point", "coordinates": [ -58.671721956303202, -34.650604125779751 ] } },
{ "type": "Feature", "properties": { "nombre": "Municipio José C. Paz", "tipo": "Municipio", "codigo_indec": "060412", "provincia": "IGN" }, "geometry": { "type": "Point", "coordinates": [ -58.751943502690438, -34.523193843121305 ] } },
{ "type": "Feature", "properties": { "nombre": "Municipio Junín", "tipo": "Municipio", "codigo_indec": "060413", "provincia": "IGN" }, "geometry": { "type": "Point", "coordinates": [ -60.946430969813377, -34.593941744016206 ] } },
{ "type": "Feature", "properties": { "nombre": "Municipio La Costa", "tipo": "Municipio", "codigo_indec": "060420", "provincia": "IGN" }, "geometry": { "type": "Point", "coordinates": [ -56.690889828902414, -36.573877009016712 ] } },
{ "type": "Feature", "properties": { "nombre": "Municipio La Matanza", "tipo": "Municipio", "codigo_indec": "060427", "provincia": "IGN" }, "geometry": { "type": "Point", "coordinates": [ -58.563738601854936, -34.681141756986449 ] } },
{ "type": "Feature", "properties": { "nombre": "Municipio Lanús", "tipo": "Municipio", "codigo_indec": "060434", "provincia": "IGN" }, "geometry": { "type": "Point", "coordinates": [ -58.400560304714247, -34.703770946172199 ] } },
{ "type": "Feature", "properties": { "nombre": "Municipio La Plata", "tipo": "Municipio", "codigo_indec": "060441", "provincia": "IGN" }, "geometry": { "type": "Point", "coordinates": [ -58.030020334870528, -34.940889071973061 ] } },
{ "type": "Feature", "properties": { "nombre": "Municipio Laprida", "tipo": "Municipio", "codigo_indec": "060448", "provincia": "IGN" }, "geometry": { "type": "Point", "coordinates": [ -60.801027326849635, -37.544226004826214 ] } },
{ "type": "Feature", "properties": { "nombre": "Municipio Las Flores", "tipo": "Municipio", "codigo_indec": "060455", "provincia": "IGN" }, "geometry": { "type": "Point", "coordinates": [ -59.099863976241465, -36.014268758596302 ] } },
{ "type": "Feature", "properties": { "nombre": "Municipio Leandro N. Alem", "tipo": "Municipio", "codigo_indec": "060462", "provincia": "IGN" }, "geometry": { "type": "Point", "coordinates": [ -61.54231059695644, -34.497907177973843 ] } },
{ "type": "Feature", "properties": { "nombre": "Municipio Lincoln", "tipo": "Municipio", "codigo_indec": "060469", "provincia": "IGN" }, "geometry": { "type": "Point", "coordinates": [ -61.529411301590244, -34.868176906938686 ] } },
{ "type": "Feature", "properties": { "nombre": "Municipio Lobería", "tipo": "Municipio", "codigo_indec": "060476", "provincia": "IGN" }, "geometry": { "type": "Point", "coordinates": [ -58.781846792595388, -38.163384936565535 ] } },
{ "type": "Feature", "properties": { "nombre": "Municipio Lobos", "tipo": "Municipio", "codigo_indec": "060483", "provincia": "IGN" }, "geometry": { "type": "Point", "coordinates": [ -59.097834161417381, -35.185425552447271 ] } },
{ "type": "Feature", "properties": { "nombre": "Municipio Lomas de Zamora", "tipo": "Municipio", "codigo_indec": "060490", "provincia": "IGN" }, "geometry": { "type": "Point", "coordinates": [ -58.399469132094737, -34.759612782903559 ] } },
{ "type": "Feature", "properties": { "nombre": "Municipio Luján", "tipo": "Municipio", "codigo_indec": "060497", "provincia": "IGN" }, "geometry": { "type": "Point", "coordinates": [ -59.12111831875535, -34.563357414612938 ] } },
{ "type": "Feature", "properties": { "nombre": "Municipio Magdalena", "tipo": "Municipio", "codigo_indec": "060505", "provincia": "IGN" }, "geometry": { "type": "Point", "coordinates": [ -57.517601874726722, -35.080739371624645 ] } },
{ "type": "Feature", "properties": { "nombre": "Municipio Maipú", "tipo": "Municipio", "codigo_indec": "060511", "provincia": "IGN" }, "geometry": { "type": "Point", "coordinates": [ -57.88312330469671, -36.862958717171011 ] } },
{ "type": "Feature", "properties": { "nombre": "Municipio Malvinas Argentinas", "tipo": "Municipio", "codigo_indec": "060515", "provincia": "IGN" }, "geometry": { "type": "Point", "coordinates": [ -58.694994349609487, -34.502088636081623 ] } },
{ "type": "Feature", "properties": { "nombre": "Municipio Mar Chiquita", "tipo": "Municipio", "codigo_indec": "060518", "provincia": "IGN" }, "geometry": { "type": "Point", "coordinates": [ -57.729391766017159, -37.446516204159479 ] } },
{ "type": "Feature", "properties": { "nombre": "Municipio Marcos Paz", "tipo": "Municipio", "codigo_indec": "060525", "provincia": "IGN" }, "geometry": { "type": "Point", "coordinates": [ -58.835336956135563, -34.784315727788567 ] } },
{ "type": "Feature", "properties": { "nombre": "Municipio Mercedes", "tipo": "Municipio", "codigo_indec": "060532", "provincia": "IGN" }, "geometry": { "type": "Point", "coordinates": [ -59.431387440977574, -34.650733213566923 ] } },
{ "type": "Feature", "properties": { "nombre": "Municipio Merlo", "tipo": "Municipio", "codigo_indec": "060539", "provincia": "IGN" }, "geometry": { "type": "Point", "coordinates": [ -58.727948114713683, -34.664983227693767 ] } },
{ "type": "Feature", "properties": { "nombre": "Municipio Monte", "tipo": "Municipio", "codigo_indec": "060547", "provincia": "IGN" }, "geometry": { "type": "Point", "coordinates": [ -58.8034514462272, -35.441043888364732 ] } },
{ "type": "Feature", "properties": { "nombre": "Municipio Monte Hermoso", "tipo": "Municipio", "codigo_indec": "060553", "provincia": "IGN" }, "geometry": { "type": "Point", "coordinates": [ -61.290928745964834, -38.986663250308709 ] } },
{ "type": "Feature", "properties": { "nombre": "Municipio Moreno", "tipo": "Municipio", "codigo_indec": "060560", "provincia": "IGN" }, "geometry": { "type": "Point", "coordinates": [ -58.79000191505628, -34.65129232747887 ] } },
{ "type": "Feature", "properties": { "nombre": "Municipio Morón", "tipo": "Municipio", "codigo_indec": "060568", "provincia": "IGN" }, "geometry": { "type": "Point", "coordinates": [ -58.621861547372475, -34.647457332290003 ] } },
{ "type": "Feature", "properties": { "nombre": "Municipio Navarro", "tipo": "Municipio", "codigo_indec": "060574", "provincia": "IGN" }, "geometry": { "type": "Point", "coordinates": [ -59.278283983419044, -35.005906720318819 ] } },
{ "type": "Feature", "properties": { "nombre": "Municipio Necochea", "tipo": "Municipio", "codigo_indec": "060581", "provincia": "IGN" }, "geometry": { "type": "Point", "coordinates": [ -58.726242013558021, -38.571223338586151 ] } },
{ "type": "Feature", "properties": { "nombre": "Municipio 9 de Julio", "tipo": "Municipio", "codigo_indec": "060588", "provincia": "IGN" }, "geometry": { "type": "Point", "coordinates": [ -60.884627484970395, -35.443935279789287 ] } },
{ "type": "Feature", "properties": { "nombre": "Municipio Olavarría", "tipo": "Municipio", "codigo_indec": "060595", "provincia": "IGN" }, "geometry": { "type": "Point", "coordinates": [ -60.323193715117839, -36.893842323864135 ] } },
{ "type": "Feature", "properties": { "nombre": "Municipio Patagones", "tipo": "Municipio", "codigo_indec": "060602", "provincia": "IGN" }, "geometry": { "type": "Point", "coordinates": [ -62.983602186191888, -40.802515153051843 ] } },
{ "type": "Feature", "properties": { "nombre": "Municipio Pehuajó", "tipo": "Municipio", "codigo_indec": "060609", "provincia": "IGN" }, "geometry": { "type": "Point", "coordinates": [ -61.898968212612886, -35.810805333099609 ] } },
{ "type": "Feature", "properties": { "nombre": "Municipio Pellegrini", "tipo": "Municipio", "codigo_indec": "060616", "provincia": "IGN" }, "geometry": { "type": "Point", "coordinates": [ -63.164721899695849, -36.267914187889403 ] } },
{ "type": "Feature", "properties": { "nombre": "Municipio Pergamino", "tipo": "Municipio", "codigo_indec": "060623", "provincia": "IGN" }, "geometry": { "type": "Point", "coordinates": [ -60.57458619429741, -33.891109146270026 ] } },
{ "type": "Feature", "properties": { "nombre": "Municipio Pila", "tipo": "Municipio", "codigo_indec": "060630", "provincia": "IGN" }, "geometry": { "type": "Point", "coordinates": [ -58.141067686724341, -36.004185253146886 ] } },
{ "type": "Feature", "properties": { "nombre": "Municipio Pilar", "tipo": "Municipio", "codigo_indec": "060638", "provincia": "IGN" }, "geometry": { "type": "Point", "coordinates": [ -58.913967912089447, -34.458696525424273 ] } },
{ "type": "Feature", "properties": { "nombre": "Municipio Pinamar", "tipo": "Municipio", "codigo_indec": "060644", "provincia": "IGN" }, "geometry": { "type": "Point", "coordinates": [ -56.858077549239454, -37.113821778052568 ] } },
{ "type": "Feature", "properties": { "nombre": "Municipio Presidente Perón", "tipo": "Municipio", "codigo_indec": "060648", "provincia": "IGN" }, "geometry": { "type": "Point", "coordinates": [ -58.382157039715594, -34.917986532052794 ] } },
{ "type": "Feature", "properties": { "nombre": "Municipio Puán", "tipo": "Municipio", "codigo_indec": "060651", "provincia": "IGN" }, "geometry": { "type": "Point", "coordinates": [ -62.768336468253381, -37.548095015972194 ] } },
{ "type": "Feature", "properties": { "nombre": "Municipio Punta Indio", "tipo": "Municipio", "codigo_indec": "060655", "provincia": "IGN" }, "geometry": { "type": "Point", "coordinates": [ -57.338171581753045, -35.387409677714402 ] } },
{ "type": "Feature", "properties": { "nombre": "Municipio Quilmes", "tipo": "Municipio", "codigo_indec": "060658", "provincia": "IGN" }, "geometry": { "type": "Point", "coordinates": [ -58.254346976931402, -34.720067632914891 ] } },
{ "type": "Feature", "properties": { "nombre": "Municipio Ramallo", "tipo": "Municipio", "codigo_indec": "060665", "provincia": "IGN" }, "geometry": { "type": "Point", "coordinates": [ -60.004438424593559, -33.485202120181668 ] } },
{ "type": "Feature", "properties": { "nombre": "Municipio Rauch", "tipo": "Municipio", "codigo_indec": "060672", "provincia": "IGN" }, "geometry": { "type": "Point", "coordinates": [ -59.088289143029499, -36.774414706973118 ] } },
{ "type": "Feature", "properties": { "nombre": "Municipio Rivadavia", "tipo": "Municipio", "codigo_indec": "060679", "provincia": "IGN" }, "geometry": { "type": "Point", "coordinates": [ -62.9758916831546, -35.489164047982399 ] } },
{ "type": "Feature", "properties": { "nombre": "Municipio Rojas", "tipo": "Municipio", "codigo_indec": "060686", "provincia": "IGN" }, "geometry": { "type": "Point", "coordinates": [ -60.7337006961302, -34.197742429969139 ] } },
{ "type": "Feature", "properties": { "nombre": "Municipio Roque Pérez", "tipo": "Municipio", "codigo_indec": "060693", "provincia": "IGN" }, "geometry": { "type": "Point", "coordinates": [ -59.33483215128274, -35.400576310048621 ] } },
{ "type": "Feature", "properties": { "nombre": "Municipio San Pedro", "tipo": "Municipio", "codigo_indec": "060770", "provincia": "IGN" }, "geometry": { "type": "Point", "coordinates": [ -59.663015815427514, -33.675948033874647 ] } },
{ "type": "Feature", "properties": { "nombre": "Municipio Saavedra", "tipo": "Municipio", "codigo_indec": "060700", "provincia": "IGN" }, "geometry": { "type": "Point", "coordinates": [ -62.408361484694694, -37.602548713152544 ] } },
{ "type": "Feature", "properties": { "nombre": "Municipio Saladillo", "tipo": "Municipio", "codigo_indec": "060707", "provincia": "IGN" }, "geometry": { "type": "Point", "coordinates": [ -59.779377032823788, -35.6388389850311 ] } },
{ "type": "Feature", "properties": { "nombre": "Municipio Salto", "tipo": "Municipio", "codigo_indec": "060714", "provincia": "IGN" }, "geometry": { "type": "Point", "coordinates": [ -60.25450248819925, -34.291746315140301 ] } },
{ "type": "Feature", "properties": { "nombre": "Municipio Salliqueló", "tipo": "Municipio", "codigo_indec": "060721", "provincia": "IGN" }, "geometry": { "type": "Point", "coordinates": [ -62.959131142288356, -36.751513383835572 ] } },
{ "type": "Feature", "properties": { "nombre": "Municipio San Andrés de Giles", "tipo": "Municipio", "codigo_indec": "060728", "provincia": "IGN" }, "geometry": { "type": "Point", "coordinates": [ -59.447519178567177, -34.442377422180243 ] } },
{ "type": "Feature", "properties": { "nombre": "Municipio San Antonio de Areco", "tipo": "Municipio", "codigo_indec": "060735", "provincia": "IGN" }, "geometry": { "type": "Point", "coordinates": [ -59.473652344080392, -34.24363813808958 ] } },
{ "type": "Feature", "properties": { "nombre": "Municipio San Cayetano", "tipo": "Municipio", "codigo_indec": "060742", "provincia": "IGN" }, "geometry": { "type": "Point", "coordinates": [ -59.606759876866761, -38.345789250673363 ] } },
{ "type": "Feature", "properties": { "nombre": "Municipio San Fernando", "tipo": "Municipio", "codigo_indec": "060749", "provincia": "IGN" }, "geometry": { "type": "Point", "coordinates": [ -58.558148942119942, -34.440604481611501 ] } },
{ "type": "Feature", "properties": { "nombre": "Municipio San Isidro", "tipo": "Municipio", "codigo_indec": "060756", "provincia": "IGN" }, "geometry": { "type": "Point", "coordinates": [ -58.509689812734621, -34.466428522258468 ] } },
{ "type": "Feature", "properties": { "nombre": "Municipio San Miguel", "tipo": "Municipio", "codigo_indec": "060760", "provincia": "IGN" }, "geometry": { "type": "Point", "coordinates": [ -58.7119689875787, -34.543041602787696 ] } },
{ "type": "Feature", "properties": { "nombre": "Municipio San Nicolás", "tipo": "Municipio", "codigo_indec": "060763", "provincia": "IGN" }, "geometry": { "type": "Point", "coordinates": [ -60.221896517010634, -33.338822010427407 ] } },
{ "type": "Feature", "properties": { "nombre": "Municipio San Vicente", "tipo": "Municipio", "codigo_indec": "060778", "provincia": "IGN" }, "geometry": { "type": "Point", "coordinates": [ -58.42240361143746, -35.02590181411739 ] } },
{ "type": "Feature", "properties": { "nombre": "Municipio Suipacha", "tipo": "Municipio", "codigo_indec": "060784", "provincia": "IGN" }, "geometry": { "type": "Point", "coordinates": [ -59.686829355090651, -34.768814591220348 ] } },
{ "type": "Feature", "properties": { "nombre": "Municipio Tandil", "tipo": "Municipio", "codigo_indec": "060791", "provincia": "IGN" }, "geometry": { "type": "Point", "coordinates": [ -59.136897555377857, -37.328695487806499 ] } },
{ "type": "Feature", "properties": { "nombre": "Municipio Tapalqué", "tipo": "Municipio", "codigo_indec": "060798", "provincia": "IGN" }, "geometry": { "type": "Point", "coordinates": [ -60.025112403114861, -36.356235979207042 ] } },
{ "type": "Feature", "properties": { "nombre": "Municipio Tigre", "tipo": "Municipio", "codigo_indec": "060805", "provincia": "IGN" }, "geometry": { "type": "Point", "coordinates": [ -58.580875288663606, -34.422649259755474 ] } },
{ "type": "Feature", "properties": { "nombre": "Municipio Tordillo", "tipo": "Municipio", "codigo_indec": "060812", "provincia": "IGN" }, "geometry": { "type": "Point", "coordinates": [ -57.3249387125515, -36.520860507606301 ] } },
{ "type": "Feature", "properties": { "nombre": "Municipio Tornquist", "tipo": "Municipio", "codigo_indec": "060819", "provincia": "IGN" }, "geometry": { "type": "Point", "coordinates": [ -62.222954326181195, -38.101281418102928 ] } },
{ "type": "Feature", "properties": { "nombre": "Municipio Trenque Lauquen", "tipo": "Municipio", "codigo_indec": "060826", "provincia": "IGN" }, "geometry": { "type": "Point", "coordinates": [ -62.732745052741961, -35.973335898033213 ] } },
{ "type": "Feature", "properties": { "nombre": "Municipio Tres Arroyos", "tipo": "Municipio", "codigo_indec": "060833", "provincia": "IGN" }, "geometry": { "type": "Point", "coordinates": [ -60.275215070119373, -38.377196698069099 ] } },
{ "type": "Feature", "properties": { "nombre": "Municipio Tres de Febrero", "tipo": "Municipio", "codigo_indec": "060840", "provincia": "IGN" }, "geometry": { "type": "Point", "coordinates": [ -58.563938850297689, -34.60793605030841 ] } },
{ "type": "Feature", "properties": { "nombre": "Municipio Tres Lomas", "tipo": "Municipio", "codigo_indec": "060847", "provincia": "IGN" }, "geometry": { "type": "Point", "coordinates": [ -62.862576170953503, -36.459189328324783 ] } },
{ "type": "Feature", "properties": { "nombre": "Municipio 25 de Mayo", "tipo": "Municipio", "codigo_indec": "060854", "provincia": "IGN" }, "geometry": { "type": "Point", "coordinates": [ -60.171559351382939, -35.432471084772715 ] } },
{ "type": "Feature", "properties": { "nombre": "Municipio Vicente López", "tipo": "Municipio", "codigo_indec": "060861", "provincia": "IGN" }, "geometry": { "type": "Point", "coordinates": [ -58.481396166299987, -34.509320379631788 ] } },
{ "type": "Feature", "properties": { "nombre": "Municipio Villa Gesell", "tipo": "Municipio", "codigo_indec": "060868", "provincia": "IGN" }, "geometry": { "type": "Point", "coordinates": [ -56.974558550036988, -37.263230533762055 ] } },
{ "type": "Feature", "properties": { "nombre": "Municipio Villarino", "tipo": "Municipio", "codigo_indec": "060875", "provincia": "IGN" }, "geometry": { "type": "Point", "coordinates": [ -62.693309603855084, -38.829264943622206 ] } },
{ "type": "Feature", "properties": { "nombre": "Municipio Zárate", "tipo": "Municipio", "codigo_indec": "060882", "provincia": "IGN" }, "geometry": { "type": "Point", "coordinates": [ -59.024323231132144, -34.095805095328842 ] } },
{ "type": "Feature", "properties": { "nombre": "Comuna Amboy", "tipo": "Comuna", "codigo_indec": "142007", "provincia": "IGN" }, "geometry": { "type": "Point", "coordinates": [ -64.573243645977414, -32.174579284006711 ] } },
{ "type": "Feature", "properties": { "nombre": "Comuna Cañada del Sauce", "tipo": "Comuna", "codigo_indec": "142021", "provincia": "IGN" }, "geometry": { "type": "Point", "coordinates": [ -64.645426112125335, -32.367960087188237 ] } },
{ "type": "Feature", "properties": { "nombre": "Comuna Los Reartes", "tipo": "Comuna", "codigo_indec": "142049", "provincia": "IGN" }, "geometry": { "type": "Point", "coordinates": [ -64.575003036460942, -31.918718490865615 ] } },
{ "type": "Feature", "properties": { "nombre": "Municipio Villa Rumipal", "tipo": "Municipio", "codigo_indec": "140063", "provincia": "IGN" }, "geometry": { "type": "Point", "coordinates": [ -64.474229901188949, -32.191090590358442 ] } },
{ "type": "Feature", "properties": { "nombre": "Municipio Villa Yacanto", "tipo": "Municipio", "codigo_indec": "140070", "provincia": "IGN" }, "geometry": { "type": "Point", "coordinates": [ -64.753584718360003, -32.099236100165854 ] } },
{ "type": "Feature", "properties": { "nombre": "Municipio Embalse", "tipo": "Municipio", "codigo_indec": "140007", "provincia": "IGN" }, "geometry": { "type": "Point", "coordinates": [ -64.400642610368152, -32.206746994877847 ] } },
{ "type": "Feature", "properties": { "nombre": "Municipio La Cruz", "tipo": "Municipio", "codigo_indec": "140014", "provincia": "IGN" }, "geometry": { "type": "Point", "coordinates": [ -64.483041442408592, -32.303113597814217 ] } },
{ "type": "Feature", "properties": { "nombre": "Comuna La Cumbrecita", "tipo": "Comuna", "codigo_indec": "143015", "provincia": "IGN" }, "geometry": { "type": "Point", "coordinates": [ -64.773166838978398, -31.899787854425881 ] } },
{ "type": "Feature", "properties": { "nombre": "Comuna Las Bajadas", "tipo": "Comuna", "codigo_indec": "142028", "provincia": "IGN" }, "geometry": { "type": "Point", "coordinates": [ -64.332184968861156, -32.101586594345804 ] } },
{ "type": "Feature", "properties": { "nombre": "Comuna Las Caleras", "tipo": "Comuna", "codigo_indec": "142035", "provincia": "IGN" }, "geometry": { "type": "Point", "coordinates": [ -64.522637672090866, -32.390222085880509 ] } },
{ "type": "Feature", "properties": { "nombre": "Municipio Los Cóndores", "tipo": "Municipio", "codigo_indec": "140021", "provincia": "IGN" }, "geometry": { "type": "Point", "coordinates": [ -64.280742285527992, -32.321125967988962 ] } },
{ "type": "Feature", "properties": { "nombre": "Comuna Los Molinos", "tipo": "Comuna", "codigo_indec": "142042", "provincia": "IGN" }, "geometry": { "type": "Point", "coordinates": [ -64.374618430096405, -31.862744398035488 ] } },
{ "type": "Feature", "properties": { "nombre": "Comuna Lutti", "tipo": "Comuna", "codigo_indec": "142056", "provincia": "IGN" }, "geometry": { "type": "Point", "coordinates": [ -64.746985901478126, -32.318498273076784 ] } },
{ "type": "Feature", "properties": { "nombre": "Comuna Parque Calmayo", "tipo": "Comuna", "codigo_indec": "142014", "provincia": "IGN" }, "geometry": { "type": "Point", "coordinates": [ -64.464679066885367, -32.025469879331411 ] } },
{ "type": "Feature", "properties": { "nombre": "Municipio Río de los Sauces", "tipo": "Municipio", "codigo_indec": "140028", "provincia": "IGN" }, "geometry": { "type": "Point", "coordinates": [ -64.58868756048247, -32.528642164004623 ] } },
{ "type": "Feature", "properties": { "nombre": "Municipio San Agustín", "tipo": "Municipio", "codigo_indec": "140056", "provincia": "IGN" }, "geometry": { "type": "Point", "coordinates": [ -64.375585681533948, -31.97762234019882 ] } },
{ "type": "Feature", "properties": { "nombre": "Comuna San Ignacio", "tipo": "Comuna", "codigo_indec": "142063", "provincia": "IGN" }, "geometry": { "type": "Point", "coordinates": [ -64.517909727451922, -32.165905283302152 ] } },
{ "type": "Feature", "properties": { "nombre": "Municipio Santa Rosa de Calamuchita", "tipo": "Municipio", "codigo_indec": "140035", "provincia": "IGN" }, "geometry": { "type": "Point", "coordinates": [ -64.539561962414609, -32.064378008038602 ] } },
{ "type": "Feature", "properties": { "nombre": "Comuna Segunda Usina", "tipo": "Comuna", "codigo_indec": "142070", "provincia": "IGN" }, "geometry": { "type": "Point", "coordinates": [ -64.37918412804504, -32.165000700222095 ] } },
{ "type": "Feature", "properties": { "nombre": "Comuna Villa Ciudad Parque Los Reartes", "tipo": "Comuna", "codigo_indec": "142084", "provincia": "IGN" }, "geometry": { "type": "Point", "coordinates": [ -64.521302493615167, -31.828275356222662 ] } },
{ "type": "Feature", "properties": { "nombre": "Comuna Villa Amancay", "tipo": "Comuna", "codigo_indec": "142077", "provincia": "IGN" }, "geometry": { "type": "Point", "coordinates": [ -64.56738921324154, -32.186184045757045 ] } },
{ "type": "Feature", "properties": { "nombre": "Municipio Villa del Dique", "tipo": "Municipio", "codigo_indec": "140042", "provincia": "IGN" }, "geometry": { "type": "Point", "coordinates": [ -64.456938495015493, -32.176351223630036 ] } },
{ "type": "Feature", "properties": { "nombre": "Municipio Villa General Belgrano", "tipo": "Municipio", "codigo_indec": "140049", "provincia": "IGN" }, "geometry": { "type": "Point", "coordinates": [ -64.559053658899188, -31.97649281329268 ] } },
{ "type": "Feature", "properties": { "nombre": "Comuna Villa Quillinzo", "tipo": "Comuna", "codigo_indec": "142091", "provincia": "IGN" }, "geometry": { "type": "Point", "coordinates": [ -64.514602673874265, -32.234807214181558 ] } },
{ "type": "Feature", "properties": { "nombre": "Municipio Agua de Oro", "tipo": "Municipio", "codigo_indec": "140084", "provincia": "IGN" }, "geometry": { "type": "Point", "coordinates": [ -64.300640521442858, -31.062228855177466 ] } },
{ "type": "Feature", "properties": { "nombre": "Municipio La Granja", "tipo": "Municipio", "codigo_indec": "140126", "provincia": "IGN" }, "geometry": { "type": "Point", "coordinates": [ -64.267893427739466, -31.008624163874003 ] } },
{ "type": "Feature", "properties": { "nombre": "Comuna Crispi", "tipo": "Comuna", "codigo_indec": "824079", "provincia": "IGN" }, "geometry": { "type": "Point", "coordinates": [ -62.037592662571285, -31.739847033913463 ] } },
{ "type": "Feature", "properties": { "nombre": "Municipio Río Ceballos", "tipo": "Municipio", "codigo_indec": "140147", "provincia": "IGN" }, "geometry": { "type": "Point", "coordinates": [ -64.317504169581696, -31.169750130763873 ] } },
{ "type": "Feature", "properties": { "nombre": "Comuna El Manzano", "tipo": "Comuna", "codigo_indec": "142105", "provincia": "IGN" }, "geometry": { "type": "Point", "coordinates": [ -64.298697660268772, -31.084230839181828 ] } },
{ "type": "Feature", "properties": { "nombre": "Municipio La Calera", "tipo": "Municipio", "codigo_indec": "140119", "provincia": "IGN" }, "geometry": { "type": "Point", "coordinates": [ -64.338487315237387, -31.345792616436029 ] } },
{ "type": "Feature", "properties": { "nombre": "Municipio Colonia Caroya", "tipo": "Municipio", "codigo_indec": "140091", "provincia": "IGN" }, "geometry": { "type": "Point", "coordinates": [ -64.061712867954441, -31.022055587195553 ] } },
{ "type": "Feature", "properties": { "nombre": "Municipio Colonia Tirolesa", "tipo": "Municipio", "codigo_indec": "140098", "provincia": "IGN" }, "geometry": { "type": "Point", "coordinates": [ -64.066295788819559, -31.237276187046348 ] } },
{ "type": "Feature", "properties": { "nombre": "Comuna Colonia Vicente Agüero", "tipo": "Comuna", "codigo_indec": "142098", "provincia": "IGN" }, "geometry": { "type": "Point", "coordinates": [ -64.018682792876575, -31.028521685727185 ] } },
{ "type": "Feature", "properties": { "nombre": "Municipio Malvinas Argentinas", "tipo": "Municipio", "codigo_indec": "140133", "provincia": "IGN" }, "geometry": { "type": "Point", "coordinates": [ -64.053691733686549, -31.374253575442083 ] } },
{ "type": "Feature", "properties": { "nombre": "Municipio Villa Allende", "tipo": "Municipio", "codigo_indec": "140175", "provincia": "IGN" }, "geometry": { "type": "Point", "coordinates": [ -64.297701308568492, -31.293649625629655 ] } },
{ "type": "Feature", "properties": { "nombre": "Municipio Estación General Paz", "tipo": "Municipio", "codigo_indec": "140102", "provincia": "IGN" }, "geometry": { "type": "Point", "coordinates": [ -64.140150624351804, -31.134480642867345 ] } },
{ "type": "Feature", "properties": { "nombre": "Municipio Jesús María", "tipo": "Municipio", "codigo_indec": "140112", "provincia": "IGN" }, "geometry": { "type": "Point", "coordinates": [ -64.095218252020686, -30.975972625835993 ] } },
{ "type": "Feature", "properties": { "nombre": "Municipio Unquillo", "tipo": "Municipio", "codigo_indec": "140168", "provincia": "IGN" }, "geometry": { "type": "Point", "coordinates": [ -64.311763693539604, -31.237152375581616 ] } },
{ "type": "Feature", "properties": { "nombre": "Municipio Mendiolaza", "tipo": "Municipio", "codigo_indec": "140140", "provincia": "IGN" }, "geometry": { "type": "Point", "coordinates": [ -64.309127773427974, -31.26404437015151 ] } },
{ "type": "Feature", "properties": { "nombre": "Municipio Mi Granja", "tipo": "Municipio", "codigo_indec": "140143", "provincia": "IGN" }, "geometry": { "type": "Point", "coordinates": [ -64.003189418356953, -31.355350007696643 ] } },
{ "type": "Feature", "properties": { "nombre": "Municipio Saldán", "tipo": "Municipio", "codigo_indec": "140154", "provincia": "IGN" }, "geometry": { "type": "Point", "coordinates": [ -64.303528682502645, -31.315306214210352 ] } },
{ "type": "Feature", "properties": { "nombre": "Municipio Salsipuedes", "tipo": "Municipio", "codigo_indec": "140161", "provincia": "IGN" }, "geometry": { "type": "Point", "coordinates": [ -64.292772436498694, -31.137880849121871 ] } },
{ "type": "Feature", "properties": { "nombre": "Comuna Tinoco", "tipo": "Comuna", "codigo_indec": "142728", "provincia": "IGN" }, "geometry": { "type": "Point", "coordinates": [ -63.89179526723774, -31.124507497722789 ] } },
{ "type": "Feature", "properties": { "nombre": "Comuna Villa Cerro Azul", "tipo": "Comuna", "codigo_indec": "142126", "provincia": "IGN" }, "geometry": { "type": "Point", "coordinates": [ -64.316235392549288, -31.070665182152368 ] } },
{ "type": "Feature", "properties": { "nombre": "Municipio Estación Juárez Celman", "tipo": "Municipio", "codigo_indec": "140105", "provincia": "IGN" }, "geometry": { "type": "Point", "coordinates": [ -64.164615800178979, -31.275729827169755 ] } },
{ "type": "Feature", "properties": { "nombre": "Comuna Alto de los Quebrachos", "tipo": "Comuna", "codigo_indec": "142133", "provincia": "IGN" }, "geometry": { "type": "Point", "coordinates": [ -65.041482542785104, -30.538822596085879 ] } },
{ "type": "Feature", "properties": { "nombre": "Comuna Bañado de Soto", "tipo": "Comuna", "codigo_indec": "142140", "provincia": "IGN" }, "geometry": { "type": "Point", "coordinates": [ -65.043324401999485, -30.808823954062177 ] } },
{ "type": "Feature", "properties": { "nombre": "Municipio San Marcos Sierra", "tipo": "Municipio", "codigo_indec": "140189", "provincia": "IGN" }, "geometry": { "type": "Point", "coordinates": [ -64.636189564796553, -30.78301289782695 ] } },
{ "type": "Feature", "properties": { "nombre": "Comuna Cruz de Caña", "tipo": "Comuna", "codigo_indec": "142147", "provincia": "IGN" }, "geometry": { "type": "Point", "coordinates": [ -64.942112323824631, -31.066408833001219 ] } },
{ "type": "Feature", "properties": { "nombre": "Municipio Cruz del Eje", "tipo": "Municipio", "codigo_indec": "140182", "provincia": "IGN" }, "geometry": { "type": "Point", "coordinates": [ -64.790776262514441, -30.743928785285163 ] } },
{ "type": "Feature", "properties": { "nombre": "Municipio El Brete", "tipo": "Municipio", "codigo_indec": "140185", "provincia": "IGN" }, "geometry": { "type": "Point", "coordinates": [ -64.871898458347118, -30.672634805252017 ] } },
{ "type": "Feature", "properties": { "nombre": "Comuna Guanaco Muerto", "tipo": "Comuna", "codigo_indec": "142161", "provincia": "IGN" }, "geometry": { "type": "Point", "coordinates": [ -65.061599946180536, -30.478643716734098 ] } },
{ "type": "Feature", "properties": { "nombre": "Comuna La Batea", "tipo": "Comuna", "codigo_indec": "142168", "provincia": "IGN" }, "geometry": { "type": "Point", "coordinates": [ -65.30815068320743, -30.372274190301596 ] } },
{ "type": "Feature", "properties": { "nombre": "Comuna La Higuera", "tipo": "Comuna", "codigo_indec": "142175", "provincia": "IGN" }, "geometry": { "type": "Point", "coordinates": [ -65.10289619850073, -31.013290293612101 ] } },
{ "type": "Feature", "properties": { "nombre": "Comuna Las Cañadas", "tipo": "Comuna", "codigo_indec": "142182", "provincia": "IGN" }, "geometry": { "type": "Point", "coordinates": [ -64.734725360387017, -30.914993056684182 ] } },
{ "type": "Feature", "properties": { "nombre": "Comuna Las Playas", "tipo": "Comuna", "codigo_indec": "142189", "provincia": "IGN" }, "geometry": { "type": "Point", "coordinates": [ -64.849258272251404, -30.688272433725786 ] } },
{ "type": "Feature", "properties": { "nombre": "Comuna Los Chañaritos", "tipo": "Comuna", "codigo_indec": "142196", "provincia": "IGN" }, "geometry": { "type": "Point", "coordinates": [ -64.953746575244224, -30.55767681893002 ] } },
{ "type": "Feature", "properties": { "nombre": "Comuna Media Naranja", "tipo": "Comuna", "codigo_indec": "142203", "provincia": "IGN" }, "geometry": { "type": "Point", "coordinates": [ -64.928256127318377, -30.64407668529077 ] } },
{ "type": "Feature", "properties": { "nombre": "Comuna Paso Viejo", "tipo": "Comuna", "codigo_indec": "142210", "provincia": "IGN" }, "geometry": { "type": "Point", "coordinates": [ -65.1904310992158, -30.767438454820763 ] } },
{ "type": "Feature", "properties": { "nombre": "Municipio Serrezuela", "tipo": "Municipio", "codigo_indec": "140196", "provincia": "IGN" }, "geometry": { "type": "Point", "coordinates": [ -65.388741129699326, -30.638772414615175 ] } },
{ "type": "Feature", "properties": { "nombre": "Comuna Tuclame", "tipo": "Comuna", "codigo_indec": "142217", "provincia": "IGN" }, "geometry": { "type": "Point", "coordinates": [ -65.235621259513493, -30.746591448536492 ] } },
{ "type": "Feature", "properties": { "nombre": "Municipio Villa de Soto", "tipo": "Municipio", "codigo_indec": "140203", "provincia": "IGN" }, "geometry": { "type": "Point", "coordinates": [ -64.984891439488308, -30.855231264910913 ] } },
{ "type": "Feature", "properties": { "nombre": "Municipio Del Campillo", "tipo": "Municipio", "codigo_indec": "140217", "provincia": "IGN" }, "geometry": { "type": "Point", "coordinates": [ -64.497127780822382, -34.378854978574338 ] } },
{ "type": "Feature", "properties": { "nombre": "Municipio Buchardo", "tipo": "Municipio", "codigo_indec": "140210", "provincia": "IGN" }, "geometry": { "type": "Point", "coordinates": [ -63.507264674724922, -34.723874430760304 ] } },
{ "type": "Feature", "properties": { "nombre": "Municipio Huinca Renancó", "tipo": "Municipio", "codigo_indec": "140224", "provincia": "IGN" }, "geometry": { "type": "Point", "coordinates": [ -64.374674242022593, -34.841318208868188 ] } },
{ "type": "Feature", "properties": { "nombre": "Municipio Italó", "tipo": "Municipio", "codigo_indec": "140231", "provincia": "IGN" }, "geometry": { "type": "Point", "coordinates": [ -63.780357387483377, -34.790806122404604 ] } },
{ "type": "Feature", "properties": { "nombre": "Municipio Mattaldi", "tipo": "Municipio", "codigo_indec": "140245", "provincia": "IGN" }, "geometry": { "type": "Point", "coordinates": [ -64.170696375537261, -34.481256593616877 ] } },
{ "type": "Feature", "properties": { "nombre": "Comuna Nicolás Bruzzone", "tipo": "Comuna", "codigo_indec": "142224", "provincia": "IGN" }, "geometry": { "type": "Point", "coordinates": [ -64.341641314095341, -34.44042023570529 ] } },
{ "type": "Feature", "properties": { "nombre": "Comuna Ranqueles", "tipo": "Comuna", "codigo_indec": "142245", "provincia": "IGN" }, "geometry": { "type": "Point", "coordinates": [ -64.100317162506997, -34.842658642082597 ] } },
{ "type": "Feature", "properties": { "nombre": "Municipio Jovita", "tipo": "Municipio", "codigo_indec": "140238", "provincia": "IGN" }, "geometry": { "type": "Point", "coordinates": [ -63.944039471344468, -34.518814617800331 ] } },
{ "type": "Feature", "properties": { "nombre": "Municipio Villa Huidobro", "tipo": "Municipio", "codigo_indec": "140252", "provincia": "IGN" }, "geometry": { "type": "Point", "coordinates": [ -64.587100025046084, -34.840520614534682 ] } },
{ "type": "Feature", "properties": { "nombre": "Comuna Villa Sarmiento", "tipo": "Comuna", "codigo_indec": "142252", "provincia": "IGN" }, "geometry": { "type": "Point", "coordinates": [ -64.72517935634221, -34.122853836335423 ] } },
{ "type": "Feature", "properties": { "nombre": "Municipio Villa Valeria", "tipo": "Municipio", "codigo_indec": "140259", "provincia": "IGN" }, "geometry": { "type": "Point", "coordinates": [ -64.920814402862391, -34.341445816471207 ] } },
{ "type": "Feature", "properties": { "nombre": "Municipio Arroyo Algodón", "tipo": "Municipio", "codigo_indec": "140266", "provincia": "IGN" }, "geometry": { "type": "Point", "coordinates": [ -63.165124759999628, -32.201187005575775 ] } },
{ "type": "Feature", "properties": { "nombre": "Municipio Arroyo Cabral", "tipo": "Municipio", "codigo_indec": "140273", "provincia": "IGN" }, "geometry": { "type": "Point", "coordinates": [ -63.402375774122618, -32.489493400999606 ] } },
{ "type": "Feature", "properties": { "nombre": "Municipio Ausonia", "tipo": "Municipio", "codigo_indec": "140280", "provincia": "IGN" }, "geometry": { "type": "Point", "coordinates": [ -63.243112954299363, -32.661795001937719 ] } },
{ "type": "Feature", "properties": { "nombre": "Municipio Chazón", "tipo": "Municipio", "codigo_indec": "140287", "provincia": "IGN" }, "geometry": { "type": "Point", "coordinates": [ -63.275068807379512, -33.077868682993255 ] } },
{ "type": "Feature", "properties": { "nombre": "Municipio Etruria", "tipo": "Municipio", "codigo_indec": "140294", "provincia": "IGN" }, "geometry": { "type": "Point", "coordinates": [ -63.245008029097221, -32.939231616445909 ] } },
{ "type": "Feature", "properties": { "nombre": "Municipio La Laguna", "tipo": "Municipio", "codigo_indec": "140301", "provincia": "IGN" }, "geometry": { "type": "Point", "coordinates": [ -63.247093341084792, -32.802526463625327 ] } },
{ "type": "Feature", "properties": { "nombre": "Municipio La Palestina", "tipo": "Municipio", "codigo_indec": "140308", "provincia": "IGN" }, "geometry": { "type": "Point", "coordinates": [ -63.409399231988914, -32.616434571198454 ] } },
{ "type": "Feature", "properties": { "nombre": "Municipio La Playosa", "tipo": "Municipio", "codigo_indec": "140315", "provincia": "IGN" }, "geometry": { "type": "Point", "coordinates": [ -63.034350872594644, -32.09700158435561 ] } },
{ "type": "Feature", "properties": { "nombre": "Municipio Luca", "tipo": "Municipio", "codigo_indec": "140322", "provincia": "IGN" }, "geometry": { "type": "Point", "coordinates": [ -63.47689322114519, -32.540505669700849 ] } },
{ "type": "Feature", "properties": { "nombre": "Municipio Pasco", "tipo": "Municipio", "codigo_indec": "140329", "provincia": "IGN" }, "geometry": { "type": "Point", "coordinates": [ -63.34173575659986, -32.746218035234108 ] } },
{ "type": "Feature", "properties": { "nombre": "Municipio Silvio Pellico", "tipo": "Municipio", "codigo_indec": "140336", "provincia": "IGN" }, "geometry": { "type": "Point", "coordinates": [ -62.93088115973768, -32.249625295870658 ] } },
{ "type": "Feature", "properties": { "nombre": "Municipio Ticino", "tipo": "Municipio", "codigo_indec": "140343", "provincia": "IGN" }, "geometry": { "type": "Point", "coordinates": [ -63.437106524946103, -32.693126806456917 ] } },
{ "type": "Feature", "properties": { "nombre": "Municipio Tío Pujio", "tipo": "Municipio", "codigo_indec": "140350", "provincia": "IGN" }, "geometry": { "type": "Point", "coordinates": [ -63.353681296654486, -32.287073328471308 ] } },
{ "type": "Feature", "properties": { "nombre": "Municipio Villa María", "tipo": "Municipio", "codigo_indec": "140357", "provincia": "IGN" }, "geometry": { "type": "Point", "coordinates": [ -63.248270708326515, -32.413012598152818 ] } },
{ "type": "Feature", "properties": { "nombre": "Municipio Villa Nueva", "tipo": "Municipio", "codigo_indec": "140364", "provincia": "IGN" }, "geometry": { "type": "Point", "coordinates": [ -63.247857578664309, -32.435476412806167 ] } },
{ "type": "Feature", "properties": { "nombre": "Comuna Avellaneda", "tipo": "Comuna", "codigo_indec": "142259", "provincia": "IGN" }, "geometry": { "type": "Point", "coordinates": [ -64.205686953989698, -30.594290437153916 ] } },
{ "type": "Feature", "properties": { "nombre": "Comuna Cañada de Río Pinto", "tipo": "Comuna", "codigo_indec": "142266", "provincia": "IGN" }, "geometry": { "type": "Point", "coordinates": [ -64.218650967268275, -30.775791185314915 ] } },
{ "type": "Feature", "properties": { "nombre": "Comuna Chuña", "tipo": "Comuna", "codigo_indec": "142273", "provincia": "IGN" }, "geometry": { "type": "Point", "coordinates": [ -64.670231173230036, -30.467074174233687 ] } },
{ "type": "Feature", "properties": { "nombre": "Comuna Copacabana", "tipo": "Comuna", "codigo_indec": "142280", "provincia": "IGN" }, "geometry": { "type": "Point", "coordinates": [ -64.499504304979666, -30.642902029505024 ] } },
{ "type": "Feature", "properties": { "nombre": "Municipio Deán Funes", "tipo": "Municipio", "codigo_indec": "140371", "provincia": "IGN" }, "geometry": { "type": "Point", "coordinates": [ -64.352739311470032, -30.424977177254902 ] } },
{ "type": "Feature", "properties": { "nombre": "Comuna Los Pozos", "tipo": "Comuna", "codigo_indec": "142287", "provincia": "IGN" }, "geometry": { "type": "Point", "coordinates": [ -64.25228925584446, -30.519180415143978 ] } },
{ "type": "Feature", "properties": { "nombre": "Comuna Olivares de San Nicolás", "tipo": "Comuna", "codigo_indec": "142294", "provincia": "IGN" }, "geometry": { "type": "Point", "coordinates": [ -64.855605520878044, -30.601226424260005 ] } },
{ "type": "Feature", "properties": { "nombre": "Municipio Quilino", "tipo": "Municipio", "codigo_indec": "140378", "provincia": "IGN" }, "geometry": { "type": "Point", "coordinates": [ -64.499368246547306, -30.214174174998107 ] } },
{ "type": "Feature", "properties": { "nombre": "Comuna Villa Gutiérrez", "tipo": "Comuna", "codigo_indec": "142301", "provincia": "IGN" }, "geometry": { "type": "Point", "coordinates": [ -64.160154060261618, -30.679205535407107 ] } },
{ "type": "Feature", "properties": { "nombre": "Municipio Alejandro Roca", "tipo": "Municipio", "codigo_indec": "140385", "provincia": "IGN" }, "geometry": { "type": "Point", "coordinates": [ -63.717734590578857, -33.353561142432739 ] } },
{ "type": "Feature", "properties": { "nombre": "Comuna Assunta", "tipo": "Comuna", "codigo_indec": "142308", "provincia": "IGN" }, "geometry": { "type": "Point", "coordinates": [ -63.22562209378458, -33.634165385923779 ] } },
{ "type": "Feature", "properties": { "nombre": "Municipio Bengolea", "tipo": "Municipio", "codigo_indec": "140392", "provincia": "IGN" }, "geometry": { "type": "Point", "coordinates": [ -63.669895804547707, -33.024771501603482 ] } },
{ "type": "Feature", "properties": { "nombre": "Municipio Carnerillo", "tipo": "Municipio", "codigo_indec": "140399", "provincia": "IGN" }, "geometry": { "type": "Point", "coordinates": [ -64.022579957299172, -32.913148249092387 ] } },
{ "type": "Feature", "properties": { "nombre": "Municipio Charras", "tipo": "Municipio", "codigo_indec": "140406", "provincia": "IGN" }, "geometry": { "type": "Point", "coordinates": [ -64.046874549720656, -33.025379107859521 ] } },
{ "type": "Feature", "properties": { "nombre": "Comuna El Rastreador", "tipo": "Comuna", "codigo_indec": "142315", "provincia": "IGN" }, "geometry": { "type": "Point", "coordinates": [ -63.539332915181831, -33.666183447807839 ] } },
{ "type": "Feature", "properties": { "nombre": "Municipio General Cabrera", "tipo": "Municipio", "codigo_indec": "140413", "provincia": "IGN" }, "geometry": { "type": "Point", "coordinates": [ -63.874957222797548, -32.814572953479001 ] } },
{ "type": "Feature", "properties": { "nombre": "Municipio General Deheza", "tipo": "Municipio", "codigo_indec": "140420", "provincia": "IGN" }, "geometry": { "type": "Point", "coordinates": [ -63.789132548428313, -32.7563272558981 ] } },
{ "type": "Feature", "properties": { "nombre": "Municipio Huanchilla", "tipo": "Municipio", "codigo_indec": "140427", "provincia": "IGN" }, "geometry": { "type": "Point", "coordinates": [ -63.636259221985483, -33.668490296989546 ] } },
{ "type": "Feature", "properties": { "nombre": "Municipio La Carlota", "tipo": "Municipio", "codigo_indec": "140434", "provincia": "IGN" }, "geometry": { "type": "Point", "coordinates": [ -63.293628941122677, -33.417977675829036 ] } },
{ "type": "Feature", "properties": { "nombre": "Municipio Los Cisnes", "tipo": "Municipio", "codigo_indec": "140441", "provincia": "IGN" }, "geometry": { "type": "Point", "coordinates": [ -63.472388893832317, -33.400358381334172 ] } },
{ "type": "Feature", "properties": { "nombre": "Municipio Olaeta", "tipo": "Municipio", "codigo_indec": "140448", "provincia": "IGN" }, "geometry": { "type": "Point", "coordinates": [ -63.90606664475979, -33.044761448581937 ] } },
{ "type": "Feature", "properties": { "nombre": "Comuna Pacheco de Melo", "tipo": "Comuna", "codigo_indec": "142322", "provincia": "IGN" }, "geometry": { "type": "Point", "coordinates": [ -63.490302325991536, -33.758446018868653 ] } },
{ "type": "Feature", "properties": { "nombre": "Comuna Paso del Durazno", "tipo": "Comuna", "codigo_indec": "142329", "provincia": "IGN" }, "geometry": { "type": "Point", "coordinates": [ -64.047763039432709, -33.170736856620579 ] } },
{ "type": "Feature", "properties": { "nombre": "Municipio Santa Eufemia", "tipo": "Municipio", "codigo_indec": "140462", "provincia": "IGN" }, "geometry": { "type": "Point", "coordinates": [ -63.286607638931343, -33.176479136702767 ] } },
{ "type": "Feature", "properties": { "nombre": "Municipio Ucacha", "tipo": "Municipio", "codigo_indec": "140469", "provincia": "IGN" }, "geometry": { "type": "Point", "coordinates": [ -63.506119891719607, -33.031440048319553 ] } },
{ "type": "Feature", "properties": { "nombre": "Municipio Reducción", "tipo": "Municipio", "codigo_indec": "140455", "provincia": "IGN" }, "geometry": { "type": "Point", "coordinates": [ -63.862645525570485, -33.20311380825558 ] } },
{ "type": "Feature", "properties": { "nombre": "Municipio Alejo Ledesma", "tipo": "Municipio", "codigo_indec": "140476", "provincia": "IGN" }, "geometry": { "type": "Point", "coordinates": [ -62.625880987317657, -33.60539202042537 ] } },
{ "type": "Feature", "properties": { "nombre": "Municipio Arias", "tipo": "Municipio", "codigo_indec": "140483", "provincia": "IGN" }, "geometry": { "type": "Point", "coordinates": [ -62.404119465341012, -33.642072922327486 ] } },
{ "type": "Feature", "properties": { "nombre": "Municipio Camilo Aldao", "tipo": "Municipio", "codigo_indec": "140490", "provincia": "IGN" }, "geometry": { "type": "Point", "coordinates": [ -62.09484085372236, -33.127586223825119 ] } },
{ "type": "Feature", "properties": { "nombre": "Municipio Capitán General Bernardo O'Higgins", "tipo": "Municipio", "codigo_indec": "140497", "provincia": "IGN" }, "geometry": { "type": "Point", "coordinates": [ -62.268834588445486, -33.248256578778069 ] } },
{ "type": "Feature", "properties": { "nombre": "Municipio Cavanagh", "tipo": "Municipio", "codigo_indec": "140504", "provincia": "IGN" }, "geometry": { "type": "Point", "coordinates": [ -62.338907063410204, -33.473764976772202 ] } },
{ "type": "Feature", "properties": { "nombre": "Comuna Colonia Barge", "tipo": "Comuna", "codigo_indec": "142336", "provincia": "IGN" }, "geometry": { "type": "Point", "coordinates": [ -62.607524398032524, -33.258239392533881 ] } },
{ "type": "Feature", "properties": { "nombre": "Municipio Colonia Italiana", "tipo": "Municipio", "codigo_indec": "140511", "provincia": "IGN" }, "geometry": { "type": "Point", "coordinates": [ -62.176462774037759, -33.311701757130322 ] } },
{ "type": "Feature", "properties": { "nombre": "Municipio Los Surgentes", "tipo": "Municipio", "codigo_indec": "140574", "provincia": "IGN" }, "geometry": { "type": "Point", "coordinates": [ -61.951744983544131, -32.887680941622136 ] } },
{ "type": "Feature", "properties": { "nombre": "Municipio Corral de Bustos Ifflinger", "tipo": "Municipio", "codigo_indec": "140518", "provincia": "IGN" }, "geometry": { "type": "Point", "coordinates": [ -62.186542917821384, -33.283092854251777 ] } },
{ "type": "Feature", "properties": { "nombre": "Municipio Cruz Alta", "tipo": "Municipio", "codigo_indec": "140525", "provincia": "IGN" }, "geometry": { "type": "Point", "coordinates": [ -61.805779280489389, -33.008399729563848 ] } },
{ "type": "Feature", "properties": { "nombre": "Comuna Chucul", "tipo": "Comuna", "codigo_indec": "142553", "provincia": "IGN" }, "geometry": { "type": "Point", "coordinates": [ -64.169974786507169, -33.009337122610077 ] } },
{ "type": "Feature", "properties": { "nombre": "Municipio General Baldissera", "tipo": "Municipio", "codigo_indec": "140532", "provincia": "IGN" }, "geometry": { "type": "Point", "coordinates": [ -62.302884167570255, -33.122080591346162 ] } },
{ "type": "Feature", "properties": { "nombre": "Municipio General Roca", "tipo": "Municipio", "codigo_indec": "140539", "provincia": "IGN" }, "geometry": { "type": "Point", "coordinates": [ -61.915826671663524, -32.730877480711115 ] } },
{ "type": "Feature", "properties": { "nombre": "Municipio Guatimozín", "tipo": "Municipio", "codigo_indec": "140546", "provincia": "IGN" }, "geometry": { "type": "Point", "coordinates": [ -62.438255310134423, -33.464287944433067 ] } },
{ "type": "Feature", "properties": { "nombre": "Municipio Inriville", "tipo": "Municipio", "codigo_indec": "140553", "provincia": "IGN" }, "geometry": { "type": "Point", "coordinates": [ -62.230790860209993, -32.945647467156846 ] } },
{ "type": "Feature", "properties": { "nombre": "Municipio Isla Verde", "tipo": "Municipio", "codigo_indec": "140560", "provincia": "IGN" }, "geometry": { "type": "Point", "coordinates": [ -62.40159580130512, -33.239697567188955 ] } },
{ "type": "Feature", "properties": { "nombre": "Municipio Leones", "tipo": "Municipio", "codigo_indec": "140567", "provincia": "IGN" }, "geometry": { "type": "Point", "coordinates": [ -62.297267575837907, -32.659355269829803 ] } },
{ "type": "Feature", "properties": { "nombre": "Municipio Marcos Juárez", "tipo": "Municipio", "codigo_indec": "140581", "provincia": "IGN" }, "geometry": { "type": "Point", "coordinates": [ -62.101126519473269, -32.690636290532325 ] } },
{ "type": "Feature", "properties": { "nombre": "Municipio Monte Buey", "tipo": "Municipio", "codigo_indec": "140588", "provincia": "IGN" }, "geometry": { "type": "Point", "coordinates": [ -62.454900955414701, -32.91563743851691 ] } },
{ "type": "Feature", "properties": { "nombre": "Municipio Saira", "tipo": "Municipio", "codigo_indec": "140595", "provincia": "IGN" }, "geometry": { "type": "Point", "coordinates": [ -62.102348922065062, -32.409712987364458 ] } },
{ "type": "Feature", "properties": { "nombre": "Comuna Saladillo", "tipo": "Comuna", "codigo_indec": "142343", "provincia": "IGN" }, "geometry": { "type": "Point", "coordinates": [ -62.343711879399677, -32.933871255054328 ] } },
{ "type": "Feature", "properties": { "nombre": "Comuna Villa Elisa", "tipo": "Comuna", "codigo_indec": "142350", "provincia": "IGN" }, "geometry": { "type": "Point", "coordinates": [ -62.295258965229038, -32.83475780872584 ] } },
{ "type": "Feature", "properties": { "nombre": "Comuna Ciénaga del Coro", "tipo": "Comuna", "codigo_indec": "142357", "provincia": "IGN" }, "geometry": { "type": "Point", "coordinates": [ -65.283525095306857, -31.042421886960483 ] } },
{ "type": "Feature", "properties": { "nombre": "Comuna El Chacho", "tipo": "Comuna", "codigo_indec": "142364", "provincia": "IGN" }, "geometry": { "type": "Point", "coordinates": [ -65.656404221577532, -30.800382635849928 ] } },
{ "type": "Feature", "properties": { "nombre": "Comuna Estancia de Guadalupe", "tipo": "Comuna", "codigo_indec": "142371", "provincia": "IGN" }, "geometry": { "type": "Point", "coordinates": [ -65.215975467793555, -31.130075736506001 ] } },
{ "type": "Feature", "properties": { "nombre": "Comuna Guasapampa", "tipo": "Comuna", "codigo_indec": "142378", "provincia": "IGN" }, "geometry": { "type": "Point", "coordinates": [ -65.329209344935293, -31.101592948255927 ] } },
{ "type": "Feature", "properties": { "nombre": "Municipio San Carlos Minas", "tipo": "Municipio", "codigo_indec": "140602", "provincia": "IGN" }, "geometry": { "type": "Point", "coordinates": [ -65.101820117404429, -31.176558441119141 ] } },
{ "type": "Feature", "properties": { "nombre": "Comuna Tosno", "tipo": "Comuna", "codigo_indec": "142399", "provincia": "IGN" }, "geometry": { "type": "Point", "coordinates": [ -65.310397267020221, -30.959873819621009 ] } },
{ "type": "Feature", "properties": { "nombre": "Comuna Chancani", "tipo": "Comuna", "codigo_indec": "142406", "provincia": "IGN" }, "geometry": { "type": "Point", "coordinates": [ -65.451253237147114, -31.415963634614002 ] } },
{ "type": "Feature", "properties": { "nombre": "Comuna Las Palmas", "tipo": "Comuna", "codigo_indec": "142413", "provincia": "IGN" }, "geometry": { "type": "Point", "coordinates": [ -65.28983623165675, -31.377775939308094 ] } },
{ "type": "Feature", "properties": { "nombre": "Comuna Los Talares", "tipo": "Comuna", "codigo_indec": "142420", "provincia": "IGN" }, "geometry": { "type": "Point", "coordinates": [ -65.047018416766491, -31.407147247847149 ] } },
{ "type": "Feature", "properties": { "nombre": "Municipio Salsacate", "tipo": "Municipio", "codigo_indec": "140609", "provincia": "IGN" }, "geometry": { "type": "Point", "coordinates": [ -65.089525307646795, -31.31785757646594 ] } },
{ "type": "Feature", "properties": { "nombre": "Comuna San Gerónimo", "tipo": "Comuna", "codigo_indec": "142427", "provincia": "IGN" }, "geometry": { "type": "Point", "coordinates": [ -64.91904827465811, -31.344184491920714 ] } },
{ "type": "Feature", "properties": { "nombre": "Comuna Tala Cañada", "tipo": "Comuna", "codigo_indec": "142434", "provincia": "IGN" }, "geometry": { "type": "Point", "coordinates": [ -64.975906130363569, -31.35448848415615 ] } },
{ "type": "Feature", "properties": { "nombre": "Comuna Villa de Pocho", "tipo": "Comuna", "codigo_indec": "142441", "provincia": "IGN" }, "geometry": { "type": "Point", "coordinates": [ -65.28095054583099, -31.490157576610841 ] } },
{ "type": "Feature", "properties": { "nombre": "Municipio General Levalle", "tipo": "Municipio", "codigo_indec": "140616", "provincia": "IGN" }, "geometry": { "type": "Point", "coordinates": [ -63.923476501539255, -34.007074794166385 ] } },
{ "type": "Feature", "properties": { "nombre": "Municipio La Cesira", "tipo": "Municipio", "codigo_indec": "140623", "provincia": "IGN" }, "geometry": { "type": "Point", "coordinates": [ -62.977302954167953, -33.953648091286368 ] } },
{ "type": "Feature", "properties": { "nombre": "Municipio Laboulaye", "tipo": "Municipio", "codigo_indec": "140630", "provincia": "IGN" }, "geometry": { "type": "Point", "coordinates": [ -63.390701706118818, -34.128632234989595 ] } },
{ "type": "Feature", "properties": { "nombre": "Comuna Leguizamón", "tipo": "Comuna", "codigo_indec": "142448", "provincia": "IGN" }, "geometry": { "type": "Point", "coordinates": [ -62.975847182001814, -34.204180124313268 ] } },
{ "type": "Feature", "properties": { "nombre": "Municipio Melo", "tipo": "Municipio", "codigo_indec": "140637", "provincia": "IGN" }, "geometry": { "type": "Point", "coordinates": [ -63.445150575738467, -34.348675480788756 ] } },
{ "type": "Feature", "properties": { "nombre": "Comuna Río Bamba", "tipo": "Comuna", "codigo_indec": "142455", "provincia": "IGN" }, "geometry": { "type": "Point", "coordinates": [ -63.733065523255277, -34.051372043684808 ] } },
{ "type": "Feature", "properties": { "nombre": "Municipio Rosales", "tipo": "Municipio", "codigo_indec": "140644", "provincia": "IGN" }, "geometry": { "type": "Point", "coordinates": [ -63.154026447862236, -34.171775958293779 ] } },
{ "type": "Feature", "properties": { "nombre": "Comuna San Joaquín", "tipo": "Comuna", "codigo_indec": "142462", "provincia": "IGN" }, "geometry": { "type": "Point", "coordinates": [ -63.708841821692658, -34.511729720949802 ] } },
{ "type": "Feature", "properties": { "nombre": "Municipio Serrano", "tipo": "Municipio", "codigo_indec": "140651", "provincia": "IGN" }, "geometry": { "type": "Point", "coordinates": [ -63.540286091330017, -34.470674326858671 ] } },
{ "type": "Feature", "properties": { "nombre": "Municipio Villa Rossi", "tipo": "Municipio", "codigo_indec": "140658", "provincia": "IGN" }, "geometry": { "type": "Point", "coordinates": [ -63.268538982887719, -34.297936596996294 ] } },
{ "type": "Feature", "properties": { "nombre": "Comuna Charbonier", "tipo": "Comuna", "codigo_indec": "142483", "provincia": "IGN" }, "geometry": { "type": "Point", "coordinates": [ -64.544169334047467, -30.774979057937117 ] } },
{ "type": "Feature", "properties": { "nombre": "Municipio Bialet Massé", "tipo": "Municipio", "codigo_indec": "140665", "provincia": "IGN" }, "geometry": { "type": "Point", "coordinates": [ -64.464035018301388, -31.313905309682241 ] } },
{ "type": "Feature", "properties": { "nombre": "Comuna Cabalango", "tipo": "Comuna", "codigo_indec": "142469", "provincia": "IGN" }, "geometry": { "type": "Point", "coordinates": [ -64.56030555295888, -31.390556962134042 ] } },
{ "type": "Feature", "properties": { "nombre": "Municipio Capilla del Monte", "tipo": "Municipio", "codigo_indec": "140672", "provincia": "IGN" }, "geometry": { "type": "Point", "coordinates": [ -64.526350522258781, -30.856869165979163 ] } },
{ "type": "Feature", "properties": { "nombre": "Comuna Casa Grande", "tipo": "Comuna", "codigo_indec": "142476", "provincia": "IGN" }, "geometry": { "type": "Point", "coordinates": [ -64.473454563277414, -31.152841554294241 ] } },
{ "type": "Feature", "properties": { "nombre": "Municipio Cosquín", "tipo": "Municipio", "codigo_indec": "140679", "provincia": "IGN" }, "geometry": { "type": "Point", "coordinates": [ -64.465348550095484, -31.243668281266139 ] } },
{ "type": "Feature", "properties": { "nombre": "Comuna Cuesta Blanca", "tipo": "Comuna", "codigo_indec": "142490", "provincia": "IGN" }, "geometry": { "type": "Point", "coordinates": [ -64.578692178701033, -31.480334849373776 ] } },
{ "type": "Feature", "properties": { "nombre": "Comuna Estancia Vieja", "tipo": "Comuna", "codigo_indec": "142497", "provincia": "IGN" }, "geometry": { "type": "Point", "coordinates": [ -64.531421860430498, -31.382027433918893 ] } },
{ "type": "Feature", "properties": { "nombre": "Municipio Huerta Grande", "tipo": "Municipio", "codigo_indec": "140686", "provincia": "IGN" }, "geometry": { "type": "Point", "coordinates": [ -64.490828014601163, -31.075289466435663 ] } },
{ "type": "Feature", "properties": { "nombre": "Municipio La Cumbre", "tipo": "Municipio", "codigo_indec": "140693", "provincia": "IGN" }, "geometry": { "type": "Point", "coordinates": [ -64.494197592644753, -30.982133781348864 ] } },
{ "type": "Feature", "properties": { "nombre": "Municipio La Falda", "tipo": "Municipio", "codigo_indec": "140700", "provincia": "IGN" }, "geometry": { "type": "Point", "coordinates": [ -64.482947648515108, -31.094426520667355 ] } },
{ "type": "Feature", "properties": { "nombre": "Municipio San Antonio de Arredondo", "tipo": "Municipio", "codigo_indec": "140710", "provincia": "IGN" }, "geometry": { "type": "Point", "coordinates": [ -64.527810481668382, -31.48279187904194 ] } },
{ "type": "Feature", "properties": { "nombre": "Municipio Los Cocos", "tipo": "Municipio", "codigo_indec": "140707", "provincia": "IGN" }, "geometry": { "type": "Point", "coordinates": [ -64.500392389097442, -30.926464683698157 ] } },
{ "type": "Feature", "properties": { "nombre": "Municipio Santa María de Punilla", "tipo": "Municipio", "codigo_indec": "140721", "provincia": "IGN" }, "geometry": { "type": "Point", "coordinates": [ -64.463627264786396, -31.275638255501065 ] } },
{ "type": "Feature", "properties": { "nombre": "Comuna Mayu Sumaj", "tipo": "Comuna", "codigo_indec": "142504", "provincia": "IGN" }, "geometry": { "type": "Point", "coordinates": [ -64.54146968078112, -31.472271560284241 ] } },
{ "type": "Feature", "properties": { "nombre": "Municipio San Esteban", "tipo": "Municipio", "codigo_indec": "140714", "provincia": "IGN" }, "geometry": { "type": "Point", "coordinates": [ -64.536371463672083, -30.921140761936556 ] } },
{ "type": "Feature", "properties": { "nombre": "Comuna San Roque", "tipo": "Comuna", "codigo_indec": "142518", "provincia": "IGN" }, "geometry": { "type": "Point", "coordinates": [ -64.451103393207006, -31.345298859854438 ] } },
{ "type": "Feature", "properties": { "nombre": "Comuna Tala Huasi", "tipo": "Comuna", "codigo_indec": "142525", "provincia": "IGN" }, "geometry": { "type": "Point", "coordinates": [ -64.566943061373138, -31.473314899762784 ] } },
{ "type": "Feature", "properties": { "nombre": "Municipio Tanti", "tipo": "Municipio", "codigo_indec": "140728", "provincia": "IGN" }, "geometry": { "type": "Point", "coordinates": [ -64.592347252623597, -31.354796397635596 ] } },
{ "type": "Feature", "properties": { "nombre": "Municipio Valle Hermoso", "tipo": "Municipio", "codigo_indec": "140735", "provincia": "IGN" }, "geometry": { "type": "Point", "coordinates": [ -64.485158943830129, -31.11396120294711 ] } },
{ "type": "Feature", "properties": { "nombre": "Municipio Villa Carlos Paz", "tipo": "Municipio", "codigo_indec": "140742", "provincia": "IGN" }, "geometry": { "type": "Point", "coordinates": [ -64.494029164014648, -31.417916940514374 ] } },
{ "type": "Feature", "properties": { "nombre": "Municipio Villa Giardino", "tipo": "Municipio", "codigo_indec": "140749", "provincia": "IGN" }, "geometry": { "type": "Point", "coordinates": [ -64.496785384637747, -31.050271931504369 ] } },
{ "type": "Feature", "properties": { "nombre": "Municipio Villa Santa Cruz del Lago", "tipo": "Municipio", "codigo_indec": "140754", "provincia": "IGN" }, "geometry": { "type": "Point", "coordinates": [ -64.521998592261184, -31.366381340126679 ] } },
{ "type": "Feature", "properties": { "nombre": "Comuna Villa Parque Síquiman", "tipo": "Comuna", "codigo_indec": "142532", "provincia": "IGN" }, "geometry": { "type": "Point", "coordinates": [ -64.482448759502631, -31.346455506716211 ] } },
{ "type": "Feature", "properties": { "nombre": "Municipio Villa Río Icho Cruz", "tipo": "Municipio", "codigo_indec": "140752", "provincia": "IGN" }, "geometry": { "type": "Point", "coordinates": [ -64.564726293683464, -31.482675028329822 ] } },
{ "type": "Feature", "properties": { "nombre": "Municipio Achiras", "tipo": "Municipio", "codigo_indec": "140756", "provincia": "IGN" }, "geometry": { "type": "Point", "coordinates": [ -64.99206181420135, -33.174447161707121 ] } },
{ "type": "Feature", "properties": { "nombre": "Municipio Adelia María", "tipo": "Municipio", "codigo_indec": "140763", "provincia": "IGN" }, "geometry": { "type": "Point", "coordinates": [ -64.021678009232687, -33.632030388191822 ] } },
{ "type": "Feature", "properties": { "nombre": "Municipio Alcira", "tipo": "Municipio", "codigo_indec": "140770", "provincia": "IGN" }, "geometry": { "type": "Point", "coordinates": [ -64.334033415609611, -32.758829230084871 ] } },
{ "type": "Feature", "properties": { "nombre": "Municipio Alpa Corral", "tipo": "Municipio", "codigo_indec": "140777", "provincia": "IGN" }, "geometry": { "type": "Point", "coordinates": [ -64.723596602601106, -32.692112408061121 ] } },
{ "type": "Feature", "properties": { "nombre": "Municipio Berrotarán", "tipo": "Municipio", "codigo_indec": "140784", "provincia": "IGN" }, "geometry": { "type": "Point", "coordinates": [ -64.387939110901186, -32.452841735157904 ] } },
{ "type": "Feature", "properties": { "nombre": "Municipio Bulnes", "tipo": "Municipio", "codigo_indec": "140791", "provincia": "IGN" }, "geometry": { "type": "Point", "coordinates": [ -64.678218671054765, -33.505926177451101 ] } },
{ "type": "Feature", "properties": { "nombre": "Municipio Chaján", "tipo": "Municipio", "codigo_indec": "140798", "provincia": "IGN" }, "geometry": { "type": "Point", "coordinates": [ -65.002654735227793, -33.555629987433917 ] } },
{ "type": "Feature", "properties": { "nombre": "Municipio Coronel Baigorria", "tipo": "Municipio", "codigo_indec": "140805", "provincia": "IGN" }, "geometry": { "type": "Point", "coordinates": [ -64.361077012494093, -32.847404528596087 ] } },
{ "type": "Feature", "properties": { "nombre": "Municipio Coronel Moldes", "tipo": "Municipio", "codigo_indec": "140812", "provincia": "IGN" }, "geometry": { "type": "Point", "coordinates": [ -64.597048139360083, -33.622728521304168 ] } },
{ "type": "Feature", "properties": { "nombre": "Municipio Elena", "tipo": "Municipio", "codigo_indec": "140819", "provincia": "IGN" }, "geometry": { "type": "Point", "coordinates": [ -64.393904925571803, -32.570393962511332 ] } },
{ "type": "Feature", "properties": { "nombre": "Comuna La Carolina El Potosí", "tipo": "Comuna", "codigo_indec": "142560", "provincia": "IGN" }, "geometry": { "type": "Point", "coordinates": [ -64.725112879355834, -33.186844321508204 ] } },
{ "type": "Feature", "properties": { "nombre": "Municipio La Cautiva", "tipo": "Municipio", "codigo_indec": "140826", "provincia": "IGN" }, "geometry": { "type": "Point", "coordinates": [ -64.083456244709907, -33.979644967241427 ] } },
{ "type": "Feature", "properties": { "nombre": "Municipio Las Acequias", "tipo": "Municipio", "codigo_indec": "140833", "provincia": "IGN" }, "geometry": { "type": "Point", "coordinates": [ -63.975376149289843, -33.280282336160838 ] } },
{ "type": "Feature", "properties": { "nombre": "Comuna Las Albahacas", "tipo": "Comuna", "codigo_indec": "142567", "provincia": "IGN" }, "geometry": { "type": "Point", "coordinates": [ -64.844842472402149, -32.888409180239421 ] } },
{ "type": "Feature", "properties": { "nombre": "Municipio Las Higueras", "tipo": "Municipio", "codigo_indec": "140840", "provincia": "IGN" }, "geometry": { "type": "Point", "coordinates": [ -64.285362307024798, -33.089803876347787 ] } },
{ "type": "Feature", "properties": { "nombre": "Comuna Las Peñas Sud", "tipo": "Comuna", "codigo_indec": "142574", "provincia": "IGN" }, "geometry": { "type": "Point", "coordinates": [ -64.10457259614833, -32.53470570530402 ] } },
{ "type": "Feature", "properties": { "nombre": "Municipio Las Vertientes", "tipo": "Municipio", "codigo_indec": "140847", "provincia": "IGN" }, "geometry": { "type": "Point", "coordinates": [ -64.577712485143024, -33.283444790444662 ] } },
{ "type": "Feature", "properties": { "nombre": "Comuna Malena", "tipo": "Comuna", "codigo_indec": "142581", "provincia": "IGN" }, "geometry": { "type": "Point", "coordinates": [ -64.430878653926698, -33.490405582251753 ] } },
{ "type": "Feature", "properties": { "nombre": "Municipio Monte de los Gauchos", "tipo": "Municipio", "codigo_indec": "140854", "provincia": "IGN" }, "geometry": { "type": "Point", "coordinates": [ -63.889672830336792, -33.639086418603313 ] } },
{ "type": "Feature", "properties": { "nombre": "Municipio Río Cuarto", "tipo": "Municipio", "codigo_indec": "140861", "provincia": "IGN" }, "geometry": { "type": "Point", "coordinates": [ -64.349003218323844, -33.123836934027224 ] } },
{ "type": "Feature", "properties": { "nombre": "Municipio Sampacho", "tipo": "Municipio", "codigo_indec": "140868", "provincia": "IGN" }, "geometry": { "type": "Point", "coordinates": [ -64.722878268217471, -33.384022758443507 ] } },
{ "type": "Feature", "properties": { "nombre": "Municipio San Basilio", "tipo": "Municipio", "codigo_indec": "140875", "provincia": "IGN" }, "geometry": { "type": "Point", "coordinates": [ -64.31473194822081, -33.498548483825402 ] } },
{ "type": "Feature", "properties": { "nombre": "Municipio Santa Catalina Holmberg", "tipo": "Municipio", "codigo_indec": "140882", "provincia": "IGN" }, "geometry": { "type": "Point", "coordinates": [ -64.437828682147938, -33.205189970540687 ] } },
{ "type": "Feature", "properties": { "nombre": "Comuna Suco", "tipo": "Comuna", "codigo_indec": "142588", "provincia": "IGN" }, "geometry": { "type": "Point", "coordinates": [ -64.830882263006004, -33.439992150517298 ] } },
{ "type": "Feature", "properties": { "nombre": "Municipio Tosquita", "tipo": "Municipio", "codigo_indec": "140889", "provincia": "IGN" }, "geometry": { "type": "Point", "coordinates": [ -64.457670073714894, -33.819683625099174 ] } },
{ "type": "Feature", "properties": { "nombre": "Municipio Vicuña Mackenna", "tipo": "Municipio", "codigo_indec": "140896", "provincia": "IGN" }, "geometry": { "type": "Point", "coordinates": [ -64.389854557142087, -33.915641665130693 ] } },
{ "type": "Feature", "properties": { "nombre": "Comuna Villa El Chacay", "tipo": "Comuna", "codigo_indec": "142595", "provincia": "IGN" }, "geometry": { "type": "Point", "coordinates": [ -64.867955226152731, -32.892555418197958 ] } },
{ "type": "Feature", "properties": { "nombre": "Comuna Washington", "tipo": "Comuna", "codigo_indec": "142602", "provincia": "IGN" }, "geometry": { "type": "Point", "coordinates": [ -64.689594004059984, -33.873737610502303 ] } },
{ "type": "Feature", "properties": { "nombre": "Comuna Atahona", "tipo": "Comuna", "codigo_indec": "142609", "provincia": "IGN" }, "geometry": { "type": "Point", "coordinates": [ -63.706329494510499, -30.902967426605414 ] } },
{ "type": "Feature", "properties": { "nombre": "Comuna Cañada de Machado", "tipo": "Comuna", "codigo_indec": "142616", "provincia": "IGN" }, "geometry": { "type": "Point", "coordinates": [ -63.587725916517797, -31.429720386786357 ] } },
{ "type": "Feature", "properties": { "nombre": "Comuna Capilla de los Remedios", "tipo": "Comuna", "codigo_indec": "142623", "provincia": "IGN" }, "geometry": { "type": "Point", "coordinates": [ -63.832425211154543, -31.430555884846171 ] } },
{ "type": "Feature", "properties": { "nombre": "Comuna Chalacea", "tipo": "Comuna", "codigo_indec": "142630", "provincia": "IGN" }, "geometry": { "type": "Point", "coordinates": [ -63.561242339162561, -30.760396665173914 ] } },
{ "type": "Feature", "properties": { "nombre": "Comuna Colonia Las Cuatro Esquinas", "tipo": "Comuna", "codigo_indec": "142637", "provincia": "IGN" }, "geometry": { "type": "Point", "coordinates": [ -63.222968670167973, -31.208548036762465 ] } },
{ "type": "Feature", "properties": { "nombre": "Comuna El Crispín", "tipo": "Comuna", "codigo_indec": "142658", "provincia": "IGN" }, "geometry": { "type": "Point", "coordinates": [ -63.605351167222523, -31.017606725569863 ] } },
{ "type": "Feature", "properties": { "nombre": "Comuna Esquina", "tipo": "Comuna", "codigo_indec": "142665", "provincia": "IGN" }, "geometry": { "type": "Point", "coordinates": [ -63.793640549471718, -31.0779121521241 ] } },
{ "type": "Feature", "properties": { "nombre": "Comuna Kilómetro 658", "tipo": "Comuna", "codigo_indec": "142672", "provincia": "IGN" }, "geometry": { "type": "Point", "coordinates": [ -63.530628418466677, -31.368848622066196 ] } },
{ "type": "Feature", "properties": { "nombre": "Municipio La Para", "tipo": "Municipio", "codigo_indec": "140903", "provincia": "IGN" }, "geometry": { "type": "Point", "coordinates": [ -63.001396303496563, -30.894130530799316 ] } },
{ "type": "Feature", "properties": { "nombre": "Comuna La Posta", "tipo": "Comuna", "codigo_indec": "142679", "provincia": "IGN" }, "geometry": { "type": "Point", "coordinates": [ -63.516964065339323, -30.565574782050533 ] } },
{ "type": "Feature", "properties": { "nombre": "Municipio La Puerta", "tipo": "Municipio", "codigo_indec": "140910", "provincia": "IGN" }, "geometry": { "type": "Point", "coordinates": [ -63.254825453032197, -30.893342947718793 ] } },
{ "type": "Feature", "properties": { "nombre": "Comuna La Quinta", "tipo": "Comuna", "codigo_indec": "142686", "provincia": "IGN" }, "geometry": { "type": "Point", "coordinates": [ -63.151326610234833, -31.061901912043538 ] } },
{ "type": "Feature", "properties": { "nombre": "Comuna Las Gramillas", "tipo": "Comuna", "codigo_indec": "142693", "provincia": "IGN" }, "geometry": { "type": "Point", "coordinates": [ -63.227884728697234, -31.131793821127872 ] } },
{ "type": "Feature", "properties": { "nombre": "Comuna Las Saladas", "tipo": "Comuna", "codigo_indec": "142700", "provincia": "IGN" }, "geometry": { "type": "Point", "coordinates": [ -63.20427580818199, -30.759600882974325 ] } },
{ "type": "Feature", "properties": { "nombre": "Comuna Maquinista Gallini", "tipo": "Comuna", "codigo_indec": "142707", "provincia": "IGN" }, "geometry": { "type": "Point", "coordinates": [ -63.531607623692821, -30.908601789840702 ] } },
{ "type": "Feature", "properties": { "nombre": "Municipio Montecristo", "tipo": "Municipio", "codigo_indec": "140917", "provincia": "IGN" }, "geometry": { "type": "Point", "coordinates": [ -63.947225299008323, -31.341986020038746 ] } },
{ "type": "Feature", "properties": { "nombre": "Municipio Obispo Trejo", "tipo": "Municipio", "codigo_indec": "140924", "provincia": "IGN" }, "geometry": { "type": "Point", "coordinates": [ -63.410365748680306, -30.781292394928016 ] } },
{ "type": "Feature", "properties": { "nombre": "Municipio Piquillín", "tipo": "Municipio", "codigo_indec": "140931", "provincia": "IGN" }, "geometry": { "type": "Point", "coordinates": [ -63.75767305546708, -31.300599739286497 ] } },
{ "type": "Feature", "properties": { "nombre": "Comuna Plaza de Mercedes", "tipo": "Comuna", "codigo_indec": "142714", "provincia": "IGN" }, "geometry": { "type": "Point", "coordinates": [ -63.260688235073928, -30.978355107102459 ] } },
{ "type": "Feature", "properties": { "nombre": "Comuna Comechingones", "tipo": "Comuna", "codigo_indec": "142644", "provincia": "IGN" }, "geometry": { "type": "Point", "coordinates": [ -63.605325990701886, -31.171488727123005 ] } },
{ "type": "Feature", "properties": { "nombre": "Municipio Río Primero", "tipo": "Municipio", "codigo_indec": "140938", "provincia": "IGN" }, "geometry": { "type": "Point", "coordinates": [ -63.618572375814438, -31.333871790650562 ] } },
{ "type": "Feature", "properties": { "nombre": "Comuna Sagrada Familia", "tipo": "Comuna", "codigo_indec": "142721", "provincia": "IGN" }, "geometry": { "type": "Point", "coordinates": [ -63.445433354065983, -31.28932729052201 ] } },
{ "type": "Feature", "properties": { "nombre": "Municipio Villa Santa Rosa", "tipo": "Municipio", "codigo_indec": "140945", "provincia": "IGN" }, "geometry": { "type": "Point", "coordinates": [ -63.399412602409654, -31.153527656975768 ] } },
{ "type": "Feature", "properties": { "nombre": "Municipio Villa Fontana", "tipo": "Municipio", "codigo_indec": "140952", "provincia": "IGN" }, "geometry": { "type": "Point", "coordinates": [ -63.117152940855476, -30.893707694754255 ] } },
{ "type": "Feature", "properties": { "nombre": "Comuna Cerro Colorado", "tipo": "Comuna", "codigo_indec": "142735", "provincia": "IGN" }, "geometry": { "type": "Point", "coordinates": [ -63.932161875969769, -30.09558384761641 ] } },
{ "type": "Feature", "properties": { "nombre": "Comuna Chañar Viejo", "tipo": "Comuna", "codigo_indec": "142742", "provincia": "IGN" }, "geometry": { "type": "Point", "coordinates": [ -63.852734229501038, -29.998404979705981 ] } },
{ "type": "Feature", "properties": { "nombre": "Comuna Eufrasio Loza", "tipo": "Comuna", "codigo_indec": "142749", "provincia": "IGN" }, "geometry": { "type": "Point", "coordinates": [ -63.590814803560306, -29.924738217594609 ] } },
{ "type": "Feature", "properties": { "nombre": "Comuna Gutemberg", "tipo": "Comuna", "codigo_indec": "142756", "provincia": "IGN" }, "geometry": { "type": "Point", "coordinates": [ -63.515152605008666, -29.720899995138609 ] } },
{ "type": "Feature", "properties": { "nombre": "Comuna La Rinconada", "tipo": "Comuna", "codigo_indec": "142763", "provincia": "IGN" }, "geometry": { "type": "Point", "coordinates": [ -62.945668984635915, -30.184004049946907 ] } },
{ "type": "Feature", "properties": { "nombre": "Comuna Los Hoyos", "tipo": "Comuna", "codigo_indec": "142770", "provincia": "IGN" }, "geometry": { "type": "Point", "coordinates": [ -63.628246701424075, -29.802462609661688 ] } },
{ "type": "Feature", "properties": { "nombre": "Comuna Puesto de Castro", "tipo": "Comuna", "codigo_indec": "142777", "provincia": "IGN" }, "geometry": { "type": "Point", "coordinates": [ -63.426091884832601, -30.269695885456713 ] } },
{ "type": "Feature", "properties": { "nombre": "Comuna Rayo Cortado", "tipo": "Comuna", "codigo_indec": "142784", "provincia": "IGN" }, "geometry": { "type": "Point", "coordinates": [ -63.82360255791167, -30.072991401132185 ] } },
{ "type": "Feature", "properties": { "nombre": "Comuna Santa Elena", "tipo": "Comuna", "codigo_indec": "142791", "provincia": "IGN" }, "geometry": { "type": "Point", "coordinates": [ -63.842902710491671, -30.115706858284852 ] } },
{ "type": "Feature", "properties": { "nombre": "Municipio Sebastián Elcano", "tipo": "Municipio", "codigo_indec": "140959", "provincia": "IGN" }, "geometry": { "type": "Point", "coordinates": [ -63.592489977030766, -30.160405513903299 ] } },
{ "type": "Feature", "properties": { "nombre": "Municipio La Paz", "tipo": "Municipio", "codigo_indec": "141127", "provincia": "IGN" }, "geometry": { "type": "Point", "coordinates": [ -65.048264538977264, -32.217525316540105 ] } },
{ "type": "Feature", "properties": { "nombre": "Comuna Villa Candelaria Norte", "tipo": "Comuna", "codigo_indec": "142798", "provincia": "IGN" }, "geometry": { "type": "Point", "coordinates": [ -63.35512611957472, -29.812910245211583 ] } },
{ "type": "Feature", "properties": { "nombre": "Municipio Villa de María", "tipo": "Municipio", "codigo_indec": "140966", "provincia": "IGN" }, "geometry": { "type": "Point", "coordinates": [ -63.722561970558445, -29.906523133036103 ] } },
{ "type": "Feature", "properties": { "nombre": "Municipio Calchín", "tipo": "Municipio", "codigo_indec": "140973", "provincia": "IGN" }, "geometry": { "type": "Point", "coordinates": [ -63.199043019219914, -31.668857135348446 ] } },
{ "type": "Feature", "properties": { "nombre": "Municipio Calchín Oeste", "tipo": "Municipio", "codigo_indec": "140980", "provincia": "IGN" }, "geometry": { "type": "Point", "coordinates": [ -63.277785992929182, -31.86254893488541 ] } },
{ "type": "Feature", "properties": { "nombre": "Municipio Capilla del Carmen", "tipo": "Municipio", "codigo_indec": "140987", "provincia": "IGN" }, "geometry": { "type": "Point", "coordinates": [ -63.343145042809454, -31.507679645399264 ] } },
{ "type": "Feature", "properties": { "nombre": "Municipio Carrilobo", "tipo": "Municipio", "codigo_indec": "140994", "provincia": "IGN" }, "geometry": { "type": "Point", "coordinates": [ -63.117398136514737, -31.87371488143657 ] } },
{ "type": "Feature", "properties": { "nombre": "Municipio Colazo", "tipo": "Municipio", "codigo_indec": "141001", "provincia": "IGN" }, "geometry": { "type": "Point", "coordinates": [ -63.382678347827436, -31.964561430365677 ] } },
{ "type": "Feature", "properties": { "nombre": "Comuna Colonia Videla", "tipo": "Comuna", "codigo_indec": "142805", "provincia": "IGN" }, "geometry": { "type": "Point", "coordinates": [ -63.503508078834727, -31.917276972953914 ] } },
{ "type": "Feature", "properties": { "nombre": "Municipio Costa Sacate", "tipo": "Municipio", "codigo_indec": "141008", "provincia": "IGN" }, "geometry": { "type": "Point", "coordinates": [ -63.758868659161237, -31.645319232496547 ] } },
{ "type": "Feature", "properties": { "nombre": "Comuna Impira", "tipo": "Comuna", "codigo_indec": "142812", "provincia": "IGN" }, "geometry": { "type": "Point", "coordinates": [ -63.650083467378067, -31.798473811117447 ] } },
{ "type": "Feature", "properties": { "nombre": "Municipio Laguna Larga", "tipo": "Municipio", "codigo_indec": "141015", "provincia": "IGN" }, "geometry": { "type": "Point", "coordinates": [ -63.800326539438231, -31.775699452467734 ] } },
{ "type": "Feature", "properties": { "nombre": "Municipio Las Junturas", "tipo": "Municipio", "codigo_indec": "141022", "provincia": "IGN" }, "geometry": { "type": "Point", "coordinates": [ -63.450636575117812, -31.831396212365291 ] } },
{ "type": "Feature", "properties": { "nombre": "Comuna Los Chañaritos", "tipo": "Comuna", "codigo_indec": "142819", "provincia": "IGN" }, "geometry": { "type": "Point", "coordinates": [ -63.330501318580957, -31.402529909927352 ] } },
{ "type": "Feature", "properties": { "nombre": "Municipio Luque", "tipo": "Municipio", "codigo_indec": "141029", "provincia": "IGN" }, "geometry": { "type": "Point", "coordinates": [ -63.345081719345842, -31.647726289536593 ] } },
{ "type": "Feature", "properties": { "nombre": "Municipio Manfredi", "tipo": "Municipio", "codigo_indec": "141036", "provincia": "IGN" }, "geometry": { "type": "Point", "coordinates": [ -63.747558013491471, -31.84575732064377 ] } },
{ "type": "Feature", "properties": { "nombre": "Municipio Matorrales", "tipo": "Municipio", "codigo_indec": "141043", "provincia": "IGN" }, "geometry": { "type": "Point", "coordinates": [ -63.510718351070977, -31.714710563641574 ] } },
{ "type": "Feature", "properties": { "nombre": "Municipio Oncativo", "tipo": "Municipio", "codigo_indec": "141050", "provincia": "IGN" }, "geometry": { "type": "Point", "coordinates": [ -63.682021404164402, -31.913432104108267 ] } },
{ "type": "Feature", "properties": { "nombre": "Municipio Pilar", "tipo": "Municipio", "codigo_indec": "141057", "provincia": "IGN" }, "geometry": { "type": "Point", "coordinates": [ -63.88239584009591, -31.681265236301556 ] } },
{ "type": "Feature", "properties": { "nombre": "Municipio Pozo del Molle", "tipo": "Municipio", "codigo_indec": "141064", "provincia": "IGN" }, "geometry": { "type": "Point", "coordinates": [ -62.919308798762017, -32.021336576321914 ] } },
{ "type": "Feature", "properties": { "nombre": "Municipio Río Segundo", "tipo": "Municipio", "codigo_indec": "141071", "provincia": "IGN" }, "geometry": { "type": "Point", "coordinates": [ -63.911862843695246, -31.650152759342348 ] } },
{ "type": "Feature", "properties": { "nombre": "Municipio Santiago Temple", "tipo": "Municipio", "codigo_indec": "141078", "provincia": "IGN" }, "geometry": { "type": "Point", "coordinates": [ -63.419637502668593, -31.385985414994877 ] } },
{ "type": "Feature", "properties": { "nombre": "Municipio Villa del Rosario", "tipo": "Municipio", "codigo_indec": "141085", "provincia": "IGN" }, "geometry": { "type": "Point", "coordinates": [ -63.535697319475673, -31.554100500037976 ] } },
{ "type": "Feature", "properties": { "nombre": "Comuna Ambul", "tipo": "Comuna", "codigo_indec": "142833", "provincia": "IGN" }, "geometry": { "type": "Point", "coordinates": [ -65.053952156466835, -31.490540999867221 ] } },
{ "type": "Feature", "properties": { "nombre": "Comuna Arroyo de los Patos", "tipo": "Comuna", "codigo_indec": "142840", "provincia": "IGN" }, "geometry": { "type": "Point", "coordinates": [ -65.004348905077848, -31.762599051604923 ] } },
{ "type": "Feature", "properties": { "nombre": "Comuna Las Calles", "tipo": "Comuna", "codigo_indec": "142847", "provincia": "IGN" }, "geometry": { "type": "Point", "coordinates": [ -64.971425081102552, -31.824043849943678 ] } },
{ "type": "Feature", "properties": { "nombre": "Municipio San Pedro", "tipo": "Municipio", "codigo_indec": "141106", "provincia": "IGN" }, "geometry": { "type": "Point", "coordinates": [ -65.21886785027101, -31.936473984986378 ] } },
{ "type": "Feature", "properties": { "nombre": "Comuna Las Rabonas", "tipo": "Comuna", "codigo_indec": "142854", "provincia": "IGN" }, "geometry": { "type": "Point", "coordinates": [ -64.979880402658409, -31.853561745278284 ] } },
{ "type": "Feature", "properties": { "nombre": "Municipio Mina Clavero", "tipo": "Municipio", "codigo_indec": "141092", "provincia": "IGN" }, "geometry": { "type": "Point", "coordinates": [ -65.00500033889449, -31.729427642471705 ] } },
{ "type": "Feature", "properties": { "nombre": "Municipio Nono", "tipo": "Municipio", "codigo_indec": "141099", "provincia": "IGN" }, "geometry": { "type": "Point", "coordinates": [ -65.002498777496555, -31.79720469863787 ] } },
{ "type": "Feature", "properties": { "nombre": "Comuna Panaholma", "tipo": "Comuna", "codigo_indec": "142861", "provincia": "IGN" }, "geometry": { "type": "Point", "coordinates": [ -65.054953291661036, -31.632953599329085 ] } },
{ "type": "Feature", "properties": { "nombre": "Comuna San Lorenzo", "tipo": "Comuna", "codigo_indec": "142868", "provincia": "IGN" }, "geometry": { "type": "Point", "coordinates": [ -65.017720994728109, -31.67091966391132 ] } },
{ "type": "Feature", "properties": { "nombre": "Comuna San Vicente", "tipo": "Comuna", "codigo_indec": "142875", "provincia": "IGN" }, "geometry": { "type": "Point", "coordinates": [ -65.42947435695595, -31.850556970028094 ] } },
{ "type": "Feature", "properties": { "nombre": "Comuna Sauce Arriba", "tipo": "Comuna", "codigo_indec": "142882", "provincia": "IGN" }, "geometry": { "type": "Point", "coordinates": [ -65.166934480641714, -31.912673226488153 ] } },
{ "type": "Feature", "properties": { "nombre": "Municipio Villa Cura Brochero", "tipo": "Municipio", "codigo_indec": "141113", "provincia": "IGN" }, "geometry": { "type": "Point", "coordinates": [ -65.018606388973637, -31.706460725482032 ] } },
{ "type": "Feature", "properties": { "nombre": "Municipio Villa Sarmiento", "tipo": "Municipio", "codigo_indec": "141120", "provincia": "IGN" }, "geometry": { "type": "Point", "coordinates": [ -65.193098313935991, -31.936241106441855 ] } },
{ "type": "Feature", "properties": { "nombre": "Comuna Conlara", "tipo": "Comuna", "codigo_indec": "142889", "provincia": "IGN" }, "geometry": { "type": "Point", "coordinates": [ -65.229460448440875, -32.077353468787521 ] } },
{ "type": "Feature", "properties": { "nombre": "Comuna Los Hornillos", "tipo": "Comuna", "codigo_indec": "142917", "provincia": "IGN" }, "geometry": { "type": "Point", "coordinates": [ -64.989754935341978, -31.903342467980451 ] } },
{ "type": "Feature", "properties": { "nombre": "Comuna La Población", "tipo": "Comuna", "codigo_indec": "142896", "provincia": "IGN" }, "geometry": { "type": "Point", "coordinates": [ -65.02961725373325, -32.06625261066938 ] } },
{ "type": "Feature", "properties": { "nombre": "Comuna Luyaba", "tipo": "Comuna", "codigo_indec": "142924", "provincia": "IGN" }, "geometry": { "type": "Point", "coordinates": [ -65.058482568615602, -32.149721185384351 ] } },
{ "type": "Feature", "properties": { "nombre": "Municipio Las Tapias", "tipo": "Municipio", "codigo_indec": "141130", "provincia": "IGN" }, "geometry": { "type": "Point", "coordinates": [ -65.097966110547532, -31.953053644310216 ] } },
{ "type": "Feature", "properties": { "nombre": "Municipio Los Cerrillos", "tipo": "Municipio", "codigo_indec": "141132", "provincia": "IGN" }, "geometry": { "type": "Point", "coordinates": [ -65.44463822527382, -31.972699199508384 ] } },
{ "type": "Feature", "properties": { "nombre": "Municipio Villa de las Rosas", "tipo": "Municipio", "codigo_indec": "141148", "provincia": "IGN" }, "geometry": { "type": "Point", "coordinates": [ -65.052115337952443, -31.947086539112433 ] } },
{ "type": "Feature", "properties": { "nombre": "Municipio San Javier y Yacanto", "tipo": "Municipio", "codigo_indec": "141134", "provincia": "IGN" }, "geometry": { "type": "Point", "coordinates": [ -65.030268367391216, -32.026469651153434 ] } },
{ "type": "Feature", "properties": { "nombre": "Municipio San José", "tipo": "Municipio", "codigo_indec": "141141", "provincia": "IGN" }, "geometry": { "type": "Point", "coordinates": [ -65.311804300428093, -31.956501268218915 ] } },
{ "type": "Feature", "properties": { "nombre": "Municipio Villa Dolores", "tipo": "Municipio", "codigo_indec": "141155", "provincia": "IGN" }, "geometry": { "type": "Point", "coordinates": [ -65.190239696504761, -31.94497676286727 ] } },
{ "type": "Feature", "properties": { "nombre": "Municipio Alicia", "tipo": "Municipio", "codigo_indec": "141162", "provincia": "IGN" }, "geometry": { "type": "Point", "coordinates": [ -62.464245768527348, -31.938847228416819 ] } },
{ "type": "Feature", "properties": { "nombre": "Municipio Altos de Chipión", "tipo": "Municipio", "codigo_indec": "141169", "provincia": "IGN" }, "geometry": { "type": "Point", "coordinates": [ -62.338368627610009, -30.957180512870309 ] } },
{ "type": "Feature", "properties": { "nombre": "Municipio Arroyito", "tipo": "Municipio", "codigo_indec": "141176", "provincia": "IGN" }, "geometry": { "type": "Point", "coordinates": [ -63.050702588853369, -31.419229765441287 ] } },
{ "type": "Feature", "properties": { "nombre": "Municipio Balnearia", "tipo": "Municipio", "codigo_indec": "141183", "provincia": "IGN" }, "geometry": { "type": "Point", "coordinates": [ -62.665374089042928, -31.012851396574661 ] } },
{ "type": "Feature", "properties": { "nombre": "Municipio Brinkmann", "tipo": "Municipio", "codigo_indec": "141190", "provincia": "IGN" }, "geometry": { "type": "Point", "coordinates": [ -62.043106735187621, -30.866479579469001 ] } },
{ "type": "Feature", "properties": { "nombre": "Comuna Colonia Anita", "tipo": "Comuna", "codigo_indec": "142931", "provincia": "IGN" }, "geometry": { "type": "Point", "coordinates": [ -62.23432299700869, -31.119928185837068 ] } },
{ "type": "Feature", "properties": { "nombre": "Comuna Colonia Las Pichanas", "tipo": "Comuna", "codigo_indec": "142945", "provincia": "IGN" }, "geometry": { "type": "Point", "coordinates": [ -62.925319084008493, -31.245622018841061 ] } },
{ "type": "Feature", "properties": { "nombre": "Municipio Colonia Marina", "tipo": "Municipio", "codigo_indec": "141197", "provincia": "IGN" }, "geometry": { "type": "Point", "coordinates": [ -62.363905953596827, -31.248760006169277 ] } },
{ "type": "Feature", "properties": { "nombre": "Municipio Colonia Prosperidad", "tipo": "Municipio", "codigo_indec": "141204", "provincia": "IGN" }, "geometry": { "type": "Point", "coordinates": [ -62.36533986144542, -31.628704305359349 ] } },
{ "type": "Feature", "properties": { "nombre": "Municipio Colonia San Bartolomé", "tipo": "Municipio", "codigo_indec": "141211", "provincia": "IGN" }, "geometry": { "type": "Point", "coordinates": [ -62.723704083676466, -31.527908366877568 ] } },
{ "type": "Feature", "properties": { "nombre": "Comuna Colonia San Pedro", "tipo": "Comuna", "codigo_indec": "142952", "provincia": "IGN" }, "geometry": { "type": "Point", "coordinates": [ -61.917929237144563, -30.783090824082194 ] } },
{ "type": "Feature", "properties": { "nombre": "Comuna Colonia Valtelina", "tipo": "Comuna", "codigo_indec": "142959", "provincia": "IGN" }, "geometry": { "type": "Point", "coordinates": [ -62.234464021497331, -31.053662728152347 ] } },
{ "type": "Feature", "properties": { "nombre": "Municipio Colonia Vignaud", "tipo": "Municipio", "codigo_indec": "141218", "provincia": "IGN" }, "geometry": { "type": "Point", "coordinates": [ -61.956613651398868, -30.841419162164584 ] } },
{ "type": "Feature", "properties": { "nombre": "Municipio Devoto", "tipo": "Municipio", "codigo_indec": "141225", "provincia": "IGN" }, "geometry": { "type": "Point", "coordinates": [ -62.306222698318834, -31.401782157820264 ] } },
{ "type": "Feature", "properties": { "nombre": "Municipio El Arañado", "tipo": "Municipio", "codigo_indec": "141232", "provincia": "IGN" }, "geometry": { "type": "Point", "coordinates": [ -62.889626754670928, -31.743034525323026 ] } },
{ "type": "Feature", "properties": { "nombre": "Municipio El Fortín", "tipo": "Municipio", "codigo_indec": "141239", "provincia": "IGN" }, "geometry": { "type": "Point", "coordinates": [ -62.300176296299014, -31.966920207301655 ] } },
{ "type": "Feature", "properties": { "nombre": "Municipio El Tío", "tipo": "Municipio", "codigo_indec": "141246", "provincia": "IGN" }, "geometry": { "type": "Point", "coordinates": [ -62.828197701662589, -31.385420521140077 ] } },
{ "type": "Feature", "properties": { "nombre": "Comuna Plaza Luxardo", "tipo": "Comuna", "codigo_indec": "142966", "provincia": "IGN" }, "geometry": { "type": "Point", "coordinates": [ -62.133753979062817, -31.305184758269945 ] } },
{ "type": "Feature", "properties": { "nombre": "Comuna Colonia Iturraspe", "tipo": "Comuna", "codigo_indec": "142938", "provincia": "IGN" }, "geometry": { "type": "Point", "coordinates": [ -62.11031010302878, -31.20783626922838 ] } },
{ "type": "Feature", "properties": { "nombre": "Municipio Freyre", "tipo": "Municipio", "codigo_indec": "141253", "provincia": "IGN" }, "geometry": { "type": "Point", "coordinates": [ -62.096318845438304, -31.164572257103941 ] } },
{ "type": "Feature", "properties": { "nombre": "Municipio La Francia", "tipo": "Municipio", "codigo_indec": "141260", "provincia": "IGN" }, "geometry": { "type": "Point", "coordinates": [ -62.633217539657664, -31.406295870457996 ] } },
{ "type": "Feature", "properties": { "nombre": "Municipio La Paquita", "tipo": "Municipio", "codigo_indec": "141267", "provincia": "IGN" }, "geometry": { "type": "Point", "coordinates": [ -62.216112314631573, -30.909289745125591 ] } },
{ "type": "Feature", "properties": { "nombre": "Municipio La Tordilla", "tipo": "Municipio", "codigo_indec": "141274", "provincia": "IGN" }, "geometry": { "type": "Point", "coordinates": [ -63.061080500864364, -31.2365377699021 ] } },
{ "type": "Feature", "properties": { "nombre": "Municipio Las Varas", "tipo": "Municipio", "codigo_indec": "141281", "provincia": "IGN" }, "geometry": { "type": "Point", "coordinates": [ -62.616597453109932, -31.802437610807033 ] } },
{ "type": "Feature", "properties": { "nombre": "Municipio Las Varillas", "tipo": "Municipio", "codigo_indec": "141288", "provincia": "IGN" }, "geometry": { "type": "Point", "coordinates": [ -62.719664779605864, -31.870384793523385 ] } },
{ "type": "Feature", "properties": { "nombre": "Municipio Marull", "tipo": "Municipio", "codigo_indec": "141295", "provincia": "IGN" }, "geometry": { "type": "Point", "coordinates": [ -62.82533847718895, -30.99386496529587 ] } },
{ "type": "Feature", "properties": { "nombre": "Municipio Miramar de Ansenuza", "tipo": "Municipio", "codigo_indec": "141302", "provincia": "IGN" }, "geometry": { "type": "Point", "coordinates": [ -62.675009545054422, -30.915153180075151 ] } },
{ "type": "Feature", "properties": { "nombre": "Municipio Morteros", "tipo": "Municipio", "codigo_indec": "141309", "provincia": "IGN" }, "geometry": { "type": "Point", "coordinates": [ -62.00723645789617, -30.710667779394441 ] } },
{ "type": "Feature", "properties": { "nombre": "Municipio San Francisco", "tipo": "Municipio", "codigo_indec": "141337", "provincia": "IGN" }, "geometry": { "type": "Point", "coordinates": [ -62.083876733924114, -31.424938943277539 ] } },
{ "type": "Feature", "properties": { "nombre": "Municipio Porteña", "tipo": "Municipio", "codigo_indec": "141316", "provincia": "IGN" }, "geometry": { "type": "Point", "coordinates": [ -62.062044533828157, -31.014049314224451 ] } },
{ "type": "Feature", "properties": { "nombre": "Municipio Quebracho Herrado", "tipo": "Municipio", "codigo_indec": "141323", "provincia": "IGN" }, "geometry": { "type": "Point", "coordinates": [ -62.224956685602535, -31.549013741191175 ] } },
{ "type": "Feature", "properties": { "nombre": "Municipio Sacanta", "tipo": "Municipio", "codigo_indec": "141330", "provincia": "IGN" }, "geometry": { "type": "Point", "coordinates": [ -63.047961378814534, -31.663398253226774 ] } },
{ "type": "Feature", "properties": { "nombre": "Municipio Saturnino María Laspiur", "tipo": "Municipio", "codigo_indec": "141344", "provincia": "IGN" }, "geometry": { "type": "Point", "coordinates": [ -62.483462240989581, -31.703481692426124 ] } },
{ "type": "Feature", "properties": { "nombre": "Municipio Seeber", "tipo": "Municipio", "codigo_indec": "141351", "provincia": "IGN" }, "geometry": { "type": "Point", "coordinates": [ -61.974159336384218, -30.925725471553221 ] } },
{ "type": "Feature", "properties": { "nombre": "Comuna Toro Pujio", "tipo": "Comuna", "codigo_indec": "142973", "provincia": "IGN" }, "geometry": { "type": "Point", "coordinates": [ -62.98702769757017, -31.108904932016969 ] } },
{ "type": "Feature", "properties": { "nombre": "Municipio Tránsito", "tipo": "Municipio", "codigo_indec": "141358", "provincia": "IGN" }, "geometry": { "type": "Point", "coordinates": [ -63.193560455250747, -31.424342691861682 ] } },
{ "type": "Feature", "properties": { "nombre": "Municipio Villa Concepción del Tío", "tipo": "Municipio", "codigo_indec": "141365", "provincia": "IGN" }, "geometry": { "type": "Point", "coordinates": [ -62.813998095435693, -31.322100174083744 ] } },
{ "type": "Feature", "properties": { "nombre": "Comuna Villa San Esteban", "tipo": "Comuna", "codigo_indec": "142980", "provincia": "IGN" }, "geometry": { "type": "Point", "coordinates": [ -62.897066225425931, -31.633775407908729 ] } },
{ "type": "Feature", "properties": { "nombre": "Municipio Alta Gracia", "tipo": "Municipio", "codigo_indec": "141372", "provincia": "IGN" }, "geometry": { "type": "Point", "coordinates": [ -64.429871976210677, -31.649792126705222 ] } },
{ "type": "Feature", "properties": { "nombre": "Municipio Anisacate", "tipo": "Municipio", "codigo_indec": "141375", "provincia": "IGN" }, "geometry": { "type": "Point", "coordinates": [ -64.414068999284837, -31.725502527119886 ] } },
{ "type": "Feature", "properties": { "nombre": "Municipio Malagueño", "tipo": "Municipio", "codigo_indec": "141393", "provincia": "IGN" }, "geometry": { "type": "Point", "coordinates": [ -64.359021201866938, -31.467399278953508 ] } },
{ "type": "Feature", "properties": { "nombre": "Municipio Bouwer", "tipo": "Municipio", "codigo_indec": "141377", "provincia": "IGN" }, "geometry": { "type": "Point", "coordinates": [ -64.190690256150333, -31.558132699464466 ] } },
{ "type": "Feature", "properties": { "nombre": "Municipio Villa Parque Santa Ana", "tipo": "Municipio", "codigo_indec": "141410", "provincia": "IGN" }, "geometry": { "type": "Point", "coordinates": [ -64.347082591088679, -31.592623953632483 ] } },
{ "type": "Feature", "properties": { "nombre": "Municipio Despeñaderos", "tipo": "Municipio", "codigo_indec": "141379", "provincia": "IGN" }, "geometry": { "type": "Point", "coordinates": [ -64.29477500276414, -31.814280553504716 ] } },
{ "type": "Feature", "properties": { "nombre": "Comuna Dique Chico", "tipo": "Comuna", "codigo_indec": "143001", "provincia": "IGN" }, "geometry": { "type": "Point", "coordinates": [ -64.3658108593836, -31.745849115544218 ] } },
{ "type": "Feature", "properties": { "nombre": "Comuna Falda del Carmen", "tipo": "Comuna", "codigo_indec": "143008", "provincia": "IGN" }, "geometry": { "type": "Point", "coordinates": [ -64.454648181668233, -31.585357623955133 ] } },
{ "type": "Feature", "properties": { "nombre": "Comuna Villa San Isidro", "tipo": "Comuna", "codigo_indec": "143113", "provincia": "IGN" }, "geometry": { "type": "Point", "coordinates": [ -64.38355447615811, -31.825925434910857 ] } },
{ "type": "Feature", "properties": { "nombre": "Municipio Toledo", "tipo": "Municipio", "codigo_indec": "141407", "provincia": "IGN" }, "geometry": { "type": "Point", "coordinates": [ -64.007370952007761, -31.5537838091754 ] } },
{ "type": "Feature", "properties": { "nombre": "Comuna La Paisanita", "tipo": "Comuna", "codigo_indec": "143022", "provincia": "IGN" }, "geometry": { "type": "Point", "coordinates": [ -64.481927489062343, -31.720939823913682 ] } },
{ "type": "Feature", "properties": { "nombre": "Comuna La Rancherita", "tipo": "Comuna", "codigo_indec": "143029", "provincia": "IGN" }, "geometry": { "type": "Point", "coordinates": [ -64.459039074793452, -31.754829252667832 ] } },
{ "type": "Feature", "properties": { "nombre": "Comuna La Serranita", "tipo": "Comuna", "codigo_indec": "143036", "provincia": "IGN" }, "geometry": { "type": "Point", "coordinates": [ -64.455610190058167, -31.735666228713455 ] } },
{ "type": "Feature", "properties": { "nombre": "Comuna Los Cedros", "tipo": "Comuna", "codigo_indec": "143043", "provincia": "IGN" }, "geometry": { "type": "Point", "coordinates": [ -64.284524419466322, -31.526144321503182 ] } },
{ "type": "Feature", "properties": { "nombre": "Municipio Lozada", "tipo": "Municipio", "codigo_indec": "141386", "provincia": "IGN" }, "geometry": { "type": "Point", "coordinates": [ -64.089704445603616, -31.649678119649479 ] } },
{ "type": "Feature", "properties": { "nombre": "Municipio Monte Ralo", "tipo": "Municipio", "codigo_indec": "141400", "provincia": "IGN" }, "geometry": { "type": "Point", "coordinates": [ -64.239942286307439, -31.910722777733952 ] } },
{ "type": "Feature", "properties": { "nombre": "Comuna Potrero de Garay", "tipo": "Comuna", "codigo_indec": "143050", "provincia": "IGN" }, "geometry": { "type": "Point", "coordinates": [ -64.545377626276377, -31.780095826960803 ] } },
{ "type": "Feature", "properties": { "nombre": "Comuna Rafael García", "tipo": "Comuna", "codigo_indec": "143057", "provincia": "IGN" }, "geometry": { "type": "Point", "coordinates": [ -64.25939868889833, -31.645100027244439 ] } },
{ "type": "Feature", "properties": { "nombre": "Comuna San Clemente", "tipo": "Comuna", "codigo_indec": "143064", "provincia": "IGN" }, "geometry": { "type": "Point", "coordinates": [ -64.628280186581321, -31.714514959297901 ] } },
{ "type": "Feature", "properties": { "nombre": "Comuna Villa del Prado", "tipo": "Comuna", "codigo_indec": "143085", "provincia": "IGN" }, "geometry": { "type": "Point", "coordinates": [ -64.394138001967178, -31.621286367971436 ] } },
{ "type": "Feature", "properties": { "nombre": "Comuna Valle de Anisacate", "tipo": "Comuna", "codigo_indec": "143071", "provincia": "IGN" }, "geometry": { "type": "Point", "coordinates": [ -64.420213744868363, -31.729956401566653 ] } },
{ "type": "Feature", "properties": { "nombre": "Comuna Villa Ciudad de América", "tipo": "Comuna", "codigo_indec": "143078", "provincia": "IGN" }, "geometry": { "type": "Point", "coordinates": [ -64.508654756611691, -31.791879761541736 ] } },
{ "type": "Feature", "properties": { "nombre": "Comuna Villa La Bolsa", "tipo": "Comuna", "codigo_indec": "143092", "provincia": "IGN" }, "geometry": { "type": "Point", "coordinates": [ -64.429451419947043, -31.729659248475514 ] } },
{ "type": "Feature", "properties": { "nombre": "Comuna Villa Los Aromos", "tipo": "Comuna", "codigo_indec": "143099", "provincia": "IGN" }, "geometry": { "type": "Point", "coordinates": [ -64.43906894797351, -31.734487985532041 ] } },
{ "type": "Feature", "properties": { "nombre": "Comuna Caminiaga", "tipo": "Comuna", "codigo_indec": "143120", "provincia": "IGN" }, "geometry": { "type": "Point", "coordinates": [ -64.050701810739952, -30.067480159581635 ] } },
{ "type": "Feature", "properties": { "nombre": "Comuna Chuña Huasi", "tipo": "Comuna", "codigo_indec": "143127", "provincia": "IGN" }, "geometry": { "type": "Point", "coordinates": [ -64.112560351179241, -29.933707595229293 ] } },
{ "type": "Feature", "properties": { "nombre": "Comuna Pozo Nuevo", "tipo": "Comuna", "codigo_indec": "143134", "provincia": "IGN" }, "geometry": { "type": "Point", "coordinates": [ -64.101494448809717, -29.578736308233999 ] } },
{ "type": "Feature", "properties": { "nombre": "Municipio San Francisco del Chañar", "tipo": "Municipio", "codigo_indec": "141414", "provincia": "IGN" }, "geometry": { "type": "Point", "coordinates": [ -63.941697761742262, -29.786352909059474 ] } },
{ "type": "Feature", "properties": { "nombre": "Municipio Almafuerte", "tipo": "Municipio", "codigo_indec": "141421", "provincia": "IGN" }, "geometry": { "type": "Point", "coordinates": [ -64.255745208374606, -32.192390465947199 ] } },
{ "type": "Feature", "properties": { "nombre": "Municipio Colonia Almada", "tipo": "Municipio", "codigo_indec": "141428", "provincia": "IGN" }, "geometry": { "type": "Point", "coordinates": [ -63.864784577446244, -32.035024679645232 ] } },
{ "type": "Feature", "properties": { "nombre": "Municipio Corralito", "tipo": "Municipio", "codigo_indec": "141435", "provincia": "IGN" }, "geometry": { "type": "Point", "coordinates": [ -64.191990504058481, -32.02372320616098 ] } },
{ "type": "Feature", "properties": { "nombre": "Municipio Dalmacio Vélez", "tipo": "Municipio", "codigo_indec": "141442", "provincia": "IGN" }, "geometry": { "type": "Point", "coordinates": [ -63.583491031485892, -32.608600361917127 ] } },
{ "type": "Feature", "properties": { "nombre": "Comuna General Fotheringham", "tipo": "Comuna", "codigo_indec": "143141", "provincia": "IGN" }, "geometry": { "type": "Point", "coordinates": [ -63.868471659339548, -32.322414209048475 ] } },
{ "type": "Feature", "properties": { "nombre": "Municipio Hernando", "tipo": "Municipio", "codigo_indec": "141449", "provincia": "IGN" }, "geometry": { "type": "Point", "coordinates": [ -63.733471104008231, -32.427881395310123 ] } },
{ "type": "Feature", "properties": { "nombre": "Municipio James Craik", "tipo": "Municipio", "codigo_indec": "141456", "provincia": "IGN" }, "geometry": { "type": "Point", "coordinates": [ -63.467969815954177, -32.161431345879862 ] } },
{ "type": "Feature", "properties": { "nombre": "Comuna Las Isletillas", "tipo": "Comuna", "codigo_indec": "143148", "provincia": "IGN" }, "geometry": { "type": "Point", "coordinates": [ -63.928956041088384, -32.509219088490113 ] } },
{ "type": "Feature", "properties": { "nombre": "Municipio Las Perdices", "tipo": "Municipio", "codigo_indec": "141463", "provincia": "IGN" }, "geometry": { "type": "Point", "coordinates": [ -63.70467420505048, -32.698955827949078 ] } },
{ "type": "Feature", "properties": { "nombre": "Municipio Los Zorros", "tipo": "Municipio", "codigo_indec": "141470", "provincia": "IGN" }, "geometry": { "type": "Point", "coordinates": [ -63.202240246689996, -32.044972804751069 ] } },
{ "type": "Feature", "properties": { "nombre": "Municipio Oliva", "tipo": "Municipio", "codigo_indec": "141477", "provincia": "IGN" }, "geometry": { "type": "Point", "coordinates": [ -63.570676452256407, -32.038258606649322 ] } },
{ "type": "Feature", "properties": { "nombre": "Comuna Pampayasta Norte", "tipo": "Comuna", "codigo_indec": "143155", "provincia": "IGN" }, "geometry": { "type": "Point", "coordinates": [ -63.642975565869619, -32.24099722534163 ] } },
{ "type": "Feature", "properties": { "nombre": "Municipio Pampayasta Sud", "tipo": "Municipio", "codigo_indec": "141484", "provincia": "IGN" }, "geometry": { "type": "Point", "coordinates": [ -63.651676235969489, -32.250502076409646 ] } },
{ "type": "Feature", "properties": { "nombre": "Comuna Punta del Agua", "tipo": "Comuna", "codigo_indec": "143162", "provincia": "IGN" }, "geometry": { "type": "Point", "coordinates": [ -63.810209503265924, -32.575805707567326 ] } },
{ "type": "Feature", "properties": { "nombre": "Municipio Río Tercero", "tipo": "Municipio", "codigo_indec": "141491", "provincia": "IGN" }, "geometry": { "type": "Point", "coordinates": [ -64.112962840962325, -32.17673937372308 ] } },
{ "type": "Feature", "properties": { "nombre": "Municipio Tancacha", "tipo": "Municipio", "codigo_indec": "141498", "provincia": "IGN" }, "geometry": { "type": "Point", "coordinates": [ -63.979865774485859, -32.237584812588977 ] } },
{ "type": "Feature", "properties": { "nombre": "Municipio Villa Ascasubi", "tipo": "Municipio", "codigo_indec": "141505", "provincia": "IGN" }, "geometry": { "type": "Point", "coordinates": [ -63.892422432848946, -32.162738586916191 ] } },
{ "type": "Feature", "properties": { "nombre": "Comuna Candelaria Sud", "tipo": "Comuna", "codigo_indec": "143169", "provincia": "IGN" }, "geometry": { "type": "Point", "coordinates": [ -63.801268051379452, -30.838967445691026 ] } },
{ "type": "Feature", "properties": { "nombre": "Municipio Cañada de Luque", "tipo": "Municipio", "codigo_indec": "141512", "provincia": "IGN" }, "geometry": { "type": "Point", "coordinates": [ -63.723971029239578, -30.73523754277835 ] } },
{ "type": "Feature", "properties": { "nombre": "Comuna Capilla de Sitón", "tipo": "Comuna", "codigo_indec": "143176", "provincia": "IGN" }, "geometry": { "type": "Point", "coordinates": [ -63.653712457563813, -30.573686780220669 ] } },
{ "type": "Feature", "properties": { "nombre": "Municipio Las Peñas", "tipo": "Municipio", "codigo_indec": "141519", "provincia": "IGN" }, "geometry": { "type": "Point", "coordinates": [ -64.000266575841749, -30.563962857899526 ] } },
{ "type": "Feature", "properties": { "nombre": "Comuna Los Mistoles", "tipo": "Comuna", "codigo_indec": "143190", "provincia": "IGN" }, "geometry": { "type": "Point", "coordinates": [ -63.886117286883234, -30.626687201752929 ] } },
{ "type": "Feature", "properties": { "nombre": "Municipio Sarmiento", "tipo": "Municipio", "codigo_indec": "141526", "provincia": "IGN" }, "geometry": { "type": "Point", "coordinates": [ -64.10950290623407, -30.774471196388561 ] } },
{ "type": "Feature", "properties": { "nombre": "Municipio Sinsacate", "tipo": "Municipio", "codigo_indec": "141533", "provincia": "IGN" }, "geometry": { "type": "Point", "coordinates": [ -64.094032940168006, -30.942929272967547 ] } },
{ "type": "Feature", "properties": { "nombre": "Municipio Villa del Totoral", "tipo": "Municipio", "codigo_indec": "141540", "provincia": "IGN" }, "geometry": { "type": "Point", "coordinates": [ -64.068141444072353, -30.704621872001724 ] } },
{ "type": "Feature", "properties": { "nombre": "Comuna Churqui Cañada", "tipo": "Comuna", "codigo_indec": "143204", "provincia": "IGN" }, "geometry": { "type": "Point", "coordinates": [ -63.926890886505191, -30.173740806892681 ] } },
{ "type": "Feature", "properties": { "nombre": "Comuna El Rodeo", "tipo": "Comuna", "codigo_indec": "143211", "provincia": "IGN" }, "geometry": { "type": "Point", "coordinates": [ -63.864131193899425, -30.17523811604616 ] } },
{ "type": "Feature", "properties": { "nombre": "Municipio Lucio Victorio Mansilla", "tipo": "Municipio", "codigo_indec": "141554", "provincia": "IGN" }, "geometry": { "type": "Point", "coordinates": [ -64.708104307267945, -29.803988969615204 ] } },
{ "type": "Feature", "properties": { "nombre": "Municipio Las Arrias", "tipo": "Municipio", "codigo_indec": "141547", "provincia": "IGN" }, "geometry": { "type": "Point", "coordinates": [ -63.596900355766763, -30.381745791634955 ] } },
{ "type": "Feature", "properties": { "nombre": "Comuna Rosario del Saladillo", "tipo": "Comuna", "codigo_indec": "143218", "provincia": "IGN" }, "geometry": { "type": "Point", "coordinates": [ -63.47394136740013, -30.43142827059819 ] } },
{ "type": "Feature", "properties": { "nombre": "Municipio San José de la Dormida", "tipo": "Municipio", "codigo_indec": "141561", "provincia": "IGN" }, "geometry": { "type": "Point", "coordinates": [ -63.950292814561692, -30.356269405508613 ] } },
{ "type": "Feature", "properties": { "nombre": "Municipio San José de las Salinas", "tipo": "Municipio", "codigo_indec": "141568", "provincia": "IGN" }, "geometry": { "type": "Point", "coordinates": [ -64.623939267882861, -30.006952105854964 ] } },
{ "type": "Feature", "properties": { "nombre": "Municipio San Pedro Norte", "tipo": "Municipio", "codigo_indec": "141575", "provincia": "IGN" }, "geometry": { "type": "Point", "coordinates": [ -64.154927138476637, -30.09108151949647 ] } },
{ "type": "Feature", "properties": { "nombre": "Municipio Villa Tulumba", "tipo": "Municipio", "codigo_indec": "141582", "provincia": "IGN" }, "geometry": { "type": "Point", "coordinates": [ -64.122308935608828, -30.395354234810043 ] } },
{ "type": "Feature", "properties": { "nombre": "Comuna Aldea Santa María", "tipo": "Comuna", "codigo_indec": "143225", "provincia": "IGN" }, "geometry": { "type": "Point", "coordinates": [ -62.914657821701098, -33.699219433430073 ] } },
{ "type": "Feature", "properties": { "nombre": "Municipio Alto Alegre", "tipo": "Municipio", "codigo_indec": "141589", "provincia": "IGN" }, "geometry": { "type": "Point", "coordinates": [ -62.884913584094591, -32.344688717310419 ] } },
{ "type": "Feature", "properties": { "nombre": "Comuna Ana Zumarán", "tipo": "Comuna", "codigo_indec": "143232", "provincia": "IGN" }, "geometry": { "type": "Point", "coordinates": [ -63.057232437626851, -32.390952847995493 ] } },
{ "type": "Feature", "properties": { "nombre": "Municipio Ballesteros", "tipo": "Municipio", "codigo_indec": "141596", "provincia": "IGN" }, "geometry": { "type": "Point", "coordinates": [ -62.980810866827994, -32.541697046581419 ] } },
{ "type": "Feature", "properties": { "nombre": "Municipio Ballesteros Sud", "tipo": "Municipio", "codigo_indec": "141603", "provincia": "IGN" }, "geometry": { "type": "Point", "coordinates": [ -63.030218271955619, -32.58947806106363 ] } },
{ "type": "Feature", "properties": { "nombre": "Municipio Bell Ville", "tipo": "Municipio", "codigo_indec": "141610", "provincia": "IGN" }, "geometry": { "type": "Point", "coordinates": [ -62.688793383907523, -32.630314282278277 ] } },
{ "type": "Feature", "properties": { "nombre": "Municipio Benjamín Gould", "tipo": "Municipio", "codigo_indec": "141617", "provincia": "IGN" }, "geometry": { "type": "Point", "coordinates": [ -62.728134879720869, -33.587464970731787 ] } },
{ "type": "Feature", "properties": { "nombre": "Municipio Canals", "tipo": "Municipio", "codigo_indec": "141624", "provincia": "IGN" }, "geometry": { "type": "Point", "coordinates": [ -62.885085614509478, -33.562172633560124 ] } },
{ "type": "Feature", "properties": { "nombre": "Municipio Chilibroste", "tipo": "Municipio", "codigo_indec": "141631", "provincia": "IGN" }, "geometry": { "type": "Point", "coordinates": [ -62.510795668685148, -32.332692032810996 ] } },
{ "type": "Feature", "properties": { "nombre": "Municipio Cintra", "tipo": "Municipio", "codigo_indec": "141638", "provincia": "IGN" }, "geometry": { "type": "Point", "coordinates": [ -62.651606075559926, -32.306331819957506 ] } },
{ "type": "Feature", "properties": { "nombre": "Municipio Colonia Bismarck", "tipo": "Municipio", "codigo_indec": "141645", "provincia": "IGN" }, "geometry": { "type": "Point", "coordinates": [ -62.712646783322327, -33.301237046152721 ] } },
{ "type": "Feature", "properties": { "nombre": "Comuna Colonia Bremen", "tipo": "Comuna", "codigo_indec": "143239", "provincia": "IGN" }, "geometry": { "type": "Point", "coordinates": [ -62.731177162096287, -33.464254897945125 ] } },
{ "type": "Feature", "properties": { "nombre": "Municipio Idiazábal", "tipo": "Municipio", "codigo_indec": "141652", "provincia": "IGN" }, "geometry": { "type": "Point", "coordinates": [ -63.032397104442794, -32.812536019621575 ] } },
{ "type": "Feature", "properties": { "nombre": "Municipio Justiniano Posse", "tipo": "Municipio", "codigo_indec": "141659", "provincia": "IGN" }, "geometry": { "type": "Point", "coordinates": [ -62.679613682725233, -32.883449726723484 ] } },
{ "type": "Feature", "properties": { "nombre": "Municipio Laborde", "tipo": "Municipio", "codigo_indec": "141666", "provincia": "IGN" }, "geometry": { "type": "Point", "coordinates": [ -62.857476189374609, -33.154839841185662 ] } },
{ "type": "Feature", "properties": { "nombre": "Municipio Monte Leña", "tipo": "Municipio", "codigo_indec": "141673", "provincia": "IGN" }, "geometry": { "type": "Point", "coordinates": [ -62.589745258037169, -32.611282942453784 ] } },
{ "type": "Feature", "properties": { "nombre": "Municipio Monte Maíz", "tipo": "Municipio", "codigo_indec": "141680", "provincia": "IGN" }, "geometry": { "type": "Point", "coordinates": [ -62.600483085026326, -33.204245117618029 ] } },
{ "type": "Feature", "properties": { "nombre": "Municipio Morrison", "tipo": "Municipio", "codigo_indec": "141687", "provincia": "IGN" }, "geometry": { "type": "Point", "coordinates": [ -62.833340644754912, -32.592865391724388 ] } },
{ "type": "Feature", "properties": { "nombre": "Municipio Noetinger", "tipo": "Municipio", "codigo_indec": "141694", "provincia": "IGN" }, "geometry": { "type": "Point", "coordinates": [ -62.307174836649324, -32.366022494242657 ] } },
{ "type": "Feature", "properties": { "nombre": "Municipio Ordóñez", "tipo": "Municipio", "codigo_indec": "141701", "provincia": "IGN" }, "geometry": { "type": "Point", "coordinates": [ -62.865985554789461, -32.841007328025739 ] } },
{ "type": "Feature", "properties": { "nombre": "Municipio Pascanas", "tipo": "Municipio", "codigo_indec": "141708", "provincia": "IGN" }, "geometry": { "type": "Point", "coordinates": [ -63.040124715283355, -33.124700409096533 ] } },
{ "type": "Feature", "properties": { "nombre": "Municipio Pueblo Italiano", "tipo": "Municipio", "codigo_indec": "141715", "provincia": "IGN" }, "geometry": { "type": "Point", "coordinates": [ -62.840501662022064, -33.882410684905153 ] } },
{ "type": "Feature", "properties": { "nombre": "Municipio San Antonio de Litín", "tipo": "Municipio", "codigo_indec": "141722", "provincia": "IGN" }, "geometry": { "type": "Point", "coordinates": [ -62.631328879723981, -32.213580738959877 ] } },
{ "type": "Feature", "properties": { "nombre": "Municipio San Marcos Sud", "tipo": "Municipio", "codigo_indec": "141729", "provincia": "IGN" }, "geometry": { "type": "Point", "coordinates": [ -62.484248003842254, -32.630235881180909 ] } },
{ "type": "Feature", "properties": { "nombre": "Municipio Viamonte", "tipo": "Municipio", "codigo_indec": "141736", "provincia": "IGN" }, "geometry": { "type": "Point", "coordinates": [ -63.09728162704539, -33.746051752186588 ] } },
{ "type": "Feature", "properties": { "nombre": "Comuna Villa Los Patos", "tipo": "Comuna", "codigo_indec": "143246", "provincia": "IGN" }, "geometry": { "type": "Point", "coordinates": [ -62.727135130381896, -32.766837624556672 ] } },
{ "type": "Feature", "properties": { "nombre": "Municipio Wenceslao Escalante", "tipo": "Municipio", "codigo_indec": "141743", "provincia": "IGN" }, "geometry": { "type": "Point", "coordinates": [ -62.769416107966947, -33.171677001592286 ] } },
{ "type": "Feature", "properties": { "nombre": "Municipio Bella Vista", "tipo": "Municipio", "codigo_indec": "180007", "provincia": "IGN" }, "geometry": { "type": "Point", "coordinates": [ -59.045217289046604, -28.507683212710049 ] } },
{ "type": "Feature", "properties": { "nombre": "Municipio San Antonio de Itatí", "tipo": "Municipio", "codigo_indec": "180014", "provincia": "IGN" }, "geometry": { "type": "Point", "coordinates": [ -57.730405703060683, -27.385606254425056 ] } },
{ "type": "Feature", "properties": { "nombre": "Municipio Corrientes", "tipo": "Municipio", "codigo_indec": "180021", "provincia": "IGN" }, "geometry": { "type": "Point", "coordinates": [ -58.83947284649463, -27.46334501366141 ] } },
{ "type": "Feature", "properties": { "nombre": "Municipio Riachuelo", "tipo": "Municipio", "codigo_indec": "180028", "provincia": "IGN" }, "geometry": { "type": "Point", "coordinates": [ -58.743116833075362, -27.58043493732248 ] } },
{ "type": "Feature", "properties": { "nombre": "Municipio Concepción del Yaguareté Corá", "tipo": "Municipio", "codigo_indec": "180042", "provincia": "IGN" }, "geometry": { "type": "Point", "coordinates": [ -57.886916861823693, -28.393200862529739 ] } },
{ "type": "Feature", "properties": { "nombre": "Municipio Colonia Santa Rosa", "tipo": "Municipio", "codigo_indec": "180035", "provincia": "IGN" }, "geometry": { "type": "Point", "coordinates": [ -58.122724375029861, -28.26727891199215 ] } },
{ "type": "Feature", "properties": { "nombre": "Municipio Tabay", "tipo": "Municipio", "codigo_indec": "180049", "provincia": "IGN" }, "geometry": { "type": "Point", "coordinates": [ -58.286865633841899, -28.308135912941964 ] } },
{ "type": "Feature", "properties": { "nombre": "Municipio Tatacuá", "tipo": "Municipio", "codigo_indec": "180056", "provincia": "IGN" }, "geometry": { "type": "Point", "coordinates": [ -58.321136160205583, -28.375919419945205 ] } },
{ "type": "Feature", "properties": { "nombre": "Municipio Curuzú Cuatiá", "tipo": "Municipio", "codigo_indec": "180063", "provincia": "IGN" }, "geometry": { "type": "Point", "coordinates": [ -58.049858805439499, -29.791451211604112 ] } },
{ "type": "Feature", "properties": { "nombre": "Municipio Perugorría", "tipo": "Municipio", "codigo_indec": "180070", "provincia": "IGN" }, "geometry": { "type": "Point", "coordinates": [ -58.60820365317602, -29.340847876228452 ] } },
{ "type": "Feature", "properties": { "nombre": "Municipio Esquina", "tipo": "Municipio", "codigo_indec": "180084", "provincia": "IGN" }, "geometry": { "type": "Point", "coordinates": [ -59.529518735001602, -30.014607064964025 ] } },
{ "type": "Feature", "properties": { "nombre": "Municipio Pueblo Libertador", "tipo": "Municipio", "codigo_indec": "180091", "provincia": "IGN" }, "geometry": { "type": "Point", "coordinates": [ -59.389758208374587, -30.220105733592675 ] } },
{ "type": "Feature", "properties": { "nombre": "Municipio Alvear", "tipo": "Municipio", "codigo_indec": "180098", "provincia": "IGN" }, "geometry": { "type": "Point", "coordinates": [ -56.553435840291741, -29.098839351354911 ] } },
{ "type": "Feature", "properties": { "nombre": "Municipio Estación Torrent", "tipo": "Municipio", "codigo_indec": "180105", "provincia": "IGN" }, "geometry": { "type": "Point", "coordinates": [ -56.469217051125952, -28.824361325614632 ] } },
{ "type": "Feature", "properties": { "nombre": "Municipio Itá Ibaté", "tipo": "Municipio", "codigo_indec": "180119", "provincia": "IGN" }, "geometry": { "type": "Point", "coordinates": [ -57.338126807206322, -27.425876016065217 ] } },
{ "type": "Feature", "properties": { "nombre": "Municipio Lomas de Vallejos", "tipo": "Municipio", "codigo_indec": "180126", "provincia": "IGN" }, "geometry": { "type": "Point", "coordinates": [ -57.91989689612484, -27.737884626774076 ] } },
{ "type": "Feature", "properties": { "nombre": "Municipio Caá Catí", "tipo": "Municipio", "codigo_indec": "180112", "provincia": "IGN" }, "geometry": { "type": "Point", "coordinates": [ -57.621998156389793, -27.752150844885534 ] } },
{ "type": "Feature", "properties": { "nombre": "Municipio Palmar Grande", "tipo": "Municipio", "codigo_indec": "180133", "provincia": "IGN" }, "geometry": { "type": "Point", "coordinates": [ -57.900958206256178, -27.941267286855748 ] } },
{ "type": "Feature", "properties": { "nombre": "Municipio Carolina", "tipo": "Municipio", "codigo_indec": "180137", "provincia": "IGN" }, "geometry": { "type": "Point", "coordinates": [ -59.181793381059663, -29.150277133382929 ] } },
{ "type": "Feature", "properties": { "nombre": "Municipio Goya", "tipo": "Municipio", "codigo_indec": "180140", "provincia": "IGN" }, "geometry": { "type": "Point", "coordinates": [ -59.259891256676099, -29.140076381519748 ] } },
{ "type": "Feature", "properties": { "nombre": "Municipio Itatí", "tipo": "Municipio", "codigo_indec": "180147", "provincia": "IGN" }, "geometry": { "type": "Point", "coordinates": [ -58.242421268726503, -27.269216659820927 ] } },
{ "type": "Feature", "properties": { "nombre": "Municipio Ramada Paso", "tipo": "Municipio", "codigo_indec": "180154", "provincia": "IGN" }, "geometry": { "type": "Point", "coordinates": [ -58.299624036020418, -27.366183932542413 ] } },
{ "type": "Feature", "properties": { "nombre": "Municipio Colonia Liebig", "tipo": "Municipio", "codigo_indec": "180161", "provincia": "IGN" }, "geometry": { "type": "Point", "coordinates": [ -55.824239182392319, -27.913358189628696 ] } },
{ "type": "Feature", "properties": { "nombre": "Municipio Ituzaingó", "tipo": "Municipio", "codigo_indec": "180168", "provincia": "IGN" }, "geometry": { "type": "Point", "coordinates": [ -56.687045239745999, -27.585100079604956 ] } },
{ "type": "Feature", "properties": { "nombre": "Municipio San Antonio Isla Apipé Grande", "tipo": "Municipio", "codigo_indec": "180175", "provincia": "IGN" }, "geometry": { "type": "Point", "coordinates": [ -56.745235506713243, -27.50822883519254 ] } },
{ "type": "Feature", "properties": { "nombre": "Municipio San Carlos", "tipo": "Municipio", "codigo_indec": "180182", "provincia": "IGN" }, "geometry": { "type": "Point", "coordinates": [ -55.898431680977239, -27.743622392259567 ] } },
{ "type": "Feature", "properties": { "nombre": "Municipio Villa Olivari", "tipo": "Municipio", "codigo_indec": "180186", "provincia": "IGN" }, "geometry": { "type": "Point", "coordinates": [ -56.906305444940301, -27.633100431539617 ] } },
{ "type": "Feature", "properties": { "nombre": "Municipio Cruz de los Milagros", "tipo": "Municipio", "codigo_indec": "180189", "provincia": "IGN" }, "geometry": { "type": "Point", "coordinates": [ -59.006005140025138, -28.836123823055971 ] } },
{ "type": "Feature", "properties": { "nombre": "Municipio Gobernador Martínez", "tipo": "Municipio", "codigo_indec": "180196", "provincia": "IGN" }, "geometry": { "type": "Point", "coordinates": [ -58.936103106373196, -28.912338711662187 ] } },
{ "type": "Feature", "properties": { "nombre": "Municipio Lavalle", "tipo": "Municipio", "codigo_indec": "180203", "provincia": "IGN" }, "geometry": { "type": "Point", "coordinates": [ -59.179154265656791, -29.023331218361022 ] } },
{ "type": "Feature", "properties": { "nombre": "Municipio Santa Lucía", "tipo": "Municipio", "codigo_indec": "180210", "provincia": "IGN" }, "geometry": { "type": "Point", "coordinates": [ -59.100762554548226, -28.989852248282602 ] } },
{ "type": "Feature", "properties": { "nombre": "Municipio Yatay Ti Calle", "tipo": "Municipio", "codigo_indec": "180217", "provincia": "IGN" }, "geometry": { "type": "Point", "coordinates": [ -58.912232686389302, -29.02831256677149 ] } },
{ "type": "Feature", "properties": { "nombre": "Municipio Mburucuyá", "tipo": "Municipio", "codigo_indec": "180224", "provincia": "IGN" }, "geometry": { "type": "Point", "coordinates": [ -58.230305669570953, -28.046857582211601 ] } },
{ "type": "Feature", "properties": { "nombre": "Municipio Felipe Yofré", "tipo": "Municipio", "codigo_indec": "180231", "provincia": "IGN" }, "geometry": { "type": "Point", "coordinates": [ -58.339630558003819, -29.106830626332282 ] } },
{ "type": "Feature", "properties": { "nombre": "Municipio Mariano I. Loza", "tipo": "Municipio", "codigo_indec": "180238", "provincia": "IGN" }, "geometry": { "type": "Point", "coordinates": [ -58.192234556079882, -29.376872099467789 ] } },
{ "type": "Feature", "properties": { "nombre": "Municipio Mercedes", "tipo": "Municipio", "codigo_indec": "180245", "provincia": "IGN" }, "geometry": { "type": "Point", "coordinates": [ -58.073531766677661, -29.184692808526222 ] } },
{ "type": "Feature", "properties": { "nombre": "Municipio Colonia Libertad", "tipo": "Municipio", "codigo_indec": "180252", "provincia": "IGN" }, "geometry": { "type": "Point", "coordinates": [ -57.821708317085097, -30.043303396334636 ] } },
{ "type": "Feature", "properties": { "nombre": "Municipio Juan Pujol", "tipo": "Municipio", "codigo_indec": "180259", "provincia": "IGN" }, "geometry": { "type": "Point", "coordinates": [ -57.855892569686318, -30.41932174380338 ] } },
{ "type": "Feature", "properties": { "nombre": "Municipio Mocoretá", "tipo": "Municipio", "codigo_indec": "180266", "provincia": "IGN" }, "geometry": { "type": "Point", "coordinates": [ -57.975362574323299, -30.616677162820736 ] } },
{ "type": "Feature", "properties": { "nombre": "Municipio Monte Caseros", "tipo": "Municipio", "codigo_indec": "180273", "provincia": "IGN" }, "geometry": { "type": "Point", "coordinates": [ -57.629481766770084, -30.249422959601873 ] } },
{ "type": "Feature", "properties": { "nombre": "Municipio Las Palmas", "tipo": "Municipio", "codigo_indec": "220056", "provincia": "IGN" }, "geometry": { "type": "Point", "coordinates": [ -58.682396024057198, -27.048750965584532 ] } },
{ "type": "Feature", "properties": { "nombre": "Municipio Bonpland", "tipo": "Municipio", "codigo_indec": "180280", "provincia": "IGN" }, "geometry": { "type": "Point", "coordinates": [ -57.427832539140354, -29.817471534683534 ] } },
{ "type": "Feature", "properties": { "nombre": "Municipio Parada Pucheta", "tipo": "Municipio", "codigo_indec": "180287", "provincia": "IGN" }, "geometry": { "type": "Point", "coordinates": [ -57.574168834823809, -29.906039279788899 ] } },
{ "type": "Feature", "properties": { "nombre": "Municipio Paso de los Libres", "tipo": "Municipio", "codigo_indec": "180294", "provincia": "IGN" }, "geometry": { "type": "Point", "coordinates": [ -57.08540539893994, -29.713714810390115 ] } },
{ "type": "Feature", "properties": { "nombre": "Municipio Tapebicuá", "tipo": "Municipio", "codigo_indec": "180301", "provincia": "IGN" }, "geometry": { "type": "Point", "coordinates": [ -56.974850403423318, -29.506822083772079 ] } },
{ "type": "Feature", "properties": { "nombre": "Municipio Saladas", "tipo": "Municipio", "codigo_indec": "180308", "provincia": "IGN" }, "geometry": { "type": "Point", "coordinates": [ -58.623726746691943, -28.255067028720362 ] } },
{ "type": "Feature", "properties": { "nombre": "Municipio San Lorenzo", "tipo": "Municipio", "codigo_indec": "180315", "provincia": "IGN" }, "geometry": { "type": "Point", "coordinates": [ -58.768132414679144, -28.138098796821964 ] } },
{ "type": "Feature", "properties": { "nombre": "Municipio Santa Ana de los Guácaras", "tipo": "Municipio", "codigo_indec": "180336", "provincia": "IGN" }, "geometry": { "type": "Point", "coordinates": [ -58.654760345913189, -27.45535499863422 ] } },
{ "type": "Feature", "properties": { "nombre": "Comuna Emilia", "tipo": "Comuna", "codigo_indec": "822987", "provincia": "IGN" }, "geometry": { "type": "Point", "coordinates": [ -60.744908206648404, -31.05901911633913 ] } },
{ "type": "Feature", "properties": { "nombre": "Municipio Paso de la Patria", "tipo": "Municipio", "codigo_indec": "180322", "provincia": "IGN" }, "geometry": { "type": "Point", "coordinates": [ -58.572564148216827, -27.317374260913368 ] } },
{ "type": "Feature", "properties": { "nombre": "Municipio San Cosme", "tipo": "Municipio", "codigo_indec": "180329", "provincia": "IGN" }, "geometry": { "type": "Point", "coordinates": [ -58.512513441142346, -27.370373364039494 ] } },
{ "type": "Feature", "properties": { "nombre": "Municipio San Luis del Palmar", "tipo": "Municipio", "codigo_indec": "180350", "provincia": "IGN" }, "geometry": { "type": "Point", "coordinates": [ -58.556147714945041, -27.507698655168781 ] } },
{ "type": "Feature", "properties": { "nombre": "Municipio Dorila", "tipo": "Municipio", "codigo_indec": "420116", "provincia": "IGN" }, "geometry": { "type": "Point", "coordinates": [ -63.716840693243341, -35.77632295074352 ] } },
{ "type": "Feature", "properties": { "nombre": "Municipio Colonia Carlos Pellegrini", "tipo": "Municipio", "codigo_indec": "180357", "provincia": "IGN" }, "geometry": { "type": "Point", "coordinates": [ -57.171350089634871, -28.53723568787666 ] } },
{ "type": "Feature", "properties": { "nombre": "Municipio Guaviraví", "tipo": "Municipio", "codigo_indec": "180364", "provincia": "IGN" }, "geometry": { "type": "Point", "coordinates": [ -56.82972948752581, -29.367257277501324 ] } },
{ "type": "Feature", "properties": { "nombre": "Municipio La Cruz", "tipo": "Municipio", "codigo_indec": "180371", "provincia": "IGN" }, "geometry": { "type": "Point", "coordinates": [ -56.638294989921803, -29.178629126932606 ] } },
{ "type": "Feature", "properties": { "nombre": "Municipio Yapeyú", "tipo": "Municipio", "codigo_indec": "180378", "provincia": "IGN" }, "geometry": { "type": "Point", "coordinates": [ -56.815066049658412, -29.470897872338867 ] } },
{ "type": "Feature", "properties": { "nombre": "Municipio Loreto", "tipo": "Municipio", "codigo_indec": "180385", "provincia": "IGN" }, "geometry": { "type": "Point", "coordinates": [ -57.275251810722466, -27.768426802255078 ] } },
{ "type": "Feature", "properties": { "nombre": "Municipio San Miguel", "tipo": "Municipio", "codigo_indec": "180392", "provincia": "IGN" }, "geometry": { "type": "Point", "coordinates": [ -57.587311303273964, -27.998325926100563 ] } },
{ "type": "Feature", "properties": { "nombre": "Municipio Chavarría", "tipo": "Municipio", "codigo_indec": "180413", "provincia": "IGN" }, "geometry": { "type": "Point", "coordinates": [ -58.571767462198579, -28.955255711381938 ] } },
{ "type": "Feature", "properties": { "nombre": "Municipio Colonia Pando", "tipo": "Municipio", "codigo_indec": "180417", "provincia": "IGN" }, "geometry": { "type": "Point", "coordinates": [ -58.487585317708181, -28.523797439600116 ] } },
{ "type": "Feature", "properties": { "nombre": "Municipio 9 de Julio", "tipo": "Municipio", "codigo_indec": "180399", "provincia": "IGN" }, "geometry": { "type": "Point", "coordinates": [ -58.830085717581767, -28.840777159937943 ] } },
{ "type": "Feature", "properties": { "nombre": "Municipio Pedro R. Fernández", "tipo": "Municipio", "codigo_indec": "180406", "provincia": "IGN" }, "geometry": { "type": "Point", "coordinates": [ -58.654138220102709, -28.7463402485036 ] } },
{ "type": "Feature", "properties": { "nombre": "Municipio San Roque", "tipo": "Municipio", "codigo_indec": "180420", "provincia": "IGN" }, "geometry": { "type": "Point", "coordinates": [ -58.705134984491906, -28.569303232258335 ] } },
{ "type": "Feature", "properties": { "nombre": "Municipio Garaví", "tipo": "Municipio", "codigo_indec": "180441", "provincia": "IGN" }, "geometry": { "type": "Point", "coordinates": [ -55.784409994125895, -28.230318627602514 ] } },
{ "type": "Feature", "properties": { "nombre": "Municipio Garruchos", "tipo": "Municipio", "codigo_indec": "180427", "provincia": "IGN" }, "geometry": { "type": "Point", "coordinates": [ -55.650644327573616, -28.173741021331011 ] } },
{ "type": "Feature", "properties": { "nombre": "Municipio Gobernador Virasoro", "tipo": "Municipio", "codigo_indec": "180434", "provincia": "IGN" }, "geometry": { "type": "Point", "coordinates": [ -56.009632485950419, -28.046807982802136 ] } },
{ "type": "Feature", "properties": { "nombre": "Municipio Santo Tomé", "tipo": "Municipio", "codigo_indec": "180448", "provincia": "IGN" }, "geometry": { "type": "Point", "coordinates": [ -56.034811076869687, -28.549815806654124 ] } },
{ "type": "Feature", "properties": { "nombre": "Municipio Sauce", "tipo": "Municipio", "codigo_indec": "180455", "provincia": "IGN" }, "geometry": { "type": "Point", "coordinates": [ -58.787280776986222, -30.085534716953589 ] } },
{ "type": "Feature", "properties": { "nombre": "Municipio Concepción del Bermejo", "tipo": "Municipio", "codigo_indec": "220007", "provincia": "IGN" }, "geometry": { "type": "Point", "coordinates": [ -60.946176960798084, -26.600330586087637 ] } },
{ "type": "Feature", "properties": { "nombre": "Municipio Los Frentones", "tipo": "Municipio", "codigo_indec": "220014", "provincia": "IGN" }, "geometry": { "type": "Point", "coordinates": [ -61.4128805781761, -26.40706800868162 ] } },
{ "type": "Feature", "properties": { "nombre": "Municipio Pampa del Infierno", "tipo": "Municipio", "codigo_indec": "220021", "provincia": "IGN" }, "geometry": { "type": "Point", "coordinates": [ -61.176572447460444, -26.503558396103074 ] } },
{ "type": "Feature", "properties": { "nombre": "Municipio Taco Pozo", "tipo": "Municipio", "codigo_indec": "220028", "provincia": "IGN" }, "geometry": { "type": "Point", "coordinates": [ -63.264857546938174, -25.615035130366948 ] } },
{ "type": "Feature", "properties": { "nombre": "Municipio General Vedia", "tipo": "Municipio", "codigo_indec": "220035", "provincia": "IGN" }, "geometry": { "type": "Point", "coordinates": [ -58.661970259319958, -26.937934157635198 ] } },
{ "type": "Feature", "properties": { "nombre": "Municipio Isla del Cerrito", "tipo": "Municipio", "codigo_indec": "220042", "provincia": "IGN" }, "geometry": { "type": "Point", "coordinates": [ -58.619429487380899, -27.291499117190483 ] } },
{ "type": "Feature", "properties": { "nombre": "Municipio La Leonesa", "tipo": "Municipio", "codigo_indec": "220049", "provincia": "IGN" }, "geometry": { "type": "Point", "coordinates": [ -58.707248623325256, -27.038148723085044 ] } },
{ "type": "Feature", "properties": { "nombre": "Municipio Puerto Bermejo", "tipo": "Municipio", "codigo_indec": "220063", "provincia": "IGN" }, "geometry": { "type": "Point", "coordinates": [ -58.508769103910993, -26.929106323398059 ] } },
{ "type": "Feature", "properties": { "nombre": "Municipio Puerto Eva Perón", "tipo": "Municipio", "codigo_indec": "220070", "provincia": "IGN" }, "geometry": { "type": "Point", "coordinates": [ -58.632397225651403, -26.663700013644643 ] } },
{ "type": "Feature", "properties": { "nombre": "Comuna Ibarlucea", "tipo": "Comuna", "codigo_indec": "823414", "provincia": "IGN" }, "geometry": { "type": "Point", "coordinates": [ -60.785479908470961, -32.851864110140525 ] } },
{ "type": "Feature", "properties": { "nombre": "Municipio Presidencia Roque Sáenz Peña", "tipo": "Municipio", "codigo_indec": "220077", "provincia": "IGN" }, "geometry": { "type": "Point", "coordinates": [ -60.441248325349875, -26.790971775526998 ] } },
{ "type": "Feature", "properties": { "nombre": "Municipio Charata", "tipo": "Municipio", "codigo_indec": "220084", "provincia": "IGN" }, "geometry": { "type": "Point", "coordinates": [ -61.187347967734468, -27.217922302572163 ] } },
{ "type": "Feature", "properties": { "nombre": "Municipio Gancedo", "tipo": "Municipio", "codigo_indec": "220091", "provincia": "IGN" }, "geometry": { "type": "Point", "coordinates": [ -61.676696714781542, -27.487414446419507 ] } },
{ "type": "Feature", "properties": { "nombre": "Municipio General Capdevila", "tipo": "Municipio", "codigo_indec": "220098", "provincia": "IGN" }, "geometry": { "type": "Point", "coordinates": [ -61.476141508823559, -27.422571352885598 ] } },
{ "type": "Feature", "properties": { "nombre": "Municipio General Pinedo", "tipo": "Municipio", "codigo_indec": "220105", "provincia": "IGN" }, "geometry": { "type": "Point", "coordinates": [ -61.280998281745269, -27.325386155546596 ] } },
{ "type": "Feature", "properties": { "nombre": "Municipio Hermoso Campo", "tipo": "Municipio", "codigo_indec": "220112", "provincia": "IGN" }, "geometry": { "type": "Point", "coordinates": [ -61.344235857898468, -27.610016382350125 ] } },
{ "type": "Feature", "properties": { "nombre": "Municipio Chorotis", "tipo": "Municipio", "codigo_indec": "220119", "provincia": "IGN" }, "geometry": { "type": "Point", "coordinates": [ -61.40139931312774, -27.914644528622034 ] } },
{ "type": "Feature", "properties": { "nombre": "Municipio Santa Sylvina", "tipo": "Municipio", "codigo_indec": "220126", "provincia": "IGN" }, "geometry": { "type": "Point", "coordinates": [ -61.136000368821897, -27.831610976665218 ] } },
{ "type": "Feature", "properties": { "nombre": "Municipio Corzuela", "tipo": "Municipio", "codigo_indec": "220133", "provincia": "IGN" }, "geometry": { "type": "Point", "coordinates": [ -60.970338268296416, -26.951306540464429 ] } },
{ "type": "Feature", "properties": { "nombre": "Municipio La Escondida", "tipo": "Municipio", "codigo_indec": "220140", "provincia": "IGN" }, "geometry": { "type": "Point", "coordinates": [ -59.446376941542553, -27.105348615046523 ] } },
{ "type": "Feature", "properties": { "nombre": "Municipio La Verde", "tipo": "Municipio", "codigo_indec": "220154", "provincia": "IGN" }, "geometry": { "type": "Point", "coordinates": [ -59.376198307006234, -27.130417990497847 ] } },
{ "type": "Feature", "properties": { "nombre": "Municipio Lapachito", "tipo": "Municipio", "codigo_indec": "220147", "provincia": "IGN" }, "geometry": { "type": "Point", "coordinates": [ -59.385415441569307, -27.159332498296124 ] } },
{ "type": "Feature", "properties": { "nombre": "Municipio Makallé", "tipo": "Municipio", "codigo_indec": "220161", "provincia": "IGN" }, "geometry": { "type": "Point", "coordinates": [ -59.287086095247048, -27.205784920937333 ] } },
{ "type": "Feature", "properties": { "nombre": "Municipio Villa Río Bermejito", "tipo": "Municipio", "codigo_indec": "220203", "provincia": "IGN" }, "geometry": { "type": "Point", "coordinates": [ -60.254929268670764, -25.642758834152858 ] } },
{ "type": "Feature", "properties": { "nombre": "Municipio El Sauzalito", "tipo": "Municipio", "codigo_indec": "220168", "provincia": "IGN" }, "geometry": { "type": "Point", "coordinates": [ -61.686050587664454, -24.428489043634386 ] } },
{ "type": "Feature", "properties": { "nombre": "Municipio Fuerte Esperanza", "tipo": "Municipio", "codigo_indec": "220175", "provincia": "IGN" }, "geometry": { "type": "Point", "coordinates": [ -61.841372067466921, -25.160514417406375 ] } },
{ "type": "Feature", "properties": { "nombre": "Municipio Maipú", "tipo": "Municipio", "codigo_indec": "500070", "provincia": "IGN" }, "geometry": { "type": "Point", "coordinates": [ -68.788209018331486, -32.984619782277093 ] } },
{ "type": "Feature", "properties": { "nombre": "Municipio Juan José Castelli", "tipo": "Municipio", "codigo_indec": "220182", "provincia": "IGN" }, "geometry": { "type": "Point", "coordinates": [ -60.620067045157953, -25.946578929673819 ] } },
{ "type": "Feature", "properties": { "nombre": "Municipio Miraflores", "tipo": "Municipio", "codigo_indec": "220189", "provincia": "IGN" }, "geometry": { "type": "Point", "coordinates": [ -60.930187454587326, -25.649424977880358 ] } },
{ "type": "Feature", "properties": { "nombre": "Municipio Misión Nueva Pompeya", "tipo": "Municipio", "codigo_indec": "220196", "provincia": "IGN" }, "geometry": { "type": "Point", "coordinates": [ -61.483145172611614, -24.933074618298974 ] } },
{ "type": "Feature", "properties": { "nombre": "Municipio Avia Terai", "tipo": "Municipio", "codigo_indec": "220210", "provincia": "IGN" }, "geometry": { "type": "Point", "coordinates": [ -60.728030834855076, -26.686651674535085 ] } },
{ "type": "Feature", "properties": { "nombre": "Municipio Campo Largo", "tipo": "Municipio", "codigo_indec": "220217", "provincia": "IGN" }, "geometry": { "type": "Point", "coordinates": [ -60.839017866481299, -26.800310492135452 ] } },
{ "type": "Feature", "properties": { "nombre": "Municipio Napenay", "tipo": "Municipio", "codigo_indec": "220224", "provincia": "IGN" }, "geometry": { "type": "Point", "coordinates": [ -60.61677605706933, -26.729587113054777 ] } },
{ "type": "Feature", "properties": { "nombre": "Municipio Colonia Popular", "tipo": "Municipio", "codigo_indec": "220231", "provincia": "IGN" }, "geometry": { "type": "Point", "coordinates": [ -59.151475692549127, -27.275191873306255 ] } },
{ "type": "Feature", "properties": { "nombre": "Municipio Puerto Tirol", "tipo": "Municipio", "codigo_indec": "220245", "provincia": "IGN" }, "geometry": { "type": "Point", "coordinates": [ -59.089276167860817, -27.374041194145775 ] } },
{ "type": "Feature", "properties": { "nombre": "Municipio Laguna Blanca", "tipo": "Municipio", "codigo_indec": "220238", "provincia": "IGN" }, "geometry": { "type": "Point", "coordinates": [ -59.233015803336627, -27.25543043776446 ] } },
{ "type": "Feature", "properties": { "nombre": "Municipio Ciervo Petiso", "tipo": "Municipio", "codigo_indec": "220252", "provincia": "IGN" }, "geometry": { "type": "Point", "coordinates": [ -59.630033802617845, -26.580142479791562 ] } },
{ "type": "Feature", "properties": { "nombre": "Municipio General San Martín", "tipo": "Municipio", "codigo_indec": "220259", "provincia": "IGN" }, "geometry": { "type": "Point", "coordinates": [ -59.341321005360044, -26.536302360165735 ] } },
{ "type": "Feature", "properties": { "nombre": "Municipio La Eduvigis", "tipo": "Municipio", "codigo_indec": "220266", "provincia": "IGN" }, "geometry": { "type": "Point", "coordinates": [ -59.062320620000548, -26.836461812062907 ] } },
{ "type": "Feature", "properties": { "nombre": "Municipio Laguna Limpia", "tipo": "Municipio", "codigo_indec": "220273", "provincia": "IGN" }, "geometry": { "type": "Point", "coordinates": [ -59.680356875869109, -26.495839909783967 ] } },
{ "type": "Feature", "properties": { "nombre": "Municipio Pampa Almirón", "tipo": "Municipio", "codigo_indec": "220280", "provincia": "IGN" }, "geometry": { "type": "Point", "coordinates": [ -59.124045076019399, -26.701149340369739 ] } },
{ "type": "Feature", "properties": { "nombre": "Municipio Pampa del Indio", "tipo": "Municipio", "codigo_indec": "220287", "provincia": "IGN" }, "geometry": { "type": "Point", "coordinates": [ -59.942753581012937, -26.049025000003724 ] } },
{ "type": "Feature", "properties": { "nombre": "Municipio Presidencia Roca", "tipo": "Municipio", "codigo_indec": "220294", "provincia": "IGN" }, "geometry": { "type": "Point", "coordinates": [ -59.595029180352356, -26.143715380860101 ] } },
{ "type": "Feature", "properties": { "nombre": "Municipio Tres Isletas", "tipo": "Municipio", "codigo_indec": "220301", "provincia": "IGN" }, "geometry": { "type": "Point", "coordinates": [ -60.431261529396011, -26.340324562228716 ] } },
{ "type": "Feature", "properties": { "nombre": "Municipio Coronel Du Graty", "tipo": "Municipio", "codigo_indec": "220308", "provincia": "IGN" }, "geometry": { "type": "Point", "coordinates": [ -60.904342213322423, -27.682213407622612 ] } },
{ "type": "Feature", "properties": { "nombre": "Municipio Enrique Urién", "tipo": "Municipio", "codigo_indec": "220315", "provincia": "IGN" }, "geometry": { "type": "Point", "coordinates": [ -60.526967372546153, -27.556672394615248 ] } },
{ "type": "Feature", "properties": { "nombre": "Municipio Villa Ángela", "tipo": "Municipio", "codigo_indec": "220322", "provincia": "IGN" }, "geometry": { "type": "Point", "coordinates": [ -60.711125665916711, -27.576877555654619 ] } },
{ "type": "Feature", "properties": { "nombre": "Municipio Las Breñas", "tipo": "Municipio", "codigo_indec": "220329", "provincia": "IGN" }, "geometry": { "type": "Point", "coordinates": [ -61.085822822065552, -27.086438453471828 ] } },
{ "type": "Feature", "properties": { "nombre": "Municipio La Clotilde", "tipo": "Municipio", "codigo_indec": "220336", "provincia": "IGN" }, "geometry": { "type": "Point", "coordinates": [ -60.632669646986585, -27.17733711181819 ] } },
{ "type": "Feature", "properties": { "nombre": "Municipio La Tigra", "tipo": "Municipio", "codigo_indec": "220343", "provincia": "IGN" }, "geometry": { "type": "Point", "coordinates": [ -60.587658204462514, -27.114230445478654 ] } },
{ "type": "Feature", "properties": { "nombre": "Municipio San Bernardo", "tipo": "Municipio", "codigo_indec": "220350", "provincia": "IGN" }, "geometry": { "type": "Point", "coordinates": [ -60.712849172551216, -27.286719317642337 ] } },
{ "type": "Feature", "properties": { "nombre": "Municipio Presidencia de la Plaza", "tipo": "Municipio", "codigo_indec": "220357", "provincia": "IGN" }, "geometry": { "type": "Point", "coordinates": [ -59.84637727798895, -26.998643135172529 ] } },
{ "type": "Feature", "properties": { "nombre": "Municipio Colonia Benítez", "tipo": "Municipio", "codigo_indec": "220364", "provincia": "IGN" }, "geometry": { "type": "Point", "coordinates": [ -58.951895911966744, -27.329438099588572 ] } },
{ "type": "Feature", "properties": { "nombre": "Municipio Margarita Belén", "tipo": "Municipio", "codigo_indec": "220371", "provincia": "IGN" }, "geometry": { "type": "Point", "coordinates": [ -58.97055474000922, -27.259056829808799 ] } },
{ "type": "Feature", "properties": { "nombre": "Municipio Quitilipi", "tipo": "Municipio", "codigo_indec": "220378", "provincia": "IGN" }, "geometry": { "type": "Point", "coordinates": [ -60.21519958948943, -26.870790679246397 ] } },
{ "type": "Feature", "properties": { "nombre": "Municipio Barranqueras", "tipo": "Municipio", "codigo_indec": "220385", "provincia": "IGN" }, "geometry": { "type": "Point", "coordinates": [ -58.930736264466987, -27.485106065692321 ] } },
{ "type": "Feature", "properties": { "nombre": "Municipio Basail", "tipo": "Municipio", "codigo_indec": "220392", "provincia": "IGN" }, "geometry": { "type": "Point", "coordinates": [ -59.281472030609677, -27.887604312289113 ] } },
{ "type": "Feature", "properties": { "nombre": "Municipio Resistencia", "tipo": "Municipio", "codigo_indec": "220413", "provincia": "IGN" }, "geometry": { "type": "Point", "coordinates": [ -58.982414012596564, -27.462624600045217 ] } },
{ "type": "Feature", "properties": { "nombre": "Municipio Fontana", "tipo": "Municipio", "codigo_indec": "220399", "provincia": "IGN" }, "geometry": { "type": "Point", "coordinates": [ -59.037391255501973, -27.420237403533292 ] } },
{ "type": "Feature", "properties": { "nombre": "Municipio Puerto Vilelas", "tipo": "Municipio", "codigo_indec": "220406", "provincia": "IGN" }, "geometry": { "type": "Point", "coordinates": [ -58.941715911959704, -27.510839144410966 ] } },
{ "type": "Feature", "properties": { "nombre": "Municipio Samuhú", "tipo": "Municipio", "codigo_indec": "220420", "provincia": "IGN" }, "geometry": { "type": "Point", "coordinates": [ -60.39402597062201, -27.519107676777821 ] } },
{ "type": "Feature", "properties": { "nombre": "Municipio Villa Berthet", "tipo": "Municipio", "codigo_indec": "220427", "provincia": "IGN" }, "geometry": { "type": "Point", "coordinates": [ -60.415974492628663, -27.285322696585126 ] } },
{ "type": "Feature", "properties": { "nombre": "Municipio Capitán Solari", "tipo": "Municipio", "codigo_indec": "220434", "provincia": "IGN" }, "geometry": { "type": "Point", "coordinates": [ -59.557083235402956, -26.802387809150048 ] } },
{ "type": "Feature", "properties": { "nombre": "Municipio Colonia Elisa", "tipo": "Municipio", "codigo_indec": "220441", "provincia": "IGN" }, "geometry": { "type": "Point", "coordinates": [ -59.51881142740541, -26.931635788960421 ] } },
{ "type": "Feature", "properties": { "nombre": "Municipio Colonias Unidas", "tipo": "Municipio", "codigo_indec": "220448", "provincia": "IGN" }, "geometry": { "type": "Point", "coordinates": [ -59.632210064842582, -26.698348379374181 ] } },
{ "type": "Feature", "properties": { "nombre": "Municipio Las Garcitas", "tipo": "Municipio", "codigo_indec": "220455", "provincia": "IGN" }, "geometry": { "type": "Point", "coordinates": [ -59.799042317349006, -26.618067785300013 ] } },
{ "type": "Feature", "properties": { "nombre": "Municipio Charadai", "tipo": "Municipio", "codigo_indec": "220469", "provincia": "IGN" }, "geometry": { "type": "Point", "coordinates": [ -59.860350731700862, -27.652364422380117 ] } },
{ "type": "Feature", "properties": { "nombre": "Municipio Cote Lai", "tipo": "Municipio", "codigo_indec": "220462", "provincia": "IGN" }, "geometry": { "type": "Point", "coordinates": [ -59.5750500612113, -27.531429367271414 ] } },
{ "type": "Feature", "properties": { "nombre": "Municipio Machagai", "tipo": "Municipio", "codigo_indec": "220476", "provincia": "IGN" }, "geometry": { "type": "Point", "coordinates": [ -60.048419413125373, -26.92613476190968 ] } },
{ "type": "Feature", "properties": { "nombre": "Junta Arroyo Barú", "tipo": "Junta", "codigo_indec": "302007", "provincia": "IGN" }, "geometry": { "type": "Point", "coordinates": [ -58.448308581176036, -31.867289839654347 ] } },
{ "type": "Feature", "properties": { "nombre": "Municipio Colón", "tipo": "Municipio", "codigo_indec": "300007", "provincia": "IGN" }, "geometry": { "type": "Point", "coordinates": [ -58.142269502035845, -32.225050078997924 ] } },
{ "type": "Feature", "properties": { "nombre": "Junta Hambis", "tipo": "Junta", "codigo_indec": "309010", "provincia": "IGN" }, "geometry": { "type": "Point", "coordinates": [ -58.507729762818258, -31.96363061855817 ] } },
{ "type": "Feature", "properties": { "nombre": "Junta Hocker", "tipo": "Junta", "codigo_indec": "309015", "provincia": "IGN" }, "geometry": { "type": "Point", "coordinates": [ -58.339488506489317, -32.088313118055908 ] } },
{ "type": "Feature", "properties": { "nombre": "Junta La Clarita", "tipo": "Junta", "codigo_indec": "302035", "provincia": "IGN" }, "geometry": { "type": "Point", "coordinates": [ -58.392431333639081, -31.975752234178231 ] } },
{ "type": "Feature", "properties": { "nombre": "Junta Pueblo Cazes", "tipo": "Junta", "codigo_indec": "302042", "provincia": "IGN" }, "geometry": { "type": "Point", "coordinates": [ -58.490794268740444, -32.00314958568481 ] } },
{ "type": "Feature", "properties": { "nombre": "Municipio Pueblo Liebig", "tipo": "Municipio", "codigo_indec": "300011", "provincia": "IGN" }, "geometry": { "type": "Point", "coordinates": [ -58.192078891527558, -32.154190205313682 ] } },
{ "type": "Feature", "properties": { "nombre": "Municipio San José", "tipo": "Municipio", "codigo_indec": "300014", "provincia": "IGN" }, "geometry": { "type": "Point", "coordinates": [ -58.218798941118223, -32.207718832857779 ] } },
{ "type": "Feature", "properties": { "nombre": "Municipio Ubajay", "tipo": "Municipio", "codigo_indec": "300021", "provincia": "IGN" }, "geometry": { "type": "Point", "coordinates": [ -58.31506532090782, -31.795177822798223 ] } },
{ "type": "Feature", "properties": { "nombre": "Municipio Villa Elisa", "tipo": "Municipio", "codigo_indec": "300028", "provincia": "IGN" }, "geometry": { "type": "Point", "coordinates": [ -58.400531575871469, -32.163218743050493 ] } },
{ "type": "Feature", "properties": { "nombre": "Municipio Estancia Grande", "tipo": "Municipio", "codigo_indec": "300049", "provincia": "IGN" }, "geometry": { "type": "Point", "coordinates": [ -58.119570244870886, -31.439167054415975 ] } },
{ "type": "Feature", "properties": { "nombre": "Junta Clodomiro Ledesma", "tipo": "Junta", "codigo_indec": "309035", "provincia": "IGN" }, "geometry": { "type": "Point", "coordinates": [ -58.180333915577705, -31.576667692659839 ] } },
{ "type": "Feature", "properties": { "nombre": "Municipio Colonia Ayuí", "tipo": "Municipio", "codigo_indec": "300035", "provincia": "IGN" }, "geometry": { "type": "Point", "coordinates": [ -58.031244150297255, -31.207720071424092 ] } },
{ "type": "Feature", "properties": { "nombre": "Junta General Roca", "tipo": "Junta", "codigo_indec": "302077", "provincia": "IGN" }, "geometry": { "type": "Point", "coordinates": [ -58.085076782867191, -31.350850929726562 ] } },
{ "type": "Feature", "properties": { "nombre": "Municipio Concordia", "tipo": "Municipio", "codigo_indec": "300042", "provincia": "IGN" }, "geometry": { "type": "Point", "coordinates": [ -58.017007785181079, -31.391964816622931 ] } },
{ "type": "Feature", "properties": { "nombre": "Junta Estación Yeruá", "tipo": "Junta", "codigo_indec": "309050", "provincia": "IGN" }, "geometry": { "type": "Point", "coordinates": [ -58.263329810222501, -31.471106728692519 ] } },
{ "type": "Feature", "properties": { "nombre": "Junta Estación Yuquerí", "tipo": "Junta", "codigo_indec": "309055", "provincia": "IGN" }, "geometry": { "type": "Point", "coordinates": [ -58.162435867221461, -31.398216856722513 ] } },
{ "type": "Feature", "properties": { "nombre": "Municipio La Criolla", "tipo": "Municipio", "codigo_indec": "300056", "provincia": "IGN" }, "geometry": { "type": "Point", "coordinates": [ -58.108827732413886, -31.269113390770315 ] } },
{ "type": "Feature", "properties": { "nombre": "Municipio Los Charrúas", "tipo": "Municipio", "codigo_indec": "300063", "provincia": "IGN" }, "geometry": { "type": "Point", "coordinates": [ -58.185540500993284, -31.169430052155121 ] } },
{ "type": "Feature", "properties": { "nombre": "Junta Nueva Escocia", "tipo": "Junta", "codigo_indec": "302084", "provincia": "IGN" }, "geometry": { "type": "Point", "coordinates": [ -58.016335683145201, -31.649616532277093 ] } },
{ "type": "Feature", "properties": { "nombre": "Junta Pedernal", "tipo": "Junta", "codigo_indec": "302091", "provincia": "IGN" }, "geometry": { "type": "Point", "coordinates": [ -58.230581356744153, -31.671973069501519 ] } },
{ "type": "Feature", "properties": { "nombre": "Municipio Puerto Yeruá", "tipo": "Municipio", "codigo_indec": "300070", "provincia": "IGN" }, "geometry": { "type": "Point", "coordinates": [ -58.015182705517418, -31.531358498096154 ] } },
{ "type": "Feature", "properties": { "nombre": "Municipio Aldea Brasilera", "tipo": "Municipio", "codigo_indec": "300074", "provincia": "IGN" }, "geometry": { "type": "Point", "coordinates": [ -60.590793265396826, -31.889833170564316 ] } },
{ "type": "Feature", "properties": { "nombre": "Junta Aldea Grapschental", "tipo": "Junta", "codigo_indec": "309080", "provincia": "IGN" }, "geometry": { "type": "Point", "coordinates": [ -60.498983752997788, -31.960518768226507 ] } },
{ "type": "Feature", "properties": { "nombre": "Junta Aldea Protestante", "tipo": "Junta", "codigo_indec": "302112", "provincia": "IGN" }, "geometry": { "type": "Point", "coordinates": [ -60.56180813114031, -32.029302789891801 ] } },
{ "type": "Feature", "properties": { "nombre": "Junta Aldea Salto", "tipo": "Junta", "codigo_indec": "309090", "provincia": "IGN" }, "geometry": { "type": "Point", "coordinates": [ -60.547351890777122, -31.924833217978573 ] } },
{ "type": "Feature", "properties": { "nombre": "Junta General Alvear", "tipo": "Junta", "codigo_indec": "309120", "provincia": "IGN" }, "geometry": { "type": "Point", "coordinates": [ -60.669842626436036, -31.950464164289713 ] } },
{ "type": "Feature", "properties": { "nombre": "Junta Aldea Spatzenkutter", "tipo": "Junta", "codigo_indec": "302126", "provincia": "IGN" }, "geometry": { "type": "Point", "coordinates": [ -60.580862734627487, -31.946179034135071 ] } },
{ "type": "Feature", "properties": { "nombre": "Municipio Aldea Valle María", "tipo": "Municipio", "codigo_indec": "300077", "provincia": "IGN" }, "geometry": { "type": "Point", "coordinates": [ -60.587726230980707, -31.99009236666933 ] } },
{ "type": "Feature", "properties": { "nombre": "Junta Colonia Ensayo", "tipo": "Junta", "codigo_indec": "302133", "provincia": "IGN" }, "geometry": { "type": "Point", "coordinates": [ -60.574690249455386, -31.86518817079741 ] } },
{ "type": "Feature", "properties": { "nombre": "Municipio Diamante", "tipo": "Municipio", "codigo_indec": "300084", "provincia": "IGN" }, "geometry": { "type": "Point", "coordinates": [ -60.638208335846002, -32.070757251845635 ] } },
{ "type": "Feature", "properties": { "nombre": "Junta Estación Camps", "tipo": "Junta", "codigo_indec": "309110", "provincia": "IGN" }, "geometry": { "type": "Point", "coordinates": [ -60.227288922145988, -32.112516236834836 ] } },
{ "type": "Feature", "properties": { "nombre": "Municipio General Ramírez", "tipo": "Municipio", "codigo_indec": "300091", "provincia": "IGN" }, "geometry": { "type": "Point", "coordinates": [ -60.201646736107932, -32.177268136415307 ] } },
{ "type": "Feature", "properties": { "nombre": "Junta Las Cuevas", "tipo": "Junta", "codigo_indec": "302175", "provincia": "IGN" }, "geometry": { "type": "Point", "coordinates": [ -60.486501180085327, -32.328707689907901 ] } },
{ "type": "Feature", "properties": { "nombre": "Municipio Villa Libertador San Martín", "tipo": "Municipio", "codigo_indec": "300098", "provincia": "IGN" }, "geometry": { "type": "Point", "coordinates": [ -60.465916521330371, -32.073442183210148 ] } },
{ "type": "Feature", "properties": { "nombre": "Municipio Chajarí", "tipo": "Municipio", "codigo_indec": "300105", "provincia": "IGN" }, "geometry": { "type": "Point", "coordinates": [ -57.981789367984902, -30.754724203059482 ] } },
{ "type": "Feature", "properties": { "nombre": "Junta Colonia Alemana", "tipo": "Junta", "codigo_indec": "309135", "provincia": "IGN" }, "geometry": { "type": "Point", "coordinates": [ -57.9998943395521, -30.903595068857271 ] } },
{ "type": "Feature", "properties": { "nombre": "Junta Colonia La Argentina", "tipo": "Junta", "codigo_indec": "309140", "provincia": "IGN" }, "geometry": { "type": "Point", "coordinates": [ -58.026021653176713, -31.074077022936194 ] } },
{ "type": "Feature", "properties": { "nombre": "Junta San Ramón", "tipo": "Junta", "codigo_indec": "309180", "provincia": "IGN" }, "geometry": { "type": "Point", "coordinates": [ -58.249794767014862, -30.818815646824589 ] } },
{ "type": "Feature", "properties": { "nombre": "Municipio Federación", "tipo": "Municipio", "codigo_indec": "300112", "provincia": "IGN" }, "geometry": { "type": "Point", "coordinates": [ -57.917762323772195, -30.990262735336898 ] } },
{ "type": "Feature", "properties": { "nombre": "Municipio Los Conquistadores", "tipo": "Municipio", "codigo_indec": "300115", "provincia": "IGN" }, "geometry": { "type": "Point", "coordinates": [ -58.466235709110663, -30.591337144493593 ] } },
{ "type": "Feature", "properties": { "nombre": "Municipio San Jaime de la Frontera", "tipo": "Municipio", "codigo_indec": "300119", "provincia": "IGN" }, "geometry": { "type": "Point", "coordinates": [ -58.306929157954244, -30.340340135888539 ] } },
{ "type": "Feature", "properties": { "nombre": "Junta San Pedro", "tipo": "Junta", "codigo_indec": "309175", "provincia": "IGN" }, "geometry": { "type": "Point", "coordinates": [ -58.081590007872535, -30.758195777712899 ] } },
{ "type": "Feature", "properties": { "nombre": "Municipio Santa Ana", "tipo": "Municipio", "codigo_indec": "300126", "provincia": "IGN" }, "geometry": { "type": "Point", "coordinates": [ -57.931078250760606, -30.899370023307881 ] } },
{ "type": "Feature", "properties": { "nombre": "Municipio Villa del Rosario", "tipo": "Municipio", "codigo_indec": "300133", "provincia": "IGN" }, "geometry": { "type": "Point", "coordinates": [ -57.914552709939585, -30.795738500831078 ] } },
{ "type": "Feature", "properties": { "nombre": "Municipio Conscripto Bernardi", "tipo": "Municipio", "codigo_indec": "300140", "provincia": "IGN" }, "geometry": { "type": "Point", "coordinates": [ -59.086722666118078, -31.046243815000025 ] } },
{ "type": "Feature", "properties": { "nombre": "Junta El Cimarrón", "tipo": "Junta", "codigo_indec": "302287", "provincia": "IGN" }, "geometry": { "type": "Point", "coordinates": [ -58.99641354394987, -30.97410230487742 ] } },
{ "type": "Feature", "properties": { "nombre": "Municipio Federal", "tipo": "Municipio", "codigo_indec": "300147", "provincia": "IGN" }, "geometry": { "type": "Point", "coordinates": [ -58.779587504959352, -30.956214280364691 ] } },
{ "type": "Feature", "properties": { "nombre": "Junta Nueva Vizcaya", "tipo": "Junta", "codigo_indec": "302308", "provincia": "IGN" }, "geometry": { "type": "Point", "coordinates": [ -58.612749343907069, -30.96851403189703 ] } },
{ "type": "Feature", "properties": { "nombre": "Municipio Sauce de Luna", "tipo": "Municipio", "codigo_indec": "300154", "provincia": "IGN" }, "geometry": { "type": "Point", "coordinates": [ -59.217371083708485, -31.239523265486241 ] } },
{ "type": "Feature", "properties": { "nombre": "Municipio San José de Feliciano", "tipo": "Municipio", "codigo_indec": "300161", "provincia": "IGN" }, "geometry": { "type": "Point", "coordinates": [ -58.7502572756527, -30.385443736439242 ] } },
{ "type": "Feature", "properties": { "nombre": "Junta San Víctor", "tipo": "Junta", "codigo_indec": "302376", "provincia": "IGN" }, "geometry": { "type": "Point", "coordinates": [ -59.028341379550966, -30.485189961947128 ] } },
{ "type": "Feature", "properties": { "nombre": "Junta Aldea Asunción", "tipo": "Junta", "codigo_indec": "302383", "provincia": "IGN" }, "geometry": { "type": "Point", "coordinates": [ -59.239118153080256, -32.824709110636888 ] } },
{ "type": "Feature", "properties": { "nombre": "Junta Estación Lazo", "tipo": "Junta", "codigo_indec": "309295", "provincia": "IGN" }, "geometry": { "type": "Point", "coordinates": [ -59.422330369550878, -32.870813240238817 ] } },
{ "type": "Feature", "properties": { "nombre": "Municipio General Galarza", "tipo": "Municipio", "codigo_indec": "300168", "provincia": "IGN" }, "geometry": { "type": "Point", "coordinates": [ -59.395706560908991, -32.720484663336492 ] } },
{ "type": "Feature", "properties": { "nombre": "Municipio Gualeguay", "tipo": "Municipio", "codigo_indec": "300175", "provincia": "IGN" }, "geometry": { "type": "Point", "coordinates": [ -59.310575585794595, -33.150430080283911 ] } },
{ "type": "Feature", "properties": { "nombre": "Municipio Aldea San Antonio", "tipo": "Municipio", "codigo_indec": "300182", "provincia": "IGN" }, "geometry": { "type": "Point", "coordinates": [ -58.704423639639231, -32.625174726032753 ] } },
{ "type": "Feature", "properties": { "nombre": "Comuna Aldea San Juan", "tipo": "Comuna", "codigo_indec": "302453", "provincia": "IGN" }, "geometry": { "type": "Point", "coordinates": [ -58.771751965580734, -32.695958313825088 ] } },
{ "type": "Feature", "properties": { "nombre": "Municipio Enrique Carbó", "tipo": "Municipio", "codigo_indec": "300184", "provincia": "IGN" }, "geometry": { "type": "Point", "coordinates": [ -59.208055822318329, -33.145461072370551 ] } },
{ "type": "Feature", "properties": { "nombre": "Junta Estación Escriña", "tipo": "Junta", "codigo_indec": "309355", "provincia": "IGN" }, "geometry": { "type": "Point", "coordinates": [ -58.90592828416294, -32.592130204045645 ] } },
{ "type": "Feature", "properties": { "nombre": "Junta Estación Parera", "tipo": "Junta", "codigo_indec": "302512", "provincia": "IGN" }, "geometry": { "type": "Point", "coordinates": [ -58.882633678501406, -32.804430235766745 ] } },
{ "type": "Feature", "properties": { "nombre": "Junta General Almada", "tipo": "Junta", "codigo_indec": "309365", "provincia": "IGN" }, "geometry": { "type": "Point", "coordinates": [ -58.802648974870237, -32.837388990309591 ] } },
{ "type": "Feature", "properties": { "nombre": "Municipio Gilbert", "tipo": "Municipio", "codigo_indec": "300185", "provincia": "IGN" }, "geometry": { "type": "Point", "coordinates": [ -58.934009989169624, -32.535832166421301 ] } },
{ "type": "Feature", "properties": { "nombre": "Municipio San José de Gualeguaychú", "tipo": "Municipio", "codigo_indec": "300189", "provincia": "IGN" }, "geometry": { "type": "Point", "coordinates": [ -58.510770086470302, -33.007797697305818 ] } },
{ "type": "Feature", "properties": { "nombre": "Junta Irazusta", "tipo": "Junta", "codigo_indec": "302526", "provincia": "IGN" }, "geometry": { "type": "Point", "coordinates": [ -58.949648513368174, -32.925865320228297 ] } },
{ "type": "Feature", "properties": { "nombre": "Municipio Larroque", "tipo": "Municipio", "codigo_indec": "300196", "provincia": "IGN" }, "geometry": { "type": "Point", "coordinates": [ -58.999086202266369, -33.036521530843913 ] } },
{ "type": "Feature", "properties": { "nombre": "Junta Pastor Britos", "tipo": "Junta", "codigo_indec": "309380", "provincia": "IGN" }, "geometry": { "type": "Point", "coordinates": [ -58.906294384678063, -32.77023710325966 ] } },
{ "type": "Feature", "properties": { "nombre": "Municipio Pueblo General Belgrano", "tipo": "Municipio", "codigo_indec": "300199", "provincia": "IGN" }, "geometry": { "type": "Point", "coordinates": [ -58.475033211013852, -33.017373280052766 ] } },
{ "type": "Feature", "properties": { "nombre": "Municipio Urdinarrain", "tipo": "Municipio", "codigo_indec": "300203", "provincia": "IGN" }, "geometry": { "type": "Point", "coordinates": [ -58.888420076625209, -32.691046098998243 ] } },
{ "type": "Feature", "properties": { "nombre": "Municipio Ceibas", "tipo": "Municipio", "codigo_indec": "300210", "provincia": "IGN" }, "geometry": { "type": "Point", "coordinates": [ -58.800355262085645, -33.499414341198872 ] } },
{ "type": "Feature", "properties": { "nombre": "Municipio Ibicuy", "tipo": "Municipio", "codigo_indec": "300217", "provincia": "IGN" }, "geometry": { "type": "Point", "coordinates": [ -59.157590207422118, -33.742476857121233 ] } },
{ "type": "Feature", "properties": { "nombre": "Junta Médanos", "tipo": "Junta", "codigo_indec": "309405", "provincia": "IGN" }, "geometry": { "type": "Point", "coordinates": [ -59.068857296427041, -33.435774047734071 ] } },
{ "type": "Feature", "properties": { "nombre": "Municipio Villa Paranacito", "tipo": "Municipio", "codigo_indec": "300224", "provincia": "IGN" }, "geometry": { "type": "Point", "coordinates": [ -58.663130918057391, -33.714744920041994 ] } },
{ "type": "Feature", "properties": { "nombre": "Municipio Alcaraz", "tipo": "Municipio", "codigo_indec": "300231", "provincia": "IGN" }, "geometry": { "type": "Point", "coordinates": [ -59.598572312262377, -31.457365345933908 ] } },
{ "type": "Feature", "properties": { "nombre": "Municipio Bovril", "tipo": "Municipio", "codigo_indec": "300238", "provincia": "IGN" }, "geometry": { "type": "Point", "coordinates": [ -59.446389765874983, -31.343579683455573 ] } },
{ "type": "Feature", "properties": { "nombre": "Junta Colonia Avigdor", "tipo": "Junta", "codigo_indec": "302596", "provincia": "IGN" }, "geometry": { "type": "Point", "coordinates": [ -59.408237280825801, -31.183195499872397 ] } },
{ "type": "Feature", "properties": { "nombre": "Junta El Solar", "tipo": "Junta", "codigo_indec": "302638", "provincia": "IGN" }, "geometry": { "type": "Point", "coordinates": [ -59.733134062287093, -31.179544084192059 ] } },
{ "type": "Feature", "properties": { "nombre": "Municipio La Paz", "tipo": "Municipio", "codigo_indec": "300245", "provincia": "IGN" }, "geometry": { "type": "Point", "coordinates": [ -59.644301278880903, -30.740476624296718 ] } },
{ "type": "Feature", "properties": { "nombre": "Municipio Piedras Blancas", "tipo": "Municipio", "codigo_indec": "300252", "provincia": "IGN" }, "geometry": { "type": "Point", "coordinates": [ -59.949957713577589, -31.185006148115178 ] } },
{ "type": "Feature", "properties": { "nombre": "Municipio San Gustavo", "tipo": "Municipio", "codigo_indec": "300255", "provincia": "IGN" }, "geometry": { "type": "Point", "coordinates": [ -59.39498429468938, -30.6902877478812 ] } },
{ "type": "Feature", "properties": { "nombre": "Municipio Santa Elena", "tipo": "Municipio", "codigo_indec": "300259", "provincia": "IGN" }, "geometry": { "type": "Point", "coordinates": [ -59.789121291514334, -30.944460001827565 ] } },
{ "type": "Feature", "properties": { "nombre": "Junta Sir Leonard", "tipo": "Junta", "codigo_indec": "309500", "provincia": "IGN" }, "geometry": { "type": "Point", "coordinates": [ -59.501061935359985, -31.388921151090187 ] } },
{ "type": "Feature", "properties": { "nombre": "Municipio Villa Aranguren", "tipo": "Municipio", "codigo_indec": "300266", "provincia": "IGN" }, "geometry": { "type": "Point", "coordinates": [ -60.158350574119652, -32.245775516726667 ] } },
{ "type": "Feature", "properties": { "nombre": "Junta Betbeder", "tipo": "Junta", "codigo_indec": "309520", "provincia": "IGN" }, "geometry": { "type": "Point", "coordinates": [ -59.928407834054269, -32.372179763785027 ] } },
{ "type": "Feature", "properties": { "nombre": "Junta Don Cristóbal II", "tipo": "Junta", "codigo_indec": "302780", "provincia": "IGN" }, "geometry": { "type": "Point", "coordinates": [ -59.994730980550287, -32.071354186746305 ] } },
{ "type": "Feature", "properties": { "nombre": "Junta Febre", "tipo": "Junta", "codigo_indec": "302787", "provincia": "IGN" }, "geometry": { "type": "Point", "coordinates": [ -59.91890107822212, -32.475267674863233 ] } },
{ "type": "Feature", "properties": { "nombre": "Municipio Villa Sabá Z. Hernández", "tipo": "Municipio", "codigo_indec": "300273", "provincia": "IGN" }, "geometry": { "type": "Point", "coordinates": [ -60.032126118625456, -32.338271416892326 ] } },
{ "type": "Feature", "properties": { "nombre": "Municipio Lucas González", "tipo": "Municipio", "codigo_indec": "300280", "provincia": "IGN" }, "geometry": { "type": "Point", "coordinates": [ -59.53084704355615, -32.384393728987334 ] } },
{ "type": "Feature", "properties": { "nombre": "Municipio Nogoyá", "tipo": "Municipio", "codigo_indec": "300287", "provincia": "IGN" }, "geometry": { "type": "Point", "coordinates": [ -59.78769534176655, -32.398961524854428 ] } },
{ "type": "Feature", "properties": { "nombre": "Junta XX de Septiembre", "tipo": "Junta", "codigo_indec": "302808", "provincia": "IGN" }, "geometry": { "type": "Point", "coordinates": [ -59.66222063037776, -32.385918827192086 ] } },
{ "type": "Feature", "properties": { "nombre": "Municipio Aldea María Luisa", "tipo": "Municipio", "codigo_indec": "300291", "provincia": "IGN" }, "geometry": { "type": "Point", "coordinates": [ -60.410506327704809, -31.883851698696901 ] } },
{ "type": "Feature", "properties": { "nombre": "Municipio Crespo", "tipo": "Municipio", "codigo_indec": "300301", "provincia": "IGN" }, "geometry": { "type": "Point", "coordinates": [ -60.306092048808978, -32.030759506346101 ] } },
{ "type": "Feature", "properties": { "nombre": "Junta Aldea San Rafael", "tipo": "Junta", "codigo_indec": "309590", "provincia": "IGN" }, "geometry": { "type": "Point", "coordinates": [ -60.254630645188058, -31.957411231942729 ] } },
{ "type": "Feature", "properties": { "nombre": "Junta Aldea Santa María", "tipo": "Junta", "codigo_indec": "302836", "provincia": "IGN" }, "geometry": { "type": "Point", "coordinates": [ -60.006886951171793, -31.611332990824849 ] } },
{ "type": "Feature", "properties": { "nombre": "Junta Aldea Santa Rosa", "tipo": "Junta", "codigo_indec": "302843", "provincia": "IGN" }, "geometry": { "type": "Point", "coordinates": [ -60.239209952976921, -32.01316011564677 ] } },
{ "type": "Feature", "properties": { "nombre": "Municipio Cerrito", "tipo": "Municipio", "codigo_indec": "300294", "provincia": "IGN" }, "geometry": { "type": "Point", "coordinates": [ -60.07554670361742, -31.579939026964496 ] } },
{ "type": "Feature", "properties": { "nombre": "Municipio Colonia Avellaneda", "tipo": "Municipio", "codigo_indec": "300297", "provincia": "IGN" }, "geometry": { "type": "Point", "coordinates": [ -60.411981205967834, -31.762649294029643 ] } },
{ "type": "Feature", "properties": { "nombre": "Junta Colonia Crespo", "tipo": "Junta", "codigo_indec": "302899", "provincia": "IGN" }, "geometry": { "type": "Point", "coordinates": [ -60.231081887519053, -31.682881219992282 ] } },
{ "type": "Feature", "properties": { "nombre": "Junta El Palenque", "tipo": "Junta", "codigo_indec": "302927", "provincia": "IGN" }, "geometry": { "type": "Point", "coordinates": [ -60.166616457983082, -31.653756740281267 ] } },
{ "type": "Feature", "properties": { "nombre": "Municipio El Pingo", "tipo": "Municipio", "codigo_indec": "300305", "provincia": "IGN" }, "geometry": { "type": "Point", "coordinates": [ -59.890848298110427, -31.582967604571252 ] } },
{ "type": "Feature", "properties": { "nombre": "Junta Quebracho", "tipo": "Junta", "codigo_indec": "309730", "provincia": "IGN" }, "geometry": { "type": "Point", "coordinates": [ -60.101252122787173, -31.846876483762685 ] } },
{ "type": "Feature", "properties": { "nombre": "Municipio Hasenkamp", "tipo": "Municipio", "codigo_indec": "300308", "provincia": "IGN" }, "geometry": { "type": "Point", "coordinates": [ -59.835282788869563, -31.512168874893632 ] } },
{ "type": "Feature", "properties": { "nombre": "Municipio Hernandarias", "tipo": "Municipio", "codigo_indec": "300315", "provincia": "IGN" }, "geometry": { "type": "Point", "coordinates": [ -59.988286445962672, -31.230008247582532 ] } },
{ "type": "Feature", "properties": { "nombre": "Junta La Picada", "tipo": "Junta", "codigo_indec": "302955", "provincia": "IGN" }, "geometry": { "type": "Point", "coordinates": [ -60.297549106306178, -31.725004528436216 ] } },
{ "type": "Feature", "properties": { "nombre": "Junta Paraje Las Tunas", "tipo": "Comuna", "codigo_indec": "302976", "provincia": "IGN" }, "geometry": { "type": "Point", "coordinates": [ -59.728864072219096, -31.868596560882509 ] } },
{ "type": "Feature", "properties": { "nombre": "Municipio María Grande", "tipo": "Municipio", "codigo_indec": "300322", "provincia": "IGN" }, "geometry": { "type": "Point", "coordinates": [ -59.904014595896854, -31.662807499366579 ] } },
{ "type": "Feature", "properties": { "nombre": "Municipio Oro Verde", "tipo": "Municipio", "codigo_indec": "300329", "provincia": "IGN" }, "geometry": { "type": "Point", "coordinates": [ -60.51753343032351, -31.822754699669588 ] } },
{ "type": "Feature", "properties": { "nombre": "Municipio Paraná", "tipo": "Municipio", "codigo_indec": "300336", "provincia": "IGN" }, "geometry": { "type": "Point", "coordinates": [ -60.527426049272719, -31.740160161662061 ] } },
{ "type": "Feature", "properties": { "nombre": "Junta Las Garzas", "tipo": "Junta", "codigo_indec": "302962", "provincia": "IGN" }, "geometry": { "type": "Point", "coordinates": [ -59.744493261454807, -31.427426873651257 ] } },
{ "type": "Feature", "properties": { "nombre": "Municipio Pueblo Brugo", "tipo": "Municipio", "codigo_indec": "300340", "provincia": "IGN" }, "geometry": { "type": "Point", "coordinates": [ -60.09181412462209, -31.387329092963228 ] } },
{ "type": "Feature", "properties": { "nombre": "Junta Puerto Curtiembre", "tipo": "Junta", "codigo_indec": "302999", "provincia": "IGN" }, "geometry": { "type": "Point", "coordinates": [ -60.169052456105931, -31.458360873855213 ] } },
{ "type": "Feature", "properties": { "nombre": "Municipio San Benito", "tipo": "Municipio", "codigo_indec": "300343", "provincia": "IGN" }, "geometry": { "type": "Point", "coordinates": [ -60.441459311697827, -31.783022339609261 ] } },
{ "type": "Feature", "properties": { "nombre": "Junta Sauce Montrull", "tipo": "Junta", "codigo_indec": "303020", "provincia": "IGN" }, "geometry": { "type": "Point", "coordinates": [ -60.355757337231296, -31.74480881307619 ] } },
{ "type": "Feature", "properties": { "nombre": "Junta Sauce Pinto", "tipo": "Junta", "codigo_indec": "303027", "provincia": "IGN" }, "geometry": { "type": "Point", "coordinates": [ -60.371600720696676, -31.843082335781105 ] } },
{ "type": "Feature", "properties": { "nombre": "Municipio Seguí", "tipo": "Municipio", "codigo_indec": "300350", "provincia": "IGN" }, "geometry": { "type": "Point", "coordinates": [ -60.125650551831484, -31.95433977196285 ] } },
{ "type": "Feature", "properties": { "nombre": "Junta Estación Sosa", "tipo": "Junta", "codigo_indec": "302941", "provincia": "IGN" }, "geometry": { "type": "Point", "coordinates": [ -59.911135889209902, -31.736233298028253 ] } },
{ "type": "Feature", "properties": { "nombre": "Municipio Tabossi", "tipo": "Municipio", "codigo_indec": "300357", "provincia": "IGN" }, "geometry": { "type": "Point", "coordinates": [ -59.935952939176786, -31.801659589318547 ] } },
{ "type": "Feature", "properties": { "nombre": "Junta Tezanos Pinto", "tipo": "Junta", "codigo_indec": "303034", "provincia": "IGN" }, "geometry": { "type": "Point", "coordinates": [ -60.494414737450143, -31.871698598711305 ] } },
{ "type": "Feature", "properties": { "nombre": "Municipio Viale", "tipo": "Municipio", "codigo_indec": "300364", "provincia": "IGN" }, "geometry": { "type": "Point", "coordinates": [ -60.012951247901754, -31.872109033105346 ] } },
{ "type": "Feature", "properties": { "nombre": "Junta Villa Fontana", "tipo": "Junta", "codigo_indec": "303041", "provincia": "IGN" }, "geometry": { "type": "Point", "coordinates": [ -60.47369415516107, -31.90534331654078 ] } },
{ "type": "Feature", "properties": { "nombre": "Junta Gobernador Etchevehere", "tipo": "Junta", "codigo_indec": "302948", "provincia": "IGN" }, "geometry": { "type": "Point", "coordinates": [ -60.427167660758869, -31.935069910348034 ] } },
{ "type": "Feature", "properties": { "nombre": "Municipio Villa Urquiza", "tipo": "Municipio", "codigo_indec": "300371", "provincia": "IGN" }, "geometry": { "type": "Point", "coordinates": [ -60.376895909118844, -31.649521208636827 ] } },
{ "type": "Feature", "properties": { "nombre": "Municipio General Campos", "tipo": "Municipio", "codigo_indec": "300378", "provincia": "IGN" }, "geometry": { "type": "Point", "coordinates": [ -58.405804539347969, -31.523376198352821 ] } },
{ "type": "Feature", "properties": { "nombre": "Municipio San Salvador", "tipo": "Municipio", "codigo_indec": "300385", "provincia": "IGN" }, "geometry": { "type": "Point", "coordinates": [ -58.505032006222052, -31.624960878241893 ] } },
{ "type": "Feature", "properties": { "nombre": "Junta Altamirano Sur", "tipo": "Junta", "codigo_indec": "309790", "provincia": "IGN" }, "geometry": { "type": "Point", "coordinates": [ -59.17473160128236, -32.087780097973109 ] } },
{ "type": "Feature", "properties": { "nombre": "Junta Durazno", "tipo": "Junta", "codigo_indec": "303091", "provincia": "IGN" }, "geometry": { "type": "Point", "coordinates": [ -59.279294025498814, -31.98588078217233 ] } },
{ "type": "Feature", "properties": { "nombre": "Junta Arroyo Cle", "tipo": "Junta", "codigo_indec": "309795", "provincia": "IGN" }, "geometry": { "type": "Point", "coordinates": [ -59.395649950384836, -32.639456836064085 ] } },
{ "type": "Feature", "properties": { "nombre": "Junta Gobernador Echagüe", "tipo": "Junta", "codigo_indec": "303098", "provincia": "IGN" }, "geometry": { "type": "Point", "coordinates": [ -59.27588964279272, -32.393372196969267 ] } },
{ "type": "Feature", "properties": { "nombre": "Municipio Gobernador Mansilla", "tipo": "Municipio", "codigo_indec": "300392", "provincia": "IGN" }, "geometry": { "type": "Point", "coordinates": [ -59.356618806112976, -32.545435871867937 ] } },
{ "type": "Feature", "properties": { "nombre": "Junta Gobernador Sola", "tipo": "Junta", "codigo_indec": "303112", "provincia": "IGN" }, "geometry": { "type": "Point", "coordinates": [ -59.372785343868486, -32.336522574557137 ] } },
{ "type": "Feature", "properties": { "nombre": "Junta Guardamonte", "tipo": "Junta", "codigo_indec": "303119", "provincia": "IGN" }, "geometry": { "type": "Point", "coordinates": [ -59.305953640647942, -32.081145325296461 ] } },
{ "type": "Feature", "properties": { "nombre": "Junta Las Guachas", "tipo": "Junta", "codigo_indec": "309825", "provincia": "IGN" }, "geometry": { "type": "Point", "coordinates": [ -59.172925916397901, -32.470218808950847 ] } },
{ "type": "Feature", "properties": { "nombre": "Municipio Maciá", "tipo": "Municipio", "codigo_indec": "300399", "provincia": "IGN" }, "geometry": { "type": "Point", "coordinates": [ -59.397970453073924, -32.174684219601033 ] } },
{ "type": "Feature", "properties": { "nombre": "Municipio Rosario del Tala", "tipo": "Municipio", "codigo_indec": "300406", "provincia": "IGN" }, "geometry": { "type": "Point", "coordinates": [ -59.139066803789945, -32.300675506069695 ] } },
{ "type": "Feature", "properties": { "nombre": "Municipio Basavilbaso", "tipo": "Municipio", "codigo_indec": "300413", "provincia": "IGN" }, "geometry": { "type": "Point", "coordinates": [ -58.87867181685084, -32.37215997870004 ] } },
{ "type": "Feature", "properties": { "nombre": "Municipio Caseros", "tipo": "Municipio", "codigo_indec": "300420", "provincia": "IGN" }, "geometry": { "type": "Point", "coordinates": [ -58.479321323320391, -32.462118892272997 ] } },
{ "type": "Feature", "properties": { "nombre": "Municipio Colonia Elía", "tipo": "Municipio", "codigo_indec": "300423", "provincia": "IGN" }, "geometry": { "type": "Point", "coordinates": [ -58.325351359077899, -32.670403334146499 ] } },
{ "type": "Feature", "properties": { "nombre": "Municipio Concepción del Uruguay", "tipo": "Municipio", "codigo_indec": "300427", "provincia": "IGN" }, "geometry": { "type": "Point", "coordinates": [ -58.232120779350453, -32.484661265405009 ] } },
{ "type": "Feature", "properties": { "nombre": "Municipio Herrera", "tipo": "Municipio", "codigo_indec": "300434", "provincia": "IGN" }, "geometry": { "type": "Point", "coordinates": [ -58.634653235258554, -32.433784475073423 ] } },
{ "type": "Feature", "properties": { "nombre": "Junta Las Moscas", "tipo": "Junta", "codigo_indec": "303161", "provincia": "IGN" }, "geometry": { "type": "Point", "coordinates": [ -58.957514648582105, -32.092103265852984 ] } },
{ "type": "Feature", "properties": { "nombre": "Junta Líbaros", "tipo": "Junta", "codigo_indec": "303168", "provincia": "IGN" }, "geometry": { "type": "Point", "coordinates": [ -58.906952889863931, -32.261895439922569 ] } },
{ "type": "Feature", "properties": { "nombre": "Municipio 1º de Mayo", "tipo": "Municipio", "codigo_indec": "300437", "provincia": "IGN" }, "geometry": { "type": "Point", "coordinates": [ -58.422600192444861, -32.255373170635266 ] } },
{ "type": "Feature", "properties": { "nombre": "Municipio Pronunciamiento", "tipo": "Municipio", "codigo_indec": "300441", "provincia": "IGN" }, "geometry": { "type": "Point", "coordinates": [ -58.444177912280793, -32.346007061376724 ] } },
{ "type": "Feature", "properties": { "nombre": "Junta Rocamora", "tipo": "Junta", "codigo_indec": "303175", "provincia": "IGN" }, "geometry": { "type": "Point", "coordinates": [ -58.973009668861096, -32.344663628923286 ] } },
{ "type": "Feature", "properties": { "nombre": "Municipio Santa Anita", "tipo": "Municipio", "codigo_indec": "300455", "provincia": "IGN" }, "geometry": { "type": "Point", "coordinates": [ -58.785975864294642, -32.174416618232328 ] } },
{ "type": "Feature", "properties": { "nombre": "Municipio Villa Mantero", "tipo": "Municipio", "codigo_indec": "300462", "provincia": "IGN" }, "geometry": { "type": "Point", "coordinates": [ -58.746018695306475, -32.398361829035139 ] } },
{ "type": "Feature", "properties": { "nombre": "Municipio San Justo", "tipo": "Municipio", "codigo_indec": "300448", "provincia": "IGN" }, "geometry": { "type": "Point", "coordinates": [ -58.435429768768756, -32.445604454481952 ] } },
{ "type": "Feature", "properties": { "nombre": "Junta San Marcial", "tipo": "Junta", "codigo_indec": "303189", "provincia": "IGN" }, "geometry": { "type": "Point", "coordinates": [ -58.92853808396535, -32.180068913949185 ] } },
{ "type": "Feature", "properties": { "nombre": "Junta Antelo", "tipo": "Junta", "codigo_indec": "303196", "provincia": "IGN" }, "geometry": { "type": "Point", "coordinates": [ -60.035452774725741, -32.533541749651988 ] } },
{ "type": "Feature", "properties": { "nombre": "Junta Molino Doll", "tipo": "Junta", "codigo_indec": "309900", "provincia": "IGN" }, "geometry": { "type": "Point", "coordinates": [ -60.423089443023343, -32.306824974892606 ] } },
{ "type": "Feature", "properties": { "nombre": "Municipio Victoria", "tipo": "Municipio", "codigo_indec": "300469", "provincia": "IGN" }, "geometry": { "type": "Point", "coordinates": [ -60.157953951513605, -32.621605823150162 ] } },
{ "type": "Feature", "properties": { "nombre": "Junta Estación Raíces", "tipo": "Junta", "codigo_indec": "309920", "provincia": "IGN" }, "geometry": { "type": "Point", "coordinates": [ -59.26123271871495, -31.908551727080521 ] } },
{ "type": "Feature", "properties": { "nombre": "Junta Ingeniero Sajaroff", "tipo": "Junta", "codigo_indec": "303273", "provincia": "IGN" }, "geometry": { "type": "Point", "coordinates": [ -58.849488778684133, -31.956885992794298 ] } },
{ "type": "Feature", "properties": { "nombre": "Junta Jubileo", "tipo": "Junta", "codigo_indec": "303280", "provincia": "IGN" }, "geometry": { "type": "Point", "coordinates": [ -58.635717568510927, -31.731207658906271 ] } },
{ "type": "Feature", "properties": { "nombre": "Junta Paso de La Laguna", "tipo": "Junta", "codigo_indec": "303329", "provincia": "IGN" }, "geometry": { "type": "Point", "coordinates": [ -59.159807934688388, -31.803520452107136 ] } },
{ "type": "Feature", "properties": { "nombre": "Municipio Villa Clara", "tipo": "Municipio", "codigo_indec": "300476", "provincia": "IGN" }, "geometry": { "type": "Point", "coordinates": [ -58.821609897778501, -31.829799034397865 ] } },
{ "type": "Feature", "properties": { "nombre": "Municipio Villa Domínguez", "tipo": "Municipio", "codigo_indec": "300483", "provincia": "IGN" }, "geometry": { "type": "Point", "coordinates": [ -58.961532847363003, -31.986288894516804 ] } },
{ "type": "Feature", "properties": { "nombre": "Municipio Villaguay", "tipo": "Municipio", "codigo_indec": "300490", "provincia": "IGN" }, "geometry": { "type": "Point", "coordinates": [ -59.026885212582442, -31.867637570617319 ] } },
{ "type": "Feature", "properties": { "nombre": "Municipio Rolón", "tipo": "Municipio", "codigo_indec": "420322", "provincia": "IGN" }, "geometry": { "type": "Point", "coordinates": [ -63.415025085838977, -37.166579495047642 ] } },
{ "type": "Feature", "properties": { "nombre": "Municipio Doblas", "tipo": "Municipio", "codigo_indec": "420112", "provincia": "IGN" }, "geometry": { "type": "Point", "coordinates": [ -64.011525375595568, -37.150470259394922 ] } },
{ "type": "Feature", "properties": { "nombre": "Municipio Macachín", "tipo": "Municipio", "codigo_indec": "420231", "provincia": "IGN" }, "geometry": { "type": "Point", "coordinates": [ -63.666738846020905, -37.13697913008275 ] } },
{ "type": "Feature", "properties": { "nombre": "Municipio Miguel Riglos", "tipo": "Municipio", "codigo_indec": "420259", "provincia": "IGN" }, "geometry": { "type": "Point", "coordinates": [ -63.687825606166768, -36.856394935178059 ] } },
{ "type": "Feature", "properties": { "nombre": "Municipio Tomás M. Anchorena", "tipo": "Municipio", "codigo_indec": "420364", "provincia": "IGN" }, "geometry": { "type": "Point", "coordinates": [ -63.524822015823304, -36.840340863939673 ] } },
{ "type": "Feature", "properties": { "nombre": "Municipio La Adela", "tipo": "Municipio", "codigo_indec": "420189", "provincia": "IGN" }, "geometry": { "type": "Point", "coordinates": [ -64.090534318404025, -38.985330267078098 ] } },
{ "type": "Feature", "properties": { "nombre": "Municipio Anguil", "tipo": "Municipio", "codigo_indec": "420028", "provincia": "IGN" }, "geometry": { "type": "Point", "coordinates": [ -64.011702843311525, -36.526838040443181 ] } },
{ "type": "Feature", "properties": { "nombre": "Municipio Santa Rosa", "tipo": "Municipio", "codigo_indec": "420336", "provincia": "IGN" }, "geometry": { "type": "Point", "coordinates": [ -64.290630035547679, -36.620401194859198 ] } },
{ "type": "Feature", "properties": { "nombre": "Municipio Uriburu", "tipo": "Municipio", "codigo_indec": "420378", "provincia": "IGN" }, "geometry": { "type": "Point", "coordinates": [ -63.860108974249727, -36.506320243584355 ] } },
{ "type": "Feature", "properties": { "nombre": "Municipio Catriló", "tipo": "Municipio", "codigo_indec": "420077", "provincia": "IGN" }, "geometry": { "type": "Point", "coordinates": [ -63.423337095030888, -36.40667777376018 ] } },
{ "type": "Feature", "properties": { "nombre": "Municipio Lonquimay", "tipo": "Municipio", "codigo_indec": "420217", "provincia": "IGN" }, "geometry": { "type": "Point", "coordinates": [ -63.623614546274268, -36.466407933679136 ] } },
{ "type": "Feature", "properties": { "nombre": "Municipio Eduardo Castex", "tipo": "Municipio", "codigo_indec": "420119", "provincia": "IGN" }, "geometry": { "type": "Point", "coordinates": [ -64.295575748322108, -35.916063084343818 ] } },
{ "type": "Feature", "properties": { "nombre": "Municipio Winifreda", "tipo": "Municipio", "codigo_indec": "420413", "provincia": "IGN" }, "geometry": { "type": "Point", "coordinates": [ -64.233507342989469, -36.227465675200733 ] } },
{ "type": "Feature", "properties": { "nombre": "Municipio Conhelo", "tipo": "Municipio", "codigo_indec": "420098", "provincia": "IGN" }, "geometry": { "type": "Point", "coordinates": [ -64.598508200393098, -36.000531872447937 ] } },
{ "type": "Feature", "properties": { "nombre": "Municipio Mauricio Mayer", "tipo": "Municipio", "codigo_indec": "420238", "provincia": "IGN" }, "geometry": { "type": "Point", "coordinates": [ -64.033135807371593, -36.21153501343008 ] } },
{ "type": "Feature", "properties": { "nombre": "Municipio Monte Nievas", "tipo": "Municipio", "codigo_indec": "420266", "provincia": "IGN" }, "geometry": { "type": "Point", "coordinates": [ -64.153174325634552, -35.861584511915623 ] } },
{ "type": "Feature", "properties": { "nombre": "Comisión Rucanelo", "tipo": "Comisión", "codigo_indec": "425133", "provincia": "IGN" }, "geometry": { "type": "Point", "coordinates": [ -64.835721091355254, -36.041797073875841 ] } },
{ "type": "Feature", "properties": { "nombre": "Municipio Gobernador Duval", "tipo": "Municipio", "codigo_indec": "420158", "provincia": "IGN" }, "geometry": { "type": "Point", "coordinates": [ -66.43542807374655, -38.742942079013687 ] } },
{ "type": "Feature", "properties": { "nombre": "Municipio Puelches", "tipo": "Municipio", "codigo_indec": "420280", "provincia": "IGN" }, "geometry": { "type": "Point", "coordinates": [ -65.914040626273845, -38.146302087671188 ] } },
{ "type": "Feature", "properties": { "nombre": "Municipio Santa Isabel", "tipo": "Municipio", "codigo_indec": "420329", "provincia": "IGN" }, "geometry": { "type": "Point", "coordinates": [ -66.938973641820098, -36.230195150885436 ] } },
{ "type": "Feature", "properties": { "nombre": "Municipio Ceballos", "tipo": "Municipio", "codigo_indec": "420084", "provincia": "IGN" }, "geometry": { "type": "Point", "coordinates": [ -63.776987210491313, -35.290785062880332 ] } },
{ "type": "Feature", "properties": { "nombre": "Municipio Bernardo Larroudé", "tipo": "Municipio", "codigo_indec": "420049", "provincia": "IGN" }, "geometry": { "type": "Point", "coordinates": [ -63.582754454354529, -35.025949310012606 ] } },
{ "type": "Feature", "properties": { "nombre": "Municipio Coronel Hilario Lagos", "tipo": "Municipio", "codigo_indec": "420105", "provincia": "IGN" }, "geometry": { "type": "Point", "coordinates": [ -63.912071320035352, -35.024121554865815 ] } },
{ "type": "Feature", "properties": { "nombre": "Municipio Intendente Alvear", "tipo": "Municipio", "codigo_indec": "420175", "provincia": "IGN" }, "geometry": { "type": "Point", "coordinates": [ -63.592087435986343, -35.234679439704337 ] } },
{ "type": "Feature", "properties": { "nombre": "Comisión Sarah", "tipo": "Comisión", "codigo_indec": "425140", "provincia": "IGN" }, "geometry": { "type": "Point", "coordinates": [ -63.68593301619569, -35.02807893069803 ] } },
{ "type": "Feature", "properties": { "nombre": "Municipio Vértiz", "tipo": "Municipio", "codigo_indec": "420392", "provincia": "IGN" }, "geometry": { "type": "Point", "coordinates": [ -63.90998591991422, -35.427443781904969 ] } },
{ "type": "Feature", "properties": { "nombre": "Municipio Algarrobo del Águila", "tipo": "Municipio", "codigo_indec": "420011", "provincia": "IGN" }, "geometry": { "type": "Point", "coordinates": [ -67.144491462410997, -36.39808440537098 ] } },
{ "type": "Feature", "properties": { "nombre": "Municipio La Humada", "tipo": "Municipio", "codigo_indec": "420196", "provincia": "IGN" }, "geometry": { "type": "Point", "coordinates": [ -68.013520725800788, -36.349038880240073 ] } },
{ "type": "Feature", "properties": { "nombre": "Comisión Perú", "tipo": "Comisión", "codigo_indec": "425105", "provincia": "IGN" }, "geometry": { "type": "Point", "coordinates": [ -64.139246013392778, -37.661208178914308 ] } },
{ "type": "Feature", "properties": { "nombre": "Municipio Alpachiri", "tipo": "Municipio", "codigo_indec": "420014", "provincia": "IGN" }, "geometry": { "type": "Point", "coordinates": [ -63.773233061656413, -37.376833032218599 ] } },
{ "type": "Feature", "properties": { "nombre": "Municipio General Campos", "tipo": "Municipio", "codigo_indec": "420140", "provincia": "IGN" }, "geometry": { "type": "Point", "coordinates": [ -63.585757519094216, -37.461454343543096 ] } },
{ "type": "Feature", "properties": { "nombre": "Municipio Guatraché", "tipo": "Municipio", "codigo_indec": "420161", "provincia": "IGN" }, "geometry": { "type": "Point", "coordinates": [ -63.535760653331465, -37.670726929903822 ] } },
{ "type": "Feature", "properties": { "nombre": "Municipio Colonia Santa Teresa", "tipo": "Municipio", "codigo_indec": "420343", "provincia": "IGN" }, "geometry": { "type": "Point", "coordinates": [ -63.431318401922681, -37.574787178485451 ] } },
{ "type": "Feature", "properties": { "nombre": "Municipio Bernasconi", "tipo": "Municipio", "codigo_indec": "420056", "provincia": "IGN" }, "geometry": { "type": "Point", "coordinates": [ -63.74295357994373, -37.902252619762521 ] } },
{ "type": "Feature", "properties": { "nombre": "Municipio Abramo", "tipo": "Municipio", "codigo_indec": "420007", "provincia": "IGN" }, "geometry": { "type": "Point", "coordinates": [ -63.850434502050575, -37.896563791785525 ] } },
{ "type": "Feature", "properties": { "nombre": "Municipio General San Martín", "tipo": "Municipio", "codigo_indec": "420154", "provincia": "IGN" }, "geometry": { "type": "Point", "coordinates": [ -63.603493005997393, -37.978881473501133 ] } },
{ "type": "Feature", "properties": { "nombre": "Municipio Jacinto Aráuz", "tipo": "Municipio", "codigo_indec": "420182", "provincia": "IGN" }, "geometry": { "type": "Point", "coordinates": [ -63.429437831390771, -38.082874554916714 ] } },
{ "type": "Feature", "properties": { "nombre": "Comisión Cuchillo Co", "tipo": "Comisión", "codigo_indec": "425042", "provincia": "IGN" }, "geometry": { "type": "Point", "coordinates": [ -64.642252696005073, -38.333678474581916 ] } },
{ "type": "Feature", "properties": { "nombre": "Comisión La Reforma", "tipo": "Comisión", "codigo_indec": "425077", "provincia": "IGN" }, "geometry": { "type": "Point", "coordinates": [ -66.227108864982085, -37.551184545130582 ] } },
{ "type": "Feature", "properties": { "nombre": "Comisión Limay Mahuida", "tipo": "Comisión", "codigo_indec": "425084", "provincia": "IGN" }, "geometry": { "type": "Point", "coordinates": [ -66.675123681712478, -37.159830369975566 ] } },
{ "type": "Feature", "properties": { "nombre": "Municipio Telén", "tipo": "Municipio", "codigo_indec": "420350", "provincia": "IGN" }, "geometry": { "type": "Point", "coordinates": [ -65.511173928334074, -36.264278421312042 ] } },
{ "type": "Feature", "properties": { "nombre": "Municipio Carro Quemado", "tipo": "Municipio", "codigo_indec": "420070", "provincia": "IGN" }, "geometry": { "type": "Point", "coordinates": [ -65.344656491603757, -36.474925731137546 ] } },
{ "type": "Feature", "properties": { "nombre": "Comisión Loventué", "tipo": "Comisión", "codigo_indec": "425091", "provincia": "IGN" }, "geometry": { "type": "Point", "coordinates": [ -65.289332461124161, -36.188895393007954 ] } },
{ "type": "Feature", "properties": { "nombre": "Municipio Luan Toro", "tipo": "Municipio", "codigo_indec": "420224", "provincia": "IGN" }, "geometry": { "type": "Point", "coordinates": [ -65.09965113609104, -36.203952674576215 ] } },
{ "type": "Feature", "properties": { "nombre": "Municipio Victorica", "tipo": "Municipio", "codigo_indec": "420399", "provincia": "IGN" }, "geometry": { "type": "Point", "coordinates": [ -65.437086415705494, -36.21653686908121 ] } },
{ "type": "Feature", "properties": { "nombre": "Comisión Agustoni", "tipo": "Comisión", "codigo_indec": "425014", "provincia": "IGN" }, "geometry": { "type": "Point", "coordinates": [ -63.391614430761308, -35.782070982889479 ] } },
{ "type": "Feature", "properties": { "nombre": "Municipio General Pico", "tipo": "Municipio", "codigo_indec": "420147", "provincia": "IGN" }, "geometry": { "type": "Point", "coordinates": [ -63.757871729196893, -35.659300434867134 ] } },
{ "type": "Feature", "properties": { "nombre": "Comisión Speluzzi", "tipo": "Comisión", "codigo_indec": "425147", "provincia": "IGN" }, "geometry": { "type": "Point", "coordinates": [ -63.820509711154216, -35.549708017011312 ] } },
{ "type": "Feature", "properties": { "nombre": "Municipio Puelén", "tipo": "Municipio", "codigo_indec": "420287", "provincia": "IGN" }, "geometry": { "type": "Point", "coordinates": [ -67.6195574258345, -37.34417369166249 ] } },
{ "type": "Feature", "properties": { "nombre": "Municipio Colonia 25 de Mayo", "tipo": "Municipio", "codigo_indec": "420385", "provincia": "IGN" }, "geometry": { "type": "Point", "coordinates": [ -67.713540375687728, -37.774908489435177 ] } },
{ "type": "Feature", "properties": { "nombre": "Municipio Miguel Cané", "tipo": "Municipio", "codigo_indec": "420252", "provincia": "IGN" }, "geometry": { "type": "Point", "coordinates": [ -63.512597852309, -36.157183734641592 ] } },
{ "type": "Feature", "properties": { "nombre": "Municipio Colonia Barón", "tipo": "Municipio", "codigo_indec": "420091", "provincia": "IGN" }, "geometry": { "type": "Point", "coordinates": [ -63.855204719322273, -36.153610029379308 ] } },
{ "type": "Feature", "properties": { "nombre": "Municipio Quemú Quemú", "tipo": "Municipio", "codigo_indec": "420301", "provincia": "IGN" }, "geometry": { "type": "Point", "coordinates": [ -63.565940108848906, -36.054826980480698 ] } },
{ "type": "Feature", "properties": { "nombre": "Comisión Relmo", "tipo": "Comisión", "codigo_indec": "425126", "provincia": "IGN" }, "geometry": { "type": "Point", "coordinates": [ -63.448089294884994, -36.256504512473214 ] } },
{ "type": "Feature", "properties": { "nombre": "Municipio Villa Mirasol", "tipo": "Municipio", "codigo_indec": "420406", "provincia": "IGN" }, "geometry": { "type": "Point", "coordinates": [ -63.886324148040956, -36.076368862333084 ] } },
{ "type": "Feature", "properties": { "nombre": "Comisión Quetrequén", "tipo": "Comisión", "codigo_indec": "425119", "provincia": "IGN" }, "geometry": { "type": "Point", "coordinates": [ -64.523162793428128, -35.057046862722473 ] } },
{ "type": "Feature", "properties": { "nombre": "Municipio Caleufú", "tipo": "Municipio", "codigo_indec": "420063", "provincia": "IGN" }, "geometry": { "type": "Point", "coordinates": [ -64.558677161321896, -35.594491217895325 ] } },
{ "type": "Feature", "properties": { "nombre": "Municipio La Maruja", "tipo": "Municipio", "codigo_indec": "420210", "provincia": "IGN" }, "geometry": { "type": "Point", "coordinates": [ -65.102967861877289, -35.703461222157614 ] } },
{ "type": "Feature", "properties": { "nombre": "Municipio Parera", "tipo": "Municipio", "codigo_indec": "420273", "provincia": "IGN" }, "geometry": { "type": "Point", "coordinates": [ -64.502308409105751, -35.146759721783667 ] } },
{ "type": "Feature", "properties": { "nombre": "Comisión Pichi Huinca", "tipo": "Comisión", "codigo_indec": "425112", "provincia": "IGN" }, "geometry": { "type": "Point", "coordinates": [ -64.76978194907764, -35.648606694443345 ] } },
{ "type": "Feature", "properties": { "nombre": "Municipio Rancul", "tipo": "Municipio", "codigo_indec": "420308", "provincia": "IGN" }, "geometry": { "type": "Point", "coordinates": [ -64.684216130170228, -35.067769742979237 ] } },
{ "type": "Feature", "properties": { "nombre": "Comisión Adolfo Van Praet", "tipo": "Comisión", "codigo_indec": "425007", "provincia": "IGN" }, "geometry": { "type": "Point", "coordinates": [ -64.035320073562502, -35.016672651121894 ] } },
{ "type": "Feature", "properties": { "nombre": "Municipio Alta Italia", "tipo": "Municipio", "codigo_indec": "420021", "provincia": "IGN" }, "geometry": { "type": "Point", "coordinates": [ -64.117141473400238, -35.334423692099676 ] } },
{ "type": "Feature", "properties": { "nombre": "Comisión Maisonave", "tipo": "Comisión", "codigo_indec": "425098", "provincia": "IGN" }, "geometry": { "type": "Point", "coordinates": [ -64.385912334886314, -35.04142761998861 ] } },
{ "type": "Feature", "properties": { "nombre": "Municipio Embajador Martini", "tipo": "Municipio", "codigo_indec": "420126", "provincia": "IGN" }, "geometry": { "type": "Point", "coordinates": [ -64.282766942740182, -35.387348476151203 ] } },
{ "type": "Feature", "properties": { "nombre": "Comisión Falucho", "tipo": "Comisión", "codigo_indec": "425063", "provincia": "IGN" }, "geometry": { "type": "Point", "coordinates": [ -64.107065219184506, -35.190726497429864 ] } },
{ "type": "Feature", "properties": { "nombre": "Municipio Ingeniero Luiggi", "tipo": "Municipio", "codigo_indec": "420168", "provincia": "IGN" }, "geometry": { "type": "Point", "coordinates": [ -64.467370568696765, -35.388471148424742 ] } },
{ "type": "Feature", "properties": { "nombre": "Municipio Realicó", "tipo": "Municipio", "codigo_indec": "420315", "provincia": "IGN" }, "geometry": { "type": "Point", "coordinates": [ -64.246307522274321, -35.03821437379429 ] } },
{ "type": "Feature", "properties": { "nombre": "Municipio Ataliva Roca", "tipo": "Municipio", "codigo_indec": "420042", "provincia": "IGN" }, "geometry": { "type": "Point", "coordinates": [ -64.285339598243809, -37.031809218320745 ] } },
{ "type": "Feature", "properties": { "nombre": "Municipio Metileo", "tipo": "Municipio", "codigo_indec": "420245", "provincia": "IGN" }, "geometry": { "type": "Point", "coordinates": [ -63.940631856474965, -35.774156864347788 ] } },
{ "type": "Feature", "properties": { "nombre": "Municipio Trenel", "tipo": "Municipio", "codigo_indec": "420371", "provincia": "IGN" }, "geometry": { "type": "Point", "coordinates": [ -64.133284509172711, -35.698328527739307 ] } },
{ "type": "Feature", "properties": { "nombre": "Municipio Quehué", "tipo": "Municipio", "codigo_indec": "420294", "provincia": "IGN" }, "geometry": { "type": "Point", "coordinates": [ -64.515176730022006, -37.121822349321917 ] } },
{ "type": "Feature", "properties": { "nombre": "Comisión Chacharramendi", "tipo": "Comisión", "codigo_indec": "425049", "provincia": "IGN" }, "geometry": { "type": "Point", "coordinates": [ -65.651623658505002, -37.332042541430098 ] } },
{ "type": "Feature", "properties": { "nombre": "Comisión Colonia Santa María", "tipo": "Comisión", "codigo_indec": "425028", "provincia": "IGN" }, "geometry": { "type": "Point", "coordinates": [ -64.22411675888128, -37.494790657762621 ] } },
{ "type": "Feature", "properties": { "nombre": "Municipio General Acha", "tipo": "Municipio", "codigo_indec": "420133", "provincia": "IGN" }, "geometry": { "type": "Point", "coordinates": [ -64.604218734407027, -37.378212776598332 ] } },
{ "type": "Feature", "properties": { "nombre": "Comisión Unanué", "tipo": "Comisión", "codigo_indec": "425154", "provincia": "IGN" }, "geometry": { "type": "Point", "coordinates": [ -64.351256121672634, -37.544152276606212 ] } },
{ "type": "Feature", "properties": { "nombre": "Municipio Lavalle", "tipo": "Municipio", "codigo_indec": "500056", "provincia": "IGN" }, "geometry": { "type": "Point", "coordinates": [ -68.595775723770601, -32.721449195224125 ] } },
{ "type": "Feature", "properties": { "nombre": "Municipio Mendoza", "tipo": "Municipio", "codigo_indec": "500007", "provincia": "IGN" }, "geometry": { "type": "Point", "coordinates": [ -68.844444231116313, -32.889732553314616 ] } },
{ "type": "Feature", "properties": { "nombre": "Municipio General Alvear", "tipo": "Municipio", "codigo_indec": "500014", "provincia": "IGN" }, "geometry": { "type": "Point", "coordinates": [ -67.69618280998867, -34.97747158444605 ] } },
{ "type": "Feature", "properties": { "nombre": "Municipio Godoy Cruz", "tipo": "Municipio", "codigo_indec": "500021", "provincia": "IGN" }, "geometry": { "type": "Point", "coordinates": [ -68.844281463718517, -32.925334570034352 ] } },
{ "type": "Feature", "properties": { "nombre": "Municipio Guaymallén", "tipo": "Municipio", "codigo_indec": "500028", "provincia": "IGN" }, "geometry": { "type": "Point", "coordinates": [ -68.787677631417523, -32.900052082237778 ] } },
{ "type": "Feature", "properties": { "nombre": "Municipio Junín", "tipo": "Municipio", "codigo_indec": "500035", "provincia": "IGN" }, "geometry": { "type": "Point", "coordinates": [ -68.487269073608843, -33.146531149592818 ] } },
{ "type": "Feature", "properties": { "nombre": "Municipio La Paz", "tipo": "Municipio", "codigo_indec": "500042", "provincia": "IGN" }, "geometry": { "type": "Point", "coordinates": [ -67.552276812524838, -33.461695637843377 ] } },
{ "type": "Feature", "properties": { "nombre": "Municipio Las Heras", "tipo": "Municipio", "codigo_indec": "500049", "provincia": "IGN" }, "geometry": { "type": "Point", "coordinates": [ -68.840520401795061, -32.850341601983303 ] } },
{ "type": "Feature", "properties": { "nombre": "Municipio Luján de Cuyo", "tipo": "Municipio", "codigo_indec": "500063", "provincia": "IGN" }, "geometry": { "type": "Point", "coordinates": [ -68.879552316785976, -33.03917087513571 ] } },
{ "type": "Feature", "properties": { "nombre": "Municipio Malargüe", "tipo": "Municipio", "codigo_indec": "500077", "provincia": "IGN" }, "geometry": { "type": "Point", "coordinates": [ -69.584707552211739, -35.468373997561912 ] } },
{ "type": "Feature", "properties": { "nombre": "Municipio Rivadavia", "tipo": "Municipio", "codigo_indec": "500084", "provincia": "IGN" }, "geometry": { "type": "Point", "coordinates": [ -68.465922877039077, -33.195765472098799 ] } },
{ "type": "Feature", "properties": { "nombre": "Municipio San Carlos", "tipo": "Municipio", "codigo_indec": "500091", "provincia": "IGN" }, "geometry": { "type": "Point", "coordinates": [ -69.040391527646818, -33.772066617280529 ] } },
{ "type": "Feature", "properties": { "nombre": "Municipio San Martín", "tipo": "Municipio", "codigo_indec": "500098", "provincia": "IGN" }, "geometry": { "type": "Point", "coordinates": [ -68.476247402595504, -33.08791649255204 ] } },
{ "type": "Feature", "properties": { "nombre": "Municipio San Rafael", "tipo": "Municipio", "codigo_indec": "500105", "provincia": "IGN" }, "geometry": { "type": "Point", "coordinates": [ -68.330416983656846, -34.612861378150058 ] } },
{ "type": "Feature", "properties": { "nombre": "Municipio Santa Rosa", "tipo": "Municipio", "codigo_indec": "500112", "provincia": "IGN" }, "geometry": { "type": "Point", "coordinates": [ -68.150662040820464, -33.254073838936449 ] } },
{ "type": "Feature", "properties": { "nombre": "Municipio Tunuyán", "tipo": "Municipio", "codigo_indec": "500119", "provincia": "IGN" }, "geometry": { "type": "Point", "coordinates": [ -69.015368559911053, -33.581253156408025 ] } },
{ "type": "Feature", "properties": { "nombre": "Municipio Tupungato", "tipo": "Municipio", "codigo_indec": "500126", "provincia": "IGN" }, "geometry": { "type": "Point", "coordinates": [ -69.147574285824589, -33.372840907381942 ] } },
{ "type": "Feature", "properties": { "nombre": "Municipio Albardón", "tipo": "Municipio", "codigo_indec": "700007", "provincia": "IGN" }, "geometry": { "type": "Point", "coordinates": [ -68.520386679002002, -31.439784761857254 ] } },
{ "type": "Feature", "properties": { "nombre": "Municipio Angaco", "tipo": "Municipio", "codigo_indec": "700014", "provincia": "IGN" }, "geometry": { "type": "Point", "coordinates": [ -68.403760079763856, -31.453269650773734 ] } },
{ "type": "Feature", "properties": { "nombre": "Municipio Calingasta", "tipo": "Municipio", "codigo_indec": "700021", "provincia": "IGN" }, "geometry": { "type": "Point", "coordinates": [ -69.421552694101536, -31.458098859075051 ] } },
{ "type": "Feature", "properties": { "nombre": "Municipio San Juan", "tipo": "Municipio", "codigo_indec": "700028", "provincia": "IGN" }, "geometry": { "type": "Point", "coordinates": [ -68.525017205479628, -31.53725903637536 ] } },
{ "type": "Feature", "properties": { "nombre": "Municipio Caucete", "tipo": "Municipio", "codigo_indec": "700035", "provincia": "IGN" }, "geometry": { "type": "Point", "coordinates": [ -68.281978510799604, -31.651480611041336 ] } },
{ "type": "Feature", "properties": { "nombre": "Municipio Chimbas", "tipo": "Municipio", "codigo_indec": "700042", "provincia": "IGN" }, "geometry": { "type": "Point", "coordinates": [ -68.53256518933199, -31.493266302697691 ] } },
{ "type": "Feature", "properties": { "nombre": "Municipio Iglesia", "tipo": "Municipio", "codigo_indec": "700049", "provincia": "IGN" }, "geometry": { "type": "Point", "coordinates": [ -69.131594182025822, -30.210158990744787 ] } },
{ "type": "Feature", "properties": { "nombre": "Municipio Jáchal", "tipo": "Municipio", "codigo_indec": "700056", "provincia": "IGN" }, "geometry": { "type": "Point", "coordinates": [ -68.746456478783443, -30.241746075920616 ] } },
{ "type": "Feature", "properties": { "nombre": "Municipio 9 de Julio", "tipo": "Municipio", "codigo_indec": "700063", "provincia": "IGN" }, "geometry": { "type": "Point", "coordinates": [ -68.390041709757043, -31.669750518271769 ] } },
{ "type": "Feature", "properties": { "nombre": "Municipio Pocito", "tipo": "Municipio", "codigo_indec": "700070", "provincia": "IGN" }, "geometry": { "type": "Point", "coordinates": [ -68.579413430585305, -31.658042570108478 ] } },
{ "type": "Feature", "properties": { "nombre": "Municipio Rawson", "tipo": "Municipio", "codigo_indec": "700077", "provincia": "IGN" }, "geometry": { "type": "Point", "coordinates": [ -68.542113858967355, -31.581887285869527 ] } },
{ "type": "Feature", "properties": { "nombre": "Municipio Rivadavia", "tipo": "Municipio", "codigo_indec": "700084", "provincia": "IGN" }, "geometry": { "type": "Point", "coordinates": [ -68.597140608652126, -31.532442520206075 ] } },
{ "type": "Feature", "properties": { "nombre": "Municipio San Martín", "tipo": "Municipio", "codigo_indec": "700091", "provincia": "IGN" }, "geometry": { "type": "Point", "coordinates": [ -68.350119442558196, -31.516685031888642 ] } },
{ "type": "Feature", "properties": { "nombre": "Municipio Santa Lucía", "tipo": "Municipio", "codigo_indec": "700098", "provincia": "IGN" }, "geometry": { "type": "Point", "coordinates": [ -68.497868930206948, -31.540541852324566 ] } },
{ "type": "Feature", "properties": { "nombre": "Municipio Sarmiento", "tipo": "Municipio", "codigo_indec": "700105", "provincia": "IGN" }, "geometry": { "type": "Point", "coordinates": [ -68.426672744251732, -31.981446826809588 ] } },
{ "type": "Feature", "properties": { "nombre": "Municipio Ullum", "tipo": "Municipio", "codigo_indec": "700112", "provincia": "IGN" }, "geometry": { "type": "Point", "coordinates": [ -68.737093727793251, -31.467120102410775 ] } },
{ "type": "Feature", "properties": { "nombre": "Municipio Valle Fértil", "tipo": "Municipio", "codigo_indec": "700119", "provincia": "IGN" }, "geometry": { "type": "Point", "coordinates": [ -67.467821287622314, -30.634640561312835 ] } },
{ "type": "Feature", "properties": { "nombre": "Municipio 25 de Mayo", "tipo": "Municipio", "codigo_indec": "700126", "provincia": "IGN" }, "geometry": { "type": "Point", "coordinates": [ -68.314291079969337, -31.744817771223097 ] } },
{ "type": "Feature", "properties": { "nombre": "Municipio Zonda", "tipo": "Municipio", "codigo_indec": "700133", "provincia": "IGN" }, "geometry": { "type": "Point", "coordinates": [ -68.731328593239937, -31.550210095819239 ] } },
{ "type": "Feature", "properties": { "nombre": "Comisión Leandro N. Alem", "tipo": "Comisión", "codigo_indec": "746007", "provincia": "IGN" }, "geometry": { "type": "Point", "coordinates": [ -66.053015683227159, -32.486256954095097 ] } },
{ "type": "Feature", "properties": { "nombre": "Municipio San Francisco", "tipo": "Municipio", "codigo_indec": "740028", "provincia": "IGN" }, "geometry": { "type": "Point", "coordinates": [ -66.127087551249474, -32.600346447130789 ] } },
{ "type": "Feature", "properties": { "nombre": "Municipio Candelaria", "tipo": "Municipio", "codigo_indec": "740007", "provincia": "IGN" }, "geometry": { "type": "Point", "coordinates": [ -65.824815266311475, -32.061268220751742 ] } },
{ "type": "Feature", "properties": { "nombre": "Municipio Quines", "tipo": "Municipio", "codigo_indec": "740021", "provincia": "IGN" }, "geometry": { "type": "Point", "coordinates": [ -65.805036686094127, -32.232855871501215 ] } },
{ "type": "Feature", "properties": { "nombre": "Municipio Luján", "tipo": "Municipio", "codigo_indec": "740014", "provincia": "IGN" }, "geometry": { "type": "Point", "coordinates": [ -65.933157909809665, -32.364571453409781 ] } },
{ "type": "Feature", "properties": { "nombre": "Comisión La Calera", "tipo": "Comisión", "codigo_indec": "746014", "provincia": "IGN" }, "geometry": { "type": "Point", "coordinates": [ -66.84952892911673, -32.863433166107711 ] } },
{ "type": "Feature", "properties": { "nombre": "Comisión Villa de la Quebrada", "tipo": "Comisión", "codigo_indec": "746028", "provincia": "IGN" }, "geometry": { "type": "Point", "coordinates": [ -66.288056649394832, -33.016021164644997 ] } },
{ "type": "Feature", "properties": { "nombre": "Municipio Los Manantiales", "tipo": "Municipio", "codigo_indec": "740035", "provincia": "IGN" }, "geometry": { "type": "Point", "coordinates": [ -66.450784700053816, -32.665941390982368 ] } },
{ "type": "Feature", "properties": { "nombre": "Comisión Nogolí", "tipo": "Comisión", "codigo_indec": "746021", "provincia": "IGN" }, "geometry": { "type": "Point", "coordinates": [ -66.324714580813236, -32.918667410072885 ] } },
{ "type": "Feature", "properties": { "nombre": "Municipio Estancia Grande", "tipo": "Municipio", "codigo_indec": "740038", "provincia": "IGN" }, "geometry": { "type": "Point", "coordinates": [ -66.152599472287761, -33.189597863050892 ] } },
{ "type": "Feature", "properties": { "nombre": "Comisión La Carolina", "tipo": "Comisión", "codigo_indec": "746035", "provincia": "IGN" }, "geometry": { "type": "Point", "coordinates": [ -66.091951945425876, -32.810802226541455 ] } },
{ "type": "Feature", "properties": { "nombre": "Municipio El Trapiche", "tipo": "Municipio", "codigo_indec": "740039", "provincia": "IGN" }, "geometry": { "type": "Point", "coordinates": [ -66.063069241252435, -33.10923645859566 ] } },
{ "type": "Feature", "properties": { "nombre": "Municipio La Toma", "tipo": "Municipio", "codigo_indec": "740042", "provincia": "IGN" }, "geometry": { "type": "Point", "coordinates": [ -65.621375639574069, -33.054496729340542 ] } },
{ "type": "Feature", "properties": { "nombre": "Comisión Saladillo", "tipo": "Comisión", "codigo_indec": "746063", "provincia": "IGN" }, "geometry": { "type": "Point", "coordinates": [ -65.855323756785936, -33.202471527738794 ] } },
{ "type": "Feature", "properties": { "nombre": "Comisión Fraga", "tipo": "Comisión", "codigo_indec": "746049", "provincia": "IGN" }, "geometry": { "type": "Point", "coordinates": [ -65.792647779371464, -33.50208706966248 ] } },
{ "type": "Feature", "properties": { "nombre": "Municipio Concarán", "tipo": "Municipio", "codigo_indec": "740049", "provincia": "IGN" }, "geometry": { "type": "Point", "coordinates": [ -65.244547331194326, -32.560876403123473 ] } },
{ "type": "Feature", "properties": { "nombre": "Municipio Naschel", "tipo": "Municipio", "codigo_indec": "740056", "provincia": "IGN" }, "geometry": { "type": "Point", "coordinates": [ -65.375927713293322, -32.915223032716767 ] } },
{ "type": "Feature", "properties": { "nombre": "Municipio Tilisarao", "tipo": "Municipio", "codigo_indec": "740063", "provincia": "IGN" }, "geometry": { "type": "Point", "coordinates": [ -65.291340689521178, -32.731249917849368 ] } },
{ "type": "Feature", "properties": { "nombre": "Comisión Villa del Carmen", "tipo": "Comisión", "codigo_indec": "746098", "provincia": "IGN" }, "geometry": { "type": "Point", "coordinates": [ -65.038880335558986, -32.939954661478396 ] } },
{ "type": "Feature", "properties": { "nombre": "Comisión Villa Larca", "tipo": "Comisión", "codigo_indec": "746105", "provincia": "IGN" }, "geometry": { "type": "Point", "coordinates": [ -64.981461226454371, -32.617444090772153 ] } },
{ "type": "Feature", "properties": { "nombre": "Comisión San Pablo", "tipo": "Comisión", "codigo_indec": "746091", "provincia": "IGN" }, "geometry": { "type": "Point", "coordinates": [ -65.305583690734693, -32.661195936543209 ] } },
{ "type": "Feature", "properties": { "nombre": "Comisión Cortaderas", "tipo": "Comisión", "codigo_indec": "746070", "provincia": "IGN" }, "geometry": { "type": "Point", "coordinates": [ -64.992153158341523, -32.505257530810354 ] } },
{ "type": "Feature", "properties": { "nombre": "Comisión Renca", "tipo": "Comisión", "codigo_indec": "746084", "provincia": "IGN" }, "geometry": { "type": "Point", "coordinates": [ -65.364468835068635, -32.771591331174932 ] } },
{ "type": "Feature", "properties": { "nombre": "Comisión Papagayos", "tipo": "Comisión", "codigo_indec": "746077", "provincia": "IGN" }, "geometry": { "type": "Point", "coordinates": [ -64.988949677885273, -32.675103210944371 ] } },
{ "type": "Feature", "properties": { "nombre": "Comisión Juan Jorba", "tipo": "Comisión", "codigo_indec": "746119", "provincia": "IGN" }, "geometry": { "type": "Point", "coordinates": [ -65.27218493029028, -33.613170493323537 ] } },
{ "type": "Feature", "properties": { "nombre": "Municipio Justo Daract", "tipo": "Municipio", "codigo_indec": "740070", "provincia": "IGN" }, "geometry": { "type": "Point", "coordinates": [ -65.178058414464203, -33.863374032785316 ] } },
{ "type": "Feature", "properties": { "nombre": "Comisión San José del Morro", "tipo": "Comisión", "codigo_indec": "746112", "provincia": "IGN" }, "geometry": { "type": "Point", "coordinates": [ -65.491184132441731, -33.212344138571098 ] } },
{ "type": "Feature", "properties": { "nombre": "Municipio Villa Mercedes", "tipo": "Municipio", "codigo_indec": "740077", "provincia": "IGN" }, "geometry": { "type": "Point", "coordinates": [ -65.462197779603798, -33.674470983748847 ] } },
{ "type": "Feature", "properties": { "nombre": "Comisión Juan Llerena", "tipo": "Comisión", "codigo_indec": "746126", "provincia": "IGN" }, "geometry": { "type": "Point", "coordinates": [ -65.61396095683267, -33.280768727294912 ] } },
{ "type": "Feature", "properties": { "nombre": "Comisión Lavaisse", "tipo": "Comisión", "codigo_indec": "746140", "provincia": "IGN" }, "geometry": { "type": "Point", "coordinates": [ -65.426491914570136, -33.822840925368382 ] } },
{ "type": "Feature", "properties": { "nombre": "Comisión La Punilla", "tipo": "Comisión", "codigo_indec": "746133", "provincia": "IGN" }, "geometry": { "type": "Point", "coordinates": [ -65.090057009323459, -33.143884064398037 ] } },
{ "type": "Feature", "properties": { "nombre": "Comisión Anchorena", "tipo": "Comisión", "codigo_indec": "746147", "provincia": "IGN" }, "geometry": { "type": "Point", "coordinates": [ -65.424639082727424, -35.675709553053366 ] } },
{ "type": "Feature", "properties": { "nombre": "Municipio Buena Esperanza", "tipo": "Municipio", "codigo_indec": "740084", "provincia": "IGN" }, "geometry": { "type": "Point", "coordinates": [ -65.25358920317916, -34.757888444396144 ] } },
{ "type": "Feature", "properties": { "nombre": "Comisión Fortín El Patria", "tipo": "Comisión", "codigo_indec": "746175", "provincia": "IGN" }, "geometry": { "type": "Point", "coordinates": [ -65.5227577781489, -34.772469056501734 ] } },
{ "type": "Feature", "properties": { "nombre": "Comisión Fortuna", "tipo": "Comisión", "codigo_indec": "746182", "provincia": "IGN" }, "geometry": { "type": "Point", "coordinates": [ -65.383092849455409, -35.130700427282875 ] } },
{ "type": "Feature", "properties": { "nombre": "Comisión Nueva Galia", "tipo": "Comisión", "codigo_indec": "746196", "provincia": "IGN" }, "geometry": { "type": "Point", "coordinates": [ -65.258733995277623, -35.115181075845953 ] } },
{ "type": "Feature", "properties": { "nombre": "Municipio Unión", "tipo": "Municipio", "codigo_indec": "740091", "provincia": "IGN" }, "geometry": { "type": "Point", "coordinates": [ -65.946151682554046, -35.153783081623885 ] } },
{ "type": "Feature", "properties": { "nombre": "Comisión Navia", "tipo": "Comisión", "codigo_indec": "746189", "provincia": "IGN" }, "geometry": { "type": "Point", "coordinates": [ -66.586441831525292, -34.774862984339222 ] } },
{ "type": "Feature", "properties": { "nombre": "Comisión Batavia", "tipo": "Comisión", "codigo_indec": "746168", "provincia": "IGN" }, "geometry": { "type": "Point", "coordinates": [ -65.690048960091417, -34.778346252877213 ] } },
{ "type": "Feature", "properties": { "nombre": "Comisión Bagual", "tipo": "Comisión", "codigo_indec": "746161", "provincia": "IGN" }, "geometry": { "type": "Point", "coordinates": [ -65.569883169772424, -35.143044624210006 ] } },
{ "type": "Feature", "properties": { "nombre": "Comisión Arizona", "tipo": "Comisión", "codigo_indec": "746154", "provincia": "IGN" }, "geometry": { "type": "Point", "coordinates": [ -65.320487582136138, -35.725078490579847 ] } },
{ "type": "Feature", "properties": { "nombre": "Municipio Villa de Merlo", "tipo": "Municipio", "codigo_indec": "740105", "provincia": "IGN" }, "geometry": { "type": "Point", "coordinates": [ -65.013732533829341, -32.342635139699894 ] } },
{ "type": "Feature", "properties": { "nombre": "Municipio Carpintería", "tipo": "Municipio", "codigo_indec": "740095", "provincia": "IGN" }, "geometry": { "type": "Point", "coordinates": [ -65.009919408353994, -32.410102688788015 ] } },
{ "type": "Feature", "properties": { "nombre": "Comisión Lafinur", "tipo": "Comisión", "codigo_indec": "746210", "provincia": "IGN" }, "geometry": { "type": "Point", "coordinates": [ -65.350141542198401, -32.062581974678324 ] } },
{ "type": "Feature", "properties": { "nombre": "Comisión Los Molles", "tipo": "Comisión", "codigo_indec": "746217", "provincia": "IGN" }, "geometry": { "type": "Point", "coordinates": [ -65.009762200565092, -32.438599751976938 ] } },
{ "type": "Feature", "properties": { "nombre": "Comisión Talita", "tipo": "Comisión", "codigo_indec": "746224", "provincia": "IGN" }, "geometry": { "type": "Point", "coordinates": [ -65.583238234356998, -32.248952356565951 ] } },
{ "type": "Feature", "properties": { "nombre": "Municipio Santa Rosa", "tipo": "Municipio", "codigo_indec": "740098", "provincia": "IGN" }, "geometry": { "type": "Point", "coordinates": [ -65.208905897189368, -32.342833347580893 ] } },
{ "type": "Feature", "properties": { "nombre": "Municipio Potrero de los Funes", "tipo": "Municipio", "codigo_indec": "740130", "provincia": "IGN" }, "geometry": { "type": "Point", "coordinates": [ -66.23126958472352, -33.21739819267242 ] } },
{ "type": "Feature", "properties": { "nombre": "Comisión Alto Pelado", "tipo": "Comisión", "codigo_indec": "746231", "provincia": "IGN" }, "geometry": { "type": "Point", "coordinates": [ -66.139073339562913, -33.837028822422155 ] } },
{ "type": "Feature", "properties": { "nombre": "Municipio San Luis", "tipo": "Municipio", "codigo_indec": "740133", "provincia": "IGN" }, "geometry": { "type": "Point", "coordinates": [ -66.336854573179949, -33.302086482804896 ] } },
{ "type": "Feature", "properties": { "nombre": "Municipio Desaguadero", "tipo": "Municipio", "codigo_indec": "740108", "provincia": "IGN" }, "geometry": { "type": "Point", "coordinates": [ -67.149399438733099, -33.406008871212407 ] } },
{ "type": "Feature", "properties": { "nombre": "Comisión Zanjitas", "tipo": "Comisión", "codigo_indec": "746280", "provincia": "IGN" }, "geometry": { "type": "Point", "coordinates": [ -66.415049043178783, -33.804980729477052 ] } },
{ "type": "Feature", "properties": { "nombre": "Comisión San Jerónimo", "tipo": "Comisión", "codigo_indec": "746273", "provincia": "IGN" }, "geometry": { "type": "Point", "coordinates": [ -66.524025634075713, -33.138049292640687 ] } },
{ "type": "Feature", "properties": { "nombre": "Municipio La Punta", "tipo": "Municipio", "codigo_indec": "740126", "provincia": "IGN" }, "geometry": { "type": "Point", "coordinates": [ -66.312480949236374, -33.183675135798808 ] } },
{ "type": "Feature", "properties": { "nombre": "Municipio El Volcán", "tipo": "Municipio", "codigo_indec": "740112", "provincia": "IGN" }, "geometry": { "type": "Point", "coordinates": [ -66.175161304950223, -33.253100146554459 ] } },
{ "type": "Feature", "properties": { "nombre": "Municipio Juana Koslay", "tipo": "Municipio", "codigo_indec": "740119", "provincia": "IGN" }, "geometry": { "type": "Point", "coordinates": [ -66.266635976369173, -33.288899330639538 ] } },
{ "type": "Feature", "properties": { "nombre": "Comisión Beazley", "tipo": "Comisión", "codigo_indec": "746252", "provincia": "IGN" }, "geometry": { "type": "Point", "coordinates": [ -66.644679129438259, -33.757483866587108 ] } },
{ "type": "Feature", "properties": { "nombre": "Comisión Balde", "tipo": "Comisión", "codigo_indec": "746245", "provincia": "IGN" }, "geometry": { "type": "Point", "coordinates": [ -66.621697262118914, -33.341055433561394 ] } },
{ "type": "Feature", "properties": { "nombre": "Comisión Alto Pencoso", "tipo": "Comisión", "codigo_indec": "746238", "provincia": "IGN" }, "geometry": { "type": "Point", "coordinates": [ -66.925942940214497, -33.432932477851523 ] } },
{ "type": "Feature", "properties": { "nombre": "Comisión Villa de Praga", "tipo": "Comisión", "codigo_indec": "746322", "provincia": "IGN" }, "geometry": { "type": "Point", "coordinates": [ -65.645859860344217, -32.533336698829544 ] } },
{ "type": "Feature", "properties": { "nombre": "Comisión Las Aguadas", "tipo": "Comisión", "codigo_indec": "746294", "provincia": "IGN" }, "geometry": { "type": "Point", "coordinates": [ -65.501135013969702, -32.375884352780588 ] } },
{ "type": "Feature", "properties": { "nombre": "Municipio San Martín", "tipo": "Municipio", "codigo_indec": "740140", "provincia": "IGN" }, "geometry": { "type": "Point", "coordinates": [ -65.675711641578971, -32.410603795528687 ] } },
{ "type": "Feature", "properties": { "nombre": "Comisión Paso Grande", "tipo": "Comisión", "codigo_indec": "746315", "provincia": "IGN" }, "geometry": { "type": "Point", "coordinates": [ -65.635054991594529, -32.87732241000117 ] } },
{ "type": "Feature", "properties": { "nombre": "Comuna Villa San José", "tipo": "Comuna", "codigo_indec": "822392", "provincia": "IGN" }, "geometry": { "type": "Point", "coordinates": [ -61.621579192026047, -31.336665807980637 ] } },
{ "type": "Feature", "properties": { "nombre": "Comisión La Vertiente", "tipo": "Comisión", "codigo_indec": "746287", "provincia": "IGN" }, "geometry": { "type": "Point", "coordinates": [ -65.756295300887359, -32.797109364005905 ] } },
{ "type": "Feature", "properties": { "nombre": "Comisión Las Lagunas", "tipo": "Comisión", "codigo_indec": "746308", "provincia": "IGN" }, "geometry": { "type": "Point", "coordinates": [ -65.548598128001174, -32.628058077518233 ] } },
{ "type": "Feature", "properties": { "nombre": "Comisión Las Chacras", "tipo": "Comisión", "codigo_indec": "746301", "provincia": "IGN" }, "geometry": { "type": "Point", "coordinates": [ -65.776902296104026, -32.562538171299536 ] } },
{ "type": "Feature", "properties": { "nombre": "Municipio Las Rosas", "tipo": "Municipio", "codigo_indec": "820021", "provincia": "IGN" }, "geometry": { "type": "Point", "coordinates": [ -61.576508166718497, -32.475050872599638 ] } },
{ "type": "Feature", "properties": { "nombre": "Comuna Montes de Oca", "tipo": "Comuna", "codigo_indec": "822014", "provincia": "IGN" }, "geometry": { "type": "Point", "coordinates": [ -61.768458636856565, -32.56637980168648 ] } },
{ "type": "Feature", "properties": { "nombre": "Municipio Armstrong", "tipo": "Municipio", "codigo_indec": "820007", "provincia": "IGN" }, "geometry": { "type": "Point", "coordinates": [ -61.603309914321073, -32.785289070733995 ] } },
{ "type": "Feature", "properties": { "nombre": "Municipio Las Parejas", "tipo": "Municipio", "codigo_indec": "820014", "provincia": "IGN" }, "geometry": { "type": "Point", "coordinates": [ -61.522449016508858, -32.682949857849621 ] } },
{ "type": "Feature", "properties": { "nombre": "Comuna Tortugas", "tipo": "Comuna", "codigo_indec": "822021", "provincia": "IGN" }, "geometry": { "type": "Point", "coordinates": [ -61.820988328948204, -32.74739701406088 ] } },
{ "type": "Feature", "properties": { "nombre": "Comuna Bouquet", "tipo": "Comuna", "codigo_indec": "822007", "provincia": "IGN" }, "geometry": { "type": "Point", "coordinates": [ -61.889736059371614, -32.423631502391856 ] } },
{ "type": "Feature", "properties": { "nombre": "Comuna Arequito", "tipo": "Comuna", "codigo_indec": "822028", "provincia": "IGN" }, "geometry": { "type": "Point", "coordinates": [ -61.469507176814716, -33.144800394422646 ] } },
{ "type": "Feature", "properties": { "nombre": "Comuna Berabevú", "tipo": "Comuna", "codigo_indec": "822042", "provincia": "IGN" }, "geometry": { "type": "Point", "coordinates": [ -61.862092192001001, -33.340843122512069 ] } },
{ "type": "Feature", "properties": { "nombre": "Municipio Casilda", "tipo": "Municipio", "codigo_indec": "820028", "provincia": "IGN" }, "geometry": { "type": "Point", "coordinates": [ -61.164201090108179, -33.044697647978012 ] } },
{ "type": "Feature", "properties": { "nombre": "Comuna Los Molinos", "tipo": "Comuna", "codigo_indec": "822077", "provincia": "IGN" }, "geometry": { "type": "Point", "coordinates": [ -61.325564050840228, -33.104479546793584 ] } },
{ "type": "Feature", "properties": { "nombre": "Comuna San José de la Esquina", "tipo": "Comuna", "codigo_indec": "822091", "provincia": "IGN" }, "geometry": { "type": "Point", "coordinates": [ -61.702663115410417, -33.112279904693821 ] } },
{ "type": "Feature", "properties": { "nombre": "Comuna Los Quirquinchos", "tipo": "Comuna", "codigo_indec": "822084", "provincia": "IGN" }, "geometry": { "type": "Point", "coordinates": [ -61.710492009698442, -33.37485948157979 ] } },
{ "type": "Feature", "properties": { "nombre": "Comuna Sanford", "tipo": "Comuna", "codigo_indec": "822098", "provincia": "IGN" }, "geometry": { "type": "Point", "coordinates": [ -61.277200092210421, -33.145987902419733 ] } },
{ "type": "Feature", "properties": { "nombre": "Comuna Arteaga", "tipo": "Comuna", "codigo_indec": "822035", "provincia": "IGN" }, "geometry": { "type": "Point", "coordinates": [ -61.792011233731387, -33.092681660130495 ] } },
{ "type": "Feature", "properties": { "nombre": "Comuna Villada", "tipo": "Comuna", "codigo_indec": "822105", "provincia": "IGN" }, "geometry": { "type": "Point", "coordinates": [ -61.446620317473617, -33.348849210222852 ] } },
{ "type": "Feature", "properties": { "nombre": "Comuna Gödeken", "tipo": "Comuna", "codigo_indec": "822070", "provincia": "IGN" }, "geometry": { "type": "Point", "coordinates": [ -61.844338894924022, -33.400368607525195 ] } },
{ "type": "Feature", "properties": { "nombre": "Comuna Bigand", "tipo": "Comuna", "codigo_indec": "822049", "provincia": "IGN" }, "geometry": { "type": "Point", "coordinates": [ -61.184746848688064, -33.374036671155409 ] } },
{ "type": "Feature", "properties": { "nombre": "Comuna Chañar Ladeado", "tipo": "Comuna", "codigo_indec": "822063", "provincia": "IGN" }, "geometry": { "type": "Point", "coordinates": [ -62.035232168829509, -33.326168499776372 ] } },
{ "type": "Feature", "properties": { "nombre": "Comuna Chabas", "tipo": "Comuna", "codigo_indec": "822056", "provincia": "IGN" }, "geometry": { "type": "Point", "coordinates": [ -61.358851824152339, -33.245840043782948 ] } },
{ "type": "Feature", "properties": { "nombre": "Comuna Colonia Raquel", "tipo": "Comuna", "codigo_indec": "822196", "provincia": "IGN" }, "geometry": { "type": "Point", "coordinates": [ -61.488042997386401, -30.836834428266229 ] } },
{ "type": "Feature", "properties": { "nombre": "Comuna Zenón Pereyra", "tipo": "Comuna", "codigo_indec": "822406", "provincia": "IGN" }, "geometry": { "type": "Point", "coordinates": [ -61.896236274584339, -31.560095315146611 ] } },
{ "type": "Feature", "properties": { "nombre": "Comuna Saguier", "tipo": "Comuna", "codigo_indec": "822336", "provincia": "IGN" }, "geometry": { "type": "Point", "coordinates": [ -61.696209027324699, -31.316273169770909 ] } },
{ "type": "Feature", "properties": { "nombre": "Comuna Eustolia", "tipo": "Comuna", "codigo_indec": "822238", "provincia": "IGN" }, "geometry": { "type": "Point", "coordinates": [ -61.783534187252883, -31.576622654611754 ] } },
{ "type": "Feature", "properties": { "nombre": "Comuna Garibaldi", "tipo": "Comuna", "codigo_indec": "822259", "provincia": "IGN" }, "geometry": { "type": "Point", "coordinates": [ -61.805867844825116, -31.649452584968799 ] } },
{ "type": "Feature", "properties": { "nombre": "Comuna Ataliva", "tipo": "Comuna", "codigo_indec": "822119", "provincia": "IGN" }, "geometry": { "type": "Point", "coordinates": [ -61.431909256906636, -30.996267611161272 ] } },
{ "type": "Feature", "properties": { "nombre": "Comuna Bella Italia", "tipo": "Comuna", "codigo_indec": "822140", "provincia": "IGN" }, "geometry": { "type": "Point", "coordinates": [ -61.409257777124651, -31.283208041617797 ] } },
{ "type": "Feature", "properties": { "nombre": "Comuna Vila", "tipo": "Comuna", "codigo_indec": "822385", "provincia": "IGN" }, "geometry": { "type": "Point", "coordinates": [ -61.832903433246827, -31.190530472103546 ] } },
{ "type": "Feature", "properties": { "nombre": "Comuna Esmeralda", "tipo": "Comuna", "codigo_indec": "822217", "provincia": "IGN" }, "geometry": { "type": "Point", "coordinates": [ -61.932872239162464, -31.612968990726301 ] } },
{ "type": "Feature", "properties": { "nombre": "Comuna Tacural", "tipo": "Comuna", "codigo_indec": "822371", "provincia": "IGN" }, "geometry": { "type": "Point", "coordinates": [ -61.591748950453677, -30.846265296606134 ] } },
{ "type": "Feature", "properties": { "nombre": "Comuna Josefina", "tipo": "Comuna", "codigo_indec": "822280", "provincia": "IGN" }, "geometry": { "type": "Point", "coordinates": [ -61.991956193023839, -31.406301896815023 ] } },
{ "type": "Feature", "properties": { "nombre": "Comuna María Juana", "tipo": "Comuna", "codigo_indec": "822294", "provincia": "IGN" }, "geometry": { "type": "Point", "coordinates": [ -61.751679502506988, -31.675608219143953 ] } },
{ "type": "Feature", "properties": { "nombre": "Comuna Plaza Clucellas", "tipo": "Comuna", "codigo_indec": "822308", "provincia": "IGN" }, "geometry": { "type": "Point", "coordinates": [ -61.70678334227739, -31.452680946468433 ] } },
{ "type": "Feature", "properties": { "nombre": "Comuna San Antonio", "tipo": "Comuna", "codigo_indec": "822343", "provincia": "IGN" }, "geometry": { "type": "Point", "coordinates": [ -61.724745118392434, -31.212319674713171 ] } },
{ "type": "Feature", "properties": { "nombre": "Comuna Susana", "tipo": "Comuna", "codigo_indec": "822364", "provincia": "IGN" }, "geometry": { "type": "Point", "coordinates": [ -61.515779945488077, -31.355760049986259 ] } },
{ "type": "Feature", "properties": { "nombre": "Municipio Frontera", "tipo": "Municipio", "codigo_indec": "820035", "provincia": "IGN" }, "geometry": { "type": "Point", "coordinates": [ -62.026242839735232, -31.440752582565608 ] } },
{ "type": "Feature", "properties": { "nombre": "Comuna Virginia", "tipo": "Comuna", "codigo_indec": "822399", "provincia": "IGN" }, "geometry": { "type": "Point", "coordinates": [ -61.340126291595027, -30.739500559503199 ] } },
{ "type": "Feature", "properties": { "nombre": "Comuna Lehmann", "tipo": "Comuna", "codigo_indec": "822287", "provincia": "IGN" }, "geometry": { "type": "Point", "coordinates": [ -61.452378575810599, -31.125373024145688 ] } },
{ "type": "Feature", "properties": { "nombre": "Municipio Rafaela", "tipo": "Municipio", "codigo_indec": "820042", "provincia": "IGN" }, "geometry": { "type": "Point", "coordinates": [ -61.491661559932993, -31.252667533479837 ] } },
{ "type": "Feature", "properties": { "nombre": "Comuna Ramona", "tipo": "Comuna", "codigo_indec": "822329", "provincia": "IGN" }, "geometry": { "type": "Point", "coordinates": [ -61.902472286067109, -31.091856395855928 ] } },
{ "type": "Feature", "properties": { "nombre": "Municipio San Vicente", "tipo": "Municipio", "codigo_indec": "820045", "provincia": "IGN" }, "geometry": { "type": "Point", "coordinates": [ -61.567374013499887, -31.699160361861175 ] } },
{ "type": "Feature", "properties": { "nombre": "Comuna Pueblo Marini", "tipo": "Comuna", "codigo_indec": "822322", "provincia": "IGN" }, "geometry": { "type": "Point", "coordinates": [ -61.889382019664424, -31.038725664357855 ] } },
{ "type": "Feature", "properties": { "nombre": "Comuna Presidente Roca", "tipo": "Comuna", "codigo_indec": "822315", "provincia": "IGN" }, "geometry": { "type": "Point", "coordinates": [ -61.61352242212206, -31.21217610874038 ] } },
{ "type": "Feature", "properties": { "nombre": "Comuna Humberto Primo", "tipo": "Comuna", "codigo_indec": "822273", "provincia": "IGN" }, "geometry": { "type": "Point", "coordinates": [ -61.347942837292067, -30.868332801617441 ] } },
{ "type": "Feature", "properties": { "nombre": "Comuna Castellanos", "tipo": "Comuna", "codigo_indec": "822168", "provincia": "IGN" }, "geometry": { "type": "Point", "coordinates": [ -61.724231167534299, -31.208859370363598 ] } },
{ "type": "Feature", "properties": { "nombre": "Comuna Eusebia y Carolina", "tipo": "Comuna", "codigo_indec": "822231", "provincia": "IGN" }, "geometry": { "type": "Point", "coordinates": [ -61.856075857015128, -30.947727782011498 ] } },
{ "type": "Feature", "properties": { "nombre": "Comuna Egusquiza", "tipo": "Comuna", "codigo_indec": "822210", "provincia": "IGN" }, "geometry": { "type": "Point", "coordinates": [ -61.627924812879769, -31.095454412491108 ] } },
{ "type": "Feature", "properties": { "nombre": "Comuna Colonia Bicha", "tipo": "Comuna", "codigo_indec": "822154", "provincia": "IGN" }, "geometry": { "type": "Point", "coordinates": [ -61.849535458294724, -30.854129552236998 ] } },
{ "type": "Feature", "properties": { "nombre": "Comuna Estación Clucellas", "tipo": "Comuna", "codigo_indec": "822224", "provincia": "IGN" }, "geometry": { "type": "Point", "coordinates": [ -61.718355132183547, -31.524108222216626 ] } },
{ "type": "Feature", "properties": { "nombre": "Comuna Colonia Cello", "tipo": "Comuna", "codigo_indec": "822175", "provincia": "IGN" }, "geometry": { "type": "Point", "coordinates": [ -61.841375042424204, -31.43212879910476 ] } },
{ "type": "Feature", "properties": { "nombre": "Comuna Coronel Fraga", "tipo": "Comuna", "codigo_indec": "822203", "provincia": "IGN" }, "geometry": { "type": "Point", "coordinates": [ -61.917483026820207, -31.174469175711863 ] } },
{ "type": "Feature", "properties": { "nombre": "Comuna Colonia Margarita", "tipo": "Comuna", "codigo_indec": "822189", "provincia": "IGN" }, "geometry": { "type": "Point", "coordinates": [ -61.647722614307156, -31.685992474972693 ] } },
{ "type": "Feature", "properties": { "nombre": "Comuna Bauer y Sigel", "tipo": "Comuna", "codigo_indec": "822133", "provincia": "IGN" }, "geometry": { "type": "Point", "coordinates": [ -61.943017604478825, -31.271558704070912 ] } },
{ "type": "Feature", "properties": { "nombre": "Comuna Colonia Aldao", "tipo": "Comuna", "codigo_indec": "822147", "provincia": "IGN" }, "geometry": { "type": "Point", "coordinates": [ -61.743253033001054, -30.980576882217292 ] } },
{ "type": "Feature", "properties": { "nombre": "Comuna Angélica", "tipo": "Comuna", "codigo_indec": "822112", "provincia": "IGN" }, "geometry": { "type": "Point", "coordinates": [ -61.546338554280794, -31.550731816819848 ] } },
{ "type": "Feature", "properties": { "nombre": "Comuna Aurelia", "tipo": "Comuna", "codigo_indec": "822126", "provincia": "IGN" }, "geometry": { "type": "Point", "coordinates": [ -61.422461823054675, -31.419651195845972 ] } },
{ "type": "Feature", "properties": { "nombre": "Municipio Sunchales", "tipo": "Municipio", "codigo_indec": "820049", "provincia": "IGN" }, "geometry": { "type": "Point", "coordinates": [ -61.56066213924629, -30.945077033877965 ] } },
{ "type": "Feature", "properties": { "nombre": "Comuna Santa Clara de Saguier", "tipo": "Comuna", "codigo_indec": "822357", "provincia": "IGN" }, "geometry": { "type": "Point", "coordinates": [ -61.817838485857408, -31.335748808860387 ] } },
{ "type": "Feature", "properties": { "nombre": "Comuna Pavón", "tipo": "Comuna", "codigo_indec": "822490", "provincia": "IGN" }, "geometry": { "type": "Point", "coordinates": [ -60.40711241490601, -33.242900661836018 ] } },
{ "type": "Feature", "properties": { "nombre": "Comuna Máximo Paz", "tipo": "Comuna", "codigo_indec": "822483", "provincia": "IGN" }, "geometry": { "type": "Point", "coordinates": [ -60.956104819681627, -33.4831775043383 ] } },
{ "type": "Feature", "properties": { "nombre": "Comuna Juan B. Molina", "tipo": "Comuna", "codigo_indec": "822462", "provincia": "IGN" }, "geometry": { "type": "Point", "coordinates": [ -60.510784435653136, -33.493837218912461 ] } },
{ "type": "Feature", "properties": { "nombre": "Comuna La Vanguardia", "tipo": "Comuna", "codigo_indec": "822476", "provincia": "IGN" }, "geometry": { "type": "Point", "coordinates": [ -60.657374547897007, -33.357997655467386 ] } },
{ "type": "Feature", "properties": { "nombre": "Comuna Alcorta", "tipo": "Comuna", "codigo_indec": "822413", "provincia": "IGN" }, "geometry": { "type": "Point", "coordinates": [ -61.123927906547635, -33.538178108932527 ] } },
{ "type": "Feature", "properties": { "nombre": "Comuna Cañada Rica", "tipo": "Comuna", "codigo_indec": "822427", "provincia": "IGN" }, "geometry": { "type": "Point", "coordinates": [ -60.610105145136288, -33.516017756114536 ] } },
{ "type": "Feature", "properties": { "nombre": "Comuna General Gelly", "tipo": "Comuna", "codigo_indec": "822448", "provincia": "IGN" }, "geometry": { "type": "Point", "coordinates": [ -60.597913975949211, -33.600176274515434 ] } },
{ "type": "Feature", "properties": { "nombre": "Comuna Peyrano", "tipo": "Comuna", "codigo_indec": "822504", "provincia": "IGN" }, "geometry": { "type": "Point", "coordinates": [ -60.799718206230182, -33.537779915210876 ] } },
{ "type": "Feature", "properties": { "nombre": "Comuna Alvear", "tipo": "Comuna", "codigo_indec": "823372", "provincia": "IGN" }, "geometry": { "type": "Point", "coordinates": [ -60.619843473697301, -33.057841174930218 ] } },
{ "type": "Feature", "properties": { "nombre": "Comuna Empalme Villa Constitución", "tipo": "Comuna", "codigo_indec": "822441", "provincia": "IGN" }, "geometry": { "type": "Point", "coordinates": [ -60.379604725577565, -33.261169076191891 ] } },
{ "type": "Feature", "properties": { "nombre": "Comuna Bombal", "tipo": "Comuna", "codigo_indec": "822420", "provincia": "IGN" }, "geometry": { "type": "Point", "coordinates": [ -61.318211540929838, -33.457974956379076 ] } },
{ "type": "Feature", "properties": { "nombre": "Comuna Godoy", "tipo": "Comuna", "codigo_indec": "822455", "provincia": "IGN" }, "geometry": { "type": "Point", "coordinates": [ -60.509301699114076, -33.367191002063066 ] } },
{ "type": "Feature", "properties": { "nombre": "Municipio Firmat", "tipo": "Municipio", "codigo_indec": "820063", "provincia": "IGN" }, "geometry": { "type": "Point", "coordinates": [ -61.486210357122218, -33.458143516310201 ] } },
{ "type": "Feature", "properties": { "nombre": "Comuna Cepeda", "tipo": "Comuna", "codigo_indec": "822434", "provincia": "IGN" }, "geometry": { "type": "Point", "coordinates": [ -60.623914906947334, -33.398178837483329 ] } },
{ "type": "Feature", "properties": { "nombre": "Comuna Juncal", "tipo": "Comuna", "codigo_indec": "822469", "provincia": "IGN" }, "geometry": { "type": "Point", "coordinates": [ -61.050912151974217, -33.716280363148201 ] } },
{ "type": "Feature", "properties": { "nombre": "Municipio Villa Constitución", "tipo": "Municipio", "codigo_indec": "820056", "provincia": "IGN" }, "geometry": { "type": "Point", "coordinates": [ -60.329749816900517, -33.227270028289126 ] } },
{ "type": "Feature", "properties": { "nombre": "Comuna Theobald", "tipo": "Comuna", "codigo_indec": "822532", "provincia": "IGN" }, "geometry": { "type": "Point", "coordinates": [ -60.312373214352306, -33.310977361316134 ] } },
{ "type": "Feature", "properties": { "nombre": "Comuna Sargento Cabral", "tipo": "Comuna", "codigo_indec": "822525", "provincia": "IGN" }, "geometry": { "type": "Point", "coordinates": [ -60.629286565622465, -33.43133492576618 ] } },
{ "type": "Feature", "properties": { "nombre": "Comuna Santa Teresa", "tipo": "Comuna", "codigo_indec": "822518", "provincia": "IGN" }, "geometry": { "type": "Point", "coordinates": [ -60.790487548561487, -33.436646694988951 ] } },
{ "type": "Feature", "properties": { "nombre": "Comuna Rueda", "tipo": "Comuna", "codigo_indec": "822511", "provincia": "IGN" }, "geometry": { "type": "Point", "coordinates": [ -60.458780718355399, -33.335935157881181 ] } },
{ "type": "Feature", "properties": { "nombre": "Comuna Pavón Arriba", "tipo": "Comuna", "codigo_indec": "822497", "provincia": "IGN" }, "geometry": { "type": "Point", "coordinates": [ -60.824298558231817, -33.311588517196242 ] } },
{ "type": "Feature", "properties": { "nombre": "Comuna Helvecia", "tipo": "Comuna", "codigo_indec": "822553", "provincia": "IGN" }, "geometry": { "type": "Point", "coordinates": [ -60.088892156247994, -31.102358366645262 ] } },
{ "type": "Feature", "properties": { "nombre": "Comuna Santa Rosa de Calchines", "tipo": "Comuna", "codigo_indec": "822567", "provincia": "IGN" }, "geometry": { "type": "Point", "coordinates": [ -60.332683107739172, -31.420386333162696 ] } },
{ "type": "Feature", "properties": { "nombre": "Comuna Cayastá", "tipo": "Comuna", "codigo_indec": "822539", "provincia": "IGN" }, "geometry": { "type": "Point", "coordinates": [ -60.159353791244428, -31.200750661014126 ] } },
{ "type": "Feature", "properties": { "nombre": "Comuna Saladero Mariano Cabal", "tipo": "Comuna", "codigo_indec": "822560", "provincia": "IGN" }, "geometry": { "type": "Point", "coordinates": [ -60.035242547405574, -30.880605098646356 ] } },
{ "type": "Feature", "properties": { "nombre": "Comuna Murphy", "tipo": "Comuna", "codigo_indec": "822707", "provincia": "IGN" }, "geometry": { "type": "Point", "coordinates": [ -61.8583359216654, -33.642297777120689 ] } },
{ "type": "Feature", "properties": { "nombre": "Comuna Maggiolo", "tipo": "Comuna", "codigo_indec": "822679", "provincia": "IGN" }, "geometry": { "type": "Point", "coordinates": [ -62.246247828374521, -33.721098211213416 ] } },
{ "type": "Feature", "properties": { "nombre": "Comuna Miguel Torres", "tipo": "Comuna", "codigo_indec": "822700", "provincia": "IGN" }, "geometry": { "type": "Point", "coordinates": [ -61.465872690871947, -33.526461652283388 ] } },
{ "type": "Feature", "properties": { "nombre": "Comuna San Francisco de Santa Fe", "tipo": "Comuna", "codigo_indec": "822721", "provincia": "IGN" }, "geometry": { "type": "Point", "coordinates": [ -62.123902236998617, -33.588495306013499 ] } },
{ "type": "Feature", "properties": { "nombre": "Comuna Cañada del Ucle", "tipo": "Comuna", "codigo_indec": "822595", "provincia": "IGN" }, "geometry": { "type": "Point", "coordinates": [ -61.605596606098459, -33.409466929954817 ] } },
{ "type": "Feature", "properties": { "nombre": "Comuna Amenábar", "tipo": "Comuna", "codigo_indec": "822581", "provincia": "IGN" }, "geometry": { "type": "Point", "coordinates": [ -62.423387872752073, -34.133577974743673 ] } },
{ "type": "Feature", "properties": { "nombre": "Comuna Chovet", "tipo": "Comuna", "codigo_indec": "822623", "provincia": "IGN" }, "geometry": { "type": "Point", "coordinates": [ -61.60395710603558, -33.598994050934664 ] } },
{ "type": "Feature", "properties": { "nombre": "Comuna Lazzarino", "tipo": "Comuna", "codigo_indec": "822672", "provincia": "IGN" }, "geometry": { "type": "Point", "coordinates": [ -62.428120908453138, -34.165463773334409 ] } },
{ "type": "Feature", "properties": { "nombre": "Comuna Aarón Castellanos", "tipo": "Comuna", "codigo_indec": "822574", "provincia": "IGN" }, "geometry": { "type": "Point", "coordinates": [ -62.374082125189886, -34.332785549313598 ] } },
{ "type": "Feature", "properties": { "nombre": "Comuna Carreras", "tipo": "Comuna", "codigo_indec": "822609", "provincia": "IGN" }, "geometry": { "type": "Point", "coordinates": [ -61.310948717709095, -33.596144928545584 ] } },
{ "type": "Feature", "properties": { "nombre": "Comuna Cafferata", "tipo": "Comuna", "codigo_indec": "822588", "provincia": "IGN" }, "geometry": { "type": "Point", "coordinates": [ -62.086187732577741, -33.439537232057546 ] } },
{ "type": "Feature", "properties": { "nombre": "Comuna Chapuy", "tipo": "Comuna", "codigo_indec": "822616", "provincia": "IGN" }, "geometry": { "type": "Point", "coordinates": [ -61.744313848105548, -33.800710184527361 ] } },
{ "type": "Feature", "properties": { "nombre": "Comuna La Chispa", "tipo": "Comuna", "codigo_indec": "822658", "provincia": "IGN" }, "geometry": { "type": "Point", "coordinates": [ -61.974064050515494, -33.544204558593435 ] } },
{ "type": "Feature", "properties": { "nombre": "Municipio Venado Tuerto", "tipo": "Municipio", "codigo_indec": "820077", "provincia": "IGN" }, "geometry": { "type": "Point", "coordinates": [ -61.968733525032121, -33.745499156560811 ] } },
{ "type": "Feature", "properties": { "nombre": "Comuna Elortondo", "tipo": "Comuna", "codigo_indec": "822644", "provincia": "IGN" }, "geometry": { "type": "Point", "coordinates": [ -61.615057959657065, -33.701983717374617 ] } },
{ "type": "Feature", "properties": { "nombre": "Comuna Diego de Alvear", "tipo": "Comuna", "codigo_indec": "822637", "provincia": "IGN" }, "geometry": { "type": "Point", "coordinates": [ -62.128215945809188, -34.372650342639133 ] } },
{ "type": "Feature", "properties": { "nombre": "Comuna Hughes", "tipo": "Comuna", "codigo_indec": "822651", "provincia": "IGN" }, "geometry": { "type": "Point", "coordinates": [ -61.336133208180968, -33.801201181089596 ] } },
{ "type": "Feature", "properties": { "nombre": "Comuna Labordeboy", "tipo": "Comuna", "codigo_indec": "822665", "provincia": "IGN" }, "geometry": { "type": "Point", "coordinates": [ -61.314076468054509, -33.717646027741921 ] } },
{ "type": "Feature", "properties": { "nombre": "Comuna Carmen", "tipo": "Comuna", "codigo_indec": "822602", "provincia": "IGN" }, "geometry": { "type": "Point", "coordinates": [ -61.762269601460901, -33.730339413433114 ] } },
{ "type": "Feature", "properties": { "nombre": "Municipio Rufino", "tipo": "Municipio", "codigo_indec": "820070", "provincia": "IGN" }, "geometry": { "type": "Point", "coordinates": [ -62.711066603440941, -34.261872817976098 ] } },
{ "type": "Feature", "properties": { "nombre": "Comuna Melincué", "tipo": "Comuna", "codigo_indec": "822693", "provincia": "IGN" }, "geometry": { "type": "Point", "coordinates": [ -61.456990114901828, -33.661143445613504 ] } },
{ "type": "Feature", "properties": { "nombre": "Comuna María Teresa", "tipo": "Comuna", "codigo_indec": "822686", "provincia": "IGN" }, "geometry": { "type": "Point", "coordinates": [ -61.914752001603574, -34.012721949358422 ] } },
{ "type": "Feature", "properties": { "nombre": "Comuna Christophersen", "tipo": "Comuna", "codigo_indec": "822630", "provincia": "IGN" }, "geometry": { "type": "Point", "coordinates": [ -62.025962262948042, -34.183107230814016 ] } },
{ "type": "Feature", "properties": { "nombre": "Comuna Teodelina", "tipo": "Comuna", "codigo_indec": "822749", "provincia": "IGN" }, "geometry": { "type": "Point", "coordinates": [ -61.526521596394502, -34.189573307761918 ] } },
{ "type": "Feature", "properties": { "nombre": "Municipio Villa Cañás", "tipo": "Municipio", "codigo_indec": "820084", "provincia": "IGN" }, "geometry": { "type": "Point", "coordinates": [ -61.605828284947336, -34.004277200232536 ] } },
{ "type": "Feature", "properties": { "nombre": "Comuna Santa Isabel", "tipo": "Comuna", "codigo_indec": "822742", "provincia": "IGN" }, "geometry": { "type": "Point", "coordinates": [ -61.695937329544108, -33.887658182279267 ] } },
{ "type": "Feature", "properties": { "nombre": "Comuna Sancti Spiritu", "tipo": "Comuna", "codigo_indec": "822735", "provincia": "IGN" }, "geometry": { "type": "Point", "coordinates": [ -62.241541295694219, -34.007725642524349 ] } },
{ "type": "Feature", "properties": { "nombre": "Comuna Wheelwright", "tipo": "Comuna", "codigo_indec": "822756", "provincia": "IGN" }, "geometry": { "type": "Point", "coordinates": [ -61.210695174742455, -33.792309432034642 ] } },
{ "type": "Feature", "properties": { "nombre": "Comuna San Gregorio", "tipo": "Comuna", "codigo_indec": "822728", "provincia": "IGN" }, "geometry": { "type": "Point", "coordinates": [ -62.035813241487858, -34.325378502715694 ] } },
{ "type": "Feature", "properties": { "nombre": "Comuna San Eduardo", "tipo": "Comuna", "codigo_indec": "822714", "provincia": "IGN" }, "geometry": { "type": "Point", "coordinates": [ -62.088925879525675, -33.871246213242102 ] } },
{ "type": "Feature", "properties": { "nombre": "Comuna La Sarita", "tipo": "Comuna", "codigo_indec": "822819", "provincia": "IGN" }, "geometry": { "type": "Point", "coordinates": [ -59.848837172897163, -28.972829031634433 ] } },
{ "type": "Feature", "properties": { "nombre": "Municipio Florencia", "tipo": "Municipio", "codigo_indec": "820095", "provincia": "IGN" }, "geometry": { "type": "Point", "coordinates": [ -59.218014755476531, -28.040631815805625 ] } },
{ "type": "Feature", "properties": { "nombre": "Comuna Los Laureles", "tipo": "Comuna", "codigo_indec": "822840", "provincia": "IGN" }, "geometry": { "type": "Point", "coordinates": [ -59.736191714975632, -29.368647812846234 ] } },
{ "type": "Feature", "properties": { "nombre": "Municipio Avellaneda", "tipo": "Municipio", "codigo_indec": "820091", "provincia": "IGN" }, "geometry": { "type": "Point", "coordinates": [ -59.658472078923239, -29.117521480831613 ] } },
{ "type": "Feature", "properties": { "nombre": "Comuna El Araza", "tipo": "Comuna", "codigo_indec": "822777", "provincia": "IGN" }, "geometry": { "type": "Point", "coordinates": [ -59.947582008702682, -29.132999698177457 ] } },
{ "type": "Feature", "properties": { "nombre": "Municipio Reconquista", "tipo": "Municipio", "codigo_indec": "820112", "provincia": "IGN" }, "geometry": { "type": "Point", "coordinates": [ -59.64354789881645, -29.144517330010729 ] } },
{ "type": "Feature", "properties": { "nombre": "Comuna San Antonio de Obligado", "tipo": "Comuna", "codigo_indec": "822854", "provincia": "IGN" }, "geometry": { "type": "Point", "coordinates": [ -59.264387724813616, -28.38425345173539 ] } },
{ "type": "Feature", "properties": { "nombre": "Comuna Arroyo Ceibal", "tipo": "Comuna", "codigo_indec": "822763", "provincia": "IGN" }, "geometry": { "type": "Point", "coordinates": [ -59.477697686199235, -28.723081243404636 ] } },
{ "type": "Feature", "properties": { "nombre": "Comuna Guadalupe Norte", "tipo": "Comuna", "codigo_indec": "822805", "provincia": "IGN" }, "geometry": { "type": "Point", "coordinates": [ -59.563625930991861, -28.945053597945162 ] } },
{ "type": "Feature", "properties": { "nombre": "Comuna Ingeniero Chanourdie", "tipo": "Comuna", "codigo_indec": "822812", "provincia": "IGN" }, "geometry": { "type": "Point", "coordinates": [ -59.577233272497494, -28.759812528025691 ] } },
{ "type": "Feature", "properties": { "nombre": "Comuna El Rabón", "tipo": "Comuna", "codigo_indec": "822784", "provincia": "IGN" }, "geometry": { "type": "Point", "coordinates": [ -59.264219896930683, -28.221177609858785 ] } },
{ "type": "Feature", "properties": { "nombre": "Comuna Lanteri", "tipo": "Comuna", "codigo_indec": "822826", "provincia": "IGN" }, "geometry": { "type": "Point", "coordinates": [ -59.635194281590771, -28.840006734123449 ] } },
{ "type": "Feature", "properties": { "nombre": "Comuna Tacuarendi", "tipo": "Comuna", "codigo_indec": "822861", "provincia": "IGN" }, "geometry": { "type": "Point", "coordinates": [ -59.257225991686141, -28.417846865940078 ] } },
{ "type": "Feature", "properties": { "nombre": "Municipio Villa Ocampo", "tipo": "Municipio", "codigo_indec": "820119", "provincia": "IGN" }, "geometry": { "type": "Point", "coordinates": [ -59.354747325028995, -28.486772612665902 ] } },
{ "type": "Feature", "properties": { "nombre": "Municipio Malabrigo", "tipo": "Municipio", "codigo_indec": "820105", "provincia": "IGN" }, "geometry": { "type": "Point", "coordinates": [ -59.969905257521589, -29.348795562864893 ] } },
{ "type": "Feature", "properties": { "nombre": "Comuna Villa Ana", "tipo": "Comuna", "codigo_indec": "822868", "provincia": "IGN" }, "geometry": { "type": "Point", "coordinates": [ -59.613328564661515, -28.492662371671088 ] } },
{ "type": "Feature", "properties": { "nombre": "Municipio Las Toscas", "tipo": "Municipio", "codigo_indec": "820098", "provincia": "IGN" }, "geometry": { "type": "Point", "coordinates": [ -59.259301674632525, -28.354892836135434 ] } },
{ "type": "Feature", "properties": { "nombre": "Comuna Villa Guillermina", "tipo": "Comuna", "codigo_indec": "822875", "provincia": "IGN" }, "geometry": { "type": "Point", "coordinates": [ -59.45148129022931, -28.244524352816597 ] } },
{ "type": "Feature", "properties": { "nombre": "Comuna Las Garzas", "tipo": "Comuna", "codigo_indec": "822833", "provincia": "IGN" }, "geometry": { "type": "Point", "coordinates": [ -59.499654596182609, -28.847137374090494 ] } },
{ "type": "Feature", "properties": { "nombre": "Comuna Berna", "tipo": "Comuna", "codigo_indec": "822770", "provincia": "IGN" }, "geometry": { "type": "Point", "coordinates": [ -59.845311095730438, -29.272668014617125 ] } },
{ "type": "Feature", "properties": { "nombre": "Comuna Oliveros", "tipo": "Comuna", "codigo_indec": "822917", "provincia": "IGN" }, "geometry": { "type": "Point", "coordinates": [ -60.854642318987771, -32.573933426086683 ] } },
{ "type": "Feature", "properties": { "nombre": "Comuna Pueblo Andino", "tipo": "Comuna", "codigo_indec": "822924", "provincia": "IGN" }, "geometry": { "type": "Point", "coordinates": [ -60.875378374112643, -32.669942107841962 ] } },
{ "type": "Feature", "properties": { "nombre": "Comuna Correa", "tipo": "Comuna", "codigo_indec": "822903", "provincia": "IGN" }, "geometry": { "type": "Point", "coordinates": [ -61.25449734387729, -32.848617724828102 ] } },
{ "type": "Feature", "properties": { "nombre": "Municipio Totoras", "tipo": "Municipio", "codigo_indec": "820133", "provincia": "IGN" }, "geometry": { "type": "Point", "coordinates": [ -61.166699738602006, -32.584272490083322 ] } },
{ "type": "Feature", "properties": { "nombre": "Municipio Cañada de Gómez", "tipo": "Municipio", "codigo_indec": "820126", "provincia": "IGN" }, "geometry": { "type": "Point", "coordinates": [ -61.395198680974318, -32.821216164494331 ] } },
{ "type": "Feature", "properties": { "nombre": "Comuna Villa Eloísa", "tipo": "Comuna", "codigo_indec": "822945", "provincia": "IGN" }, "geometry": { "type": "Point", "coordinates": [ -61.551013519858031, -32.963888264231969 ] } },
{ "type": "Feature", "properties": { "nombre": "Comuna Salto Grande", "tipo": "Comuna", "codigo_indec": "822931", "provincia": "IGN" }, "geometry": { "type": "Point", "coordinates": [ -61.088208098424957, -32.666058802871419 ] } },
{ "type": "Feature", "properties": { "nombre": "Comuna Serodino", "tipo": "Comuna", "codigo_indec": "822938", "provincia": "IGN" }, "geometry": { "type": "Point", "coordinates": [ -60.947400635930535, -32.603740814986566 ] } },
{ "type": "Feature", "properties": { "nombre": "Comuna Classon", "tipo": "Comuna", "codigo_indec": "822896", "provincia": "IGN" }, "geometry": { "type": "Point", "coordinates": [ -61.290395172798924, -32.462377352033116 ] } },
{ "type": "Feature", "properties": { "nombre": "Comuna Carrizales", "tipo": "Comuna", "codigo_indec": "822889", "provincia": "IGN" }, "geometry": { "type": "Point", "coordinates": [ -61.032203576134066, -32.508738933255131 ] } },
{ "type": "Feature", "properties": { "nombre": "Comuna Bustinza", "tipo": "Comuna", "codigo_indec": "822882", "provincia": "IGN" }, "geometry": { "type": "Point", "coordinates": [ -61.290819955876202, -32.738242638686756 ] } },
{ "type": "Feature", "properties": { "nombre": "Comuna Lucio V. López", "tipo": "Comuna", "codigo_indec": "822910", "provincia": "IGN" }, "geometry": { "type": "Point", "coordinates": [ -61.017458826963264, -32.715396240743871 ] } },
{ "type": "Feature", "properties": { "nombre": "Comuna Arroyo Leyes", "tipo": "Comuna", "codigo_indec": "822959", "provincia": "IGN" }, "geometry": { "type": "Point", "coordinates": [ -60.517508004690626, -31.558725564033523 ] } },
{ "type": "Feature", "properties": { "nombre": "Comuna Monte Vera", "tipo": "Comuna", "codigo_indec": "823001", "provincia": "IGN" }, "geometry": { "type": "Point", "coordinates": [ -60.678676504117334, -31.516801566039419 ] } },
{ "type": "Feature", "properties": { "nombre": "Municipio Santa Fe", "tipo": "Municipio", "codigo_indec": "820147", "provincia": "IGN" }, "geometry": { "type": "Point", "coordinates": [ -60.710478440927261, -31.657474953106544 ] } },
{ "type": "Feature", "properties": { "nombre": "Municipio Laguna Paiva", "tipo": "Municipio", "codigo_indec": "820140", "provincia": "IGN" }, "geometry": { "type": "Point", "coordinates": [ -60.659922467547801, -31.30735775505633 ] } },
{ "type": "Feature", "properties": { "nombre": "Comuna Campo Andino", "tipo": "Comuna", "codigo_indec": "822973", "provincia": "IGN" }, "geometry": { "type": "Point", "coordinates": [ -60.529807031369387, -31.23905491834978 ] } },
{ "type": "Feature", "properties": { "nombre": "Comuna Nelson", "tipo": "Comuna", "codigo_indec": "823008", "provincia": "IGN" }, "geometry": { "type": "Point", "coordinates": [ -60.764450800264171, -31.265832506564891 ] } },
{ "type": "Feature", "properties": { "nombre": "Comuna Llambí Campbell", "tipo": "Comuna", "codigo_indec": "822994", "provincia": "IGN" }, "geometry": { "type": "Point", "coordinates": [ -60.747680429807929, -31.184183473488474 ] } },
{ "type": "Feature", "properties": { "nombre": "Municipio San José del Rincón", "tipo": "Municipio", "codigo_indec": "820143", "provincia": "IGN" }, "geometry": { "type": "Point", "coordinates": [ -60.567441943091183, -31.606505912118109 ] } },
{ "type": "Feature", "properties": { "nombre": "Municipio Santo Tomé", "tipo": "Municipio", "codigo_indec": "820154", "provincia": "IGN" }, "geometry": { "type": "Point", "coordinates": [ -60.761722305739795, -31.663018754611812 ] } },
{ "type": "Feature", "properties": { "nombre": "Comuna Arroyo Aguiar", "tipo": "Comuna", "codigo_indec": "822952", "provincia": "IGN" }, "geometry": { "type": "Point", "coordinates": [ -60.667931227144379, -31.432087138010957 ] } },
{ "type": "Feature", "properties": { "nombre": "Municipio Recreo", "tipo": "Municipio", "codigo_indec": "820142", "provincia": "IGN" }, "geometry": { "type": "Point", "coordinates": [ -60.735448869369804, -31.490893109629269 ] } },
{ "type": "Feature", "properties": { "nombre": "Municipio Sauce Viejo", "tipo": "Municipio", "codigo_indec": "820158", "provincia": "IGN" }, "geometry": { "type": "Point", "coordinates": [ -60.837143684733235, -31.77109350266295 ] } },
{ "type": "Feature", "properties": { "nombre": "Comuna Candioti", "tipo": "Comuna", "codigo_indec": "822980", "provincia": "IGN" }, "geometry": { "type": "Point", "coordinates": [ -60.748981610313024, -31.401390351983139 ] } },
{ "type": "Feature", "properties": { "nombre": "Comuna Empalme San Carlos", "tipo": "Comuna", "codigo_indec": "823064", "provincia": "IGN" }, "geometry": { "type": "Point", "coordinates": [ -60.813712665407138, -31.547704814825295 ] } },
{ "type": "Feature", "properties": { "nombre": "Municipio Esperanza", "tipo": "Municipio", "codigo_indec": "820161", "provincia": "IGN" }, "geometry": { "type": "Point", "coordinates": [ -60.930152875654642, -31.448890096300886 ] } },
{ "type": "Feature", "properties": { "nombre": "Comuna Grutly", "tipo": "Comuna", "codigo_indec": "823085", "provincia": "IGN" }, "geometry": { "type": "Point", "coordinates": [ -61.071972168081061, -31.268690115856145 ] } },
{ "type": "Feature", "properties": { "nombre": "Comuna Cavour", "tipo": "Comuna", "codigo_indec": "823036", "provincia": "IGN" }, "geometry": { "type": "Point", "coordinates": [ -61.016543200208503, -31.364804458958588 ] } },
{ "type": "Feature", "properties": { "nombre": "Comuna Las Tunas", "tipo": "Comuna", "codigo_indec": "823127", "provincia": "IGN" }, "geometry": { "type": "Point", "coordinates": [ -60.996131602491403, -31.571890246637508 ] } },
{ "type": "Feature", "properties": { "nombre": "Comuna Humboldt", "tipo": "Comuna", "codigo_indec": "823099", "provincia": "IGN" }, "geometry": { "type": "Point", "coordinates": [ -61.082298172122933, -31.400858424576597 ] } },
{ "type": "Feature", "properties": { "nombre": "Comuna María Luisa", "tipo": "Comuna", "codigo_indec": "823134", "provincia": "IGN" }, "geometry": { "type": "Point", "coordinates": [ -60.910761577684639, -31.010843839071867 ] } },
{ "type": "Feature", "properties": { "nombre": "Comuna Providencia", "tipo": "Comuna", "codigo_indec": "823169", "provincia": "IGN" }, "geometry": { "type": "Point", "coordinates": [ -61.021127137307474, -30.982740314713737 ] } },
{ "type": "Feature", "properties": { "nombre": "Comuna Jacinto L. Aráuz", "tipo": "Comuna", "codigo_indec": "823113", "provincia": "IGN" }, "geometry": { "type": "Point", "coordinates": [ -60.975553325325677, -30.73429821529038 ] } },
{ "type": "Feature", "properties": { "nombre": "Comuna San Carlos Norte", "tipo": "Comuna", "codigo_indec": "823204", "provincia": "IGN" }, "geometry": { "type": "Point", "coordinates": [ -61.074767025377867, -31.673544579019051 ] } },
{ "type": "Feature", "properties": { "nombre": "Comuna Matilde", "tipo": "Comuna", "codigo_indec": "823141", "provincia": "IGN" }, "geometry": { "type": "Point", "coordinates": [ -60.979945395663435, -31.791578103746474 ] } },
{ "type": "Feature", "properties": { "nombre": "Comuna Sa Pereyra", "tipo": "Comuna", "codigo_indec": "823190", "provincia": "IGN" }, "geometry": { "type": "Point", "coordinates": [ -61.376534144035475, -31.570455809987607 ] } },
{ "type": "Feature", "properties": { "nombre": "Comuna Pilar", "tipo": "Comuna", "codigo_indec": "823155", "provincia": "IGN" }, "geometry": { "type": "Point", "coordinates": [ -61.259598055705681, -31.440410690001272 ] } },
{ "type": "Feature", "properties": { "nombre": "Comuna San Agustín", "tipo": "Comuna", "codigo_indec": "823197", "provincia": "IGN" }, "geometry": { "type": "Point", "coordinates": [ -60.940635722360639, -31.68287364859998 ] } },
{ "type": "Feature", "properties": { "nombre": "Comuna San Jerónimo del Sauce", "tipo": "Comuna", "codigo_indec": "823218", "provincia": "IGN" }, "geometry": { "type": "Point", "coordinates": [ -61.14135389536591, -31.609029308155982 ] } },
{ "type": "Feature", "properties": { "nombre": "Comuna San Carlos Sud", "tipo": "Comuna", "codigo_indec": "823211", "provincia": "IGN" }, "geometry": { "type": "Point", "coordinates": [ -61.100577845091436, -31.760820285227965 ] } },
{ "type": "Feature", "properties": { "nombre": "Comuna Nuevo Torino", "tipo": "Comuna", "codigo_indec": "823148", "provincia": "IGN" }, "geometry": { "type": "Point", "coordinates": [ -61.235134581395755, -31.345007457927807 ] } },
{ "type": "Feature", "properties": { "nombre": "Comuna San Mariano", "tipo": "Comuna", "codigo_indec": "823232", "provincia": "IGN" }, "geometry": { "type": "Point", "coordinates": [ -61.347442643363252, -31.668413072605176 ] } },
{ "type": "Feature", "properties": { "nombre": "Comuna Santo Domingo", "tipo": "Comuna", "codigo_indec": "823260", "provincia": "IGN" }, "geometry": { "type": "Point", "coordinates": [ -60.887993951359704, -31.120466213345026 ] } },
{ "type": "Feature", "properties": { "nombre": "Comuna Santa Clara de Buena Vista", "tipo": "Comuna", "codigo_indec": "823239", "provincia": "IGN" }, "geometry": { "type": "Point", "coordinates": [ -61.315799001622565, -31.76237244133506 ] } },
{ "type": "Feature", "properties": { "nombre": "Comuna Felicia", "tipo": "Comuna", "codigo_indec": "823071", "provincia": "IGN" }, "geometry": { "type": "Point", "coordinates": [ -61.212186496209767, -31.244546373016647 ] } },
{ "type": "Feature", "properties": { "nombre": "Comuna Cululú", "tipo": "Comuna", "codigo_indec": "823050", "provincia": "IGN" }, "geometry": { "type": "Point", "coordinates": [ -60.930019007071451, -31.20609213844142 ] } },
{ "type": "Feature", "properties": { "nombre": "Comuna Progreso", "tipo": "Comuna", "codigo_indec": "823162", "provincia": "IGN" }, "geometry": { "type": "Point", "coordinates": [ -60.989642226807291, -31.137866900636936 ] } },
{ "type": "Feature", "properties": { "nombre": "Comuna La Pelada", "tipo": "Comuna", "codigo_indec": "823120", "provincia": "IGN" }, "geometry": { "type": "Point", "coordinates": [ -60.968292584934829, -30.866241488453909 ] } },
{ "type": "Feature", "properties": { "nombre": "Municipio San Carlos Centro", "tipo": "Municipio", "codigo_indec": "820168", "provincia": "IGN" }, "geometry": { "type": "Point", "coordinates": [ -61.090730134687931, -31.726587620322391 ] } },
{ "type": "Feature", "properties": { "nombre": "Municipio San Jerónimo Norte", "tipo": "Municipio", "codigo_indec": "820171", "provincia": "IGN" }, "geometry": { "type": "Point", "coordinates": [ -61.077923536042306, -31.552707916936754 ] } },
{ "type": "Feature", "properties": { "nombre": "Comuna Franck", "tipo": "Comuna", "codigo_indec": "823078", "provincia": "IGN" }, "geometry": { "type": "Point", "coordinates": [ -60.93834040428618, -31.587189683257236 ] } },
{ "type": "Feature", "properties": { "nombre": "Comuna Hipatía", "tipo": "Comuna", "codigo_indec": "823092", "provincia": "IGN" }, "geometry": { "type": "Point", "coordinates": [ -61.033006408119206, -31.125576583892212 ] } },
{ "type": "Feature", "properties": { "nombre": "Comuna Elisa", "tipo": "Comuna", "codigo_indec": "823057", "provincia": "IGN" }, "geometry": { "type": "Point", "coordinates": [ -61.049400273803542, -30.694492683690328 ] } },
{ "type": "Feature", "properties": { "nombre": "Comuna Sarmiento", "tipo": "Comuna", "codigo_indec": "823267", "provincia": "IGN" }, "geometry": { "type": "Point", "coordinates": [ -61.167197480079608, -31.058806815182322 ] } },
{ "type": "Feature", "properties": { "nombre": "Comuna San Bernardo", "tipo": "Comuna", "codigo_indec": "823330", "provincia": "IGN" }, "geometry": { "type": "Point", "coordinates": [ -61.528016638357144, -28.667411837286409 ] } },
{ "type": "Feature", "properties": { "nombre": "Comuna Esteban Rams", "tipo": "Comuna", "codigo_indec": "823281", "provincia": "IGN" }, "geometry": { "type": "Point", "coordinates": [ -61.489981971690611, -29.772421745966767 ] } },
{ "type": "Feature", "properties": { "nombre": "Comuna Gato Colorado", "tipo": "Comuna", "codigo_indec": "823288", "provincia": "IGN" }, "geometry": { "type": "Point", "coordinates": [ -61.186582179723757, -28.022389719210139 ] } },
{ "type": "Feature", "properties": { "nombre": "Comuna Gregoria Pérez de Denis", "tipo": "Comuna", "codigo_indec": "823295", "provincia": "IGN" }, "geometry": { "type": "Point", "coordinates": [ -61.527816017595114, -28.227452798507784 ] } },
{ "type": "Feature", "properties": { "nombre": "Comuna Villa Minetti", "tipo": "Comuna", "codigo_indec": "823344", "provincia": "IGN" }, "geometry": { "type": "Point", "coordinates": [ -61.626763494040006, -28.622961221882861 ] } },
{ "type": "Feature", "properties": { "nombre": "Comuna Logroño", "tipo": "Comuna", "codigo_indec": "823309", "provincia": "IGN" }, "geometry": { "type": "Point", "coordinates": [ -61.696147334731677, -29.503755544882438 ] } },
{ "type": "Feature", "properties": { "nombre": "Comuna Santa Margarita", "tipo": "Comuna", "codigo_indec": "823337", "provincia": "IGN" }, "geometry": { "type": "Point", "coordinates": [ -61.548754328449434, -28.313823650940719 ] } },
{ "type": "Feature", "properties": { "nombre": "Comuna Pozo Borrado", "tipo": "Comuna", "codigo_indec": "823323", "provincia": "IGN" }, "geometry": { "type": "Point", "coordinates": [ -61.704872955622363, -28.938083722585702 ] } },
{ "type": "Feature", "properties": { "nombre": "Comuna Montefiore", "tipo": "Comuna", "codigo_indec": "823316", "provincia": "IGN" }, "geometry": { "type": "Point", "coordinates": [ -61.866895003401623, -29.668695214612399 ] } },
{ "type": "Feature", "properties": { "nombre": "Municipio Tostado", "tipo": "Municipio", "codigo_indec": "820175", "provincia": "IGN" }, "geometry": { "type": "Point", "coordinates": [ -61.771207862552785, -29.232729704412293 ] } },
{ "type": "Feature", "properties": { "nombre": "Municipio Pueblo Esther", "tipo": "Municipio", "codigo_indec": "820207", "provincia": "IGN" }, "geometry": { "type": "Point", "coordinates": [ -60.574993569197829, -33.072293032897107 ] } },
{ "type": "Feature", "properties": { "nombre": "Municipio Arroyo Seco", "tipo": "Municipio", "codigo_indec": "820182", "provincia": "IGN" }, "geometry": { "type": "Point", "coordinates": [ -60.5119382190735, -33.158138521175772 ] } },
{ "type": "Feature", "properties": { "nombre": "Comuna Piñero", "tipo": "Comuna", "codigo_indec": "823421", "provincia": "IGN" }, "geometry": { "type": "Point", "coordinates": [ -60.796112390674239, -33.109139660067228 ] } },
{ "type": "Feature", "properties": { "nombre": "Comuna Villa Amelia", "tipo": "Comuna", "codigo_indec": "823456", "provincia": "IGN" }, "geometry": { "type": "Point", "coordinates": [ -60.66410115124711, -33.175907959284871 ] } },
{ "type": "Feature", "properties": { "nombre": "Comuna Álvarez", "tipo": "Comuna", "codigo_indec": "823365", "provincia": "IGN" }, "geometry": { "type": "Point", "coordinates": [ -60.806189982181877, -33.128090119363492 ] } },
{ "type": "Feature", "properties": { "nombre": "Comuna Carmen del Sauce", "tipo": "Comuna", "codigo_indec": "823386", "provincia": "IGN" }, "geometry": { "type": "Point", "coordinates": [ -60.811771057887995, -33.236026673092454 ] } },
{ "type": "Feature", "properties": { "nombre": "Comuna Albarellos", "tipo": "Comuna", "codigo_indec": "823358", "provincia": "IGN" }, "geometry": { "type": "Point", "coordinates": [ -60.636760640491104, -33.239538677667781 ] } },
{ "type": "Feature", "properties": { "nombre": "Comuna Pueblo Muñoz", "tipo": "Comuna", "codigo_indec": "823435", "provincia": "IGN" }, "geometry": { "type": "Point", "coordinates": [ -60.898073763293496, -33.172046319881701 ] } },
{ "type": "Feature", "properties": { "nombre": "Comuna Arminda", "tipo": "Comuna", "codigo_indec": "823379", "provincia": "IGN" }, "geometry": { "type": "Point", "coordinates": [ -60.967881949092657, -33.26357592458919 ] } },
{ "type": "Feature", "properties": { "nombre": "Municipio Granadero Baigorria", "tipo": "Municipio", "codigo_indec": "820196", "provincia": "IGN" }, "geometry": { "type": "Point", "coordinates": [ -60.706333239887044, -32.861830505873115 ] } },
{ "type": "Feature", "properties": { "nombre": "Comuna Acebal", "tipo": "Comuna", "codigo_indec": "823351", "provincia": "IGN" }, "geometry": { "type": "Point", "coordinates": [ -60.83648036997306, -33.241763958339959 ] } },
{ "type": "Feature", "properties": { "nombre": "Comuna Fighiera", "tipo": "Comuna", "codigo_indec": "823400", "provincia": "IGN" }, "geometry": { "type": "Point", "coordinates": [ -60.469438048826873, -33.193862118142192 ] } },
{ "type": "Feature", "properties": { "nombre": "Comuna Coronel Domínguez", "tipo": "Comuna", "codigo_indec": "823470", "provincia": "IGN" }, "geometry": { "type": "Point", "coordinates": [ -60.721981056780294, -33.183704879076856 ] } },
{ "type": "Feature", "properties": { "nombre": "Municipio Pérez", "tipo": "Municipio", "codigo_indec": "820203", "provincia": "IGN" }, "geometry": { "type": "Point", "coordinates": [ -60.769868612146695, -32.998872169714843 ] } },
{ "type": "Feature", "properties": { "nombre": "Municipio Funes", "tipo": "Municipio", "codigo_indec": "820189", "provincia": "IGN" }, "geometry": { "type": "Point", "coordinates": [ -60.811436289752919, -32.920864509589421 ] } },
{ "type": "Feature", "properties": { "nombre": "Comuna Soldini", "tipo": "Comuna", "codigo_indec": "823442", "provincia": "IGN" }, "geometry": { "type": "Point", "coordinates": [ -60.756754848257629, -33.027584021585312 ] } },
{ "type": "Feature", "properties": { "nombre": "Comuna Uranga", "tipo": "Comuna", "codigo_indec": "823449", "provincia": "IGN" }, "geometry": { "type": "Point", "coordinates": [ -60.705249592794416, -33.26603726920456 ] } },
{ "type": "Feature", "properties": { "nombre": "Comuna Zavalla", "tipo": "Comuna", "codigo_indec": "823463", "provincia": "IGN" }, "geometry": { "type": "Point", "coordinates": [ -60.878497010728438, -33.019631886902005 ] } },
{ "type": "Feature", "properties": { "nombre": "Comuna Coronel Bogado", "tipo": "Comuna", "codigo_indec": "823393", "provincia": "IGN" }, "geometry": { "type": "Point", "coordinates": [ -60.602677215381163, -33.31585453405944 ] } },
{ "type": "Feature", "properties": { "nombre": "Comuna General Lagos", "tipo": "Comuna", "codigo_indec": "823407", "provincia": "IGN" }, "geometry": { "type": "Point", "coordinates": [ -60.564557842470435, -33.11004304255232 ] } },
{ "type": "Feature", "properties": { "nombre": "Municipio Rosario", "tipo": "Municipio", "codigo_indec": "820210", "provincia": "IGN" }, "geometry": { "type": "Point", "coordinates": [ -60.633175576791416, -32.947213383790597 ] } },
{ "type": "Feature", "properties": { "nombre": "Municipio Villa Gobernador Gálvez", "tipo": "Municipio", "codigo_indec": "820217", "provincia": "IGN" }, "geometry": { "type": "Point", "coordinates": [ -60.633689287530558, -33.025131923799222 ] } },
{ "type": "Feature", "properties": { "nombre": "Municipio Suardi", "tipo": "Municipio", "codigo_indec": "820235", "provincia": "IGN" }, "geometry": { "type": "Point", "coordinates": [ -61.961005426759016, -30.534423803315804 ] } },
{ "type": "Feature", "properties": { "nombre": "Comuna Moisés Ville", "tipo": "Comuna", "codigo_indec": "823603", "provincia": "IGN" }, "geometry": { "type": "Point", "coordinates": [ -61.469507799145561, -30.715584855956308 ] } },
{ "type": "Feature", "properties": { "nombre": "Comuna Capivara", "tipo": "Comuna", "codigo_indec": "823498", "provincia": "IGN" }, "geometry": { "type": "Point", "coordinates": [ -61.271153065161798, -30.459709764493994 ] } },
{ "type": "Feature", "properties": { "nombre": "Comuna Las Avispas", "tipo": "Comuna", "codigo_indec": "823589", "provincia": "IGN" }, "geometry": { "type": "Point", "coordinates": [ -61.28806730556164, -29.896417379258594 ] } },
{ "type": "Feature", "properties": { "nombre": "Comuna Villa Saralegui", "tipo": "Comuna", "codigo_indec": "823673", "provincia": "IGN" }, "geometry": { "type": "Point", "coordinates": [ -60.746778975469283, -30.540840937359349 ] } },
{ "type": "Feature", "properties": { "nombre": "Comuna Villa Trinidad", "tipo": "Comuna", "codigo_indec": "823680", "provincia": "IGN" }, "geometry": { "type": "Point", "coordinates": [ -61.877092088728887, -30.216108439552784 ] } },
{ "type": "Feature", "properties": { "nombre": "Comuna Colonia Rosa", "tipo": "Comuna", "codigo_indec": "823519", "provincia": "IGN" }, "geometry": { "type": "Point", "coordinates": [ -61.983818102823136, -30.300382717788125 ] } },
{ "type": "Feature", "properties": { "nombre": "Comuna Palacios", "tipo": "Comuna", "codigo_indec": "823631", "provincia": "IGN" }, "geometry": { "type": "Point", "coordinates": [ -61.622652424969374, -30.7085842462659 ] } },
{ "type": "Feature", "properties": { "nombre": "Comuna Huanqueros", "tipo": "Comuna", "codigo_indec": "823554", "provincia": "IGN" }, "geometry": { "type": "Point", "coordinates": [ -61.218465247073425, -30.011993903096084 ] } },
{ "type": "Feature", "properties": { "nombre": "Comuna La Cabral", "tipo": "Comuna", "codigo_indec": "823561", "provincia": "IGN" }, "geometry": { "type": "Point", "coordinates": [ -61.178333962142574, -30.086801200714774 ] } },
{ "type": "Feature", "properties": { "nombre": "Comuna Monigotes", "tipo": "Comuna", "codigo_indec": "823610", "provincia": "IGN" }, "geometry": { "type": "Point", "coordinates": [ -61.634231120769584, -30.488367624666125 ] } },
{ "type": "Feature", "properties": { "nombre": "Comuna Constanza", "tipo": "Comuna", "codigo_indec": "823526", "provincia": "IGN" }, "geometry": { "type": "Point", "coordinates": [ -61.319733817961264, -30.663518099780447 ] } },
{ "type": "Feature", "properties": { "nombre": "Comuna La Lucila", "tipo": "Comuna", "codigo_indec": "823575", "provincia": "IGN" }, "geometry": { "type": "Point", "coordinates": [ -61.003308338109264, -30.41966568322465 ] } },
{ "type": "Feature", "properties": { "nombre": "Municipio Ceres", "tipo": "Municipio", "codigo_indec": "820224", "provincia": "IGN" }, "geometry": { "type": "Point", "coordinates": [ -61.945093711905258, -29.881894140302279 ] } },
{ "type": "Feature", "properties": { "nombre": "Comuna Ambrosetti", "tipo": "Comuna", "codigo_indec": "823484", "provincia": "IGN" }, "geometry": { "type": "Point", "coordinates": [ -61.576022957293617, -30.015241633794346 ] } },
{ "type": "Feature", "properties": { "nombre": "Comuna Colonia Bossi", "tipo": "Comuna", "codigo_indec": "823512", "provincia": "IGN" }, "geometry": { "type": "Point", "coordinates": [ -61.787743652947199, -30.667845930645115 ] } },
{ "type": "Feature", "properties": { "nombre": "Comuna Aguará Grande", "tipo": "Comuna", "codigo_indec": "823477", "provincia": "IGN" }, "geometry": { "type": "Point", "coordinates": [ -60.894260450759134, -30.116102371127454 ] } },
{ "type": "Feature", "properties": { "nombre": "Comuna Las Palmeras", "tipo": "Comuna", "codigo_indec": "823596", "provincia": "IGN" }, "geometry": { "type": "Point", "coordinates": [ -61.625822720442159, -30.630256523719538 ] } },
{ "type": "Feature", "properties": { "nombre": "Comuna La Rubia", "tipo": "Comuna", "codigo_indec": "823582", "provincia": "IGN" }, "geometry": { "type": "Point", "coordinates": [ -61.793504117321106, -30.110287289127029 ] } },
{ "type": "Feature", "properties": { "nombre": "Comuna Santurce", "tipo": "Comuna", "codigo_indec": "823652", "provincia": "IGN" }, "geometry": { "type": "Point", "coordinates": [ -61.181077266702459, -30.186567749102323 ] } },
{ "type": "Feature", "properties": { "nombre": "Comuna Hersilia", "tipo": "Comuna", "codigo_indec": "823547", "provincia": "IGN" }, "geometry": { "type": "Point", "coordinates": [ -61.839149262628325, -30.003944549001687 ] } },
{ "type": "Feature", "properties": { "nombre": "Comuna Soledad", "tipo": "Comuna", "codigo_indec": "823659", "provincia": "IGN" }, "geometry": { "type": "Point", "coordinates": [ -60.914513767796109, -30.619649246815243 ] } },
{ "type": "Feature", "properties": { "nombre": "Municipio San Guillermo", "tipo": "Municipio", "codigo_indec": "820233", "provincia": "IGN" }, "geometry": { "type": "Point", "coordinates": [ -61.917319298047119, -30.358454011643289 ] } },
{ "type": "Feature", "properties": { "nombre": "Comuna Ñanducita", "tipo": "Comuna", "codigo_indec": "823624", "provincia": "IGN" }, "geometry": { "type": "Point", "coordinates": [ -61.133376090434183, -30.369818871143934 ] } },
{ "type": "Feature", "properties": { "nombre": "Comuna Arrufo", "tipo": "Comuna", "codigo_indec": "823491", "provincia": "IGN" }, "geometry": { "type": "Point", "coordinates": [ -61.728021461021569, -30.232417470389919 ] } },
{ "type": "Feature", "properties": { "nombre": "Comuna Curupaity", "tipo": "Comuna", "codigo_indec": "823533", "provincia": "IGN" }, "geometry": { "type": "Point", "coordinates": [ -61.653130514761415, -30.396104024780868 ] } },
{ "type": "Feature", "properties": { "nombre": "Municipio San Cristóbal", "tipo": "Municipio", "codigo_indec": "820231", "provincia": "IGN" }, "geometry": { "type": "Point", "coordinates": [ -61.236206252216732, -30.311689419930758 ] } },
{ "type": "Feature", "properties": { "nombre": "Comuna Colonia Ana", "tipo": "Comuna", "codigo_indec": "823505", "provincia": "IGN" }, "geometry": { "type": "Point", "coordinates": [ -61.913692550770577, -30.143748705338453 ] } },
{ "type": "Feature", "properties": { "nombre": "Municipio San Javier", "tipo": "Municipio", "codigo_indec": "820238", "provincia": "IGN" }, "geometry": { "type": "Point", "coordinates": [ -59.928100523120577, -30.581667539425382 ] } },
{ "type": "Feature", "properties": { "nombre": "Comuna Cacique Ariacaiquín", "tipo": "Comuna", "codigo_indec": "823694", "provincia": "IGN" }, "geometry": { "type": "Point", "coordinates": [ -60.229808156121464, -30.656342437053809 ] } },
{ "type": "Feature", "properties": { "nombre": "Comuna La Brava", "tipo": "Comuna", "codigo_indec": "823708", "provincia": "IGN" }, "geometry": { "type": "Point", "coordinates": [ -60.140936694672689, -30.447781738736182 ] } },
{ "type": "Feature", "properties": { "nombre": "Municipio Romang", "tipo": "Municipio", "codigo_indec": "820237", "provincia": "IGN" }, "geometry": { "type": "Point", "coordinates": [ -59.747702385156913, -29.499597898124478 ] } },
{ "type": "Feature", "properties": { "nombre": "Comuna Alejandra", "tipo": "Comuna", "codigo_indec": "823687", "provincia": "IGN" }, "geometry": { "type": "Point", "coordinates": [ -59.826868622988513, -29.909209629220982 ] } },
{ "type": "Feature", "properties": { "nombre": "Comuna Colonia Durán", "tipo": "Comuna", "codigo_indec": "823701", "provincia": "IGN" }, "geometry": { "type": "Point", "coordinates": [ -59.926592349257476, -29.558119278381923 ] } },
{ "type": "Feature", "properties": { "nombre": "Municipio Gálvez", "tipo": "Municipio", "codigo_indec": "820252", "provincia": "IGN" }, "geometry": { "type": "Point", "coordinates": [ -61.224328628063688, -32.030281753200313 ] } },
{ "type": "Feature", "properties": { "nombre": "Comuna Gessler", "tipo": "Comuna", "codigo_indec": "823785", "provincia": "IGN" }, "geometry": { "type": "Point", "coordinates": [ -61.126864019458878, -31.874298950636046 ] } },
{ "type": "Feature", "properties": { "nombre": "Comuna Barrancas", "tipo": "Comuna", "codigo_indec": "823729", "provincia": "IGN" }, "geometry": { "type": "Point", "coordinates": [ -60.983514922675511, -32.234580756796447 ] } },
{ "type": "Feature", "properties": { "nombre": "Comuna Monje", "tipo": "Comuna", "codigo_indec": "823827", "provincia": "IGN" }, "geometry": { "type": "Point", "coordinates": [ -60.942830273198524, -32.36037042695358 ] } },
{ "type": "Feature", "properties": { "nombre": "Comuna Larrechea", "tipo": "Comuna", "codigo_indec": "823799", "provincia": "IGN" }, "geometry": { "type": "Point", "coordinates": [ -61.045751646021586, -31.935414925358486 ] } },
{ "type": "Feature", "properties": { "nombre": "Comuna San Eugenio", "tipo": "Comuna", "codigo_indec": "823834", "provincia": "IGN" }, "geometry": { "type": "Point", "coordinates": [ -61.115798786184996, -32.076171756920985 ] } },
{ "type": "Feature", "properties": { "nombre": "Municipio Coronda", "tipo": "Municipio", "codigo_indec": "820245", "provincia": "IGN" }, "geometry": { "type": "Point", "coordinates": [ -60.916091917008316, -31.974484813323443 ] } },
{ "type": "Feature", "properties": { "nombre": "Municipio San Genaro", "tipo": "Municipio", "codigo_indec": "820256", "provincia": "IGN" }, "geometry": { "type": "Point", "coordinates": [ -61.359944034589489, -32.371651348231069 ] } },
{ "type": "Feature", "properties": { "nombre": "Comuna Maciel", "tipo": "Comuna", "codigo_indec": "823820", "provincia": "IGN" }, "geometry": { "type": "Point", "coordinates": [ -60.892460199578522, -32.456841756841584 ] } },
{ "type": "Feature", "properties": { "nombre": "Comuna Desvío Arijón", "tipo": "Comuna", "codigo_indec": "823764", "provincia": "IGN" }, "geometry": { "type": "Point", "coordinates": [ -60.889246045068887, -31.870551332677792 ] } },
{ "type": "Feature", "properties": { "nombre": "Comuna Bernardo de Irigoyen", "tipo": "Comuna", "codigo_indec": "823736", "provincia": "IGN" }, "geometry": { "type": "Point", "coordinates": [ -61.156687488236969, -32.169683404465502 ] } },
{ "type": "Feature", "properties": { "nombre": "Comuna Arocena", "tipo": "Comuna", "codigo_indec": "823722", "provincia": "IGN" }, "geometry": { "type": "Point", "coordinates": [ -60.976814467113911, -32.082486531927884 ] } },
{ "type": "Feature", "properties": { "nombre": "Comuna Centeno", "tipo": "Comuna", "codigo_indec": "823757", "provincia": "IGN" }, "geometry": { "type": "Point", "coordinates": [ -61.40724756931985, -32.296024299681619 ] } },
{ "type": "Feature", "properties": { "nombre": "Comuna López", "tipo": "Comuna", "codigo_indec": "823813", "provincia": "IGN" }, "geometry": { "type": "Point", "coordinates": [ -61.277753875840631, -31.904815997260414 ] } },
{ "type": "Feature", "properties": { "nombre": "Comuna Loma Alta", "tipo": "Comuna", "codigo_indec": "823806", "provincia": "IGN" }, "geometry": { "type": "Point", "coordinates": [ -61.176711320770778, -31.96195712052463 ] } },
{ "type": "Feature", "properties": { "nombre": "Comuna Irigoyen", "tipo": "Comuna", "codigo_indec": "823792", "provincia": "IGN" }, "geometry": { "type": "Point", "coordinates": [ -61.110229851326551, -32.158147324839149 ] } },
{ "type": "Feature", "properties": { "nombre": "Comuna Casalegno", "tipo": "Comuna", "codigo_indec": "823750", "provincia": "IGN" }, "geometry": { "type": "Point", "coordinates": [ -61.126468040767406, -32.263008471463763 ] } },
{ "type": "Feature", "properties": { "nombre": "Comuna San Fabián", "tipo": "Comuna", "codigo_indec": "823841", "provincia": "IGN" }, "geometry": { "type": "Point", "coordinates": [ -60.983122613217972, -32.137926717044309 ] } },
{ "type": "Feature", "properties": { "nombre": "Comuna Gaboto", "tipo": "Comuna", "codigo_indec": "823778", "provincia": "IGN" }, "geometry": { "type": "Point", "coordinates": [ -60.817814408508127, -32.432524426860766 ] } },
{ "type": "Feature", "properties": { "nombre": "Comuna Pedro Gómez Cello", "tipo": "Comuna", "codigo_indec": "823932", "provincia": "IGN" }, "geometry": { "type": "Point", "coordinates": [ -60.315243394367144, -30.03847409630248 ] } },
{ "type": "Feature", "properties": { "nombre": "Comuna Ramayón", "tipo": "Comuna", "codigo_indec": "823939", "provincia": "IGN" }, "geometry": { "type": "Point", "coordinates": [ -60.50595199788637, -30.671950034466477 ] } },
{ "type": "Feature", "properties": { "nombre": "Municipio San Justo", "tipo": "Municipio", "codigo_indec": "820259", "provincia": "IGN" }, "geometry": { "type": "Point", "coordinates": [ -60.593300591449122, -30.789171151227606 ] } },
{ "type": "Feature", "properties": { "nombre": "Comuna San Martín Norte", "tipo": "Comuna", "codigo_indec": "823953", "provincia": "IGN" }, "geometry": { "type": "Point", "coordinates": [ -60.30351434720933, -30.345714262303318 ] } },
{ "type": "Feature", "properties": { "nombre": "Comuna Esther", "tipo": "Comuna", "codigo_indec": "823883", "provincia": "IGN" }, "geometry": { "type": "Point", "coordinates": [ -60.645191799961538, -31.040692585994009 ] } },
{ "type": "Feature", "properties": { "nombre": "Comuna Gobernador Crespo", "tipo": "Comuna", "codigo_indec": "823890", "provincia": "IGN" }, "geometry": { "type": "Point", "coordinates": [ -60.400239783239385, -30.362953549166889 ] } },
{ "type": "Feature", "properties": { "nombre": "Comuna Marcelino Escalada", "tipo": "Comuna", "codigo_indec": "823918", "provincia": "IGN" }, "geometry": { "type": "Point", "coordinates": [ -60.468307556048842, -30.580935140544284 ] } },
{ "type": "Feature", "properties": { "nombre": "Comuna Angeloni", "tipo": "Comuna", "codigo_indec": "823862", "provincia": "IGN" }, "geometry": { "type": "Point", "coordinates": [ -60.650175531575485, -30.855665886571387 ] } },
{ "type": "Feature", "properties": { "nombre": "Comuna Colonia Dolores", "tipo": "Comuna", "codigo_indec": "823876", "provincia": "IGN" }, "geometry": { "type": "Point", "coordinates": [ -60.330486071175187, -30.382384557601199 ] } },
{ "type": "Feature", "properties": { "nombre": "Comuna Vera y Pintado", "tipo": "Comuna", "codigo_indec": "823967", "provincia": "IGN" }, "geometry": { "type": "Point", "coordinates": [ -60.33880768512654, -30.144270054919048 ] } },
{ "type": "Feature", "properties": { "nombre": "Comuna La Penca y Caraguatá", "tipo": "Comuna", "codigo_indec": "823911", "provincia": "IGN" }, "geometry": { "type": "Point", "coordinates": [ -60.521249349877564, -30.346723382577977 ] } },
{ "type": "Feature", "properties": { "nombre": "Comuna Videla", "tipo": "Comuna", "codigo_indec": "823974", "provincia": "IGN" }, "geometry": { "type": "Point", "coordinates": [ -60.657012596853804, -30.942921848164701 ] } },
{ "type": "Feature", "properties": { "nombre": "Comuna San Bernardo", "tipo": "Comuna", "codigo_indec": "823946", "provincia": "IGN" }, "geometry": { "type": "Point", "coordinates": [ -60.573977215675939, -30.889177536214277 ] } },
{ "type": "Feature", "properties": { "nombre": "Comuna Cayastacito", "tipo": "Comuna", "codigo_indec": "823869", "provincia": "IGN" }, "geometry": { "type": "Point", "coordinates": [ -60.579878395171761, -31.112809702006075 ] } },
{ "type": "Feature", "properties": { "nombre": "Comuna La Criolla", "tipo": "Comuna", "codigo_indec": "823904", "provincia": "IGN" }, "geometry": { "type": "Point", "coordinates": [ -60.363604278214837, -30.223671200165711 ] } },
{ "type": "Feature", "properties": { "nombre": "Comuna San Jerónimo Sud", "tipo": "Comuna", "codigo_indec": "824023", "provincia": "IGN" }, "geometry": { "type": "Point", "coordinates": [ -61.027695155107267, -32.879398783626925 ] } },
{ "type": "Feature", "properties": { "nombre": "Comuna Villa Mugueta", "tipo": "Comuna", "codigo_indec": "824037", "provincia": "IGN" }, "geometry": { "type": "Point", "coordinates": [ -61.056294655573879, -33.311964955418318 ] } },
{ "type": "Feature", "properties": { "nombre": "Municipio San Lorenzo", "tipo": "Municipio", "codigo_indec": "820301", "provincia": "IGN" }, "geometry": { "type": "Point", "coordinates": [ -60.735687459508597, -32.747261403490938 ] } },
{ "type": "Feature", "properties": { "nombre": "Comuna Timbúes", "tipo": "Comuna", "codigo_indec": "824030", "provincia": "IGN" }, "geometry": { "type": "Point", "coordinates": [ -60.79364644063071, -32.667812155306706 ] } },
{ "type": "Feature", "properties": { "nombre": "Comuna Ricardone", "tipo": "Comuna", "codigo_indec": "824016", "provincia": "IGN" }, "geometry": { "type": "Point", "coordinates": [ -60.784071882211549, -32.770632551351127 ] } },
{ "type": "Feature", "properties": { "nombre": "Comuna Pujato", "tipo": "Comuna", "codigo_indec": "824009", "provincia": "IGN" }, "geometry": { "type": "Point", "coordinates": [ -61.043053541387792, -33.017648219889395 ] } },
{ "type": "Feature", "properties": { "nombre": "Municipio Capitán Bermúdez", "tipo": "Municipio", "codigo_indec": "820266", "provincia": "IGN" }, "geometry": { "type": "Point", "coordinates": [ -60.716155754884142, -32.826456237964976 ] } },
{ "type": "Feature", "properties": { "nombre": "Comuna Coronel Arnold", "tipo": "Comuna", "codigo_indec": "823988", "provincia": "IGN" }, "geometry": { "type": "Point", "coordinates": [ -60.966809693712378, -33.106020935317872 ] } },
{ "type": "Feature", "properties": { "nombre": "Municipio Puerto General San Martín", "tipo": "Municipio", "codigo_indec": "820287", "provincia": "IGN" }, "geometry": { "type": "Point", "coordinates": [ -60.731393890115896, -32.716038639971202 ] } },
{ "type": "Feature", "properties": { "nombre": "Comuna Fuentes", "tipo": "Comuna", "codigo_indec": "823995", "provincia": "IGN" }, "geometry": { "type": "Point", "coordinates": [ -61.074130110216345, -33.172495666142026 ] } },
{ "type": "Feature", "properties": { "nombre": "Comuna Aldao", "tipo": "Comuna", "codigo_indec": "823981", "provincia": "IGN" }, "geometry": { "type": "Point", "coordinates": [ -60.815902776292035, -32.704476158947557 ] } },
{ "type": "Feature", "properties": { "nombre": "Municipio Carcarañá", "tipo": "Municipio", "codigo_indec": "820273", "provincia": "IGN" }, "geometry": { "type": "Point", "coordinates": [ -61.15186665262388, -32.857385657022405 ] } },
{ "type": "Feature", "properties": { "nombre": "Municipio Fray Luis Beltrán", "tipo": "Municipio", "codigo_indec": "820280", "provincia": "IGN" }, "geometry": { "type": "Point", "coordinates": [ -60.731011468704253, -32.781548110456868 ] } },
{ "type": "Feature", "properties": { "nombre": "Municipio Roldán", "tipo": "Municipio", "codigo_indec": "820294", "provincia": "IGN" }, "geometry": { "type": "Point", "coordinates": [ -60.909647448071212, -32.898143152484465 ] } },
{ "type": "Feature", "properties": { "nombre": "Comuna Luis Palacios", "tipo": "Comuna", "codigo_indec": "824002", "provincia": "IGN" }, "geometry": { "type": "Point", "coordinates": [ -60.904581770232483, -32.782339978806931 ] } },
{ "type": "Feature", "properties": { "nombre": "Municipio Sastre y Ortiz", "tipo": "Municipio", "codigo_indec": "820322", "provincia": "IGN" }, "geometry": { "type": "Point", "coordinates": [ -61.828876261030587, -31.767575280174981 ] } },
{ "type": "Feature", "properties": { "nombre": "Comuna Landeta", "tipo": "Comuna", "codigo_indec": "824086", "provincia": "IGN" }, "geometry": { "type": "Point", "coordinates": [ -62.062280989875717, -32.012754070843641 ] } },
{ "type": "Feature", "properties": { "nombre": "Comuna Traill", "tipo": "Comuna", "codigo_indec": "824135", "provincia": "IGN" }, "geometry": { "type": "Point", "coordinates": [ -61.702627126340758, -31.921522362067321 ] } },
{ "type": "Feature", "properties": { "nombre": "Comuna Piamonte", "tipo": "Comuna", "codigo_indec": "824121", "provincia": "IGN" }, "geometry": { "type": "Point", "coordinates": [ -61.980441592805221, -32.143925759865908 ] } },
{ "type": "Feature", "properties": { "nombre": "Comuna Las Petacas", "tipo": "Comuna", "codigo_indec": "824100", "provincia": "IGN" }, "geometry": { "type": "Point", "coordinates": [ -62.11049938154116, -31.821185927688362 ] } },
{ "type": "Feature", "properties": { "nombre": "Comuna Las Bandurrias", "tipo": "Comuna", "codigo_indec": "824093", "provincia": "IGN" }, "geometry": { "type": "Point", "coordinates": [ -61.492279017362705, -32.197475347009629 ] } },
{ "type": "Feature", "properties": { "nombre": "Comuna San Martín de las Escobas", "tipo": "Comuna", "codigo_indec": "824128", "provincia": "IGN" }, "geometry": { "type": "Point", "coordinates": [ -61.569620353596406, -31.857863511991468 ] } },
{ "type": "Feature", "properties": { "nombre": "Comuna Colonia Belgrano", "tipo": "Comuna", "codigo_indec": "824072", "provincia": "IGN" }, "geometry": { "type": "Point", "coordinates": [ -61.400918585024613, -31.909451031140122 ] } },
{ "type": "Feature", "properties": { "nombre": "Comuna Los Cardos", "tipo": "Comuna", "codigo_indec": "824107", "provincia": "IGN" }, "geometry": { "type": "Point", "coordinates": [ -61.631586341436446, -32.322261344085689 ] } },
{ "type": "Feature", "properties": { "nombre": "Comuna Cañada Rosquín", "tipo": "Comuna", "codigo_indec": "824044", "provincia": "IGN" }, "geometry": { "type": "Point", "coordinates": [ -61.601859243109516, -32.054368291963044 ] } },
{ "type": "Feature", "properties": { "nombre": "Comuna Castelar", "tipo": "Comuna", "codigo_indec": "824065", "provincia": "IGN" }, "geometry": { "type": "Point", "coordinates": [ -62.090135565703747, -31.668567930465599 ] } },
{ "type": "Feature", "properties": { "nombre": "Comuna Casas", "tipo": "Comuna", "codigo_indec": "824058", "provincia": "IGN" }, "geometry": { "type": "Point", "coordinates": [ -61.539842909422703, -32.125633652870761 ] } },
{ "type": "Feature", "properties": { "nombre": "Comuna María Susana", "tipo": "Comuna", "codigo_indec": "824114", "provincia": "IGN" }, "geometry": { "type": "Point", "coordinates": [ -61.905867844625277, -32.266977408080891 ] } },
{ "type": "Feature", "properties": { "nombre": "Municipio El Trébol", "tipo": "Municipio", "codigo_indec": "820308", "provincia": "IGN" }, "geometry": { "type": "Point", "coordinates": [ -61.701915596227764, -32.198041431566764 ] } },
{ "type": "Feature", "properties": { "nombre": "Municipio Molinos", "tipo": "Municipio", "codigo_indec": "660273", "provincia": "IGN" }, "geometry": { "type": "Point", "coordinates": [ -66.294511802277839, -25.437227275518296 ] } },
{ "type": "Feature", "properties": { "nombre": "Municipio San Jorge", "tipo": "Municipio", "codigo_indec": "820315", "provincia": "IGN" }, "geometry": { "type": "Point", "coordinates": [ -61.85965330435647, -31.896153096887872 ] } },
{ "type": "Feature", "properties": { "nombre": "Comuna Carlos Pellegrini", "tipo": "Comuna", "codigo_indec": "824051", "provincia": "IGN" }, "geometry": { "type": "Point", "coordinates": [ -61.782730950572898, -32.050451788519183 ] } },
{ "type": "Feature", "properties": { "nombre": "Comuna Toba", "tipo": "Comuna", "codigo_indec": "824205", "provincia": "IGN" }, "geometry": { "type": "Point", "coordinates": [ -60.171541446780282, -29.268163526325623 ] } },
{ "type": "Feature", "properties": { "nombre": "Comuna Fortín Olmos", "tipo": "Comuna", "codigo_indec": "824149", "provincia": "IGN" }, "geometry": { "type": "Point", "coordinates": [ -60.412898600789731, -29.056953720237971 ] } },
{ "type": "Feature", "properties": { "nombre": "Comuna Intiyaco", "tipo": "Comuna", "codigo_indec": "824170", "provincia": "IGN" }, "geometry": { "type": "Point", "coordinates": [ -60.070701237372191, -28.674865683704297 ] } },
{ "type": "Feature", "properties": { "nombre": "Municipio Vera", "tipo": "Municipio", "codigo_indec": "820336", "provincia": "IGN" }, "geometry": { "type": "Point", "coordinates": [ -60.214771946568021, -29.459228624701211 ] } },
{ "type": "Feature", "properties": { "nombre": "Comuna Garabato", "tipo": "Comuna", "codigo_indec": "824156", "provincia": "IGN" }, "geometry": { "type": "Point", "coordinates": [ -60.135076761683138, -28.954490087947136 ] } },
{ "type": "Feature", "properties": { "nombre": "Comuna La Gallareta", "tipo": "Comuna", "codigo_indec": "824177", "provincia": "IGN" }, "geometry": { "type": "Point", "coordinates": [ -60.378224142130421, -29.58627592929065 ] } },
{ "type": "Feature", "properties": { "nombre": "Comuna Tartagal", "tipo": "Comuna", "codigo_indec": "824198", "provincia": "IGN" }, "geometry": { "type": "Point", "coordinates": [ -59.848085638241571, -28.671054464791666 ] } },
{ "type": "Feature", "properties": { "nombre": "Municipio Calchaquí", "tipo": "Municipio", "codigo_indec": "820329", "provincia": "IGN" }, "geometry": { "type": "Point", "coordinates": [ -60.283116145793429, -29.888009294593246 ] } },
{ "type": "Feature", "properties": { "nombre": "Comuna Cañada Ombú", "tipo": "Comuna", "codigo_indec": "824142", "provincia": "IGN" }, "geometry": { "type": "Point", "coordinates": [ -59.983554195369777, -28.309129845465975 ] } },
{ "type": "Feature", "properties": { "nombre": "Comuna Golondrina", "tipo": "Comuna", "codigo_indec": "824163", "provincia": "IGN" }, "geometry": { "type": "Point", "coordinates": [ -60.024787423200962, -28.556375472450043 ] } },
{ "type": "Feature", "properties": { "nombre": "Comuna Los Amores", "tipo": "Comuna", "codigo_indec": "824184", "provincia": "IGN" }, "geometry": { "type": "Point", "coordinates": [ -59.977963604836475, -28.101820590647719 ] } },
{ "type": "Feature", "properties": { "nombre": "Municipio Herlitzka", "tipo": "Municipio", "codigo_indec": "180343", "provincia": "IGN" }, "geometry": { "type": "Point", "coordinates": [ -58.258884392100981, -27.565836697605448 ] } },
{ "type": "Feature", "properties": { "nombre": "Junta El Redomón", "tipo": "Junta", "codigo_indec": "309045", "provincia": "IGN" }, "geometry": { "type": "Point", "coordinates": [ -58.235291313143534, -31.086292186035507 ] } },
{ "type": "Feature", "properties": { "nombre": "Junta San Justo", "tipo": "Junta", "codigo_indec": "309070", "provincia": "IGN" }, "geometry": { "type": "Point", "coordinates": [ -58.115401542746952, -31.132472231907911 ] } },
{ "type": "Feature", "properties": { "nombre": "Junta Costa Grande", "tipo": "Junta", "codigo_indec": "309105", "provincia": "IGN" }, "geometry": { "type": "Point", "coordinates": [ -60.43722526303543, -32.138508251054873 ] } },
{ "type": "Feature", "properties": { "nombre": "Junta Isletas", "tipo": "Junta", "codigo_indec": "309125", "provincia": "IGN" }, "geometry": { "type": "Point", "coordinates": [ -60.363232250268084, -32.221475074215277 ] } },
{ "type": "Feature", "properties": { "nombre": "Junta San Roque", "tipo": "Junta", "codigo_indec": "309185", "provincia": "IGN" }, "geometry": { "type": "Point", "coordinates": [ -57.915258644470839, -30.689701517610899 ] } },
{ "type": "Feature", "properties": { "nombre": "Junta Gualeguaycito", "tipo": "Junta", "codigo_indec": "309150", "provincia": "IGN" }, "geometry": { "type": "Point", "coordinates": [ -58.137564407371485, -31.069666400483925 ] } },
{ "type": "Feature", "properties": { "nombre": "Junta Colonia Santa María y Las Margaritas", "tipo": "Junta", "codigo_indec": "309143", "provincia": "IGN" }, "geometry": { "type": "Point", "coordinates": [ -58.089062039481519, -30.555950834663236 ] } },
{ "type": "Feature", "properties": { "nombre": "Junta Paraje Guayaquil", "tipo": "Junta", "codigo_indec": "309165", "provincia": "IGN" }, "geometry": { "type": "Point", "coordinates": [ -58.070653351570854, -30.978894498881971 ] } },
{ "type": "Feature", "properties": { "nombre": "Junta Paso Duarte", "tipo": "Junta", "codigo_indec": "309220", "provincia": "IGN" }, "geometry": { "type": "Point", "coordinates": [ -58.733003439557024, -31.205869478893305 ] } },
{ "type": "Feature", "properties": { "nombre": "Junta Arroyo del Medio", "tipo": "Junta", "codigo_indec": "309190", "provincia": "IGN" }, "geometry": { "type": "Point", "coordinates": [ -59.091601614123135, -31.274282139908792 ] } },
{ "type": "Feature", "properties": { "nombre": "Junta Arroyo Las Tunas", "tipo": "Junta", "codigo_indec": "309192", "provincia": "IGN" }, "geometry": { "type": "Point", "coordinates": [ -58.847652537534543, -30.719073463769291 ] } },
{ "type": "Feature", "properties": { "nombre": "Junta Banderas", "tipo": "Junta", "codigo_indec": "309193", "provincia": "IGN" }, "geometry": { "type": "Point", "coordinates": [ -59.241978787690869, -30.820637884630628 ] } },
{ "type": "Feature", "properties": { "nombre": "Junta Loma Limpia", "tipo": "Junta", "codigo_indec": "309210", "provincia": "IGN" }, "geometry": { "type": "Point", "coordinates": [ -59.040444319849428, -30.817669236945676 ] } },
{ "type": "Feature", "properties": { "nombre": "Junta Laguna Benítez", "tipo": "Junta", "codigo_indec": "309250", "provincia": "IGN" }, "geometry": { "type": "Point", "coordinates": [ -58.653509528341999, -30.629694002276324 ] } },
{ "type": "Feature", "properties": { "nombre": "Junta La Esmeralda", "tipo": "Junta", "codigo_indec": "309235", "provincia": "IGN" }, "geometry": { "type": "Point", "coordinates": [ -58.665792177466983, -30.29974111715876 ] } },
{ "type": "Feature", "properties": { "nombre": "Junta Mulas Grandes", "tipo": "Junta", "codigo_indec": "309260", "provincia": "IGN" }, "geometry": { "type": "Point", "coordinates": [ -59.149918510131101, -30.366909401547616 ] } },
{ "type": "Feature", "properties": { "nombre": "Junta La Hierra", "tipo": "Junta", "codigo_indec": "309240", "provincia": "IGN" }, "geometry": { "type": "Point", "coordinates": [ -58.406032578640577, -30.45605704569607 ] } },
{ "type": "Feature", "properties": { "nombre": "Junta La Verbena", "tipo": "Junta", "codigo_indec": "309245", "provincia": "IGN" }, "geometry": { "type": "Point", "coordinates": [ -58.577391342936096, -30.506238562059934 ] } },
{ "type": "Feature", "properties": { "nombre": "Junta González Calderón", "tipo": "Junta", "codigo_indec": "309300", "provincia": "IGN" }, "geometry": { "type": "Point", "coordinates": [ -59.4138507824876, -32.978861270331322 ] } },
{ "type": "Feature", "properties": { "nombre": "Junta Monte Redondo", "tipo": "Junta", "codigo_indec": "309305", "provincia": "IGN" }, "geometry": { "type": "Point", "coordinates": [ -59.753991971951905, -32.952927235403536 ] } },
{ "type": "Feature", "properties": { "nombre": "Junta Punta del Monte", "tipo": "Junta", "codigo_indec": "309310", "provincia": "IGN" }, "geometry": { "type": "Point", "coordinates": [ -59.644679167709398, -33.06859605846131 ] } },
{ "type": "Feature", "properties": { "nombre": "Junta Cuchilla Redonda", "tipo": "Junta", "codigo_indec": "309340", "provincia": "IGN" }, "geometry": { "type": "Point", "coordinates": [ -59.096601057792554, -33.088595531058843 ] } },
{ "type": "Feature", "properties": { "nombre": "Junta Costa Uruguay Norte", "tipo": "Junta", "codigo_indec": "309330", "provincia": "IGN" }, "geometry": { "type": "Point", "coordinates": [ -58.343370277216479, -32.982455480136252 ] } },
{ "type": "Feature", "properties": { "nombre": "Junta Costa Uruguay Sur", "tipo": "Junta", "codigo_indec": "309335", "provincia": "IGN" }, "geometry": { "type": "Point", "coordinates": [ -58.499161901900209, -33.230985196009954 ] } },
{ "type": "Feature", "properties": { "nombre": "Junta Yeso Oeste", "tipo": "Junta", "codigo_indec": "309510", "provincia": "IGN" }, "geometry": { "type": "Point", "coordinates": [ -59.467117123656294, -30.936995199868534 ] } },
{ "type": "Feature", "properties": { "nombre": "Junta Distrito Talitas", "tipo": "Junta", "codigo_indec": "309345", "provincia": "IGN" }, "geometry": { "type": "Point", "coordinates": [ -59.080270724714126, -32.891544352689664 ] } },
{ "type": "Feature", "properties": { "nombre": "Junta Las Mercedes", "tipo": "Junta", "codigo_indec": "309375", "provincia": "IGN" }, "geometry": { "type": "Point", "coordinates": [ -58.900957617000358, -33.163132122849163 ] } },
{ "type": "Feature", "properties": { "nombre": "Junta Perdices", "tipo": "Junta", "codigo_indec": "309385", "provincia": "IGN" }, "geometry": { "type": "Point", "coordinates": [ -58.710541822846778, -33.300096061883721 ] } },
{ "type": "Feature", "properties": { "nombre": "Junta Rincón del Cinto", "tipo": "Junta", "codigo_indec": "309395", "provincia": "IGN" }, "geometry": { "type": "Point", "coordinates": [ -58.578744567207991, -32.631540508787396 ] } },
{ "type": "Feature", "properties": { "nombre": "Junta Rincón del Gato", "tipo": "Junta", "codigo_indec": "309400", "provincia": "IGN" }, "geometry": { "type": "Point", "coordinates": [ -58.573793437816846, -32.747344711289372 ] } },
{ "type": "Feature", "properties": { "nombre": "Junta Alcaraz Norte", "tipo": "Junta", "codigo_indec": "309415", "provincia": "IGN" }, "geometry": { "type": "Point", "coordinates": [ -59.755194944690913, -31.327427858608758 ] } },
{ "type": "Feature", "properties": { "nombre": "Junta Alcaraz Sur", "tipo": "Junta", "codigo_indec": "309420", "provincia": "IGN" }, "geometry": { "type": "Point", "coordinates": [ -59.834280073566504, -31.355741532945331 ] } },
{ "type": "Feature", "properties": { "nombre": "Junta Yacaré", "tipo": "Junta", "codigo_indec": "309505", "provincia": "IGN" }, "geometry": { "type": "Point", "coordinates": [ -59.508421044495549, -30.482970368587587 ] } },
{ "type": "Feature", "properties": { "nombre": "Junta Puerto Algarrobo", "tipo": "Junta", "codigo_indec": "309485", "provincia": "IGN" }, "geometry": { "type": "Point", "coordinates": [ -59.850712537253742, -31.109635920761093 ] } },
{ "type": "Feature", "properties": { "nombre": "Junta Estaquitas", "tipo": "Junta", "codigo_indec": "309460", "provincia": "IGN" }, "geometry": { "type": "Point", "coordinates": [ -59.531445226715789, -30.838028093921366 ] } },
{ "type": "Feature", "properties": { "nombre": "Junta Colonia Carrasco", "tipo": "Junta", "codigo_indec": "309430", "provincia": "IGN" }, "geometry": { "type": "Point", "coordinates": [ -59.555970441282795, -31.337268281805734 ] } },
{ "type": "Feature", "properties": { "nombre": "Junta Colonia Oficial Nº 3 y 14", "tipo": "Junta", "codigo_indec": "309440", "provincia": "IGN" }, "geometry": { "type": "Point", "coordinates": [ -59.413258243473138, -30.542768135041342 ] } },
{ "type": "Feature", "properties": { "nombre": "Junta Colonia Viraró", "tipo": "Junta", "codigo_indec": "309445", "provincia": "IGN" }, "geometry": { "type": "Point", "coordinates": [ -59.427729866739924, -31.290970253874093 ] } },
{ "type": "Feature", "properties": { "nombre": "Junta La Providencia", "tipo": "Junta", "codigo_indec": "309465", "provincia": "IGN" }, "geometry": { "type": "Point", "coordinates": [ -59.751113311330187, -31.249181721659056 ] } },
{ "type": "Feature", "properties": { "nombre": "Junta Las Toscas", "tipo": "Junta", "codigo_indec": "309470", "provincia": "IGN" }, "geometry": { "type": "Point", "coordinates": [ -59.103035756494933, -30.494729304713587 ] } },
{ "type": "Feature", "properties": { "nombre": "Junta Ombú", "tipo": "Junta", "codigo_indec": "302666", "provincia": "IGN" }, "geometry": { "type": "Point", "coordinates": [ -59.242495217080545, -30.466309444725027 ] } },
{ "type": "Feature", "properties": { "nombre": "Junta Picada Berón", "tipo": "Junta", "codigo_indec": "309480", "provincia": "IGN" }, "geometry": { "type": "Point", "coordinates": [ -59.362972402154583, -30.911189798570319 ] } },
{ "type": "Feature", "properties": { "nombre": "Junta San Ramírez", "tipo": "Junta", "codigo_indec": "309495", "provincia": "IGN" }, "geometry": { "type": "Point", "coordinates": [ -59.340100226044569, -30.463106425620992 ] } },
{ "type": "Feature", "properties": { "nombre": "Junta Aldea San Miguel", "tipo": "Junta", "codigo_indec": "309515", "provincia": "IGN" }, "geometry": { "type": "Point", "coordinates": [ -60.170378514556774, -32.081896687282267 ] } },
{ "type": "Feature", "properties": { "nombre": "Junta Crucesitas Octava", "tipo": "Junta", "codigo_indec": "309525", "provincia": "IGN" }, "geometry": { "type": "Point", "coordinates": [ -59.515878937862624, -32.103246224833356 ] } },
{ "type": "Feature", "properties": { "nombre": "Junta Crucesitas Séptima", "tipo": "Junta", "codigo_indec": "309530", "provincia": "IGN" }, "geometry": { "type": "Point", "coordinates": [ -59.778877122181427, -32.081153269907418 ] } },
{ "type": "Feature", "properties": { "nombre": "Junta Crucesitas Tercera", "tipo": "Junta", "codigo_indec": "309535", "provincia": "IGN" }, "geometry": { "type": "Point", "coordinates": [ -59.52811420800424, -32.040800388427158 ] } },
{ "type": "Feature", "properties": { "nombre": "Junta Justo José de Urquiza", "tipo": "Junta", "codigo_indec": "309560", "provincia": "IGN" }, "geometry": { "type": "Point", "coordinates": [ -59.642900276326657, -31.974502199916571 ] } },
{ "type": "Feature", "properties": { "nombre": "Junta Laurencena", "tipo": "Junta", "codigo_indec": "309565", "provincia": "IGN" }, "geometry": { "type": "Point", "coordinates": [ -59.654988138591705, -32.285173686016776 ] } },
{ "type": "Feature", "properties": { "nombre": "Junta Aldea Eigenfeld", "tipo": "Junta", "codigo_indec": "309575", "provincia": "IGN" }, "geometry": { "type": "Point", "coordinates": [ -60.234589717441452, -31.884058309843056 ] } },
{ "type": "Feature", "properties": { "nombre": "Junta Aldea San Antonio", "tipo": "Junta", "codigo_indec": "309585", "provincia": "IGN" }, "geometry": { "type": "Point", "coordinates": [ -60.174054762317382, -31.858170173614553 ] } },
{ "type": "Feature", "properties": { "nombre": "Junta Antonio Tomás", "tipo": "Junta", "codigo_indec": "309605", "provincia": "IGN" }, "geometry": { "type": "Point", "coordinates": [ -60.047778720811266, -31.424417906661006 ] } },
{ "type": "Feature", "properties": { "nombre": "Junta Arroyo Burgos", "tipo": "Junta", "codigo_indec": "309610", "provincia": "IGN" }, "geometry": { "type": "Point", "coordinates": [ -59.611326628820848, -31.507292245340807 ] } },
{ "type": "Feature", "properties": { "nombre": "Junta Arroyo Maturrango", "tipo": "Junta", "codigo_indec": "309620", "provincia": "IGN" }, "geometry": { "type": "Point", "coordinates": [ -59.967525431953106, -31.652497879173723 ] } },
{ "type": "Feature", "properties": { "nombre": "Junta Arroyo Palo Seco", "tipo": "Junta", "codigo_indec": "309625", "provincia": "IGN" }, "geometry": { "type": "Point", "coordinates": [ -59.818098602568398, -31.568100085350636 ] } },
{ "type": "Feature", "properties": { "nombre": "Junta Santa Luisa", "tipo": "Junta", "codigo_indec": "309735", "provincia": "IGN" }, "geometry": { "type": "Point", "coordinates": [ -59.727967409468306, -31.768260147188016 ] } },
{ "type": "Feature", "properties": { "nombre": "Junta Paso de las Piedras", "tipo": "Junta", "codigo_indec": "309715", "provincia": "IGN" }, "geometry": { "type": "Point", "coordinates": [ -60.091317395781175, -31.708825796773056 ] } },
{ "type": "Feature", "properties": { "nombre": "Junta Colonia Celina", "tipo": "Junta", "codigo_indec": "309635", "provincia": "IGN" }, "geometry": { "type": "Point", "coordinates": [ -60.266241109539521, -31.614894478797112 ] } },
{ "type": "Feature", "properties": { "nombre": "Junta Colonia Merou", "tipo": "Junta", "codigo_indec": "309650", "provincia": "IGN" }, "geometry": { "type": "Point", "coordinates": [ -60.30139627112095, -31.899552298599644 ] } },
{ "type": "Feature", "properties": { "nombre": "Junta Colonia Reffino", "tipo": "Junta", "codigo_indec": "309655", "provincia": "IGN" }, "geometry": { "type": "Point", "coordinates": [ -60.423063502978266, -31.916069448746043 ] } },
{ "type": "Feature", "properties": { "nombre": "Junta Distrito Tala", "tipo": "Junta", "codigo_indec": "309670", "provincia": "IGN" }, "geometry": { "type": "Point", "coordinates": [ -59.945878108188083, -31.735370772643023 ] } },
{ "type": "Feature", "properties": { "nombre": "Junta Espinillo Norte", "tipo": "Junta", "codigo_indec": "309685", "provincia": "IGN" }, "geometry": { "type": "Point", "coordinates": [ -60.296619902486498, -31.797545113616081 ] } },
{ "type": "Feature", "properties": { "nombre": "Junta Paso de la Arena", "tipo": "Junta", "codigo_indec": "309710", "provincia": "IGN" }, "geometry": { "type": "Point", "coordinates": [ -60.16738756638307, -31.761947182516394 ] } },
{ "type": "Feature", "properties": { "nombre": "Junta Colonia Baylina", "tipo": "Junta", "codigo_indec": "309770", "provincia": "IGN" }, "geometry": { "type": "Point", "coordinates": [ -58.531977505957116, -31.783652990093401 ] } },
{ "type": "Feature", "properties": { "nombre": "Junta Walter Moss", "tipo": "Junta", "codigo_indec": "309785", "provincia": "IGN" }, "geometry": { "type": "Point", "coordinates": [ -58.535649826378346, -31.404139790818647 ] } },
{ "type": "Feature", "properties": { "nombre": "Junta San Ernesto", "tipo": "Junta", "codigo_indec": "309780", "provincia": "IGN" }, "geometry": { "type": "Point", "coordinates": [ -58.634052195852121, -31.838128970675427 ] } },
{ "type": "Feature", "properties": { "nombre": "Junta La Ollita", "tipo": "Junta", "codigo_indec": "309820", "provincia": "IGN" }, "geometry": { "type": "Point", "coordinates": [ -59.159901787037825, -32.419089646370026 ] } },
{ "type": "Feature", "properties": { "nombre": "Junta Sauce Sur", "tipo": "Junta", "codigo_indec": "309830", "provincia": "IGN" }, "geometry": { "type": "Point", "coordinates": [ -59.205435080064831, -32.669452433283141 ] } },
{ "type": "Feature", "properties": { "nombre": "Junta Arroyo Gená", "tipo": "Junta", "codigo_indec": "309832", "provincia": "IGN" }, "geometry": { "type": "Point", "coordinates": [ -58.635346636837767, -32.264126196566679 ] } },
{ "type": "Feature", "properties": { "nombre": "Junta Comuna Tala", "tipo": "Junta", "codigo_indec": "303154", "provincia": "IGN" }, "geometry": { "type": "Point", "coordinates": [ -58.451703596543723, -32.603452824188423 ] } },
{ "type": "Feature", "properties": { "nombre": "Junta San Cipriano", "tipo": "Junta", "codigo_indec": "303182", "provincia": "IGN" }, "geometry": { "type": "Point", "coordinates": [ -58.350436322478231, -32.340816838226488 ] } },
{ "type": "Feature", "properties": { "nombre": "Junta Chilcas", "tipo": "Junta", "codigo_indec": "309880", "provincia": "IGN" }, "geometry": { "type": "Point", "coordinates": [ -60.227272053562388, -32.28460296455512 ] } },
{ "type": "Feature", "properties": { "nombre": "Junta Hinojal", "tipo": "Junta", "codigo_indec": "309890", "provincia": "IGN" }, "geometry": { "type": "Point", "coordinates": [ -60.163418029018771, -32.333650550932134 ] } },
{ "type": "Feature", "properties": { "nombre": "Junta Laguna del Pescado", "tipo": "Junta", "codigo_indec": "309895", "provincia": "IGN" }, "geometry": { "type": "Point", "coordinates": [ -60.0104616393931, -32.687887675475793 ] } },
{ "type": "Feature", "properties": { "nombre": "Junta Montoya", "tipo": "Junta", "codigo_indec": "309905", "provincia": "IGN" }, "geometry": { "type": "Point", "coordinates": [ -59.872907370978339, -32.640211896062112 ] } },
{ "type": "Feature", "properties": { "nombre": "Junta Rincón de Nogoyá", "tipo": "Junta", "codigo_indec": "303245", "provincia": "IGN" }, "geometry": { "type": "Point", "coordinates": [ -59.90719145192395, -32.780963855997129 ] } },
{ "type": "Feature", "properties": { "nombre": "Junta Rincón del Doll", "tipo": "Junta", "codigo_indec": "303252", "provincia": "IGN" }, "geometry": { "type": "Point", "coordinates": [ -60.393443543584624, -32.439785575543851 ] } },
{ "type": "Feature", "properties": { "nombre": "Junta Raíces Oeste", "tipo": "Junta", "codigo_indec": "309965", "provincia": "IGN" }, "geometry": { "type": "Point", "coordinates": [ -59.412946167931239, -31.832960078544772 ] } },
{ "type": "Feature", "properties": { "nombre": "Junta Lucas Norte", "tipo": "Junta", "codigo_indec": "309935", "provincia": "IGN" }, "geometry": { "type": "Point", "coordinates": [ -58.961788371735906, -31.397177816003364 ] } },
{ "type": "Feature", "properties": { "nombre": "Junta Colonia Adivino", "tipo": "Junta", "codigo_indec": "309917", "provincia": "IGN" }, "geometry": { "type": "Point", "coordinates": [ -59.307601612324504, -31.318075017248191 ] } },
{ "type": "Feature", "properties": { "nombre": "Junta Mojones Sur", "tipo": "Junta", "codigo_indec": "309955", "provincia": "IGN" }, "geometry": { "type": "Point", "coordinates": [ -59.343486798576862, -31.543563431407165 ] } },
{ "type": "Feature", "properties": { "nombre": "Junta Mojones Norte", "tipo": "Junta", "codigo_indec": "309950", "provincia": "IGN" }, "geometry": { "type": "Point", "coordinates": [ -59.212066551330224, -31.506462980482127 ] } },
{ "type": "Feature", "properties": { "nombre": "Junta Paraje Los Algarrobos", "tipo": "Junta", "codigo_indec": "309957", "provincia": "IGN" }, "geometry": { "type": "Point", "coordinates": [ -59.454078995449265, -31.532403551682535 ] } },
{ "type": "Feature", "properties": { "nombre": "Comuna Tacurales", "tipo": "Comuna", "codigo_indec": "822378", "provincia": "IGN" }, "geometry": { "type": "Point", "coordinates": [ -61.744920497482951, -30.821993573044892 ] } },
{ "type": "Feature", "properties": { "nombre": "Comuna Colonia Iturraspe", "tipo": "Comuna", "codigo_indec": "822182", "provincia": "IGN" }, "geometry": { "type": "Point", "coordinates": [ -61.621046948957485, -31.478692436406789 ] } },
{ "type": "Feature", "properties": { "nombre": "Comuna Colonia Bigand", "tipo": "Comuna", "codigo_indec": "822161", "provincia": "IGN" }, "geometry": { "type": "Point", "coordinates": [ -61.7195147063386, -31.066882181267601 ] } },
{ "type": "Feature", "properties": { "nombre": "Comuna Hugentobler", "tipo": "Comuna", "codigo_indec": "822266", "provincia": "IGN" }, "geometry": { "type": "Point", "coordinates": [ -61.753560318553809, -30.918254634243908 ] } },
{ "type": "Feature", "properties": { "nombre": "Comuna Galisteo", "tipo": "Comuna", "codigo_indec": "822252", "provincia": "IGN" }, "geometry": { "type": "Point", "coordinates": [ -61.371587440208145, -31.050239092759853 ] } },
{ "type": "Feature", "properties": { "nombre": "Comuna Fidela", "tipo": "Comuna", "codigo_indec": "822245", "provincia": "IGN" }, "geometry": { "type": "Point", "coordinates": [ -61.800250518346729, -31.052644272015471 ] } },
{ "type": "Feature", "properties": { "nombre": "Comuna Colonia Mascías", "tipo": "Comuna", "codigo_indec": "822546", "provincia": "IGN" }, "geometry": { "type": "Point", "coordinates": [ -60.006708214512457, -30.809017744473294 ] } },
{ "type": "Feature", "properties": { "nombre": "Comuna El Sombrerito", "tipo": "Comuna", "codigo_indec": "822791", "provincia": "IGN" }, "geometry": { "type": "Point", "coordinates": [ -59.42723052356979, -28.655741903466037 ] } },
{ "type": "Feature", "properties": { "nombre": "Comuna Nicanor Molinas", "tipo": "Comuna", "codigo_indec": "822847", "provincia": "IGN" }, "geometry": { "type": "Point", "coordinates": [ -59.832595256665741, -29.12990349874741 ] } },
{ "type": "Feature", "properties": { "nombre": "Comuna Santa María Centro", "tipo": "Comuna", "codigo_indec": "823246", "provincia": "IGN" }, "geometry": { "type": "Point", "coordinates": [ -61.308367480874495, -31.522382312593606 ] } },
{ "type": "Feature", "properties": { "nombre": "Comuna Soutomayor", "tipo": "Comuna", "codigo_indec": "823274", "provincia": "IGN" }, "geometry": { "type": "Point", "coordinates": [ -61.164841104333448, -30.936014850704737 ] } },
{ "type": "Feature", "properties": { "nombre": "Comuna Rivadavia", "tipo": "Comuna", "codigo_indec": "823183", "provincia": "IGN" }, "geometry": { "type": "Point", "coordinates": [ -61.050769086923765, -31.324152752547434 ] } },
{ "type": "Feature", "properties": { "nombre": "Comuna San José", "tipo": "Comuna", "codigo_indec": "823043", "provincia": "IGN" }, "geometry": { "type": "Point", "coordinates": [ -60.871521721450222, -31.599932332011463 ] } },
{ "type": "Feature", "properties": { "nombre": "Comuna Ituzaingó", "tipo": "Comuna", "codigo_indec": "823106", "provincia": "IGN" }, "geometry": { "type": "Point", "coordinates": [ -61.174940241798652, -30.781411449878476 ] } },
{ "type": "Feature", "properties": { "nombre": "Comuna Santa María Norte", "tipo": "Comuna", "codigo_indec": "823253", "provincia": "IGN" }, "geometry": { "type": "Point", "coordinates": [ -61.13678664248954, -31.501766448262913 ] } },
{ "type": "Feature", "properties": { "nombre": "Comuna Pujato Norte", "tipo": "Comuna", "codigo_indec": "823176", "provincia": "IGN" }, "geometry": { "type": "Point", "coordinates": [ -60.932043310850077, -31.506552938767072 ] } },
{ "type": "Feature", "properties": { "nombre": "Comuna Juan de Garay", "tipo": "Comuna", "codigo_indec": "823302", "provincia": "IGN" }, "geometry": { "type": "Point", "coordinates": [ -61.605673749943549, -29.690243123721132 ] } },
{ "type": "Feature", "properties": { "nombre": "Comuna Monte Oscuridad", "tipo": "Comuna", "codigo_indec": "823617", "provincia": "IGN" }, "geometry": { "type": "Point", "coordinates": [ -62.103213375596738, -30.441597252111478 ] } },
{ "type": "Feature", "properties": { "nombre": "Comuna Colonia Clara", "tipo": "Comuna", "codigo_indec": "823568", "provincia": "IGN" }, "geometry": { "type": "Point", "coordinates": [ -61.040893273605661, -30.528306678610306 ] } },
{ "type": "Feature", "properties": { "nombre": "Comuna Portugalete", "tipo": "Comuna", "codigo_indec": "823638", "provincia": "IGN" }, "geometry": { "type": "Point", "coordinates": [ -61.369342254841172, -30.209206974722065 ] } },
{ "type": "Feature", "properties": { "nombre": "Comuna Dos Rosas y La Legua", "tipo": "Comuna", "codigo_indec": "823540", "provincia": "IGN" }, "geometry": { "type": "Point", "coordinates": [ -61.970309171431097, -30.588659994962768 ] } },
{ "type": "Feature", "properties": { "nombre": "Comuna Campo Piaggio", "tipo": "Comuna", "codigo_indec": "823743", "provincia": "IGN" }, "geometry": { "type": "Point", "coordinates": [ -61.329961525204169, -31.96626786966641 ] } },
{ "type": "Feature", "properties": { "nombre": "Comuna La Camila", "tipo": "Comuna", "codigo_indec": "823897", "provincia": "IGN" }, "geometry": { "type": "Point", "coordinates": [ -60.562013586657656, -30.080278989883425 ] } },
{ "type": "Feature", "properties": { "nombre": "Junta La Florida", "tipo": "Junta", "codigo_indec": "309155", "provincia": "IGN" }, "geometry": { "type": "Point", "coordinates": [ -58.05360048247627, -30.711025067452852 ] } },
{ "type": "Feature", "properties": { "nombre": "Junta La Fraternidad y Santa Juana", "tipo": "Junta", "codigo_indec": "309160", "provincia": "IGN" }, "geometry": { "type": "Point", "coordinates": [ -58.132011654913924, -30.661702021431097 ] } },
{ "type": "Feature", "properties": { "nombre": "Junta El Gramiyal", "tipo": "Junta", "codigo_indec": "309205", "provincia": "IGN" }, "geometry": { "type": "Point", "coordinates": [ -59.12037963451246, -31.192792554832522 ] } },
{ "type": "Feature", "properties": { "nombre": "Junta Santa Lucía", "tipo": "Junta", "codigo_indec": "309225", "provincia": "IGN" }, "geometry": { "type": "Point", "coordinates": [ -58.582748723075042, -30.698248474687318 ] } },
{ "type": "Feature", "properties": { "nombre": "Junta El Quebracho", "tipo": "Junta", "codigo_indec": "309450", "provincia": "IGN" }, "geometry": { "type": "Point", "coordinates": [ -59.661469513007603, -30.986613144381067 ] } },
{ "type": "Feature", "properties": { "nombre": "Junta Saucecito", "tipo": "Junta", "codigo_indec": "309497", "provincia": "IGN" }, "geometry": { "type": "Point", "coordinates": [ -59.155204658568096, -30.694431779802755 ] } },
{ "type": "Feature", "properties": { "nombre": "Junta María Grande 2º", "tipo": "Junta", "codigo_indec": "309705", "provincia": "IGN" }, "geometry": { "type": "Point", "coordinates": [ -59.709661410645538, -31.678282906330992 ] } },
{ "type": "Feature", "properties": { "nombre": "Junta Lucas Sur Primero", "tipo": "Junta", "codigo_indec": "309940", "provincia": "IGN" }, "geometry": { "type": "Point", "coordinates": [ -59.040437736812066, -31.666586816628239 ] } },
{ "type": "Feature", "properties": { "nombre": "Junta Lucas Sur Segundo", "tipo": "Junta", "codigo_indec": "309945", "provincia": "IGN" }, "geometry": { "type": "Point", "coordinates": [ -58.816705976499577, -31.526836590835956 ] } },
{ "type": "Feature", "properties": { "nombre": "Junta Colonia San Anselmo y Aledañas", "tipo": "Junta", "codigo_indec": "309007", "provincia": "IGN" }, "geometry": { "type": "Point", "coordinates": [ -58.180158259995665, -32.332756390095255 ] } },
{ "type": "Feature", "properties": { "nombre": "Junta Colonia Tunas", "tipo": "Junta", "codigo_indec": "309145", "provincia": "IGN" }, "geometry": { "type": "Point", "coordinates": [ -58.214745303652819, -30.340206893233471 ] } },
{ "type": "Feature", "properties": { "nombre": "Junta Distrito Diego López", "tipo": "Junta", "codigo_indec": "309195", "provincia": "IGN" }, "geometry": { "type": "Point", "coordinates": [ -58.905300484529675, -31.143015406935433 ] } },
{ "type": "Feature", "properties": { "nombre": "Junta Distrito Chañar", "tipo": "Junta", "codigo_indec": "309230", "provincia": "IGN" }, "geometry": { "type": "Point", "coordinates": [ -59.030394179247935, -30.272906980472726 ] } },
{ "type": "Feature", "properties": { "nombre": "Junta Distrito Cuarto", "tipo": "Junta", "codigo_indec": "309275", "provincia": "IGN" }, "geometry": { "type": "Point", "coordinates": [ -59.558306736966301, -32.602438823293028 ] } },
{ "type": "Feature", "properties": { "nombre": "Junta Distrito Primero", "tipo": "Junta", "codigo_indec": "309280", "provincia": "IGN" }, "geometry": { "type": "Point", "coordinates": [ -59.292495486777227, -33.048188272970378 ] } },
{ "type": "Feature", "properties": { "nombre": "Junta Distrito Quinto", "tipo": "Junta", "codigo_indec": "309285", "provincia": "IGN" }, "geometry": { "type": "Point", "coordinates": [ -59.759259239122571, -32.705359748253727 ] } },
{ "type": "Feature", "properties": { "nombre": "Junta Costa San Antonio", "tipo": "Junta", "codigo_indec": "309325", "provincia": "IGN" }, "geometry": { "type": "Point", "coordinates": [ -59.038634660860851, -32.636868197809065 ] } },
{ "type": "Feature", "properties": { "nombre": "Junta Colonia Oficial N° 13", "tipo": "Junta", "codigo_indec": "309435", "provincia": "IGN" }, "geometry": { "type": "Point", "coordinates": [ -59.179633321020901, -30.670639362516511 ] } },
{ "type": "Feature", "properties": { "nombre": "Junta Distrito Chiqueros", "tipo": "Junta", "codigo_indec": "309540", "provincia": "IGN" }, "geometry": { "type": "Point", "coordinates": [ -59.519875341573709, -32.159328216523932 ] } },
{ "type": "Feature", "properties": { "nombre": "Junta Don Cristóbal I", "tipo": "Junta", "codigo_indec": "309545", "provincia": "IGN" }, "geometry": { "type": "Point", "coordinates": [ -59.809106231967007, -32.224971940502598 ] } },
{ "type": "Feature", "properties": { "nombre": "Junta Arroyo Corralito", "tipo": "Junta", "codigo_indec": "309615", "provincia": "IGN" }, "geometry": { "type": "Point", "coordinates": [ -59.990460975193798, -31.467223251052133 ] } },
{ "type": "Feature", "properties": { "nombre": "Junta Colonia Oficial Nº 5", "tipo": "Junta", "codigo_indec": "309775", "provincia": "IGN" }, "geometry": { "type": "Point", "coordinates": [ -58.334042720295258, -31.575227210767139 ] } },
{ "type": "Feature", "properties": { "nombre": "Junta Distrito Pajonal", "tipo": "Junta", "codigo_indec": "309885", "provincia": "IGN" }, "geometry": { "type": "Point", "coordinates": [ -60.321719436702608, -32.409814924619013 ] } },
{ "type": "Feature", "properties": { "nombre": "Junta Distrito Sexto", "tipo": "Junta", "codigo_indec": "302411", "provincia": "IGN" }, "geometry": { "type": "Point", "coordinates": [ -59.784032169249144, -32.818622011596517 ] } },
{ "type": "Feature", "properties": { "nombre": "Municipio Arauco", "tipo": "Municipio", "codigo_indec": "460007", "provincia": "IGN" }, "geometry": { "type": "Point", "coordinates": [ -66.490926059190258, -28.677702418831529 ] } },
{ "type": "Feature", "properties": { "nombre": "Municipio La Rioja", "tipo": "Municipio", "codigo_indec": "460014", "provincia": "IGN" }, "geometry": { "type": "Point", "coordinates": [ -66.855827977678985, -29.412884219630996 ] } },
{ "type": "Feature", "properties": { "nombre": "Municipio Castro Barros", "tipo": "Municipio", "codigo_indec": "460021", "provincia": "IGN" }, "geometry": { "type": "Point", "coordinates": [ -66.930496598039554, -28.84776530322614 ] } },
{ "type": "Feature", "properties": { "nombre": "Municipio General Felipe Varela", "tipo": "Municipio", "codigo_indec": "460028", "provincia": "IGN" }, "geometry": { "type": "Point", "coordinates": [ -68.22774838058325, -29.317755337438825 ] } },
{ "type": "Feature", "properties": { "nombre": "Municipio Chamical", "tipo": "Municipio", "codigo_indec": "460035", "provincia": "IGN" }, "geometry": { "type": "Point", "coordinates": [ -66.312658278456752, -30.359439883543757 ] } },
{ "type": "Feature", "properties": { "nombre": "Municipio Chilecito", "tipo": "Municipio", "codigo_indec": "460042", "provincia": "IGN" }, "geometry": { "type": "Point", "coordinates": [ -67.495215272966448, -29.1651050590512 ] } },
{ "type": "Feature", "properties": { "nombre": "Municipio Famatina", "tipo": "Municipio", "codigo_indec": "460049", "provincia": "IGN" }, "geometry": { "type": "Point", "coordinates": [ -67.519593171387726, -28.925049358041406 ] } },
{ "type": "Feature", "properties": { "nombre": "Municipio Ángel Vicente Peñaloza", "tipo": "Municipio", "codigo_indec": "460056", "provincia": "IGN" }, "geometry": { "type": "Point", "coordinates": [ -66.546737943101562, -30.154411478506859 ] } },
{ "type": "Feature", "properties": { "nombre": "Municipio General Belgrano", "tipo": "Municipio", "codigo_indec": "460063", "provincia": "IGN" }, "geometry": { "type": "Point", "coordinates": [ -66.242631721077032, -30.641007569843453 ] } },
{ "type": "Feature", "properties": { "nombre": "Municipio General Juan Facundo Quiroga", "tipo": "Municipio", "codigo_indec": "460070", "provincia": "IGN" }, "geometry": { "type": "Point", "coordinates": [ -66.701802673654413, -30.836906370432587 ] } },
{ "type": "Feature", "properties": { "nombre": "Municipio General Lamadrid", "tipo": "Municipio", "codigo_indec": "460077", "provincia": "IGN" }, "geometry": { "type": "Point", "coordinates": [ -68.22948312334745, -29.020142238573385 ] } },
{ "type": "Feature", "properties": { "nombre": "Municipio General Ortiz de Ocampo", "tipo": "Municipio", "codigo_indec": "460084", "provincia": "IGN" }, "geometry": { "type": "Point", "coordinates": [ -65.992395165704295, -31.005816575774304 ] } },
{ "type": "Feature", "properties": { "nombre": "Municipio General San Martín", "tipo": "Municipio", "codigo_indec": "460091", "provincia": "IGN" }, "geometry": { "type": "Point", "coordinates": [ -66.237533256654444, -31.572746559506072 ] } },
{ "type": "Feature", "properties": { "nombre": "Municipio Vinchina", "tipo": "Municipio", "codigo_indec": "460098", "provincia": "IGN" }, "geometry": { "type": "Point", "coordinates": [ -68.204844810039901, -28.753697102139483 ] } },
{ "type": "Feature", "properties": { "nombre": "Municipio Independencia", "tipo": "Municipio", "codigo_indec": "460105", "provincia": "IGN" }, "geometry": { "type": "Point", "coordinates": [ -67.504436294399454, -30.054637491826725 ] } },
{ "type": "Feature", "properties": { "nombre": "Municipio Rosario Vera Peñaloza", "tipo": "Municipio", "codigo_indec": "460112", "provincia": "IGN" }, "geometry": { "type": "Point", "coordinates": [ -66.591923156228631, -31.340973586661676 ] } },
{ "type": "Feature", "properties": { "nombre": "Municipio San Blas de Los Sauces", "tipo": "Municipio", "codigo_indec": "460119", "provincia": "IGN" }, "geometry": { "type": "Point", "coordinates": [ -67.070608417844142, -28.373841147850669 ] } },
{ "type": "Feature", "properties": { "nombre": "Municipio Sanagasta", "tipo": "Municipio", "codigo_indec": "460126", "provincia": "IGN" }, "geometry": { "type": "Point", "coordinates": [ -67.020947168277132, -29.282281468714757 ] } },
{ "type": "Feature", "properties": { "nombre": "Municipio Las Lajitas", "tipo": "Municipio", "codigo_indec": "660035", "provincia": "IGN" }, "geometry": { "type": "Point", "coordinates": [ -64.195465979970948, -24.727401689836086 ] } },
{ "type": "Feature", "properties": { "nombre": "Municipio El Quebrachal", "tipo": "Municipio", "codigo_indec": "660014", "provincia": "IGN" }, "geometry": { "type": "Point", "coordinates": [ -64.017649373819495, -25.331998582268739 ] } },
{ "type": "Feature", "properties": { "nombre": "Municipio Payogasta", "tipo": "Municipio", "codigo_indec": "660049", "provincia": "IGN" }, "geometry": { "type": "Point", "coordinates": [ -66.102945196963219, -25.051434869423645 ] } },
{ "type": "Feature", "properties": { "nombre": "Municipio Cachi", "tipo": "Municipio", "codigo_indec": "660042", "provincia": "IGN" }, "geometry": { "type": "Point", "coordinates": [ -66.161875924334424, -25.11996764928756 ] } },
{ "type": "Feature", "properties": { "nombre": "Municipio Cafayate", "tipo": "Municipio", "codigo_indec": "660056", "provincia": "IGN" }, "geometry": { "type": "Point", "coordinates": [ -65.975983381927506, -26.073043967305182 ] } },
{ "type": "Feature", "properties": { "nombre": "Municipio San Lorenzo", "tipo": "Municipio", "codigo_indec": "660070", "provincia": "IGN" }, "geometry": { "type": "Point", "coordinates": [ -65.486314408782903, -24.73122987985505 ] } },
{ "type": "Feature", "properties": { "nombre": "Municipio Salta", "tipo": "Municipio", "codigo_indec": "660063", "provincia": "IGN" }, "geometry": { "type": "Point", "coordinates": [ -65.410286035072431, -24.7892720320786 ] } },
{ "type": "Feature", "properties": { "nombre": "Municipio La Merced", "tipo": "Municipio", "codigo_indec": "660084", "provincia": "IGN" }, "geometry": { "type": "Point", "coordinates": [ -65.489014181659115, -24.966945266510777 ] } },
{ "type": "Feature", "properties": { "nombre": "Municipio San José de los Cerrillos", "tipo": "Municipio", "codigo_indec": "660077", "provincia": "IGN" }, "geometry": { "type": "Point", "coordinates": [ -65.487144816679915, -24.895812520531365 ] } },
{ "type": "Feature", "properties": { "nombre": "Municipio Chicoana", "tipo": "Municipio", "codigo_indec": "660091", "provincia": "IGN" }, "geometry": { "type": "Point", "coordinates": [ -65.535047006713967, -25.102667289463795 ] } },
{ "type": "Feature", "properties": { "nombre": "Municipio El Carril", "tipo": "Municipio", "codigo_indec": "660098", "provincia": "IGN" }, "geometry": { "type": "Point", "coordinates": [ -65.48923668202724, -25.076671906383353 ] } },
{ "type": "Feature", "properties": { "nombre": "Municipio El Bordo", "tipo": "Municipio", "codigo_indec": "660112", "provincia": "IGN" }, "geometry": { "type": "Point", "coordinates": [ -65.106470628616592, -24.659884421728634 ] } },
{ "type": "Feature", "properties": { "nombre": "Municipio Campo Santo", "tipo": "Municipio", "codigo_indec": "660105", "provincia": "IGN" }, "geometry": { "type": "Point", "coordinates": [ -65.105013321307695, -24.683312678337415 ] } },
{ "type": "Feature", "properties": { "nombre": "Municipio General Güemes", "tipo": "Municipio", "codigo_indec": "660119", "provincia": "IGN" }, "geometry": { "type": "Point", "coordinates": [ -65.046597919858073, -24.67444720747261 ] } },
{ "type": "Feature", "properties": { "nombre": "Municipio General Mosconi", "tipo": "Municipio", "codigo_indec": "660147", "provincia": "IGN" }, "geometry": { "type": "Point", "coordinates": [ -63.810999382315629, -22.596168608094729 ] } },
{ "type": "Feature", "properties": { "nombre": "Municipio Tartagal", "tipo": "Municipio", "codigo_indec": "660161", "provincia": "IGN" }, "geometry": { "type": "Point", "coordinates": [ -63.805604917732751, -22.516818326704367 ] } },
{ "type": "Feature", "properties": { "nombre": "Municipio General Ballivián", "tipo": "Municipio", "codigo_indec": "660140", "provincia": "IGN" }, "geometry": { "type": "Point", "coordinates": [ -63.861256935459153, -22.935890620855446 ] } },
{ "type": "Feature", "properties": { "nombre": "Municipio Profesor Salvador Mazza", "tipo": "Municipio", "codigo_indec": "660154", "provincia": "IGN" }, "geometry": { "type": "Point", "coordinates": [ -63.691892773932352, -22.051657002568561 ] } },
{ "type": "Feature", "properties": { "nombre": "Municipio Guachipas", "tipo": "Municipio", "codigo_indec": "660168", "provincia": "IGN" }, "geometry": { "type": "Point", "coordinates": [ -65.510028069739576, -25.522652966561111 ] } },
{ "type": "Feature", "properties": { "nombre": "Municipio Iruya", "tipo": "Municipio", "codigo_indec": "660175", "provincia": "IGN" }, "geometry": { "type": "Point", "coordinates": [ -65.216361318320139, -22.792030237905124 ] } },
{ "type": "Feature", "properties": { "nombre": "Municipio Isla de Cañas", "tipo": "Municipio", "codigo_indec": "660182", "provincia": "IGN" }, "geometry": { "type": "Point", "coordinates": [ -64.665199432207999, -22.89913897918052 ] } },
{ "type": "Feature", "properties": { "nombre": "Municipio Vaqueros", "tipo": "Municipio", "codigo_indec": "660196", "provincia": "IGN" }, "geometry": { "type": "Point", "coordinates": [ -65.410619866113905, -24.696475384231576 ] } },
{ "type": "Feature", "properties": { "nombre": "Municipio La Caldera", "tipo": "Municipio", "codigo_indec": "660189", "provincia": "IGN" }, "geometry": { "type": "Point", "coordinates": [ -65.380635168678054, -24.602693752114931 ] } },
{ "type": "Feature", "properties": { "nombre": "Municipio El Jardín", "tipo": "Municipio", "codigo_indec": "660203", "provincia": "IGN" }, "geometry": { "type": "Point", "coordinates": [ -65.393091519158247, -26.079568397663365 ] } },
{ "type": "Feature", "properties": { "nombre": "Municipio El Tala", "tipo": "Municipio", "codigo_indec": "660210", "provincia": "IGN" }, "geometry": { "type": "Point", "coordinates": [ -65.277838620855619, -26.112211595388771 ] } },
{ "type": "Feature", "properties": { "nombre": "Municipio La Candelaria", "tipo": "Municipio", "codigo_indec": "660217", "provincia": "IGN" }, "geometry": { "type": "Point", "coordinates": [ -65.051322103532186, -26.127343301252324 ] } },
{ "type": "Feature", "properties": { "nombre": "Municipio La Poma", "tipo": "Municipio", "codigo_indec": "660224", "provincia": "IGN" }, "geometry": { "type": "Point", "coordinates": [ -66.200250161515726, -24.723285233826459 ] } },
{ "type": "Feature", "properties": { "nombre": "Municipio Coronel Moldes", "tipo": "Municipio", "codigo_indec": "660231", "provincia": "IGN" }, "geometry": { "type": "Point", "coordinates": [ -65.478842286342399, -25.279660859461046 ] } },
{ "type": "Feature", "properties": { "nombre": "Municipio La Viña", "tipo": "Municipio", "codigo_indec": "660238", "provincia": "IGN" }, "geometry": { "type": "Point", "coordinates": [ -65.565560966865064, -25.468117224230468 ] } },
{ "type": "Feature", "properties": { "nombre": "Municipio San Antonio de los Cobres", "tipo": "Municipio", "codigo_indec": "660245", "provincia": "IGN" }, "geometry": { "type": "Point", "coordinates": [ -66.673566458824951, -24.467615273226215 ] } },
{ "type": "Feature", "properties": { "nombre": "Municipio Tolar Grande", "tipo": "Municipio", "codigo_indec": "660252", "provincia": "IGN" }, "geometry": { "type": "Point", "coordinates": [ -67.395204743903776, -24.589400771328485 ] } },
{ "type": "Feature", "properties": { "nombre": "Municipio Río Piedras", "tipo": "Municipio", "codigo_indec": "660280", "provincia": "IGN" }, "geometry": { "type": "Point", "coordinates": [ -64.910323918214203, -25.314210594743088 ] } },
{ "type": "Feature", "properties": { "nombre": "Municipio El Galpón", "tipo": "Municipio", "codigo_indec": "660259", "provincia": "IGN" }, "geometry": { "type": "Point", "coordinates": [ -64.652958140205953, -25.380259671046929 ] } },
{ "type": "Feature", "properties": { "nombre": "Municipio San José de Metán", "tipo": "Municipio", "codigo_indec": "660266", "provincia": "IGN" }, "geometry": { "type": "Point", "coordinates": [ -64.971059893399342, -25.497105506114167 ] } },
{ "type": "Feature", "properties": { "nombre": "Municipio Seclantás", "tipo": "Municipio", "codigo_indec": "660287", "provincia": "IGN" }, "geometry": { "type": "Point", "coordinates": [ -66.449909389007075, -25.280054954072853 ] } },
{ "type": "Feature", "properties": { "nombre": "Municipio Aguas Blancas", "tipo": "Municipio", "codigo_indec": "660290", "provincia": "IGN" }, "geometry": { "type": "Point", "coordinates": [ -64.352287723199822, -22.737068708853769 ] } },
{ "type": "Feature", "properties": { "nombre": "Municipio Hipólito Yrigoyen", "tipo": "Municipio", "codigo_indec": "660301", "provincia": "IGN" }, "geometry": { "type": "Point", "coordinates": [ -64.2782440543196, -23.242656655280371 ] } },
{ "type": "Feature", "properties": { "nombre": "Municipio Colonia Santa Rosa", "tipo": "Municipio", "codigo_indec": "660294", "provincia": "IGN" }, "geometry": { "type": "Point", "coordinates": [ -64.425578583085098, -23.394295345653632 ] } },
{ "type": "Feature", "properties": { "nombre": "Municipio Pichanal", "tipo": "Municipio", "codigo_indec": "660308", "provincia": "IGN" }, "geometry": { "type": "Point", "coordinates": [ -64.2253034278109, -23.324591293253548 ] } },
{ "type": "Feature", "properties": { "nombre": "Municipio Urundel", "tipo": "Municipio", "codigo_indec": "660322", "provincia": "IGN" }, "geometry": { "type": "Point", "coordinates": [ -64.396929833045306, -23.557864179688124 ] } },
{ "type": "Feature", "properties": { "nombre": "Municipio Rivadavia Banda Norte", "tipo": "Municipio", "codigo_indec": "660329", "provincia": "IGN" }, "geometry": { "type": "Point", "coordinates": [ -62.88790586776156, -23.470477961188919 ] } },
{ "type": "Feature", "properties": { "nombre": "Municipio Rosario de la Frontera", "tipo": "Municipio", "codigo_indec": "660357", "provincia": "IGN" }, "geometry": { "type": "Point", "coordinates": [ -64.973858090778208, -25.798563422563859 ] } },
{ "type": "Feature", "properties": { "nombre": "Municipio Campo Quijano", "tipo": "Municipio", "codigo_indec": "660364", "provincia": "IGN" }, "geometry": { "type": "Point", "coordinates": [ -65.643222126300032, -24.908019006971529 ] } },
{ "type": "Feature", "properties": { "nombre": "Municipio San Carlos", "tipo": "Municipio", "codigo_indec": "660392", "provincia": "IGN" }, "geometry": { "type": "Point", "coordinates": [ -65.929057640697522, -25.893166648322108 ] } },
{ "type": "Feature", "properties": { "nombre": "Municipio Animaná", "tipo": "Municipio", "codigo_indec": "660385", "provincia": "IGN" }, "geometry": { "type": "Point", "coordinates": [ -65.948995230045796, -25.969483642356181 ] } },
{ "type": "Feature", "properties": { "nombre": "Municipio Angastaco", "tipo": "Municipio", "codigo_indec": "660378", "provincia": "IGN" }, "geometry": { "type": "Point", "coordinates": [ -66.167020140866782, -25.690948763174845 ] } },
{ "type": "Feature", "properties": { "nombre": "Municipio Santa Victoria Oeste", "tipo": "Municipio", "codigo_indec": "660413", "provincia": "IGN" }, "geometry": { "type": "Point", "coordinates": [ -64.965042123095486, -22.250355192138386 ] } },
{ "type": "Feature", "properties": { "nombre": "Municipio Los Toldos", "tipo": "Municipio", "codigo_indec": "660399", "provincia": "IGN" }, "geometry": { "type": "Point", "coordinates": [ -64.698920886489702, -22.280369617563736 ] } },
{ "type": "Feature", "properties": { "nombre": "Municipio Nazareno", "tipo": "Municipio", "codigo_indec": "660406", "provincia": "IGN" }, "geometry": { "type": "Point", "coordinates": [ -65.10239736524619, -22.509238467281421 ] } },
{ "type": "Feature", "properties": { "nombre": "Municipio Comandante Luis Piedra Buena", "tipo": "Municipio", "codigo_indec": "780007", "provincia": "IGN" }, "geometry": { "type": "Point", "coordinates": [ -68.909299297324651, -49.985576992084475 ] } },
{ "type": "Feature", "properties": { "nombre": "Municipio Puerto Santa Cruz", "tipo": "Municipio", "codigo_indec": "780014", "provincia": "IGN" }, "geometry": { "type": "Point", "coordinates": [ -68.521364231274219, -50.018658748702251 ] } },
{ "type": "Feature", "properties": { "nombre": "Comisión Jaramillo y Fitz Roy", "tipo": "Comisión", "codigo_indec": "785014", "provincia": "IGN" }, "geometry": { "type": "Point", "coordinates": [ -67.144724008206367, -47.184028410982364 ] } },
{ "type": "Feature", "properties": { "nombre": "Comisión Cañadón Seco", "tipo": "Comisión", "codigo_indec": "785007", "provincia": "IGN" }, "geometry": { "type": "Point", "coordinates": [ -67.610632754398068, -46.561534169865979 ] } },
{ "type": "Feature", "properties": { "nombre": "Municipio Las Heras", "tipo": "Municipio", "codigo_indec": "780028", "provincia": "IGN" }, "geometry": { "type": "Point", "coordinates": [ -68.932272491582182, -46.541313528796252 ] } },
{ "type": "Feature", "properties": { "nombre": "Municipio Puerto Deseado", "tipo": "Municipio", "codigo_indec": "780042", "provincia": "IGN" }, "geometry": { "type": "Point", "coordinates": [ -65.900948726702325, -47.751719409123382 ] } },
{ "type": "Feature", "properties": { "nombre": "Municipio Pico Truncado", "tipo": "Municipio", "codigo_indec": "780035", "provincia": "IGN" }, "geometry": { "type": "Point", "coordinates": [ -67.957851680310739, -46.799420175500643 ] } },
{ "type": "Feature", "properties": { "nombre": "Comisión Nuestra Señora de los Dolores de Koluel Kaike", "tipo": "Comisión", "codigo_indec": "785021", "provincia": "IGN" }, "geometry": { "type": "Point", "coordinates": [ -68.22358090783257, -46.716815393315699 ] } },
{ "type": "Feature", "properties": { "nombre": "Municipio Caleta Olivia", "tipo": "Municipio", "codigo_indec": "780021", "provincia": "IGN" }, "geometry": { "type": "Point", "coordinates": [ -67.522740901971019, -46.447846522698796 ] } },
{ "type": "Feature", "properties": { "nombre": "Municipio Río Turbio", "tipo": "Municipio", "codigo_indec": "780056", "provincia": "IGN" }, "geometry": { "type": "Point", "coordinates": [ -72.337854904979849, -51.536422639493196 ] } },
{ "type": "Feature", "properties": { "nombre": "Municipio 28 de Noviembre", "tipo": "Municipio", "codigo_indec": "780063", "provincia": "IGN" }, "geometry": { "type": "Point", "coordinates": [ -72.211640393289485, -51.579613896464082 ] } },
{ "type": "Feature", "properties": { "nombre": "Municipio Río Gallegos", "tipo": "Municipio", "codigo_indec": "780049", "provincia": "IGN" }, "geometry": { "type": "Point", "coordinates": [ -69.215864532921842, -51.623463266516467 ] } },
{ "type": "Feature", "properties": { "nombre": "Municipio El Chaltén", "tipo": "Municipio", "codigo_indec": "780074", "provincia": "IGN" }, "geometry": { "type": "Point", "coordinates": [ -72.885911419476372, -49.332824656032983 ] } },
{ "type": "Feature", "properties": { "nombre": "Municipio El Calafate", "tipo": "Municipio", "codigo_indec": "780070", "provincia": "IGN" }, "geometry": { "type": "Point", "coordinates": [ -72.260665242107223, -50.338029539731451 ] } },
{ "type": "Feature", "properties": { "nombre": "Comisión Tres Lagos", "tipo": "Comisión", "codigo_indec": "785035", "provincia": "IGN" }, "geometry": { "type": "Point", "coordinates": [ -71.446746789832446, -49.597910203692891 ] } },
{ "type": "Feature", "properties": { "nombre": "Municipio Los Antiguos", "tipo": "Municipio", "codigo_indec": "780077", "provincia": "IGN" }, "geometry": { "type": "Point", "coordinates": [ -71.631270810499473, -46.551075657915248 ] } },
{ "type": "Feature", "properties": { "nombre": "Municipio Perito Moreno", "tipo": "Municipio", "codigo_indec": "780084", "provincia": "IGN" }, "geometry": { "type": "Point", "coordinates": [ -70.929911675483424, -46.593816967878695 ] } },
{ "type": "Feature", "properties": { "nombre": "Municipio Puerto San Julián", "tipo": "Municipio", "codigo_indec": "780091", "provincia": "IGN" }, "geometry": { "type": "Point", "coordinates": [ -67.719744220219525, -49.314086297344716 ] } },
{ "type": "Feature", "properties": { "nombre": "Municipio Gobernador Gregores", "tipo": "Municipio", "codigo_indec": "780098", "provincia": "IGN" }, "geometry": { "type": "Point", "coordinates": [ -70.248519659954297, -48.75089733684257 ] } },
{ "type": "Feature", "properties": { "nombre": "Comisión Lago Posadas", "tipo": "Comisión", "codigo_indec": "785042", "provincia": "IGN" }, "geometry": { "type": "Point", "coordinates": [ -71.742848247048926, -47.565662519209866 ] } },
{ "type": "Feature", "properties": { "nombre": "Municipio Río Grande", "tipo": "Municipio", "codigo_indec": "940007", "provincia": "IGN" }, "geometry": { "type": "Point", "coordinates": [ -67.696328135934664, -53.786326089177635 ] } },
{ "type": "Feature", "properties": { "nombre": "Municipio Tolhuin", "tipo": "Municipio", "codigo_indec": "940021", "provincia": "IGN" }, "geometry": { "type": "Point", "coordinates": [ -67.19517198379998, -54.51143946166178 ] } },
{ "type": "Feature", "properties": { "nombre": "Municipio Ushuaia", "tipo": "Municipio", "codigo_indec": "940014", "provincia": "IGN" }, "geometry": { "type": "Point", "coordinates": [ -68.303757177851423, -54.80740398180825 ] } },
{ "type": "Feature", "properties": { "nombre": "Municipio El Potrero", "tipo": "Municipio", "codigo_indec": "660350", "provincia": "IGN" }, "geometry": { "type": "Point", "coordinates": [ -64.644820170514436, -26.047193688937568 ] } },
{ "type": "Feature", "properties": { "nombre": "Municipio Joaquín V. González", "tipo": "Municipio", "codigo_indec": "660028", "provincia": "IGN" }, "geometry": { "type": "Point", "coordinates": [ -64.125335567982063, -25.117091234273005 ] } },
{ "type": "Feature", "properties": { "nombre": "Municipio General Pizarro", "tipo": "Municipio", "codigo_indec": "660021", "provincia": "IGN" }, "geometry": { "type": "Point", "coordinates": [ -63.989639757568739, -24.228416713360616 ] } },
{ "type": "Feature", "properties": { "nombre": "Municipio Apolinario Saravia", "tipo": "Municipio", "codigo_indec": "660007", "provincia": "IGN" }, "geometry": { "type": "Point", "coordinates": [ -63.994961162127879, -24.430630077615945 ] } },
{ "type": "Feature", "properties": { "nombre": "Municipio Santa Victoria Este", "tipo": "Municipio", "codigo_indec": "660343", "provincia": "IGN" }, "geometry": { "type": "Point", "coordinates": [ -62.711086478458185, -22.274092245360805 ] } },
{ "type": "Feature", "properties": { "nombre": "Municipio Rivadavia Banda Sur", "tipo": "Municipio", "codigo_indec": "660336", "provincia": "IGN" }, "geometry": { "type": "Point", "coordinates": [ -62.888323835776362, -24.183191777178706 ] } },
{ "type": "Feature", "properties": { "nombre": "Municipio Aguaray", "tipo": "Municipio", "codigo_indec": "660126", "provincia": "IGN" }, "geometry": { "type": "Point", "coordinates": [ -63.735750096689571, -22.244020257029206 ] } },
{ "type": "Feature", "properties": { "nombre": "Municipio Embarcación", "tipo": "Municipio", "codigo_indec": "660133", "provincia": "IGN" }, "geometry": { "type": "Point", "coordinates": [ -64.098062045926611, -23.211054308609391 ] } },
{ "type": "Feature", "properties": { "nombre": "Municipio San Ramón de la Nueva Orán", "tipo": "Municipio", "codigo_indec": "660315", "provincia": "IGN" }, "geometry": { "type": "Point", "coordinates": [ -64.322921976967621, -23.136063418891638 ] } },
{ "type": "Feature", "properties": { "nombre": "Comisión El Cruce", "tipo": "Comisión", "codigo_indec": "866431", "provincia": "IGN" }, "geometry": { "type": "Point", "coordinates": [ -63.48774505177844, -27.384167222849062 ] } },
{ "type": "Feature", "properties": { "nombre": "Comisión La Noria", "tipo": "Comisión", "codigo_indec": "866184", "provincia": "IGN" }, "geometry": { "type": "Point", "coordinates": [ -64.132133486899704, -28.534065656463401 ] } },
{ "type": "Feature", "properties": { "nombre": "Comisión Kilómetro 49", "tipo": "Comisión", "codigo_indec": "866200", "provincia": "IGN" }, "geometry": { "type": "Point", "coordinates": [ -63.968949101256953, -29.159530741804051 ] } },
{ "type": "Feature", "properties": { "nombre": "Junta de Gobierno San Miguel", "tipo": "Junta de Gobierno", "codigo_indec": "309005", "provincia": "IGN" }, "geometry": { "type": "Point", "coordinates": [ -58.549520957282773, -31.993830946907021 ] } },
{ "type": "Feature", "properties": { "nombre": "Municipio Viedma", "tipo": "Municipio", "codigo_indec": "620014", "provincia": "IGN" }, "geometry": { "type": "Point", "coordinates": [ -62.995804, -40.81051 ] } },
{ "type": "Feature", "properties": { "nombre": "Municipio Salto Encantado", "tipo": "Municipio", "codigo_indec": "540053", "provincia": "IGN" }, "geometry": { "type": "Point", "coordinates": [ -54.8723366, -27.0697428 ] } },
{ "type": "Feature", "properties": { "nombre": "Comisión Palca de Aparzo", "tipo": "Comisión", "codigo_indec": "386060", "provincia": "IGN" }, "geometry": { "type": "Point", "coordinates": [ -65.10819569, -23.09863926 ] } },
{ "type": "Feature", "properties": { "nombre": "Comisión Uquía", "tipo": "Comisión", "codigo_indec": "386067", "provincia": "IGN" }, "geometry": { "type": "Point", "coordinates": [ -65.35717718, -23.30449647 ] } },
{ "type": "Feature", "properties": { "nombre": "Comisión El Moreno", "tipo": "Comisión", "codigo_indec": "386179", "provincia": "IGN" }, "geometry": { "type": "Point", "coordinates": [ -65.83178373, -23.85366839 ] } },
{ "type": "Feature", "properties": { "nombre": "Comuna Casa de Piedra", "tipo": "Comuna", "codigo_indec": "422007", "provincia": "REFEGLO" }, "geometry": { "type": "Point", "coordinates": [ -67.148509916520254, -38.153154130095189 ] } },
{ "type": "Feature", "properties": { "nombre": "Municipio Rosario de Lerma", "tipo": "Municipio", "codigo_indec": "660371", "provincia": "IGN" }, "geometry": { "type": "Point", "coordinates": [ -65.578280878031805, -24.986776406725276 ] } },
{ "type": "Feature", "properties": { "nombre": "Comuna Colonia Maua", "tipo": "Comuna", "codigo_indec": "822301", "provincia": "IGN" }, "geometry": { "type": "Point", "coordinates": [ -61.261820537359505, -30.772967464986213 ] } },
{ "type": "Feature", "properties": { "nombre": "Municipio Las Grutas", "tipo": "Municipio", "codigo_indec": "620228", "provincia": "IGN" }, "geometry": { "type": "Point", "coordinates": [ -65.091675131787753, -40.807270455223815 ] } },
{ "type": "Feature", "properties": { "nombre": "Municipio Nación Ranquel", "tipo": "Municipio", "codigo_indec": "740073", "provincia": "IGN" }, "geometry": { "type": "Point", "coordinates": [ -65.710736156348474, -34.606593869021509 ] } }
]
}
