{
"type": "FeatureCollection",
"name": "pais",
"crs": { "type": "name", "properties": { "name": "urn:ogc:def:crs:OGC:1.3:CRS84" } },
"features": [
{ "type": "Feature", "properties": { "nombre": "República Argentina", "tipo": "República" }, "geometry": { "type": "MultiPolygon", "coordinates": [ [ [ [ -59.804299860999947, -80.346206629999983 ], [ -59.860883046999959, -80.567516247999947 ], [ -59.912534749999963, -80.643626129999973 ], [ -60.028515961999972, -80.758139368999935 ], [ -60.105619597999976, -80.807893091999972 ], [ -60.174776065999936, -80.827284619999944 ], [ -60.176820874999976, -80.844825587999935 ], [ -60.206180004999965, -80.859482186999969 ], [ -60.417595739999967, -80.919367640999951 ], [ -60.581380637999985, -80.943333032999988 ], [ -61.09524960899995, -80.959932157999958 ], [ -62.329437201999951, -80.883994738999945 ], [ -62.84214893099994, -80.804823150999937 ], [ -62.991753127999971, -80.762380054999937 ], [ -62.998509471999967, -80.734492042999989 ], [ -62.965867733999971, -80.716217044999951 ], [ -62.965616682999951, -80.691422671999987 ], [ -63.057370000999981, -80.659547595999982 ], [ -63.057098092999979, -80.616405175999944 ], [ -63.143946482999979, -80.604232138999976 ], [ -63.732470069999977, -80.600230414999942 ], [ -64.175253332999944, -80.653141038999934 ], [ -64.245941712999979, -80.676312735999943 ], [ -64.261770769999941, -80.726488587999938 ], [ -64.353604451999956, -80.735628347999977 ], [ -65.204510121999988, -80.668145159999938 ], [ -66.487282942999968, -80.461784586999954 ], [ -66.762328370999967, -80.39097832899995 ], [ -66.785386672999948, -80.35044045099994 ], [ -66.824876118999953, -80.323159061999945 ], [ -66.732236163999971, -80.269742277999967 ], [ -66.602164761999973, -80.232507262999945 ], [ -66.198841525999967, -80.198430132999988 ], [ -66.183472579999943, -80.206252552999956 ], [ -66.189971035999974, -80.224541389999956 ], [ -66.244049564999955, -80.250680779999982 ], [ -66.206276624999987, -80.271321803999967 ], [ -66.23158750999994, -80.287425611999936 ], [ -66.222547689999942, -80.325189074999969 ], [ -66.199529705999964, -80.340537222999956 ], [ -66.078005741999959, -80.372779657999956 ], [ -65.749124179999967, -80.396355166999967 ], [ -63.911122503999934, -80.439483199999984 ], [ -63.428340891999937, -80.467609526 ], [ -62.095340387999954, -80.404403356999978 ], [ -61.60044882699998, -80.342320173999951 ], [ -61.214756886999965, -80.268391980999979 ], [ -61.20043577499996, -80.256738049999967 ], [ -61.20892977699998, -80.247559924999962 ], [ -61.332416236999961, -80.204537998999967 ], [ -61.416682728999945, -80.152345070999957 ], [ -61.441411795999954, -80.128187609999941 ], [ -61.44459640599996, -80.096582242999943 ], [ -61.434008587999983, -80.065786143999958 ], [ -61.267685245999985, -79.986669720999942 ], [ -61.290737528999955, -79.951643538999974 ], [ -61.247259803999953, -79.926981692999959 ], [ -61.22081523099996, -79.875224337999953 ], [ -61.054130725999983, -79.812528336999947 ], [ -60.859226723999939, -79.774551982999981 ], [ -60.570035709999956, -79.744287330999953 ], [ -60.379886890999956, -79.742068763999953 ], [ -60.115461893999964, -79.761994558999959 ], [ -59.884440134999977, -79.837243785999988 ], [ -59.901890857999945, -79.87945683199996 ], [ -59.890287402999945, -79.916134214999943 ], [ -59.963788208999972, -80.095716115999949 ], [ -59.77466708299994, -80.157635278999976 ], [ -59.741653518999954, -80.189009020999947 ], [ -59.73534656399994, -80.229086201999962 ], [ -59.804299860999947, -80.346206629999983 ] ] ], [ [ [ -67.59175696799997, -78.453145174999975 ], [ -67.26343038999994, -78.464009574999977 ], [ -67.199927474999981, -78.482020088999946 ], [ -67.166170103999946, -78.520948598999951 ], [ -67.182309345999954, -78.555756780999957 ], [ -67.227915543999984, -78.580816381999966 ], [ -67.339947307999978, -78.612901762999968 ], [ -67.411245877999988, -78.658168129999979 ], [ -67.616615895999985, -78.730859228999975 ], [ -68.723844353999937, -79.020936439999957 ], [ -68.821890733999965, -79.066512567999951 ], [ -69.034857055999964, -79.128236210999944 ], [ -69.515990724999938, -79.302516424999965 ], [ -69.687266939999972, -79.396987155999966 ], [ -69.805315948999976, -79.428587621999952 ], [ -69.836139065999987, -79.453879460999985 ], [ -69.784556355999939, -79.477996287999986 ], [ -69.800254619999976, -79.497057840999958 ], [ -69.764401282999984, -79.525320310999973 ], [ -70.002303091999977, -79.552346811999939 ], [ -70.279316775999973, -79.628145246999964 ], [ -70.254102381999985, -79.666848497999979 ], [ -70.785203407999973, -79.702318042999934 ], [ -71.399626797999986, -79.647608767999941 ], [ -71.688454838999974, -79.565149394999935 ], [ -71.796140802999957, -79.509330919999968 ], [ -71.818470115999958, -79.472258809999971 ], [ -71.820467962999942, -79.442553289999978 ], [ -71.70992328899996, -79.381288043999973 ], [ -71.626412623999954, -79.269087020999962 ], [ -71.458650555999952, -79.157917253999983 ], [ -71.269144745999938, -79.07777133899998 ], [ -70.878939318999983, -78.966645852999989 ], [ -70.297166079999954, -78.854903674999946 ], [ -69.838207990999933, -78.794204368999942 ], [ -69.612958032999984, -78.72436788999994 ], [ -69.137763182999947, -78.647867019999978 ], [ -68.514972604999969, -78.57101765799996 ], [ -68.006646053999987, -78.478131352999981 ], [ -67.59175696799997, -78.453145174999975 ] ] ], [ [ [ -47.072638018999953, -77.772187017999954 ], [ -46.675775352999949, -77.776626329999942 ], [ -45.951656329999935, -77.816958770999975 ], [ -44.905778976999954, -77.949631240999963 ], [ -44.468067927999982, -78.061983913999939 ], [ -44.286961986999984, -78.092445897999937 ], [ -44.240561760999981, -78.122969041999966 ], [ -43.78485380099994, -78.26190029299994 ], [ -43.74816074599994, -78.29305222399995 ], [ -43.761670146999961, -78.312719014999971 ], [ -43.723386713999957, -78.379010769999979 ], [ -43.881873595999934, -78.547139819999984 ], [ -43.868133618999934, -78.563021907999939 ], [ -43.92986992799996, -78.597092328999963 ], [ -44.987295865999954, -78.627529799999934 ], [ -45.355869613999971, -78.680038722999939 ], [ -45.35731504599994, -78.697631926999975 ], [ -45.27600171499995, -78.721166247999975 ], [ -45.321933272999956, -78.759470882999949 ], [ -45.382634349999933, -78.777843015999963 ], [ -45.139625618999958, -78.813870798999972 ], [ -43.76740947899998, -78.794797302999939 ], [ -43.663969426999984, -78.832706057999985 ], [ -43.478471137999975, -78.930904649999945 ], [ -43.432225890999973, -79.038039984999955 ], [ -43.430871381999964, -79.071769730999961 ], [ -43.451470698999969, -79.099298719999979 ], [ -43.358199568999964, -79.096490266999979 ], [ -43.315424203999953, -79.135772839999959 ], [ -43.189863856999978, -79.171427532999985 ], [ -43.205163435999964, -79.189303239999958 ], [ -43.334519475999969, -79.231463382999948 ], [ -43.28478086399997, -79.265742501999966 ], [ -43.306966573999944, -79.274259639999968 ], [ -43.149325033999958, -79.314318727999989 ], [ -42.974952129999963, -79.462272044999963 ], [ -42.961691539999947, -79.511429603999943 ], [ -42.981169410999939, -79.573750158999985 ], [ -42.987798250999958, -79.709583928999962 ], [ -43.040395765999961, -79.85636408299996 ], [ -43.114077083999973, -79.936397177999936 ], [ -43.260667184999932, -79.988761149999959 ], [ -43.651000783999962, -79.947458765999954 ], [ -43.820874519999961, -79.967733048999946 ], [ -43.82479550599993, -80.00140205699995 ], [ -43.777164917999983, -80.024232458999961 ], [ -43.782796562999977, -80.032803942999976 ], [ -43.445514586999934, -80.106779188999951 ], [ -43.444103995999967, -80.126131863999944 ], [ -43.478553839999961, -80.147480976999987 ], [ -43.643782808999958, -80.197967226999936 ], [ -44.011467409999966, -80.268764307999959 ], [ -44.924548568999967, -80.403905898999938 ], [ -46.160385516999952, -80.543668852999986 ], [ -47.021649386999968, -80.607702350999944 ], [ -48.037161856999944, -80.653629207999984 ], [ -48.714168488999974, -80.623681101999978 ], [ -49.354636138999979, -80.628122508999979 ], [ -49.536503722999953, -80.645291042999986 ], [ -49.723987459999933, -80.690413584999988 ], [ -49.765037974999984, -80.718774104999966 ], [ -49.721466373999931, -80.764092083999969 ], [ -49.853834624999934, -80.793396925999957 ], [ -50.38159767999997, -80.833376055999963 ], [ -51.347248804999936, -80.870192786999951 ], [ -52.630657639999981, -80.894577589999983 ], [ -53.921367294999982, -80.879794844999935 ], [ -54.270947847999935, -80.846328019999987 ], [ -54.327761052999961, -80.77858606999996 ], [ -54.320129600999962, -80.74519817099997 ], [ -54.223095652999973, -80.634407250999971 ], [ -54.128938912999956, -80.562669214999971 ], [ -54.056654630999958, -80.533697454999981 ], [ -53.969797774999961, -80.45003492099994 ], [ -53.727859308999939, -80.305179415999987 ], [ -53.488631551999958, -80.221232401999941 ], [ -53.042383465999933, -80.209995978999984 ], [ -52.18473531099994, -80.137605206999979 ], [ -51.747163005999937, -79.995321348999937 ], [ -51.33281401399995, -79.889878823999936 ], [ -51.295014506999962, -79.864089802999956 ], [ -51.03144141599995, -79.793764329999988 ], [ -50.940408237999975, -79.749840803999973 ], [ -50.563753064999958, -79.628379028999973 ], [ -50.297914932999959, -79.563950014999989 ], [ -50.285280148999959, -79.534952519999933 ], [ -50.218737673999954, -79.505523961999984 ], [ -50.244095068999968, -79.479173766999963 ], [ -50.227622082999972, -79.444844414999977 ], [ -50.350586112999963, -79.389511462999963 ], [ -50.299872616999949, -79.356800335999935 ], [ -50.404389119999962, -79.337387769999964 ], [ -50.448039057999949, -79.310506181999983 ], [ -50.325355117999948, -79.239519522999956 ], [ -50.309511010999984, -79.159897270999977 ], [ -50.475604374999932, -79.132956093999951 ], [ -50.28790192799994, -78.987698071999944 ], [ -50.288016658999936, -78.972480620999988 ], [ -50.364930619999939, -78.928360680999958 ], [ -50.199021027999947, -78.845571471999961 ], [ -50.208969805999971, -78.82827711799996 ], [ -50.146674463999943, -78.801349202999972 ], [ -50.206881753999937, -78.773635774999946 ], [ -50.175455439999951, -78.737543468999945 ], [ -50.177566955999964, -78.719735865999951 ], [ -50.225995191999971, -78.68399276699995 ], [ -50.231793898999967, -78.653399141999955 ], [ -49.913441597999963, -78.481712099999982 ], [ -49.907182169999942, -78.453636653999979 ], [ -49.838918125999953, -78.427231467999945 ], [ -49.833806722999952, -78.400577951999935 ], [ -49.757446420999941, -78.369315129999961 ], [ -49.732288204999975, -78.336320457999989 ], [ -49.643940265999959, -78.307535468999959 ], [ -49.671079731999953, -78.288719231999949 ], [ -49.632858991999967, -78.26801607799996 ], [ -49.079205119999983, -78.090150507999965 ], [ -49.137295372999972, -78.072788368999966 ], [ -49.115675580999948, -78.053805896999961 ], [ -49.015276545999939, -78.028108309999936 ], [ -48.623470607999934, -77.983356397999955 ], [ -47.622621146999961, -77.796601030999966 ], [ -47.072638018999953, -77.772187017999954 ] ] ], [ [ [ -48.822202597999933, -77.77659117099995 ], [ -49.279766129999985, -77.864071863999982 ], [ -49.392563768999935, -77.848440983999978 ], [ -49.382147695999947, -77.833882186999972 ], [ -49.191919771999949, -77.790027592999934 ], [ -49.015025222999952, -77.785513308999953 ], [ -48.808514904999981, -77.732828162999965 ], [ -48.739738766999949, -77.741626791999977 ], [ -48.822202597999933, -77.77659117099995 ] ] ], [ [ [ -73.994396428999949, -77.485544113999936 ], [ -72.989949564999961, -77.552193980999959 ], [ -72.905590457999949, -77.573131978999982 ], [ -72.727508235999949, -77.58466515799995 ], [ -72.793458710999971, -77.602404231999969 ], [ -72.740246311999954, -77.651600591999966 ], [ -72.794681103999949, -77.713583572999937 ], [ -73.070722255999954, -77.837413923999975 ], [ -73.079492650999953, -77.853144829999962 ], [ -73.308478727999955, -77.922302087999981 ], [ -73.310611241999936, -77.93672784599994 ], [ -73.359177730999988, -77.958633809999981 ], [ -73.499329569999986, -77.989572629999941 ], [ -73.434611419999953, -78.001331170999947 ], [ -73.473042633999967, -78.019530843999974 ], [ -73.518219370999986, -78.020663963999937 ], [ -73.500800294999976, -78.008798340999988 ], [ -73.525883828999952, -77.998854387999984 ], [ -74.0, -78.099425365999934 ], [ -73.994396428999949, -77.485544113999936 ] ] ], [ [ [ -25.0, -75.847460485999989 ], [ -25.0, -90.000000000999989 ], [ -74.0, -90.000000010999941 ], [ -74.0, -80.82660459899995 ], [ -73.156593947999966, -80.934888128999944 ], [ -72.810328296999955, -80.965562211999952 ], [ -72.60476142899995, -80.964031657999953 ], [ -72.565102827999965, -80.94840252299997 ], [ -72.642802338999957, -80.911275890999946 ], [ -72.603274171999942, -80.864159239999935 ], [ -72.618899639999938, -80.854373363999969 ], [ -72.556988238999963, -80.792547178999939 ], [ -72.441876267999987, -80.742511396999987 ], [ -72.365017179999938, -80.739683118999949 ], [ -72.345174130999965, -80.756725069999959 ], [ -72.354674708999937, -80.768497880999973 ], [ -72.313826186999961, -80.771660405999967 ], [ -71.87057740299997, -80.744795009999962 ], [ -71.660758249999958, -80.701673659999983 ], [ -71.598886859999936, -80.703715853999938 ], [ -71.574726296999984, -80.722954071999936 ], [ -71.207981475999986, -80.647027684999955 ], [ -71.169388890999983, -80.631521395999982 ], [ -71.184325307999984, -80.615155743999935 ], [ -71.125051250999945, -80.599572591999959 ], [ -70.953498906999982, -80.627111207999974 ], [ -70.796343175999937, -80.615484858999935 ], [ -70.553887514999985, -80.642211698999972 ], [ -70.412926009999978, -80.673953128999983 ], [ -70.379896605999988, -80.708787018999942 ], [ -70.424957209999945, -80.760045569999988 ], [ -70.387881120999964, -80.789138585999979 ], [ -70.407626532999984, -80.830439943999977 ], [ -70.314226764999944, -80.848724692999951 ], [ -70.327028921999954, -80.864797837999959 ], [ -70.303968432999966, -80.868453831999943 ], [ -70.321368258999939, -80.875602625999989 ], [ -70.310222958999987, -80.88190366699996 ], [ -70.217995343999974, -80.879770636999979 ], [ -70.222609593999948, -80.896982848999983 ], [ -70.166678714999989, -80.894207089999952 ], [ -70.165205127999968, -80.907301017999941 ], [ -70.033449584999971, -80.900254167999947 ], [ -70.105380146999948, -80.935803311999962 ], [ -69.995065301999944, -80.977376689999971 ], [ -69.544132802999968, -80.999125925999977 ], [ -69.171978703999969, -81.035723494999957 ], [ -68.965560706999952, -81.005361039999968 ], [ -68.697016504999965, -81.016085030999989 ], [ -68.494483902999946, -81.059532366999974 ], [ -68.456184891999953, -81.102626078999947 ], [ -68.418404786999986, -81.110790810999958 ], [ -66.479394990999936, -81.350123675999953 ], [ -65.969794147999949, -81.435092476999955 ], [ -65.231056106999972, -81.530031608999934 ], [ -64.807078065999974, -81.54736655499994 ], [ -64.591374979999955, -81.535034526999937 ], [ -64.183719383999971, -81.542965779999975 ], [ -64.047301988999948, -81.571641924999938 ], [ -63.897902916999954, -81.57823171299998 ], [ -63.156121144999986, -81.542412874999968 ], [ -62.732814382999948, -81.544153818999973 ], [ -62.299716022999974, -81.564192896999941 ], [ -62.289130848999946, -81.569601240999987 ], [ -62.307118832999947, -81.581793767999955 ], [ -62.298701050999966, -81.588078057999951 ], [ -62.213800426999967, -81.596104220999962 ], [ -62.203322288999971, -81.606858647999957 ], [ -62.218393136999964, -81.620130135999943 ], [ -62.086594838999986, -81.653414134999935 ], [ -62.220306510999933, -81.693004778999978 ], [ -62.431133069999987, -81.716143121999949 ], [ -63.049651563999987, -81.722623457999987 ], [ -63.297481481999966, -81.711066957999947 ], [ -63.396091947999935, -81.680339931999981 ], [ -63.300802770999951, -81.645366190999937 ], [ -63.339962796999941, -81.638629868999942 ], [ -63.545323149999945, -81.645973977999972 ], [ -63.669793410999944, -81.677102676999937 ], [ -64.005203657999971, -81.700844548999953 ], [ -64.086474406999969, -81.689021541999978 ], [ -63.856620167999949, -81.616195992999963 ], [ -63.87651369799994, -81.609710432999975 ], [ -63.971871969999938, -81.617528639999989 ], [ -64.114188200999934, -81.667346532999943 ], [ -64.25775628599996, -81.688599683999939 ], [ -64.70040972299995, -81.698194919999935 ], [ -64.720570194999937, -81.69297430599994 ], [ -64.540494900999988, -81.635646634999944 ], [ -64.634126254999956, -81.623890256999971 ], [ -64.740086475999988, -81.632518704999939 ], [ -65.187493053999958, -81.741251047999981 ], [ -65.215467914999977, -81.76172093699995 ], [ -65.181551057999968, -81.778226906999976 ], [ -64.929919766999944, -81.798664304999988 ], [ -64.955991046999941, -81.814109000999963 ], [ -64.906931042999986, -81.82315952099998 ], [ -64.439932773999942, -81.774983393999946 ], [ -63.836063210999953, -81.768670509999936 ], [ -63.467614147999939, -81.78725818099997 ], [ -63.59130319999997, -81.829457723999951 ], [ -63.521108560999949, -81.848581889999934 ], [ -63.542486538999981, -81.861686316999965 ], [ -64.004742247999957, -81.906000285999937 ], [ -64.582870984999943, -81.92066570999998 ], [ -65.274908770999957, -81.911654921999968 ], [ -65.325977019999982, -81.905072796999946 ], [ -65.280882476999977, -81.890819139999962 ], [ -65.581674176999968, -81.887655400999961 ], [ -65.673962494999955, -81.872024192999959 ], [ -66.256202938999934, -81.948689377999983 ], [ -65.631372036999949, -81.990377108999951 ], [ -65.941130919999978, -82.085926964999942 ], [ -65.953304149999951, -82.110681952999983 ], [ -66.02864145999996, -82.129922590999968 ], [ -65.984863548999954, -82.142032895999989 ], [ -65.987197243999958, -82.160113054999954 ], [ -66.112616510999942, -82.189080329999967 ], [ -66.039514809999957, -82.214973388999965 ], [ -65.921192174999987, -82.22262828099997 ], [ -65.960444592999977, -82.23750133599998 ], [ -65.912134697999988, -82.253924131999952 ], [ -65.925240661999965, -82.263957835999975 ], [ -66.097200912999938, -82.299310567999953 ], [ -66.071761629999969, -82.31283435499995 ], [ -65.690518023999971, -82.32350123599997 ], [ -65.398439189999976, -82.274619472999973 ], [ -65.208739719999983, -82.272310989999937 ], [ -65.195719061999966, -82.275261055999977 ], [ -65.209064608999938, -82.288987924999958 ], [ -65.135686727999939, -82.303769287999955 ], [ -65.182714214999976, -82.319206001999987 ], [ -65.209683503999941, -82.347288180999954 ], [ -65.085746033999953, -82.373954821999973 ], [ -65.128624017999982, -82.396288893999952 ], [ -65.109431806999964, -82.405988324999953 ], [ -64.497126293999941, -82.358800923 ], [ -64.474777657999937, -82.36116408099997 ], [ -64.540471089999983, -82.37894320099997 ], [ -64.510180615999957, -82.38887540199994 ], [ -64.499473457999954, -82.410030203999952 ], [ -64.405946684999947, -82.419203057999937 ], [ -64.268541987999981, -82.394464013999936 ], [ -64.251021481999942, -82.377155397999957 ], [ -64.036296161999985, -82.354069008999943 ], [ -63.802148293999949, -82.307083899999952 ], [ -63.751028326999972, -82.309404545999939 ], [ -63.780181444999982, -82.317446590999964 ], [ -63.766293148999978, -82.320976476999988 ], [ -63.545804428999986, -82.316667438999957 ], [ -63.580348451999953, -82.326654261999977 ], [ -63.340951819999987, -82.343237109999961 ], [ -63.25335636899996, -82.326418914999977 ], [ -63.236433380999983, -82.307363170999963 ], [ -63.177189005999935, -82.290498003999971 ], [ -63.229907173999948, -82.267485922999981 ], [ -63.071946331999982, -82.252604779999956 ], [ -63.023060391999934, -82.260050212999943 ], [ -63.074894189999952, -82.277201672999979 ], [ -63.071288545999948, -82.287400030999947 ], [ -62.851899310999954, -82.275741707999941 ], [ -62.814833128999965, -82.290812309999978 ], [ -62.344566713999939, -82.256078254999977 ], [ -62.240904129999933, -82.267731501999947 ], [ -62.262697, -82.282896387999983 ], [ -62.162373981999963, -82.276953921999961 ], [ -62.151420260999942, -82.281555134999962 ], [ -62.175601097999959, -82.29543410499997 ], [ -62.138042189999965, -82.29713684099994 ], [ -61.885661005999964, -82.247363575999941 ], [ -61.78440313599998, -82.257065788999967 ], [ -61.487920067999937, -82.242046371999947 ], [ -60.727690059999986, -82.155299070999945 ], [ -60.630325425999956, -82.163411827999937 ], [ -60.690071877999969, -82.198710863999963 ], [ -60.414500820999933, -82.177048165999963 ], [ -60.629358513999932, -82.251456274999953 ], [ -61.10241537099995, -82.345464551999953 ], [ -61.296531398999946, -82.343914014999939 ], [ -61.563653276999958, -82.374704379999969 ], [ -62.063008314999934, -82.472037304999958 ], [ -62.816014394999968, -82.522507056999984 ], [ -62.735617555999966, -82.591032962999975 ], [ -62.466049298999963, -82.688087910999968 ], [ -62.497444019999932, -82.718836878 ], [ -62.428163315999939, -82.723734533999959 ], [ -62.41978284299995, -82.741258838999954 ], [ -62.099472152999965, -82.851417934999972 ], [ -62.080912508999972, -82.86995772399996 ], [ -62.080238176999956, -82.898094922999974 ], [ -61.971295302999977, -82.956584575999955 ], [ -61.959121153999945, -82.978525668999964 ], [ -62.006722001999947, -83.005049784999983 ], [ -62.237720154999977, -83.029117017999965 ], [ -61.961587830999974, -83.028144458999975 ], [ -61.869247905999941, -82.997634558999948 ], [ -61.690811334999978, -83.040407604999984 ], [ -61.595339555999942, -83.040191493999941 ], [ -61.547288636999951, -83.028190409999979 ], [ -61.566629957999965, -83.01039409699996 ], [ -61.430415529999948, -82.971701380999946 ], [ -61.353286748999949, -82.923110853999958 ], [ -61.162855318999959, -82.94612293299997 ], [ -61.132222498999965, -82.938744116999942 ], [ -61.125957532999962, -82.911258172999965 ], [ -61.096797941999966, -82.906827695999937 ], [ -61.059158234999984, -82.908599548999973 ], [ -61.022685292999938, -82.933062236999945 ], [ -60.962407242999973, -83.00576184099998 ], [ -61.020920248999971, -83.105024913999955 ], [ -61.150171508999961, -83.17759399199997 ], [ -61.214067418999946, -83.201277955999956 ], [ -61.439696695999942, -83.238042912999958 ], [ -61.666261760999987, -83.321060332999934 ], [ -61.866194929999949, -83.371806292999963 ], [ -61.844550346999938, -83.376388978999955 ], [ -61.545408704999943, -83.351329839999948 ], [ -61.470919312999968, -83.359397455999954 ], [ -61.492694207999932, -83.374566556 ], [ -61.466439197999932, -83.383663482999964 ], [ -61.216821534999951, -83.381988106999984 ], [ -61.110960324999951, -83.400445274999981 ], [ -60.949245653999981, -83.391261279999981 ], [ -60.77488617299997, -83.423560770999984 ], [ -59.909087866999982, -83.43926285799995 ], [ -59.838723983999955, -83.457037441999944 ], [ -59.597018982999941, -83.467553081999938 ], [ -59.249262085999987, -83.451996143999963 ], [ -58.913228377999985, -83.401662573999943 ], [ -58.814350455999943, -83.353203761999964 ], [ -58.711470565999946, -83.337918022999986 ], [ -58.722066003999942, -83.297014080999986 ], [ -58.604047927999943, -83.241546192999976 ], [ -57.950357130999976, -83.031211872999961 ], [ -57.757246289999955, -82.942824578999989 ], [ -57.748050509999985, -82.920975192999947 ], [ -57.172166776999973, -82.780145442999981 ], [ -56.743656529999953, -82.72848025899998 ], [ -56.473461646999965, -82.675082748999955 ], [ -56.316503008999973, -82.620177712999975 ], [ -56.058501545999945, -82.566603486999952 ], [ -56.065417954999987, -82.551027611999984 ], [ -55.984767748999957, -82.537979083999971 ], [ -55.975217777999944, -82.530467241999986 ], [ -55.991303277999975, -82.522306257999958 ], [ -55.901497751999955, -82.49560635499995 ], [ -55.918302273999984, -82.477044725999974 ], [ -55.905743398999959, -82.472594105999974 ], [ -55.600888127999951, -82.461588024999969 ], [ -55.424864143999969, -82.476234105999936 ], [ -55.403916865999975, -82.497653507999985 ], [ -55.331815268999947, -82.509495842999968 ], [ -55.155243015999986, -82.517209721999961 ], [ -55.125726133999933, -82.510750194999957 ], [ -55.132939943999986, -82.488757676999967 ], [ -55.189977149999947, -82.460847358999956 ], [ -55.090244345999963, -82.426079625999989 ], [ -55.152432977999979, -82.393840068999964 ], [ -55.022495522999975, -82.360893830999942 ], [ -55.033125354999981, -82.349578037999947 ], [ -54.849091402999932, -82.348645988999976 ], [ -54.819135352999979, -82.333834361999948 ], [ -54.829119720999984, -82.309638729999961 ], [ -54.696563641999944, -82.291996769999969 ], [ -54.483265940999956, -82.305607468999938 ], [ -54.427313777999984, -82.288918000999956 ], [ -54.305201520999958, -82.288694355999951 ], [ -54.135228855999969, -82.25172168499995 ], [ -54.276251545999969, -82.260438282999985 ], [ -54.316373622999947, -82.24900420299997 ], [ -53.957822236999959, -82.202329056999986 ], [ -54.288026577999972, -82.194362254999987 ], [ -54.234397786999978, -82.184128295999983 ], [ -53.962240194999936, -82.172994913999958 ], [ -53.805777647999946, -82.195606459999965 ], [ -53.316714131999959, -82.148560611999983 ], [ -53.221682993999934, -82.124124435999988 ], [ -52.703765145999967, -82.162545357999988 ], [ -52.238840810999932, -82.110275053999942 ], [ -52.12926420499997, -82.079030148999948 ], [ -51.251871674999961, -82.029768353999941 ], [ -50.759608046999972, -81.962595875999966 ], [ -50.682373991999953, -81.975325793999957 ], [ -50.703128973999981, -81.991901064999979 ], [ -50.600868189999971, -81.99638921899998 ], [ -49.519778046999932, -81.956518370999959 ], [ -48.941062113999976, -81.898114367999938 ], [ -48.768042316999981, -81.909412526999972 ], [ -48.383716833999983, -81.897631239999953 ], [ -48.272487824999985, -81.918285885999978 ], [ -48.160354509999934, -81.905720364999979 ], [ -47.545333635999953, -81.930069530999958 ], [ -47.50626426599996, -81.939381991999937 ], [ -47.504243256999985, -81.959789549999982 ], [ -47.465065900999946, -81.976122153999938 ], [ -47.302139036999961, -81.979185079 ], [ -47.595782029999953, -82.031887520999987 ], [ -47.492193605999944, -82.048558920999938 ], [ -47.345042731999968, -82.047656143999973 ], [ -47.289037398999938, -82.071379281999953 ], [ -47.161826774999952, -82.057210276999967 ], [ -47.184927583999979, -82.037911378 ], [ -47.086924308999983, -81.994560543999967 ], [ -46.743830858999956, -81.982631718999983 ], [ -46.52525434699993, -81.940519887999983 ], [ -46.243596859999968, -81.91601720999995 ], [ -46.225920435999967, -81.919179207999946 ], [ -46.278385956999955, -81.973336808999989 ], [ -46.01047300099998, -82.094328582999935 ], [ -46.069162320999965, -82.123623372999987 ], [ -45.983770045999961, -82.136594904999981 ], [ -46.120533921999936, -82.184688953999967 ], [ -46.136576726999976, -82.211882360999937 ], [ -46.088080954999953, -82.225393185999962 ], [ -46.216724982999949, -82.282713230999946 ], [ -46.431929993999972, -82.354499196999939 ], [ -46.690610652999965, -82.407244844 ], [ -46.439733875999934, -82.481886348999979 ], [ -46.497562554999945, -82.508170265 ], [ -46.486384323999971, -82.514776026999982 ], [ -46.318539073999943, -82.518524597999942 ], [ -46.20026661199995, -82.54832068099995 ], [ -46.018173786999967, -82.54035461899997 ], [ -45.892947575999983, -82.469205123999984 ], [ -45.816137485999946, -82.454387187999941 ], [ -45.678828081999939, -82.452413992999936 ], [ -45.678445264999937, -82.478988114999936 ], [ -45.719870009999966, -82.501434536999966 ], [ -45.648475580999957, -82.523028342999964 ], [ -44.833334393999962, -82.395680590999973 ], [ -44.351319230999934, -82.382955591999973 ], [ -44.217177613999979, -82.408684558999937 ], [ -44.061495226999966, -82.400130782999952 ], [ -43.799409123999965, -82.335767011999963 ], [ -43.725100422999958, -82.298234257999979 ], [ -43.280595734999963, -82.20322804999995 ], [ -43.32806153699994, -82.194367671999942 ], [ -43.350621123999986, -82.167031571999985 ], [ -43.128318687999979, -82.115136381999946 ], [ -43.158363770999983, -82.073908625999934 ], [ -43.273406363999982, -82.032813584999985 ], [ -43.170192982999936, -82.015898154999945 ], [ -43.197332872999937, -81.994805589999942 ], [ -43.153599075999978, -81.980235424999989 ], [ -43.231892273999961, -81.947899921999976 ], [ -43.163611899999978, -81.910727300999952 ], [ -43.167320280999945, -81.895605549999971 ], [ -42.465001495999957, -81.760774180999988 ], [ -42.232605778999982, -81.696522931999937 ], [ -42.269980449999935, -81.671658061999949 ], [ -42.224253376999968, -81.657442897999942 ], [ -42.236238766999975, -81.644655766999961 ], [ -42.224054539999941, -81.638560133999988 ], [ -41.931743345999962, -81.614676628999973 ], [ -41.894848382999953, -81.569233235999945 ], [ -41.937870286999953, -81.541025222999963 ], [ -41.881272077999938, -81.511114361999944 ], [ -41.882181352999964, -81.488528765999945 ], [ -41.82063248999998, -81.451358266999989 ], [ -41.764816887999984, -81.438945765999961 ], [ -41.792063664999944, -81.424023029999944 ], [ -41.787040739999952, -81.414334404999977 ], [ -41.52806697699998, -81.326628779999965 ], [ -41.104734506999932, -81.218749199999934 ], [ -41.059766077999939, -81.18798026199994 ], [ -40.963059, -81.191785268999979 ], [ -40.795447799999977, -81.170868782999946 ], [ -40.635045401999946, -81.19725352599994 ], [ -40.299364773999969, -81.163895460999981 ], [ -39.569703578999963, -80.99180458099994 ], [ -39.058852209999941, -80.935650907999957 ], [ -38.960144080999953, -80.905006645999947 ], [ -38.777385977999984, -80.896179831999973 ], [ -38.832369841999935, -80.883662120999986 ], [ -38.816687250999962, -80.865271984999936 ], [ -38.686553937999975, -80.880573245999983 ], [ -38.546821099999931, -80.920419402999983 ], [ -38.457222914999932, -80.909912639999959 ], [ -37.693845338999949, -80.987833382999952 ], [ -37.619746242999952, -80.977052381999954 ], [ -37.602184776999934, -81.001157464999949 ], [ -37.652188311999964, -81.014141673999973 ], [ -37.460691107999935, -81.031563779999942 ], [ -37.38991219199994, -81.069493686999976 ], [ -37.287679821999973, -81.084911708999982 ], [ -37.279858684999965, -81.052363427999978 ], [ -37.11255093799997, -81.035063890999936 ], [ -37.019147956999973, -81.004860239999971 ], [ -36.80285930499997, -80.982907443999977 ], [ -36.616752672999951, -81.001973937999935 ], [ -36.592497790999971, -80.992565338999952 ], [ -36.606273983999984, -80.968351368999947 ], [ -36.502074504999939, -80.936094084 ], [ -36.034501263999971, -80.917712620999964 ], [ -36.020683767999969, -80.914175906999958 ], [ -36.032553158999974, -80.892326618999959 ], [ -35.867241824999951, -80.865567769999984 ], [ -35.88619319999998, -80.839333022999938 ], [ -35.788209622999943, -80.82359258799994 ], [ -35.803126384999985, -80.809790724999971 ], [ -35.780442917999949, -80.801015915999983 ], [ -35.488348400999939, -80.745290863999969 ], [ -35.179684555999984, -80.72156389099996 ], [ -35.180007316999934, -80.705724042999975 ], [ -35.199048869999956, -80.698929087999943 ], [ -35.482962000999976, -80.644466578999982 ], [ -35.394000439999957, -80.622015573999988 ], [ -35.203362897999966, -80.611292723999952 ], [ -35.217969103999962, -80.601359403999936 ], [ -35.205080434999957, -80.597919972999989 ], [ -34.679349644999945, -80.63068743599996 ], [ -34.48849075499993, -80.662801871999989 ], [ -33.999208572999976, -80.64901559599997 ], [ -33.869162894999931, -80.622458479999977 ], [ -33.600008594999963, -80.62634292499996 ], [ -33.577046389999964, -80.621442587 ], [ -33.604255509999973, -80.61472049799994 ], [ -33.589061873999981, -80.608894368999984 ], [ -33.428995561999955, -80.610723392999944 ], [ -33.301223397999934, -80.565708017999953 ], [ -33.166985178999937, -80.553742324999973 ], [ -33.449842008999951, -80.524082988999965 ], [ -33.498968283999943, -80.504236175999949 ], [ -33.481570136999949, -80.499443694999968 ], [ -33.118908943999941, -80.533466281999949 ], [ -32.885118382999963, -80.534348384999987 ], [ -32.350306633999935, -80.46643794299996 ], [ -32.183746482999936, -80.473553145999972 ], [ -31.964926039999966, -80.42569569799997 ], [ -30.638395539999976, -80.480914033999966 ], [ -30.613945498999954, -80.474335117999942 ], [ -30.667447123999978, -80.454069662999984 ], [ -31.123872520999953, -80.402778687999955 ], [ -31.315291663999972, -80.362252104999982 ], [ -31.203908056999978, -80.344873901999961 ], [ -31.269991101999949, -80.317894399999943 ], [ -31.238215741999966, -80.293956437999952 ], [ -31.056386087999954, -80.285395322999989 ], [ -31.020830736999983, -80.271144162999974 ], [ -30.802103605999946, -80.264146199999971 ], [ -30.162919909999971, -80.294293486999948 ], [ -30.139795007999965, -80.287463337999952 ], [ -30.16114203799998, -80.27303070399995 ], [ -30.127084200999946, -80.265970427999946 ], [ -29.736491899999976, -80.258184963999952 ], [ -29.723717245999978, -80.251518165999983 ], [ -29.794378519999952, -80.238270223999962 ], [ -29.807070275999934, -80.227943393999965 ], [ -29.79351401699995, -80.218165695999971 ], [ -29.833874143999935, -80.208595076999984 ], [ -29.79262754399997, -80.161640245999934 ], [ -29.743541868999955, -80.154310058999954 ], [ -29.557351413999982, -80.161684802999957 ], [ -28.830375148999963, -80.113289491999979 ], [ -28.104204730999982, -80.089066005999939 ], [ -26.342218861999982, -80.118213401999981 ], [ -26.258529630999931, -80.112366771999973 ], [ -26.324393892999979, -80.097092886999974 ], [ -26.018506485999978, -80.094888745999981 ], [ -26.020820094999976, -80.082970204999981 ], [ -26.202004231999979, -80.015135737999969 ], [ -26.62459937999995, -80.015579868999964 ], [ -26.76664513299994, -80.000008425999965 ], [ -26.600000000999955, -80.0 ], [ -27.054443178999975, -79.994545483999957 ], [ -27.319749568999953, -79.969198842999958 ], [ -28.494847910999965, -79.983551534999947 ], [ -28.753595498999971, -79.962249845999963 ], [ -29.6, -80.0 ], [ -29.482670501999962, -80.000014701999987 ], [ -30.148052511999936, -80.046131875999947 ], [ -30.381503619999933, -80.000005087999966 ], [ -30.200000000999978, -80.0 ], [ -30.514873562999981, -79.987364351999986 ], [ -30.526268155999958, -79.981368186999987 ], [ -30.511981208999941, -79.973229672999935 ], [ -30.51861092799993, -79.955802073999962 ], [ -30.579920237999943, -79.940846047999969 ], [ -30.76448144799997, -79.950210609999942 ], [ -30.953905735999967, -79.899045060999981 ], [ -31.151836304999961, -79.915981069999987 ], [ -31.640823753999939, -79.886077998999951 ], [ -31.741660705999948, -79.862735633999989 ], [ -31.98198167299995, -79.848070552999957 ], [ -31.992497126999979, -79.825629609999964 ], [ -32.126015579999944, -79.807373994999978 ], [ -32.092705348999971, -79.787704558999963 ], [ -31.793781052999975, -79.750122416999943 ], [ -31.758156235999934, -79.733252114999971 ], [ -31.799270243999956, -79.715755255999966 ], [ -32.085060731999931, -79.689296807999938 ], [ -32.148619129999929, -79.662492673999964 ], [ -32.04936039699993, -79.637628651999989 ], [ -31.606249869999942, -79.599337906999949 ], [ -31.049163754999938, -79.61271912899997 ], [ -30.719810291999977, -79.574573825999948 ], [ -29.750770641999964, -79.351498704999983 ], [ -29.541046119999976, -79.276431753999987 ], [ -29.610757127999932, -79.258366265999939 ], [ -29.821112698999968, -79.319325420999974 ], [ -29.84609514899995, -79.316322974999935 ], [ -29.836112230999959, -79.304105518999961 ], [ -29.890445149999948, -79.300502320999954 ], [ -29.837295255999948, -79.276388261999955 ], [ -29.958604734999938, -79.255211073999988 ], [ -30.384220340999946, -79.291793234999943 ], [ -30.541390354999976, -79.292378289999988 ], [ -30.586696912999969, -79.275379334999968 ], [ -30.54065522999997, -79.230600740999989 ], [ -30.490980250999939, -79.217335273999936 ], [ -30.14188065899998, -79.177466552999988 ], [ -29.964716393999936, -79.137972637999951 ], [ -29.945180145999984, -79.118975415999955 ], [ -29.967214769999941, -79.106834054999979 ], [ -30.188163826999983, -79.107568888999936 ], [ -30.207478658999946, -79.097833131999948 ], [ -30.190066418999947, -79.06902211299996 ], [ -30.263439167999934, -79.042648725999982 ], [ -30.41779134199993, -79.057071895999968 ], [ -30.558382026999936, -79.102327786999979 ], [ -30.646811150999952, -79.097105554999985 ], [ -30.638912872999981, -79.077747430999977 ], [ -30.669997295999963, -79.078497152999944 ], [ -30.794580122999946, -79.114709729999959 ], [ -31.121773296999947, -79.161347386999978 ], [ -31.34466439299996, -79.155666553999936 ], [ -32.649195583999983, -79.257163430999981 ], [ -33.72834873599993, -79.220568620999984 ], [ -33.842501915999947, -79.188922994999984 ], [ -34.162348737999935, -79.161130988999957 ], [ -34.168478949999951, -79.147029566999947 ], [ -34.227359761999935, -79.129806814999938 ], [ -34.149881809999954, -79.109838269999955 ], [ -34.650771354999961, -79.017231959999947 ], [ -35.714551111999981, -78.923001454999962 ], [ -35.76813386799995, -78.901661653999952 ], [ -36.12051585599994, -78.87562214899998 ], [ -36.269103966999978, -78.845571000999939 ], [ -36.362728058999949, -78.817151114999945 ], [ -36.334835957999928, -78.812606809999977 ], [ -36.391513148999934, -78.775755419999939 ], [ -36.43832271499997, -78.692364828999985 ], [ -36.482206474999941, -78.68080219899997 ], [ -36.534093414999973, -78.630833590999941 ], [ -36.51761107599998, -78.605296903999943 ], [ -36.415820320999956, -78.575057112999957 ], [ -36.35439460799995, -78.477789857999937 ], [ -36.245315256999959, -78.383022538999967 ], [ -36.025092034999943, -78.271041472999968 ], [ -35.98517082099994, -78.230123805999938 ], [ -35.89616101799993, -78.191867023999976 ], [ -35.814973658999975, -78.178392263999967 ], [ -35.777181179999957, -78.158096877999981 ], [ -35.771955350999974, -78.133809944999939 ], [ -35.66172548399993, -78.117371784999989 ], [ -35.624959292999961, -78.084587931999977 ], [ -35.521187243999975, -78.054222804999938 ], [ -35.507178755999973, -78.028125960999944 ], [ -35.525280343999952, -78.006949610999982 ], [ -35.503250152999954, -77.970607060999953 ], [ -35.460932523999929, -77.958500043999948 ], [ -35.427393497999958, -77.933576872999936 ], [ -35.412500646999945, -77.899794124999971 ], [ -35.330701740999984, -77.847713914999986 ], [ -34.916116371999976, -77.821823033999976 ], [ -34.623897910999972, -77.857187051999972 ], [ -34.53921039599993, -77.892551068999978 ], [ -34.276772158999961, -77.950250256999936 ], [ -34.265604574999941, -77.938152039999977 ], [ -34.277702790999967, -77.918608765999977 ], [ -34.352153353999938, -77.887897908999946 ], [ -34.135316087999968, -77.869285268999988 ], [ -34.079478164999955, -77.841366307999976 ], [ -34.258159516999967, -77.839505041999985 ], [ -34.37634978799997, -77.813447345999975 ], [ -34.637857390999955, -77.792042807999962 ], [ -34.652747503999933, -77.785528384999964 ], [ -34.617383485999937, -77.765054478999957 ], [ -34.626689806999934, -77.752956261999941 ], [ -34.71603048399993, -77.733412989999977 ], [ -34.781856672999936, -77.680424544999937 ], [ -34.734524156999953, -77.651091380999958 ], [ -34.730277635999983, -77.628484242999946 ], [ -34.560724910999966, -77.593968183999948 ], [ -34.526226736999945, -77.576181480999935 ], [ -34.527721781999958, -77.556755000999942 ], [ -34.437799948999952, -77.524615750999942 ], [ -34.432089864999966, -77.502689488999977 ], [ -34.373453524999945, -77.475602556999945 ], [ -33.934700067999984, -77.406971933999955 ], [ -33.722161963999952, -77.310986277999973 ], [ -33.550159374999964, -77.28588493999996 ], [ -33.22869005299998, -77.277956381999957 ], [ -33.085017467999933, -77.247686030999944 ], [ -32.991717446999928, -77.192853200999934 ], [ -32.897220727999979, -77.166364886999986 ], [ -32.595230691999973, -77.125078410999947 ], [ -32.164205805999984, -77.172552984999982 ], [ -31.907098717999929, -77.150394688999938 ], [ -31.870804265999936, -77.124187282999969 ], [ -31.886378644999979, -77.097673265999958 ], [ -31.870296309999958, -77.049981604999971 ], [ -31.797687141999972, -77.033068119999939 ], [ -31.775618501999929, -76.997502145999988 ], [ -31.705867391999959, -76.977623381999933 ], [ -31.302007146999983, -76.911281939999981 ], [ -30.932506461999935, -76.887406939999948 ], [ -30.877625270999943, -76.864653937999947 ], [ -30.669727766999983, -76.846981475999939 ], [ -30.678085372999931, -76.838147970999955 ], [ -30.663854791999938, -76.819371013999955 ], [ -30.638575245999959, -76.811484705999987 ], [ -30.473210119999976, -76.805034188999969 ], [ -30.440412238999954, -76.791629451999938 ], [ -30.448072485999944, -76.783418185999949 ], [ -30.408439186999942, -76.778879717999985 ], [ -30.486745205999966, -76.759584574999963 ], [ -30.467610875999981, -76.740735280999957 ], [ -30.400832547999983, -76.726189824999949 ], [ -30.417174314999954, -76.717802311999947 ], [ -30.41288351999998, -76.703909402999955 ], [ -30.234679316999973, -76.681137203999981 ], [ -30.251666743999976, -76.670253927999966 ], [ -30.200078520999966, -76.66101697299996 ], [ -30.152928320999933, -76.627207975999966 ], [ -29.982494250999935, -76.598630641999989 ], [ -29.627994413999943, -76.57776965499994 ], [ -29.553377221999938, -76.539749649999976 ], [ -29.578778907999947, -76.523619803999964 ], [ -29.520477734999929, -76.507346589999941 ], [ -29.533045244999983, -76.503701898999964 ], [ -29.519616298999949, -76.491612930999963 ], [ -29.40736777099994, -76.485583924999958 ], [ -29.334833929999945, -76.447831940999947 ], [ -29.037710624999931, -76.402011714999958 ], [ -28.863456207999945, -76.351313127999958 ], [ -28.384234373999959, -76.324001317999944 ], [ -27.952223439999955, -76.251453782999988 ], [ -27.686136881999971, -76.255138468999974 ], [ -27.652700741999979, -76.24867614599998 ], [ -27.724361741999928, -76.224568611999985 ], [ -27.532751983999958, -76.219885695999949 ], [ -27.458562971999982, -76.189977042999942 ], [ -27.334607494999943, -76.169557760999965 ], [ -26.958746101999964, -76.164155077999965 ], [ -26.830001763999974, -76.131482332999951 ], [ -26.785938926999961, -76.154675119 ], [ -26.716829497999981, -76.151169763999974 ], [ -26.662830784999983, -76.137869481999985 ], [ -26.665926859999956, -76.121515129999977 ], [ -26.609391569999957, -76.11120877999997 ], [ -26.672748127999967, -76.10079073199995 ], [ -26.617789637999977, -76.083970194999949 ], [ -26.59774252699998, -76.05036819999998 ], [ -26.381928052999967, -76.03607642999998 ], [ -26.280506569999943, -75.995368086999974 ], [ -26.067140051999957, -75.971420330999933 ], [ -25.930839262999939, -75.925488017999953 ], [ -25.662574312999936, -75.906369692999988 ], [ -25.529407728999956, -75.880699270999969 ], [ -25.091703, -75.878339391999987 ], [ -25.0, -75.847460485999989 ] ] ], [ [ [ -61.915031467999938, -74.50271887599996 ], [ -61.937818682999932, -74.502350062999938 ], [ -61.942090123999947, -74.500232970999946 ], [ -61.915031467999938, -74.50271887599996 ] ] ], [ [ [ -62.043815294999945, -74.485719708999966 ], [ -62.019350285999963, -74.488253421999957 ], [ -62.047837762999961, -74.487038235999989 ], [ -62.043815294999945, -74.485719708999966 ] ] ], [ [ [ -62.07119970399998, -74.478880510999943 ], [ -62.098691432999942, -74.478328654999984 ], [ -62.107237004999945, -74.473749126999962 ], [ -62.07119970399998, -74.478880510999943 ] ] ], [ [ [ -73.853509662999954, -73.418866607999973 ], [ -73.874934112999938, -73.418568359999938 ], [ -73.898268345999952, -73.405934704999936 ], [ -73.88518326999997, -73.40545807999996 ], [ -73.853509662999954, -73.418866607999973 ] ] ], [ [ [ -74.0, -73.388019570999973 ], [ -73.978956589999939, -73.404402675999961 ], [ -74.0, -73.403403140999956 ], [ -74.0, -73.388019570999973 ] ] ], [ [ [ -73.719994629999974, -73.376187607999952 ], [ -73.730241259999957, -73.382039741999961 ], [ -73.72811459199994, -73.375512078999975 ], [ -73.719994629999974, -73.376187607999952 ] ] ], [ [ [ -72.708216109999967, -73.36929840099998 ], [ -72.675148716999956, -73.383264467999936 ], [ -72.673967680999965, -73.386688997999954 ], [ -72.725876612999969, -73.377684320999947 ], [ -72.708216109999967, -73.36929840099998 ] ] ], [ [ [ -72.505383197999947, -73.373860749999949 ], [ -72.535292117999973, -73.378933642999982 ], [ -72.546647635999989, -73.373816455999986 ], [ -72.505383197999947, -73.373860749999949 ] ] ], [ [ [ -73.837877809999952, -73.361053830999936 ], [ -73.850662303999968, -73.362114851999934 ], [ -73.869716289999985, -73.360983612999974 ], [ -73.853076131999956, -73.354375711999978 ], [ -73.837877809999952, -73.361053830999936 ] ] ], [ [ [ -73.725189683999986, -73.359622455999954 ], [ -73.78810294699997, -73.401021605999972 ], [ -73.834486745999982, -73.390909739999984 ], [ -73.781711654999981, -73.352397783999947 ], [ -73.725189683999986, -73.359622455999954 ] ] ], [ [ [ -73.288323287999958, -73.324779115999945 ], [ -73.312008281999965, -73.326371920999975 ], [ -73.315841234999937, -73.323765707999939 ], [ -73.288323287999958, -73.324779115999945 ] ] ], [ [ [ -73.441334042999983, -73.303582495999933 ], [ -73.447467573999973, -73.31117138999997 ], [ -73.453826580999987, -73.304585055999951 ], [ -73.441334042999983, -73.303582495999933 ] ] ], [ [ [ -73.469569470999943, -73.275146279999944 ], [ -73.413062617999969, -73.289300739999987 ], [ -73.393817009999964, -73.295041465999986 ], [ -73.445812754999963, -73.299687353999957 ], [ -73.469569470999943, -73.275146279999944 ] ] ], [ [ [ -71.497543758999939, -73.236765730999934 ], [ -71.52367081999995, -73.232720693999966 ], [ -71.489274146999946, -73.23091242199996 ], [ -71.497543758999939, -73.236765730999934 ] ] ], [ [ [ -71.619364752999957, -73.213180300999966 ], [ -71.568015192999951, -73.233785358999967 ], [ -71.653074233999973, -73.223476736999942 ], [ -71.619364752999957, -73.213180300999966 ] ] ], [ [ [ -71.570848546999969, -73.211867767999934 ], [ -71.576538200999948, -73.215154006999967 ], [ -71.582024257999933, -73.212660916999937 ], [ -71.570848546999969, -73.211867767999934 ] ] ], [ [ [ -71.92122412599997, -73.189491886999974 ], [ -71.801061635999986, -73.22026101199998 ], [ -71.865801767999983, -73.237221870999974 ], [ -72.007182688999933, -73.238583565999988 ], [ -72.097068278999984, -73.230995600999961 ], [ -72.106201445999943, -73.22474284599997 ], [ -72.091508370999975, -73.215648223999949 ], [ -72.113182111999947, -73.204654621999964 ], [ -72.074517164999975, -73.191197447999969 ], [ -71.92122412599997, -73.189491886999974 ] ] ], [ [ [ -71.807065795999961, -73.18621541899995 ], [ -71.692336900999976, -73.178403823999986 ], [ -71.696905278999964, -73.199244518999933 ], [ -71.645021582999959, -73.211514258999955 ], [ -71.734634458999949, -73.211830364999969 ], [ -71.807065795999961, -73.18621541899995 ] ] ], [ [ [ -71.966321025999946, -73.177598882999973 ], [ -71.980802734999941, -73.178211128999976 ], [ -71.983032861999959, -73.176998053999966 ], [ -71.966321025999946, -73.177598882999973 ] ] ], [ [ [ -73.465494184999955, -73.16342033799998 ], [ -73.485200156999952, -73.167951548999952 ], [ -73.49031096899995, -73.165409012999987 ], [ -73.465494184999955, -73.16342033799998 ] ] ], [ [ [ -71.835695785999974, -73.156388843999935 ], [ -71.823563473999968, -73.162717538999971 ], [ -71.843496266999978, -73.159145358999979 ], [ -71.835695785999974, -73.156388843999935 ] ] ], [ [ [ -71.859048968999957, -73.154521590999934 ], [ -71.85338106599994, -73.157955179999988 ], [ -71.863097503999938, -73.157438707999972 ], [ -71.859048968999957, -73.154521590999934 ] ] ], [ [ [ -71.79739578899995, -73.152337900999953 ], [ -71.776814012999978, -73.156650323999941 ], [ -71.816811051999935, -73.154303253999956 ], [ -71.79739578899995, -73.152337900999953 ] ] ], [ [ [ -71.818642454999974, -73.14532339699997 ], [ -71.801716868999961, -73.145724990999952 ], [ -71.837592433999987, -73.14839425599996 ], [ -71.818642454999974, -73.14532339699997 ] ] ], [ [ [ -71.149516520999953, -73.119802225999933 ], [ -71.103449510999951, -73.122752076999973 ], [ -71.184119283999962, -73.124150851999957 ], [ -71.149516520999953, -73.119802225999933 ] ] ], [ [ [ -71.599702516999969, -73.110891299999935 ], [ -71.637299650999978, -73.113592908999976 ], [ -71.595888016999936, -73.103700959999969 ], [ -71.599702516999969, -73.110891299999935 ] ] ], [ [ [ -73.721113135999985, -73.083804510999983 ], [ -73.625247691999959, -73.093680903999939 ], [ -73.53780113199997, -73.13977734599996 ], [ -73.620050072999959, -73.205379826999945 ], [ -73.706881610999972, -73.210931917999972 ], [ -73.701145741999937, -73.244964316999983 ], [ -73.669755966999958, -73.249916878999954 ], [ -73.750089508999963, -73.296870359999957 ], [ -73.767451912999945, -73.322764537999944 ], [ -73.873798033999947, -73.339885077999952 ], [ -73.865235049999967, -73.355177688999959 ], [ -73.893285724999942, -73.364583549999963 ], [ -73.884060782999939, -73.37418295699996 ], [ -74.0, -73.371370451999951 ], [ -74.0, -73.217127230999949 ], [ -73.845810233999941, -73.192371801999968 ], [ -73.89436730999995, -73.148714565999967 ], [ -73.879303223999955, -73.118022248999978 ], [ -73.721113135999985, -73.083804510999983 ] ] ], [ [ [ -71.479455083999937, -73.087639164999985 ], [ -71.517117281999958, -73.086454596999943 ], [ -71.46932435399998, -73.081354290999968 ], [ -71.479455083999937, -73.087639164999985 ] ] ], [ [ [ -71.205613351999943, -73.053352036999968 ], [ -71.194106255999941, -73.072953693999978 ], [ -71.222121770999934, -73.078930041999968 ], [ -71.297485613999982, -73.082702973999972 ], [ -71.315597550999939, -73.069561556999986 ], [ -71.205613351999943, -73.053352036999968 ] ] ], [ [ [ -71.457838541999934, -73.054526838999948 ], [ -71.476036181999973, -73.055337557999962 ], [ -71.485623238999949, -73.052633024999977 ], [ -71.471483431999957, -73.047055284999942 ], [ -71.457838541999934, -73.054526838999948 ] ] ], [ [ [ -71.204336469999987, -73.029442165999967 ], [ -71.215406215999963, -73.030289848999985 ], [ -71.221365897999988, -73.028869846999953 ], [ -71.214992925999979, -73.025469501999964 ], [ -71.204336469999987, -73.029442165999967 ] ] ], [ [ [ -71.548998622999989, -73.026484001999961 ], [ -71.578865779999944, -73.041342972999985 ], [ -71.570269921999966, -73.031079739999939 ], [ -71.592144771999983, -73.026317411999969 ], [ -71.548998622999989, -73.026484001999961 ] ] ], [ [ [ -71.244959236999989, -73.01543068999996 ], [ -71.254267775999949, -73.017045264999979 ], [ -71.258115318999955, -73.014472415999933 ], [ -71.244959236999989, -73.01543068999996 ] ] ], [ [ [ -71.103582374999974, -72.991757646999986 ], [ -71.125319686999944, -73.005137085999934 ], [ -71.239266051999948, -72.990634127999954 ], [ -71.188685035999981, -72.978532376999965 ], [ -71.103582374999974, -72.991757646999986 ] ] ], [ [ [ -71.262277931999961, -72.98341443299995 ], [ -71.277534947999982, -72.985626947999947 ], [ -71.320835969999962, -72.984578437999971 ], [ -71.289771067999936, -72.972381387999974 ], [ -71.262277931999961, -72.98341443299995 ] ] ], [ [ [ -60.917228818999945, -72.589932103999956 ], [ -60.945331105999969, -72.573726721999947 ], [ -60.910768906999976, -72.532044173999964 ], [ -60.80805662299997, -72.541969520999942 ], [ -60.776708246999988, -72.562035684999955 ], [ -60.917228818999945, -72.589932103999956 ] ] ], [ [ [ -69.054414082999983, -72.392795155999977 ], [ -68.864886714999955, -72.409267838999938 ], [ -68.928719812999987, -72.439952137999967 ], [ -69.14306755399997, -72.462741102999985 ], [ -69.080779434999954, -72.445458191999933 ], [ -69.085894198999938, -72.427647314999945 ], [ -69.054414082999983, -72.392795155999977 ] ] ], [ [ [ -70.64679659899997, -72.294069053999976 ], [ -70.666480724999985, -72.277867828999945 ], [ -70.602061401999947, -72.282713365999939 ], [ -70.610106826999981, -72.287398088999964 ], [ -70.64679659899997, -72.294069053999976 ] ] ], [ [ [ -71.586391726999977, -72.267953298999942 ], [ -71.599946298999953, -72.26899857799998 ], [ -71.617857737999941, -72.258721739999942 ], [ -71.586391726999977, -72.267953298999942 ] ] ], [ [ [ -67.056336988999988, -72.262226193999936 ], [ -67.079726169999958, -72.267304022999951 ], [ -67.082759797999984, -72.265117172999965 ], [ -67.056336988999988, -72.262226193999936 ] ] ], [ [ [ -70.781785875999958, -72.266095543999938 ], [ -70.82512752699995, -72.267109310999956 ], [ -70.832588216999966, -72.262506017999954 ], [ -70.804813764999949, -72.255440658999987 ], [ -70.781785875999958, -72.266095543999938 ] ] ], [ [ [ -70.588731826999947, -72.220075214999952 ], [ -70.423933455999986, -72.242436342999952 ], [ -70.565164108999966, -72.278774099999964 ], [ -70.644820709999976, -72.269398399999943 ], [ -70.663381299999969, -72.253734961999953 ], [ -70.588731826999947, -72.220075214999952 ] ] ], [ [ [ -70.512279456999977, -72.208950705999939 ], [ -70.542743087999952, -72.214264189999938 ], [ -70.568460394999988, -72.213084227999957 ], [ -70.512279456999977, -72.208950705999939 ] ] ], [ [ [ -70.57623616099994, -72.205355463999979 ], [ -70.598231903999988, -72.210337874999937 ], [ -70.602075034999984, -72.206933531999937 ], [ -70.57623616099994, -72.205355463999979 ] ] ], [ [ [ -67.12427553699996, -72.215595238999981 ], [ -66.968153076999954, -72.212651594999954 ], [ -67.026660129999982, -72.251948872999947 ], [ -67.12427553699996, -72.215595238999981 ] ] ], [ [ [ -70.496532532999936, -72.196092311999962 ], [ -70.514597939999987, -72.200844806999953 ], [ -70.516931051999961, -72.198157188999971 ], [ -70.496532532999936, -72.196092311999962 ] ] ], [ [ [ -70.518698589999985, -72.19381436499998 ], [ -70.550880477999954, -72.196429050999939 ], [ -70.554881869999974, -72.195463161999953 ], [ -70.529910645999962, -72.188332548999938 ], [ -70.518698589999985, -72.19381436499998 ] ] ], [ [ [ -60.181553500999939, -72.26109116799995 ], [ -60.245713373999934, -72.235726150999938 ], [ -60.254391596999938, -72.192771467999933 ], [ -60.210337390999939, -72.173456908999981 ], [ -60.127715208999973, -72.198570201999985 ], [ -60.124890793999953, -72.241152546999956 ], [ -60.181553500999939, -72.26109116799995 ] ] ], [ [ [ -72.052896405999945, -72.159710401999973 ], [ -72.066087883999955, -72.161019677999946 ], [ -72.067456082999968, -72.153297737999935 ], [ -72.052896405999945, -72.159710401999973 ] ] ], [ [ [ -73.563979137999979, -71.869605428999989 ], [ -73.565263947999938, -71.885627395999961 ], [ -73.586769367999977, -71.878530750999971 ], [ -73.579468204999955, -71.870632961999945 ], [ -73.563979137999979, -71.869605428999989 ] ] ], [ [ [ -67.183385060999967, -71.807334099999935 ], [ -67.211889804999942, -71.804738516999976 ], [ -67.196893499999987, -71.795544012999983 ], [ -67.207722821999937, -71.782224640999971 ], [ -67.169181657999957, -71.791604194999934 ], [ -67.183385060999967, -71.807334099999935 ] ] ], [ [ [ -72.81668958399996, -71.348478555999975 ], [ -72.71684081799998, -71.347158483999976 ], [ -72.753154472999938, -71.363422802999935 ], [ -72.81668958399996, -71.348478555999975 ] ] ], [ [ [ -72.126734586999987, -71.086815015999946 ], [ -72.138421053999934, -71.087441212999977 ], [ -72.149430863999953, -71.082448577999969 ], [ -72.126734586999987, -71.086815015999946 ] ] ], [ [ [ -72.680145795999977, -71.050767143999963 ], [ -72.639229977999946, -71.050138192999952 ], [ -72.623482029999934, -71.054121317999943 ], [ -72.656329668999945, -71.05784129999995 ], [ -72.680145795999977, -71.050767143999963 ] ] ], [ [ [ -72.651894111999979, -71.047161672999948 ], [ -72.628745875999982, -71.044452950999982 ], [ -72.620002643999953, -71.047871226999973 ], [ -72.651894111999979, -71.047161672999948 ] ] ], [ [ [ -72.621663358999967, -71.039341608999962 ], [ -72.594912185999988, -71.039864837999971 ], [ -72.588026312999943, -71.044545679999942 ], [ -72.621663358999967, -71.039341608999962 ] ] ], [ [ [ -72.492021943999987, -71.02413619899994 ], [ -72.45935209299995, -71.049037283999951 ], [ -72.542607445999977, -71.029114561999961 ], [ -72.532549855999946, -71.023967652999943 ], [ -72.492021943999987, -71.02413619899994 ] ] ], [ [ [ -71.236744576999968, -70.96242553899998 ], [ -71.211528769999973, -70.970872955999937 ], [ -71.24429422999998, -70.971785198999953 ], [ -71.236744576999968, -70.96242553899998 ] ] ], [ [ [ -71.206501705999983, -70.954638534999958 ], [ -71.219248039999968, -70.94457172999995 ], [ -71.192805151999949, -70.942665677999969 ], [ -71.206501705999983, -70.954638534999958 ] ] ], [ [ [ -71.16842973699994, -70.940126257999964 ], [ -71.108345006999969, -70.957501983999975 ], [ -71.196127741999987, -70.964568679999957 ], [ -71.16842973699994, -70.940126257999964 ] ] ], [ [ [ -71.138019827999983, -70.925086499999964 ], [ -71.053182840999966, -70.933347609999942 ], [ -71.03319034499998, -70.932748946999936 ], [ -71.042660016999946, -70.947595181999986 ], [ -71.096290870999951, -70.959267460999968 ], [ -71.138019827999983, -70.925086499999964 ] ] ], [ [ [ -60.585284248999983, -71.069441975999951 ], [ -60.893875063999985, -71.017372548999958 ], [ -60.957662962999962, -70.97487068099997 ], [ -60.908689326999934, -70.947335643999963 ], [ -60.768640335999976, -70.912611095999978 ], [ -60.615382258999944, -70.920564716999934 ], [ -60.512093797999967, -70.981504254999948 ], [ -60.527935666999952, -70.991680595999981 ], [ -60.543213407999986, -71.054042853999988 ], [ -60.585284248999983, -71.069441975999951 ] ] ], [ [ [ -71.171840429999975, -70.908587288999968 ], [ -71.188546315999986, -70.905716679999955 ], [ -71.164192351999986, -70.900672214999986 ], [ -71.171840429999975, -70.908587288999968 ] ] ], [ [ [ -71.318485654999961, -70.891173829999957 ], [ -71.337933866999947, -70.892641114999947 ], [ -71.313703931999953, -70.887052256999937 ], [ -71.318485654999961, -70.891173829999957 ] ] ], [ [ [ -71.253063236999935, -70.854439024999976 ], [ -71.16419283099998, -70.860557676999974 ], [ -71.309473026999967, -70.871077450999962 ], [ -71.253063236999935, -70.854439024999976 ] ] ], [ [ [ -71.207467614999985, -70.838958711999965 ], [ -71.224286350999932, -70.842662513999983 ], [ -71.232988425999963, -70.84152503699994 ], [ -71.207467614999985, -70.838958711999965 ] ] ], [ [ [ -71.15227998499995, -70.836440660999983 ], [ -71.178163836999943, -70.836245822999956 ], [ -71.151356694999947, -70.830379394999966 ], [ -71.15227998499995, -70.836440660999983 ] ] ], [ [ [ -71.171210925999958, -70.825932523999938 ], [ -71.185683958999959, -70.822191443999941 ], [ -71.204507779999972, -70.820635224999933 ], [ -71.17389166199996, -70.815814975999956 ], [ -71.171210925999958, -70.825932523999938 ] ] ], [ [ [ -71.215639457999941, -70.816425475999949 ], [ -71.250674640999989, -70.817797261999942 ], [ -71.201175433999936, -70.810560648999967 ], [ -71.215639457999941, -70.816425475999949 ] ] ], [ [ [ -72.198198814999955, -70.596187637999947 ], [ -72.226904772999944, -70.593784951999965 ], [ -72.197516948999976, -70.595058276999964 ], [ -72.198198814999955, -70.596187637999947 ] ] ], [ [ [ -72.278903814999978, -70.587435029999938 ], [ -72.287587317999964, -70.59123574299997 ], [ -72.295351110999945, -70.588553718999947 ], [ -72.278903814999978, -70.587435029999938 ] ] ], [ [ [ -72.329899970999975, -70.569237077999958 ], [ -72.319729774999985, -70.57405265899996 ], [ -72.333129347999943, -70.570876012999975 ], [ -72.329899970999975, -70.569237077999958 ] ] ], [ [ [ -73.830738775999976, -70.584898858999964 ], [ -73.568039087999978, -70.680718334999938 ], [ -73.540975474999982, -70.707004195999957 ], [ -73.559093466999968, -70.744637087999934 ], [ -73.733281072999944, -70.811998934999963 ], [ -74.0, -70.873438404999945 ], [ -74.0, -70.552347519999955 ], [ -73.830738775999976, -70.584898858999964 ] ] ], [ [ [ -72.248385901999939, -70.531987903999948 ], [ -72.265257878999989, -70.528903042999957 ], [ -72.268154981999942, -70.526011174999951 ], [ -72.253888357999983, -70.521209964999969 ], [ -72.248385901999939, -70.531987903999948 ] ] ], [ [ [ -72.300813593999976, -70.511289627999986 ], [ -72.302162761999966, -70.515799630999936 ], [ -72.307341099999974, -70.514853786999936 ], [ -72.300813593999976, -70.511289627999986 ] ] ], [ [ [ -60.65235914799996, -70.510333478999939 ], [ -60.472129724999945, -70.531336130999989 ], [ -60.431178143999944, -70.602070208999976 ], [ -60.546715164999966, -70.676959956999951 ], [ -60.806922287999953, -70.722607924999977 ], [ -60.888208042999963, -70.70610798499996 ], [ -60.98474897899996, -70.616099667999947 ], [ -60.968695969999942, -70.555249062999962 ], [ -60.943094499999972, -70.537475581999956 ], [ -60.65235914799996, -70.510333478999939 ] ] ], [ [ [ -72.266099252999936, -70.496796039999936 ], [ -72.268237180999961, -70.501682642999981 ], [ -72.277931186999979, -70.498731539999937 ], [ -72.266099252999936, -70.496796039999936 ] ] ], [ [ [ -72.255579826999963, -70.48896948099997 ], [ -72.268057115999966, -70.491918434999945 ], [ -72.272098477999975, -70.488881959999958 ], [ -72.255579826999963, -70.48896948099997 ] ] ], [ [ [ -72.252151770999944, -70.481413185999941 ], [ -72.266566714999954, -70.483447165999962 ], [ -72.26905553499995, -70.480334336999988 ], [ -72.252151770999944, -70.481413185999941 ] ] ], [ [ [ -72.241165507999938, -70.468999365999935 ], [ -72.210516171999984, -70.472039410999969 ], [ -72.246343340999942, -70.475583277999988 ], [ -72.241165507999938, -70.468999365999935 ] ] ], [ [ [ -71.303185046999943, -70.300027013999966 ], [ -71.310304351999946, -70.304080819999967 ], [ -71.311351296999987, -70.302893690999952 ], [ -71.303185046999943, -70.300027013999966 ] ] ], [ [ [ -69.971571687999983, -70.304278844999942 ], [ -69.994053415999986, -70.304080627999952 ], [ -70.001974534999988, -70.297447720999969 ], [ -69.971571687999983, -70.304278844999942 ] ] ], [ [ [ -71.311055772999964, -70.266648035999935 ], [ -71.301864135999949, -70.267293269999982 ], [ -71.31514855599994, -70.267743897999935 ], [ -71.311055772999964, -70.266648035999935 ] ] ], [ [ [ -71.737949751999963, -70.260739791999981 ], [ -71.638079925999989, -70.306353742999988 ], [ -71.579632931999981, -70.280676575999962 ], [ -71.470786859999976, -70.265774343999965 ], [ -71.320379358999958, -70.29730458399996 ], [ -71.353275530999952, -70.342288255999961 ], [ -71.446779435999986, -70.399727546999941 ], [ -71.613037167999948, -70.456107588999942 ], [ -71.73206709699997, -70.427285242999972 ], [ -71.703793808999933, -70.420572246999939 ], [ -71.763388318999944, -70.375139714999989 ], [ -71.770862468999951, -70.326215268999988 ], [ -71.820926812999971, -70.293560525999965 ], [ -71.737949751999963, -70.260739791999981 ] ] ], [ [ [ -72.199443769999959, -70.24918788399998 ], [ -72.189862155999947, -70.250413334999962 ], [ -72.202786131999972, -70.250081470999987 ], [ -72.199443769999959, -70.24918788399998 ] ] ], [ [ [ -71.232667301999982, -70.247802651999962 ], [ -71.245586595999953, -70.248118622999982 ], [ -71.247224248999942, -70.245700417999956 ], [ -71.232667301999982, -70.247802651999962 ] ] ], [ [ [ -70.700744912999937, -70.234926203999976 ], [ -70.64067148099997, -70.252293631999976 ], [ -70.66286986199998, -70.264714323999954 ], [ -70.667485466999949, -70.289440272999968 ], [ -70.639009213999941, -70.305961730999968 ], [ -70.731858364999937, -70.340978550999978 ], [ -70.777441980999981, -70.330799829999933 ], [ -70.781177493999962, -70.261179876999961 ], [ -70.700744912999937, -70.234926203999976 ] ] ], [ [ [ -70.633406358999935, -70.22018498999995 ], [ -70.641676186999973, -70.226414447999957 ], [ -70.650324169999976, -70.22117424299995 ], [ -70.633406358999935, -70.22018498999995 ] ] ], [ [ [ -70.78812015799997, -70.224894107999944 ], [ -70.80628169199997, -70.230358205999948 ], [ -70.844724654999936, -70.218464882999967 ], [ -70.801876719999939, -70.219040532999941 ], [ -70.78812015799997, -70.224894107999944 ] ] ], [ [ [ -70.670083582999951, -70.200658010999973 ], [ -70.672343024999975, -70.218256629999985 ], [ -70.701245177999965, -70.229103667999937 ], [ -70.694324225999935, -70.20366624899998 ], [ -70.670083582999951, -70.200658010999973 ] ] ], [ [ [ -71.915302164999957, -70.200671862999968 ], [ -71.911554679999938, -70.203823366999984 ], [ -71.916697022999983, -70.20217490899995 ], [ -71.915302164999957, -70.200671862999968 ] ] ], [ [ [ -70.665184508999971, -70.192175619999944 ], [ -70.649535846999981, -70.193447241999934 ], [ -70.666877247999935, -70.193272538999963 ], [ -70.665184508999971, -70.192175619999944 ] ] ], [ [ [ -71.843545702999961, -70.193057098999986 ], [ -71.850104974999965, -70.19450862399998 ], [ -71.851927370999988, -70.190710816999967 ], [ -71.843545702999961, -70.193057098999986 ] ] ], [ [ [ -71.892303721999951, -70.187674350999941 ], [ -71.88587150099994, -70.191250820999983 ], [ -71.895144416999983, -70.189001848999965 ], [ -71.892303721999951, -70.187674350999941 ] ] ], [ [ [ -72.016791394999984, -70.181004263999966 ], [ -72.040839993999953, -70.18762348599995 ], [ -72.06213405699998, -70.188253655999972 ], [ -72.016791394999984, -70.181004263999966 ] ] ], [ [ [ -71.859930618999954, -70.183309378999979 ], [ -71.875813214999937, -70.185988876999943 ], [ -71.879682668999976, -70.184924905999935 ], [ -71.873603690999971, -70.178562466999949 ], [ -71.859930618999954, -70.183309378999979 ] ] ], [ [ [ -71.889798218999942, -70.173179181999956 ], [ -71.886441554999976, -70.176662411999985 ], [ -71.903485685999954, -70.175035423999987 ], [ -71.889798218999942, -70.173179181999956 ] ] ], [ [ [ -71.770532250999963, -70.173164846999953 ], [ -71.780632653999987, -70.171979221999948 ], [ -71.770137352999939, -70.172108709999975 ], [ -71.770532250999963, -70.173164846999953 ] ] ], [ [ [ -70.751791911999987, -70.143808280999963 ], [ -70.752012800999978, -70.149266701999977 ], [ -70.756303266999964, -70.146005622999951 ], [ -70.751791911999987, -70.143808280999963 ] ] ], [ [ [ -71.876313921999952, -70.142587101999936 ], [ -71.882105253999953, -70.152918349999936 ], [ -71.894259966999982, -70.143089482999983 ], [ -71.876313921999952, -70.142587101999936 ] ] ], [ [ [ -71.879232194999986, -70.128069990999961 ], [ -71.878808955999943, -70.136166861999982 ], [ -71.885979715999952, -70.131953339999939 ], [ -71.879232194999986, -70.128069990999961 ] ] ], [ [ [ -71.650643361999983, -70.123849040999971 ], [ -71.642687545999934, -70.124591080999949 ], [ -71.634908010999936, -70.127621795999971 ], [ -71.650643361999983, -70.123849040999971 ] ] ], [ [ [ -72.065315308999971, -70.120580202999975 ], [ -72.04395941599995, -70.124437038999986 ], [ -72.069032380999943, -70.12113398799994 ], [ -72.065315308999971, -70.120580202999975 ] ] ], [ [ [ -71.941842618999942, -70.105030048999936 ], [ -71.941917813999964, -70.108940551999979 ], [ -71.945769110999947, -70.107874261999939 ], [ -71.941842618999942, -70.105030048999936 ] ] ], [ [ [ -71.643108984999969, -70.101744417999953 ], [ -71.608020501999988, -70.105398974999957 ], [ -71.60550061899994, -70.11066380799997 ], [ -71.643108984999969, -70.101744417999953 ] ] ], [ [ [ -72.106763731999933, -70.035182397999961 ], [ -72.124333573999934, -70.042222589999938 ], [ -72.129954279999936, -70.039864787999988 ], [ -72.117228360999945, -70.031889672999966 ], [ -72.106763731999933, -70.035182397999961 ] ] ], [ [ [ -61.108014767999975, -69.962063753999985 ], [ -61.23720809699995, -69.991742899999963 ], [ -61.322340099999963, -69.974749356999951 ], [ -61.399611669999956, -69.943046968999965 ], [ -61.402954701999931, -69.910706387999937 ], [ -61.380123174999937, -69.879343041999959 ], [ -61.326295852999976, -69.852715771999954 ], [ -61.20701255299997, -69.851071669999953 ], [ -61.108399823999946, -69.941884463999941 ], [ -61.118344487999934, -69.949707639999986 ], [ -61.108014767999975, -69.962063753999985 ] ] ], [ [ [ -72.149299423999935, -69.785761125999954 ], [ -72.157252957999958, -69.787842900999976 ], [ -72.159742140999981, -69.786496788999955 ], [ -72.149299423999935, -69.785761125999954 ] ] ], [ [ [ -68.539932424999961, -69.779685293999933 ], [ -68.497263122999982, -69.775503036999964 ], [ -68.489654195999947, -69.777722293999943 ], [ -68.539932424999961, -69.779685293999933 ] ] ], [ [ [ -72.211273798999969, -69.697014011999954 ], [ -72.199573224999938, -69.70290255499998 ], [ -72.216614902999936, -69.698159896999982 ], [ -72.211273798999969, -69.697014011999954 ] ] ], [ [ [ -72.293844299999989, -69.68909567999998 ], [ -72.30940305699994, -69.699810369999966 ], [ -72.368946072999961, -69.685876567999969 ], [ -72.328273334999949, -69.682623231999969 ], [ -72.293844299999989, -69.68909567999998 ] ] ], [ [ [ -68.624054501999979, -69.670916920999957 ], [ -68.639572213999941, -69.666763941999989 ], [ -68.642548295999973, -69.660527989999935 ], [ -68.628571855999951, -69.654268405999971 ], [ -68.624054501999979, -69.670916920999957 ] ] ], [ [ [ -68.492867610999951, -69.667875116999937 ], [ -68.511280545999966, -69.666314227999976 ], [ -68.527312621999954, -69.655228285999954 ], [ -68.502220481999984, -69.655615781999984 ], [ -68.492867610999951, -69.667875116999937 ] ] ], [ [ [ -72.205883225999969, -69.568222275999972 ], [ -72.212781084999961, -69.575000794999937 ], [ -72.210926422999933, -69.567560824999987 ], [ -72.205883225999969, -69.568222275999972 ] ] ], [ [ [ -72.184500732999936, -69.53104073999998 ], [ -72.193741554999974, -69.539682845999948 ], [ -72.191107684999963, -69.530920083999945 ], [ -72.184500732999936, -69.53104073999998 ] ] ], [ [ [ -72.670612176999953, -69.408816817999934 ], [ -72.370592549999969, -69.462328067999977 ], [ -72.318632891999982, -69.496902060999957 ], [ -72.298352835999935, -69.534094872999958 ], [ -72.238059140999951, -69.563653431999967 ], [ -72.27735342699998, -69.593517583999983 ], [ -71.96728204599998, -69.658823225999981 ], [ -71.94440708999997, -69.67887161699997 ], [ -72.017412978999971, -69.70758541899994 ], [ -72.123405941999977, -69.70197174599997 ], [ -72.157569666999962, -69.683044834999976 ], [ -72.144418, -69.676090519999946 ], [ -72.153559549999954, -69.664238374999968 ], [ -72.227231868999979, -69.652402989999985 ], [ -72.514444469999944, -69.68989189399997 ], [ -72.702904081999975, -69.655847179999967 ], [ -72.760615393999956, -69.659740848999945 ], [ -72.790076019999958, -69.648281742999984 ], [ -72.784163693999972, -69.637050317999979 ], [ -72.839568073999942, -69.600953402999949 ], [ -72.845941727999957, -69.580141233999939 ], [ -72.950760644999946, -69.544637546999979 ], [ -72.984285100999955, -69.494354101999988 ], [ -72.874637118999942, -69.434823950999942 ], [ -72.670612176999953, -69.408816817999934 ] ] ], [ [ [ -71.87542482899994, -69.388449569999977 ], [ -71.835478393999949, -69.39122340199998 ], [ -71.824422590999973, -69.396640353999942 ], [ -71.87542482899994, -69.388449569999977 ] ] ], [ [ [ -68.527372355999944, -69.342880172999969 ], [ -68.535466561999954, -69.34522121699996 ], [ -68.536583750999966, -69.342992715999969 ], [ -68.527372355999944, -69.342880172999969 ] ] ], [ [ [ -68.68384363499996, -69.341626541999972 ], [ -68.690710280999951, -69.346279403999972 ], [ -68.695561475999966, -69.344267977999948 ], [ -68.68384363499996, -69.341626541999972 ] ] ], [ [ [ -68.624776246999943, -69.324684790999981 ], [ -68.600918958999955, -69.323770309999986 ], [ -68.638085677999982, -69.325643106999962 ], [ -68.624776246999943, -69.324684790999981 ] ] ], [ [ [ -72.087658774999966, -69.313728410999943 ], [ -72.048570565999967, -69.314681116999964 ], [ -72.063390907999974, -69.318267366999976 ], [ -72.087658774999966, -69.313728410999943 ] ] ], [ [ [ -68.303079520999972, -69.226818622999986 ], [ -68.261538870999971, -69.230891286999963 ], [ -68.258886650999955, -69.250725906999946 ], [ -68.33472269799995, -69.241792799999985 ], [ -68.303079520999972, -69.226818622999986 ] ] ], [ [ [ -68.547967149999977, -69.201473543999953 ], [ -68.456468733999941, -69.204095753999979 ], [ -68.465394137999965, -69.231610122999939 ], [ -68.547967149999977, -69.201473543999953 ] ] ], [ [ [ -68.426846090999959, -69.146176234999984 ], [ -68.456805359999976, -69.162969811999972 ], [ -68.503843993999965, -69.154558514999962 ], [ -68.449776837999934, -69.145266143999947 ], [ -68.426846090999959, -69.146176234999984 ] ] ], [ [ [ -62.450221252999938, -69.143954807999933 ], [ -62.274497421999968, -69.164953095999977 ], [ -62.115652581999939, -69.217726580999965 ], [ -62.042121239999972, -69.25453865299994 ], [ -62.02209529199996, -69.290539023999941 ], [ -61.835066385999937, -69.369752829999982 ], [ -61.822394801999963, -69.384524499999941 ], [ -61.833814278999967, -69.401718481999978 ], [ -61.753061553999942, -69.459182175999956 ], [ -61.734756109999978, -69.492782337999984 ], [ -61.793282723999937, -69.516308579999986 ], [ -61.788644772999987, -69.534693917999959 ], [ -61.91730582799994, -69.547765295999966 ], [ -61.898209593999979, -69.569365568999956 ], [ -61.904067011999985, -69.585240228999965 ], [ -61.881729716999985, -69.596887741999979 ], [ -61.896328160999985, -69.620449629999939 ], [ -61.937572091999982, -69.636501791999933 ], [ -61.92972645499998, -69.665156122999974 ], [ -61.968657504999953, -69.684695715999965 ], [ -61.962508716999935, -69.710981020999952 ], [ -61.975323172999936, -69.723479086999987 ], [ -62.11947484999996, -69.727465730999938 ], [ -62.136478661999945, -69.667574240999954 ], [ -62.203077061999977, -69.613195407999967 ], [ -62.203172720999987, -69.593007813999975 ], [ -62.172424036999985, -69.571671422999941 ], [ -62.204654993999952, -69.504954417999954 ], [ -62.332203170999946, -69.399844905999942 ], [ -62.480256536999946, -69.337864044999947 ], [ -62.499175000999969, -69.301125848999959 ], [ -62.554556196999954, -69.262547186999939 ], [ -62.54996747499996, -69.215878388999954 ], [ -62.577462629999957, -69.186438911999971 ], [ -62.533371651999971, -69.160248644999967 ], [ -62.450221252999938, -69.143954807999933 ] ] ], [ [ [ -68.669066078999947, -69.085405628999979 ], [ -68.674882790999959, -69.08993808799994 ], [ -68.675658521999935, -69.089033731999962 ], [ -68.669066078999947, -69.085405628999979 ] ] ], [ [ [ -67.107138073999977, -69.069454829999984 ], [ -67.111583524999958, -69.071878227999946 ], [ -67.116715721999981, -69.069116382999937 ], [ -67.107138073999977, -69.069454829999984 ] ] ], [ [ [ -66.97219731499996, -69.066280505999941 ], [ -66.984966989999975, -69.070181014999946 ], [ -67.007192356999951, -69.067145646999961 ], [ -66.997949855999934, -69.059613892999948 ], [ -66.97219731499996, -69.066280505999941 ] ] ], [ [ [ -66.917886546999966, -69.05210169999998 ], [ -66.930446767999968, -69.053021739999963 ], [ -66.943298492999986, -69.047243829999957 ], [ -66.917886546999966, -69.05210169999998 ] ] ], [ [ [ -67.870000642999969, -68.888968682999973 ], [ -67.880402843999946, -68.895026242999961 ], [ -67.893917593999959, -68.894044455999961 ], [ -67.884637005999934, -68.888717325999949 ], [ -67.870000642999969, -68.888968682999973 ] ] ], [ [ [ -70.441658143999973, -68.784245214999942 ], [ -70.357183496999937, -68.816871824999964 ], [ -70.196925346999933, -68.846065542999952 ], [ -70.098033488999988, -68.895064117999937 ], [ -70.083606496999948, -68.922006844999942 ], [ -70.101548195999953, -68.951115452999943 ], [ -70.070006864999982, -68.989029604999985 ], [ -70.106523007999954, -69.002700468999933 ], [ -70.084820028999957, -69.01532741699998 ], [ -70.074502965999955, -69.051402472999939 ], [ -69.998391321999975, -69.093848900999944 ], [ -70.101604136999981, -69.125482850999958 ], [ -70.099826875999952, -69.138596470999971 ], [ -70.022610326999938, -69.163792855999986 ], [ -70.020623325999964, -69.193351061999977 ], [ -70.054260823999982, -69.206176028999948 ], [ -70.081311135999954, -69.251112191999937 ], [ -70.113969112999939, -69.261827095999934 ], [ -70.093835523999985, -69.276959792999946 ], [ -70.105021052999973, -69.283763386999965 ], [ -70.046653310999943, -69.286764009999956 ], [ -70.027562205999971, -69.309832021999966 ], [ -69.954609887999936, -69.31895702199995 ], [ -69.900797154999964, -69.297884881999948 ], [ -69.845778848999942, -69.304774873999975 ], [ -69.745867129999965, -69.279659253999966 ], [ -69.634926335999978, -69.403610895999975 ], [ -69.503748641999948, -69.459417615999939 ], [ -69.542666385999951, -69.476100584999983 ], [ -69.523544524999977, -69.488452377999977 ], [ -69.525357951999979, -69.50585637599994 ], [ -69.468325167999978, -69.53090958699994 ], [ -69.488717793999967, -69.551390000999959 ], [ -69.481076622999979, -69.571555599999954 ], [ -69.324440104999951, -69.629082360999973 ], [ -69.345485221999979, -69.654461997999988 ], [ -69.315510573999973, -69.694340844999942 ], [ -69.339650095999957, -69.727861087999941 ], [ -69.325255682999966, -69.754238408999981 ], [ -69.33162297299998, -69.822867661999965 ], [ -69.269125070999962, -69.867653808999933 ], [ -69.264205664999963, -69.908596117999934 ], [ -69.287060744999962, -69.919649652999965 ], [ -69.277836882999964, -69.932255955999949 ], [ -69.238932784999975, -69.947068141999978 ], [ -69.21283600299995, -70.001283116999957 ], [ -69.149759819999986, -70.025011584999959 ], [ -69.184960646999969, -70.024211984999965 ], [ -69.187161553999942, -70.044627695999964 ], [ -69.114046891999976, -70.078766129999963 ], [ -69.076789586999951, -70.15006471199996 ], [ -68.994491960999937, -70.184657880999964 ], [ -68.734388963999947, -70.344909604999941 ], [ -68.714536955999961, -70.402307447999988 ], [ -68.629088815999978, -70.471396416999937 ], [ -68.591380070999946, -70.563580896999952 ], [ -68.522979374999977, -70.584241807999945 ], [ -68.474750441999959, -70.618204809999952 ], [ -68.40942518199995, -70.755896150999945 ], [ -68.332287611999959, -70.794408618999967 ], [ -68.353357630999938, -70.819203509999966 ], [ -68.309609902999966, -70.871075308999934 ], [ -68.331562328999951, -70.92358995099994 ], [ -68.307890528999962, -70.962222592999979 ], [ -68.308807866999985, -71.022297723999941 ], [ -68.23013399599995, -71.120287878999989 ], [ -68.237814399999934, -71.149229380999941 ], [ -68.216902281999978, -71.177582818999952 ], [ -68.236293045999957, -71.323648659999947 ], [ -68.224084769999934, -71.344691363999971 ], [ -68.256601794999938, -71.370732394999948 ], [ -68.235805278999976, -71.392443887999946 ], [ -68.254776159999949, -71.415697923999971 ], [ -68.23545050599995, -71.435982493999973 ], [ -68.248596881999958, -71.45118991399994 ], [ -68.124055421999969, -71.586823672999969 ], [ -68.197684705999961, -71.660423925999964 ], [ -68.222087509999938, -71.80132574199996 ], [ -68.201538420999952, -71.839469221999934 ], [ -68.213866482999947, -71.871339124999963 ], [ -68.298593828999969, -71.897598842999969 ], [ -68.394468164999978, -71.977234615999976 ], [ -68.431064738999964, -71.987896856999953 ], [ -68.365381173999936, -72.022380920999979 ], [ -68.330819953999935, -72.060690849999958 ], [ -68.349582539999972, -72.076106096999979 ], [ -68.330738747999987, -72.077738110999974 ], [ -68.435537211999986, -72.158339541999965 ], [ -68.405141947999937, -72.198693748999972 ], [ -68.421913365999956, -72.226116813999965 ], [ -68.463508976999947, -72.246030047999966 ], [ -68.548617152999952, -72.25335077799997 ], [ -68.632275738999965, -72.21821005399994 ], [ -68.774110463999932, -72.230053742999985 ], [ -68.789127847999964, -72.242931091999935 ], [ -68.77011908299994, -72.263243728999953 ], [ -68.783615750999957, -72.285815291999938 ], [ -68.91913636299995, -72.344044662999977 ], [ -68.941579244999957, -72.372817978999933 ], [ -69.130877387999988, -72.37545320199996 ], [ -69.166477033999968, -72.387368308999953 ], [ -69.162181137999937, -72.404733494999959 ], [ -69.181811395999944, -72.422283270999969 ], [ -69.24467931199996, -72.430770661999986 ], [ -69.250667394999937, -72.461182468999937 ], [ -69.142030768999973, -72.488633539999967 ], [ -69.240215504999981, -72.543591541999945 ], [ -69.827845393999951, -72.619975792999981 ], [ -70.104297865999968, -72.617072051999969 ], [ -70.386198481999941, -72.643293177999965 ], [ -70.544504507999989, -72.680472036999959 ], [ -70.692607715999941, -72.67057011299994 ], [ -70.708389305999958, -72.648953368999969 ], [ -70.708846707999953, -72.593354839999961 ], [ -70.784080294999967, -72.56724094599997 ], [ -70.803077873999939, -72.584780064999961 ], [ -70.856598213999973, -72.588563658999988 ], [ -70.87611633299997, -72.644393943999944 ], [ -70.934280136999973, -72.658802711999954 ], [ -71.403048284999954, -72.631035609999969 ], [ -72.020112624999967, -72.632211813999959 ], [ -72.393175354999983, -72.668863156999976 ], [ -72.487189447999981, -72.657948725999972 ], [ -72.515450015999988, -72.635101979999945 ], [ -72.513257572999976, -72.606262329999936 ], [ -72.448982590999947, -72.567540639999947 ], [ -72.460024981999936, -72.561531270999978 ], [ -72.54140734799995, -72.550325442999963 ], [ -72.647384631999955, -72.608912769999961 ], [ -72.752730312999972, -72.602229862999934 ], [ -72.854681321999976, -72.576659907999954 ], [ -73.166054154999983, -72.445550440999966 ], [ -73.155544598999938, -72.416958266999984 ], [ -73.060827296999946, -72.367879711999933 ], [ -72.929191418999949, -72.341503617999933 ], [ -72.918277281999963, -72.321791513999983 ], [ -72.818096771999933, -72.290439478999986 ], [ -72.71302551399998, -72.272634176999986 ], [ -72.338454740999964, -72.288753686999939 ], [ -72.261371854999936, -72.309386323999945 ], [ -72.294025757999975, -72.318950083999937 ], [ -72.146964256999979, -72.380163439999933 ], [ -72.15584014999996, -72.367739180999934 ], [ -72.101854817999936, -72.360187801999984 ], [ -72.138342035999983, -72.338051088999975 ], [ -72.088070306999953, -72.317057009999985 ], [ -71.846411322999984, -72.357575705999977 ], [ -71.718306988999984, -72.357458325999971 ], [ -71.650505415999987, -72.38539508599996 ], [ -70.919325211999933, -72.39729951299995 ], [ -70.716427768999949, -72.389156646999936 ], [ -70.43773220099996, -72.319121171999939 ], [ -70.214327665999974, -72.289046320999944 ], [ -70.164432360999967, -72.264178710999943 ], [ -70.190527718999988, -72.244931260999977 ], [ -70.319608915999936, -72.226090441999986 ], [ -70.396188438999957, -72.163774219999937 ], [ -70.407313079999938, -72.131531917999951 ], [ -70.540651644999969, -72.156905147999964 ], [ -70.512252117999935, -72.168083167999953 ], [ -70.533052820999956, -72.175258055999961 ], [ -70.692910348999987, -72.166710516999956 ], [ -70.792205765999938, -72.206821027999979 ], [ -70.915164625999978, -72.229353154999956 ], [ -70.903279667999982, -72.236903172999973 ], [ -71.120911471999989, -72.274464051999985 ], [ -71.339720915999976, -72.260784107999939 ], [ -71.39329793099995, -72.281996453999966 ], [ -71.643470848999982, -72.253311713999949 ], [ -71.65967384299995, -72.242474103999939 ], [ -71.62578416499997, -72.224876815999949 ], [ -71.65060101499995, -72.218288074999975 ], [ -71.731423136999979, -72.206605667999952 ], [ -71.834947491999969, -72.214898501999983 ], [ -71.980059116999939, -72.184060642999953 ], [ -72.040561353999976, -72.156520442999977 ], [ -72.047168713999952, -72.121855116999939 ], [ -71.81229841399994, -72.109407129999965 ], [ -71.479543435999972, -72.063230396999984 ], [ -71.349858186999938, -72.072343516999979 ], [ -71.161242622999964, -72.045262860999969 ], [ -71.133975092999947, -72.02909660399996 ], [ -70.957111977999944, -72.025594445999957 ], [ -70.844090614999971, -72.006343920999939 ], [ -70.829978872999959, -71.999883878999981 ], [ -70.850694899999951, -71.990032043999975 ], [ -70.84010350799997, -71.984613726999953 ], [ -70.754815386999951, -71.983235842999989 ], [ -70.769664450999983, -71.975692987999935 ], [ -70.741870777999964, -71.962918464999973 ], [ -70.785358547999977, -71.935154074999957 ], [ -70.721130928999969, -71.907777241999952 ], [ -70.749005745999966, -71.887253739999949 ], [ -70.70802703399994, -71.870125469999948 ], [ -70.858323152999958, -71.842959472999951 ], [ -70.890434341999935, -71.870621501999949 ], [ -70.935897931999989, -71.866999889999988 ], [ -71.141208841999969, -71.906671567999979 ], [ -71.222473401999935, -71.865573913999981 ], [ -71.386388485999987, -71.834700332999944 ], [ -71.793801843999972, -71.894372852999936 ], [ -71.864526746999957, -71.864899104999949 ], [ -71.820133573999954, -71.822504595999987 ], [ -71.82035147199997, -71.798232212999949 ], [ -71.850333009999986, -71.772994548999975 ], [ -71.926604215999987, -71.779630504999943 ], [ -71.939718911999933, -71.775119893999943 ], [ -71.920068694999941, -71.761925672999951 ], [ -71.952882393999971, -71.753725499999973 ], [ -72.020834463999961, -71.760647166999945 ], [ -72.016500329999985, -71.744566282999983 ], [ -72.05949736599996, -71.71473857899997 ], [ -72.099720355999978, -71.72044871199995 ], [ -72.085003788999984, -71.703692771999954 ], [ -72.10140176699997, -71.696158780999951 ], [ -72.182740377999949, -71.709616919999974 ], [ -72.178976295999973, -71.663892877999956 ], [ -72.251753269999938, -71.649100562999934 ], [ -72.250989397999945, -71.628974270999947 ], [ -72.28216236999998, -71.620424797999988 ], [ -72.351955904999954, -71.629948 ], [ -72.399191672999962, -71.664481370999965 ], [ -72.449763202999975, -71.662248166999973 ], [ -72.456544319999978, -71.684085030999938 ], [ -72.44281448299995, -71.702783284999953 ], [ -72.495603685999981, -71.729182351999953 ], [ -72.565546595999933, -71.723526021999987 ], [ -72.559309546999941, -71.748693796999987 ], [ -72.671843994999961, -71.722073517999945 ], [ -72.703023310999981, -71.734756278999953 ], [ -72.678514625999981, -71.76099779499998 ], [ -72.695703385999934, -71.765692023999975 ], [ -72.674262348999946, -71.794467906999955 ], [ -72.708074151999938, -71.793875390999972 ], [ -72.691852190999953, -71.823743898999965 ], [ -72.720959272999949, -71.852448870999979 ], [ -72.711343070999988, -71.864222952999967 ], [ -72.797265725999978, -71.908374857999945 ], [ -72.874538024999936, -71.927560006999954 ], [ -73.068670789999942, -71.942022777999966 ], [ -73.105331993999982, -71.919860822999965 ], [ -73.174104033999981, -71.926609225999982 ], [ -73.474573090999968, -71.831388618999938 ], [ -73.559549047999951, -71.836866128999986 ], [ -73.565814098999965, -71.857419473999983 ], [ -73.607574441999986, -71.843119297999976 ], [ -73.669861947999948, -71.851709657999947 ], [ -73.762411064999981, -71.824817485999972 ], [ -73.900986651999972, -71.83682889499994 ], [ -73.864661010999953, -71.854681281999945 ], [ -73.919407609999951, -71.856261515999961 ], [ -73.775261453999974, -71.893598334999979 ], [ -73.504984853999986, -72.005599763999953 ], [ -73.522627488999944, -72.022732149999968 ], [ -73.796061650999945, -72.092737274999934 ], [ -73.819855760999985, -72.136418549999973 ], [ -74.0, -72.161900733999971 ], [ -74.0, -71.420949243999985 ], [ -73.797808917999987, -71.475633278999965 ], [ -73.766844636999963, -71.507301766999944 ], [ -73.776732193999976, -71.522758926999984 ], [ -73.752831736999951, -71.527364690999946 ], [ -73.734155394999959, -71.511928782999973 ], [ -73.715037753999979, -71.531009694999966 ], [ -73.664698869999938, -71.532786504999933 ], [ -73.586656255999969, -71.563514893999979 ], [ -73.536736218999977, -71.604467484999986 ], [ -73.487400153999943, -71.605445747999966 ], [ -73.427270390999979, -71.59906529999995 ], [ -73.413940138999976, -71.548592614999961 ], [ -73.323877830999947, -71.54496519099996 ], [ -73.374881026999958, -71.509043868999981 ], [ -73.437921337999967, -71.51282665399998 ], [ -73.512328199999956, -71.492589865999946 ], [ -73.63773079799995, -71.428613517999963 ], [ -73.678677308999966, -71.371486538999989 ], [ -73.671649550999973, -71.352518874999987 ], [ -73.605908046999957, -71.322459844999969 ], [ -73.380518045999963, -71.305725416999962 ], [ -72.947094831999948, -71.355581154999982 ], [ -72.838805119999961, -71.404724458999965 ], [ -72.808356396999955, -71.393556803999957 ], [ -72.735263295999971, -71.404189549999955 ], [ -72.630533727999989, -71.401153602999955 ], [ -72.602646938999953, -71.373100528999942 ], [ -72.558294496999963, -71.364989266999942 ], [ -72.241313949999949, -71.375289448999979 ], [ -72.205594499999961, -71.330231789999971 ], [ -72.232408500999952, -71.311634674999937 ], [ -72.551546360999964, -71.273306394999963 ], [ -72.701329234999946, -71.270292148999943 ], [ -72.955432238999947, -71.223702948999971 ], [ -73.121377670999948, -71.145036193999942 ], [ -73.082880910999961, -71.113815459999955 ], [ -72.987250852999978, -71.096611027999984 ], [ -72.884239322999974, -71.106290696999963 ], [ -72.821055988999944, -71.087230682999973 ], [ -72.845034472999941, -71.080201467999984 ], [ -72.777606291999973, -71.065381010999943 ], [ -72.58270727699994, -71.08860638699997 ], [ -72.553473731999986, -71.068834527999968 ], [ -72.584037389999935, -71.048267846999977 ], [ -72.477525008999976, -71.062769603999982 ], [ -72.399293822999937, -71.048994198999935 ], [ -72.254757912999935, -71.062362762999953 ], [ -72.194906494999941, -71.087690707999968 ], [ -72.09178058699996, -71.10098581799997 ], [ -72.042200612999977, -71.09436362799994 ], [ -71.995746701999963, -71.119752455999958 ], [ -71.932149556999946, -71.117817437999975 ], [ -71.905492567999943, -71.143546830999981 ], [ -71.629106175999937, -71.151862979999976 ], [ -71.366390671999966, -71.055990862999977 ], [ -71.360825065999961, -71.013625020999939 ], [ -71.389736710999955, -70.978150795999966 ], [ -71.360115854999947, -70.962846172999946 ], [ -71.186625262999939, -70.998286976999964 ], [ -71.020669131999966, -70.965244934999987 ], [ -70.908093304999966, -70.991652923999936 ], [ -70.735302457999978, -70.995688412999982 ], [ -70.600620603999971, -70.977324141999986 ], [ -70.592296139999974, -70.970571598999982 ], [ -70.615957402999982, -70.960455864999972 ], [ -70.571826167999973, -70.950493360999985 ], [ -69.933814154999936, -70.949299424999936 ], [ -69.810790002999966, -70.929086176999988 ], [ -69.781108766999978, -70.874133941999958 ], [ -69.824581272999978, -70.858358774999942 ], [ -69.828598486999965, -70.836748331999956 ], [ -69.873509729999967, -70.843229459999975 ], [ -69.899193513999933, -70.885958205999941 ], [ -69.926624788999959, -70.88975067299998 ], [ -70.01586193299994, -70.850726332999955 ], [ -70.128448845999969, -70.849164832999975 ], [ -70.138191399999982, -70.861722679999957 ], [ -70.082494874999952, -70.886948127999972 ], [ -70.121377247999988, -70.892940632999967 ], [ -70.196073607999949, -70.881131153999945 ], [ -70.201950930999942, -70.861028199999964 ], [ -70.17741418199995, -70.848842883999964 ], [ -70.204401176999966, -70.843302793999953 ], [ -70.400572928999964, -70.822094339999978 ], [ -70.487262926999961, -70.842736400999968 ], [ -70.711311318999947, -70.838718122999978 ], [ -70.830508484999939, -70.824552133999987 ], [ -70.849863114999948, -70.799656291999952 ], [ -70.94340310299998, -70.767347577999942 ], [ -71.209020432999978, -70.751314106999985 ], [ -71.222956444999966, -70.719091240999944 ], [ -71.236388730999977, -70.719132485999978 ], [ -71.226325649999978, -70.695805958999983 ], [ -71.272329184999933, -70.681206337999981 ], [ -71.245247401999961, -70.660853074999977 ], [ -71.254800861999968, -70.649723276999964 ], [ -71.228516505999949, -70.624567809999974 ], [ -71.176059307999935, -70.610718384999984 ], [ -71.17857689899995, -70.592039731999932 ], [ -71.134530425999969, -70.596473610999965 ], [ -71.065731072999938, -70.56830271299998 ], [ -71.030583456999977, -70.524908232999962 ], [ -71.001227877999952, -70.516749933999961 ], [ -71.031672561999983, -70.490607973999943 ], [ -70.979209535999985, -70.451475244999983 ], [ -70.797085652999954, -70.432710260999954 ], [ -70.74975849599997, -70.408676936999939 ], [ -70.410149298999954, -70.389115284999946 ], [ -70.303689779999956, -70.358331506999946 ], [ -70.186379122999938, -70.35020187899994 ], [ -70.147300414999961, -70.315737083999977 ], [ -69.922490462999974, -70.357133014999988 ], [ -69.748660909999955, -70.342922365999982 ], [ -69.887545683999974, -70.303037554999946 ], [ -69.981458740999983, -70.252186198999937 ], [ -70.060552163999944, -70.261374289999935 ], [ -70.177037103999965, -70.237949962999949 ], [ -70.206027776999974, -70.254019983999967 ], [ -70.243712324999933, -70.232629865999968 ], [ -70.384961417999989, -70.247239345999958 ], [ -70.495913687999973, -70.228347695999958 ], [ -70.50830671999995, -70.217425007999964 ], [ -70.483972058999939, -70.201061803999949 ], [ -70.535952041999963, -70.166706784999974 ], [ -70.622825460999934, -70.172544799999969 ], [ -70.673319643999946, -70.145135975999949 ], [ -70.718315572999984, -70.149497933999953 ], [ -70.723134346999984, -70.125009262999981 ], [ -70.751768935999962, -70.120468740999968 ], [ -70.820478385999934, -70.144168432999948 ], [ -70.810163665999937, -70.156097813999963 ], [ -70.844751661999965, -70.181158250999943 ], [ -70.829479545999959, -70.199332252999966 ], [ -70.894428481999967, -70.196987886999977 ], [ -70.978153031999966, -70.235822990999964 ], [ -71.060870819999934, -70.250244825999971 ], [ -71.127113705999989, -70.233858488999942 ], [ -71.114733799999954, -70.208391889999973 ], [ -71.150047238999946, -70.183281867999938 ], [ -71.322771084999943, -70.185413539999956 ], [ -71.388266063999936, -70.146276719999946 ], [ -71.375128752999956, -70.128555623999944 ], [ -71.606009587999949, -70.097289630999967 ], [ -71.835507287999974, -70.019067395999969 ], [ -71.855149926999957, -69.98191206499996 ], [ -71.920862209999939, -69.95845946299994 ], [ -71.89225905099994, -69.921609010999987 ], [ -71.870214661999967, -69.923007903999974 ], [ -71.91002569799997, -69.882674816999952 ], [ -71.880333228999973, -69.882273986999962 ], [ -71.841532039999947, -69.851604515999952 ], [ -71.854337832999988, -69.840953697999964 ], [ -71.840446344999975, -69.823571043999948 ], [ -71.849408774999972, -69.810779729999979 ], [ -71.818006594999986, -69.789239012999985 ], [ -71.707513048999942, -69.780484829999978 ], [ -71.658805262999977, -69.801242929999944 ], [ -71.652338847999943, -69.785218395999948 ], [ -71.598017576999951, -69.768850214999986 ], [ -71.613400379999973, -69.753102167999941 ], [ -71.583689665999941, -69.740800603999958 ], [ -71.646020057999976, -69.724133130999974 ], [ -71.630973196999946, -69.710038010999938 ], [ -71.653414875999943, -69.68693901599994 ], [ -71.725457006999989, -69.661618245999932 ], [ -71.722676236999973, -69.636266519999936 ], [ -71.751964509999937, -69.620997867999961 ], [ -71.741594115999987, -69.562541553999949 ], [ -71.685120171999984, -69.530797389999975 ], [ -71.673163694999971, -69.513244239999949 ], [ -71.686767165999981, -69.492837049999935 ], [ -71.631215550999968, -69.448867630999985 ], [ -71.686080955999955, -69.436038003999954 ], [ -71.672157707999986, -69.420614628999942 ], [ -71.685930004999989, -69.41543613999994 ], [ -71.651614517999974, -69.397429783999939 ], [ -71.808037811999952, -69.357415700999979 ], [ -71.848601883999947, -69.369520144999967 ], [ -71.911911154999984, -69.355278317999932 ], [ -71.949211150999986, -69.343655000999945 ], [ -71.958190503999958, -69.323612143999981 ], [ -72.039503432999936, -69.300098970999954 ], [ -72.034292595999943, -69.272101969999937 ], [ -72.152026175999936, -69.230911030999948 ], [ -72.130186890999937, -69.221409746999939 ], [ -72.136725163999984, -69.180506956999977 ], [ -72.103017416999933, -69.160230438999974 ], [ -72.198298801999954, -69.110614697999949 ], [ -72.213217276999956, -69.07626662399997 ], [ -71.960570281999935, -68.950515941999981 ], [ -71.637507620999941, -68.907032511999944 ], [ -71.596523668999964, -68.89542025999998 ], [ -71.595747652999933, -68.874167446999934 ], [ -71.555267887999946, -68.856882631999952 ], [ -71.181170022999936, -68.846746818999975 ], [ -71.021205839999936, -68.865429689999985 ], [ -70.875099323999962, -68.820530266999981 ], [ -70.74914789099995, -68.804738801999974 ], [ -70.585153003999949, -68.818416265999986 ], [ -70.441658143999973, -68.784245214999942 ] ] ], [ [ [ -67.185376755999982, -68.786529934999976 ], [ -67.192519503999961, -68.788429257999951 ], [ -67.191931795999949, -68.781935874999988 ], [ -67.185376755999982, -68.786529934999976 ] ] ], [ [ [ -70.46743577899997, -68.763311163999958 ], [ -70.455073508999988, -68.749864636999973 ], [ -70.438800944999969, -68.764519576999987 ], [ -70.46743577899997, -68.763311163999958 ] ] ], [ [ [ -67.488316278999946, -68.703083543999981 ], [ -67.495770531999938, -68.719783694999933 ], [ -67.532361843999979, -68.711777740999935 ], [ -67.515109766999956, -68.705857207999941 ], [ -67.488316278999946, -68.703083543999981 ] ] ], [ [ [ -67.502846352999939, -68.700432640999963 ], [ -67.497182909999935, -68.702604324999982 ], [ -67.509963413999969, -68.702461764999953 ], [ -67.502846352999939, -68.700432640999963 ] ] ], [ [ [ -67.519898729999966, -68.701285389999953 ], [ -67.513949052999976, -68.69701314799994 ], [ -67.51243431599994, -68.698952507999934 ], [ -67.519898729999966, -68.701285389999953 ] ] ], [ [ [ -67.535682742999938, -68.690455388999965 ], [ -67.525924603999954, -68.69075130799996 ], [ -67.537447391999933, -68.693290846999957 ], [ -67.535682742999938, -68.690455388999965 ] ] ], [ [ [ -60.881881863999979, -68.686356681999939 ], [ -60.716669164999985, -68.721757556999933 ], [ -60.673873158999982, -68.746260551999967 ], [ -60.663588475999973, -68.780210211999986 ], [ -60.700966047999941, -68.797484084999951 ], [ -60.774782012999935, -68.798088852999967 ], [ -60.977399615999957, -68.746985661999986 ], [ -61.032089980999956, -68.70850467799994 ], [ -60.984905499999968, -68.691030591999947 ], [ -60.881881863999979, -68.686356681999939 ] ] ], [ [ [ -64.800464054999964, -68.634084928999982 ], [ -64.781011753999962, -68.627012339999965 ], [ -64.771194823999963, -68.638276876999953 ], [ -64.800464054999964, -68.634084928999982 ] ] ], [ [ [ -64.866185691999988, -68.641407644999958 ], [ -64.897803162999935, -68.641196122999986 ], [ -64.904004910999959, -68.629447750999987 ], [ -64.880897990999983, -68.628621344999942 ], [ -64.866185691999988, -68.641407644999958 ] ] ], [ [ [ -68.056748288999984, -68.585564923999982 ], [ -68.054970685999933, -68.587290616999951 ], [ -68.060234890999936, -68.586390378999965 ], [ -68.056748288999984, -68.585564923999982 ] ] ], [ [ [ -68.06223327899994, -68.583197211999959 ], [ -68.062381832999961, -68.587391661999959 ], [ -68.068988278999939, -68.587617600999977 ], [ -68.06223327899994, -68.583197211999959 ] ] ], [ [ [ -68.074064116999978, -68.57907574799998 ], [ -68.069248152999933, -68.579250212999966 ], [ -68.062493060999941, -68.58022026499998 ], [ -68.074064116999978, -68.57907574799998 ] ] ], [ [ [ -62.711092722999979, -68.454671631999986 ], [ -62.735210343999938, -68.456646969999952 ], [ -62.742791003999969, -68.451310040999942 ], [ -62.711092722999979, -68.454671631999986 ] ] ], [ [ [ -67.162529911999968, -68.355021535999981 ], [ -67.150149773999942, -68.353866219999986 ], [ -67.144359149999957, -68.354076176999968 ], [ -67.162529911999968, -68.355021535999981 ] ] ], [ [ [ -69.009598555999958, -68.341791396999952 ], [ -69.000588693999987, -68.338941727999952 ], [ -68.995025829999975, -68.341131205999943 ], [ -69.009598555999958, -68.341791396999952 ] ] ], [ [ [ -66.702668154999969, -68.211921034999932 ], [ -66.683877677999988, -68.206872895999936 ], [ -66.668755350999959, -68.208780571999966 ], [ -66.702668154999969, -68.211921034999932 ] ] ], [ [ [ -67.05675258499997, -68.20015467099995 ], [ -66.99378616599995, -68.20513873799996 ], [ -67.067647932999932, -68.204833250999968 ], [ -67.05675258499997, -68.20015467099995 ] ] ], [ [ [ -67.004395943999953, -68.184672813999953 ], [ -66.991538687999935, -68.185016532999953 ], [ -66.98909522699995, -68.186871602999986 ], [ -67.004395943999953, -68.184672813999953 ] ] ], [ [ [ -67.275998165999965, -68.17593233499997 ], [ -67.26803760599995, -68.176324184999942 ], [ -67.276157954999974, -68.178963736999947 ], [ -67.275998165999965, -68.17593233499997 ] ] ], [ [ [ -67.253095818999952, -68.12987979199994 ], [ -67.137174648999974, -68.140166059999956 ], [ -67.180555564999963, -68.172158310999976 ], [ -67.230746084999964, -68.176895207999962 ], [ -67.273723064999956, -68.15262701599994 ], [ -67.253095818999952, -68.12987979199994 ] ] ], [ [ [ -68.851256795999973, -68.105217855999967 ], [ -68.856722576999971, -68.108388662999971 ], [ -68.858032681999987, -68.10819969299996 ], [ -68.851256795999973, -68.105217855999967 ] ] ], [ [ [ -68.848276608999981, -68.100187694999988 ], [ -68.840642441999933, -68.100264350999964 ], [ -68.85652304599995, -68.104622204999941 ], [ -68.848276608999981, -68.100187694999988 ] ] ], [ [ [ -68.868127500999947, -68.093396489999975 ], [ -68.860015827999973, -68.094622064999953 ], [ -68.879221647999941, -68.097891990999983 ], [ -68.868127500999947, -68.093396489999975 ] ] ], [ [ [ -68.849355789999947, -68.088964139999973 ], [ -68.831050193999943, -68.092132524999954 ], [ -68.858256700999959, -68.097357028999966 ], [ -68.849355789999947, -68.088964139999973 ] ] ], [ [ [ -68.857146480999972, -68.088366207999968 ], [ -68.851528812999959, -68.089588447999972 ], [ -68.857614469999987, -68.093544754999982 ], [ -68.857146480999972, -68.088366207999968 ] ] ], [ [ [ -68.837944084999947, -68.080168992999972 ], [ -68.835745771999939, -68.085552349999944 ], [ -68.840834444999984, -68.082242943999972 ], [ -68.837944084999947, -68.080168992999972 ] ] ], [ [ [ -68.87204653699996, -68.076523451999947 ], [ -68.864944222999952, -68.077992305999942 ], [ -68.871894358999953, -68.082715436999933 ], [ -68.87204653699996, -68.076523451999947 ] ] ], [ [ [ -68.854169848999959, -68.05834009199998 ], [ -68.857985898999971, -68.065166743999953 ], [ -68.862055530999953, -68.065513200999987 ], [ -68.854169848999959, -68.05834009199998 ] ] ], [ [ [ -69.043597743999953, -68.043971778999946 ], [ -69.033411098999977, -68.044285620999972 ], [ -69.046561809999957, -68.045491320999986 ], [ -69.043597743999953, -68.043971778999946 ] ] ], [ [ [ -67.424342314999933, -67.886653829999943 ], [ -67.388714748999973, -67.882837885999948 ], [ -67.376058822999937, -67.888988952999966 ], [ -67.424342314999933, -67.886653829999943 ] ] ], [ [ [ -66.917150921999962, -67.850887279999938 ], [ -66.870488935999958, -67.875219419999951 ], [ -66.939507369999944, -67.887673156999938 ], [ -67.053870641999936, -67.876877054999966 ], [ -67.013013676999947, -67.854572640999947 ], [ -66.917150921999962, -67.850887279999938 ] ] ], [ [ [ -67.253015888999983, -67.834699082999975 ], [ -67.254556904999959, -67.839880907999941 ], [ -67.257705696999949, -67.83752519799998 ], [ -67.253015888999983, -67.834699082999975 ] ] ], [ [ [ -67.069157107999956, -67.829022675999965 ], [ -67.081653298999981, -67.838334182999972 ], [ -67.085959325999966, -67.838124818999972 ], [ -67.069157107999956, -67.829022675999965 ] ] ], [ [ [ -68.403833469999938, -67.799744522999958 ], [ -68.406481465999946, -67.805137860999935 ], [ -68.415722656999947, -67.806753321999963 ], [ -68.403833469999938, -67.799744522999958 ] ] ], [ [ [ -68.402975749999939, -67.795343855999988 ], [ -68.399064111999962, -67.797008244999972 ], [ -68.405774690999976, -67.798701954999956 ], [ -68.402975749999939, -67.795343855999988 ] ] ], [ [ [ -67.001930716999937, -67.816757984999981 ], [ -66.900691536999943, -67.800517898999942 ], [ -66.964100995999956, -67.831374561999951 ], [ -67.001930716999937, -67.816757984999981 ] ] ], [ [ [ -65.17489991399998, -67.810478157999967 ], [ -65.070925364999937, -67.826484641999969 ], [ -65.021557966999978, -67.794953889999988 ], [ -64.984451523999951, -67.804749905999984 ], [ -65.017129764999936, -67.810535414999947 ], [ -65.025510854999936, -67.83958510399998 ], [ -64.997075965999954, -67.848518585999955 ], [ -65.011653523999939, -67.854090171999985 ], [ -65.094983747999947, -67.828917891999936 ], [ -65.311147839999933, -67.828300636999984 ], [ -65.283678533999932, -67.80385057899997 ], [ -65.210112767999988, -67.810145856999952 ], [ -65.193277971999976, -67.792186697999966 ], [ -65.17489991399998, -67.810478157999967 ] ] ], [ [ [ -67.240546226999982, -67.788875603999941 ], [ -67.159425747999933, -67.805850856999939 ], [ -67.205605752999986, -67.82908592299998 ], [ -67.129761500999962, -67.812805619999949 ], [ -67.087712303999979, -67.837676938999948 ], [ -67.167126468999982, -67.880741435999937 ], [ -67.271849703999976, -67.896649465999985 ], [ -67.302724544999933, -67.867847956999981 ], [ -67.237725379999972, -67.847731383999985 ], [ -67.23785406199994, -67.828552079999952 ], [ -67.346711153999934, -67.822098819999951 ], [ -67.265296608999961, -67.807405604999985 ], [ -67.240546226999982, -67.788875603999941 ] ] ], [ [ [ -68.887111707999964, -67.767503292999947 ], [ -68.887107476999972, -67.778668483999979 ], [ -68.902298691999988, -67.771636405999971 ], [ -68.887111707999964, -67.767503292999947 ] ] ], [ [ [ -68.828601699999979, -67.759677056999976 ], [ -68.815836550999961, -67.757848636999938 ], [ -68.815717119999988, -67.759719719999964 ], [ -68.828601699999979, -67.759677056999976 ] ] ], [ [ [ -68.409578415999988, -67.723431414999936 ], [ -68.343404079999971, -67.730877948999932 ], [ -68.422033997999961, -67.737060756999938 ], [ -68.409578415999988, -67.723431414999936 ] ] ], [ [ [ -66.982066076999956, -67.719844594999984 ], [ -66.965801141999975, -67.719913023999936 ], [ -66.981900699999983, -67.721734932999937 ], [ -66.982066076999956, -67.719844594999984 ] ] ], [ [ [ -65.267651932999968, -67.665214938999952 ], [ -65.29893915699995, -67.665141012999982 ], [ -65.306871764999983, -67.655246062999936 ], [ -65.267651932999968, -67.665214938999952 ] ] ], [ [ [ -67.011018110999942, -67.646171451999976 ], [ -67.010347840999941, -67.659903819999954 ], [ -67.051667829999985, -67.687859203999949 ], [ -67.176420137999969, -67.728326271999947 ], [ -67.145811269999967, -67.699963414999957 ], [ -67.011018110999942, -67.646171451999976 ] ] ], [ [ [ -68.195589949999942, -67.607213788999957 ], [ -68.197497963999979, -67.611866388999943 ], [ -68.202798942999948, -67.610639342999946 ], [ -68.195589949999942, -67.607213788999957 ] ] ], [ [ [ -68.190405924999936, -67.593409446999942 ], [ -68.203047402999971, -67.608460080999976 ], [ -68.236295828999971, -67.615769946999933 ], [ -68.203404690999946, -67.596081789999971 ], [ -68.190405924999936, -67.593409446999942 ] ] ], [ [ [ -68.250208573999942, -67.593458215999988 ], [ -68.240762447999941, -67.595061792999957 ], [ -68.25043713499997, -67.596471153999971 ], [ -68.250208573999942, -67.593458215999988 ] ] ], [ [ [ -68.358917571999939, -67.597589662999951 ], [ -68.321675351999943, -67.605211655999938 ], [ -68.364820512999984, -67.60891814699994 ], [ -68.358917571999939, -67.597589662999951 ] ] ], [ [ [ -68.246206885999982, -67.592110274999982 ], [ -68.232812234999983, -67.590727432999984 ], [ -68.225836477999962, -67.592142411999987 ], [ -68.246206885999982, -67.592110274999982 ] ] ], [ [ [ -64.782864190999987, -67.590079229999958 ], [ -64.563611954999942, -67.619639038999935 ], [ -64.619174261999945, -67.656576813999948 ], [ -64.714763606999952, -67.682211380999945 ], [ -64.854985866999982, -67.656106861999945 ], [ -64.906243725999957, -67.66420685099996 ], [ -64.941134246999979, -67.690653159999954 ], [ -64.957769876999976, -67.674781021999934 ], [ -64.95369954399996, -67.648294552999971 ], [ -65.007987017999938, -67.618062099999975 ], [ -64.91866265699997, -67.59443493699996 ], [ -64.782864190999987, -67.590079229999958 ] ] ], [ [ [ -67.252810194999938, -67.574412196999958 ], [ -67.121168527999941, -67.620525568999938 ], [ -67.120480202999943, -67.637879252999937 ], [ -67.249666310999942, -67.678826097999945 ], [ -67.258962363999956, -67.712337607999984 ], [ -67.313609553999981, -67.70502844899994 ], [ -67.320397695999986, -67.716228054999988 ], [ -67.293341407999947, -67.736000480999962 ], [ -67.433240169999976, -67.785874788999934 ], [ -67.533748433999961, -67.793574729999932 ], [ -67.734569134999958, -67.751375564999933 ], [ -67.742181536999965, -67.724502170999983 ], [ -67.654524808999952, -67.71251934999998 ], [ -67.634840769999983, -67.679000019999933 ], [ -67.655697550999946, -67.672481004999952 ], [ -67.718529176999937, -67.702262565999945 ], [ -67.783444131999943, -67.695393026999966 ], [ -67.767650198999945, -67.692900115999976 ], [ -67.776699580999946, -67.672790470999985 ], [ -67.752928559999987, -67.660093050999933 ], [ -67.578983844999982, -67.603526216999967 ], [ -67.429505953999978, -67.583415379999963 ], [ -67.400296922999985, -67.589227086999983 ], [ -67.408706010999936, -67.604154223999956 ], [ -67.390587369999935, -67.614906388999941 ], [ -67.326486972999987, -67.612691213999938 ], [ -67.252810194999938, -67.574412196999958 ] ] ], [ [ [ -67.467372899999987, -67.570358193999937 ], [ -67.456139544999985, -67.570150182999953 ], [ -67.452293680999958, -67.572093404999976 ], [ -67.467372899999987, -67.570358193999937 ] ] ], [ [ [ -66.836507273999985, -67.552216226999974 ], [ -66.842511866999985, -67.556158343999982 ], [ -66.852334526999982, -67.557406214999958 ], [ -66.836507273999985, -67.552216226999974 ] ] ], [ [ [ -67.692142374999946, -67.557265724999979 ], [ -67.684565885999973, -67.552234460999955 ], [ -67.683205423999937, -67.552909381999939 ], [ -67.688875336999956, -67.556945556999949 ], [ -67.692142374999946, -67.557265724999979 ] ] ], [ [ [ -67.24445445899994, -67.55009531099995 ], [ -67.240553584999986, -67.55175849699998 ], [ -67.250617771999941, -67.553864006999959 ], [ -67.24445445899994, -67.55009531099995 ] ] ], [ [ [ -67.801084777999961, -67.549087917999941 ], [ -67.787386114999947, -67.55456372499998 ], [ -67.817570470999954, -67.574028647999967 ], [ -67.830835574999981, -67.574258707999945 ], [ -67.801084777999961, -67.549087917999941 ] ] ], [ [ [ -67.687061746999973, -67.543896761999974 ], [ -67.68262167599994, -67.54665805999997 ], [ -67.690657142999953, -67.545713445999979 ], [ -67.687061746999973, -67.543896761999974 ] ] ], [ [ [ -67.130019757999946, -67.506102002999967 ], [ -67.054624751999938, -67.502246639999953 ], [ -67.040155120999941, -67.515375376999941 ], [ -67.051248601999987, -67.529291630999978 ], [ -67.02845991199996, -67.534730696999986 ], [ -66.939906805999954, -67.507470912999963 ], [ -66.811646472999939, -67.521990839999944 ], [ -66.941933801999937, -67.567386557999953 ], [ -66.952889345999949, -67.579234325999948 ], [ -66.928554848999966, -67.584183554999981 ], [ -66.957236407999972, -67.591707201999952 ], [ -67.024244369999963, -67.580808012999967 ], [ -67.08307698599998, -67.602432722999936 ], [ -67.156829408999954, -67.598356573999979 ], [ -67.179178270999955, -67.58941675899996 ], [ -67.098776379999947, -67.554385840999942 ], [ -67.174565739999935, -67.576936051999951 ], [ -67.215966734999938, -67.56211746799994 ], [ -67.21547183399997, -67.548164939999936 ], [ -67.181576600999961, -67.533043952999947 ], [ -67.093548043999988, -67.516490917999988 ], [ -67.130019757999946, -67.506102002999967 ] ] ], [ [ [ -67.644435917999942, -67.491570614999944 ], [ -67.640021059999981, -67.495403175999968 ], [ -67.645195853999951, -67.493110134999938 ], [ -67.644435917999942, -67.491570614999944 ] ] ], [ [ [ -67.979818433999981, -67.467372761999968 ], [ -67.972374017999982, -67.470606270999951 ], [ -67.980622512999958, -67.468140751999954 ], [ -67.979818433999981, -67.467372761999968 ] ] ], [ [ [ -67.918970772999955, -67.441658765999932 ], [ -67.917251266999983, -67.45323435499995 ], [ -67.95390217399995, -67.463787346999936 ], [ -67.950073370999974, -67.453368054999942 ], [ -67.918970772999955, -67.441658765999932 ] ] ], [ [ [ -67.609043628999984, -67.308064982999952 ], [ -67.660842229999957, -67.353332347999981 ], [ -67.731616150999969, -67.376592852999977 ], [ -67.749908910999977, -67.361407277999945 ], [ -67.723707799999943, -67.326775818999977 ], [ -67.609043628999984, -67.308064982999952 ] ] ], [ [ [ -66.782628093999961, -67.246104617999947 ], [ -66.769889478999971, -67.248503133999975 ], [ -66.786204347999956, -67.247639614999969 ], [ -66.782628093999961, -67.246104617999947 ] ] ], [ [ [ -68.799447097999973, -67.231848280999941 ], [ -68.801995044999956, -67.237040741999976 ], [ -68.806897934999938, -67.231878319999964 ], [ -68.799447097999973, -67.231848280999941 ] ] ], [ [ [ -67.858265141999937, -67.230925162999938 ], [ -67.849965767999947, -67.236585897999987 ], [ -67.860121205999974, -67.231658030999938 ], [ -67.858265141999937, -67.230925162999938 ] ] ], [ [ [ -67.828066341999943, -67.213926163999986 ], [ -67.817046483999945, -67.217917469999975 ], [ -67.825112805999936, -67.221330722999937 ], [ -67.828066341999943, -67.213926163999986 ] ] ], [ [ [ -66.834222104999981, -67.206854151999948 ], [ -66.818829145999985, -67.213400568999987 ], [ -66.83876210699998, -67.219133205999981 ], [ -66.814486639999984, -67.233869242999958 ], [ -66.852244806999977, -67.246220545999961 ], [ -66.888900202999935, -67.238288422999972 ], [ -66.834222104999981, -67.206854151999948 ] ] ], [ [ [ -67.636676043999955, -67.196501266999974 ], [ -67.579740368999978, -67.210529846999975 ], [ -67.667393882999988, -67.271833347999973 ], [ -67.746481538999944, -67.284582043999933 ], [ -67.815483470999936, -67.271369702999948 ], [ -67.636676043999955, -67.196501266999974 ] ] ], [ [ [ -67.696730173999981, -67.176433003999932 ], [ -67.689338831999976, -67.184556947999965 ], [ -67.698069947999954, -67.183834804999947 ], [ -67.696730173999981, -67.176433003999932 ] ] ], [ [ [ -67.562577383999951, -67.040244893999954 ], [ -67.543187691999947, -67.071387723999976 ], [ -67.563846620999982, -67.081026690999977 ], [ -67.538495211999987, -67.097575694999932 ], [ -67.567539353999962, -67.126773051999976 ], [ -67.618503270999952, -67.145841380999968 ], [ -67.683346347999986, -67.128886785999953 ], [ -67.634938843999976, -67.103915198999971 ], [ -67.659720170999947, -67.087922099999957 ], [ -67.643438366999987, -67.067949479999982 ], [ -67.562577383999951, -67.040244893999954 ] ] ], [ [ [ -66.876677209999968, -67.014198514999975 ], [ -66.861511821999954, -67.018969400999936 ], [ -66.868184911999947, -67.028432226999939 ], [ -66.876677209999968, -67.014198514999975 ] ] ], [ [ [ -67.799092540999936, -66.965320715999951 ], [ -67.792885015999957, -66.961778681999988 ], [ -67.706382184999939, -66.964196666999953 ], [ -67.710155767999936, -66.978575790999969 ], [ -67.737975345999985, -66.980903467999951 ], [ -67.799092540999936, -66.965320715999951 ] ] ], [ [ [ -67.808012214999962, -66.92342537899998 ], [ -67.784716544999981, -66.924373745999958 ], [ -67.766263009999989, -66.928959965999979 ], [ -67.808012214999962, -66.92342537899998 ] ] ], [ [ [ -66.973590513999966, -66.892932476999988 ], [ -66.955526347999978, -66.897261162999939 ], [ -66.934828320999941, -66.919477968999956 ], [ -67.004487612999981, -66.915509678999967 ], [ -66.973590513999966, -66.892932476999988 ] ] ], [ [ [ -67.737228133999963, -66.887771124999972 ], [ -67.73089549599996, -66.889600045999941 ], [ -67.740180404999933, -66.889525189999972 ], [ -67.737228133999963, -66.887771124999972 ] ] ], [ [ [ -66.683252093999954, -66.873624077999978 ], [ -66.642918226999939, -66.883807089999948 ], [ -66.686475270999949, -66.896017429999972 ], [ -66.723402617999966, -66.885996584999987 ], [ -66.683252093999954, -66.873624077999978 ] ] ], [ [ [ -67.715888387999939, -66.873913289999962 ], [ -67.712828469999977, -66.87982586399994 ], [ -67.720894744999953, -66.87714738699998 ], [ -67.715888387999939, -66.873913289999962 ] ] ], [ [ [ -66.791333576999932, -66.871503845999939 ], [ -66.787709121999967, -66.866750975999935 ], [ -66.783552834999966, -66.871736831999954 ], [ -66.791333576999932, -66.871503845999939 ] ] ], [ [ [ -60.19378980099998, -66.904259391999972 ], [ -60.220839101999957, -66.89606351599997 ], [ -60.170013242999971, -66.859432516999959 ], [ -60.108870121999985, -66.838325456999939 ], [ -60.081381405999934, -66.846763157999987 ], [ -60.19378980099998, -66.904259391999972 ] ] ], [ [ [ -68.332113984999978, -66.784204125999963 ], [ -68.326213474999975, -66.783656649999955 ], [ -68.332769642999949, -66.785568536999961 ], [ -68.332113984999978, -66.784204125999963 ] ] ], [ [ [ -67.384560491999935, -66.743513406999966 ], [ -67.273827023999957, -66.774167993999981 ], [ -67.295899997999982, -66.779547226999966 ], [ -67.237078960999952, -66.805236000999969 ], [ -67.267321128999981, -66.815278643999989 ], [ -67.238435802999959, -66.840621677999934 ], [ -67.306105069999944, -66.876993677999963 ], [ -67.380564856999968, -66.883410694999952 ], [ -67.378019798999958, -66.902188483999964 ], [ -67.401127933999987, -66.911551852999935 ], [ -67.470577094999953, -66.917265548999978 ], [ -67.601450513999964, -66.884167436999974 ], [ -67.547559493999984, -66.867307115999949 ], [ -67.551664125999935, -66.833542579999971 ], [ -67.496440356999983, -66.807442246999983 ], [ -67.507108011999946, -66.76613161399996 ], [ -67.384560491999935, -66.743513406999966 ] ] ], [ [ [ -66.558075862999942, -66.660062558999982 ], [ -66.56244993699994, -66.66114291599996 ], [ -66.563623002999975, -66.660964332999981 ], [ -66.558075862999942, -66.660062558999982 ] ] ], [ [ [ -67.776032595999936, -66.630688816999964 ], [ -67.659647143999962, -66.642178392999938 ], [ -67.672376890999942, -66.67547271799998 ], [ -67.641057100999944, -66.68148741899995 ], [ -67.683587450999937, -66.696592486999975 ], [ -67.668608374999963, -66.710850002999962 ], [ -67.744692853999936, -66.730283720999978 ], [ -67.739011483999946, -66.756230717999983 ], [ -67.832297106999988, -66.775097181999968 ], [ -67.826788098999941, -66.801231747999964 ], [ -67.839558967999949, -66.81362448699997 ], [ -67.919552446999944, -66.80668671899997 ], [ -67.948615557999972, -66.822549300999981 ], [ -67.95500605899997, -66.841887447999966 ], [ -67.923910302999957, -66.847822751999956 ], [ -67.981256210999959, -66.862188694999986 ], [ -67.978400938999982, -66.891113235999967 ], [ -68.000575938999987, -66.900149512999974 ], [ -68.021351505999974, -66.945695855999986 ], [ -67.996411905999935, -66.980693093999946 ], [ -67.926226295999982, -67.008340516999965 ], [ -67.945578353999963, -67.021550872999967 ], [ -67.932074778999947, -67.034530975999985 ], [ -67.999941173999957, -67.042058119999979 ], [ -67.994841632999965, -67.056700255999942 ], [ -67.885298364999983, -67.059639329999982 ], [ -67.889446564999957, -67.070704162999959 ], [ -67.866275584999983, -67.078578286999971 ], [ -67.812157334999938, -67.07074221299996 ], [ -67.795428139999956, -67.087907374999986 ], [ -67.804464095999947, -67.095462531999942 ], [ -67.777771632999986, -67.109286246999943 ], [ -67.790291107999963, -67.131487600999947 ], [ -67.675857046999965, -67.148982213999943 ], [ -67.761916043999975, -67.187455796999984 ], [ -67.750534656999946, -67.197588196999959 ], [ -67.768038973999978, -67.207808572999966 ], [ -67.782391238999935, -67.184114411999985 ], [ -67.841688715999965, -67.179519730999971 ], [ -67.843184428999962, -67.206292572999985 ], [ -67.864224177999972, -67.221631367999976 ], [ -67.854836656999964, -67.229116447999957 ], [ -67.892165570999964, -67.224932415999945 ], [ -67.910993785999949, -67.242856909999944 ], [ -67.896282497999948, -67.249360796999952 ], [ -67.914290201999961, -67.255840791999958 ], [ -67.934761324999954, -67.243327103999945 ], [ -67.995714890999977, -67.258818883999936 ], [ -67.968129471999987, -67.27949072499996 ], [ -67.980938272999936, -67.301625097999988 ], [ -68.143129568999939, -67.325834369999939 ], [ -68.258540014999937, -67.368426602999932 ], [ -68.241196291999984, -67.381294134999962 ], [ -68.103001606999953, -67.384209711999972 ], [ -68.011183026999959, -67.404420540999979 ], [ -67.980157461999966, -67.390689832999954 ], [ -67.937392901999942, -67.406826166999963 ], [ -67.974558438999964, -67.439312462999965 ], [ -67.96133122699996, -67.455346330999987 ], [ -68.025970518999941, -67.473773254999969 ], [ -68.053406733999964, -67.501486052999951 ], [ -68.053573578999988, -67.523293792999937 ], [ -68.086591540999962, -67.535251505999952 ], [ -68.073077245999968, -67.538321302999975 ], [ -68.12979054799996, -67.552715970999941 ], [ -68.130094476999943, -67.565328514999976 ], [ -68.122928380999952, -67.563661170999978 ], [ -68.125101391999976, -67.567128406999984 ], [ -68.112421907999988, -67.566239302999975 ], [ -68.112588363999976, -67.569147603999966 ], [ -68.157796750999978, -67.566114744999936 ], [ -68.229502173999947, -67.543081111999982 ], [ -68.223084915999948, -67.518917672999976 ], [ -68.235211963999973, -67.512303636999945 ], [ -68.277089030999946, -67.515626404999978 ], [ -68.433453174999954, -67.565243882999937 ], [ -68.436911412999962, -67.579471603999934 ], [ -68.409791703999986, -67.582962882999936 ], [ -68.385232454999937, -67.613499927999953 ], [ -68.407480472999964, -67.627145652999957 ], [ -68.402052567999988, -67.651549742999975 ], [ -68.516855150999959, -67.698134689999961 ], [ -68.568521368999939, -67.750207460999945 ], [ -68.672023797999941, -67.727094407999971 ], [ -68.738301691999936, -67.75153585299995 ], [ -68.770691600999953, -67.745305522999956 ], [ -68.901170453999953, -67.765984152999977 ], [ -68.919088795999983, -67.76087049299997 ], [ -68.901508096999976, -67.745273945999941 ], [ -68.921844011999951, -67.736450623999986 ], [ -68.908620819999953, -67.690111247999937 ], [ -69.07725039099995, -67.65843780199998 ], [ -69.055547211999965, -67.642350773999965 ], [ -69.095112180999934, -67.629437675999952 ], [ -69.084577865999961, -67.609376354999938 ], [ -69.160791463999942, -67.577227802999971 ], [ -69.178303794999977, -67.53213508999994 ], [ -69.147011603999943, -67.506248865999964 ], [ -69.137077690999945, -67.467222730999936 ], [ -69.096160077999969, -67.419494725999982 ], [ -69.036980966999977, -67.377250278999952 ], [ -68.924052588999984, -67.341831025999966 ], [ -68.913495895999972, -67.317150207999987 ], [ -68.879360556999984, -67.314326216999973 ], [ -68.890858897999976, -67.308005683999966 ], [ -68.880657574999987, -67.298594097999967 ], [ -68.800228220999941, -67.26880072199998 ], [ -68.809197499999982, -67.258367989999954 ], [ -68.795052817999988, -67.227282532999936 ], [ -68.722692775999974, -67.186114562999933 ], [ -68.75637298099997, -67.170437401999948 ], [ -68.751957962999938, -67.158300470999961 ], [ -68.699279323999974, -67.122632568999961 ], [ -68.549523621999981, -66.952885718999937 ], [ -68.437251653999965, -66.886527633999947 ], [ -68.448663289999956, -66.86788229299998 ], [ -68.349668621999967, -66.835726654999974 ], [ -68.313988989999984, -66.802289860999963 ], [ -68.226508983999963, -66.795581917999982 ], [ -68.215814408999961, -66.758382526999981 ], [ -68.067759283999976, -66.725514918999977 ], [ -67.952733273999968, -66.678618337999978 ], [ -67.963733076999972, -66.672905862999983 ], [ -67.920966881999959, -66.667116046999979 ], [ -67.926297030999933, -66.654377193999949 ], [ -67.776032595999936, -66.630688816999964 ] ] ], [ [ [ -67.638764653999942, -66.61567574299994 ], [ -67.628842125999938, -66.618689619999941 ], [ -67.645403332999933, -66.619150507999962 ], [ -67.638764653999942, -66.61567574299994 ] ] ], [ [ [ -67.608709481999938, -66.606919424999944 ], [ -67.573696083999948, -66.603123493999988 ], [ -67.609281826999961, -66.608872365999957 ], [ -67.608709481999938, -66.606919424999944 ] ] ], [ [ [ -67.604402608999976, -66.59567392799994 ], [ -67.593480939999949, -66.598318630999984 ], [ -67.604894607999938, -66.59766687299998 ], [ -67.604402608999976, -66.59567392799994 ] ] ], [ [ [ -66.948045272999934, -66.528138185999978 ], [ -66.931603735999943, -66.525930653999978 ], [ -66.930298565999976, -66.527134730999933 ], [ -66.948045272999934, -66.528138185999978 ] ] ], [ [ [ -63.656448813999987, -66.517120782999939 ], [ -63.636333406999938, -66.529909734999933 ], [ -63.640160753999965, -66.542999667999936 ], [ -63.667331239999953, -66.546043678999979 ], [ -63.712229525999987, -66.523488018999956 ], [ -63.656448813999987, -66.517120782999939 ] ] ], [ [ [ -66.433820797999942, -66.467260032999945 ], [ -66.413400775999946, -66.470952392999948 ], [ -66.437777794999988, -66.472265028999971 ], [ -66.433820797999942, -66.467260032999945 ] ] ], [ [ [ -67.174225905999947, -66.469436673999951 ], [ -67.14208683399994, -66.460233760999984 ], [ -67.142546509999988, -66.462746615999947 ], [ -67.162286629999983, -66.470606777999933 ], [ -67.174225905999947, -66.469436673999951 ] ] ], [ [ [ -67.103911935999975, -66.454385568999953 ], [ -67.095570724999959, -66.453577871999983 ], [ -67.111776709999958, -66.456185560999984 ], [ -67.103911935999975, -66.454385568999953 ] ] ], [ [ [ -66.640002980999952, -66.452087032999941 ], [ -66.627087733999986, -66.452210788999935 ], [ -66.632801714999971, -66.453478384999983 ], [ -66.640002980999952, -66.452087032999941 ] ] ], [ [ [ -67.116097712999988, -66.448652906999939 ], [ -67.111919656999987, -66.450928776999945 ], [ -67.125723612999934, -66.449434081999982 ], [ -67.116097712999988, -66.448652906999939 ] ] ], [ [ [ -67.145327136999981, -66.451390842999956 ], [ -67.109736589999955, -66.439511366999966 ], [ -67.118843334999951, -66.444779136999955 ], [ -67.137966437999978, -66.452762711999981 ], [ -67.145327136999981, -66.451390842999956 ] ] ], [ [ [ -67.100486497999952, -66.436302147999982 ], [ -67.082485324999936, -66.440449598999976 ], [ -67.107318625999937, -66.446327414999985 ], [ -67.100486497999952, -66.436302147999982 ] ] ], [ [ [ -67.11810380999998, -66.431059639999944 ], [ -67.137479156999973, -66.436563407999984 ], [ -67.145185598999944, -66.434530450999944 ], [ -67.136542912999971, -66.432326365999984 ], [ -67.11810380999998, -66.431059639999944 ] ] ], [ [ [ -67.162158509999983, -66.42771240999997 ], [ -67.148000648999982, -66.42623 ], [ -67.143888195999978, -66.425893701999939 ], [ -67.156677601999945, -66.429633925999951 ], [ -67.162158509999983, -66.42771240999997 ] ] ], [ [ [ -67.332665555999938, -66.430848616999981 ], [ -67.319227439999963, -66.425462533999962 ], [ -67.320270234999953, -66.429573687999948 ], [ -67.332665555999938, -66.430848616999981 ] ] ], [ [ [ -66.608206269999982, -66.419506180999974 ], [ -66.588594312999987, -66.421646643999964 ], [ -66.611072030999935, -66.420944803999987 ], [ -66.608206269999982, -66.419506180999974 ] ] ], [ [ [ -67.078478617999963, -66.413100612999983 ], [ -67.068770890999986, -66.412559765999958 ], [ -67.082189489999962, -66.415511755999944 ], [ -67.078478617999963, -66.413100612999983 ] ] ], [ [ [ -67.098936881999975, -66.416358880999951 ], [ -67.086010104999957, -66.411424134999947 ], [ -67.092773074999968, -66.41657182199998 ], [ -67.098936881999975, -66.416358880999951 ] ] ], [ [ [ -67.113509492999981, -66.408056210999973 ], [ -67.121439515999953, -66.425839777999954 ], [ -67.153910093999968, -66.42421755099997 ], [ -67.128198066999971, -66.40853806299998 ], [ -67.113509492999981, -66.408056210999973 ] ] ], [ [ [ -66.406346704999976, -66.401792498999953 ], [ -66.396296710999934, -66.402779879999969 ], [ -66.413467503999982, -66.406611504999944 ], [ -66.406346704999976, -66.401792498999953 ] ] ], [ [ [ -67.167819014999964, -66.400262269999985 ], [ -67.168704729999945, -66.40623149399994 ], [ -67.17258484599995, -66.406604479999942 ], [ -67.167819014999964, -66.400262269999985 ] ] ], [ [ [ -66.100015722999956, -66.399269598999979 ], [ -66.091348051999944, -66.403957471999945 ], [ -66.101426266999965, -66.400624435999987 ], [ -66.100015722999956, -66.399269598999979 ] ] ], [ [ [ -66.007633431999977, -66.394657407999944 ], [ -65.986917278999954, -66.397345376999965 ], [ -66.010125925999944, -66.396844125999962 ], [ -66.007633431999977, -66.394657407999944 ] ] ], [ [ [ -66.63218442799996, -66.396050296999988 ], [ -66.610998458999973, -66.398642869999946 ], [ -66.610914097999967, -66.399674804999961 ], [ -66.63218442799996, -66.396050296999988 ] ] ], [ [ [ -66.096188051999945, -66.381932685999971 ], [ -66.074466111999982, -66.381413183999939 ], [ -66.096710983999969, -66.383743441999968 ], [ -66.096188051999945, -66.381932685999971 ] ] ], [ [ [ -65.917307283999946, -66.374609171999964 ], [ -65.90335889499994, -66.388358391999986 ], [ -65.935373683999956, -66.404115587999968 ], [ -65.977312577999953, -66.389082116999987 ], [ -65.917307283999946, -66.374609171999964 ] ] ], [ [ [ -67.200887566999938, -66.369108468999968 ], [ -67.172604059999969, -66.384618182999986 ], [ -67.216626709999957, -66.408410811999943 ], [ -67.244558364999932, -66.405564491999939 ], [ -67.258318660999976, -66.412387582999941 ], [ -67.275560375999987, -66.410327378999966 ], [ -67.234308768999938, -66.389212172999976 ], [ -67.249908286999982, -66.378769628999976 ], [ -67.231432220999977, -66.386416611999948 ], [ -67.216261591999967, -66.379223597999953 ], [ -67.232438221999985, -66.374283652999964 ], [ -67.200887566999938, -66.369108468999968 ] ] ], [ [ [ -66.416142709999974, -66.370983606999971 ], [ -66.403289328999961, -66.367851556999938 ], [ -66.40451139399994, -66.373734657999933 ], [ -66.416142709999974, -66.370983606999971 ] ] ], [ [ [ -66.523418640999978, -66.367764701999988 ], [ -66.50750260999996, -66.367282673999966 ], [ -66.523757359999934, -66.370109095999965 ], [ -66.523418640999978, -66.367764701999988 ] ] ], [ [ [ -66.955368860999954, -66.363363466999942 ], [ -66.953765326999985, -66.368021876999933 ], [ -66.965100335999978, -66.364967227999955 ], [ -66.955368860999954, -66.363363466999942 ] ] ], [ [ [ -66.448366777999979, -66.363150436999945 ], [ -66.430317216999981, -66.356457474999957 ], [ -66.426536951999935, -66.359374877999983 ], [ -66.448366777999979, -66.363150436999945 ] ] ], [ [ [ -66.466796655999985, -66.348794232999978 ], [ -66.457713816999956, -66.349216320999972 ], [ -66.457155710999984, -66.350976812999988 ], [ -66.466796655999985, -66.348794232999978 ] ] ], [ [ [ -67.192127531999972, -66.327418403999957 ], [ -67.18272458499996, -66.32559288799996 ], [ -67.181089018999955, -66.326107168999954 ], [ -67.192127531999972, -66.327418403999957 ] ] ], [ [ [ -67.196094941999945, -66.324150083999939 ], [ -67.185871068999973, -66.322459608999964 ], [ -67.178226381999934, -66.324124812999969 ], [ -67.196094941999945, -66.324150083999939 ] ] ], [ [ [ -67.148917383999958, -66.319157831999973 ], [ -67.066766423999979, -66.328450219999979 ], [ -67.019916509999973, -66.365204110999969 ], [ -67.096978950999983, -66.378327702999968 ], [ -67.116935866999938, -66.395514608999974 ], [ -67.166705978999971, -66.393075128999953 ], [ -67.112837020999962, -66.365735403999963 ], [ -67.153277076999984, -66.349338957999976 ], [ -67.148917383999958, -66.319157831999973 ] ] ], [ [ [ -66.570022746999939, -66.318390745999977 ], [ -66.560474638999949, -66.318453154999986 ], [ -66.570785181999952, -66.318599988999949 ], [ -66.570022746999939, -66.318390745999977 ] ] ], [ [ [ -67.191656012999943, -66.318647197999951 ], [ -67.170163257999945, -66.318744936999963 ], [ -67.167088702999934, -66.321319868999979 ], [ -67.191656012999943, -66.318647197999951 ] ] ], [ [ [ -67.143700183999954, -66.307232324999973 ], [ -67.129714234999938, -66.31260402099997 ], [ -67.145361101999981, -66.310188834999963 ], [ -67.143700183999954, -66.307232324999973 ] ] ], [ [ [ -67.113439967999966, -66.294359052999937 ], [ -67.092265191999957, -66.287609286999952 ], [ -67.094710044999943, -66.292194729999949 ], [ -67.113439967999966, -66.294359052999937 ] ] ], [ [ [ -67.104897390999952, -66.248963670999956 ], [ -67.10819319999996, -66.253811782999946 ], [ -67.115740627999969, -66.252155195999933 ], [ -67.104897390999952, -66.248963670999956 ] ] ], [ [ [ -66.971309725999959, -66.248235497999985 ], [ -66.964165349999973, -66.250604992999968 ], [ -66.977431465999985, -66.249002820999976 ], [ -66.971309725999959, -66.248235497999985 ] ] ], [ [ [ -67.127892174999943, -66.247182008999971 ], [ -67.118526120999945, -66.252274289999946 ], [ -67.130762355999934, -66.251145924999946 ], [ -67.127892174999943, -66.247182008999971 ] ] ], [ [ [ -67.216992193999943, -66.242412069999943 ], [ -67.21106741899996, -66.241659106999975 ], [ -67.204541426999981, -66.24251419899997 ], [ -67.216992193999943, -66.242412069999943 ] ] ], [ [ [ -67.164483364999967, -66.239816383999937 ], [ -67.15612114399994, -66.249086942999952 ], [ -67.168254940999987, -66.25480452499994 ], [ -67.130924937999964, -66.271409261999963 ], [ -67.194881469999984, -66.272799170999974 ], [ -67.184294121999983, -66.260490493999953 ], [ -67.195801743999937, -66.254595488999939 ], [ -67.164483364999967, -66.239816383999937 ] ] ], [ [ [ -66.969906708999986, -66.23953537899996 ], [ -66.963220946999968, -66.244480602999943 ], [ -66.972551946999943, -66.240948296999989 ], [ -66.969906708999986, -66.23953537899996 ] ] ], [ [ [ -67.076653515999965, -66.236405906999948 ], [ -67.045045681999966, -66.243839446999971 ], [ -67.068282812999939, -66.262301570999966 ], [ -66.968997909999985, -66.253511066999977 ], [ -66.942843530999937, -66.268153601999984 ], [ -66.91525553699995, -66.249017740999932 ], [ -66.879076497999961, -66.259702335999975 ], [ -66.958482544999981, -66.293184422999957 ], [ -67.027368480999939, -66.288490979999949 ], [ -67.105980499999987, -66.268539453999949 ], [ -67.076653515999965, -66.236405906999948 ] ] ], [ [ [ -65.740073207999956, -66.226860757999987 ], [ -65.733195057999978, -66.231341058999988 ], [ -65.739145513999972, -66.230902465999975 ], [ -65.740073207999956, -66.226860757999987 ] ] ], [ [ [ -65.714905104999957, -66.161188902999982 ], [ -65.703265904999967, -66.161507606999976 ], [ -65.702661400999943, -66.162219628999935 ], [ -65.714905104999957, -66.161188902999982 ] ] ], [ [ [ -65.418920029999981, -66.145455840999944 ], [ -65.440021912999953, -66.154705824999951 ], [ -65.446893301999978, -66.152226576999965 ], [ -65.429960807999976, -66.146867258999976 ], [ -65.418920029999981, -66.145455840999944 ] ] ], [ [ [ -65.770849375999944, -66.126614643999972 ], [ -65.753120473999957, -66.127235198999983 ], [ -65.777067193999983, -66.131446581999967 ], [ -65.770849375999944, -66.126614643999972 ] ] ], [ [ [ -65.742280384999958, -66.114431560999947 ], [ -65.688065094999956, -66.117286889999946 ], [ -65.680803307999952, -66.125434708999933 ], [ -65.700655339999969, -66.138710485999979 ], [ -65.752648522999948, -66.132279103999963 ], [ -65.742280384999958, -66.114431560999947 ] ] ], [ [ [ -65.736159770999961, -66.097130130999972 ], [ -65.724687442999937, -66.099050194999961 ], [ -65.738479477999988, -66.10392307099994 ], [ -65.736159770999961, -66.097130130999972 ] ] ], [ [ [ -65.829690193999966, -66.09140416799994 ], [ -65.832292052999946, -66.103490341999986 ], [ -65.842558758999985, -66.103244595999968 ], [ -65.844634484999972, -66.096974609999961 ], [ -65.829690193999966, -66.09140416799994 ] ] ], [ [ [ -65.729018698999937, -66.08210272499997 ], [ -65.716262018999942, -66.084008506999965 ], [ -65.730277134999938, -66.094533147999982 ], [ -65.729018698999937, -66.08210272499997 ] ] ], [ [ [ -65.685047217999966, -66.069527095999945 ], [ -65.670391011999982, -66.07315467799998 ], [ -65.67326752799994, -66.077133618999937 ], [ -65.685047217999966, -66.069527095999945 ] ] ], [ [ [ -65.853300642999955, -66.07023602299995 ], [ -65.844838417999938, -66.068211672999951 ], [ -65.848691176999978, -66.070079893999946 ], [ -65.853300642999955, -66.07023602299995 ] ] ], [ [ [ -65.718443974999957, -66.065394409999953 ], [ -65.70841846899998, -66.063572371999953 ], [ -65.717444502999967, -66.068814550999946 ], [ -65.718443974999957, -66.065394409999953 ] ] ], [ [ [ -66.619605546999935, -66.060758401999976 ], [ -66.556603111999948, -66.068753622999964 ], [ -66.575897310999949, -66.08407135799996 ], [ -66.553927079999937, -66.089565236999988 ], [ -66.638905314999988, -66.126449126999944 ], [ -66.576002911999979, -66.17838377299995 ], [ -66.606079286999943, -66.211206544999982 ], [ -66.736415212999987, -66.265865955999971 ], [ -66.733263017999946, -66.278852445999973 ], [ -66.761726772999964, -66.284750035999934 ], [ -66.746560449999947, -66.292932970999971 ], [ -66.814529991999962, -66.30504293499996 ], [ -66.837992491999955, -66.326211423999951 ], [ -66.88412058199998, -66.331298586999935 ], [ -66.878848410999979, -66.319052812999985 ], [ -66.913658497999961, -66.30538663599998 ], [ -66.804107168999963, -66.244533042999933 ], [ -66.744712676999939, -66.233314217999975 ], [ -66.772563343999934, -66.22417735099998 ], [ -66.732431119999944, -66.209605858999964 ], [ -66.753600247999941, -66.192607142999975 ], [ -66.745745499999941, -66.181978915999935 ], [ -66.782265850999977, -66.171560219999947 ], [ -66.767539159999956, -66.152954283999975 ], [ -66.777620974999934, -66.140902649999987 ], [ -66.75512, -66.128826482999955 ], [ -66.797556852999946, -66.119191643999955 ], [ -66.748499885999934, -66.107957056999965 ], [ -66.759124430999975, -66.100936637999951 ], [ -66.746549744999982, -66.087898094999957 ], [ -66.657113592999963, -66.097865504999959 ], [ -66.642347670999982, -66.090790201999937 ], [ -66.654106418999959, -66.072524919999978 ], [ -66.619605546999935, -66.060758401999976 ] ] ], [ [ [ -65.777060724999956, -66.060668370999963 ], [ -65.770587689999957, -66.059139590999962 ], [ -65.764785745999973, -66.060605350999936 ], [ -65.777060724999956, -66.060668370999963 ] ] ], [ [ [ -65.846290889999977, -66.059365928999966 ], [ -65.837312377999979, -66.060516036999957 ], [ -65.851989078999964, -66.064302571999974 ], [ -65.846290889999977, -66.059365928999966 ] ] ], [ [ [ -65.96050798899995, -66.042250734999982 ], [ -65.946276507999983, -66.039492809999956 ], [ -65.961335367999936, -66.045966193999959 ], [ -65.96050798899995, -66.042250734999982 ] ] ], [ [ [ -65.961450562999971, -66.029977488999975 ], [ -65.962954972999967, -66.044404261999944 ], [ -65.980179620999934, -66.044934198999954 ], [ -65.980090035999979, -66.035863973999938 ], [ -65.961450562999971, -66.029977488999975 ] ] ], [ [ [ -65.454130439999972, -66.029241969999987 ], [ -65.441305234999959, -66.03203093999997 ], [ -65.456733711999959, -66.031896028999938 ], [ -65.454130439999972, -66.029241969999987 ] ] ], [ [ [ -65.405757433999952, -66.027007676999972 ], [ -65.376764508999941, -66.027231017999952 ], [ -65.393815788999973, -66.030871593999962 ], [ -65.405757433999952, -66.027007676999972 ] ] ], [ [ [ -65.428602098999988, -66.025164545999985 ], [ -65.415753069999937, -66.024957015999973 ], [ -65.41014054599998, -66.025343245999977 ], [ -65.412482620999981, -66.027003296999965 ], [ -65.428602098999988, -66.025164545999985 ] ] ], [ [ [ -66.150197793999951, -66.018472273999976 ], [ -66.146724420999988, -66.017755536999971 ], [ -66.128076111999974, -66.018051009999965 ], [ -66.150197793999951, -66.018472273999976 ] ] ], [ [ [ -65.361150229999964, -66.010648948999972 ], [ -65.348824714999978, -66.007451758999935 ], [ -65.346839174999957, -66.00928739699998 ], [ -65.361150229999964, -66.010648948999972 ] ] ], [ [ [ -65.690947818999973, -65.999504940999941 ], [ -65.667357246999984, -66.002516706999984 ], [ -65.672843116999957, -66.012924086999988 ], [ -65.690947818999973, -65.999504940999941 ] ] ], [ [ [ -66.011750542999948, -65.988905818999967 ], [ -66.012629867999976, -65.992337346999932 ], [ -66.018677767999975, -65.991709164999975 ], [ -66.011750542999948, -65.988905818999967 ] ] ], [ [ [ -64.744285802999968, -65.992433549999987 ], [ -64.717011731999946, -65.988880629999983 ], [ -64.714966680999964, -65.990178716999935 ], [ -64.744285802999968, -65.992433549999987 ] ] ], [ [ [ -66.001339172999963, -65.984764895999945 ], [ -65.987696730999971, -65.985010233999958 ], [ -66.001890188999937, -65.987255884999968 ], [ -66.001339172999963, -65.984764895999945 ] ] ], [ [ [ -65.992533112999979, -65.975699187999965 ], [ -65.982638981999969, -65.975788081999951 ], [ -65.99863645399995, -65.97617086799994 ], [ -65.992533112999979, -65.975699187999965 ] ] ], [ [ [ -66.058370399999944, -65.970568168999932 ], [ -66.05527677799995, -65.974650149999945 ], [ -66.066259576999983, -65.97412516199995 ], [ -66.058370399999944, -65.970568168999932 ] ] ], [ [ [ -65.662487992999957, -65.967280516999949 ], [ -65.655460581999932, -65.988575826999977 ], [ -65.684953184999983, -65.995060071999944 ], [ -65.690697064999938, -65.975136598999939 ], [ -65.662487992999957, -65.967280516999949 ] ] ], [ [ [ -65.969142029999944, -65.965552836999962 ], [ -65.96522177099996, -65.96881065499997 ], [ -65.97184561399996, -65.966879784999946 ], [ -65.969142029999944, -65.965552836999962 ] ] ], [ [ [ -65.925466401999984, -65.964290484999935 ], [ -65.917346361999932, -65.964681826999936 ], [ -65.929140394999934, -65.966309214999967 ], [ -65.925466401999984, -65.964290484999935 ] ] ], [ [ [ -65.703447553999979, -65.96345561399994 ], [ -65.693103363999967, -65.963832249999939 ], [ -65.705699330999948, -65.966304927999943 ], [ -65.703447553999979, -65.96345561399994 ] ] ], [ [ [ -66.092015481999965, -65.969750237999961 ], [ -66.042380197999933, -65.959266414999945 ], [ -66.066514286999961, -65.970224109999947 ], [ -66.092015481999965, -65.969750237999961 ] ] ], [ [ [ -66.049652006999963, -65.955788809999945 ], [ -66.039505315999975, -65.957879736999985 ], [ -66.058158615999957, -65.957168869999975 ], [ -66.049652006999963, -65.955788809999945 ] ] ], [ [ [ -65.969707047999975, -65.952835258999983 ], [ -65.976932402999978, -65.95555941899994 ], [ -65.984336629999973, -65.955472146999966 ], [ -65.969707047999975, -65.952835258999983 ] ] ], [ [ [ -65.699692994999964, -65.958017497999947 ], [ -65.682186490999982, -65.950835825999945 ], [ -65.693280107999954, -65.957397037999954 ], [ -65.699692994999964, -65.958017497999947 ] ] ], [ [ [ -66.03464500399997, -65.946138798999982 ], [ -66.012926316999938, -65.947598706999941 ], [ -66.024819995999962, -65.948125538999932 ], [ -66.03464500399997, -65.946138798999982 ] ] ], [ [ [ -65.786368840999955, -65.948863861999939 ], [ -65.744877085999974, -65.952582634999942 ], [ -65.748143263999964, -65.973468707999984 ], [ -65.733910296999966, -65.978111055999932 ], [ -65.748290339999983, -65.982011253999985 ], [ -65.731207489999974, -65.987759392999976 ], [ -65.764016492999986, -66.003969238999957 ], [ -65.808319050999955, -66.000980091999963 ], [ -65.798557252999956, -65.979697298999952 ], [ -65.762552457999959, -65.964482260999944 ], [ -65.786368840999955, -65.948863861999939 ] ] ], [ [ [ -66.023565442999939, -65.942833844999939 ], [ -66.014869405999946, -65.943147575999944 ], [ -66.02942242499995, -65.942747594999958 ], [ -66.023565442999939, -65.942833844999939 ] ] ], [ [ [ -65.792046696999932, -65.940484216999948 ], [ -65.789549430999955, -65.944842085999937 ], [ -65.796012292999933, -65.944467171999975 ], [ -65.792046696999932, -65.940484216999948 ] ] ], [ [ [ -65.991571950999969, -65.936144642999977 ], [ -65.981875396999953, -65.934863951999944 ], [ -65.980451753999944, -65.936804385999949 ], [ -65.975283824999963, -65.938201627999945 ], [ -65.991571950999969, -65.936144642999977 ] ] ], [ [ [ -65.102769864999971, -65.938177799999949 ], [ -65.051113440999984, -65.93521833899996 ], [ -65.043458659999942, -65.947839533999968 ], [ -65.102769864999971, -65.938177799999949 ] ] ], [ [ [ -65.785331146999965, -65.934646599999951 ], [ -65.77753262899995, -65.938069385999938 ], [ -65.788448524999978, -65.938231328999962 ], [ -65.785331146999965, -65.934646599999951 ] ] ], [ [ [ -65.316892544999973, -65.933697802999973 ], [ -65.30027262599998, -65.938377862999971 ], [ -65.325877881999986, -65.944247099999984 ], [ -65.316892544999973, -65.933697802999973 ] ] ], [ [ [ -65.975974077999979, -65.928663291999953 ], [ -65.954885238999964, -65.937692165999977 ], [ -65.978428020999957, -65.932880327999953 ], [ -65.975974077999979, -65.928663291999953 ] ] ], [ [ [ -65.655612475999988, -65.932887926999967 ], [ -65.63541896299995, -65.927780333999976 ], [ -65.642085974999986, -65.933392760999936 ], [ -65.655612475999988, -65.932887926999967 ] ] ], [ [ [ -65.940091864999943, -65.926012629999946 ], [ -65.933415870999966, -65.928375208999967 ], [ -65.95105558299997, -65.928003401999945 ], [ -65.940091864999943, -65.926012629999946 ] ] ], [ [ [ -65.78687475299995, -65.92761317999998 ], [ -65.783614498999953, -65.926790586999971 ], [ -65.777376381999943, -65.926808773999937 ], [ -65.78687475299995, -65.92761317999998 ] ] ], [ [ [ -65.595017680999945, -65.925047166999946 ], [ -65.62128364299997, -65.939263465999943 ], [ -65.630437752999967, -65.936376219999943 ], [ -65.611546038999961, -65.926924888999963 ], [ -65.595017680999945, -65.925047166999946 ] ] ], [ [ [ -65.789189829999941, -65.92171308199994 ], [ -65.786606228999972, -65.925197457999957 ], [ -65.792482757999949, -65.924767204999966 ], [ -65.789189829999941, -65.92171308199994 ] ] ], [ [ [ -65.896406541999966, -65.918648903999951 ], [ -65.893206302999943, -65.920747874999961 ], [ -65.904839584999934, -65.922896425999966 ], [ -65.896406541999966, -65.918648903999951 ] ] ], [ [ [ -65.125496393999981, -65.913179477999961 ], [ -65.134974656999987, -65.919155823999972 ], [ -65.150892608999982, -65.919290759999967 ], [ -65.141205980999985, -65.915560193999966 ], [ -65.125496393999981, -65.913179477999961 ] ] ], [ [ [ -65.051806180999961, -65.909708240999976 ], [ -65.042863055999987, -65.91226925899997 ], [ -65.055094247999932, -65.911931157999959 ], [ -65.051806180999961, -65.909708240999976 ] ] ], [ [ [ -65.081509468999968, -65.903570625999976 ], [ -65.064827334999961, -65.913970895999967 ], [ -65.101735730999962, -65.918860584999948 ], [ -65.118007795999972, -65.917106686999944 ], [ -65.081509468999968, -65.903570625999976 ] ] ], [ [ [ -66.247651605999977, -65.901598854999975 ], [ -66.234066913999982, -65.902863382999954 ], [ -66.230950763999942, -65.904482084999984 ], [ -66.247651605999977, -65.901598854999975 ] ] ], [ [ [ -65.115036327999974, -65.909786754999971 ], [ -65.121245019999947, -65.902785392999988 ], [ -65.114971698999966, -65.89959781999994 ], [ -65.115036327999974, -65.909786754999971 ] ] ], [ [ [ -65.550469864999968, -65.903856295999958 ], [ -65.534203124999976, -65.899440288999983 ], [ -65.529184466999936, -65.905519758999958 ], [ -65.550469864999968, -65.903856295999958 ] ] ], [ [ [ -66.167025970999987, -65.89797292999998 ], [ -66.160051755999973, -65.898572583999965 ], [ -66.167836732999945, -65.898417747999986 ], [ -66.167025970999987, -65.89797292999998 ] ] ], [ [ [ -65.131051843999956, -65.897351151999942 ], [ -65.120590214999936, -65.898322878999977 ], [ -65.132886787999951, -65.901108534999935 ], [ -65.131051843999956, -65.897351151999942 ] ] ], [ [ [ -65.32766782799996, -65.903596363999952 ], [ -65.275706274999948, -65.901585910999984 ], [ -65.275402072999952, -65.904148496999937 ], [ -65.32766782799996, -65.903596363999952 ] ] ], [ [ [ -66.276007300999936, -65.894223932999978 ], [ -66.267564727999968, -65.895520027999964 ], [ -66.27771484699997, -65.895662177999952 ], [ -66.276007300999936, -65.894223932999978 ] ] ], [ [ [ -66.22164083399997, -65.892703364999988 ], [ -66.211494218999974, -65.896320639999942 ], [ -66.224696724999944, -65.895838872999946 ], [ -66.22164083399997, -65.892703364999988 ] ] ], [ [ [ -65.804273093999939, -65.890378263999935 ], [ -65.762209576999965, -65.893984397999986 ], [ -65.814159436999944, -65.898339932999988 ], [ -65.804273093999939, -65.890378263999935 ] ] ], [ [ [ -66.269944002999978, -65.88744626099998 ], [ -66.256867032999935, -65.893313617999979 ], [ -66.271873453999945, -65.88857292299997 ], [ -66.269944002999978, -65.88744626099998 ] ] ], [ [ [ -65.505770066999958, -65.897750559999963 ], [ -65.469406771999957, -65.889416826999934 ], [ -65.479546274999961, -65.896785857999987 ], [ -65.466088838999951, -65.904407643999946 ], [ -65.505770066999958, -65.897750559999963 ] ] ], [ [ [ -65.69569192199998, -65.886523305999958 ], [ -65.692420191999986, -65.889128950999975 ], [ -65.702425428999959, -65.890101210999944 ], [ -65.69569192199998, -65.886523305999958 ] ] ], [ [ [ -65.115044380999962, -65.887776956999971 ], [ -65.108020242999942, -65.889229398999987 ], [ -65.115472771999976, -65.890226729999938 ], [ -65.115044380999962, -65.887776956999971 ] ] ], [ [ [ -66.216977087999965, -65.893247358999986 ], [ -66.20323119699998, -65.886011744999962 ], [ -66.19525095299997, -65.890324423999971 ], [ -66.216977087999965, -65.893247358999986 ] ] ], [ [ [ -66.258612979999953, -65.880721680999955 ], [ -66.251469627999938, -65.881576963999976 ], [ -66.247599415999957, -65.886026220999952 ], [ -66.258612979999953, -65.880721680999955 ] ] ], [ [ [ -66.210631798999941, -65.881227556999988 ], [ -66.196360185999936, -65.883747193999966 ], [ -66.191070586999956, -65.884039465999933 ], [ -66.200669413999947, -65.884884177999936 ], [ -66.210631798999941, -65.881227556999988 ] ] ], [ [ [ -66.086371425999971, -65.878944933999946 ], [ -66.075373899999988, -65.881183140999951 ], [ -66.089933170999984, -65.881045566999944 ], [ -66.086371425999971, -65.878944933999946 ] ] ], [ [ [ -65.709557483999959, -65.881441081999981 ], [ -65.691887123999948, -65.876211223999974 ], [ -65.70240434699997, -65.882531271999937 ], [ -65.709557483999959, -65.881441081999981 ] ] ], [ [ [ -64.884797603999971, -65.875252905999957 ], [ -64.882123388999958, -65.889688717999945 ], [ -64.837340230999985, -65.89959648599995 ], [ -64.861987149999948, -65.907767055999955 ], [ -64.915597214999934, -65.889354533999949 ], [ -64.884797603999971, -65.875252905999957 ] ] ], [ [ [ -65.894192652999948, -65.874342084999967 ], [ -65.907867447999934, -65.886619511999982 ], [ -65.889096438999957, -65.894026830999962 ], [ -65.920217192999985, -65.906708606999985 ], [ -65.903224292999937, -65.911316940999939 ], [ -65.948551701999975, -65.924335121999945 ], [ -66.040130073999933, -65.923230445999934 ], [ -65.997376885999984, -65.919877812999971 ], [ -66.019342526999935, -65.912024642999938 ], [ -65.982905986999981, -65.891925259999937 ], [ -65.894192652999948, -65.874342084999967 ] ] ], [ [ [ -66.19223481299997, -65.874083547999987 ], [ -66.181925298999943, -65.874646678999966 ], [ -66.18364196999994, -65.878705163999939 ], [ -66.19223481299997, -65.874083547999987 ] ] ], [ [ [ -65.757228776999966, -65.875564774999987 ], [ -65.741494605999947, -65.880279154999982 ], [ -65.763045014999932, -65.875239477999969 ], [ -65.757228776999966, -65.875564774999987 ] ] ], [ [ [ -66.269966162999935, -65.873391359999971 ], [ -66.265896672999986, -65.875961830999984 ], [ -66.261232323999934, -65.880718940999941 ], [ -66.269966162999935, -65.873391359999971 ] ] ], [ [ [ -66.011353559999975, -65.869888350999986 ], [ -65.998561591999987, -65.870859559999985 ], [ -66.016872374999934, -65.872386911999968 ], [ -66.011353559999975, -65.869888350999986 ] ] ], [ [ [ -65.874695420999956, -65.868590124999969 ], [ -65.861139722999951, -65.868872847999967 ], [ -65.882817509999938, -65.871903465999935 ], [ -65.874695420999956, -65.868590124999969 ] ] ], [ [ [ -65.074051045999965, -65.861114852999947 ], [ -65.066510833999985, -65.861737846999972 ], [ -65.067850348999968, -65.864500890999977 ], [ -65.074051045999965, -65.861114852999947 ] ] ], [ [ [ -65.093221400999937, -65.848783013999935 ], [ -65.087193837999962, -65.842332001999978 ], [ -65.08287443599994, -65.845657181999968 ], [ -65.093221400999937, -65.848783013999935 ] ] ], [ [ [ -65.104747995999958, -65.836670824999942 ], [ -65.099583834999976, -65.839706555999953 ], [ -65.10875912299997, -65.838462119999974 ], [ -65.104747995999958, -65.836670824999942 ] ] ], [ [ [ -65.306841464999934, -65.828547206999986 ], [ -65.199043823999943, -65.858198338999955 ], [ -65.19319920199996, -65.882450989999938 ], [ -65.218969818999938, -65.903335098999946 ], [ -65.299764388999961, -65.88976927899995 ], [ -65.274769583999955, -65.878303458999937 ], [ -65.336432757999944, -65.87081419499998 ], [ -65.31584453399995, -65.861244380999949 ], [ -65.348922443999982, -65.840633718999982 ], [ -65.306841464999934, -65.828547206999986 ] ] ], [ [ [ -65.047699338999962, -65.825636233999944 ], [ -65.046222200999978, -65.834600226999953 ], [ -65.058577764999939, -65.830681808999941 ], [ -65.047699338999962, -65.825636233999944 ] ] ], [ [ [ -65.735189567999953, -65.83108296499995 ], [ -65.702140826999937, -65.827642788999981 ], [ -65.694445225999971, -65.828168327999947 ], [ -65.735189567999953, -65.83108296499995 ] ] ], [ [ [ -65.686661360999949, -65.81843063599996 ], [ -65.616934407999963, -65.820620994999956 ], [ -65.574379304999979, -65.819979862999958 ], [ -65.668705139999986, -65.828026014999978 ], [ -65.686661360999949, -65.81843063599996 ] ] ], [ [ [ -65.096164553999984, -65.813437720999957 ], [ -65.088391025999954, -65.81583832299998 ], [ -65.067625440999961, -65.816422055999965 ], [ -65.079357257999959, -65.821554686999946 ], [ -65.096164553999984, -65.813437720999957 ] ] ], [ [ [ -65.586735631999943, -65.81140753699998 ], [ -65.578108241999985, -65.817915511999956 ], [ -65.590957458999981, -65.813077125999939 ], [ -65.586735631999943, -65.81140753699998 ] ] ], [ [ [ -65.659202210999979, -65.809307779999983 ], [ -65.641254491999973, -65.812288698999964 ], [ -65.663643798999942, -65.811068804999934 ], [ -65.659202210999979, -65.809307779999983 ] ] ], [ [ [ -66.193473835999953, -65.798524373999953 ], [ -66.188559526999938, -65.797405007999942 ], [ -66.179801732999977, -65.798386837999942 ], [ -66.193473835999953, -65.798524373999953 ] ] ], [ [ [ -65.647364310999933, -65.786920904999988 ], [ -65.635756167999944, -65.78616836499998 ], [ -65.632858542999941, -65.785353017999967 ], [ -65.625059101999966, -65.786183328999982 ], [ -65.647364310999933, -65.786920904999988 ] ] ], [ [ [ -65.639678379999964, -65.780016539999963 ], [ -65.648172465999949, -65.783354301999964 ], [ -65.652563064999981, -65.78164387399994 ], [ -65.639678379999964, -65.780016539999963 ] ] ], [ [ [ -65.60228103999998, -65.779298973999971 ], [ -65.593844116999946, -65.782889532999945 ], [ -65.608827101999964, -65.780925350999951 ], [ -65.60228103999998, -65.779298973999971 ] ] ], [ [ [ -65.657100771999978, -65.775929518999988 ], [ -65.647251293999943, -65.777047376999974 ], [ -65.660807283999986, -65.777723951999974 ], [ -65.657100771999978, -65.775929518999988 ] ] ], [ [ [ -65.222833495999964, -65.775258619999988 ], [ -65.214230477999934, -65.779691430999947 ], [ -65.226142645999971, -65.776386832999947 ], [ -65.222833495999964, -65.775258619999988 ] ] ], [ [ [ -66.176964790999932, -65.770611376999966 ], [ -66.16884516999994, -65.771426054999949 ], [ -66.180487415999949, -65.772760650999942 ], [ -66.176964790999932, -65.770611376999966 ] ] ], [ [ [ -65.781012281999949, -65.769354543999953 ], [ -65.775359407999986, -65.772129892999942 ], [ -65.786746702999949, -65.772592650999968 ], [ -65.781012281999949, -65.769354543999953 ] ] ], [ [ [ -66.182641830999955, -65.770481280999945 ], [ -66.174695655999983, -65.769619786999954 ], [ -66.173467439999968, -65.769983246999971 ], [ -66.182641830999955, -65.770481280999945 ] ] ], [ [ [ -65.620302219999985, -65.771916772999987 ], [ -65.599814676999983, -65.772048607999977 ], [ -65.627337860999944, -65.772589016999973 ], [ -65.620302219999985, -65.771916772999987 ] ] ], [ [ [ -65.554003508999983, -65.765451454999948 ], [ -65.526245580999955, -65.76574239699994 ], [ -65.525832666999975, -65.766925706999984 ], [ -65.554003508999983, -65.765451454999948 ] ] ], [ [ [ -66.162066535999941, -65.764296877999982 ], [ -66.143268335999949, -65.762187215999973 ], [ -66.136046669999985, -65.768804418999935 ], [ -66.162066535999941, -65.764296877999982 ] ] ], [ [ [ -65.778513197999985, -65.76614643399995 ], [ -65.704991523999979, -65.761239264999972 ], [ -65.72711157699996, -65.775455338999961 ], [ -65.778513197999985, -65.76614643399995 ] ] ], [ [ [ -65.701384154999971, -65.754867139999988 ], [ -65.696375898999975, -65.760684304999984 ], [ -65.707431344999975, -65.760156892999987 ], [ -65.701384154999971, -65.754867139999988 ] ] ], [ [ [ -65.804947924999965, -65.737658465999971 ], [ -65.787511364999943, -65.740700021999942 ], [ -65.808269333999988, -65.741769128999977 ], [ -65.804947924999965, -65.737658465999971 ] ] ], [ [ [ -65.194463485999961, -65.741628937999963 ], [ -65.186333824999963, -65.742711023999959 ], [ -65.192100647999951, -65.746165618999953 ], [ -65.194463485999961, -65.741628937999963 ] ] ], [ [ [ -65.084387314999958, -65.743435150999971 ], [ -65.073527135999939, -65.735968016999948 ], [ -65.071826597999973, -65.737440097999979 ], [ -65.084387314999958, -65.743435150999971 ] ] ], [ [ [ -65.714448984999933, -65.730906190999974 ], [ -65.697357163999982, -65.734347000999946 ], [ -65.717089054999974, -65.732478327999956 ], [ -65.714448984999933, -65.730906190999974 ] ] ], [ [ [ -64.401341164999963, -65.729537767999943 ], [ -64.381988929999977, -65.721686813999952 ], [ -64.379309190999948, -65.724989920999974 ], [ -64.401341164999963, -65.729537767999943 ] ] ], [ [ [ -64.422634025999969, -65.710497217999944 ], [ -64.40654473799998, -65.712956083999984 ], [ -64.40515118999997, -65.714170237999951 ], [ -64.422634025999969, -65.710497217999944 ] ] ], [ [ [ -65.15356068799997, -65.695108378999976 ], [ -65.098529368999948, -65.709984142999986 ], [ -65.093412961999945, -65.724752923999972 ], [ -65.080856529999949, -65.720671129999971 ], [ -65.078678299999979, -65.722683996999933 ], [ -65.08395048899996, -65.732954886999948 ], [ -65.128522720999968, -65.719645369999967 ], [ -65.149253192999936, -65.729796964999935 ], [ -65.132353028999944, -65.710022956999978 ], [ -65.15356068799997, -65.695108378999976 ] ] ], [ [ [ -65.24833012299996, -65.692469258999949 ], [ -65.206243351999944, -65.696150599999953 ], [ -65.26178385299994, -65.705004535999933 ], [ -65.24833012299996, -65.692469258999949 ] ] ], [ [ [ -65.640314499999988, -65.680112016999942 ], [ -65.62944545199997, -65.67980216899997 ], [ -65.62297031099996, -65.681932465999978 ], [ -65.640314499999988, -65.680112016999942 ] ] ], [ [ [ -66.080496902999982, -65.682514443999935 ], [ -66.078967055999954, -65.681331913999941 ], [ -66.068409603999953, -65.681588870999974 ], [ -66.080496902999982, -65.682514443999935 ] ] ], [ [ [ -65.621050827999966, -65.681289767999942 ], [ -65.614519713999982, -65.677727385999958 ], [ -65.609860132999984, -65.679797243999985 ], [ -65.621050827999966, -65.681289767999942 ] ] ], [ [ [ -64.491241787999968, -65.684650492999936 ], [ -64.456921816999966, -65.681306671999948 ], [ -64.430206169999963, -65.703066190999948 ], [ -64.491241787999968, -65.684650492999936 ] ] ], [ [ [ -65.632500831999948, -65.673809289999951 ], [ -65.621705765999934, -65.66065972499996 ], [ -65.611390711999945, -65.666592901999934 ], [ -65.632500831999948, -65.673809289999951 ] ] ], [ [ [ -65.57056214399995, -65.650063105999948 ], [ -65.557055081999977, -65.650486807999982 ], [ -65.573319792999939, -65.652192963999937 ], [ -65.57056214399995, -65.650063105999948 ] ] ], [ [ [ -64.491221043999985, -65.64941614199995 ], [ -64.487074892999942, -65.652731782999979 ], [ -64.494302004999952, -65.653354499999978 ], [ -64.491221043999985, -65.64941614199995 ] ] ], [ [ [ -65.358023202999959, -65.657206083999938 ], [ -65.34517997599994, -65.654035388999944 ], [ -65.313774925999951, -65.655715704999977 ], [ -65.313539740999943, -65.667161752999959 ], [ -65.358023202999959, -65.657206083999938 ] ] ], [ [ [ -66.075213441999949, -65.644391806999977 ], [ -66.058269953999968, -65.646328669999946 ], [ -66.078531779999935, -65.646062882999956 ], [ -66.075213441999949, -65.644391806999977 ] ] ], [ [ [ -65.223879157999988, -65.644072811999933 ], [ -65.187530821999985, -65.659025787999951 ], [ -65.199750304999952, -65.667002846999935 ], [ -65.158595873999957, -65.680642452999962 ], [ -65.239459099999976, -65.683004465999943 ], [ -65.223879157999988, -65.644072811999933 ] ] ], [ [ [ -65.172666858999946, -65.638498165999977 ], [ -65.165210247999937, -65.635362775999965 ], [ -65.165454161999946, -65.639939864999974 ], [ -65.172666858999946, -65.638498165999977 ] ] ], [ [ [ -65.344019043999936, -65.649329742999953 ], [ -65.316364402999966, -65.635859313999958 ], [ -65.329310530999976, -65.644556394999938 ], [ -65.342477695999946, -65.649860959999955 ], [ -65.344019043999936, -65.649329742999953 ] ] ], [ [ [ -66.081911823999974, -65.634777576999966 ], [ -66.06273852399994, -65.636021979999953 ], [ -66.094192040999985, -65.634861847999957 ], [ -66.081911823999974, -65.634777576999966 ] ] ], [ [ [ -66.011957174999964, -65.630596913999966 ], [ -66.000512332999961, -65.632036242999959 ], [ -65.992109165999977, -65.633092996999949 ], [ -66.001405462999969, -65.633562879999943 ], [ -66.011957174999964, -65.630596913999966 ] ] ], [ [ [ -65.383943427999952, -65.633989154999938 ], [ -65.342223024999953, -65.631024383999943 ], [ -65.368057134999958, -65.639073760999963 ], [ -65.383943427999952, -65.633989154999938 ] ] ], [ [ [ -66.092090891999987, -65.630125169999985 ], [ -66.073344846999987, -65.630339294999942 ], [ -66.110750319999966, -65.630351563999966 ], [ -66.092090891999987, -65.630125169999985 ] ] ], [ [ [ -65.044811804999938, -65.626502205999941 ], [ -65.022563012999967, -65.625538786999982 ], [ -64.977458732999935, -65.627102119999961 ], [ -65.044811804999938, -65.626502205999941 ] ] ], [ [ [ -66.061452707999933, -65.621306972999946 ], [ -66.054363931999944, -65.627817389999962 ], [ -66.064979508999954, -65.624141771999973 ], [ -66.061452707999933, -65.621306972999946 ] ] ], [ [ [ -65.437242586999957, -65.609048257999973 ], [ -65.416730143999985, -65.607907187999956 ], [ -65.403643358999943, -65.608775826999988 ], [ -65.437242586999957, -65.609048257999973 ] ] ], [ [ [ -64.170229683999935, -65.606869453999934 ], [ -64.153443730999982, -65.609309005999933 ], [ -64.150193318999982, -65.612211014999957 ], [ -64.170229683999935, -65.606869453999934 ] ] ], [ [ [ -65.60822187499997, -65.606676810999943 ], [ -65.594324587999949, -65.605229575999942 ], [ -65.592178273999934, -65.608166682999979 ], [ -65.60822187499997, -65.606676810999943 ] ] ], [ [ [ -65.441566300999966, -65.604614975999937 ], [ -65.427096457999937, -65.603763262999962 ], [ -65.425691127999983, -65.604865959999984 ], [ -65.441566300999966, -65.604614975999937 ] ] ], [ [ [ -64.533295090999957, -65.602431397999965 ], [ -64.525957472999949, -65.622195905999945 ], [ -64.493935104999935, -65.629973306999943 ], [ -64.494814107999957, -65.647217941999941 ], [ -64.535035703999938, -65.658814021999945 ], [ -64.549808566999957, -65.630667364999965 ], [ -64.574852055999941, -65.621610683999961 ], [ -64.566875917999937, -65.606118167999966 ], [ -64.533295090999957, -65.602431397999965 ] ] ], [ [ [ -65.563882575999969, -65.589655038999979 ], [ -65.549787194999965, -65.592111249999959 ], [ -65.581521314999975, -65.599135028999967 ], [ -65.563882575999969, -65.589655038999979 ] ] ], [ [ [ -65.036032199999966, -65.591746747999935 ], [ -65.017622675999974, -65.587667163999981 ], [ -65.003775174999987, -65.591784460999975 ], [ -65.036032199999966, -65.591746747999935 ] ] ], [ [ [ -65.605038633999982, -65.585801824999976 ], [ -65.592422217999967, -65.584584905999975 ], [ -65.606649565999987, -65.587209518999941 ], [ -65.605038633999982, -65.585801824999976 ] ] ], [ [ [ -65.594812920999971, -65.588175564999972 ], [ -65.583408919999954, -65.591331609999941 ], [ -65.598870675999933, -65.595017412999937 ], [ -65.594812920999971, -65.588175564999972 ] ] ], [ [ [ -65.564309512999955, -65.582539631999964 ], [ -65.55385086299998, -65.584358330999976 ], [ -65.566335028999958, -65.585308573999953 ], [ -65.564309512999955, -65.582539631999964 ] ] ], [ [ [ -65.593253857999969, -65.578192602999934 ], [ -65.583050025999967, -65.579192998999986 ], [ -65.600900948999936, -65.581148564999978 ], [ -65.593253857999969, -65.578192602999934 ] ] ], [ [ [ -64.968494487999976, -65.570326427999987 ], [ -64.959603037999955, -65.568660843999965 ], [ -64.962394013999983, -65.573884145999955 ], [ -64.968494487999976, -65.570326427999987 ] ] ], [ [ [ -64.336538807999943, -65.575749923999979 ], [ -64.292586129999961, -65.579900193999947 ], [ -64.293038707999983, -65.588649364999981 ], [ -64.336538807999943, -65.575749923999979 ] ] ], [ [ [ -65.657089939999935, -65.558491153999967 ], [ -65.642702546999942, -65.555893512999944 ], [ -65.640360483999984, -65.556612905999941 ], [ -65.657089939999935, -65.558491153999967 ] ] ], [ [ [ -65.627638760999957, -65.53989219999994 ], [ -65.611943004999944, -65.540228018999983 ], [ -65.635695340999973, -65.544581671999936 ], [ -65.627638760999957, -65.53989219999994 ] ] ], [ [ [ -64.41955263899996, -65.521562776999986 ], [ -64.328743607999968, -65.533281661999979 ], [ -64.311058612999943, -65.552921710999954 ], [ -64.400216185999966, -65.557962503999988 ], [ -64.385962591999942, -65.547512293999944 ], [ -64.40865514799998, -65.543446220999954 ], [ -64.41955263899996, -65.521562776999986 ] ] ], [ [ [ -64.197110977999955, -65.519273122999948 ], [ -64.19028041599995, -65.520573559999946 ], [ -64.195756814999982, -65.524047791999976 ], [ -64.197110977999955, -65.519273122999948 ] ] ], [ [ [ -65.316219689999969, -65.521491391999973 ], [ -65.305450416999975, -65.52269165499996 ], [ -65.333131968999965, -65.522460864999971 ], [ -65.316219689999969, -65.521491391999973 ] ] ], [ [ [ -65.906992459999969, -65.544043448999957 ], [ -65.744403779999971, -65.522309770999982 ], [ -65.754640085999938, -65.534449933999952 ], [ -65.691853291999962, -65.553266099999973 ], [ -65.628357068999946, -65.52951847099996 ], [ -65.67421249399996, -65.571845940999935 ], [ -65.653636094999968, -65.609890094999969 ], [ -65.680571487999941, -65.627662106999935 ], [ -65.677991102999954, -65.642549985999949 ], [ -65.651758596999969, -65.644727393999972 ], [ -65.647064481999962, -65.662609720999967 ], [ -65.678084705999936, -65.680531092999956 ], [ -65.792703526999958, -65.691422772999942 ], [ -65.884550702999945, -65.676174602999936 ], [ -65.918902934999949, -65.69526183399995 ], [ -65.915470009999979, -65.713051643999961 ], [ -65.838108216999956, -65.732272339999952 ], [ -65.856607837999945, -65.738138461999938 ], [ -65.833593754999981, -65.750414164999938 ], [ -65.838121016999935, -65.792966647999947 ], [ -65.823894572999961, -65.801850786999978 ], [ -65.85389963199998, -65.827701089999948 ], [ -65.794430569999975, -65.84100495399997 ], [ -65.934630179999942, -65.840326151999932 ], [ -65.949966437999933, -65.847571024999979 ], [ -65.943552317999945, -65.857593916999974 ], [ -65.980406350999942, -65.867334762999974 ], [ -66.045522804999962, -65.861877083999957 ], [ -66.139570954999954, -65.884986721999951 ], [ -66.18324432999998, -65.871997194999949 ], [ -66.175308929999971, -65.861888317999956 ], [ -66.188152840999976, -65.857929455999965 ], [ -66.169193588999974, -65.850600336999946 ], [ -66.183392744999935, -65.846176825999976 ], [ -66.169383684999957, -65.841210147999959 ], [ -66.20052801099996, -65.832326140999953 ], [ -66.15006774699998, -65.780711381999936 ], [ -66.16182108299995, -65.771282452999969 ], [ -66.094769538999969, -65.777322779999963 ], [ -66.03311010699997, -65.736489081999935 ], [ -66.066600033999975, -65.735394201999952 ], [ -66.054863337999961, -65.730946678999942 ], [ -66.074448859999961, -65.719889871999953 ], [ -66.045234611999945, -65.716022242999941 ], [ -66.104110265999964, -65.696978203999947 ], [ -66.067856300999949, -65.694814334999933 ], [ -66.086433196999963, -65.685540784999944 ], [ -66.06396282999998, -65.685103781999942 ], [ -66.040138034999984, -65.672660118999943 ], [ -66.07183269799998, -65.662137319999943 ], [ -65.984649102999981, -65.654815130999964 ], [ -65.999261249999961, -65.642188726999962 ], [ -65.949045350999938, -65.599133067999958 ], [ -65.990547954999954, -65.58367938899994 ], [ -65.952773484999966, -65.56903691399998 ], [ -65.969280667999953, -65.551236563999964 ], [ -65.899481532999971, -65.554734783999947 ], [ -65.889625791999947, -65.548971383999969 ], [ -65.906992459999969, -65.544043448999957 ] ] ], [ [ [ -65.512431652999965, -65.523526557999958 ], [ -65.495367947999966, -65.516491439999982 ], [ -65.496835521999969, -65.520025768999972 ], [ -65.48838148699997, -65.521568651999985 ], [ -65.512431652999965, -65.523526557999958 ] ] ], [ [ [ -65.641629449999982, -65.521888580999985 ], [ -65.618412732999957, -65.514187512999968 ], [ -65.609939403999988, -65.513276580999957 ], [ -65.606655418999935, -65.517263235999962 ], [ -65.641629449999982, -65.521888580999985 ] ] ], [ [ [ -65.623804470999971, -65.512435432999951 ], [ -65.607436201999974, -65.512170151999953 ], [ -65.61159721599995, -65.513298406999979 ], [ -65.621016457999986, -65.51319644299997 ], [ -65.623804470999971, -65.512435432999951 ] ] ], [ [ [ -64.133100969999987, -65.511461235999946 ], [ -64.126198757999987, -65.513187068999969 ], [ -64.133370516999946, -65.512944666999942 ], [ -64.133100969999987, -65.511461235999946 ] ] ], [ [ [ -65.458844360999933, -65.506177436999963 ], [ -65.437591826999949, -65.50728817199996 ], [ -65.460843229999966, -65.506732953999972 ], [ -65.458844360999933, -65.506177436999963 ] ] ], [ [ [ -65.526047408999943, -65.502697927999975 ], [ -65.509541590999959, -65.503489242999933 ], [ -65.564015076999965, -65.510612144999982 ], [ -65.526047408999943, -65.502697927999975 ] ] ], [ [ [ -64.42019501599998, -65.497199875999968 ], [ -64.412170154999956, -65.503624549999984 ], [ -64.430256175999943, -65.502313664999974 ], [ -64.42019501599998, -65.497199875999968 ] ] ], [ [ [ -65.714787874999956, -65.492642209999985 ], [ -65.71789180899998, -65.496259919999943 ], [ -65.720498654999972, -65.494540160999975 ], [ -65.714787874999956, -65.492642209999985 ] ] ], [ [ [ -65.437119074999941, -65.488636716999963 ], [ -65.415467889999945, -65.491110336999952 ], [ -65.405032114999983, -65.498027291999961 ], [ -65.437119074999941, -65.488636716999963 ] ] ], [ [ [ -65.447667139999965, -65.486563251999939 ], [ -65.424220195999965, -65.498771691999934 ], [ -65.443214730999955, -65.502046098999983 ], [ -65.420743504999962, -65.505304911999986 ], [ -65.433905351999954, -65.505474514999946 ], [ -65.477832358999933, -65.496884111999975 ], [ -65.447667139999965, -65.486563251999939 ] ] ], [ [ [ -65.818880672999967, -65.48657209199996 ], [ -65.807129629999963, -65.485932316999936 ], [ -65.805015147999939, -65.487887218999958 ], [ -65.818880672999967, -65.48657209199996 ] ] ], [ [ [ -65.561376410999969, -65.492050718999963 ], [ -65.514996727999971, -65.484154497999953 ], [ -65.476524669999947, -65.485164287999964 ], [ -65.561376410999969, -65.492050718999963 ] ] ], [ [ [ -65.713642900999957, -65.465915759999973 ], [ -65.703705743999933, -65.488349028999949 ], [ -65.735726339999985, -65.489526213999966 ], [ -65.722099600999968, -65.484244782999951 ], [ -65.734947879999936, -65.48544792499996 ], [ -65.728938356999947, -65.468730108999978 ], [ -65.713642900999957, -65.465915759999973 ] ] ], [ [ [ -65.72073404799994, -65.502372337999986 ], [ -65.568075737999948, -65.459620191999988 ], [ -65.566818902999955, -65.46675103299998 ], [ -65.583985757999983, -65.481580338999947 ], [ -65.525014495999983, -65.473866945999987 ], [ -65.594080021999957, -65.505529387999957 ], [ -65.651125063999984, -65.51357705099997 ], [ -65.72073404799994, -65.502372337999986 ] ] ], [ [ [ -65.542799994999939, -65.456903310999962 ], [ -65.541211242999964, -65.462406409999971 ], [ -65.550603320999983, -65.460942790999979 ], [ -65.542799994999939, -65.456903310999962 ] ] ], [ [ [ -65.715598905999968, -65.454672087999938 ], [ -65.705188444999976, -65.454719027999943 ], [ -65.709830713999963, -65.456556420999959 ], [ -65.715598905999968, -65.454672087999938 ] ] ], [ [ [ -64.966496212999971, -65.44512595499998 ], [ -64.957212931999948, -65.448473702999934 ], [ -64.976161931999968, -65.450288605999958 ], [ -64.966496212999971, -65.44512595499998 ] ] ], [ [ [ -65.365242196999986, -65.442632361999983 ], [ -65.401330359999974, -65.451786321999975 ], [ -65.409622619999936, -65.450160530999938 ], [ -65.390791895999939, -65.442915791999951 ], [ -65.365242196999986, -65.442632361999983 ] ] ], [ [ [ -65.67652850199994, -65.441329104999966 ], [ -65.676006940999969, -65.44677121999996 ], [ -65.680160333999936, -65.445111224999948 ], [ -65.67652850199994, -65.441329104999966 ] ] ], [ [ [ -65.386858958999937, -65.438569295999969 ], [ -65.381111, -65.441692909999972 ], [ -65.391425933999983, -65.440661831999932 ], [ -65.386858958999937, -65.438569295999969 ] ] ], [ [ [ -64.946234599999968, -65.438441117999957 ], [ -64.931691661999935, -65.435076139999978 ], [ -64.941926831999979, -65.439371931999972 ], [ -64.946234599999968, -65.438441117999957 ] ] ], [ [ [ -64.961313704999952, -65.438694644999941 ], [ -64.957353313999988, -65.438136766999946 ], [ -64.971440267999981, -65.441973638999968 ], [ -64.961313704999952, -65.438694644999941 ] ] ], [ [ [ -65.374289362999946, -65.433766359999936 ], [ -65.365769407999949, -65.437175304999982 ], [ -65.377176794999968, -65.435554671999967 ], [ -65.374289362999946, -65.433766359999936 ] ] ], [ [ [ -65.355617997999957, -65.431603056999961 ], [ -65.342872094999962, -65.437202253999942 ], [ -65.36193398599994, -65.43602475299997 ], [ -65.355617997999957, -65.431603056999961 ] ] ], [ [ [ -65.458774239999968, -65.426132250999956 ], [ -65.441200800999979, -65.431117116999985 ], [ -65.464082787999985, -65.448010100999966 ], [ -65.424370541999963, -65.45895524599996 ], [ -65.505913114999942, -65.459776468999962 ], [ -65.458774239999968, -65.426132250999956 ] ] ], [ [ [ -65.393315557999983, -65.426258957999949 ], [ -65.375131240999963, -65.433404318999976 ], [ -65.398443943999951, -65.432454563999954 ], [ -65.393315557999983, -65.426258957999949 ] ] ], [ [ [ -65.502185388999976, -65.422135122999975 ], [ -65.491562620999957, -65.422953580999945 ], [ -65.503557572999966, -65.423815920999971 ], [ -65.502185388999976, -65.422135122999975 ] ] ], [ [ [ -65.515628755999956, -65.418883261999952 ], [ -65.506650519999937, -65.429955982999957 ], [ -65.52809793299997, -65.439233885999954 ], [ -65.514782250999986, -65.438707203999968 ], [ -65.521353515999976, -65.448282481999968 ], [ -65.567023350999932, -65.44480280199997 ], [ -65.515628755999956, -65.418883261999952 ] ] ], [ [ [ -65.630016361999935, -65.413894279999965 ], [ -65.616189702999975, -65.416853428999957 ], [ -65.63616574699995, -65.41553761199998 ], [ -65.630016361999935, -65.413894279999965 ] ] ], [ [ [ -65.336136917999966, -65.414143157999945 ], [ -65.32910713299998, -65.416350397999963 ], [ -65.338332400999946, -65.419837017999953 ], [ -65.336136917999966, -65.414143157999945 ] ] ], [ [ [ -65.521402502999933, -65.411838658999955 ], [ -65.508868201999974, -65.415633254999932 ], [ -65.528485559999979, -65.414210375999971 ], [ -65.521402502999933, -65.411838658999955 ] ] ], [ [ [ -65.295937136999953, -65.410844797999971 ], [ -65.300489610999932, -65.422906574999956 ], [ -65.323527220999949, -65.424655568999981 ], [ -65.331294938999974, -65.428009607999968 ], [ -65.32038178099998, -65.430266793999976 ], [ -65.348867996999957, -65.429138758999954 ], [ -65.295937136999953, -65.410844797999971 ] ] ], [ [ [ -65.63342279699998, -65.410456643999964 ], [ -65.619006786999933, -65.41219979899995 ], [ -65.63419941099994, -65.411960717999932 ], [ -65.63342279699998, -65.410456643999964 ] ] ], [ [ [ -64.979377672999988, -65.408364703999951 ], [ -64.979751067999985, -65.411351723999985 ], [ -64.981907186999933, -65.409774046999985 ], [ -64.979377672999988, -65.408364703999951 ] ] ], [ [ [ -65.462691934999953, -65.410238885999945 ], [ -65.450420664999967, -65.411644900999988 ], [ -65.462538061999965, -65.41125412599996 ], [ -65.462691934999953, -65.410238885999945 ] ] ], [ [ [ -65.440163774999974, -65.406489581999949 ], [ -65.427181595999969, -65.41141479199996 ], [ -65.441433881999956, -65.410172682999985 ], [ -65.440163774999974, -65.406489581999949 ] ] ], [ [ [ -65.626175934999935, -65.405100549999986 ], [ -65.610672027999954, -65.405087345999959 ], [ -65.630724516999976, -65.406419348999975 ], [ -65.626175934999935, -65.405100549999986 ] ] ], [ [ [ -65.372188407999943, -65.401630878999981 ], [ -65.365727497999956, -65.404200856999978 ], [ -65.347845167999935, -65.403956960999949 ], [ -65.363540329999978, -65.41835604299996 ], [ -65.368202292999968, -65.404281738999941 ], [ -65.387523786999964, -65.405143436999936 ], [ -65.372188407999943, -65.401630878999981 ] ] ], [ [ [ -65.42757232699995, -65.410252367999988 ], [ -65.404128706999984, -65.405706874999964 ], [ -65.421845555999937, -65.410782326999936 ], [ -65.42757232699995, -65.410252367999988 ] ] ], [ [ [ -64.225271145999955, -65.396756541999935 ], [ -64.200703238999949, -65.405566541999974 ], [ -64.237071883999988, -65.411752469999954 ], [ -64.225271145999955, -65.396756541999935 ] ] ], [ [ [ -65.296521168999959, -65.394735520999973 ], [ -65.277587361999963, -65.387072882999973 ], [ -65.287375500999985, -65.393711907999943 ], [ -65.270947413999977, -65.397727287999942 ], [ -65.296521168999959, -65.394735520999973 ] ] ], [ [ [ -65.614680905999933, -65.387838359999932 ], [ -65.602704494999955, -65.38418550199998 ], [ -65.601838585999985, -65.385218384999973 ], [ -65.606199292999975, -65.38733177599994 ], [ -65.614680905999933, -65.387838359999932 ] ] ], [ [ [ -65.331510280999964, -65.374818581999932 ], [ -65.321928505999949, -65.376926105999985 ], [ -65.337195684999983, -65.378844134999952 ], [ -65.331510280999964, -65.374818581999932 ] ] ], [ [ [ -65.387824165999973, -65.372772105999957 ], [ -65.379820722999966, -65.37155723799998 ], [ -65.374986897999975, -65.371816313999943 ], [ -65.387824165999973, -65.372772105999957 ] ] ], [ [ [ -65.335904398999958, -65.36930334799996 ], [ -65.327423642999975, -65.369861259999936 ], [ -65.342658057999984, -65.371888430999945 ], [ -65.335904398999958, -65.36930334799996 ] ] ], [ [ [ -65.350696701999937, -65.368800746999966 ], [ -65.343228096999951, -65.371052176999967 ], [ -65.351058218999981, -65.371721426999954 ], [ -65.350696701999937, -65.368800746999966 ] ] ], [ [ [ -65.361381497999957, -65.365269135999938 ], [ -65.345645981999951, -65.366967571999965 ], [ -65.368151409999939, -65.369515640999964 ], [ -65.361381497999957, -65.365269135999938 ] ] ], [ [ [ -65.370719407999957, -65.364430307999953 ], [ -65.359529141999985, -65.361912083999982 ], [ -65.366053702999977, -65.364621069999941 ], [ -65.370719407999957, -65.364430307999953 ] ] ], [ [ [ -65.367006992999961, -65.357234133999953 ], [ -65.358005337999941, -65.356747974999962 ], [ -65.373192224999968, -65.358256505999975 ], [ -65.367006992999961, -65.357234133999953 ] ] ], [ [ [ -64.168149850999953, -65.335618394999983 ], [ -64.165187118999938, -65.336540131999982 ], [ -64.156857238999976, -65.336290588999987 ], [ -64.161291904999985, -65.340253281999935 ], [ -64.168149850999953, -65.335618394999983 ] ] ], [ [ [ -64.176549770999941, -65.338131703999977 ], [ -64.171720424999933, -65.335261878999972 ], [ -64.168006143999946, -65.337762156999986 ], [ -64.176549770999941, -65.338131703999977 ] ] ], [ [ [ -64.115014650999967, -65.334459478999975 ], [ -64.109096922999981, -65.331939663999947 ], [ -64.105514184999947, -65.333744051999986 ], [ -64.115014650999967, -65.334459478999975 ] ] ], [ [ [ -64.135141265999948, -65.322168075999969 ], [ -64.132909291999965, -65.337379840999972 ], [ -64.164138331999936, -65.331096916999968 ], [ -64.145653090999986, -65.327371233999941 ], [ -64.135141265999948, -65.322168075999969 ] ] ], [ [ [ -64.153686985999968, -65.322004657999969 ], [ -64.143991778999975, -65.323294230999977 ], [ -64.15437252199996, -65.324924358999965 ], [ -64.153686985999968, -65.322004657999969 ] ] ], [ [ [ -65.033307966999985, -65.262982294999972 ], [ -65.023042081999961, -65.256704054999943 ], [ -65.021770310999955, -65.262726187999988 ], [ -65.033307966999985, -65.262982294999972 ] ] ], [ [ [ -65.006284339999979, -65.250450066999974 ], [ -65.004180184999939, -65.26215758799998 ], [ -65.017922787999964, -65.261936684999966 ], [ -65.009417670999937, -65.260954004999974 ], [ -65.006284339999979, -65.250450066999974 ] ] ], [ [ [ -64.275513770999964, -65.256368749999979 ], [ -64.25624219599996, -65.25291002199998 ], [ -64.246946785999967, -65.253031133999968 ], [ -64.275513770999964, -65.256368749999979 ] ] ], [ [ [ -64.266482205999978, -65.247576531999982 ], [ -64.25530209599998, -65.251566086999958 ], [ -64.267624895999973, -65.248303467999961 ], [ -64.266482205999978, -65.247576531999982 ] ] ], [ [ [ -64.251604212999951, -65.251941572999954 ], [ -64.23949726099994, -65.247531935999973 ], [ -64.23793292199997, -65.248649775999979 ], [ -64.251604212999951, -65.251941572999954 ] ] ], [ [ [ -64.240890905999947, -65.245919585999957 ], [ -64.22921458899998, -65.246498019999933 ], [ -64.234113855999965, -65.247168991999956 ], [ -64.240890905999947, -65.245919585999957 ] ] ], [ [ [ -64.315926320999949, -65.23876897699995 ], [ -64.305808446999947, -65.240082996999945 ], [ -64.29670447899997, -65.242492260999938 ], [ -64.30302626799994, -65.24532534399998 ], [ -64.315926320999949, -65.23876897699995 ] ] ], [ [ [ -64.257818183999973, -65.239215968999986 ], [ -64.254468664999933, -65.239449495999963 ], [ -64.246247754999956, -65.243006567999942 ], [ -64.253456038999957, -65.243062470999973 ], [ -64.257818183999973, -65.239215968999986 ] ] ], [ [ [ -64.304584448999947, -65.239394388999983 ], [ -64.300696273999961, -65.23627748399997 ], [ -64.296710329999939, -65.239541089999932 ], [ -64.304584448999947, -65.239394388999983 ] ] ], [ [ [ -64.28913866399995, -65.235881966999955 ], [ -64.282360087999962, -65.236024113999974 ], [ -64.27312638899997, -65.236871152999981 ], [ -64.28913866399995, -65.235881966999955 ] ] ], [ [ [ -64.16568261599997, -65.235671 ], [ -64.155960611999944, -65.234679148999987 ], [ -64.154538567999964, -65.23588368999998 ], [ -64.16568261599997, -65.235671 ] ] ], [ [ [ -64.33344294699998, -65.232429605999982 ], [ -64.326345333999939, -65.232369932999973 ], [ -64.315701012999966, -65.235483740999939 ], [ -64.33344294699998, -65.232429605999982 ] ] ], [ [ [ -64.227788238999949, -65.232733984999982 ], [ -64.219197813999983, -65.239391370999954 ], [ -64.230225943999983, -65.240251981999961 ], [ -64.227788238999949, -65.232733984999982 ] ] ], [ [ [ -64.200415684999939, -65.218819484999983 ], [ -64.202726612999982, -65.225011115999962 ], [ -64.211005777999958, -65.220486482999945 ], [ -64.200415684999939, -65.218819484999983 ] ] ], [ [ [ -64.190082838999956, -65.215582751999932 ], [ -64.189484880999942, -65.217865504999963 ], [ -64.191877474999956, -65.217761706999966 ], [ -64.190082838999956, -65.215582751999932 ] ] ], [ [ [ -64.465196453999965, -65.205306535999966 ], [ -64.457530115999987, -65.207643731999951 ], [ -64.473142073999952, -65.205597608999938 ], [ -64.465196453999965, -65.205306535999966 ] ] ], [ [ [ -64.322650825999972, -65.203783201999954 ], [ -64.312979667999969, -65.203883249999933 ], [ -64.311722021999969, -65.204675081999937 ], [ -64.322650825999972, -65.203783201999954 ] ] ], [ [ [ -64.549745255999937, -65.195736675999967 ], [ -64.53768099399997, -65.198048675999985 ], [ -64.530510710999977, -65.198640420999936 ], [ -64.542031608999935, -65.200333558999944 ], [ -64.549745255999937, -65.195736675999967 ] ] ], [ [ [ -64.542543312999953, -65.191420618999985 ], [ -64.535179973999959, -65.193597315999966 ], [ -64.548732078999933, -65.191676224999981 ], [ -64.542543312999953, -65.191420618999985 ] ] ], [ [ [ -64.495469076999939, -65.188089464999962 ], [ -64.486153628999944, -65.192611133999947 ], [ -64.497986847999982, -65.191417163999972 ], [ -64.495469076999939, -65.188089464999962 ] ] ], [ [ [ -64.550519942999983, -65.184704630999988 ], [ -64.548534765999932, -65.188536558999942 ], [ -64.555631065999933, -65.188184902999978 ], [ -64.550519942999983, -65.184704630999988 ] ] ], [ [ [ -64.489058133999947, -65.181366645999958 ], [ -64.481704079999986, -65.184648743999958 ], [ -64.490792283999951, -65.184653603999948 ], [ -64.489058133999947, -65.181366645999958 ] ] ], [ [ [ -64.159927641999957, -65.165645492999943 ], [ -64.130909031999977, -65.166272616999947 ], [ -64.131846282999959, -65.17480325799994 ], [ -64.159927641999957, -65.165645492999943 ] ] ], [ [ [ -64.969975300999977, -65.159156647999964 ], [ -64.961015311999972, -65.161287108999943 ], [ -64.972676720999971, -65.16038046999995 ], [ -64.969975300999977, -65.159156647999964 ] ] ], [ [ [ -60.029067596999937, -65.151677077999977 ], [ -59.924084294999943, -65.159715024999969 ], [ -59.915468304999933, -65.169021569999984 ], [ -59.946443754999962, -65.17882670299997 ], [ -60.029067596999937, -65.151677077999977 ] ] ], [ [ [ -64.249809660999972, -65.13511802499994 ], [ -64.236369217999936, -65.139937542999974 ], [ -64.256491581999967, -65.138082444999952 ], [ -64.249809660999972, -65.13511802499994 ] ] ], [ [ [ -64.260853389999966, -65.132841970999948 ], [ -64.250298955999938, -65.134488279999971 ], [ -64.264745880999953, -65.13477867499995 ], [ -64.260853389999966, -65.132841970999948 ] ] ], [ [ [ -64.239146133999952, -65.131654042999969 ], [ -64.227436828999942, -65.13255516199996 ], [ -64.241378939999947, -65.132650142999978 ], [ -64.239146133999952, -65.131654042999969 ] ] ], [ [ [ -64.27482410999994, -65.124590414999943 ], [ -64.260528120999936, -65.123338796999974 ], [ -64.253828841999962, -65.124016075999975 ], [ -64.27482410999994, -65.124590414999943 ] ] ], [ [ [ -64.197957660999975, -65.122585381999954 ], [ -64.208008852999967, -65.130731940999965 ], [ -64.228083991999938, -65.130017064999947 ], [ -64.210310872999969, -65.123929551999936 ], [ -64.197957660999975, -65.122585381999954 ] ] ], [ [ [ -64.209935279999968, -65.118466048999949 ], [ -64.222342286999947, -65.126725978999957 ], [ -64.22881493899996, -65.122942567999985 ], [ -64.209935279999968, -65.118466048999949 ] ] ], [ [ [ -64.243200800999944, -65.116030336999984 ], [ -64.238009998999985, -65.116828434999945 ], [ -64.246661825999979, -65.116314061999958 ], [ -64.243200800999944, -65.116030336999984 ] ] ], [ [ [ -64.217838858999983, -65.115408633999948 ], [ -64.207713979999937, -65.117130241999973 ], [ -64.224964573999955, -65.117617953999968 ], [ -64.217838858999983, -65.115408633999948 ] ] ], [ [ [ -64.069928793999964, -65.107807393999963 ], [ -64.064864502999967, -65.124339430999953 ], [ -64.110155648999978, -65.153443141999958 ], [ -64.132681383999966, -65.132573819999948 ], [ -64.069928793999964, -65.107807393999963 ] ] ], [ [ [ -64.086188880999941, -65.105886712999961 ], [ -64.077508463999948, -65.107251400999985 ], [ -64.088748279999947, -65.107962507999957 ], [ -64.086188880999941, -65.105886712999961 ] ] ], [ [ [ -59.80656324499995, -65.102134584999988 ], [ -59.618763024999964, -65.12215301599997 ], [ -59.438227906999941, -65.237559295999972 ], [ -59.477413394999985, -65.25491188899997 ], [ -59.547747017999939, -65.247444152999947 ], [ -59.642371545999936, -65.202722991999963 ], [ -59.791329957999949, -65.178319014999943 ], [ -59.845712274999983, -65.128017548999935 ], [ -59.80656324499995, -65.102134584999988 ] ] ], [ [ [ -64.07124063699996, -65.106890732999943 ], [ -64.045417498999939, -65.103753780999966 ], [ -64.056209468999953, -65.107596972999943 ], [ -64.07124063699996, -65.106890732999943 ] ] ], [ [ [ -64.100081165999939, -65.102617132999967 ], [ -64.065874489999942, -65.099365713999987 ], [ -64.071807419999971, -65.102265645999978 ], [ -64.100081165999939, -65.102617132999967 ] ] ], [ [ [ -60.081344798999964, -65.105264771999941 ], [ -60.033072467999943, -65.095463151999979 ], [ -60.002362486999971, -65.108351064999965 ], [ -60.047146987999952, -65.124417432999962 ], [ -60.130186380999987, -65.094196777999969 ], [ -60.081344798999964, -65.105264771999941 ] ] ], [ [ [ -59.907392220999952, -65.086457819999964 ], [ -59.906364788999952, -65.090675603999955 ], [ -59.912725502999933, -65.08814082899994 ], [ -59.907392220999952, -65.086457819999964 ] ] ], [ [ [ -64.123811394999962, -65.083017321999932 ], [ -64.095185281999932, -65.083299926999985 ], [ -64.127388484999983, -65.084943486999975 ], [ -64.123811394999962, -65.083017321999932 ] ] ], [ [ [ -59.511718260999942, -65.09627894099998 ], [ -59.579532221999955, -65.108610081999984 ], [ -59.575668303999976, -65.07909686499994 ], [ -59.511718260999942, -65.09627894099998 ] ] ], [ [ [ -64.131789147999939, -65.077900979999981 ], [ -64.116420724999955, -65.074826906999988 ], [ -64.098298943999964, -65.075704653999935 ], [ -64.131789147999939, -65.077900979999981 ] ] ], [ [ [ -64.119461814999966, -65.072560451999948 ], [ -64.10187078499996, -65.071075117999953 ], [ -64.099709280999946, -65.072075008999946 ], [ -64.119461814999966, -65.072560451999948 ] ] ], [ [ [ -60.102678885999978, -65.077534324999988 ], [ -60.128666410999983, -65.080552506999936 ], [ -60.134936317999973, -65.073833374999936 ], [ -60.102678885999978, -65.077534324999988 ] ] ], [ [ [ -64.11240020799994, -65.068120663999935 ], [ -64.138103706999971, -65.08060130399997 ], [ -64.148687811999935, -65.079004359999942 ], [ -64.135553894999987, -65.068440051999971 ], [ -64.11240020799994, -65.068120663999935 ] ] ], [ [ [ -64.160946072999934, -65.065956682999968 ], [ -64.155227654999976, -65.070571586999961 ], [ -64.164994087999958, -65.069505153999955 ], [ -64.160946072999934, -65.065956682999968 ] ] ], [ [ [ -60.391258630999971, -65.073691852999957 ], [ -60.422619287999964, -65.083813666999959 ], [ -60.43128788599995, -65.068730979999941 ], [ -60.398764613999958, -65.055432942999971 ], [ -60.391258630999971, -65.073691852999957 ] ] ], [ [ [ -64.168161638999948, -65.054957975999969 ], [ -64.165018159999988, -65.060261345999947 ], [ -64.172643918999938, -65.061137597999959 ], [ -64.168161638999948, -65.054957975999969 ] ] ], [ [ [ -63.38516685999997, -65.049741881999978 ], [ -63.398044249999941, -65.054791613999953 ], [ -63.399765364999951, -65.050192660999983 ], [ -63.38516685999997, -65.049741881999978 ] ] ], [ [ [ -64.175242695999941, -65.052575928999943 ], [ -64.159412979999956, -65.048595256999988 ], [ -64.171076347999986, -65.055538238999986 ], [ -64.175242695999941, -65.052575928999943 ] ] ], [ [ [ -60.196471158999941, -65.080733906999967 ], [ -60.260877468999979, -65.087523381999972 ], [ -60.298045471999956, -65.078111616999934 ], [ -60.313743799999941, -65.053104017999942 ], [ -60.228994105999959, -65.056791433999933 ], [ -60.196471158999941, -65.080733906999967 ] ] ], [ [ [ -64.162442501999976, -65.045408567999971 ], [ -64.160340117999965, -65.046249888999967 ], [ -64.169762736999985, -65.047572211999977 ], [ -64.162442501999976, -65.045408567999971 ] ] ], [ [ [ -63.939781957999969, -65.044162040999936 ], [ -64.011816784999951, -65.111576342999967 ], [ -64.023884461999955, -65.100171453999963 ], [ -64.014343319999966, -65.073330966999947 ], [ -64.049851362999959, -65.067344210999977 ], [ -63.976018378999981, -65.070113254999967 ], [ -63.968423252999969, -65.051984575999938 ], [ -63.939781957999969, -65.044162040999936 ] ] ], [ [ [ -64.042001538999955, -65.040476492999971 ], [ -64.030999092999934, -65.040874781999946 ], [ -64.04657339299996, -65.043108299999972 ], [ -64.042001538999955, -65.040476492999971 ] ] ], [ [ [ -64.158388684999977, -65.037545342999977 ], [ -64.150681050999935, -65.037626812999974 ], [ -64.145233730999962, -65.041752607999967 ], [ -64.158388684999977, -65.037545342999977 ] ] ], [ [ [ -64.148788201999935, -65.038301443999956 ], [ -64.128949236999972, -65.034881495999969 ], [ -64.139304989999971, -65.040569670999957 ], [ -64.148788201999935, -65.038301443999956 ] ] ], [ [ [ -63.934424140999965, -65.035556067999948 ], [ -63.915415793999955, -65.033621551999943 ], [ -63.92680778099998, -65.037212701999977 ], [ -63.934424140999965, -65.035556067999948 ] ] ], [ [ [ -64.135242778999952, -65.032658630999947 ], [ -64.124678612999958, -65.032719030999942 ], [ -64.141081985999961, -65.033629980999933 ], [ -64.135242778999952, -65.032658630999947 ] ] ], [ [ [ -64.124931635999985, -65.02823811899998 ], [ -64.115902566999978, -65.02979088799998 ], [ -64.135140719999981, -65.031028383999967 ], [ -64.124931635999985, -65.02823811899998 ] ] ], [ [ [ -64.08968155499997, -65.027004165999983 ], [ -64.076541051999982, -65.024739299999965 ], [ -64.080669997999962, -65.027340701999947 ], [ -64.08968155499997, -65.027004165999983 ] ] ], [ [ [ -63.69435563899998, -65.023418291999974 ], [ -63.685263514999974, -65.026312091999955 ], [ -63.682466396999985, -65.027789911999946 ], [ -63.69435563899998, -65.023418291999974 ] ] ], [ [ [ -64.131245902999979, -65.021135306999952 ], [ -64.134190831999945, -65.025235753999937 ], [ -64.139788242999941, -65.024049137999953 ], [ -64.131245902999979, -65.021135306999952 ] ] ], [ [ [ -63.80161134399998, -65.028989665999973 ], [ -63.754603968999959, -65.023227271999986 ], [ -63.780409589999977, -65.033093773999951 ], [ -63.80161134399998, -65.028989665999973 ] ] ], [ [ [ -64.106206460999942, -65.015579810999952 ], [ -64.116677860999971, -65.019830246999959 ], [ -64.12725263699997, -65.018013719999942 ], [ -64.120617176999986, -65.015869583999972 ], [ -64.106206460999942, -65.015579810999952 ] ] ], [ [ [ -63.718516790999956, -65.012537265999981 ], [ -63.713935559999982, -65.015089533999969 ], [ -63.723140851999972, -65.011806805999981 ], [ -63.718516790999956, -65.012537265999981 ] ] ], [ [ [ -60.096617364999986, -65.02018551499998 ], [ -60.018491884999946, -65.015537041999949 ], [ -60.013426276999951, -65.028573989999984 ], [ -60.044331774999932, -65.048239955999975 ], [ -60.084328270999947, -65.045053079999946 ], [ -60.096617364999986, -65.02018551499998 ] ] ], [ [ [ -60.285575329999972, -65.02083317499995 ], [ -60.33180314699996, -65.027224291999971 ], [ -60.336529207999945, -65.015775007999935 ], [ -60.290810067999985, -65.008727654999973 ], [ -60.285575329999972, -65.02083317499995 ] ] ], [ [ [ -64.005373986999984, -65.003159631999949 ], [ -63.994030340999984, -65.002920943999982 ], [ -64.011398045999954, -65.005812087999971 ], [ -64.005373986999984, -65.003159631999949 ] ] ], [ [ [ -64.012415238999949, -65.002673213999969 ], [ -63.987815242999943, -64.999773531999949 ], [ -64.001648263999982, -65.002480069999933 ], [ -64.011305204999985, -65.003026335999948 ], [ -64.012415238999949, -65.002673213999969 ] ] ], [ [ [ -64.056977954999979, -64.987300497999968 ], [ -64.044415165999965, -64.987691469999959 ], [ -64.070971810999936, -64.990910597999971 ], [ -64.056977954999979, -64.987300497999968 ] ] ], [ [ [ -60.386053363999963, -64.994470212999943 ], [ -60.402888213999972, -64.991983569999945 ], [ -60.411057319999941, -64.987215266999954 ], [ -60.378260380999961, -64.978693350999947 ], [ -60.386053363999963, -64.994470212999943 ] ] ], [ [ [ -63.605095997999967, -64.978309896999974 ], [ -63.578996573999973, -64.978954744999953 ], [ -63.609384735999981, -64.982606275999956 ], [ -63.605095997999967, -64.978309896999974 ] ] ], [ [ [ -63.870296250999957, -64.974179346999961 ], [ -63.843493064999961, -64.973049247999938 ], [ -63.878536856999972, -64.976926901999946 ], [ -63.870296250999957, -64.974179346999961 ] ] ], [ [ [ -63.598635522999984, -64.972298841999987 ], [ -63.588754190999964, -64.972046844999966 ], [ -63.586487790999968, -64.97412071499997 ], [ -63.598635522999984, -64.972298841999987 ] ] ], [ [ [ -63.861372156999948, -64.970645226999977 ], [ -63.853637367999966, -64.971181245999958 ], [ -63.871663497999975, -64.973328787999947 ], [ -63.861372156999948, -64.970645226999977 ] ] ], [ [ [ -63.883771405999937, -64.971071067999958 ], [ -63.879539706999935, -64.973978909999971 ], [ -63.895880485999953, -64.974849696999968 ], [ -63.883771405999937, -64.971071067999958 ] ] ], [ [ [ -60.065184803999955, -64.976965639999946 ], [ -60.080050711999945, -64.975370874999953 ], [ -60.099976637999987, -64.969532491999985 ], [ -60.088651955999978, -64.967540165999935 ], [ -60.065184803999955, -64.976965639999946 ] ] ], [ [ [ -63.900123067999971, -64.969489845999988 ], [ -63.865544393999983, -64.964669374999971 ], [ -63.878396003999967, -64.968109148999986 ], [ -63.900123067999971, -64.969489845999988 ] ] ], [ [ [ -63.780544357999986, -64.962594677999959 ], [ -63.767178868999963, -64.960170128999948 ], [ -63.764985389999936, -64.963428987999976 ], [ -63.780544357999986, -64.962594677999959 ] ] ], [ [ [ -65.692440816999977, -64.961083575999965 ], [ -65.685762663999981, -64.962552910999932 ], [ -65.679278848999957, -64.966768936999983 ], [ -65.692440816999977, -64.961083575999965 ] ] ], [ [ [ -65.735136529999977, -64.94251191099994 ], [ -65.730103374999942, -64.951725213999964 ], [ -65.687588585999947, -64.96734689799996 ], [ -65.741379491999965, -64.959334443999978 ], [ -65.735136529999977, -64.94251191099994 ] ] ], [ [ [ -63.224654375999933, -64.942510035999987 ], [ -63.205951715999959, -64.939865835999967 ], [ -63.219599131999985, -64.943553210999937 ], [ -63.224654375999933, -64.942510035999987 ] ] ], [ [ [ -63.755922189999978, -64.936402586999975 ], [ -63.741325328999949, -64.937035339999966 ], [ -63.726934865999965, -64.937157662999937 ], [ -63.733003523999969, -64.94027908299995 ], [ -63.755922189999978, -64.936402586999975 ] ] ], [ [ [ -63.41482147499994, -64.935428341999966 ], [ -63.424360130999958, -64.948198124999976 ], [ -63.450699746999987, -64.943894535999959 ], [ -63.433511607999947, -64.935267387999943 ], [ -63.41482147499994, -64.935428341999966 ] ] ], [ [ [ -63.912628396999935, -64.93191866799998 ], [ -63.897651927999959, -64.931967684999961 ], [ -63.919616620999932, -64.933921171999941 ], [ -63.912628396999935, -64.93191866799998 ] ] ], [ [ [ -63.87611544799995, -64.931805299999951 ], [ -63.852127606999943, -64.933734238999932 ], [ -63.880583920999982, -64.933705733999943 ], [ -63.87611544799995, -64.931805299999951 ] ] ], [ [ [ -63.749000130999946, -64.934035076999976 ], [ -63.705963766999957, -64.926935925999942 ], [ -63.726065967999943, -64.936522418999971 ], [ -63.749000130999946, -64.934035076999976 ] ] ], [ [ [ -63.934309648999943, -64.925386961999948 ], [ -63.914756642999976, -64.929107097999974 ], [ -63.948221047999937, -64.928700223999954 ], [ -63.934309648999943, -64.925386961999948 ] ] ], [ [ [ -60.811418285999935, -64.935554639999964 ], [ -60.707439849999957, -64.933062820999965 ], [ -60.823283556999968, -64.945451281999965 ], [ -60.811418285999935, -64.935554639999964 ] ] ], [ [ [ -63.927323972999943, -64.924064690999955 ], [ -63.901712538999959, -64.924613106999971 ], [ -63.898388634999947, -64.926976791999948 ], [ -63.927323972999943, -64.924064690999955 ] ] ], [ [ [ -59.699902581999936, -64.92090252099996 ], [ -59.672499285999947, -64.92823993199994 ], [ -59.700954023999941, -64.921986982999954 ], [ -59.699902581999936, -64.92090252099996 ] ] ], [ [ [ -63.817927973999986, -64.921129875999952 ], [ -63.811575876999939, -64.924304089999964 ], [ -63.823949724999977, -64.926807835999966 ], [ -63.817927973999986, -64.921129875999952 ] ] ], [ [ [ -64.04572103199996, -64.919201416999954 ], [ -64.041095032999976, -64.922304879999956 ], [ -64.055131942999935, -64.92152635399998 ], [ -64.04572103199996, -64.919201416999954 ] ] ], [ [ [ -63.790894987999934, -64.922681866999937 ], [ -63.771706756999947, -64.918759714999965 ], [ -63.767988585999944, -64.91984806499994 ], [ -63.78181021499995, -64.923680690999959 ], [ -63.790894987999934, -64.922681866999937 ] ] ], [ [ [ -63.985077686999944, -64.924865314999977 ], [ -63.945436313999949, -64.920589396999958 ], [ -63.926320543999964, -64.921302827999966 ], [ -63.985077686999944, -64.924865314999977 ] ] ], [ [ [ -64.051908868999988, -64.918572873999949 ], [ -64.034644636999985, -64.916311453999981 ], [ -64.041130368999973, -64.91831760499997 ], [ -64.051908868999988, -64.918572873999949 ] ] ], [ [ [ -63.415769804999968, -64.915155317999961 ], [ -63.383927849999964, -64.916066242999932 ], [ -63.415976605999958, -64.921313098999974 ], [ -63.415769804999968, -64.915155317999961 ] ] ], [ [ [ -64.018811876999962, -64.912101329999985 ], [ -63.990554506999956, -64.912675974999956 ], [ -64.039859029999946, -64.922379169999942 ], [ -64.018811876999962, -64.912101329999985 ] ] ], [ [ [ -63.853630124999938, -64.911206167999978 ], [ -63.838987273999976, -64.910227836999979 ], [ -63.854173333999938, -64.91203408299998 ], [ -63.853630124999938, -64.911206167999978 ] ] ], [ [ [ -63.889172090999978, -64.909248013999957 ], [ -63.846591129999979, -64.907229554999958 ], [ -63.861422657999981, -64.914865095999971 ], [ -63.889172090999978, -64.909248013999957 ] ] ], [ [ [ -64.016451227999937, -64.905243824999957 ], [ -63.998924762999934, -64.903259823999974 ], [ -63.997273230999951, -64.903934134999986 ], [ -64.016451227999937, -64.905243824999957 ] ] ], [ [ [ -63.988546515999985, -64.905152243999964 ], [ -63.972130247999985, -64.905443152999965 ], [ -64.001953626999978, -64.906858693999936 ], [ -63.988546515999985, -64.905152243999964 ] ] ], [ [ [ -63.842805100999954, -64.900900715999967 ], [ -63.821588413999962, -64.900769833999959 ], [ -63.820103700999937, -64.901609881999946 ], [ -63.842805100999954, -64.900900715999967 ] ] ], [ [ [ -63.884920527999952, -64.895836213999985 ], [ -63.871247341999947, -64.896086965999984 ], [ -63.855523131999973, -64.899598603999948 ], [ -63.884920527999952, -64.895836213999985 ] ] ], [ [ [ -63.847692600999949, -64.896388758999933 ], [ -63.829121578999946, -64.895271711999953 ], [ -63.821506866999982, -64.897947690999956 ], [ -63.847692600999949, -64.896388758999933 ] ] ], [ [ [ -63.988914233999935, -64.896072482999955 ], [ -63.96462311099998, -64.894875815999967 ], [ -63.959557982999968, -64.896944575999953 ], [ -63.988914233999935, -64.896072482999955 ] ] ], [ [ [ -63.864713237999979, -64.894430127999954 ], [ -63.846298195999964, -64.894684020999932 ], [ -63.842064996999966, -64.894849676999968 ], [ -63.864713237999979, -64.894430127999954 ] ] ], [ [ [ -63.961943218999977, -64.895204415999956 ], [ -63.953650014999937, -64.892582602999937 ], [ -63.949202552999964, -64.895066475999954 ], [ -63.961943218999977, -64.895204415999956 ] ] ], [ [ [ -63.120500050999965, -64.903276003999963 ], [ -63.122351197999933, -64.89237766499997 ], [ -63.106679789999987, -64.899940431999937 ], [ -63.120500050999965, -64.903276003999963 ] ] ], [ [ [ -63.947958111999981, -64.890842374999977 ], [ -63.941986877999966, -64.891728812999986 ], [ -63.955989234999947, -64.890880193999976 ], [ -63.947958111999981, -64.890842374999977 ] ] ], [ [ [ -63.327205229999947, -64.884007593999968 ], [ -63.348109919999956, -64.894631686999958 ], [ -63.369467482999937, -64.893854761999933 ], [ -63.356165412999985, -64.884872715999961 ], [ -63.327205229999947, -64.884007593999968 ] ] ], [ [ [ -63.116233904999945, -64.843543790999945 ], [ -63.012273626999956, -64.848108794999973 ], [ -63.022964133999949, -64.872666379999941 ], [ -62.997843452999973, -64.873142816999973 ], [ -62.985199463999948, -64.852587036999978 ], [ -62.923595610999939, -64.879965004999974 ], [ -62.930068559999938, -64.894999685999949 ], [ -62.996656157999951, -64.899800278999976 ], [ -63.109210939999969, -64.887309940999955 ], [ -63.103742645999944, -64.875141548999977 ], [ -63.125488296999947, -64.869606284999975 ], [ -63.095631146999949, -64.856550896999977 ], [ -63.116233904999945, -64.843543790999945 ] ] ], [ [ [ -63.573899318999963, -64.832910939999977 ], [ -63.546745363999946, -64.843724063999957 ], [ -63.471966408999947, -64.83625753299998 ], [ -63.566905671999962, -64.878841 ], [ -63.598333813999943, -64.878672479999977 ], [ -63.552024393999943, -64.862954790999936 ], [ -63.628828187999943, -64.866314865999982 ], [ -63.610904477999952, -64.844625173999987 ], [ -63.586377289999973, -64.855362241999956 ], [ -63.573899318999963, -64.832910939999977 ] ] ], [ [ [ -63.101255828999967, -64.818294526999978 ], [ -63.096204623999938, -64.830007759999944 ], [ -63.111197949999962, -64.83180000699997 ], [ -63.101255828999967, -64.818294526999978 ] ] ], [ [ [ -63.778953257999945, -64.809205200999941 ], [ -63.756650570999966, -64.810513682999954 ], [ -63.795010571999967, -64.813141220999967 ], [ -63.778953257999945, -64.809205200999941 ] ] ], [ [ [ -64.017699740999944, -64.806470136999963 ], [ -64.005087769999932, -64.807060452999963 ], [ -64.022371644999964, -64.807890161999978 ], [ -64.017699740999944, -64.806470136999963 ] ] ], [ [ [ -64.013023324999949, -64.798038518999988 ], [ -64.004639704999988, -64.79757551299997 ], [ -64.03778245899997, -64.800660734999951 ], [ -64.013023324999949, -64.798038518999988 ] ] ], [ [ [ -62.978381087999935, -64.795214014999942 ], [ -62.90643829399994, -64.800216364999983 ], [ -62.851231348999931, -64.809032852999962 ], [ -62.898060322999982, -64.831149737999965 ], [ -63.027779094999971, -64.812439386999984 ], [ -62.978381087999935, -64.795214014999942 ] ] ], [ [ [ -64.010407692999934, -64.793167709999977 ], [ -63.993608569999935, -64.793559708999965 ], [ -64.011266939999985, -64.793641003999937 ], [ -64.010407692999934, -64.793167709999977 ] ] ], [ [ [ -64.029202300999941, -64.793079666999972 ], [ -64.018750123999951, -64.794413015999965 ], [ -64.034614585999975, -64.795250350999936 ], [ -64.029202300999941, -64.793079666999972 ] ] ], [ [ [ -64.403304567999953, -64.78786422099995 ], [ -64.39067947999996, -64.787664692999954 ], [ -64.407805052999947, -64.789085027999988 ], [ -64.403304567999953, -64.78786422099995 ] ] ], [ [ [ -64.366094041999986, -64.786957789999974 ], [ -64.358376064999959, -64.78743974799994 ], [ -64.372612966999952, -64.787460634999945 ], [ -64.366094041999986, -64.786957789999974 ] ] ], [ [ [ -64.440190107999967, -64.787759488999939 ], [ -64.430918075999955, -64.784105998999962 ], [ -64.428706976999933, -64.785091981999983 ], [ -64.440190107999967, -64.787759488999939 ] ] ], [ [ [ -64.110683507999966, -64.783893968999962 ], [ -64.100325659999953, -64.782888936999939 ], [ -64.096754453999949, -64.783638250999957 ], [ -64.104227649999984, -64.784981451999954 ], [ -64.110683507999966, -64.783893968999962 ] ] ], [ [ [ -64.466180005999945, -64.783478227999979 ], [ -64.455852080999932, -64.780670142999952 ], [ -64.454067423999959, -64.782036772999959 ], [ -64.466180005999945, -64.783478227999979 ] ] ], [ [ [ -64.371587619999957, -64.777239386999952 ], [ -64.363370056999941, -64.780195799999944 ], [ -64.372256793999952, -64.779128643999968 ], [ -64.371587619999957, -64.777239386999952 ] ] ], [ [ [ -64.373606087999974, -64.77440997399998 ], [ -64.377756185999942, -64.777352960999963 ], [ -64.384959184999957, -64.774678247999987 ], [ -64.373606087999974, -64.77440997399998 ] ] ], [ [ [ -64.094318408999982, -64.773090614999944 ], [ -64.08558755699994, -64.768373740999948 ], [ -64.083979918999944, -64.771849704999966 ], [ -64.094318408999982, -64.773090614999944 ] ] ], [ [ [ -64.38532536799994, -64.766922608999948 ], [ -64.381867305999947, -64.763284068999951 ], [ -64.381668183999977, -64.764428523999982 ], [ -64.38532536799994, -64.766922608999948 ] ] ], [ [ [ -64.099177787999963, -64.759331473999964 ], [ -64.064590184999986, -64.760879120999959 ], [ -64.060057591999964, -64.766702998999961 ], [ -64.071789482999975, -64.767630298999961 ], [ -64.099177787999963, -64.759331473999964 ] ] ], [ [ [ -62.289057330999981, -64.744959870999935 ], [ -62.284749965999936, -64.747713081999962 ], [ -62.296752224999977, -64.748319452999965 ], [ -62.289057330999981, -64.744959870999935 ] ] ], [ [ [ -62.602006706999987, -64.730166489999988 ], [ -62.582991583999956, -64.732562361999953 ], [ -62.602040559999978, -64.746752365999953 ], [ -62.602006706999987, -64.730166489999988 ] ] ], [ [ [ -64.234480519999977, -64.723671158999935 ], [ -64.22062972699996, -64.725017541999932 ], [ -64.217550224999968, -64.726699940999936 ], [ -64.234480519999977, -64.723671158999935 ] ] ], [ [ [ -62.876445257999933, -64.715847277999956 ], [ -62.871247640999968, -64.720338349999963 ], [ -62.87810819799995, -64.717714798999964 ], [ -62.876445257999933, -64.715847277999956 ] ] ], [ [ [ -64.295353674999944, -64.715557795999985 ], [ -64.293841517999965, -64.712756184999932 ], [ -64.289907667999955, -64.715302799999961 ], [ -64.295353674999944, -64.715557795999985 ] ] ], [ [ [ -63.182595468999978, -64.709066425999936 ], [ -63.149361644999942, -64.747673690999932 ], [ -63.224674062999952, -64.77423780099997 ], [ -63.245713939999973, -64.789548934999971 ], [ -63.233499006999978, -64.795220894999943 ], [ -63.282529756999963, -64.795776829999966 ], [ -63.275054173999933, -64.822122114999956 ], [ -63.291570802999956, -64.822989460999963 ], [ -63.292672385999936, -64.854689376999943 ], [ -63.322033750999935, -64.857651479999959 ], [ -63.318429872999957, -64.868116580999981 ], [ -63.419578405999971, -64.87813185899995 ], [ -63.399574557999983, -64.890585623999982 ], [ -63.430133907999959, -64.911771688999977 ], [ -63.42821129899994, -64.899018078999973 ], [ -63.475118815999963, -64.89497576499997 ], [ -63.599258037999959, -64.915146069999935 ], [ -63.595675064999966, -64.902011179999988 ], [ -63.539092402999984, -64.894759912999973 ], [ -63.482832161999966, -64.851413364999985 ], [ -63.428845877999947, -64.836283854999976 ], [ -63.520332178999979, -64.817414515999985 ], [ -63.425292236999951, -64.784795586999962 ], [ -63.372141478999936, -64.786523279999983 ], [ -63.388409536999973, -64.799025430999961 ], [ -63.372115666999946, -64.804280697999957 ], [ -63.318728557999975, -64.792008905999978 ], [ -63.327174066999987, -64.783758145999968 ], [ -63.314848260999952, -64.775171357999966 ], [ -63.273386989999949, -64.76716678799994 ], [ -63.182595468999978, -64.709066425999936 ] ] ], [ [ [ -64.337716546999957, -64.710101585999951 ], [ -64.326047045999985, -64.711011897999981 ], [ -64.325914592999936, -64.71338151599997 ], [ -64.337716546999957, -64.710101585999951 ] ] ], [ [ [ -64.342216949999965, -64.704026279999937 ], [ -64.335872364999943, -64.707642505999956 ], [ -64.342064096999934, -64.705932649999966 ], [ -64.342216949999965, -64.704026279999937 ] ] ], [ [ [ -64.353052840999965, -64.702379112999949 ], [ -64.339877786999978, -64.703240689999973 ], [ -64.355470462999961, -64.703391016999944 ], [ -64.353052840999965, -64.702379112999949 ] ] ], [ [ [ -64.343984180999939, -64.699267113999952 ], [ -64.334653992999961, -64.698740575999977 ], [ -64.331946301999949, -64.701044263999961 ], [ -64.343984180999939, -64.699267113999952 ] ] ], [ [ [ -62.62447807999996, -64.68093797299997 ], [ -62.619584467999971, -64.692847167999957 ], [ -62.633439776999978, -64.685984346999987 ], [ -62.62447807999996, -64.68093797299997 ] ] ], [ [ [ -62.670423440999969, -64.668902109999976 ], [ -62.642142693999972, -64.689560514999982 ], [ -62.652124665999963, -64.703004576999945 ], [ -62.632781025999975, -64.707438184999944 ], [ -62.655577044999973, -64.744366981999974 ], [ -62.716671608999945, -64.747529545999953 ], [ -62.717028380999977, -64.730145165999943 ], [ -62.771422333999965, -64.712911188999954 ], [ -62.722859450999977, -64.706746171999953 ], [ -62.707202839999979, -64.680659026999933 ], [ -62.670423440999969, -64.668902109999976 ] ] ], [ [ [ -63.150705814999981, -64.67353075699998 ], [ -63.112480965999964, -64.670299554999986 ], [ -63.151288665999971, -64.693389226999955 ], [ -63.150705814999981, -64.67353075699998 ] ] ], [ [ [ -62.665356022999958, -64.659691807999934 ], [ -62.665287098999954, -64.662586232999956 ], [ -62.670992245999969, -64.662939905999963 ], [ -62.665356022999958, -64.659691807999934 ] ] ], [ [ [ -62.198590442999944, -64.65127942099997 ], [ -62.170541703999959, -64.662487742999986 ], [ -62.202212560999953, -64.681420963999983 ], [ -62.212617860999956, -64.673146065999958 ], [ -62.198590442999944, -64.65127942099997 ] ] ], [ [ [ -64.256002019999983, -64.649520806999988 ], [ -64.245345847999943, -64.651861673999974 ], [ -64.232668131999958, -64.653854297999942 ], [ -64.241189711999937, -64.654038947999936 ], [ -64.256002019999983, -64.649520806999988 ] ] ], [ [ [ -62.077562352999962, -64.644172143999981 ], [ -62.026484911999944, -64.624938768999982 ], [ -62.046151090999956, -64.645790899999952 ], [ -62.024103123999964, -64.649985429999958 ], [ -62.035873858999935, -64.652917237999986 ], [ -62.028654403999951, -64.662933278999958 ], [ -62.077562352999962, -64.644172143999981 ] ] ], [ [ [ -64.281622424999966, -64.606563797999968 ], [ -64.272892403999947, -64.607812134999961 ], [ -64.267922829999975, -64.607843248999984 ], [ -64.274947435999934, -64.608917676999965 ], [ -64.281622424999966, -64.606563797999968 ] ] ], [ [ [ -64.240038671999969, -64.604756420999934 ], [ -64.232412522999937, -64.606749362999949 ], [ -64.240988793999975, -64.606074743999955 ], [ -64.240038671999969, -64.604756420999934 ] ] ], [ [ [ -64.214774942999952, -64.604690964999975 ], [ -64.21180504299997, -64.600477607999949 ], [ -64.210174799999947, -64.602150692999942 ], [ -64.214774942999952, -64.604690964999975 ] ] ], [ [ [ -64.274390145999973, -64.601829103999933 ], [ -64.263893763999988, -64.601860465999948 ], [ -64.263614432999987, -64.602398051999955 ], [ -64.274390145999973, -64.601829103999933 ] ] ], [ [ [ -62.384295318999932, -64.602296973999955 ], [ -62.370755932999941, -64.607187163999981 ], [ -62.381119319999982, -64.608014061999938 ], [ -62.384295318999932, -64.602296973999955 ] ] ], [ [ [ -62.304686621999963, -64.587959445999957 ], [ -62.297160453999936, -64.614097640999944 ], [ -62.332277723999937, -64.613847840999938 ], [ -62.329204897999944, -64.596143944999938 ], [ -62.304686621999963, -64.587959445999957 ] ] ], [ [ [ -64.214891888999944, -64.582802905999984 ], [ -64.210879095999985, -64.585891638999954 ], [ -64.215112193999971, -64.587010211999939 ], [ -64.214891888999944, -64.582802905999984 ] ] ], [ [ [ -64.23396041999996, -64.578453405999937 ], [ -64.215463806999935, -64.589867917999982 ], [ -64.224818833999961, -64.60052634699997 ], [ -64.241023469999959, -64.59030464999995 ], [ -64.23396041999996, -64.578453405999937 ] ] ], [ [ [ -64.174936413999944, -64.577389245999939 ], [ -64.174267308999958, -64.582380202999957 ], [ -64.178737270999932, -64.579417804999935 ], [ -64.174936413999944, -64.577389245999939 ] ] ], [ [ [ -64.265072819999943, -64.576459624999984 ], [ -64.260073538999961, -64.582985741999948 ], [ -64.268719441999963, -64.580779363999966 ], [ -64.265072819999943, -64.576459624999984 ] ] ], [ [ [ -62.798997125999961, -64.558826477999958 ], [ -62.789813735999985, -64.560523478999983 ], [ -62.801273281999954, -64.56211719099997 ], [ -62.798997125999961, -64.558826477999958 ] ] ], [ [ [ -62.188846959999978, -64.55571793699994 ], [ -62.183145215999957, -64.565172465999979 ], [ -62.198929672999952, -64.570263994999948 ], [ -62.188846959999978, -64.55571793699994 ] ] ], [ [ [ -64.109882408999965, -64.557305798999948 ], [ -64.101579752999953, -64.555009470999948 ], [ -64.099364864999984, -64.556110698999987 ], [ -64.109882408999965, -64.557305798999948 ] ] ], [ [ [ -62.696891904999973, -64.549656822999964 ], [ -62.686976561999984, -64.551968698999985 ], [ -62.700872346999972, -64.552852743999949 ], [ -62.696891904999973, -64.549656822999964 ] ] ], [ [ [ -62.056228168999951, -64.535376185999951 ], [ -62.01346375299994, -64.556789949999938 ], [ -62.025299221999944, -64.57652851499995 ], [ -62.064848544999961, -64.588229314999978 ], [ -62.045174178999957, -64.605051154999956 ], [ -62.110417823999967, -64.624236764999978 ], [ -62.140380490999974, -64.602347760999976 ], [ -62.120925211999975, -64.593831975999933 ], [ -62.152444539999976, -64.578734897999936 ], [ -62.073967076999963, -64.560375457999953 ], [ -62.094710489999954, -64.550033996999957 ], [ -62.059246822999967, -64.547550730999944 ], [ -62.056228168999951, -64.535376185999951 ] ] ], [ [ [ -64.029449125999975, -64.531855435999944 ], [ -64.015337748999968, -64.531304190999947 ], [ -64.012386658999958, -64.536564855999984 ], [ -64.029449125999975, -64.531855435999944 ] ] ], [ [ [ -62.091570480999962, -64.527433391999978 ], [ -62.079827528999942, -64.527473158999953 ], [ -62.077158951999934, -64.530087546999937 ], [ -62.091570480999962, -64.527433391999978 ] ] ], [ [ [ -61.996874616999946, -64.525723622999976 ], [ -61.988958653999987, -64.545877857999983 ], [ -62.017001814999958, -64.545179486999984 ], [ -62.001627937999956, -64.538161078999963 ], [ -62.009923182999955, -64.529499450999936 ], [ -61.996874616999946, -64.525723622999976 ] ] ], [ [ [ -62.891655530999969, -64.517181474999973 ], [ -62.877237051999941, -64.515473806999978 ], [ -62.88244754699997, -64.51792444199998 ], [ -62.891655530999969, -64.517181474999973 ] ] ], [ [ [ -61.510103793999974, -64.514125755999942 ], [ -61.49100795399994, -64.518200750999938 ], [ -61.515201862999959, -64.515713752999943 ], [ -61.510103793999974, -64.514125755999942 ] ] ], [ [ [ -62.068365917999984, -64.51381497999995 ], [ -62.062636588999965, -64.522973217999947 ], [ -62.076762948999942, -64.518096843999956 ], [ -62.068365917999984, -64.51381497999995 ] ] ], [ [ [ -62.969449388999976, -64.501718918999984 ], [ -62.963728167999932, -64.501680074999967 ], [ -62.974363133999987, -64.503604438999957 ], [ -62.969449388999976, -64.501718918999984 ] ] ], [ [ [ -63.904308046999972, -64.489472519999936 ], [ -63.903153045999943, -64.487714156999971 ], [ -63.894783306999955, -64.487527496999974 ], [ -63.904308046999972, -64.489472519999936 ] ] ], [ [ [ -61.840132939999933, -64.485861651999983 ], [ -61.833023530999981, -64.488682335999954 ], [ -61.841353062999985, -64.489452240999981 ], [ -61.840132939999933, -64.485861651999983 ] ] ], [ [ [ -62.986386524999944, -64.480678661999946 ], [ -62.976605603999985, -64.488604644999953 ], [ -62.992020528999944, -64.492720514999974 ], [ -62.976073941999971, -64.502845904999958 ], [ -63.011627863999934, -64.500257581999961 ], [ -62.986386524999944, -64.480678661999946 ] ] ], [ [ [ -61.820890316999964, -64.479380701999958 ], [ -61.812008722999963, -64.48059004199996 ], [ -61.823476394999943, -64.483461464999948 ], [ -61.820890316999964, -64.479380701999958 ] ] ], [ [ [ -63.107715944999939, -64.452363182999932 ], [ -63.09614604099994, -64.453240136999966 ], [ -63.113036300999966, -64.456299061999971 ], [ -63.107715944999939, -64.452363182999932 ] ] ], [ [ [ -62.834421519999978, -64.44146143599994 ], [ -62.83765139999997, -64.445149368999978 ], [ -62.842247150999981, -64.445169699999951 ], [ -62.834421519999978, -64.44146143599994 ] ] ], [ [ [ -63.897214301999952, -64.43076040699998 ], [ -63.889321148999954, -64.434424916999944 ], [ -63.904902536999941, -64.435397968999951 ], [ -63.897214301999952, -64.43076040699998 ] ] ], [ [ [ -57.553657381999983, -64.428801489999955 ], [ -57.544736967999938, -64.44235853899994 ], [ -57.591776165999931, -64.462993709999978 ], [ -57.655204132999984, -64.451028186999963 ], [ -57.616706217999933, -64.43191792999994 ], [ -57.553657381999983, -64.428801489999955 ] ] ], [ [ [ -63.815104570999949, -64.425867048999976 ], [ -63.800816614999974, -64.426068095999938 ], [ -63.799721174999945, -64.426675566999961 ], [ -63.815104570999949, -64.425867048999976 ] ] ], [ [ [ -62.865156063999962, -64.421565705999967 ], [ -62.862848189999966, -64.42451945199997 ], [ -62.870890670999984, -64.423047168999972 ], [ -62.865156063999962, -64.421565705999967 ] ] ], [ [ [ -62.288673682999956, -64.422288938999941 ], [ -62.277989682999987, -64.423880553999936 ], [ -62.294505976999972, -64.430932852999945 ], [ -62.288673682999956, -64.422288938999941 ] ] ], [ [ [ -63.69782979699994, -64.41877322299996 ], [ -63.687066609999988, -64.418903088999969 ], [ -63.681528910999987, -64.421011639999961 ], [ -63.69782979699994, -64.41877322299996 ] ] ], [ [ [ -63.703426565999962, -64.414316753999969 ], [ -63.687631967999948, -64.415739280999958 ], [ -63.694647143999987, -64.416703171999984 ], [ -63.703426565999962, -64.414316753999969 ] ] ], [ [ [ -62.90485975699994, -64.414728188999959 ], [ -62.893919215999972, -64.413292460999969 ], [ -62.891119836999962, -64.414557327999944 ], [ -62.90485975699994, -64.414728188999959 ] ] ], [ [ [ -62.914376560999983, -64.410924083999987 ], [ -62.796261581999943, -64.395001226999966 ], [ -62.85191236199995, -64.42050341099997 ], [ -62.886037674999955, -64.40931448799995 ], [ -62.914376560999983, -64.410924083999987 ] ] ], [ [ [ -61.359656580999967, -64.395400666999933 ], [ -61.345605374999934, -64.39583057599998 ], [ -61.380193202999976, -64.400171936999982 ], [ -61.359656580999967, -64.395400666999933 ] ] ], [ [ [ -63.702614391999987, -64.374760806999973 ], [ -63.688591663999944, -64.375485613999956 ], [ -63.70386535199998, -64.375785371999939 ], [ -63.702614391999987, -64.374760806999973 ] ] ], [ [ [ -62.909151176999956, -64.349111153999957 ], [ -62.899233322999976, -64.348193687999981 ], [ -62.894483550999951, -64.349023986999953 ], [ -62.904283876999955, -64.351752662999957 ], [ -62.909151176999956, -64.349111153999957 ] ] ], [ [ [ -62.921171902999959, -64.348031805999938 ], [ -62.909193928999969, -64.348448424999958 ], [ -62.922089892999963, -64.348430619999988 ], [ -62.921171902999959, -64.348031805999938 ] ] ], [ [ [ -61.58635309899995, -64.365124016999971 ], [ -61.538458863999949, -64.349097408999967 ], [ -61.550342680999961, -64.359487016999935 ], [ -61.533024748999935, -64.369954199999938 ], [ -61.486102852999977, -64.386231092999935 ], [ -61.571417118999932, -64.398026733999984 ], [ -61.612321665999957, -64.38777132499996 ], [ -61.593627479999952, -64.379076434999945 ], [ -61.626035121999962, -64.360952322999935 ], [ -61.58635309899995, -64.365124016999971 ] ] ], [ [ [ -61.590401350999969, -64.344920105999961 ], [ -61.568475718999935, -64.351091837999945 ], [ -61.595461803999967, -64.348163472999943 ], [ -61.590401350999969, -64.344920105999961 ] ] ], [ [ [ -62.892265615999975, -64.342416038999943 ], [ -62.877729815999942, -64.343989431999944 ], [ -62.901249327999949, -64.346598025999981 ], [ -62.892265615999975, -64.342416038999943 ] ] ], [ [ [ -63.711366203999944, -64.345065587999954 ], [ -63.699132964999933, -64.342904388999955 ], [ -63.697928263999984, -64.344379828999934 ], [ -63.711366203999944, -64.345065587999954 ] ] ], [ [ [ -63.732386848999965, -64.337743873999955 ], [ -63.726015444999973, -64.341663634999975 ], [ -63.733453395999959, -64.340397044999975 ], [ -63.732386848999965, -64.337743873999955 ] ] ], [ [ [ -56.924263388999975, -64.328560016999973 ], [ -56.891589465999971, -64.337918535999961 ], [ -56.961756628999979, -64.384843193999984 ], [ -56.936865662999935, -64.402823946999945 ], [ -56.939276348999954, -64.421898769999984 ], [ -57.035434748999933, -64.500014973999953 ], [ -57.279691857999978, -64.564714769999966 ], [ -57.392471352999962, -64.561069558999975 ], [ -57.450753205999945, -64.534109242999932 ], [ -57.401597164999941, -64.489639962999945 ], [ -57.428777890999982, -64.458319463999942 ], [ -57.412525678999941, -64.442529303999947 ], [ -57.244328098999972, -64.439486405999958 ], [ -57.18030381899996, -64.40963465599998 ], [ -56.986015076999934, -64.361987503999956 ], [ -56.924263388999975, -64.328560016999973 ] ] ], [ [ [ -62.162774810999963, -64.337317945999985 ], [ -62.103119404999973, -64.333203261999984 ], [ -62.147739036999951, -64.349449179999965 ], [ -62.162774810999963, -64.337317945999985 ] ] ], [ [ [ -62.874142263999943, -64.324079885999936 ], [ -62.869139764999943, -64.326408069999957 ], [ -62.876542207999933, -64.326079105999952 ], [ -62.874142263999943, -64.324079885999936 ] ] ], [ [ [ -62.975294610999981, -64.323896630999968 ], [ -62.990747204999934, -64.333422231999975 ], [ -63.00471074099994, -64.331377198999974 ], [ -62.998715455999957, -64.325475996999955 ], [ -62.975294610999981, -64.323896630999968 ] ] ], [ [ [ -63.002346659999944, -64.319211335999967 ], [ -62.999093292999987, -64.323974204999956 ], [ -63.009397353999987, -64.324182074999953 ], [ -63.002346659999944, -64.319211335999967 ] ] ], [ [ [ -62.960251143999983, -64.332114951999984 ], [ -62.926179608999973, -64.31992113299998 ], [ -62.936081856999976, -64.323960786999976 ], [ -62.910186501999988, -64.324920549999945 ], [ -62.927062931999956, -64.333089324999946 ], [ -62.917073884999979, -64.341169692999983 ], [ -62.945435828999962, -64.347672595999938 ], [ -62.936497191999933, -64.336039988999971 ], [ -62.960251143999983, -64.332114951999984 ] ] ], [ [ [ -63.656750656999975, -64.308824899999934 ], [ -63.657493072999955, -64.314085460999934 ], [ -63.664783205999981, -64.310015358999976 ], [ -63.656750656999975, -64.308824899999934 ] ] ], [ [ [ -63.677408609999986, -64.309389115999977 ], [ -63.668388023999967, -64.309897015999979 ], [ -63.665895132999935, -64.312412503999951 ], [ -63.677408609999986, -64.309389115999977 ] ] ], [ [ [ -62.979103065999936, -64.308274148999942 ], [ -62.974237801999948, -64.312414513999954 ], [ -62.980316822999953, -64.314424000999963 ], [ -62.979103065999936, -64.308274148999942 ] ] ], [ [ [ -62.945411170999932, -64.304666831999953 ], [ -62.896737814999938, -64.298117381999987 ], [ -62.878686505999951, -64.312535529999934 ], [ -62.92260072199997, -64.320156336999958 ], [ -62.917189294999957, -64.308775954999987 ], [ -62.945411170999932, -64.304666831999953 ] ] ], [ [ [ -62.906750285999976, -64.294779841999969 ], [ -62.894242836999979, -64.292703547999963 ], [ -62.891490973999964, -64.295038357999942 ], [ -62.89837369299994, -64.297154405999947 ], [ -62.906750285999976, -64.294779841999969 ] ] ], [ [ [ -62.993067778999944, -64.293724071999975 ], [ -62.966775928999937, -64.298991484999988 ], [ -63.009377797999946, -64.310661282999945 ], [ -62.993067778999944, -64.293724071999975 ] ] ], [ [ [ -63.752065889999983, -64.288787065999941 ], [ -63.749500938999972, -64.295912208999937 ], [ -63.758741785999973, -64.292471378999949 ], [ -63.752065889999983, -64.288787065999941 ] ] ], [ [ [ -62.888223678999964, -64.287871436999978 ], [ -62.880929388999959, -64.28670219299994 ], [ -62.877733300999978, -64.288695643999972 ], [ -62.888223678999964, -64.287871436999978 ] ] ], [ [ [ -61.07793563499996, -64.287425884999948 ], [ -61.070280797999942, -64.28402222699998 ], [ -61.065152988999955, -64.285183504999964 ], [ -61.07793563499996, -64.287425884999948 ] ] ], [ [ [ -63.586980013999948, -64.279224518999968 ], [ -63.572539703999951, -64.282049857999937 ], [ -63.557839375999947, -64.290894364999986 ], [ -63.595008079999957, -64.287295084999982 ], [ -63.571225157999947, -64.286528407999981 ], [ -63.586980013999948, -64.279224518999968 ] ] ], [ [ [ -61.997227923999958, -64.278013821999934 ], [ -61.998172238999985, -64.284236168999939 ], [ -62.001419380999948, -64.282086698999933 ], [ -61.997227923999958, -64.278013821999934 ] ] ], [ [ [ -63.681709510999951, -64.262925719999942 ], [ -63.684528224999951, -64.268591976999971 ], [ -63.69086344699997, -64.266632253999944 ], [ -63.681709510999951, -64.262925719999942 ] ] ], [ [ [ -63.511048989999949, -64.250179984999988 ], [ -63.501827137999953, -64.254219862999946 ], [ -63.513186643999973, -64.252244380999969 ], [ -63.511048989999949, -64.250179984999988 ] ] ], [ [ [ -63.346514100999968, -64.257872367999937 ], [ -63.358289492999972, -64.245778253999958 ], [ -63.336837264999986, -64.247612391999951 ], [ -63.314574578999952, -64.24508190499995 ], [ -63.329714921999937, -64.257797799999935 ], [ -63.270820952999941, -64.265105596999945 ], [ -63.281965935999949, -64.279214493999973 ], [ -63.264815865999935, -64.286075368999946 ], [ -63.17037567999995, -64.274560359999953 ], [ -63.151842686999942, -64.309353847999944 ], [ -63.196581606999985, -64.311668009999948 ], [ -63.156165483999985, -64.32773126099994 ], [ -63.212909650999961, -64.362147931999971 ], [ -63.300081972999976, -64.362658586999942 ], [ -63.325221208999949, -64.384601507999946 ], [ -63.260374806999948, -64.384447759999944 ], [ -63.366244663999964, -64.440345823999962 ], [ -63.322057966999978, -64.44739502699997 ], [ -63.172250385999973, -64.386751794999952 ], [ -63.14355902899996, -64.390342815999986 ], [ -63.159442630999933, -64.399095389999957 ], [ -63.151512933999982, -64.406751610999947 ], [ -63.114716168999962, -64.395732672999941 ], [ -63.213873030999935, -64.446986354999979 ], [ -63.251110528999959, -64.471697632999962 ], [ -63.245432793999953, -64.482386291999944 ], [ -63.174884254999938, -64.483481801999972 ], [ -63.149248142999966, -64.457622651999941 ], [ -63.126743347999934, -64.463182734999975 ], [ -63.104749415999947, -64.455660689999945 ], [ -63.096588914999984, -64.453896632999943 ], [ -63.090889481999966, -64.454115481999963 ], [ -63.089649025999961, -64.454647762999969 ], [ -63.120145949999937, -64.468631477999963 ], [ -63.101996220999979, -64.472161588999938 ], [ -63.130568493999988, -64.494076019999966 ], [ -63.19854874899994, -64.513284148999958 ], [ -63.214558773999954, -64.536736624999946 ], [ -63.301823546999969, -64.558323517999952 ], [ -63.27775700799998, -64.569239032999974 ], [ -63.282939596999938, -64.580504951999956 ], [ -63.199403082999936, -64.568435219999969 ], [ -63.18501299899998, -64.581390864999946 ], [ -63.12464962599995, -64.580454166999971 ], [ -63.133156665999934, -64.559305875999939 ], [ -63.062139357999968, -64.549271508999936 ], [ -63.052784160999977, -64.540592970999967 ], [ -63.06519928199998, -64.53444286499996 ], [ -63.020651602999976, -64.512443487999974 ], [ -62.997042711999939, -64.515460171999962 ], [ -63.016858974999934, -64.537507600999959 ], [ -62.969265835999977, -64.540205534999984 ], [ -62.943803498999955, -64.52634532999997 ], [ -62.951517162999949, -64.518737429999987 ], [ -62.903732454999954, -64.510123402999966 ], [ -62.918139747999987, -64.522042144999944 ], [ -62.877593624999975, -64.534360783999944 ], [ -62.871612636999942, -64.559941822999974 ], [ -62.808253839999963, -64.569595113999981 ], [ -62.881209473999945, -64.580238623999946 ], [ -62.912282759999982, -64.603369033999968 ], [ -62.986511866999933, -64.622056855999972 ], [ -63.086860456999943, -64.621342683999956 ], [ -63.06809614499997, -64.633534529999963 ], [ -63.083578774999978, -64.637797711999951 ], [ -63.068500347999986, -64.640037809999967 ], [ -63.076444788999936, -64.648761357999945 ], [ -63.106733988999963, -64.644648607999954 ], [ -63.10735641399998, -64.632848364999973 ], [ -63.177283584999941, -64.647588642999949 ], [ -63.196351221999976, -64.661274052999943 ], [ -63.176694488999942, -64.669750072999932 ], [ -63.181617010999958, -64.680512719999967 ], [ -63.276097363999952, -64.708077144999947 ], [ -63.290423358999988, -64.724859828999968 ], [ -63.279885057999934, -64.728912053999977 ], [ -63.321338224999977, -64.739173559999983 ], [ -63.343703646999984, -64.768462255999964 ], [ -63.417966890999935, -64.76376679599997 ], [ -63.403329481999947, -64.744582891999983 ], [ -63.432414471999948, -64.721018681999965 ], [ -63.415499976999968, -64.704426935999948 ], [ -63.471629336999968, -64.699271108999937 ], [ -63.498587517999965, -64.715199974999962 ], [ -63.495281832999979, -64.73015242699995 ], [ -63.582278884999937, -64.746308495999983 ], [ -63.508901836999939, -64.761070639999957 ], [ -63.562015540999937, -64.766834226999947 ], [ -63.57445772899996, -64.785501349999947 ], [ -63.634807457999955, -64.801936721999937 ], [ -63.641218686999935, -64.82429052599997 ], [ -63.665898512999945, -64.828698408999969 ], [ -63.659970182999984, -64.840161320999982 ], [ -63.701143770999977, -64.856996316999982 ], [ -63.732788438999933, -64.845714408999982 ], [ -63.715198446999977, -64.836878531999957 ], [ -63.768176358999938, -64.822712035999984 ], [ -63.740145587999962, -64.816552531999946 ], [ -63.761616926999977, -64.806778295999948 ], [ -63.784037235999961, -64.806279254999936 ], [ -63.760903520999932, -64.803201111999954 ], [ -63.779892557999972, -64.786799787999939 ], [ -63.950425475999964, -64.786468845999934 ], [ -63.983737103999943, -64.76969311199997 ], [ -64.00737529099996, -64.779069449999952 ], [ -64.062305097999968, -64.77853967599998 ], [ -64.028059651999968, -64.771630197999968 ], [ -64.08111699799997, -64.755009127999983 ], [ -64.065750333999972, -64.753801657999986 ], [ -64.081172980999952, -64.749068283999975 ], [ -64.075338282999951, -64.737775524999961 ], [ -64.13138229599997, -64.706469127999981 ], [ -64.195862020999982, -64.721773078999945 ], [ -64.277787700999966, -64.717523966999977 ], [ -64.30317617299994, -64.706967050999936 ], [ -64.277075776999936, -64.705295358999933 ], [ -64.300253740999949, -64.686296659999982 ], [ -64.231848714999956, -64.683279007999943 ], [ -64.25575394599997, -64.67312018299998 ], [ -64.230292399999939, -64.670150095999986 ], [ -64.253163446999963, -64.659072347999938 ], [ -64.19637045099995, -64.651945058999956 ], [ -64.186839764999945, -64.622009779999985 ], [ -64.203699873999938, -64.590011961999949 ], [ -64.16649863899994, -64.588301328999933 ], [ -64.123998433999986, -64.572824714999967 ], [ -64.137495648999959, -64.565908788999934 ], [ -64.028882847999967, -64.542745578999984 ], [ -63.896112336999977, -64.539385881999976 ], [ -63.854701430999967, -64.508866759999933 ], [ -63.887848251999969, -64.495520986999963 ], [ -63.890285485999982, -64.477536866999969 ], [ -63.938498678999963, -64.473884091999935 ], [ -63.929173498999944, -64.468583106999972 ], [ -63.940776673999949, -64.458687563999945 ], [ -63.889507350999963, -64.457705510999972 ], [ -63.905860841999981, -64.450321538999958 ], [ -63.806971187999977, -64.427322861999983 ], [ -63.791235516999961, -64.433463456999959 ], [ -63.799895939999942, -64.450108236999938 ], [ -63.752292790999945, -64.454704531999937 ], [ -63.665938844999971, -64.422561971999983 ], [ -63.662077591999946, -64.405145866999987 ], [ -63.688295815999936, -64.404622062999977 ], [ -63.665222828999958, -64.402868120999983 ], [ -63.682874715999958, -64.400791185999935 ], [ -63.66657679399998, -64.379495602999953 ], [ -63.640501947999951, -64.378117835999944 ], [ -63.655208542999958, -64.367483179999965 ], [ -63.63406867599997, -64.355759907999982 ], [ -63.692965860999948, -64.348692063999977 ], [ -63.674282829999981, -64.344033162999949 ], [ -63.691474675999984, -64.333824270999969 ], [ -63.673445135999941, -64.336384945999953 ], [ -63.678769079999938, -64.318002871999965 ], [ -63.650759952999977, -64.328074708999964 ], [ -63.532268096999985, -64.316773567999974 ], [ -63.530061907999936, -64.301772243999949 ], [ -63.579672880999965, -64.266912030999947 ], [ -63.437932651999972, -64.250383888999977 ], [ -63.346514100999968, -64.257872367999937 ] ] ], [ [ [ -63.523248904999946, -64.247966749999932 ], [ -63.511757032999981, -64.243229907999932 ], [ -63.504334588999939, -64.247946962999947 ], [ -63.523248904999946, -64.247966749999932 ] ] ], [ [ [ -63.339127707999978, -64.244547015999956 ], [ -63.336505554999974, -64.240448140999945 ], [ -63.334535132999974, -64.241566537999972 ], [ -63.339127707999978, -64.244547015999956 ] ] ], [ [ [ -63.482706852999968, -64.240225756999962 ], [ -63.463848944999938, -64.240592098999969 ], [ -63.472817453999937, -64.243146903999957 ], [ -63.482706852999968, -64.240225756999962 ] ] ], [ [ [ -63.363708601999974, -64.238286675999973 ], [ -63.351071168999965, -64.238126802999943 ], [ -63.355815099999973, -64.24339631099997 ], [ -63.363708601999974, -64.238286675999973 ] ] ], [ [ [ -62.001642861999983, -64.235799682999982 ], [ -62.036561824999978, -64.275973886999964 ], [ -62.101413195999953, -64.283505507999962 ], [ -62.066036175999955, -64.259468101999971 ], [ -62.001642861999983, -64.235799682999982 ] ] ], [ [ [ -61.132235650999974, -64.242612892999944 ], [ -61.124307776999956, -64.234896183999979 ], [ -61.115407036999954, -64.239225824999949 ], [ -61.132235650999974, -64.242612892999944 ] ] ], [ [ [ -63.477475394999942, -64.232668460999946 ], [ -63.480169847999946, -64.228838327999938 ], [ -63.468366130999982, -64.229274233999945 ], [ -63.477475394999942, -64.232668460999946 ] ] ], [ [ [ -56.616271667999968, -64.210057280999933 ], [ -56.583263915999964, -64.228322759999969 ], [ -56.586798882999972, -64.24297932099995 ], [ -56.658455028999981, -64.265369208999971 ], [ -56.707458882999958, -64.307662147999963 ], [ -56.903473435999956, -64.320313748999979 ], [ -56.85989673499995, -64.300782044999949 ], [ -56.800786985999935, -64.24193532399994 ], [ -56.714732353999977, -64.256287418999932 ], [ -56.616271667999968, -64.210057280999933 ] ] ], [ [ [ -56.822066048999943, -64.203121929999952 ], [ -56.853856123999947, -64.210682228999985 ], [ -56.858468761999973, -64.197236928999985 ], [ -56.829858793999961, -64.191698757999973 ], [ -56.822066048999943, -64.203121929999952 ] ] ], [ [ [ -58.385158631999957, -64.195227659999944 ], [ -58.402689919999943, -64.210854741999981 ], [ -58.407817489999957, -64.211126263999972 ], [ -58.407947002999947, -64.187164457999984 ], [ -58.385158631999957, -64.195227659999944 ] ] ], [ [ [ -61.011159955999972, -64.177536004999979 ], [ -60.983012674999941, -64.198452596999971 ], [ -61.04235575499996, -64.203914184999974 ], [ -61.057445800999972, -64.192284091999966 ], [ -61.011159955999972, -64.177536004999979 ] ] ], [ [ [ -61.037353433999954, -64.166072000999975 ], [ -61.024917139999957, -64.165206120999983 ], [ -61.023892770999964, -64.166802768999958 ], [ -61.037353433999954, -64.166072000999975 ] ] ], [ [ [ -61.123733504999961, -64.167729989999941 ], [ -61.106425528999978, -64.166748661999975 ], [ -61.083258957999988, -64.173847768999963 ], [ -61.123733504999961, -64.167729989999941 ] ] ], [ [ [ -61.628170524999973, -64.143809415999954 ], [ -61.623336808999966, -64.14985317299994 ], [ -61.629314622999971, -64.153127735999988 ], [ -61.628170524999973, -64.143809415999954 ] ] ], [ [ [ -60.990876293999975, -64.142162225999982 ], [ -60.981484587999944, -64.143449689999954 ], [ -60.989457481999978, -64.144426537999948 ], [ -60.990876293999975, -64.142162225999982 ] ] ], [ [ [ -61.986685493999971, -64.118723571999965 ], [ -61.995026247999988, -64.125521381999988 ], [ -62.012786205999987, -64.124016994999977 ], [ -62.003758148999964, -64.119085290999976 ], [ -61.986685493999971, -64.118723571999965 ] ] ], [ [ [ -61.713167077999969, -64.092513896999947 ], [ -61.699547071999973, -64.102642257999946 ], [ -61.716184443999964, -64.115692907999971 ], [ -61.673307457999954, -64.113471678999986 ], [ -61.682128167999963, -64.131100799999956 ], [ -61.658111979999944, -64.144901683999933 ], [ -61.671181781999962, -64.165777143999946 ], [ -61.660700450999968, -64.171488469999986 ], [ -61.719032236999965, -64.174055104999979 ], [ -61.737750688999938, -64.166218041999969 ], [ -61.725948095999968, -64.152898076999975 ], [ -61.762239014999977, -64.152570933999982 ], [ -61.739535874999945, -64.150966326999935 ], [ -61.748418261999973, -64.136552557999948 ], [ -61.727271787999939, -64.12643924799994 ], [ -61.756302663999975, -64.118505515999971 ], [ -61.713167077999969, -64.092513896999947 ] ] ], [ [ [ -62.110377592999953, -64.108969032999937 ], [ -62.044099917999972, -64.093913885999939 ], [ -62.054516285999966, -64.102238059999934 ], [ -62.038415578999945, -64.101862127999937 ], [ -62.110377592999953, -64.108969032999937 ] ] ], [ [ [ -61.605900390999977, -64.084962096999959 ], [ -61.601918980999983, -64.085071255999935 ], [ -61.59600328199997, -64.086935467999979 ], [ -61.605900390999977, -64.084962096999959 ] ] ], [ [ [ -61.275025771999935, -64.045734451999976 ], [ -61.270068415999958, -64.052430650999952 ], [ -61.281340101999945, -64.048336518999974 ], [ -61.275025771999935, -64.045734451999976 ] ] ], [ [ [ -61.020682941999951, -64.045633815999963 ], [ -61.008968946999971, -64.045849321999981 ], [ -61.022630532999983, -64.047234725999942 ], [ -61.020682941999951, -64.045633815999963 ] ] ], [ [ [ -60.869232670999963, -64.03932464899998 ], [ -60.861727359999975, -64.043013533999954 ], [ -60.876243356999964, -64.040535617999979 ], [ -60.869232670999963, -64.03932464899998 ] ] ], [ [ [ -62.582741437999971, -64.033704452999984 ], [ -62.569198591999964, -64.033175041999982 ], [ -62.568037215999937, -64.034809750999955 ], [ -62.573447786999964, -64.035910249999972 ], [ -62.582741437999971, -64.033704452999984 ] ] ], [ [ [ -60.830901639999979, -64.021092389999978 ], [ -60.821000682999966, -64.017745141999967 ], [ -60.81691632899998, -64.020194222999976 ], [ -60.830901639999979, -64.021092389999978 ] ] ], [ [ [ -62.471649, -64.007457709999983 ], [ -62.267089410999972, -64.030226269999957 ], [ -62.292740163999952, -64.054137553999965 ], [ -62.259864768999932, -64.062651661999951 ], [ -62.287931746999959, -64.077356205999934 ], [ -62.286303904999954, -64.095349048999935 ], [ -62.178018589999965, -64.122042690999933 ], [ -62.098267285999952, -64.120715644999962 ], [ -62.088128566999956, -64.13864130099995 ], [ -61.99134900699994, -64.143780356999969 ], [ -62.055687120999949, -64.164158426999961 ], [ -62.08524476599996, -64.15217722999995 ], [ -62.211068010999952, -64.176569299999983 ], [ -62.153198157999952, -64.194503983999937 ], [ -62.094798191999985, -64.185408334999977 ], [ -62.098871363999933, -64.197878123999942 ], [ -62.066375478999987, -64.195199273999947 ], [ -62.090350960999956, -64.212795024999934 ], [ -62.046534837999957, -64.214695242999937 ], [ -62.11126091899996, -64.263896878999958 ], [ -62.207390840999949, -64.292579597999975 ], [ -62.21496160199996, -64.306397292999975 ], [ -62.182850472999974, -64.312364796999987 ], [ -62.21409314899995, -64.352131325999949 ], [ -62.169394486999977, -64.364835127999982 ], [ -62.21654452699994, -64.372198603999948 ], [ -62.228696201999981, -64.393124641999975 ], [ -62.274858319999964, -64.395517242999972 ], [ -62.253138458999956, -64.374501143999964 ], [ -62.264922969999986, -64.37138768899996 ], [ -62.341248314999973, -64.401655016999939 ], [ -62.314477202999967, -64.410083216999965 ], [ -62.327978237999957, -64.443296257999975 ], [ -62.370396624999955, -64.436369902999957 ], [ -62.389400457999955, -64.448805733999961 ], [ -62.367302646999974, -64.459899373999974 ], [ -62.419602599999962, -64.479691404999983 ], [ -62.459055875999979, -64.468518222999933 ], [ -62.446638002999975, -64.486014619999935 ], [ -62.456685012999969, -64.496889135999936 ], [ -62.513718930999971, -64.472522802999947 ], [ -62.48560897599998, -64.457306519999975 ], [ -62.539567556999941, -64.452257457999963 ], [ -62.559321119999936, -64.473891476999938 ], [ -62.539677281999957, -64.479633451999973 ], [ -62.570909225999969, -64.488833668999973 ], [ -62.551959462999946, -64.496685611999965 ], [ -62.601524064999978, -64.510354070999938 ], [ -62.582523630999958, -64.512796019999939 ], [ -62.602498199999957, -64.530316031999973 ], [ -62.675053170999945, -64.49053407599996 ], [ -62.785454983999955, -64.494532539999966 ], [ -62.792425092999963, -64.483144490999962 ], [ -62.755616130999954, -64.48354987099998 ], [ -62.767588069999988, -64.466937123999969 ], [ -62.700921862999962, -64.465031499999952 ], [ -62.705388556999935, -64.481624718999967 ], [ -62.691912189999982, -64.483004218999952 ], [ -62.702696011999933, -64.490145273999985 ], [ -62.663550446999977, -64.479865614999937 ], [ -62.657506106999961, -64.461580300999969 ], [ -62.586078528999963, -64.453357753999967 ], [ -62.648513873999946, -64.444704471999955 ], [ -62.685939901999973, -64.405659825999976 ], [ -62.653599258999975, -64.384333176999974 ], [ -62.600005582999984, -64.381142671999953 ], [ -62.630167760999939, -64.369905716999938 ], [ -62.58271235899997, -64.356669655999951 ], [ -62.575993714999981, -64.318846551999968 ], [ -62.528054815999951, -64.307247946999951 ], [ -62.536294859999941, -64.290500234999968 ], [ -62.516820330999963, -64.278971087999935 ], [ -62.526644276999946, -64.259165869999947 ], [ -62.484523856999942, -64.261373459999959 ], [ -62.484079339999937, -64.241676692999988 ], [ -62.448124102999941, -64.212660386999971 ], [ -62.489803853999945, -64.214216157999942 ], [ -62.509218157999953, -64.199730402999933 ], [ -62.539753306999955, -64.20872658199994 ], [ -62.533071479999933, -64.193058662999988 ], [ -62.575643143999969, -64.171690372999933 ], [ -62.577334352999969, -64.150219188999984 ], [ -62.615664137999943, -64.14314462599998 ], [ -62.602109412999937, -64.13184778699997 ], [ -62.620859562999954, -64.120467819999988 ], [ -62.483960142999933, -64.099253166999972 ], [ -62.536550615999943, -64.075405845999967 ], [ -62.524265084999968, -64.063217798999972 ], [ -62.575781983999946, -64.057505915999968 ], [ -62.56319945499996, -64.048896593999984 ], [ -62.577810402999944, -64.039931622999973 ], [ -62.471579245999976, -64.027117165999982 ], [ -62.482893769999976, -64.012050540999951 ], [ -62.471649, -64.007457709999983 ] ] ], [ [ [ -61.45129873999997, -64.002269041999966 ], [ -61.442841061999957, -64.01484714999998 ], [ -61.454812793999963, -64.024574252999969 ], [ -61.469834215999981, -64.01250711199998 ], [ -61.45129873999997, -64.002269041999966 ] ] ], [ [ [ -61.492812527999945, -64.000038107999956 ], [ -61.484971769999959, -64.00086074099994 ], [ -61.49351724099995, -64.000478173999966 ], [ -61.492812527999945, -64.000038107999956 ] ] ], [ [ [ -61.483036377999952, -63.99996419699994 ], [ -61.482867662999979, -64.000005438999949 ], [ -61.483326451999972, -64.000005322999982 ], [ -61.483036377999952, -63.99996419699994 ] ] ], [ [ [ -61.485435550999966, -63.991591589999985 ], [ -61.478689135999957, -63.998017727999979 ], [ -61.492796346999967, -64.000002560999974 ], [ -61.485435550999966, -63.991591589999985 ] ] ], [ [ [ -57.412235376999945, -63.984432328999958 ], [ -57.395633734999933, -63.987294848999966 ], [ -57.423537611999961, -63.988138829999968 ], [ -57.412235376999945, -63.984432328999958 ] ] ], [ [ [ -58.640965113999982, -63.975206573999969 ], [ -58.637535407999962, -63.979642591999948 ], [ -58.647526102999961, -63.977590822999957 ], [ -58.640965113999982, -63.975206573999969 ] ] ], [ [ [ -61.945075809999935, -63.971897076999937 ], [ -61.940297237999971, -63.969683459999942 ], [ -61.935035765999942, -63.970305363999955 ], [ -61.945075809999935, -63.971897076999937 ] ] ], [ [ [ -61.436855993999984, -63.969316139999933 ], [ -61.430738685999984, -63.973003301999938 ], [ -61.438766063999935, -63.970928101999959 ], [ -61.436855993999984, -63.969316139999933 ] ] ], [ [ [ -61.843243319999942, -63.960786719999987 ], [ -61.78667975999997, -63.968884379999963 ], [ -61.823310839999976, -63.982045169999935 ], [ -61.849236959999985, -64.013291819999949 ], [ -61.892272439999942, -64.017261719999965 ], [ -61.875151199999948, -64.023721559999956 ], [ -61.888511519999952, -64.03633973999996 ], [ -61.935940439999968, -64.042337069999974 ], [ -61.904042639999943, -64.05570242999994 ], [ -61.958958479999978, -64.061572679999983 ], [ -61.975874879999935, -64.085145839999939 ], [ -61.96417667999998, -64.090603529999953 ], [ -62.000828279999951, -64.077058349999959 ], [ -62.05878359999997, -64.08433322999997 ], [ -62.055249119999985, -64.069403579999971 ], [ -62.072120879999943, -64.066184729999975 ], [ -62.027975159999983, -64.046898629999987 ], [ -62.044344, -64.030908599999975 ], [ -61.996842, -64.020699989999969 ], [ -62.033016959999941, -64.016846369999939 ], [ -62.010930959999939, -64.012375979999945 ], [ -62.026326359999985, -64.009259909999969 ], [ -62.024947199999986, -64.007451179999975 ], [ -61.959031919999973, -64.010151809999968 ], [ -61.938842399999942, -64.00019384999996 ], [ -61.959205079999947, -63.99235817999994 ], [ -61.834749479999971, -63.982599479999976 ], [ -61.822320119999972, -63.971776799999986 ], [ -61.840896119999968, -63.969266429999948 ], [ -61.821858239999983, -63.968049899999983 ], [ -61.843243319999942, -63.960786719999987 ] ] ], [ [ [ -61.441275702999974, -63.965064891999987 ], [ -61.423333545999981, -63.960019410999962 ], [ -61.424893894999968, -63.966168933999938 ], [ -61.441275702999974, -63.965064891999987 ] ] ], [ [ [ -60.742110475999937, -63.912388042999964 ], [ -60.731175476999965, -63.915750425999988 ], [ -60.748009589999981, -63.915626571999951 ], [ -60.742110475999937, -63.912388042999964 ] ] ], [ [ [ -61.497001806999947, -63.947243704999948 ], [ -61.390755724999963, -63.913112982999962 ], [ -61.399473360999934, -63.927131199999963 ], [ -61.431891055999984, -63.953614874999971 ], [ -61.497001806999947, -63.947243704999948 ] ] ], [ [ [ -60.799059169999964, -63.90533574799997 ], [ -60.785678522999945, -63.90146386899994 ], [ -60.792159331999983, -63.905338205999954 ], [ -60.799059169999964, -63.90533574799997 ] ] ], [ [ [ -61.378954041999975, -63.891110891999972 ], [ -61.383839050999939, -63.908951051999964 ], [ -61.403592188999937, -63.905521285999953 ], [ -61.39958765199998, -63.898728397999946 ], [ -61.378954041999975, -63.891110891999972 ] ] ], [ [ [ -60.648026423999966, -63.879193989999976 ], [ -60.629917697999986, -63.878863205999949 ], [ -60.621555723999961, -63.885524793999934 ], [ -60.648026423999966, -63.879193989999976 ] ] ], [ [ [ -58.255451480999966, -63.871440707999966 ], [ -58.271572683999977, -63.883026358999984 ], [ -58.276104757999974, -63.879630792999933 ], [ -58.255451480999966, -63.871440707999966 ] ] ], [ [ [ -61.027611995999962, -63.868562736999934 ], [ -61.019271917999959, -63.866573500999948 ], [ -61.010176764999983, -63.866662008999981 ], [ -61.027611995999962, -63.868562736999934 ] ] ], [ [ [ -60.967195051999965, -63.843931573999953 ], [ -60.921792370999981, -63.853926042999944 ], [ -60.987234834999981, -63.862896581999962 ], [ -60.966109348999964, -63.858111158999975 ], [ -60.978574451999975, -63.854212682999957 ], [ -60.967195051999965, -63.843931573999953 ] ] ], [ [ [ -60.972923208999987, -63.838092081999946 ], [ -60.964342920999968, -63.838920636999944 ], [ -60.979413183999952, -63.84210423899998 ], [ -60.972923208999987, -63.838092081999946 ] ] ], [ [ [ -60.798259827999971, -63.806560159999947 ], [ -60.802851272999987, -63.810971732999974 ], [ -60.809635322999952, -63.810475166999936 ], [ -60.798259827999971, -63.806560159999947 ] ] ], [ [ [ -60.795286282999939, -63.803257697999982 ], [ -60.795188977999942, -63.804999762999955 ], [ -60.803625840999985, -63.804382560999954 ], [ -60.795286282999939, -63.803257697999982 ] ] ], [ [ [ -57.303638473999968, -63.798321593999958 ], [ -57.269482789999984, -63.795289008999987 ], [ -57.307564225999954, -63.801626382999984 ], [ -57.303638473999968, -63.798321593999958 ] ] ], [ [ [ -57.338877990999947, -63.785410834999936 ], [ -57.357399676999933, -63.81160618399997 ], [ -57.297893033999969, -63.818937059999939 ], [ -57.212415205999946, -63.801450198999987 ], [ -57.052137309999978, -63.839242462999948 ], [ -57.15701607699998, -63.861036336999973 ], [ -57.16446670299996, -63.879202722999935 ], [ -57.220249217999935, -63.902018556999963 ], [ -57.257919412999968, -63.899596565999957 ], [ -57.259504316999937, -63.868274034999956 ], [ -57.305741041999966, -63.868974762999983 ], [ -57.346994721999977, -63.888795964999986 ], [ -57.330973640999957, -63.927106397999978 ], [ -57.344321729999933, -63.933358002999967 ], [ -57.34423467299996, -63.91027956399995 ], [ -57.431918694999979, -63.874808489999964 ], [ -57.547750820999966, -63.884955444999946 ], [ -57.62291341599996, -63.90866263099997 ], [ -57.619934582999974, -63.885942998999951 ], [ -57.641347620999966, -63.861789082999962 ], [ -57.625795499999981, -63.850155959999938 ], [ -57.706028953999976, -63.819141703999946 ], [ -57.659551750999981, -63.79196965899996 ], [ -57.605052417999957, -63.811692777999951 ], [ -57.585168971999963, -63.796521586999972 ], [ -57.338877990999947, -63.785410834999936 ] ] ], [ [ [ -57.779881136999961, -63.783431968999935 ], [ -57.806013066999981, -63.800266905999933 ], [ -57.813122644999964, -63.827916296999945 ], [ -57.785612329999935, -63.84673298499996 ], [ -57.767912231999958, -63.896258031999935 ], [ -57.834962231999953, -63.919891542999949 ], [ -57.80123509799995, -63.934982150999986 ], [ -57.880834869999944, -63.974100885999974 ], [ -57.810500975999958, -63.993767899999966 ], [ -57.829507160999981, -64.022256904999949 ], [ -57.816842136999981, -64.047132166999972 ], [ -57.867902598999933, -64.075371857999983 ], [ -57.813445458999979, -64.089681321999933 ], [ -57.699080511999966, -64.076138869999966 ], [ -57.698806267999942, -64.042861282999979 ], [ -57.685670663999986, -64.038941762999968 ], [ -57.742704083999968, -64.036520393999979 ], [ -57.746922401999939, -64.021886157999973 ], [ -57.703635279999958, -64.004269624999949 ], [ -57.676330907999954, -64.013946676999979 ], [ -57.66517302699998, -64.005288886999949 ], [ -57.678248890999953, -63.996531582999978 ], [ -57.583300286999986, -63.975777253999979 ], [ -57.554315715999962, -63.942939818999946 ], [ -57.472934694999935, -63.912778130999982 ], [ -57.451019671999973, -63.91415931399996 ], [ -57.516468199999963, -63.948740465999947 ], [ -57.477247649999981, -63.964720276999969 ], [ -57.519446085999959, -63.989952640999945 ], [ -57.489666248999981, -63.998746199999971 ], [ -57.512297218999947, -64.022756232999939 ], [ -57.383457248999946, -64.049706216999937 ], [ -57.366226021999978, -64.065494232999981 ], [ -57.29444413899995, -64.045547479999982 ], [ -57.292930755999976, -64.072559446999946 ], [ -57.25304848899998, -64.061977344999946 ], [ -57.173404957999935, -64.071768943999984 ], [ -57.137102856999945, -64.08610263199995 ], [ -57.187336666999954, -64.129988364999974 ], [ -57.257667354999967, -64.137567048999983 ], [ -57.253859658999943, -64.153527802999974 ], [ -57.220126430999983, -64.164849280999988 ], [ -57.086171010999976, -64.154853530999958 ], [ -57.062692617999971, -64.163602326999978 ], [ -57.066613212999982, -64.177909413999942 ], [ -57.161673153999971, -64.220472459999939 ], [ -57.232546571999933, -64.211699431999932 ], [ -57.273704025999962, -64.241496186999939 ], [ -57.326541783999971, -64.241043651999973 ], [ -57.33610979499997, -64.254236375999938 ], [ -57.30187545299998, -64.270588395999937 ], [ -57.31722956599998, -64.278326134999986 ], [ -57.416275145999975, -64.28414575499994 ], [ -57.38570890799997, -64.313261926999985 ], [ -57.295809432999931, -64.34351243499998 ], [ -57.283128579999982, -64.359581630999969 ], [ -57.319658537999942, -64.383711133999952 ], [ -57.433920780999983, -64.387155180999969 ], [ -57.468907592999983, -64.363815484999975 ], [ -57.507175167999947, -64.379936637999947 ], [ -57.518581878999953, -64.355433145999939 ], [ -57.556281040999977, -64.343779242999972 ], [ -57.714901772999951, -64.396973504999949 ], [ -57.731632416999958, -64.340981641999974 ], [ -57.80006055299998, -64.318292809999946 ], [ -57.828152986999953, -64.323357473999977 ], [ -57.809664072999965, -64.384233474999974 ], [ -57.830582749999962, -64.394450562999964 ], [ -57.828805055999965, -64.408653418999961 ], [ -57.870092463999981, -64.423802131999935 ], [ -57.925502664999954, -64.419133815999942 ], [ -57.919417802999988, -64.43844867699994 ], [ -57.982810748999952, -64.450441211999987 ], [ -58.000449066999977, -64.427611958999933 ], [ -58.040372115999958, -64.418693366999946 ], [ -57.973375929999975, -64.36820709899996 ], [ -58.00185494599998, -64.356255428999987 ], [ -57.996432488999972, -64.34187475799996 ], [ -58.010658874999933, -64.334794730999988 ], [ -58.04611558299996, -64.335514530999944 ], [ -58.139788750999969, -64.398962519999941 ], [ -58.135196464999979, -64.379707400999962 ], [ -58.153217054999971, -64.369531686999949 ], [ -58.228293730999951, -64.385735205999936 ], [ -58.226539865999939, -64.354169369999966 ], [ -58.309366993999959, -64.318543500999965 ], [ -58.219234636999943, -64.280156614999953 ], [ -58.159343511999964, -64.27909137599994 ], [ -58.159267940999939, -64.258942321999939 ], [ -58.033857916999978, -64.237582796999959 ], [ -58.179707109999981, -64.217121389999932 ], [ -58.187620728999946, -64.186910906999969 ], [ -58.136713943999951, -64.133564950999983 ], [ -58.04045395299994, -64.124776556999961 ], [ -58.043740828999944, -64.111689636999984 ], [ -58.020325148999973, -64.098548888999971 ], [ -58.041781829999934, -64.089421139999956 ], [ -58.020546317999958, -64.076292633999969 ], [ -58.074216249999949, -64.064907108999932 ], [ -58.259039476999988, -64.084148822999964 ], [ -58.278180494999958, -64.115282739999941 ], [ -58.333847277999951, -64.146431962999941 ], [ -58.453194465999957, -64.131711633999942 ], [ -58.45190617999998, -64.11147962299998 ], [ -58.412929360999954, -64.108859398999982 ], [ -58.458122718999959, -64.091809516999945 ], [ -58.449621759999957, -64.06903654599995 ], [ -58.437240625999948, -64.057861421999974 ], [ -58.40187280899994, -64.065698845999975 ], [ -58.39481632199994, -64.048342693999984 ], [ -58.415169706999961, -64.037311798999951 ], [ -58.366083574999948, -63.998493070999984 ], [ -58.321486594999953, -63.989082517999975 ], [ -58.283113599999979, -64.006532031999939 ], [ -58.163159011999937, -63.978239822999967 ], [ -58.329631930999938, -63.955525614999942 ], [ -58.299004148999984, -63.907281917999967 ], [ -58.289918500999931, -63.919468232999975 ], [ -58.237565064999956, -63.918028112999934 ], [ -58.231399343999954, -63.899721554999985 ], [ -58.18455307399995, -63.88109620299997 ], [ -58.14864623699998, -63.913988604999986 ], [ -58.09591452899997, -63.906011031999981 ], [ -58.114294680999933, -63.858251073999952 ], [ -58.018436797999982, -63.832926670999939 ], [ -57.965492146999964, -63.86282919699994 ], [ -57.936281405999978, -63.841005924999934 ], [ -57.965109797999958, -63.806151436999983 ], [ -57.779881136999961, -63.783431968999935 ] ] ], [ [ [ -58.165574543999981, -63.754109554999957 ], [ -58.238748517999966, -63.78866176799994 ], [ -58.256313856999952, -63.788010673999963 ], [ -58.213892335999958, -63.766291118999959 ], [ -58.165574543999981, -63.754109554999957 ] ] ], [ [ [ -61.772269123999934, -63.72433646099995 ], [ -61.765369273999966, -63.727330083999959 ], [ -61.775664039999981, -63.728407383999979 ], [ -61.772269123999934, -63.72433646099995 ] ] ], [ [ [ -57.647899148999954, -63.724200209999935 ], [ -57.635811889999957, -63.72626046299996 ], [ -57.646991642999978, -63.729241521999938 ], [ -57.647899148999954, -63.724200209999935 ] ] ], [ [ [ -61.800765823999939, -63.721850263999954 ], [ -61.775690957999984, -63.726152186999968 ], [ -61.819414326999947, -63.729683117999969 ], [ -61.800765823999939, -63.721850263999954 ] ] ], [ [ [ -57.902936010999952, -63.724131469999975 ], [ -57.857551508999961, -63.726285821999966 ], [ -57.881542258999957, -63.736864530999981 ], [ -57.902936010999952, -63.724131469999975 ] ] ], [ [ [ -61.713572227999975, -63.711225924999951 ], [ -61.625383171999943, -63.730232625999975 ], [ -61.611089730999936, -63.775667142999964 ], [ -61.662763489999975, -63.815274001999967 ], [ -61.677991969999937, -63.815319722999959 ], [ -61.694888915999968, -63.803159852999954 ], [ -61.672229874999971, -63.791038840999988 ], [ -61.727145461999953, -63.773224024999934 ], [ -61.717231455999979, -63.758416574999956 ], [ -61.735641885999939, -63.750264829999935 ], [ -61.721027874999947, -63.743201828999986 ], [ -61.766050333999942, -63.726759792999985 ], [ -61.713572227999975, -63.711225924999951 ] ] ], [ [ [ -57.51458122799994, -63.695396632999973 ], [ -57.489221355999973, -63.714106446999949 ], [ -57.527038868999966, -63.726583840999979 ], [ -57.595083327999987, -63.717032983999957 ], [ -57.51458122799994, -63.695396632999973 ] ] ], [ [ [ -60.841524923999941, -63.67667778699996 ], [ -60.822242768999956, -63.675915676999978 ], [ -60.839533032999952, -63.678367364999986 ], [ -60.841524923999941, -63.67667778699996 ] ] ], [ [ [ -60.786818985999957, -63.667397105999953 ], [ -60.711650650999957, -63.702703164999946 ], [ -60.579200119999939, -63.689072679999981 ], [ -60.557480832999943, -63.702940586999944 ], [ -60.619433366999942, -63.725495081999952 ], [ -60.608608403999938, -63.734884800999964 ], [ -60.629756061999956, -63.749793697999962 ], [ -60.665736342999935, -63.752240560999951 ], [ -60.646824820999939, -63.756499444999974 ], [ -60.671542531999933, -63.772011412999973 ], [ -60.653362395999977, -63.781862908999983 ], [ -60.68829660199998, -63.788701001999982 ], [ -60.689469505999966, -63.809135620999939 ], [ -60.707690571999933, -63.815655125999967 ], [ -60.627514504999965, -63.860091455999964 ], [ -60.731576021999956, -63.890599680999969 ], [ -60.734078032999946, -63.907694866999975 ], [ -60.758540273999984, -63.910026515999959 ], [ -60.749499844999946, -63.886651882999956 ], [ -60.799667957999986, -63.892021022999984 ], [ -60.820026671999983, -63.904075344999967 ], [ -60.806914421999977, -63.921546313999954 ], [ -60.846850026999959, -63.903452141999935 ], [ -60.891929230999949, -63.908990475999985 ], [ -60.904173495999942, -63.899502016999975 ], [ -60.858278052999935, -63.879101012999968 ], [ -60.865580718999979, -63.862796648999961 ], [ -60.889706011999976, -63.867659197999956 ], [ -60.899497407999945, -63.852718082999957 ], [ -60.920732509999937, -63.857692359999987 ], [ -60.91416862799997, -63.849739357999965 ], [ -60.844673849999936, -63.826979901999948 ], [ -60.795593702999952, -63.838851195999951 ], [ -60.767056929999967, -63.823440169999969 ], [ -60.774102359999972, -63.804778687999942 ], [ -60.811738375999937, -63.787647838999987 ], [ -60.805875144999959, -63.753095031999976 ], [ -60.715474520999976, -63.756813588999933 ], [ -60.679539219999981, -63.727083101999938 ], [ -60.792571781999982, -63.725414321999949 ], [ -60.773807590999979, -63.709514894999984 ], [ -60.803369001999954, -63.701211391999948 ], [ -60.779624227999932, -63.682906697999954 ], [ -60.820599891999962, -63.675764391999962 ], [ -60.786818985999957, -63.667397105999953 ] ] ], [ [ [ -57.701412951999941, -63.663995871999987 ], [ -57.67940230499994, -63.679400674999954 ], [ -57.737037261999944, -63.673897886999953 ], [ -57.732272423999973, -63.670471672999952 ], [ -57.701412951999941, -63.663995871999987 ] ] ], [ [ [ -57.607428832999972, -63.662358005999977 ], [ -57.609598051999967, -63.678725893999967 ], [ -57.651032026999985, -63.672416917999954 ], [ -57.642338001999974, -63.66554360799995 ], [ -57.607428832999972, -63.662358005999977 ] ] ], [ [ [ -59.011874108999962, -63.661881267999945 ], [ -59.010134936999975, -63.659636128999978 ], [ -59.005925588999958, -63.662479891999965 ], [ -59.011874108999962, -63.661881267999945 ] ] ], [ [ [ -59.046789033999971, -63.634200881999959 ], [ -59.022061031999954, -63.637500749999958 ], [ -59.028042765999942, -63.65577880099994 ], [ -59.041261705999943, -63.65727983499994 ], [ -59.031997604999958, -63.647995080999976 ], [ -59.046789033999971, -63.634200881999959 ] ] ], [ [ [ -57.523711752999986, -63.627106856999944 ], [ -57.409800178999944, -63.627660548999984 ], [ -57.419247481999946, -63.660613170999966 ], [ -57.458418192999943, -63.692676070999937 ], [ -57.538116142999968, -63.689789643999973 ], [ -57.532770274999962, -63.66422339099995 ], [ -57.578793286999939, -63.643346937999979 ], [ -57.523711752999986, -63.627106856999944 ] ] ], [ [ [ -59.856853972999943, -63.61293270799996 ], [ -59.82797308399995, -63.61107130299996 ], [ -59.84299651799995, -63.615199738999934 ], [ -59.856853972999943, -63.61293270799996 ] ] ], [ [ [ -57.404809814999965, -63.61445338599998 ], [ -57.314658803999976, -63.612050184999987 ], [ -57.283244626999931, -63.633525255999984 ], [ -57.286708988999976, -63.645824106999953 ], [ -57.306609182999978, -63.64786791399996 ], [ -57.332755411999983, -63.613724506999972 ], [ -57.404809814999965, -63.61445338599998 ] ] ], [ [ [ -55.772512466999956, -63.57232860199997 ], [ -55.778881572999978, -63.586950259999981 ], [ -55.810164954999948, -63.580542387999969 ], [ -55.801757030999966, -63.574390097999981 ], [ -55.772512466999956, -63.57232860199997 ] ] ], [ [ [ -56.311617673999933, -63.562017054999956 ], [ -56.279849743999932, -63.561818973999948 ], [ -56.290363965999973, -63.570583861999978 ], [ -56.311617673999933, -63.562017054999956 ] ] ], [ [ [ -56.557546843999944, -63.554212060999987 ], [ -56.453244564999977, -63.564698232999945 ], [ -56.499628024999936, -63.572118968999973 ], [ -56.521437067999955, -63.606368370999974 ], [ -56.561934411999971, -63.618686589999982 ], [ -56.691598345999978, -63.611824009999964 ], [ -56.689975456999946, -63.577277841999944 ], [ -56.557546843999944, -63.554212060999987 ] ] ], [ [ [ -59.842448072999957, -63.542253273999961 ], [ -59.795402599999932, -63.552596712999957 ], [ -59.786630249999973, -63.571520952999947 ], [ -59.806747024999936, -63.575207325999941 ], [ -59.770102191999968, -63.585498634999965 ], [ -59.835440283999958, -63.607432313999936 ], [ -59.849598546999971, -63.590005899999937 ], [ -59.876815647999933, -63.590561633999982 ], [ -59.876063045999956, -63.56296109699997 ], [ -59.834842877999961, -63.557058516999973 ], [ -59.842448072999957, -63.542253273999961 ] ] ], [ [ [ -56.726550648999932, -63.531719696999971 ], [ -56.64865810699996, -63.536860477999937 ], [ -56.64804302899995, -63.551836349999974 ], [ -56.728528450999931, -63.546938887999943 ], [ -56.726550648999932, -63.531719696999971 ] ] ], [ [ [ -60.110412660999941, -63.523305586999982 ], [ -60.073674518999951, -63.519184233999965 ], [ -60.100939767999932, -63.525331054999981 ], [ -60.110412660999941, -63.523305586999982 ] ] ], [ [ [ -55.709673348999956, -63.494387570999947 ], [ -55.704252992999955, -63.49870851999998 ], [ -55.713338560999944, -63.501511711999967 ], [ -55.709673348999956, -63.494387570999947 ] ] ], [ [ [ -55.694837404999987, -63.490063186999976 ], [ -55.692934843999979, -63.495886368999948 ], [ -55.700972100999934, -63.496511853999948 ], [ -55.694837404999987, -63.490063186999976 ] ] ], [ [ [ -54.78275150099995, -63.487556895999944 ], [ -54.790222141999948, -63.489403686999935 ], [ -54.791202054999985, -63.486811332999935 ], [ -54.78275150099995, -63.487556895999944 ] ] ], [ [ [ -54.679777054999931, -63.434024018999935 ], [ -54.673546878999957, -63.435046880999948 ], [ -54.685008537999977, -63.43349994099998 ], [ -54.679777054999931, -63.434024018999935 ] ] ], [ [ [ -54.741590057999986, -63.441049334999946 ], [ -54.71690111199996, -63.43390412499997 ], [ -54.715650527999969, -63.441538066999954 ], [ -54.741590057999986, -63.441049334999946 ] ] ], [ [ [ -54.677139250999971, -63.417259273999946 ], [ -54.657850838999934, -63.409431703999985 ], [ -54.652324808999936, -63.411725429999933 ], [ -54.677139250999971, -63.417259273999946 ] ] ], [ [ [ -55.97204063199996, -63.39815988099997 ], [ -55.881307034999963, -63.401022196999975 ], [ -55.74005602699998, -63.436680683999953 ], [ -55.716709798999943, -63.466705427999955 ], [ -55.724072981999939, -63.502572862999955 ], [ -55.795387392999942, -63.527723962999971 ], [ -55.882145299999934, -63.531107047999967 ], [ -55.926699796999969, -63.548530403999962 ], [ -55.928627868999968, -63.570999051999934 ], [ -55.949820486999954, -63.586142762999941 ], [ -56.007073654999942, -63.589089279999939 ], [ -56.029614737999964, -63.582190974999946 ], [ -56.038114502999974, -63.566170342999953 ], [ -56.024687408999966, -63.553856407999945 ], [ -56.039003613999967, -63.54499747999995 ], [ -56.145967888999962, -63.538884206999967 ], [ -56.210807177999982, -63.491862970999932 ], [ -56.258413712999982, -63.482360143999983 ], [ -56.205132871999979, -63.469482684999946 ], [ -56.192715222999936, -63.436212305999959 ], [ -55.97204063199996, -63.39815988099997 ] ] ], [ [ [ -54.615381138999965, -63.392037973999948 ], [ -54.600423801999966, -63.39757831299994 ], [ -54.61876209899998, -63.398154251999983 ], [ -54.615381138999965, -63.392037973999948 ] ] ], [ [ [ -54.91693640699998, -63.384182064999948 ], [ -54.909384061999958, -63.387613592999969 ], [ -54.927576429999931, -63.389482083999951 ], [ -54.91693640699998, -63.384182064999948 ] ] ], [ [ [ -58.266941822999968, -63.37415495099998 ], [ -58.252811409999936, -63.37765864499994 ], [ -58.270121187999962, -63.37486606899995 ], [ -58.266941822999968, -63.37415495099998 ] ] ], [ [ [ -58.288446829999941, -63.369167728999969 ], [ -58.282487639999943, -63.371214574999954 ], [ -58.288929243999974, -63.370980171999975 ], [ -58.288446829999941, -63.369167728999969 ] ] ], [ [ [ -58.250593056999946, -63.369175766999945 ], [ -58.241305583999974, -63.367296748999934 ], [ -58.241362569999978, -63.36982368699995 ], [ -58.250593056999946, -63.369175766999945 ] ] ], [ [ [ -58.319929749999972, -63.351752266999938 ], [ -58.313969976999942, -63.354808581999976 ], [ -58.320137984999974, -63.353211004999935 ], [ -58.319929749999972, -63.351752266999938 ] ] ], [ [ [ -58.046629103999976, -63.343590007999978 ], [ -58.045304055999964, -63.342605989999981 ], [ -58.042735023999967, -63.342727481999987 ], [ -58.046629103999976, -63.343590007999978 ] ] ], [ [ [ -57.916400568999961, -63.315184786999964 ], [ -57.908550362999961, -63.314143596999941 ], [ -57.90378592999997, -63.315815765999957 ], [ -57.916400568999961, -63.315184786999964 ] ] ], [ [ [ -57.90911116999996, -63.30073263099996 ], [ -57.896222318999946, -63.303791374999946 ], [ -57.881184139999959, -63.304111877999958 ], [ -57.889659962999986, -63.30588097499998 ], [ -57.90911116999996, -63.30073263099996 ] ] ], [ [ [ -58.677445348999981, -63.288470349999955 ], [ -58.651999935999982, -63.328238883999973 ], [ -58.695658724999987, -63.336548185999959 ], [ -58.709404784999947, -63.329628981999974 ], [ -58.69089123699996, -63.322344246999933 ], [ -58.753404036999939, -63.308427338999934 ], [ -58.677445348999981, -63.288470349999955 ] ] ], [ [ [ -58.688808930999983, -63.287749677999955 ], [ -58.693423928999948, -63.285000916999934 ], [ -58.685423582999931, -63.286352223999984 ], [ -58.688808930999983, -63.287749677999955 ] ] ], [ [ [ -57.505980210999951, -63.23570605599997 ], [ -57.500816159999943, -63.236610521999978 ], [ -57.511983212999951, -63.239160374999983 ], [ -57.505980210999951, -63.23570605599997 ] ] ], [ [ [ -62.210263172999987, -63.230989806999958 ], [ -62.184671325999943, -63.232648463999965 ], [ -62.161448844999939, -63.250870416999987 ], [ -62.171310291999987, -63.260528435999959 ], [ -62.136244258999966, -63.276961937999943 ], [ -62.086675174999982, -63.265410557999985 ], [ -62.084352431999946, -63.250845849999962 ], [ -62.04011845399998, -63.252672186999973 ], [ -62.040135831999976, -63.263914083999964 ], [ -62.005827364999959, -63.268389591999949 ], [ -62.021477007999977, -63.27582969499997 ], [ -61.995796320999943, -63.294759446999933 ], [ -62.006680628999959, -63.300118384999962 ], [ -61.945159414999978, -63.319920067999988 ], [ -62.012066156999936, -63.354222599999957 ], [ -62.081124586999977, -63.337271926999961 ], [ -62.14708819699996, -63.355767967999952 ], [ -62.279907898999966, -63.35440867899996 ], [ -62.233763397999951, -63.327308302999938 ], [ -62.260125626999979, -63.307787137999981 ], [ -62.233138263999933, -63.299472081999966 ], [ -62.247486889999948, -63.300880811999946 ], [ -62.264741063999963, -63.29402536799995 ], [ -62.23606893799996, -63.288308939999979 ], [ -62.268616337999958, -63.273686103999978 ], [ -62.214513527999941, -63.258781685999963 ], [ -62.22808760099997, -63.246944534999955 ], [ -62.203666246999944, -63.241629503999945 ], [ -62.210263172999987, -63.230989806999958 ] ] ], [ [ [ -62.181898454999953, -63.233977144999983 ], [ -62.172904466999967, -63.229923662999965 ], [ -62.171064361999981, -63.232188466999958 ], [ -62.181898454999953, -63.233977144999983 ] ] ], [ [ [ -57.431711549999932, -63.23041705299994 ], [ -57.216907276999962, -63.219733834999943 ], [ -57.035268589999987, -63.264796577999959 ], [ -57.012660563999987, -63.298423466999964 ], [ -57.038234581999973, -63.356540215999985 ], [ -56.980747680999968, -63.373352293999972 ], [ -57.040681798999969, -63.385566669999946 ], [ -57.060627249999982, -63.415162605999967 ], [ -57.000165172999971, -63.392746126999953 ], [ -56.940045694999981, -63.401445032999959 ], [ -56.927265516999967, -63.416333539999982 ], [ -56.934943394999948, -63.436324883999987 ], [ -57.010017250999965, -63.472165010999959 ], [ -56.934660527999938, -63.48574595599996 ], [ -56.925438233999955, -63.513203672999964 ], [ -56.77243612999996, -63.544820763999951 ], [ -56.771685412999943, -63.602729239999974 ], [ -56.835942921999958, -63.642279966999979 ], [ -56.886606767999979, -63.641279108999981 ], [ -56.96330699899994, -63.608483879999937 ], [ -57.000918374999969, -63.61500138699995 ], [ -57.033021405999932, -63.648765880999974 ], [ -57.134878061999984, -63.654391275999956 ], [ -57.162043436999966, -63.631979421999972 ], [ -57.15157944799995, -63.62396634199996 ], [ -57.176545656999963, -63.591848364999976 ], [ -57.094252640999969, -63.549174795999932 ], [ -57.142161906999945, -63.525003778999974 ], [ -57.129182607999951, -63.507592598999963 ], [ -57.149171850999949, -63.496754862999978 ], [ -57.136307231999979, -63.490277986999956 ], [ -57.142982423999968, -63.475070496999933 ], [ -57.324405352999975, -63.481503284999974 ], [ -57.385188639999967, -63.451143937999973 ], [ -57.487824286999967, -63.444625626999937 ], [ -57.490543556999967, -63.463384146999942 ], [ -57.446588046999977, -63.49316627099995 ], [ -57.471350834999953, -63.530839320999974 ], [ -57.370159486999967, -63.541608882999981 ], [ -57.383939916999964, -63.550123113999973 ], [ -57.374966377999954, -63.555320557999949 ], [ -57.620513094999978, -63.561481803999982 ], [ -57.718649649999975, -63.538758486999939 ], [ -57.748152571999981, -63.545300098999974 ], [ -57.740215388999957, -63.581300269999986 ], [ -57.767121866999958, -63.600834264999946 ], [ -57.590609211999947, -63.602961537999988 ], [ -57.639294824999979, -63.624753202999955 ], [ -57.604104888999984, -63.630754922999984 ], [ -57.700711368999976, -63.625111531999949 ], [ -57.742244771999935, -63.639160011999934 ], [ -57.726694149999958, -63.650731798999971 ], [ -57.749398063999934, -63.659439319999933 ], [ -57.786180415999979, -63.642829921999976 ], [ -57.877444411999932, -63.66189400199994 ], [ -57.835816853999972, -63.680572877999964 ], [ -57.95077826499994, -63.672910943999966 ], [ -57.978412857999956, -63.689078266999957 ], [ -57.968950956999947, -63.670769329999985 ], [ -58.038316840999983, -63.67195825999994 ], [ -58.063413847999982, -63.656696371999942 ], [ -58.156274208999946, -63.711591175999956 ], [ -58.274803890999976, -63.725446714999975 ], [ -58.283895749999942, -63.737119400999973 ], [ -58.264126241999975, -63.749570657999982 ], [ -58.300884278999945, -63.752761466999971 ], [ -58.376626994999981, -63.801496965999945 ], [ -58.376894323999977, -63.847259872999985 ], [ -58.447450525999955, -63.838243132999935 ], [ -58.473644839999963, -63.850683959999969 ], [ -58.464069321999943, -63.870761887999947 ], [ -58.433074632999933, -63.881644149999943 ], [ -58.479943735999939, -63.913733749999949 ], [ -58.569751516999986, -63.919726197999978 ], [ -58.644317111999953, -63.946180873999936 ], [ -58.710629463999965, -63.991033054999946 ], [ -58.700164442999949, -64.003502150999964 ], [ -58.734863406999978, -64.060097275999965 ], [ -58.697689815999979, -64.096982634999961 ], [ -58.786796867999954, -64.14040293499994 ], [ -58.819209016999935, -64.178147983999963 ], [ -58.796032819999937, -64.197197230999961 ], [ -58.814124112999934, -64.199962655999968 ], [ -58.807559207999986, -64.216093616999956 ], [ -58.975885299999959, -64.203470527999968 ], [ -59.02803129299997, -64.15973577699998 ], [ -59.071008028999984, -64.180645205999951 ], [ -59.06149520799994, -64.214906314999951 ], [ -59.191675584999984, -64.21884939499995 ], [ -59.187910655999985, -64.240409588999967 ], [ -59.095996284999956, -64.258012574999952 ], [ -58.772792702999936, -64.282368189999943 ], [ -58.745823836999932, -64.298339475999967 ], [ -58.754365299999961, -64.330254489999959 ], [ -58.941174569999987, -64.366722607999975 ], [ -58.906862375999935, -64.393471992999935 ], [ -58.935086417999969, -64.408070695999982 ], [ -58.92442848099995, -64.416882133999934 ], [ -58.877796802999967, -64.425336816999959 ], [ -58.805575800999975, -64.41089532999996 ], [ -58.778220526999974, -64.422363838999956 ], [ -58.760690437999983, -64.497204452999938 ], [ -58.80780920899997, -64.555092578999961 ], [ -58.923584, -64.546345973999962 ], [ -58.92081884199996, -64.523317239999983 ], [ -58.934860602999947, -64.514977428999941 ], [ -58.996053500999949, -64.515353489999939 ], [ -59.012192249999941, -64.496970540999939 ], [ -58.983899530999963, -64.477664574999949 ], [ -58.99845961799997, -64.424707052999963 ], [ -59.172218031999932, -64.472499626999934 ], [ -59.343970482999964, -64.436319218999984 ], [ -59.375006664999944, -64.42130263699994 ], [ -59.383691985999974, -64.368206035999947 ], [ -59.402517557999943, -64.357646613999975 ], [ -59.385688115999983, -64.334494149999955 ], [ -59.422066020999978, -64.32129036799995 ], [ -59.447670763999952, -64.329270789999953 ], [ -59.458493888999953, -64.307083592999959 ], [ -59.484095292999939, -64.306777519999969 ], [ -59.570970167999974, -64.339729509999984 ], [ -59.621465800999943, -64.391065192999974 ], [ -59.677108055999952, -64.39948061299998 ], [ -59.609280948999981, -64.444800148999946 ], [ -59.610521306999942, -64.477255855999942 ], [ -59.635855623999987, -64.499938006999969 ], [ -59.563129338999943, -64.524093604999962 ], [ -59.545476968999935, -64.552233010999942 ], [ -59.550335449999977, -64.579392377999966 ], [ -59.589420177999955, -64.597423300999935 ], [ -59.653868821999936, -64.601104245999977 ], [ -59.78012720299995, -64.560216778999973 ], [ -59.740804480999941, -64.494382822999967 ], [ -59.762554474999945, -64.447703735999937 ], [ -59.733992859999944, -64.41860625399994 ], [ -59.776719523999986, -64.405327713999952 ], [ -59.798640438999939, -64.419908180999983 ], [ -59.851899542999945, -64.418773284999986 ], [ -59.891755796999973, -64.392466019999972 ], [ -59.866395160999957, -64.341429198999947 ], [ -59.920627605999982, -64.325917066999978 ], [ -59.98383823599994, -64.360362506999934 ], [ -60.078111907999983, -64.381918215999974 ], [ -59.975925138999969, -64.436167486999977 ], [ -60.021964049999951, -64.475949927999977 ], [ -60.247893913999974, -64.519796123999981 ], [ -60.247341022999933, -64.57395984599998 ], [ -60.291695569999945, -64.562478835999968 ], [ -60.294543443999942, -64.535767018999934 ], [ -60.315164293999942, -64.529968747999987 ], [ -60.390298558999973, -64.542002560999947 ], [ -60.396437238999965, -64.573136332999979 ], [ -60.46630374199998, -64.567507354999975 ], [ -60.467621509999958, -64.580682885999977 ], [ -60.519031113999972, -64.592422470999963 ], [ -60.498190629999954, -64.607276878999983 ], [ -60.363451698999938, -64.614088522999964 ], [ -60.359937874999957, -64.653940081999963 ], [ -60.407658589999983, -64.652578547999951 ], [ -60.416445690999979, -64.629075262999947 ], [ -60.447656694999978, -64.621856959999946 ], [ -60.500245174999975, -64.670987375999971 ], [ -60.756791782999983, -64.719796425999959 ], [ -60.773160532999952, -64.749557712999945 ], [ -60.698004212999933, -64.785687711999969 ], [ -60.704972969999972, -64.795803851999949 ], [ -60.766833734999977, -64.819203768999955 ], [ -60.760203745999945, -64.83103000899996 ], [ -60.870994730999939, -64.867527772999949 ], [ -60.892504058999975, -64.903439727999967 ], [ -61.002156541999966, -64.954294312999934 ], [ -61.015127593999978, -64.969681622999985 ], [ -61.002834235999956, -64.989844670999958 ], [ -61.056943149999938, -65.031125901999985 ], [ -61.09416115099998, -65.037612415999945 ], [ -61.128859247999969, -64.987724090999961 ], [ -61.156282258999966, -64.980368446999933 ], [ -61.324663193999982, -65.043850769999949 ], [ -61.392399089999969, -65.050877951999951 ], [ -61.419092261999936, -65.014362701999971 ], [ -61.407067044999962, -64.992171114999962 ], [ -61.514570301999981, -64.988027211999963 ], [ -61.534059208999963, -64.975900054999954 ], [ -61.527401620999967, -64.951929580999945 ], [ -61.545920697999975, -64.932518737999942 ], [ -61.582461138999975, -64.920469022999953 ], [ -61.624552495999978, -64.876164328999948 ], [ -61.70870139799996, -64.858271179999974 ], [ -61.767065958999979, -64.877850078999984 ], [ -61.730072557999961, -64.927263707999941 ], [ -61.765314087999968, -64.924481649999962 ], [ -61.785266482999987, -64.939938259999963 ], [ -61.76804018699994, -64.970971795999958 ], [ -61.769826998999974, -65.016833241999962 ], [ -61.784168179999938, -65.025993093999944 ], [ -61.759510015999979, -65.055006684999967 ], [ -61.816012205999982, -65.06033918199995 ], [ -61.839661036999985, -65.08270448899998 ], [ -61.807428241999958, -65.100194145999978 ], [ -61.812299269999983, -65.120992574999946 ], [ -61.795216877999962, -65.13175907599998 ], [ -61.690973402999987, -65.140604528999972 ], [ -61.574324546999947, -65.121940291999977 ], [ -61.578738707999946, -65.13894854199998 ], [ -61.557474538999941, -65.162454430999958 ], [ -61.65678741499994, -65.181456380999975 ], [ -61.590818974999934, -65.199761919999958 ], [ -61.602238822999936, -65.239992670999982 ], [ -61.801926015999982, -65.245031039999958 ], [ -61.850086029999943, -65.209883111999943 ], [ -61.94033114299998, -65.178314636999971 ], [ -61.972331846999964, -65.181331553999939 ], [ -61.986136322999982, -65.203478229999973 ], [ -62.059972937999987, -65.19771222299994 ], [ -62.117231490999984, -65.174744200999953 ], [ -62.155009162999932, -65.202927 ], [ -62.150006341999983, -65.217927507999946 ], [ -62.009143336999955, -65.260406890999946 ], [ -62.087256132999983, -65.26804002199998 ], [ -62.10558421199994, -65.282717697999942 ], [ -62.094936822999955, -65.288882692999948 ], [ -62.11770400499995, -65.293870838999965 ], [ -62.337580027999934, -65.322299756999939 ], [ -62.326342076999936, -65.346525632999942 ], [ -62.095079108999983, -65.35424760799998 ], [ -61.994791015999965, -65.385864486999935 ], [ -62.140743985999961, -65.392306282999982 ], [ -62.150766674999943, -65.409069966999937 ], [ -62.101293812999984, -65.424546901999975 ], [ -62.205208331999984, -65.449397466999983 ], [ -62.199786139999958, -65.464776576999952 ], [ -62.079860258999986, -65.465864204999946 ], [ -61.965925556999935, -65.489697487999933 ], [ -61.937337493999962, -65.498766431999968 ], [ -61.954530887999965, -65.514710223999941 ], [ -61.939936782999951, -65.536279773999979 ], [ -61.905813815999977, -65.54868290099995 ], [ -61.72207917999998, -65.525005627999974 ], [ -61.698155590999932, -65.536668732999942 ], [ -61.713280778999945, -65.55975428499994 ], [ -61.774889336999934, -65.578340725999965 ], [ -61.848368993999941, -65.574748149999948 ], [ -61.875640188999967, -65.593987841999933 ], [ -61.936358343999984, -65.563657328999966 ], [ -62.08642008399994, -65.601538176999952 ], [ -62.085097997999981, -65.628354607999938 ], [ -62.042627270999958, -65.663597417999938 ], [ -62.050788027999943, -65.683630970999957 ], [ -62.072020874999964, -65.687935590999984 ], [ -62.057853153999986, -65.694950193999944 ], [ -62.119632983999963, -65.705363693999971 ], [ -62.110038642999939, -65.717175052999949 ], [ -62.122640148999949, -65.731561756999952 ], [ -62.180816468999978, -65.734256574999961 ], [ -62.272751009999979, -65.775576006999984 ], [ -62.332105719999959, -65.77846006599998 ], [ -62.334638134999977, -65.798794580999981 ], [ -62.376072378999936, -65.804277511999942 ], [ -62.359527290999949, -65.820569283999987 ], [ -62.369175521999978, -65.837227588999951 ], [ -62.416544297999963, -65.855338950999965 ], [ -62.397878180999953, -65.903400207999937 ], [ -62.370385929999941, -65.910766037999963 ], [ -62.378736880999952, -65.93266106599998 ], [ -62.261029257999951, -65.943188613999951 ], [ -62.273437734999959, -65.979011688999947 ], [ -62.247492534999935, -66.016279484999984 ], [ -62.045025592999934, -66.105980500999976 ], [ -61.920262865999973, -66.131683875999954 ], [ -61.84598323299997, -66.127541643999962 ], [ -61.813900430999979, -66.117551253999977 ], [ -61.808717179999974, -66.097307842999953 ], [ -61.710257028999933, -66.082824399999936 ], [ -61.705116890999932, -66.064754105999953 ], [ -61.653012525999941, -66.052562874999978 ], [ -61.628511755999966, -66.015054953999936 ], [ -61.485941924999963, -66.034133911999959 ], [ -61.317108060999942, -66.089521647999959 ], [ -61.315788479999981, -65.996173450999947 ], [ -61.377370390999943, -65.953604273999986 ], [ -61.367700925999941, -65.926101256999971 ], [ -61.345560689999957, -65.919547468999951 ], [ -61.239903826999978, -65.917288577999955 ], [ -61.183962636999979, -65.955298191999987 ], [ -61.135341900999947, -65.964629274999936 ], [ -61.075536175999957, -66.048146365999969 ], [ -61.020608498999934, -66.033796879999954 ], [ -61.009098154999947, -65.965030620999983 ], [ -61.038033330999951, -65.926799335999988 ], [ -61.016265713999985, -65.913880309999968 ], [ -60.929784403999975, -65.92016218599997 ], [ -60.891976167999985, -65.941059397999936 ], [ -60.806009450999966, -65.919532 ], [ -60.652972868999939, -65.943586412999935 ], [ -60.602805982999939, -65.936314865999975 ], [ -60.534161255999948, -65.962272280999969 ], [ -60.569580800999972, -65.994106730999988 ], [ -60.550438214999986, -66.015379334999977 ], [ -60.605506045999959, -66.035384561999933 ], [ -60.590024761999985, -66.050132411999982 ], [ -60.607631495999954, -66.05953306899994 ], [ -60.706778307999969, -66.040571645999933 ], [ -60.687940719999972, -66.097770210999954 ], [ -60.704025051999963, -66.113543579999941 ], [ -60.688763306999988, -66.124355631999947 ], [ -60.705078064999952, -66.134658117999948 ], [ -60.765766969999959, -66.130715272999964 ], [ -60.82459761399997, -66.068984489999934 ], [ -60.914250009999932, -66.037561235999988 ], [ -60.93106312599997, -66.082534622999958 ], [ -60.998702, -66.072479528999963 ], [ -61.047259670999949, -66.088044139999965 ], [ -61.032731599999977, -66.126812376999965 ], [ -60.879929004999951, -66.186995583999988 ], [ -60.918480255999953, -66.232273071999941 ], [ -60.900513003999947, -66.245280989999969 ], [ -60.929147094999962, -66.264570486999958 ], [ -60.923282748999952, -66.274076273999981 ], [ -61.007863638999936, -66.289316379999946 ], [ -60.98069886899998, -66.348226096999952 ], [ -61.133216643999958, -66.346079226999962 ], [ -61.176090105999947, -66.298558408999952 ], [ -61.182520587999932, -66.266982832999986 ], [ -61.16298312899994, -66.263446181999939 ], [ -61.135314364999942, -66.224399430999938 ], [ -61.17522655199997, -66.184861114999933 ], [ -61.300753886999985, -66.15088983399994 ], [ -61.360364211999979, -66.172942529999943 ], [ -61.400952766999978, -66.156411501999969 ], [ -61.416002892999984, -66.168002745999956 ], [ -61.494687466999949, -66.165779825999948 ], [ -61.494438254999977, -66.262280116999932 ], [ -61.593222010999966, -66.220822080999937 ], [ -61.741486941999938, -66.234071698999969 ], [ -61.733590248999974, -66.277783066999973 ], [ -61.674425326999938, -66.323972509999976 ], [ -61.720799638999949, -66.357867276999968 ], [ -61.662130607999984, -66.400512408999987 ], [ -61.701624222999953, -66.468702616999963 ], [ -61.758782594999957, -66.475961997999946 ], [ -61.833315306999964, -66.457247928999948 ], [ -61.88303111099998, -66.330961542999944 ], [ -61.986886181999978, -66.266796770999974 ], [ -61.955537751999941, -66.240285556999936 ], [ -61.965441240999951, -66.209618401999933 ], [ -62.04609439799998, -66.202417249999939 ], [ -62.10985005799995, -66.217109020999942 ], [ -62.22816654899998, -66.174784660999933 ], [ -62.383515491999958, -66.198387768999964 ], [ -62.426022893999971, -66.183381660999942 ], [ -62.448534922999954, -66.188415084999974 ], [ -62.453962611999941, -66.21065239099994 ], [ -62.51679751599994, -66.212530246999961 ], [ -62.500149993999969, -66.231558680999967 ], [ -62.547913857999959, -66.250050071999965 ], [ -62.605707277999954, -66.237437410999974 ], [ -62.579589858999952, -66.248836959999949 ], [ -62.714611378999962, -66.245030549999967 ], [ -62.730649820999986, -66.256167382999934 ], [ -62.692636354999934, -66.267135122999946 ], [ -62.760474428999942, -66.290289708999978 ], [ -62.746872621999955, -66.305008118999979 ], [ -62.756195839999975, -66.324334480999937 ], [ -62.717961321999951, -66.339690609999934 ], [ -62.712706254999944, -66.361940066999978 ], [ -62.569138711999983, -66.396942193999962 ], [ -62.528726407999955, -66.431302869999968 ], [ -62.516493384999933, -66.479675914999973 ], [ -62.708883395999976, -66.517539008999961 ], [ -62.732107755999948, -66.532625791999976 ], [ -62.727186587999938, -66.575295747999974 ], [ -62.633530646999986, -66.599678835999953 ], [ -62.523212040999965, -66.593983837999986 ], [ -62.577496432999965, -66.65444731499997 ], [ -62.558038350999936, -66.665044949999981 ], [ -62.450598676999959, -66.64452683899998 ], [ -62.42732243599994, -66.652573215999951 ], [ -62.461879429999954, -66.669291126999951 ], [ -62.449726210999984, -66.683748455999933 ], [ -62.467147132999969, -66.700453589999938 ], [ -62.605496664999976, -66.727442648999954 ], [ -62.62582602699996, -66.74329410699994 ], [ -62.793881874999954, -66.656696015999955 ], [ -62.784966271999963, -66.611167173999945 ], [ -62.840553771999964, -66.587074728999937 ], [ -62.836383316999957, -66.535558697999988 ], [ -62.858562676999952, -66.507510164999985 ], [ -63.148236036999947, -66.355915735999986 ], [ -63.193010046999973, -66.308876510999937 ], [ -63.199532972999975, -66.272259281999936 ], [ -63.268344783999964, -66.25112766999996 ], [ -63.309350653999957, -66.270957811999949 ], [ -63.39372930199994, -66.258922963999964 ], [ -63.555311308999933, -66.205051734999984 ], [ -63.660441386999935, -66.216726970999957 ], [ -63.797244129999967, -66.191044131999945 ], [ -63.734388927999987, -66.227922375999981 ], [ -63.783938382999963, -66.240245025999968 ], [ -63.657102401999964, -66.270129022999981 ], [ -63.770218102999934, -66.281240897999965 ], [ -63.757106759999942, -66.302125813999965 ], [ -63.678868790999957, -66.30581217799994 ], [ -63.777559150999934, -66.329399056999932 ], [ -63.588350194999975, -66.34810615899994 ], [ -63.555738425999948, -66.397803538999938 ], [ -63.668592823999973, -66.379799076999973 ], [ -63.866666924999947, -66.383898282999951 ], [ -63.888501296999948, -66.411235697999984 ], [ -63.755354740999962, -66.438446570999986 ], [ -63.880023803999961, -66.446058498999946 ], [ -63.875422127999968, -66.474167336999983 ], [ -63.933649983999942, -66.486468898999988 ], [ -63.910943343999975, -66.505337761999954 ], [ -63.81001693099995, -66.527745136999954 ], [ -63.838918656999965, -66.54710212699996 ], [ -63.793855966999956, -66.59756598599995 ], [ -63.936725442999943, -66.603192173999958 ], [ -63.998544382999967, -66.562828067999988 ], [ -64.059085248999963, -66.567171053999971 ], [ -64.083286009999938, -66.591224172999944 ], [ -64.070016181999961, -66.628784657999972 ], [ -64.122756427999946, -66.628813703999981 ], [ -64.146715852999932, -66.64794100599994 ], [ -64.115537739999979, -66.668849739999985 ], [ -64.122982313999955, -66.688769648999937 ], [ -63.920531743999959, -66.702783948999979 ], [ -63.770370991999982, -66.77189066699998 ], [ -63.742863586999988, -66.793135520999954 ], [ -63.766669559999968, -66.808620472999962 ], [ -63.713080055999967, -66.85211206699995 ], [ -63.729300586999955, -66.894588564999935 ], [ -63.839335585999947, -66.924245715999973 ], [ -64.099451745999943, -66.937334369999974 ], [ -64.182646581999961, -66.884486278999987 ], [ -64.224958628999957, -66.87644223999996 ], [ -64.239613931999941, -66.853784176999966 ], [ -64.309853473999965, -66.836254994999933 ], [ -64.360342432999971, -66.911780459999989 ], [ -64.425299389999964, -66.893812904999947 ], [ -64.517114467999988, -66.899157459999969 ], [ -64.551646480999977, -66.874996397999951 ], [ -64.51605167799994, -66.808531570999946 ], [ -64.525846709999939, -66.760288771999967 ], [ -64.543243820999976, -66.756836570999951 ], [ -64.585440519999963, -66.816991491999943 ], [ -64.74815708999995, -66.840555390999953 ], [ -64.699284988999977, -66.867057144999933 ], [ -64.737943067999936, -66.885634575999973 ], [ -64.693031910999935, -66.934400577999952 ], [ -64.68441071999996, -66.987599993999936 ], [ -64.820819552999978, -66.992270718999976 ], [ -64.883255714999962, -66.979651610999952 ], [ -64.921218590999956, -66.999452730999963 ], [ -64.919927973999961, -67.014303581999968 ], [ -64.979500784999971, -67.03701869799994 ], [ -64.897824388999936, -67.06725546499996 ], [ -64.897577811999952, -67.085284011999988 ], [ -64.851905552999938, -67.105875165999976 ], [ -64.823109714999987, -67.091830398999946 ], [ -64.724593342999981, -67.099341872999958 ], [ -64.734678158999941, -67.120549494999977 ], [ -64.696007203999955, -67.151117560999978 ], [ -64.858577036999975, -67.178052013999945 ], [ -64.851695564999943, -67.192947556999968 ], [ -64.875909755999942, -67.20153014899995 ], [ -64.974688767999965, -67.198533696999959 ], [ -65.027950106999981, -67.217072718999987 ], [ -65.002090923999958, -67.236896957999988 ], [ -64.760027175999937, -67.26874093899994 ], [ -64.745958324999947, -67.284142863999932 ], [ -64.75351421299996, -67.320325466999975 ], [ -64.917277152999986, -67.329192336999938 ], [ -64.949723524999968, -67.30260704899996 ], [ -64.983241779999958, -67.301763803999961 ], [ -65.021691153999939, -67.311510564999935 ], [ -65.025706173999936, -67.322252256999946 ], [ -64.985564844999942, -67.336685903999978 ], [ -65.012575720999962, -67.350331417999939 ], [ -65.102096609999933, -67.36374238999997 ], [ -65.130000379999956, -67.335870375999946 ], [ -65.170157886999959, -67.333649320999939 ], [ -65.22475643699994, -67.365486249999947 ], [ -65.197907992999944, -67.393675817999963 ], [ -65.301763800999936, -67.399139858999945 ], [ -65.369340372999943, -67.36935353399997 ], [ -65.38130935199996, -67.298463209999966 ], [ -65.446131436999963, -67.298700677999932 ], [ -65.434205840999937, -67.333833148999986 ], [ -65.51512010099998, -67.362289445999977 ], [ -65.522428272999946, -67.384123823999971 ], [ -65.49737904899996, -67.394495830999972 ], [ -65.512384665999946, -67.403398711999955 ], [ -65.507983357999933, -67.454975952999973 ], [ -65.491596479999941, -67.472249254999952 ], [ -65.613878111999952, -67.485150460999932 ], [ -65.635019249999971, -67.502399997999987 ], [ -65.581857351999986, -67.525383141999953 ], [ -65.597011469999984, -67.555113159999962 ], [ -65.514696880999963, -67.578054096999949 ], [ -65.496667798999965, -67.596416753999961 ], [ -65.390597799999966, -67.610391405999962 ], [ -65.382268384999975, -67.619398730999933 ], [ -65.413123180999946, -67.621436807999942 ], [ -65.402811073999942, -67.625527557999987 ], [ -65.420267457999955, -67.639498998999954 ], [ -65.321382648999986, -67.665420896999933 ], [ -65.356885668999951, -67.665586413999961 ], [ -65.36493487499996, -67.710117969999942 ], [ -65.457851665999954, -67.709118544999967 ], [ -65.573864012999934, -67.730664680999951 ], [ -65.599286744999972, -67.758481419999953 ], [ -65.551513952999983, -67.80635585999994 ], [ -65.575398882999934, -67.82005630499998 ], [ -65.525299190999988, -67.843789776999984 ], [ -65.654831707999961, -67.871760325999958 ], [ -65.694900777999976, -67.866040362999968 ], [ -65.697542852999959, -67.877945479999937 ], [ -65.551925077999954, -67.913423978999958 ], [ -65.492888751999942, -67.952607522999983 ], [ -65.40555461799994, -67.952637839999966 ], [ -65.312589161999938, -67.991574606999961 ], [ -65.403663802999972, -68.029879774999984 ], [ -65.608489689999942, -68.042095822999954 ], [ -65.64426821099994, -68.066895254999963 ], [ -65.647346859999971, -68.095332276999955 ], [ -65.732784462999973, -68.092962784999941 ], [ -65.73003648699995, -68.116406224999935 ], [ -65.758182123999973, -68.130274209999982 ], [ -65.760603077999974, -68.163627401999975 ], [ -65.511385307999944, -68.14005988599996 ], [ -65.461219315999983, -68.161285175999978 ], [ -65.403900457999953, -68.138343847999977 ], [ -65.35315680399998, -68.138704551999979 ], [ -65.319000458999938, -68.165713590999985 ], [ -65.26462739699997, -68.176415787999986 ], [ -65.173653418999947, -68.146116534999976 ], [ -64.986829562999958, -68.035898821999979 ], [ -64.931206659999987, -68.022993142999951 ], [ -64.917754530999957, -68.026453563999951 ], [ -64.955048055999953, -68.038633894999975 ], [ -64.947130152999932, -68.050919885999974 ], [ -64.989234973999942, -68.074596087999964 ], [ -64.982741490999956, -68.09286962799996 ], [ -64.895394270999986, -68.105228523999983 ], [ -64.858690677999959, -68.097627813999964 ], [ -64.851089250999962, -68.074570062999953 ], [ -64.829321193999988, -68.070544130999963 ], [ -64.754412611999953, -68.112845535999952 ], [ -64.797961144999988, -68.170692332999977 ], [ -64.894530159999988, -68.202289755999971 ], [ -64.941854198999977, -68.200366835999944 ], [ -64.960929733999933, -68.223606064999956 ], [ -65.094179285999985, -68.227050929999962 ], [ -65.139922420999937, -68.208469442999956 ], [ -65.229638789999967, -68.257787321999956 ], [ -65.312365022999984, -68.251389690999986 ], [ -65.326302167999984, -68.278068520999966 ], [ -65.417682268999954, -68.309208587999933 ], [ -65.503242352999962, -68.315270407999947 ], [ -65.510113731999979, -68.32367220499998 ], [ -65.483765949999963, -68.338707138999951 ], [ -65.496747247999963, -68.361975656999959 ], [ -65.371904878999942, -68.392277084999932 ], [ -65.281417638999983, -68.369860149999965 ], [ -65.081107792999944, -68.359429114999955 ], [ -64.97701690599996, -68.403255649999949 ], [ -65.139542295999945, -68.495679981999956 ], [ -65.199927722999973, -68.494204212999932 ], [ -65.191586056999938, -68.512896560999934 ], [ -65.270522090999975, -68.515907546999983 ], [ -65.352377159999946, -68.558905000999971 ], [ -65.253099789999965, -68.589108292999981 ], [ -65.276932822999981, -68.611303954999983 ], [ -65.271952735999946, -68.630221469999981 ], [ -65.167919985999958, -68.625477687999933 ], [ -65.135675872999968, -68.651207047999947 ], [ -64.994891081999981, -68.65582616599994 ], [ -64.788401249999936, -68.693987427999957 ], [ -64.67612524599997, -68.664337619999969 ], [ -64.597110615999952, -68.727291183999967 ], [ -64.612100618999932, -68.734324180999977 ], [ -64.605271467999955, -68.745539647999976 ], [ -64.514139033999982, -68.780646396999941 ], [ -64.477294563999976, -68.764342848999945 ], [ -64.351717931999985, -68.783828958999948 ], [ -64.416259450999974, -68.73435619199995 ], [ -64.403834221999944, -68.729626579999945 ], [ -64.250381692999952, -68.79063642899996 ], [ -64.042480070999943, -68.836626645999957 ], [ -64.031687150999971, -68.831799592999971 ], [ -64.048360658999968, -68.823248199999966 ], [ -64.027693520999946, -68.808117865999975 ], [ -64.181547781999939, -68.743785840999976 ], [ -64.031251705999978, -68.773060470999951 ], [ -63.994571406999967, -68.751098185999979 ], [ -64.137970693999932, -68.695827613999938 ], [ -64.279174464999983, -68.664774986999987 ], [ -64.334027449999951, -68.634802147999949 ], [ -64.153836061999982, -68.651443288999985 ], [ -64.146199042999967, -68.624293677999958 ], [ -64.261919897999974, -68.593328919999976 ], [ -64.26159944799997, -68.572417948999941 ], [ -64.137021863999962, -68.585984336999957 ], [ -64.162340061999942, -68.565279574999977 ], [ -64.118188707999934, -68.551759389999972 ], [ -64.134845706999954, -68.543889029999946 ], [ -64.072741084999961, -68.53596048199995 ], [ -63.964156413999945, -68.483464616999981 ], [ -63.801389337999979, -68.477558729999942 ], [ -63.722054217999982, -68.45387591399998 ], [ -63.441139289999967, -68.430751136999959 ], [ -63.425939041999982, -68.413647932999936 ], [ -63.027949466999985, -68.410708449999959 ], [ -62.882615173999966, -68.416835291999973 ], [ -62.85212379799998, -68.432037074999982 ], [ -62.924854037999978, -68.511217021999983 ], [ -63.124981353999942, -68.454240241999969 ], [ -63.265027477999979, -68.452407711999967 ], [ -63.304174141999965, -68.457198027999937 ], [ -63.459920354999952, -68.553031084999986 ], [ -63.667603541999938, -68.543099162999965 ], [ -63.762718076999988, -68.580007745999978 ], [ -63.822943832999954, -68.624514708999982 ], [ -63.806849328999988, -68.632705425999973 ], [ -63.843477435999944, -68.644291712999973 ], [ -63.823802149999949, -68.664436983999963 ], [ -63.750201124999933, -68.678982 ], [ -63.850334517999954, -68.677524815999959 ], [ -63.86005165499995, -68.694490189999954 ], [ -63.675125047999984, -68.74840207699998 ], [ -63.600779608999972, -68.742465853999988 ], [ -63.406234120999954, -68.768933268999945 ], [ -63.263539422999941, -68.805640890999939 ], [ -63.197256615999947, -68.852604624999969 ], [ -63.265839828999958, -68.858890904999953 ], [ -63.429858392999961, -68.812946074999957 ], [ -63.527116927999941, -68.808195677999947 ], [ -63.493515284999944, -68.840636371999949 ], [ -63.371557439999947, -68.896421041999986 ], [ -63.473276562999956, -68.899758276999933 ], [ -63.483214977999978, -68.923854195999979 ], [ -63.362521758999947, -68.941053293999971 ], [ -63.557607380999968, -68.948842194999941 ], [ -63.67158283699996, -68.969851172999938 ], [ -63.807823801999973, -68.934094844999947 ], [ -63.831977233999964, -68.953674470999943 ], [ -63.874623705999966, -68.946811996999941 ], [ -63.870421498999974, -68.958847046999949 ], [ -63.925273243999982, -68.970786351999948 ], [ -63.888506804999963, -68.982454979999943 ], [ -63.909688132999975, -68.997533473999965 ], [ -63.892194935999953, -69.00580611099997 ], [ -63.486071281999955, -69.058134429999939 ], [ -63.320945820999953, -69.049590800999965 ], [ -63.30131999699995, -69.089579166999954 ], [ -63.438687662999939, -69.168639561999953 ], [ -63.306642619999934, -69.19613646199997 ], [ -63.217617959999984, -69.183190009999976 ], [ -63.198812579999981, -69.171113162999973 ], [ -63.216572120999956, -69.149828132999971 ], [ -63.181186264999951, -69.157301062999977 ], [ -63.062890786999958, -69.250088053999946 ], [ -63.052508425999974, -69.276438402999986 ], [ -63.084770052999943, -69.304167549999988 ], [ -63.019758794999973, -69.358796664999943 ], [ -62.957601176999958, -69.379995697999959 ], [ -62.767463137999982, -69.346718204999945 ], [ -62.629550827999935, -69.39873122399996 ], [ -62.587596651999945, -69.479966710999975 ], [ -62.535416202999954, -69.492701452999938 ], [ -62.460303869999962, -69.483519796999985 ], [ -62.409046761999946, -69.504063656999961 ], [ -62.391554677999977, -69.529739069999948 ], [ -62.411940053999956, -69.569780048999974 ], [ -62.382159142999967, -69.635831343999939 ], [ -62.383901432999949, -69.706298555999979 ], [ -62.430399443999931, -69.755001381999989 ], [ -62.424131053999986, -69.779740753999988 ], [ -62.511526879999963, -69.834109715999944 ], [ -62.569066652999936, -69.839416888999949 ], [ -62.509082049999961, -69.870805695999934 ], [ -62.304847906999953, -69.920099263999987 ], [ -62.290572020999946, -69.955949995999958 ], [ -62.342606407999938, -69.965405810999982 ], [ -62.321490278999931, -69.987847852999948 ], [ -62.19018091199996, -70.009766790999947 ], [ -62.002965088999986, -70.073769140999957 ], [ -61.967532452999933, -70.104258946999948 ], [ -61.978774, -70.124468734999937 ], [ -61.862331067999946, -70.214322444999937 ], [ -61.958258874999956, -70.272350414999948 ], [ -62.058277628999974, -70.304388107999955 ], [ -62.048812038999984, -70.255007342999988 ], [ -62.180693561999988, -70.247700885999961 ], [ -62.250569634999977, -70.222050053999965 ], [ -62.391275977999953, -70.218581082999947 ], [ -62.405185437999933, -70.227282985999977 ], [ -62.32387052699994, -70.281376071999944 ], [ -62.440497896999943, -70.307526302999975 ], [ -62.400779969999974, -70.343185542999947 ], [ -62.431637468999952, -70.369615412999963 ], [ -62.411358866999933, -70.390274869999985 ], [ -62.43693953899998, -70.398677358999976 ], [ -62.133379542999933, -70.429409991999933 ], [ -62.126389900999982, -70.466643278999982 ], [ -62.146716025999979, -70.475939107999977 ], [ -62.127071463999982, -70.484376149999946 ], [ -62.203389302999938, -70.536858971999948 ], [ -62.19440489699997, -70.544313839999973 ], [ -62.232596688999934, -70.558384431999968 ], [ -62.203754661999938, -70.566819212999974 ], [ -62.08827359199995, -70.551178167999979 ], [ -61.966103001999954, -70.509793085999945 ], [ -61.916960360999951, -70.548091129999989 ], [ -61.830795217999935, -70.505579684999987 ], [ -61.51271481699996, -70.507276142999956 ], [ -61.517097770999953, -70.497317673999987 ], [ -61.465487490999976, -70.492557485999953 ], [ -61.401992717999974, -70.510523594999938 ], [ -61.356048817999977, -70.56941642399994 ], [ -61.37607213299998, -70.585959602999935 ], [ -61.621142683999949, -70.607967824999946 ], [ -61.643633326999975, -70.618252280999968 ], [ -61.626520888999949, -70.630218873999979 ], [ -61.64913775399998, -70.656136715999935 ], [ -61.619988358999933, -70.667001958999947 ], [ -61.642601900999978, -70.686900591999972 ], [ -61.722311622999939, -70.711300159999951 ], [ -61.80519934299997, -70.714594914999964 ], [ -61.791267265999977, -70.728082699999959 ], [ -61.825067894999961, -70.738595146999955 ], [ -62.003222368999957, -70.714984247999951 ], [ -62.054483759999982, -70.730942409999955 ], [ -62.134975985999972, -70.72502461199997 ], [ -62.138509472999942, -70.74713299299998 ], [ -62.07527285499998, -70.764299877999974 ], [ -62.135588380999934, -70.760626512999977 ], [ -62.147983751999959, -70.776220586999955 ], [ -62.006013332999942, -70.794666707999966 ], [ -62.029774690999943, -70.814325991999965 ], [ -62.020327802999986, -70.837619561999986 ], [ -62.05472896699996, -70.863638907999984 ], [ -62.028138283999965, -70.876092373999938 ], [ -62.065110252999943, -70.894933812999966 ], [ -61.985267885999974, -70.929288362999955 ], [ -61.868919795999943, -70.934775846999969 ], [ -61.855904994999946, -70.923165411999946 ], [ -61.782834893999961, -70.926042806999988 ], [ -61.682424521999963, -70.849753959999987 ], [ -61.508786699999973, -70.833604052999988 ], [ -61.293839361999972, -70.857068126999934 ], [ -61.243601862999981, -70.897328737999942 ], [ -61.292978036999955, -70.944015989999968 ], [ -61.277827448999972, -70.968017041999985 ], [ -61.332602074999954, -70.994999554999936 ], [ -61.310074747999977, -71.000043748999985 ], [ -61.374629685999935, -71.018024031999971 ], [ -61.355928946999938, -71.030390588999978 ], [ -61.164512284999944, -71.038874368999984 ], [ -61.17049338299995, -71.058417866999946 ], [ -61.212073532999966, -71.074786300999961 ], [ -61.213376019999941, -71.098695436999947 ], [ -61.014537080999958, -71.140150724999955 ], [ -60.922550281999975, -71.192668852999986 ], [ -60.916849410999987, -71.215349145999937 ], [ -60.94672424099997, -71.237023190999935 ], [ -61.207714858999964, -71.214113535999957 ], [ -61.28308184399998, -71.229260476999968 ], [ -61.239638297999932, -71.257021832999953 ], [ -61.010374997999975, -71.285900979999951 ], [ -60.92783180899994, -71.332457002999945 ], [ -60.96961246799998, -71.370848490999947 ], [ -61.031267537999952, -71.376302899999985 ], [ -61.091056479999963, -71.348175760999936 ], [ -61.374955914999987, -71.313426663999962 ], [ -61.400226458999953, -71.320473700999969 ], [ -61.39529271899994, -71.330156354999986 ], [ -61.234472761999939, -71.387655872999972 ], [ -61.224280284999963, -71.404193881999959 ], [ -61.132415191999939, -71.417428413999971 ], [ -61.315954064999971, -71.461771858999953 ], [ -61.459502799999939, -71.454590297999971 ], [ -61.484867857999973, -71.469891913999959 ], [ -61.55681502799996, -71.457191689999945 ], [ -61.522760361999985, -71.491664991999983 ], [ -61.596718826999961, -71.537815060999947 ], [ -61.744334157999958, -71.537158433999934 ], [ -61.716981984999961, -71.571557045999953 ], [ -61.713952229999961, -71.593537205999951 ], [ -61.729828107999936, -71.607147535999957 ], [ -61.865752491999956, -71.627701173999981 ], [ -62.073525579999966, -71.622062522999954 ], [ -62.126851642999952, -71.661693206999985 ], [ -62.085507188999941, -71.675987254999939 ], [ -61.802510648999942, -71.687080912999988 ], [ -61.700063582999974, -71.677160060999938 ], [ -61.588427500999956, -71.690879071999973 ], [ -61.495249823999984, -71.677715589999934 ], [ -61.367363840999985, -71.634613281999975 ], [ -61.266655060999938, -71.580970291999961 ], [ -61.263100240999961, -71.556207556999937 ], [ -61.146414820999951, -71.532998083999985 ], [ -61.094764603999977, -71.546937404999937 ], [ -61.116766200999962, -71.569288610999934 ], [ -61.106279735999976, -71.579141496999966 ], [ -60.946863690999976, -71.620707606999986 ], [ -61.011048867999932, -71.656403256999965 ], [ -60.954970576999983, -71.668328800999973 ], [ -60.913887299999942, -71.656433 ], [ -60.784668290999946, -71.679981124999983 ], [ -60.82803387499996, -71.722759486999962 ], [ -60.768557079999937, -71.75307672799994 ], [ -60.785797230999947, -71.778411130999984 ], [ -60.893406431999949, -71.787253181999972 ], [ -61.111255968999956, -71.723993724999957 ], [ -61.131583903999967, -71.72817003199998 ], [ -61.141437343999939, -71.752205920999984 ], [ -61.076087119999954, -71.775930058999961 ], [ -61.045202246999963, -71.805320604999963 ], [ -61.122501147999969, -71.816868420999981 ], [ -61.032227469999953, -71.831703156999936 ], [ -61.029630233999967, -71.85236088399995 ], [ -61.074087106999968, -71.853838140999983 ], [ -61.093258252999988, -71.871471936999967 ], [ -61.315115809999952, -71.875248441999986 ], [ -61.469421955999962, -71.850285157999963 ], [ -61.703162414999952, -71.85940532099994 ], [ -61.882241897999961, -71.896457627999951 ], [ -62.273071131999984, -71.917461851999974 ], [ -62.422849292999956, -71.909658613999966 ], [ -62.486330937999981, -71.918947904999982 ], [ -62.493166453999947, -71.933258714999965 ], [ -62.412308830999962, -71.965371260999973 ], [ -62.098584676999963, -72.015854519999948 ], [ -62.374396634999982, -72.10181500799996 ], [ -62.273283268999933, -72.128003499999977 ], [ -62.239696541999933, -72.128258900999981 ], [ -62.151832911999975, -72.090262743999972 ], [ -62.090567916999987, -72.102071762999969 ], [ -61.929023404999953, -72.095487969999965 ], [ -61.710785826999938, -72.041774994999969 ], [ -61.393804839999973, -72.065179902999944 ], [ -61.278215382999974, -72.144161597999982 ], [ -61.167085522999969, -72.166671657999984 ], [ -61.148793763999947, -72.163562898999942 ], [ -61.164977548999957, -72.116937490999987 ], [ -61.199850031999972, -72.086442318999957 ], [ -61.164847444999964, -72.061079952999933 ], [ -60.919857743999955, -72.055278779999981 ], [ -60.678904043999978, -71.993947261999949 ], [ -60.655535314999952, -72.03741820099998 ], [ -60.669902093999951, -72.086837317999937 ], [ -60.660699213999976, -72.098107750999986 ], [ -60.67552253599996, -72.115174005999961 ], [ -60.793175751999968, -72.123933172999955 ], [ -60.869282864999946, -72.151433415999975 ], [ -61.029278206999948, -72.165628155999968 ], [ -61.092775382999946, -72.186517010999978 ], [ -60.884585237999943, -72.182715174999942 ], [ -60.700665526999956, -72.225749943999972 ], [ -60.652620757999955, -72.272972076999963 ], [ -60.678092010999933, -72.299617507999983 ], [ -60.641261326999938, -72.318033051999976 ], [ -60.649718857999972, -72.330004535999933 ], [ -60.918489748999946, -72.31741120099997 ], [ -60.920241337999983, -72.33750459099997 ], [ -61.00178512399998, -72.359796137999979 ], [ -60.970516215999965, -72.371340507999946 ], [ -60.719221089999962, -72.371700970999939 ], [ -60.723992536999958, -72.387262952999947 ], [ -60.633079725999949, -72.402666656999941 ], [ -60.63956283899995, -72.430025544999978 ], [ -60.797201667999957, -72.464633542999934 ], [ -61.039871583999968, -72.472956291999935 ], [ -61.392206004999935, -72.407195917999957 ], [ -61.474206655999978, -72.408772124999984 ], [ -61.468373714999984, -72.430157558999952 ], [ -61.355109217999939, -72.475699913999961 ], [ -61.479337759999964, -72.500694907999957 ], [ -61.461193819999949, -72.524808790999941 ], [ -61.427606297999944, -72.536952839999969 ], [ -61.31372566899995, -72.522655954999948 ], [ -61.265626166999937, -72.531496267999955 ], [ -61.252303756999936, -72.555428502999973 ], [ -61.267620706999935, -72.571322251999959 ], [ -61.244856005999964, -72.620276528999966 ], [ -61.217859383999951, -72.645321224999975 ], [ -61.174153955999941, -72.656218024999987 ], [ -61.362123916999963, -72.643914250999956 ], [ -61.342112433999944, -72.659425108999983 ], [ -61.391826859999981, -72.672698684999943 ], [ -61.300526900999955, -72.680320072999962 ], [ -61.220220125999958, -72.710546536999971 ], [ -61.207783895999967, -72.726811724999948 ], [ -61.231673180999962, -72.764271630999986 ], [ -61.126012683999932, -72.788874393999947 ], [ -61.065737863999971, -72.713887563999947 ], [ -61.021305135999967, -72.693875803999958 ], [ -60.819961435999971, -72.679378616999941 ], [ -60.73868828999997, -72.649843157999953 ], [ -60.521730544999969, -72.658565403999944 ], [ -60.510454315999937, -72.706781615999944 ], [ -60.479516328999978, -72.741217346999974 ], [ -60.489496457999962, -72.81471494799996 ], [ -60.509525745999952, -72.822084629999949 ], [ -60.533920703999968, -72.865386760999968 ], [ -60.603087761999973, -72.909831921999967 ], [ -60.704737971999975, -72.921290576999979 ], [ -60.61842883099996, -72.946591362999982 ], [ -60.770906601999968, -73.04030320399994 ], [ -60.779312441999934, -73.068290034999961 ], [ -60.760670199999936, -73.07258487699994 ], [ -60.689675841999986, -73.026271140999938 ], [ -60.62351674699994, -73.034239197999966 ], [ -60.537310438999953, -72.980911118999984 ], [ -60.310566106999943, -73.056227973999967 ], [ -60.241307775999985, -73.027991838999981 ], [ -60.096391876999974, -72.877064950999966 ], [ -59.995040469999935, -72.877708000999974 ], [ -59.942506993999984, -72.900770484999953 ], [ -59.950313797999968, -72.927501378999978 ], [ -59.901763924999955, -72.982059695999965 ], [ -59.902117321999981, -73.013257117999956 ], [ -60.023514527999964, -73.093495583999982 ], [ -60.045813148999969, -73.139071927999964 ], [ -60.045451943999979, -73.177823860999979 ], [ -60.013503606999961, -73.203880836999986 ], [ -60.013090907999981, -73.226876177999941 ], [ -59.976060638999968, -73.242878870999959 ], [ -59.993232385999931, -73.259582959999989 ], [ -60.104237066999985, -73.302567880999959 ], [ -60.366414025999973, -73.327448075999939 ], [ -60.46107912399998, -73.300951340999973 ], [ -60.495854574999953, -73.245761914999946 ], [ -60.45833149799995, -73.224687674999984 ], [ -60.59045171799994, -73.191564445999973 ], [ -60.615974005999988, -73.210189075999949 ], [ -60.607474704999959, -73.22137317499994 ], [ -60.626775764999934, -73.270446247999985 ], [ -60.697553279999966, -73.396523394999974 ], [ -60.830065541999943, -73.392607431999977 ], [ -60.804853163999951, -73.316246987999989 ], [ -60.870613410999965, -73.253434944999981 ], [ -60.914031309999984, -73.266172333999975 ], [ -60.892061248999937, -73.298856586999989 ], [ -60.958568056999979, -73.350133200999949 ], [ -61.066321688999949, -73.34969736499994 ], [ -61.196492966999983, -73.302633709999952 ], [ -61.206920025999977, -73.275439303999974 ], [ -61.262841274999971, -73.23845718299998 ], [ -61.259857792999981, -73.212889470999983 ], [ -61.279614543999969, -73.201629215999958 ], [ -61.358525303999954, -73.206276127999956 ], [ -61.427695713999981, -73.179122771999971 ], [ -61.618758930999945, -73.168950810999945 ], [ -61.820206653999946, -73.127011959999948 ], [ -61.875903817999983, -73.134648578999986 ], [ -62.007742684999982, -73.099644961999957 ], [ -62.041041715999938, -73.110665317999974 ], [ -62.027495691999945, -73.127199244999986 ], [ -62.069922491999932, -73.137189225999975 ], [ -61.955033939999964, -73.18618024999995 ], [ -61.674285870999938, -73.241669326999954 ], [ -61.61811501699998, -73.267781978999949 ], [ -61.601390889999948, -73.287644203999946 ], [ -61.782706840999936, -73.240921988999958 ], [ -61.840655646999949, -73.248365272999933 ], [ -61.727511345999972, -73.309704742999941 ], [ -61.765310531999944, -73.343278553999937 ], [ -61.627409477999947, -73.336897530999977 ], [ -61.55436683299996, -73.362105062999944 ], [ -61.523325417999956, -73.389471885999967 ], [ -61.885883805999981, -73.360361817999944 ], [ -61.94106044199998, -73.376089967999974 ], [ -61.93767526299996, -73.389245423999967 ], [ -61.822260171999972, -73.418758614999945 ], [ -61.771128209999972, -73.448341802999948 ], [ -61.671773081999959, -73.455490911999959 ], [ -61.715737517999969, -73.490069202999962 ], [ -61.718851349999966, -73.514199001999941 ], [ -61.692584557999965, -73.534485683999947 ], [ -61.584918089999974, -73.546979385999975 ], [ -61.554487434999942, -73.520192430999941 ], [ -61.552470448999941, -73.503981171999953 ], [ -61.581866391999938, -73.490121780999971 ], [ -61.559611515999961, -73.47462984699996 ], [ -61.574670105999985, -73.459463051999933 ], [ -61.556187135999949, -73.455647660999944 ], [ -61.517162006999968, -73.476368220999973 ], [ -61.292209809999974, -73.501006280999945 ], [ -61.247859227999982, -73.521987974999945 ], [ -61.192468216999941, -73.51440718899994 ], [ -60.919204843999978, -73.546113487999946 ], [ -60.758000826999933, -73.588682637999966 ], [ -60.897856525999941, -73.655199288999938 ], [ -61.012868616999981, -73.685298952999972 ], [ -60.994702967999956, -73.695702470999947 ], [ -61.057476856999983, -73.718327048999981 ], [ -61.041514517999985, -73.727865271999974 ], [ -61.106189337999979, -73.736424315999955 ], [ -61.005249614999968, -73.750348482999982 ], [ -60.809844625999972, -73.689019263999967 ], [ -60.731698711999968, -73.695574465999982 ], [ -60.730215550999958, -73.708919709999975 ], [ -60.816543827999965, -73.783694791999949 ], [ -60.879354534999948, -73.822684022999965 ], [ -60.858622824999941, -73.836092067999971 ], [ -60.891470853999976, -73.853055734999941 ], [ -60.903654715999949, -73.894423880999966 ], [ -60.978818630999967, -73.958537573999934 ], [ -61.251413500999945, -73.957331304999968 ], [ -61.34270468699998, -73.93066685499997 ], [ -61.411409684999967, -73.870198492999975 ], [ -61.556235846999982, -73.902502402999971 ], [ -61.668560180999975, -73.879464741999982 ], [ -61.768171595999945, -73.892132787999969 ], [ -61.794516442999964, -73.918499054999984 ], [ -61.673877769999933, -73.941698799999983 ], [ -61.587146415999939, -73.977390714999956 ], [ -61.81578394099995, -74.017792286999963 ], [ -61.854077749999988, -74.030531608999979 ], [ -61.850395154999944, -74.04280873099998 ], [ -61.701222604999941, -74.044392528999936 ], [ -61.511842249999972, -74.012936944999979 ], [ -61.400744885999984, -74.038086476999979 ], [ -61.396438473999979, -74.062013064999974 ], [ -61.251521448999938, -74.056637028999944 ], [ -61.033932775999972, -74.086717014999977 ], [ -61.15692168399994, -74.177070202999971 ], [ -61.282775820999973, -74.220985603999964 ], [ -61.485231609999971, -74.254987110999934 ], [ -61.588976508999963, -74.227627525999935 ], [ -61.651235086999975, -74.246438204999947 ], [ -61.618441964999931, -74.274240394999936 ], [ -61.644995060999975, -74.292147409999984 ], [ -61.551458271999934, -74.322238701999936 ], [ -61.387911945999974, -74.336949010999945 ], [ -61.167056188999936, -74.321155534999946 ], [ -60.829217111999981, -74.24406748399997 ], [ -60.626116871999955, -74.262451427999963 ], [ -60.675675128999956, -74.325309804999961 ], [ -60.744470060999959, -74.362302155999942 ], [ -61.033593423999946, -74.404249036999943 ], [ -61.033958072999951, -74.415296275999935 ], [ -60.941902461999973, -74.429689480999969 ], [ -60.905136881999965, -74.449953669999957 ], [ -60.99251430299995, -74.500061846999984 ], [ -61.351460168999949, -74.547232884999971 ], [ -61.572502468999971, -74.538240988999974 ], [ -61.613304246999974, -74.531787229999964 ], [ -61.638925074999975, -74.504261471999939 ], [ -61.750355451999951, -74.507781355999953 ], [ -62.106410092999965, -74.463784711999949 ], [ -62.209871974999942, -74.413430267999956 ], [ -62.354488577999973, -74.402809779999984 ], [ -62.342068584999936, -74.420253105999961 ], [ -62.363978049999957, -74.44288093199998 ], [ -62.164571280999951, -74.544827557999952 ], [ -62.01116572799998, -74.588953699999934 ], [ -61.941687590999948, -74.65340856499995 ], [ -61.885041337999951, -74.674655516999962 ], [ -61.89840374399995, -74.706575794999935 ], [ -61.805607338999948, -74.739098884999976 ], [ -61.790371283999946, -74.772161857999947 ], [ -61.816691582999965, -74.814898311999968 ], [ -61.887531497999987, -74.859081518999972 ], [ -62.042925930999957, -74.91255255699997 ], [ -62.069787663999932, -74.937655525999958 ], [ -62.431285583999966, -74.997542128999953 ], [ -62.563401686999953, -74.974786915999971 ], [ -62.582056740999974, -74.945468420999987 ], [ -62.562729297999965, -74.887402429999952 ], [ -62.603375440999969, -74.788539517999936 ], [ -62.700347461999968, -74.763380744999949 ], [ -62.815649393999934, -74.707993448999957 ], [ -63.069980167999972, -74.657734911999967 ], [ -63.126034509999954, -74.655703293999977 ], [ -63.119391048999944, -74.669123258999946 ], [ -63.167425737999963, -74.671787676999941 ], [ -63.266958520999935, -74.665897763999965 ], [ -63.248552797999935, -74.685915960999978 ], [ -63.29642082099997, -74.716826983999965 ], [ -63.121357904999968, -74.803306126999985 ], [ -63.089910711999948, -74.854332023999973 ], [ -63.046925514999941, -74.879683290999935 ], [ -63.052772034999975, -74.901828504999969 ], [ -63.251850597999976, -74.919963309999957 ], [ -63.529835074999937, -74.86350423 ], [ -63.59427956899998, -74.879416273999936 ], [ -63.586385288999963, -74.889107138999975 ], [ -63.608769067999958, -74.910990701999935 ], [ -63.58096433999998, -74.929681552999966 ], [ -64.034089972999936, -74.975229639999952 ], [ -64.083779675999949, -75.005472530999953 ], [ -64.034157017999974, -75.016828719999978 ], [ -64.043734403999963, -75.033033924999984 ], [ -63.771746339999936, -75.041662181999982 ], [ -63.316548845999932, -75.009264589999987 ], [ -63.209160863999955, -75.038757931999953 ], [ -63.162413350999941, -75.078838331999975 ], [ -63.100523587999987, -75.086232181999947 ], [ -63.038368781999964, -75.143343158999983 ], [ -63.367444858999932, -75.176967979999972 ], [ -63.518088201999944, -75.150166909999939 ], [ -63.656149085999971, -75.187662954999951 ], [ -64.164819311999963, -75.21361156599994 ], [ -64.318265689999976, -75.249005823999937 ], [ -64.337544925999964, -75.272976612999969 ], [ -64.422531094999954, -75.293994583999961 ], [ -64.445135508999954, -75.319456467999942 ], [ -64.364533279999932, -75.337162029999945 ], [ -64.387816011999973, -75.354020494999986 ], [ -64.346429236999938, -75.373931632999984 ], [ -64.185541185999966, -75.346491725999954 ], [ -64.054534908999983, -75.361789779999981 ], [ -63.813399517999983, -75.323102723999966 ], [ -63.23796009299997, -75.336984843999971 ], [ -63.078116767999973, -75.362292536999973 ], [ -63.229277896999974, -75.42228896499995 ], [ -63.588808579999977, -75.528292780999948 ], [ -64.261457228999973, -75.682289586999957 ], [ -65.008607931999961, -75.792502788999968 ], [ -65.286961864999967, -75.795704005999937 ], [ -65.348665379999943, -75.819746114999987 ], [ -65.37492724599997, -75.857512336999946 ], [ -65.503758953999977, -75.855911583999955 ], [ -65.607196611999939, -75.90072950299998 ], [ -66.069833847999973, -75.968346505999989 ], [ -66.26567528399994, -76.013318496999943 ], [ -66.758958188999941, -76.045707595999943 ], [ -67.448924875999978, -76.129807016999962 ], [ -67.752761308999936, -76.136360937999939 ], [ -67.836370065999972, -76.122913409999967 ], [ -67.922110724999982, -76.154135038999982 ], [ -68.027668784999946, -76.150686096999948 ], [ -68.152690452999934, -76.173929120999958 ], [ -68.054379864999987, -76.19754704099995 ], [ -68.101611979999973, -76.206019199999957 ], [ -67.934713418999934, -76.221424835999983 ], [ -67.943576401999962, -76.22978029099994 ], [ -68.292857603999948, -76.254649373999939 ], [ -68.557928968999988, -76.298859309999955 ], [ -68.88316419399996, -76.294884594999985 ], [ -69.46808866799995, -76.337620699999945 ], [ -69.561100920999934, -76.324476606999951 ], [ -69.699529717999951, -76.372234093999964 ], [ -69.826479521999943, -76.373651034999966 ], [ -69.846206435999989, -76.376884305999965 ], [ -69.822957761999987, -76.385903510999981 ], [ -69.843047283999965, -76.393183767999972 ], [ -70.12658221099997, -76.411548396999933 ], [ -70.142458142999942, -76.418025714999942 ], [ -70.12703176499997, -76.434105212999953 ], [ -70.136008178999987, -76.445215445999963 ], [ -70.173020373999975, -76.458139031999963 ], [ -69.768839566999986, -76.461768568999958 ], [ -69.822566869999946, -76.484999933999973 ], [ -70.075962394999976, -76.491648990999977 ], [ -70.011288952999962, -76.524446391999959 ], [ -69.835258975999977, -76.52712595099996 ], [ -70.015631638999935, -76.535425636999946 ], [ -70.114178889999948, -76.578839897999956 ], [ -70.135404556999958, -76.597853831999942 ], [ -70.128753458999938, -76.607790443999988 ], [ -70.026470462999953, -76.622860860999936 ], [ -69.812691982999979, -76.621984914999985 ], [ -70.001254609999933, -76.633605518999957 ], [ -70.015513100999954, -76.64797129599998 ], [ -70.12335782699995, -76.648302482999952 ], [ -70.168554248999953, -76.663788964999981 ], [ -70.157984216999978, -76.678237224999975 ], [ -70.077924606999943, -76.68107701699995 ], [ -69.965319376999958, -76.666190805999975 ], [ -69.935763251999958, -76.677081717999954 ], [ -69.948494186999937, -76.686384191999935 ], [ -70.148702613999944, -76.69550671899998 ], [ -70.275440899999978, -76.679073739999978 ], [ -70.580456817999959, -76.71481960899996 ], [ -70.561905189999948, -76.732575986999962 ], [ -70.451094246999958, -76.737074206999978 ], [ -70.467650962999983, -76.743016506999936 ], [ -70.594953246999978, -76.749459576999982 ], [ -70.747644743999956, -76.732851149999988 ], [ -70.787223263999977, -76.736477736999973 ], [ -70.783331202999989, -76.749846975999958 ], [ -70.802568836999967, -76.753081645999941 ], [ -70.973615954999957, -76.744055802999981 ], [ -71.748621450999963, -76.762396742999954 ], [ -72.404038785999944, -76.693724617999976 ], [ -72.537719632999938, -76.70541424399994 ], [ -72.863964387999943, -76.67543660299998 ], [ -72.893620785999985, -76.683161194999968 ], [ -72.847653097999967, -76.70716972699995 ], [ -72.961028622999947, -76.718480294999949 ], [ -73.160346268999945, -76.682927064999944 ], [ -73.369613357999981, -76.691495859999975 ], [ -73.860487314999943, -76.654812560999972 ], [ -73.941316928999981, -76.667137837999974 ], [ -73.784410342999934, -76.694240951999973 ], [ -73.754854891999969, -76.716170185999943 ], [ -74.0, -76.693680064999967 ], [ -74.0, -73.642620262999969 ], [ -73.802015988999983, -73.650474021999969 ], [ -73.734147107999945, -73.632679443999962 ], [ -73.755364091999979, -73.620852378999984 ], [ -73.754888022999978, -73.601354883999988 ], [ -73.702767611999946, -73.592547372999945 ], [ -73.665789120999989, -73.567787235999958 ], [ -73.559702280999943, -73.579406426999981 ], [ -73.554810672999963, -73.556993930999965 ], [ -73.246512474999975, -73.522805593999976 ], [ -73.219808929999942, -73.514481988999989 ], [ -73.231295235999937, -73.489099617999955 ], [ -73.172248889999935, -73.498417416999985 ], [ -73.184048295999958, -73.479027576999954 ], [ -73.142396478999956, -73.462325695999937 ], [ -73.151988630999938, -73.446601765999958 ], [ -73.109267295999985, -73.421554038999943 ], [ -72.983265770999935, -73.450564618999977 ], [ -72.768424798999945, -73.429910983999946 ], [ -72.622952349999935, -73.470597991999966 ], [ -72.430703802999972, -73.451405655999963 ], [ -72.356171530999973, -73.458160043999953 ], [ -72.447633854999935, -73.432361914999944 ], [ -72.385148509999965, -73.418611563999946 ], [ -72.459512809999978, -73.377974556999959 ], [ -71.838801754999963, -73.381925096999964 ], [ -71.828935745999956, -73.37970491699997 ], [ -71.858478876999982, -73.357021102999965 ], [ -71.756729958999983, -73.342180420999966 ], [ -71.450879186999941, -73.35996464599998 ], [ -71.400593514999969, -73.349534135999988 ], [ -71.399690393999947, -73.324199065999949 ], [ -71.347988722999958, -73.316908083999976 ], [ -71.377935818999958, -73.290959996999959 ], [ -71.329364041999952, -73.279723887999978 ], [ -71.223531249999951, -73.305396463999955 ], [ -71.201116512999988, -73.300044112999956 ], [ -71.210482593999984, -73.286085997999976 ], [ -71.067074785999978, -73.261695819999943 ], [ -70.871410417999982, -73.251232777999974 ], [ -70.721291922999967, -73.252129426999943 ], [ -70.636464513999954, -73.262362647999964 ], [ -70.62200848699996, -73.279120256999988 ], [ -70.490131317999953, -73.25571445099996 ], [ -70.376509689999978, -73.286938934999966 ], [ -70.270260074999953, -73.281118288999949 ], [ -70.191403053999977, -73.267083681999964 ], [ -70.22725287999998, -73.231851990999985 ], [ -70.209358333999944, -73.213208584999961 ], [ -69.776723040999968, -73.213908004999951 ], [ -69.538357180999981, -73.174249736999968 ], [ -69.293913454999938, -73.171713009999962 ], [ -69.194417699999974, -73.138544492999984 ], [ -69.146237722999956, -73.146292344999949 ], [ -69.138694416999954, -73.130844120999939 ], [ -68.967001190999952, -73.112756363999949 ], [ -68.958299058999955, -73.099331199999938 ], [ -68.874012808999964, -73.109639937999987 ], [ -68.905318724999972, -73.08807477199997 ], [ -68.856003728999951, -73.096695512999986 ], [ -68.89482101599998, -73.070503324999947 ], [ -68.664808107999988, -73.09358943999996 ], [ -68.642649135999989, -73.083589132999975 ], [ -68.674430281999946, -73.071722637999983 ], [ -68.653635000999941, -73.064313966999975 ], [ -68.668036819999941, -73.049121056999979 ], [ -68.581404671999962, -73.056493983999985 ], [ -68.525633471999981, -73.036791290999986 ], [ -68.461592973999984, -73.037454221999951 ], [ -68.525882310999975, -73.016787256999976 ], [ -68.514591443999961, -73.007463918999974 ], [ -68.39298327299997, -73.015465868999968 ], [ -68.312076713999943, -72.986529292999933 ], [ -68.220762733999948, -72.998178735999943 ], [ -68.235592864999944, -72.975181932999988 ], [ -68.187205652999978, -72.953881832999969 ], [ -68.090502866999941, -72.933507405999933 ], [ -67.987342930999944, -72.945627758999933 ], [ -67.934517693999965, -72.903022446999955 ], [ -67.781253740999944, -72.848037418999979 ], [ -67.645653910999954, -72.873268276999966 ], [ -67.601228748999972, -72.859858405999944 ], [ -67.598080032999974, -72.841720455999962 ], [ -67.516783497999938, -72.839793880999935 ], [ -67.493830278999951, -72.822531699999956 ], [ -67.507863730999986, -72.80233945599997 ], [ -67.605264968999961, -72.773114224999972 ], [ -67.518300539999984, -72.758802866999986 ], [ -67.530934234999961, -72.737362818999941 ], [ -67.459121927999945, -72.701290329999949 ], [ -67.484921054999973, -72.695578349999948 ], [ -67.429266631999951, -72.672095322999951 ], [ -67.427056098999969, -72.639371413999982 ], [ -67.387974172999975, -72.636196634999976 ], [ -67.375111190999974, -72.645537813999965 ], [ -67.389616436999972, -72.652602560999981 ], [ -67.367249218999973, -72.655644558999938 ], [ -67.213897487999986, -72.595558402999984 ], [ -67.205914812999936, -72.567061046999981 ], [ -67.23549713899996, -72.559951092999938 ], [ -67.240534467999964, -72.539872095999954 ], [ -67.217142806999959, -72.534151693999945 ], [ -67.235133980999933, -72.517496492999953 ], [ -67.219946256999947, -72.486575159999973 ], [ -67.181094445999975, -72.464111957999933 ], [ -67.20638306799998, -72.447341431999973 ], [ -67.059223270999951, -72.405160562999981 ], [ -67.091851119999944, -72.395044736999978 ], [ -66.963497113999949, -72.338083945999983 ], [ -66.992487191999942, -72.318567146999953 ], [ -66.985291508999978, -72.306075652999937 ], [ -66.884305569999981, -72.280358650999972 ], [ -66.949146169999949, -72.241794879999986 ], [ -66.900041868999949, -72.227668139999935 ], [ -66.89963066699994, -72.210191354999949 ], [ -66.751171922999958, -72.133440701999973 ], [ -66.762016762999963, -72.103008926999962 ], [ -66.831215696999948, -72.09874178299998 ], [ -66.747126056999946, -72.071917071999962 ], [ -66.785578343999987, -72.038103339999964 ], [ -66.756490277999944, -71.983167762999983 ], [ -66.772416906999979, -71.959625384999981 ], [ -66.878592936999951, -71.929642137999963 ], [ -66.851062106999962, -71.898888545999966 ], [ -66.972241554999982, -71.892900561999966 ], [ -67.034952401999988, -71.864761849999979 ], [ -67.055036933999986, -71.83643856499998 ], [ -67.140835528999958, -71.808364809999944 ], [ -67.184805630999961, -71.770670192999944 ], [ -67.132704888999967, -71.74537504999995 ], [ -67.20528696599996, -71.713568278999958 ], [ -67.305151787999932, -71.716433282999958 ], [ -67.326218486999949, -71.693898388999969 ], [ -67.312572204999981, -71.673117549999972 ], [ -67.397610125999961, -71.646250508999969 ], [ -67.439071030999969, -71.624563955999974 ], [ -67.433119808999948, -71.614411477999965 ], [ -67.529994632999944, -71.616438261999974 ], [ -67.521054891999938, -71.597476461999975 ], [ -67.533674699999949, -71.584642941999959 ], [ -67.623897897999939, -71.532660434999968 ], [ -67.620329243999947, -71.511774719999949 ], [ -67.598444948999941, -71.502840352999954 ], [ -67.621074636999936, -71.483870286999945 ], [ -67.595083314999954, -71.47030347499998 ], [ -67.608601154999974, -71.437437277999948 ], [ -67.647300167999958, -71.416120342999989 ], [ -67.64292160499997, -71.381913663999967 ], [ -67.596014756999978, -71.372675363999974 ], [ -67.599319333999972, -71.343390922999959 ], [ -67.563446087999978, -71.328444372999968 ], [ -67.533424060999948, -71.287761541999942 ], [ -67.495844089999935, -71.275293260999945 ], [ -67.522293369999943, -71.217503295999961 ], [ -67.506675557999984, -71.211526110999955 ], [ -67.554067034999946, -71.202353542999958 ], [ -67.463706692999949, -71.168959528999949 ], [ -67.56716397699995, -71.117218679999951 ], [ -67.568917395999961, -71.08223032899997 ], [ -67.483504195999956, -71.060358692999955 ], [ -67.388589484999954, -71.069971025999962 ], [ -67.435559152999986, -71.039280625999936 ], [ -67.38793911199997, -71.008261303999973 ], [ -67.425404666999952, -70.982771831999969 ], [ -67.536333867999986, -70.964908423999987 ], [ -67.548214017999953, -70.954069369999957 ], [ -67.530008536999958, -70.945273062999945 ], [ -67.524532616999977, -70.916823467999961 ], [ -67.647476710999968, -70.864188358999968 ], [ -67.642856077999966, -70.834928334999972 ], [ -67.678244872999983, -70.804981281999972 ], [ -67.662184793999984, -70.788915917999987 ], [ -67.70989917299994, -70.760657182999978 ], [ -67.68981542299997, -70.751815546999978 ], [ -67.690399563999961, -70.718792965999967 ], [ -67.658960932999946, -70.70411919299994 ], [ -67.753103535999969, -70.676265179999973 ], [ -67.761735735999935, -70.660132636999947 ], [ -67.800779776999946, -70.663944631999982 ], [ -67.810884641999962, -70.641407429999958 ], [ -67.77258928699996, -70.637884020999934 ], [ -67.772349364999968, -70.61646888699994 ], [ -67.702372620999938, -70.606732521999959 ], [ -67.77441420699995, -70.534578544999988 ], [ -67.868035594999981, -70.49669367499996 ], [ -67.85434461899996, -70.478966008999976 ], [ -67.90245153799998, -70.420379793999984 ], [ -67.86132457399998, -70.420033111999942 ], [ -67.917188186999965, -70.399134110999967 ], [ -67.929538706999949, -70.374809599999935 ], [ -67.910343502999979, -70.349628508999956 ], [ -67.941777631999969, -70.336937528999954 ], [ -67.964572023999949, -70.297204283999974 ], [ -68.027955088999988, -70.284375288999968 ], [ -68.063145112999962, -70.256239887999982 ], [ -68.209325160999981, -70.225563020999971 ], [ -68.198705773999961, -70.184265284999981 ], [ -68.279593362999947, -70.154136201999961 ], [ -68.29339472099997, -70.116479906999984 ], [ -68.436618539999984, -70.089609782999958 ], [ -68.487640965999958, -70.051214202999972 ], [ -68.475456807999933, -70.037719935999974 ], [ -68.495242232999942, -70.029803107999953 ], [ -68.472899066999958, -70.010960212999976 ], [ -68.489093982999975, -69.978862954999954 ], [ -68.461398285999962, -69.963013993999937 ], [ -68.501624364999941, -69.933585755999957 ], [ -68.498961497999971, -69.918077834999963 ], [ -68.452892591999955, -69.88544372399997 ], [ -68.384567378999975, -69.875917877999939 ], [ -68.400354015999937, -69.823417343999949 ], [ -68.384579018999943, -69.814141201999973 ], [ -68.398080798999956, -69.796560435999936 ], [ -68.386408050999933, -69.772495205999974 ], [ -68.420818588999964, -69.763197304999949 ], [ -68.347674066999957, -69.732842065999932 ], [ -68.362971454999979, -69.716483006999965 ], [ -68.328230510999958, -69.69961595999996 ], [ -68.373203392999983, -69.663995202999956 ], [ -68.504086306999966, -69.637036824999939 ], [ -68.50307073099998, -69.60745448199998 ], [ -68.594326751999972, -69.574620286999959 ], [ -68.58623664199996, -69.547373815999947 ], [ -68.612671961999979, -69.524737672999947 ], [ -68.760793473999968, -69.473964042999967 ], [ -68.773921959999939, -69.445873516999939 ], [ -68.841074694999975, -69.424968921999948 ], [ -68.839456371999972, -69.403327733999959 ], [ -68.817788935999943, -69.396024727999986 ], [ -68.57344289599996, -69.377330995999955 ], [ -68.308499314999949, -69.404126789999964 ], [ -68.287710342999958, -69.349302448999936 ], [ -68.350912910999966, -69.308559448999972 ], [ -68.316203781999945, -69.285544520999963 ], [ -68.26766493599996, -69.279333793999967 ], [ -68.175752215999978, -69.318456893999951 ], [ -68.015178532999983, -69.331148373999952 ], [ -68.003973622999979, -69.339764662999983 ], [ -68.023476850999941, -69.378945722999958 ], [ -68.002482135999969, -69.389458592999972 ], [ -67.966518089999965, -69.391640610999957 ], [ -67.876923371999965, -69.360725922999961 ], [ -67.78385125799997, -69.370727469999963 ], [ -67.610935721999965, -69.412563489999968 ], [ -67.42768024999998, -69.481603191999966 ], [ -67.328205608999951, -69.466778799999986 ], [ -67.241491843999938, -69.431384415999958 ], [ -67.28149856999994, -69.403903818999936 ], [ -67.27438250199998, -69.388503592999939 ], [ -67.237152088999949, -69.384895636999943 ], [ -67.277879211999959, -69.352756210999985 ], [ -67.259361114999933, -69.332386215999975 ], [ -67.275705689999938, -69.314618054999983 ], [ -67.268408248999947, -69.302192569999988 ], [ -67.104903769999964, -69.26203948999995 ], [ -66.895379448999961, -69.271812390999969 ], [ -66.841119707999951, -69.250770800999987 ], [ -66.842833405999954, -69.234353777999956 ], [ -66.826106235999987, -69.226458949999937 ], [ -66.88244580199995, -69.189288261999934 ], [ -66.85350675899997, -69.171230618999971 ], [ -66.951599874999943, -69.119344608999938 ], [ -66.882324093999955, -69.096682143999942 ], [ -66.785352254999964, -69.091741955999964 ], [ -66.745402560999935, -69.066034989999935 ], [ -66.797543705999942, -69.038261575999968 ], [ -66.946201153999937, -69.038620724999987 ], [ -66.873239183999942, -69.022226012999965 ], [ -66.804415423999956, -69.032944727999961 ], [ -66.778539697999975, -69.020207823999954 ], [ -66.78129488999997, -69.002472667999939 ], [ -66.866630709999981, -68.996110371999976 ], [ -66.920473649999963, -68.965398944999947 ], [ -67.315325749999943, -68.935193778999974 ], [ -67.443718366999974, -68.869531522999978 ], [ -67.490497179999977, -68.829184319999968 ], [ -67.395634313999949, -68.790269097999953 ], [ -67.192923340999982, -68.791581642999972 ], [ -67.151519811999947, -68.806403904999968 ], [ -67.108949246999941, -68.793514645999949 ], [ -67.111268780999978, -68.781938054999955 ], [ -67.003894573999958, -68.788893952999956 ], [ -66.965667878999966, -68.759401873999934 ], [ -66.96601216199997, -68.737038003999942 ], [ -67.006037215999982, -68.720999569999947 ], [ -66.995844476999935, -68.704730993999988 ], [ -67.020098472999962, -68.674262536999947 ], [ -67.005828933999965, -68.665917061999949 ], [ -67.032877243999963, -68.648662943999966 ], [ -67.01528626299995, -68.631395995999981 ], [ -67.035044069999969, -68.627199142999984 ], [ -67.035913, -68.608235510999975 ], [ -67.084733262999976, -68.601877405999971 ], [ -67.107398529999955, -68.577140682999982 ], [ -67.149836362999963, -68.565975875999982 ], [ -67.201949980999984, -68.509871591999968 ], [ -67.121819697999968, -68.473166755999955 ], [ -66.998146776999988, -68.479582458999971 ], [ -66.951894567999943, -68.460542145999966 ], [ -66.964357790999941, -68.433935274999953 ], [ -66.942845248999959, -68.43388006899994 ], [ -66.93557293799995, -68.41158689699995 ], [ -66.954764802999932, -68.396811840999987 ], [ -66.935744690999968, -68.394448298999976 ], [ -66.966534233999937, -68.367628581999952 ], [ -66.939837540999974, -68.360190707999948 ], [ -66.940118814999948, -68.343889547999936 ], [ -67.156240856999943, -68.341372838999973 ], [ -67.168820738999955, -68.326722018999988 ], [ -67.151404046999971, -68.296502798999938 ], [ -67.193747636999944, -68.289512313999978 ], [ -67.158275081999989, -68.274568172999977 ], [ -66.775634699999955, -68.317695740999966 ], [ -66.723367136999968, -68.295814409999934 ], [ -66.706908096999939, -68.26776148099998 ], [ -66.617517692999968, -68.242651147999936 ], [ -66.667961412999944, -68.223075411999957 ], [ -66.668483296999966, -68.206625566999946 ], [ -66.646603883999944, -68.199574962999975 ], [ -66.729146308999987, -68.185683652999955 ], [ -66.828183296999953, -68.200346937999939 ], [ -66.861628232999976, -68.225272756999971 ], [ -66.939851001999955, -68.225972362999983 ], [ -66.956560508999985, -68.215907397999956 ], [ -66.914645076999932, -68.194164546999957 ], [ -67.001279044999933, -68.178873222999982 ], [ -67.019828267999969, -68.154874955999958 ], [ -67.101917316999959, -68.128186458999949 ], [ -67.091970418999949, -68.118307732999938 ], [ -67.129780153999945, -68.102026716999944 ], [ -67.127091474999986, -68.088024680999979 ], [ -67.228085329999942, -68.061537009999938 ], [ -67.203474014999983, -68.053982563999966 ], [ -67.102702385999976, -68.076095841999972 ], [ -67.096803377999947, -68.050815642999964 ], [ -67.072412033999967, -68.046064458999979 ], [ -67.08316224899994, -68.03401536299998 ], [ -67.173280829999953, -68.01768746099998 ], [ -67.17939303299994, -68.007076215999973 ], [ -67.162347699999941, -67.998084064999944 ], [ -67.179283920999978, -67.983694840999988 ], [ -67.244844257999944, -67.983510390999982 ], [ -67.296824477999962, -67.961009606999937 ], [ -67.181662935999952, -67.937325672999975 ], [ -67.108974762999935, -67.945929133999982 ], [ -67.051377446999936, -67.925014655999973 ], [ -66.840067764999958, -67.916798460999985 ], [ -66.850485037999988, -67.895496718999937 ], [ -66.81895297799997, -67.873414946999958 ], [ -66.89818332599998, -67.82780704399994 ], [ -66.859352685999966, -67.810435472999984 ], [ -66.768094600999973, -67.803751035999937 ], [ -66.763015960999951, -67.77620077399996 ], [ -66.915252141999986, -67.766505990999974 ], [ -67.055742845999987, -67.786177088999978 ], [ -67.099365130999956, -67.773852475999945 ], [ -67.014630560999933, -67.736793749999947 ], [ -66.715140389999988, -67.719815718999939 ], [ -66.835775253999941, -67.695378257999948 ], [ -66.954448133999961, -67.706132330999935 ], [ -66.975199510999971, -67.689469624999958 ], [ -66.911419703999968, -67.64907954499995 ], [ -66.882908155999985, -67.648064756999986 ], [ -66.891868771999953, -67.640020037999989 ], [ -66.85755125299994, -67.639395217999947 ], [ -66.87039421299994, -67.632298589999948 ], [ -66.836040388999947, -67.609796629999948 ], [ -66.785841243999982, -67.606799931999944 ], [ -66.796567793999941, -67.596028021999985 ], [ -66.767000859999939, -67.586261553999975 ], [ -66.677714912999988, -67.585912862999976 ], [ -66.616881937999949, -67.603794783999945 ], [ -66.544356212999958, -67.58548504099997 ], [ -66.553529245999982, -67.573414231999948 ], [ -66.495560542999954, -67.540738511999962 ], [ -66.511348251999948, -67.517163014999937 ], [ -66.480708723999953, -67.486018802999979 ], [ -66.542189550999979, -67.494699879999985 ], [ -66.600444505999974, -67.540530148999949 ], [ -66.723097650999932, -67.536327804999985 ], [ -66.808041106999951, -67.497082921999947 ], [ -66.909312055999976, -67.495787513999971 ], [ -66.896600456999977, -67.475619966999943 ], [ -66.93261808799997, -67.464690757999961 ], [ -67.051475429999982, -67.486813059999974 ], [ -67.126390408999953, -67.476573963999954 ], [ -67.148227502999987, -67.493345644999977 ], [ -67.356491011999935, -67.519881536999947 ], [ -67.362561829999947, -67.534646580999947 ], [ -67.436114139999972, -67.545987449999984 ], [ -67.633854389999954, -67.555428645999939 ], [ -67.60812150299995, -67.526259367999955 ], [ -67.527845012999933, -67.493936588999986 ], [ -67.57946431299996, -67.472471852999945 ], [ -67.658564215999945, -67.485286491999943 ], [ -67.647222322999937, -67.448402399999964 ], [ -67.579153097999949, -67.411442940999962 ], [ -67.596067587999983, -67.405220449999945 ], [ -67.569548500999986, -67.404755101999967 ], [ -67.585092104999944, -67.385517497999956 ], [ -67.546062572999972, -67.373153645999935 ], [ -67.543772353999941, -67.346134930999938 ], [ -67.484773435999955, -67.342857402999982 ], [ -67.520986916999959, -67.298637492999944 ], [ -67.586652486999981, -67.286350290999962 ], [ -67.554132875999983, -67.239448552999988 ], [ -67.494950869999968, -67.221320200999969 ], [ -67.460697169999946, -67.174923709999973 ], [ -67.624425020999979, -67.185024590999944 ], [ -67.576095786999986, -67.171790218999945 ], [ -67.590684353999961, -67.153035984999974 ], [ -67.533353799999986, -67.132579158999988 ], [ -67.512936375999971, -67.090260883999974 ], [ -67.483075182999983, -67.084470262999957 ], [ -67.511495088999936, -67.053511273999959 ], [ -67.494776473999934, -67.041262855999946 ], [ -67.484942330999957, -67.039534539999977 ], [ -67.433455519999939, -67.051026752999974 ], [ -67.443823693999946, -67.059952235999958 ], [ -67.420617404999973, -67.073382152999955 ], [ -67.427668646999962, -67.093187693999937 ], [ -67.367455117999953, -67.084507513999938 ], [ -67.352204452999956, -67.088150826999936 ], [ -67.354448719999937, -67.102975707999974 ], [ -67.309730527999989, -67.109910082999988 ], [ -67.303324060999955, -67.089188720999971 ], [ -67.271541576999937, -67.080682690999936 ], [ -67.286971792999964, -67.057945023999935 ], [ -67.249330645999976, -67.038387187999945 ], [ -67.218585169999983, -66.960545399999944 ], [ -67.191934987999957, -66.953694243999962 ], [ -67.200315436999972, -66.965051217999985 ], [ -67.164990797999963, -67.016144442999973 ], [ -67.127266076999945, -67.019263088999935 ], [ -67.057896815999982, -66.993380602999935 ], [ -67.125234312999964, -66.959669653999981 ], [ -67.114388948999988, -66.931223344999978 ], [ -67.040023284999961, -66.917766121999932 ], [ -67.040007136999975, -66.928056852999987 ], [ -66.95492024899994, -66.928614713999934 ], [ -66.957701612999983, -66.93880349899996 ], [ -66.906102898999961, -66.950365174999945 ], [ -66.904758467999955, -66.971910241999979 ], [ -66.934233215999939, -66.991695686999947 ], [ -66.916152667999938, -67.003063022999982 ], [ -66.932738270999948, -67.013305653999964 ], [ -66.906623148999984, -67.027852767999946 ], [ -66.90522933799997, -67.069957551999948 ], [ -66.94242064499997, -67.090790305999974 ], [ -66.947340534999967, -67.146652472999961 ], [ -66.889241785999957, -67.159168815999976 ], [ -66.887239851999936, -67.173718764999933 ], [ -66.977072805999967, -67.211028566999971 ], [ -66.956220952999956, -67.246508199999937 ], [ -66.992228334999936, -67.276810774999944 ], [ -66.974987192999947, -67.287646584999948 ], [ -66.918048708999947, -67.264117239999962 ], [ -66.811097149999966, -67.309649879999938 ], [ -66.782835408999972, -67.288783567999985 ], [ -66.801362232999963, -67.263069964999943 ], [ -66.750725760999956, -67.248138962999974 ], [ -66.719247879999955, -67.222891560999983 ], [ -66.732559242999969, -67.219492460999959 ], [ -66.688067901999943, -67.209235573999933 ], [ -66.716812426999979, -67.192426836999971 ], [ -66.706476075999944, -67.188870992999966 ], [ -66.67313455599998, -67.224467095999955 ], [ -66.608932075999974, -67.232636062999973 ], [ -66.555326675999936, -67.293356832999962 ], [ -66.567087085999958, -67.30387641599998 ], [ -66.544748334999952, -67.309220302999961 ], [ -66.56197296199997, -67.318621764999932 ], [ -66.536458922999941, -67.325795698999968 ], [ -66.545589412999959, -67.34188650699997 ], [ -66.453864194999937, -67.335986480999964 ], [ -66.464943253999934, -67.242410542999949 ], [ -66.440190038999958, -67.174750826999968 ], [ -66.525151183999981, -67.112725039999987 ], [ -66.404726752999977, -67.082389762999981 ], [ -66.502117851999969, -67.064382093999939 ], [ -66.529597979999949, -67.044219990999977 ], [ -66.591004382999984, -67.047978074999946 ], [ -66.619245441999965, -67.029753975999938 ], [ -66.606386042999986, -67.03264199399996 ], [ -66.590686008999967, -67.002416342999936 ], [ -66.601247876999935, -66.989650992999941 ], [ -66.539299572999937, -66.959167338999976 ], [ -66.506315164999933, -66.917519872999947 ], [ -66.40820058099996, -66.903270305999968 ], [ -66.427527641999973, -66.886886496999978 ], [ -66.385161482999933, -66.850905467999951 ], [ -66.559844984999984, -66.81251631899994 ], [ -66.532020104999958, -66.79739185699998 ], [ -66.590781898999978, -66.801532297999984 ], [ -66.539177209999934, -66.774976867999953 ], [ -66.525736203999941, -66.751541365999969 ], [ -66.538658226999985, -66.744873281999958 ], [ -66.525957313999982, -66.741767106999987 ], [ -66.526550270999962, -66.69816756299997 ], [ -66.557452602999945, -66.667597051999962 ], [ -66.543050242999982, -66.644785123999952 ], [ -66.421708620999937, -66.606021179999971 ], [ -66.382913030999987, -66.609622156999933 ], [ -66.349879079999937, -66.588297231999945 ], [ -66.128280978999953, -66.586934869999936 ], [ -66.069826345999957, -66.60002992699998 ], [ -66.062750385999948, -66.609306587999981 ], [ -66.077701950999938, -66.619752785999935 ], [ -66.057086606999974, -66.628017945999943 ], [ -65.989930396999966, -66.632854213999963 ], [ -65.955277851999938, -66.652054214999964 ], [ -65.978510051999933, -66.673558688999947 ], [ -65.970889865999936, -66.681876479999971 ], [ -65.874278778999951, -66.674695567999947 ], [ -65.828750681999963, -66.693060292999974 ], [ -65.834144982999987, -66.718422266999937 ], [ -65.810754061999944, -66.739860358999977 ], [ -65.698997383999938, -66.749909174999971 ], [ -65.692835772999956, -66.723092151999936 ], [ -65.726684588999944, -66.702648997999972 ], [ -65.700356018999969, -66.697095187999935 ], [ -65.733193013999937, -66.684127083999954 ], [ -65.69173062699997, -66.68952380199994 ], [ -65.629162508999968, -66.66296807699996 ], [ -65.65506976599994, -66.655435538999939 ], [ -65.642643437999936, -66.644345837999936 ], [ -65.664598520999959, -66.630993339999975 ], [ -65.778926023999986, -66.609582667999973 ], [ -65.760097114999951, -66.597320801999956 ], [ -65.695947726999975, -66.613035689999947 ], [ -65.667759840999963, -66.595474743999944 ], [ -65.683600224999964, -66.578394377999984 ], [ -65.734309746999941, -66.58063113999998 ], [ -65.738751481999941, -66.565370157999951 ], [ -65.708600042999933, -66.529570175999936 ], [ -65.646021069999961, -66.52803886099997 ], [ -65.70825502699995, -66.488904408999986 ], [ -65.631812087999947, -66.453599082999972 ], [ -65.682162957999935, -66.428550959999939 ], [ -65.548615231999975, -66.403664354999933 ], [ -65.599397133999958, -66.377421351999942 ], [ -65.645279097999946, -66.378149127999961 ], [ -65.646033049999971, -66.339851975999977 ], [ -65.672318533999942, -66.320792849999975 ], [ -65.875671300999954, -66.320634260999952 ], [ -65.861615021999967, -66.310985589999973 ], [ -65.882129659999976, -66.298589379999953 ], [ -65.874110482999981, -66.292434172999947 ], [ -65.849480329999949, -66.299291920999963 ], [ -65.842070537999973, -66.284512222999979 ], [ -65.783419483999978, -66.269097342999942 ], [ -65.728290866999941, -66.277400111999953 ], [ -65.659539897999935, -66.22469973799997 ], [ -65.661177133999956, -66.206857485999933 ], [ -65.626430666999966, -66.201513632999934 ], [ -65.623902742999974, -66.190549086999965 ], [ -65.651156097999944, -66.183954613999958 ], [ -65.643410432999985, -66.170591335999973 ], [ -65.682528119999972, -66.172652065999955 ], [ -65.691410668999936, -66.150506582999981 ], [ -65.728744853999956, -66.144008647999954 ], [ -65.657001612999977, -66.147884657999953 ], [ -65.648226727999941, -66.129791885999964 ], [ -65.611989806999986, -66.127620813999954 ], [ -65.634092406999969, -66.113096937999956 ], [ -65.608574264999959, -66.097157491999951 ], [ -65.574713564999968, -66.101523859999986 ], [ -65.558732362999933, -66.122642547999988 ], [ -65.473131438999985, -66.124074139999948 ], [ -65.513966641999957, -66.163137208999956 ], [ -65.454414202999942, -66.18240218699998 ], [ -65.417098300999953, -66.163121226999976 ], [ -65.384062713999981, -66.183909922999987 ], [ -65.331462539999961, -66.186739729999942 ], [ -65.346866793999936, -66.160658815999966 ], [ -65.377947064999944, -66.153332958999954 ], [ -65.371856890999936, -66.141530044999968 ], [ -65.149562562999961, -66.184285632999945 ], [ -65.093009323999979, -66.146326435999981 ], [ -65.133488735999947, -66.115014961999975 ], [ -65.230147434999935, -66.090411140999947 ], [ -65.242686497999955, -66.066277010999954 ], [ -65.338017626999942, -66.046872115999975 ], [ -65.327638755999942, -66.031560678999938 ], [ -65.342776642999979, -66.007508414999961 ], [ -65.310927201999959, -65.991018170999951 ], [ -65.336449887999947, -65.982656575999954 ], [ -65.298176635999937, -65.965686440999946 ], [ -65.156342538999979, -65.954867233999948 ], [ -65.084921190999978, -65.998996341999941 ], [ -65.043790680999962, -65.987748471999964 ], [ -65.066515871999968, -65.965827637999951 ], [ -65.017309894999983, -65.968122878999964 ], [ -65.007975809999948, -65.942205459999968 ], [ -64.932672087999947, -65.926328898999941 ], [ -64.783478321999951, -65.948622022999984 ], [ -64.813395070999945, -65.949456023999971 ], [ -64.820578558999955, -65.970967157999951 ], [ -64.755992804999948, -65.992634820999967 ], [ -64.767902739999954, -66.004859158999977 ], [ -64.746174162999978, -66.013717497999949 ], [ -64.707229350999967, -66.014240885999982 ], [ -64.702031727999952, -66.04199559999995 ], [ -64.567269092999936, -66.037440580999942 ], [ -64.555363221999983, -66.007554408999965 ], [ -64.571709977999944, -65.998370954999984 ], [ -64.492907154999955, -66.005036106999967 ], [ -64.476636865999978, -65.986506059999954 ], [ -64.489611673999946, -65.98089162399998 ], [ -64.454434589999948, -65.977959846999966 ], [ -64.447038063999969, -65.956119696999963 ], [ -64.475385397999958, -65.951939121999942 ], [ -64.524318463999975, -65.908437007999964 ], [ -64.574774698999988, -65.907609205999961 ], [ -64.530484295999941, -65.901268561999984 ], [ -64.533502285999987, -65.884488546999933 ], [ -64.61319367699997, -65.890902695999955 ], [ -64.699112145999948, -65.838806199999965 ], [ -64.654118011999969, -65.814792599999976 ], [ -64.664770404999956, -65.804629541999986 ], [ -64.650155477999988, -65.785734248999972 ], [ -64.683732541999973, -65.772183278999933 ], [ -64.663808355999947, -65.735608819999982 ], [ -64.629540968999947, -65.733688657999949 ], [ -64.561862082999937, -65.770283093999979 ], [ -64.487309468999968, -65.777458810999974 ], [ -64.466544092999982, -65.795056487999943 ], [ -64.399041332999957, -65.807867202999944 ], [ -64.349140852999938, -65.799454734999983 ], [ -64.352476837999973, -65.774152299999969 ], [ -64.385383460999947, -65.740428055999985 ], [ -64.330460743999936, -65.720222040999943 ], [ -64.442694763999953, -65.671223736999934 ], [ -64.483016443999986, -65.642796209999972 ], [ -64.477867483999944, -65.630127637999976 ], [ -64.321610299999975, -65.642613461999986 ], [ -64.277772138999978, -65.632969312999933 ], [ -64.217171284999949, -65.654259391999972 ], [ -64.224089865999986, -65.672420125999963 ], [ -64.205094914999961, -65.693195765999974 ], [ -64.150801358999956, -65.677471207999986 ], [ -64.122515172999954, -65.686056006999934 ], [ -64.122855136999988, -65.700553695999986 ], [ -64.049667411999962, -65.693840008999985 ], [ -64.042164269999944, -65.679211373999976 ], [ -64.16376334499995, -65.616287327999942 ], [ -64.090385714999968, -65.629401921999943 ], [ -64.103053817999978, -65.614247949999935 ], [ -64.090726165999968, -65.607083505999981 ], [ -64.185867159999987, -65.552505376999932 ], [ -64.211494996999932, -65.556091857999945 ], [ -64.234777359999953, -65.552979666999988 ], [ -64.236463549999939, -65.549730949999969 ], [ -64.179963397999984, -65.535362886999962 ], [ -64.194068037999955, -65.526545437999971 ], [ -64.184785796999961, -65.521406887999945 ], [ -64.134549151999977, -65.522023734999948 ], [ -64.117095353999957, -65.51122240899997 ], [ -64.061987901999942, -65.528681510999945 ], [ -63.979779618999942, -65.520361955999988 ], [ -63.990379550999933, -65.529313067999965 ], [ -63.97958205499998, -65.573306191999961 ], [ -63.902689850999934, -65.591810802999987 ], [ -63.903041801999962, -65.606550471999981 ], [ -63.855912603999968, -65.603113854999947 ], [ -63.828761985999961, -65.628123378999987 ], [ -63.78016103899995, -65.607919729999935 ], [ -63.791060894999987, -65.592798171999959 ], [ -63.72937531499997, -65.583577343999934 ], [ -63.796531461999962, -65.571770391999962 ], [ -63.81105187299994, -65.54806081299995 ], [ -63.837528133999967, -65.541512093999984 ], [ -63.676103912999963, -65.524273836999953 ], [ -63.695358805999945, -65.512444883999933 ], [ -63.687647817999959, -65.502036156999964 ], [ -63.762325575999967, -65.498943545999964 ], [ -63.747203654999964, -65.469079821999969 ], [ -63.839653498999951, -65.485233152999967 ], [ -63.817201252999951, -65.462185750999936 ], [ -63.883855186999938, -65.461056239999948 ], [ -63.885960931999932, -65.473259972999983 ], [ -63.958731312999987, -65.46330808099998 ], [ -64.104143422999982, -65.403755424999986 ], [ -64.051230177999969, -65.407627333999983 ], [ -64.035807125999952, -65.389318724999953 ], [ -63.979890033999936, -65.380268910999973 ], [ -64.024022133999949, -65.330504378999933 ], [ -64.100267230999975, -65.305650239999977 ], [ -64.127653883999983, -65.273019409999961 ], [ -64.052739110999937, -65.287394234999965 ], [ -64.02674017399994, -65.273221275999958 ], [ -64.083273407999968, -65.253949274999968 ], [ -64.061484056999973, -65.211268746999963 ], [ -64.092289532999985, -65.17485490599995 ], [ -64.026698615999976, -65.138423875999933 ], [ -63.966046213999959, -65.152368930999955 ], [ -63.936439760999974, -65.140834043999973 ], [ -63.946516377999956, -65.124293645999956 ], [ -63.998481539999943, -65.115891793999936 ], [ -63.95907772299995, -65.090815425999949 ], [ -63.885544331999938, -65.08981834399998 ], [ -63.892900046999955, -65.073387722999939 ], [ -63.929367862999982, -65.07625698399994 ], [ -63.907308803999967, -65.06099437599994 ], [ -63.810239774999957, -65.027719596999987 ], [ -63.788066074999961, -65.035370560999979 ], [ -63.810986901999968, -65.053948774999981 ], [ -63.787776614999984, -65.072997674999954 ], [ -63.763176272999942, -65.05019522799995 ], [ -63.674012796999932, -65.030059501999972 ], [ -63.70363386799994, -65.056894381999939 ], [ -63.677859220999949, -65.071831515999975 ], [ -63.653408376999948, -65.058489189999932 ], [ -63.622021845999939, -65.064592940999944 ], [ -63.665325209999935, -65.073507370999948 ], [ -63.655113382999957, -65.08665935099998 ], [ -63.593237724999938, -65.07641911199994 ], [ -63.560033455999985, -65.096773064999979 ], [ -63.55612543999996, -65.079952442999968 ], [ -63.512583060999987, -65.078663718999962 ], [ -63.525015608999979, -65.094707995999954 ], [ -63.437762858999974, -65.093706398999984 ], [ -63.380308647999982, -65.116041858999949 ], [ -63.352251722999938, -65.109365508999986 ], [ -63.343177680999986, -65.084260880999977 ], [ -63.232037816999934, -65.084386967999933 ], [ -63.260852574999944, -65.115424029999986 ], [ -63.206579073999933, -65.120457702999943 ], [ -63.275374517999978, -65.158983043999967 ], [ -63.262651364999954, -65.197567765999963 ], [ -63.217507572999978, -65.196217734999948 ], [ -63.171973228999946, -65.142437409999957 ], [ -63.116622012999983, -65.141342437999981 ], [ -63.137352053999962, -65.161099229999934 ], [ -63.084967394999978, -65.168123675999936 ], [ -63.065826648999973, -65.130523463999964 ], [ -62.971277802999964, -65.121017893999976 ], [ -62.975249294999969, -65.109152617999939 ], [ -63.032339318999959, -65.108024741999941 ], [ -62.993979776999936, -65.09955649699998 ], [ -63.025735188999988, -65.083172768999987 ], [ -63.031727884999952, -65.07411392299997 ], [ -63.015141536999977, -65.068393225999955 ], [ -63.040692910999951, -65.053506598999945 ], [ -62.993387795999979, -65.038511222999944 ], [ -62.985174554999958, -65.02029732799997 ], [ -63.133076014999972, -65.032819062999977 ], [ -63.156294382999988, -65.005173071999934 ], [ -63.213720977999969, -64.988634112999932 ], [ -63.203977809999969, -64.972172630999978 ], [ -63.263677102999964, -64.955297374999986 ], [ -63.09746593899996, -64.941793532999952 ], [ -63.064162700999987, -64.929083401999947 ], [ -63.095238303999963, -64.921199394999974 ], [ -63.068694772999947, -64.902510849999942 ], [ -62.996521438999935, -64.927736073999938 ], [ -62.973013348999984, -64.914109079999946 ], [ -62.932274449999966, -64.913305423999986 ], [ -62.922494752999967, -64.933103683999946 ], [ -62.880298510999978, -64.916013901999975 ], [ -62.847792430999959, -64.921598139999958 ], [ -62.842203349999977, -64.906195938999986 ], [ -62.869758465999951, -64.904131016999941 ], [ -62.872111337999968, -64.896078920999969 ], [ -62.844834706999961, -64.892191857999933 ], [ -62.843688187999987, -64.872303012999964 ], [ -62.785638286999983, -64.862187910999978 ], [ -62.825189504999969, -64.858540356999981 ], [ -62.859618582999985, -64.823442040999964 ], [ -62.82294189299995, -64.820496765999962 ], [ -62.818792475999942, -64.804237523999973 ], [ -62.670541731999947, -64.851408434999939 ], [ -62.605874246999974, -64.910592646999987 ], [ -62.567853129999946, -64.914692471999956 ], [ -62.536932265999951, -64.87987323699997 ], [ -62.498016680999967, -64.894089156999939 ], [ -62.396041148999984, -64.876541911999936 ], [ -62.373703941999963, -64.855410074999952 ], [ -62.440934394999942, -64.865603217999933 ], [ -62.527640178999945, -64.846990826999956 ], [ -62.703501552999967, -64.770328130999985 ], [ -62.540020024999933, -64.751231871999948 ], [ -62.529164115999947, -64.716987023999934 ], [ -62.561190518999979, -64.705359244999954 ], [ -62.559331156999974, -64.685828144999959 ], [ -62.581118975999971, -64.670924963999937 ], [ -62.567904261999956, -64.658916425999962 ], [ -62.579861577999964, -64.656804413999964 ], [ -62.554946822999966, -64.624496506999947 ], [ -62.531192947999955, -64.646011223999949 ], [ -62.512805107999952, -64.641320273999952 ], [ -62.521447258999956, -64.624798128999942 ], [ -62.467252859999974, -64.629513816999975 ], [ -62.529823514999975, -64.610701914999936 ], [ -62.465383007999947, -64.591676373999974 ], [ -62.417782369999941, -64.600152541999933 ], [ -62.460970821999979, -64.621530983999946 ], [ -62.406244353999966, -64.622808686999974 ], [ -62.424512763999985, -64.633426890999942 ], [ -62.399726238999961, -64.645857012999954 ], [ -62.412259029999973, -64.65382178599998 ], [ -62.402298933999987, -64.669000291999964 ], [ -62.373711003999972, -64.669305434999956 ], [ -62.358658268999932, -64.640126071999987 ], [ -62.301473778999934, -64.655347390999964 ], [ -62.320731196999986, -64.684430182999961 ], [ -62.360912622999933, -64.673874282999975 ], [ -62.33103519499997, -64.692282353999985 ], [ -62.382794709999985, -64.718685839999978 ], [ -62.289636127999984, -64.707578025999965 ], [ -62.308512406999967, -64.718270443999984 ], [ -62.301403982999943, -64.736249546999943 ], [ -62.337983381999948, -64.752968458999987 ], [ -62.295679866999933, -64.770958987999961 ], [ -62.191003336999984, -64.769366798999954 ], [ -62.222074321999969, -64.756549464999978 ], [ -62.222258810999961, -64.739426698999978 ], [ -62.150282137999966, -64.731911953999941 ], [ -62.171820284999967, -64.708312784999976 ], [ -62.151764238999988, -64.705145290999951 ], [ -62.164164213999982, -64.698845577999975 ], [ -62.144058159999986, -64.683928853999987 ], [ -62.121206220999966, -64.700273497999945 ], [ -62.083400796999967, -64.698325764999936 ], [ -62.091113772999961, -64.712680524999939 ], [ -62.069737866999958, -64.722863842999971 ], [ -62.037555294999947, -64.719055562999984 ], [ -62.044808629999977, -64.691113497999936 ], [ -61.981701499999986, -64.69803227999995 ], [ -61.945780944999967, -64.668680857999959 ], [ -61.974207723999939, -64.653413551999961 ], [ -61.92638427299994, -64.640722110999945 ], [ -61.975808540999935, -64.603957531999981 ], [ -61.945575652999935, -64.601071971999943 ], [ -61.948649441999976, -64.590090326999984 ], [ -61.910102551999955, -64.56783848699996 ], [ -61.912841156999946, -64.580250321999983 ], [ -61.881889384999965, -64.575408694999965 ], [ -61.891223283999977, -64.591673593999985 ], [ -61.867556839999963, -64.595636921999983 ], [ -61.799999668999988, -64.582013950999965 ], [ -61.832771922999939, -64.564510901999938 ], [ -61.801935474999937, -64.529261414999951 ], [ -61.853915159999985, -64.510634946999971 ], [ -61.80048971399998, -64.512982601999965 ], [ -61.80916522299998, -64.493134874999953 ], [ -61.759085664999986, -64.501384586999961 ], [ -61.778560952999953, -64.504276756999957 ], [ -61.776875021999956, -64.528177383999946 ], [ -61.695875210999986, -64.585337047999985 ], [ -61.720365336999976, -64.592740833999983 ], [ -61.702499110999952, -64.607247735999977 ], [ -61.73010144899996, -64.624143265999976 ], [ -61.714798149999979, -64.640419465999969 ], [ -61.69394379299996, -64.642995077999956 ], [ -61.661136801999987, -64.616425127999946 ], [ -61.649398012999939, -64.63227676799994 ], [ -61.660159062999981, -64.654111891999946 ], [ -61.625793889999954, -64.664740542999937 ], [ -61.542289799999935, -64.645901998999932 ], [ -61.556178833999979, -64.632869810999978 ], [ -61.49237876899997, -64.606021575999932 ], [ -61.53406718399998, -64.604568206999943 ], [ -61.569260186999941, -64.574672090999968 ], [ -61.614638968999941, -64.56736879999994 ], [ -61.617849429999978, -64.534662971999978 ], [ -61.575030186999982, -64.518738258999974 ], [ -61.45910818699997, -64.536178447999987 ], [ -61.473628891999965, -64.50685240699994 ], [ -61.444114557999967, -64.49177304799997 ], [ -61.466535101999966, -64.469606769999984 ], [ -61.52459330399995, -64.490044584999964 ], [ -61.562579331999984, -64.485127309999939 ], [ -61.55325417499995, -64.475640193999936 ], [ -61.583351566999966, -64.462705663999941 ], [ -61.562404016999949, -64.454281416999947 ], [ -61.605072276999977, -64.430463180999936 ], [ -61.56015930999996, -64.43788324999997 ], [ -61.548857143999953, -64.430612646999975 ], [ -61.568206083999939, -64.423299261999944 ], [ -61.540641334999975, -64.41864099299994 ], [ -61.563910402999966, -64.410254122999959 ], [ -61.553824666999958, -64.406411266999953 ], [ -61.464037308999934, -64.415869221999969 ], [ -61.453566036999973, -64.403105667999966 ], [ -61.483137283999952, -64.395054291999941 ], [ -61.446422889999951, -64.377643328999966 ], [ -61.464825879999978, -64.375869525999974 ], [ -61.462276866999957, -64.363972751999938 ], [ -61.400807024999949, -64.37684190899995 ], [ -61.37454607799998, -64.36412631099995 ], [ -61.382740740999964, -64.352317081999956 ], [ -61.360697022999943, -64.378176742999983 ], [ -61.421066994999933, -64.391922441999952 ], [ -61.434754372999976, -64.412044353999988 ], [ -61.379183243999933, -64.402177457999983 ], [ -61.315956029999938, -64.435596202999932 ], [ -61.293258369999933, -64.430068855999934 ], [ -61.298989654999957, -64.405525689999934 ], [ -61.277318534999949, -64.406841682999982 ], [ -61.27050903099996, -64.391500405999977 ], [ -61.10812176099995, -64.395263090999947 ], [ -61.093906807999986, -64.378001326999936 ], [ -61.126513539999962, -64.37897398299998 ], [ -61.139058653999939, -64.367485615999954 ], [ -61.128714075999937, -64.355906526999945 ], [ -61.148200438999936, -64.352842275999933 ], [ -61.120568473999981, -64.346734549999951 ], [ -61.13945517999997, -64.33464824899994 ], [ -61.111883838999972, -64.332290064999938 ], [ -61.10769129199997, -64.304369424999948 ], [ -60.942080359999977, -64.301637641999946 ], [ -60.931351255999971, -64.282370860999947 ], [ -60.947996880999938, -64.264825557999984 ], [ -60.925412599999959, -64.25538764199996 ], [ -60.999694420999958, -64.238783369999965 ], [ -60.986319938999941, -64.230529169999954 ], [ -61.006201118999968, -64.21481556699996 ], [ -60.907067387999973, -64.20778749599998 ], [ -60.922685541999954, -64.191798420999987 ], [ -60.959662331999937, -64.195208840999953 ], [ -60.941071308999938, -64.174964208999938 ], [ -60.967572872999938, -64.164178413999934 ], [ -60.958981974999972, -64.155344558999957 ], [ -60.864008587999933, -64.168985544999941 ], [ -60.835796549999941, -64.14769354799995 ], [ -60.893719338999972, -64.140334195999969 ], [ -60.892747492999945, -64.124866191999956 ], [ -60.957267182999942, -64.087257442999942 ], [ -61.025907028999939, -64.082182017999969 ], [ -61.027362895999943, -64.062464973999965 ], [ -60.980362881999952, -64.058973337999987 ], [ -60.992972798999972, -64.04281294599997 ], [ -60.941141631999983, -64.064331126999946 ], [ -60.917413563999958, -64.059113243999946 ], [ -60.935883124999975, -64.050369472999932 ], [ -60.881127223999954, -64.044591908999962 ], [ -60.829397408999967, -64.076145917999952 ], [ -60.770209702999978, -64.064934126999958 ], [ -60.75942989899994, -64.073558616999946 ], [ -60.773067871999956, -64.086819361999972 ], [ -60.759974865999936, -64.087621648999971 ], [ -60.723097640999981, -64.068184845999951 ], [ -60.742469095999979, -64.05405372599995 ], [ -60.720362145999957, -64.047637286999986 ], [ -60.732963207999944, -64.02241577999996 ], [ -60.715663941999935, -64.020799452999938 ], [ -60.735950651999985, -64.007097320999947 ], [ -60.591276948999962, -64.006102640999984 ], [ -60.307340926999984, -63.910655554999948 ], [ -60.26188886999995, -63.925615683999979 ], [ -60.227832052999986, -63.910211655999944 ], [ -60.088165776999972, -63.927024829999937 ], [ -60.077251048999983, -63.939696500999958 ], [ -59.961911704999977, -63.954394374999936 ], [ -59.939603477999981, -63.939498193999952 ], [ -59.946702933999973, -63.928959080999959 ], [ -59.995140034999963, -63.922921836999933 ], [ -59.920366601999945, -63.903350673999967 ], [ -59.941260054999987, -63.892843386999971 ], [ -59.927136209999958, -63.870530358999986 ], [ -59.943323248999945, -63.868763541999954 ], [ -59.949465818999954, -63.848082334999958 ], [ -59.902491642999962, -63.846061101999965 ], [ -59.847146696999971, -63.86666151999998 ], [ -59.82651902799995, -63.852310314999954 ], [ -59.831655469999987, -63.833073057999968 ], [ -59.87580458399998, -63.811983141999974 ], [ -59.83965105599998, -63.794464738999977 ], [ -59.858342064999931, -63.787188557999968 ], [ -59.847813064999968, -63.771788511999944 ], [ -59.785218963999966, -63.771147569999982 ], [ -59.755844109999941, -63.794081924999944 ], [ -59.797464551999951, -63.839138307999974 ], [ -59.779561090999948, -63.863378127999965 ], [ -59.702974597999969, -63.86036785899995 ], [ -59.690753007999945, -63.87539921299998 ], [ -59.618442110999979, -63.866378702999953 ], [ -59.546877247999987, -63.895826029999967 ], [ -59.498429982999937, -63.878995412999984 ], [ -59.466323761999945, -63.890102703999958 ], [ -59.463345336999964, -63.912138576999951 ], [ -59.426652401999945, -63.91005090699997 ], [ -59.411389138999937, -63.900730115999977 ], [ -59.41354565499995, -63.877940081999952 ], [ -59.38313913199994, -63.866322887999956 ], [ -59.470568476999972, -63.823803483999939 ], [ -59.363223882999932, -63.814068000999953 ], [ -59.37739542199995, -63.796281378999936 ], [ -59.324122544999966, -63.789631535999945 ], [ -59.338732727999968, -63.754931735999946 ], [ -59.360842913999932, -63.746334839999975 ], [ -59.35432517199996, -63.732063115999949 ], [ -59.415059906999943, -63.727775482999959 ], [ -59.416294058999938, -63.723768240999959 ], [ -59.208461415999977, -63.673282919999963 ], [ -59.113371, -63.719233482999982 ], [ -59.010731263999958, -63.669102212999974 ], [ -58.943508788999964, -63.675205880999954 ], [ -58.913724165999952, -63.658053498999948 ], [ -58.953656732999946, -63.601973269999974 ], [ -58.934077650999939, -63.58422466199994 ], [ -58.938373197999965, -63.565169742999956 ], [ -58.973225357999979, -63.548532011999953 ], [ -58.684572695999975, -63.498372292999932 ], [ -58.558641179999938, -63.49299674699995 ], [ -58.399259106999978, -63.454526567999949 ], [ -58.227111629999968, -63.450823915999933 ], [ -58.161937556999987, -63.472391228999982 ], [ -58.144742754999982, -63.465144338999949 ], [ -58.151118255999961, -63.447542705999979 ], [ -58.135178602999986, -63.450024354999982 ], [ -58.109857146999957, -63.420877319999988 ], [ -58.190710846999934, -63.407283498999959 ], [ -58.196751918999951, -63.39615482399995 ], [ -58.16311968399998, -63.377935695999952 ], [ -58.126469370999985, -63.379405134999956 ], [ -58.101531992999981, -63.413510737999957 ], [ -58.051536453999972, -63.420643582999958 ], [ -58.015058206999981, -63.403913728999953 ], [ -58.019310843999961, -63.39216289999996 ], [ -57.947060672999953, -63.380441478999956 ], [ -57.946926712999982, -63.363421079999966 ], [ -57.906045925999933, -63.352864843999953 ], [ -57.885967112999936, -63.329536527999949 ], [ -57.896382424999956, -63.319220850999955 ], [ -57.876899425999966, -63.311316310999985 ], [ -57.772028827999975, -63.310243270999933 ], [ -57.705975946999956, -63.284228711999958 ], [ -57.601153132999968, -63.266721579999967 ], [ -57.572760775999939, -63.27559204399995 ], [ -57.431711549999932, -63.23041705299994 ] ] ], [ [ [ -57.314340932999983, -63.192984377999949 ], [ -57.29880088799996, -63.195081865999953 ], [ -57.297888046999958, -63.199147438999944 ], [ -57.306109724999942, -63.20343186499997 ], [ -57.314340932999983, -63.192984377999949 ] ] ], [ [ [ -55.501852351999958, -63.188897943999962 ], [ -55.492719553999962, -63.188197665999951 ], [ -55.491410729999984, -63.189363242999946 ], [ -55.501852351999958, -63.188897943999962 ] ] ], [ [ [ -56.609680304999983, -63.148204753999948 ], [ -56.566021356999954, -63.161953015999984 ], [ -56.59857879599997, -63.213181160999966 ], [ -56.697539985999981, -63.207740926999975 ], [ -56.695971889999953, -63.172729747999938 ], [ -56.609680304999983, -63.148204753999948 ] ] ], [ [ [ -55.526129148999985, -63.12680142399995 ], [ -55.516778306999981, -63.134480979999978 ], [ -55.53472349599997, -63.128917479999984 ], [ -55.526129148999985, -63.12680142399995 ] ] ], [ [ [ -55.616256152999938, -63.121932629999947 ], [ -55.483332640999947, -63.151538586999948 ], [ -55.482025680999982, -63.16232925199995 ], [ -55.508627163999961, -63.158787018999988 ], [ -55.535333518999948, -63.178376346999983 ], [ -55.468602646999955, -63.210863033999942 ], [ -55.40884245899997, -63.20942641299996 ], [ -55.390653699999973, -63.20076927599996 ], [ -55.400734326999952, -63.181132734999949 ], [ -55.195038180999973, -63.215239273999941 ], [ -55.163892626999939, -63.206978584999945 ], [ -55.156173229999979, -63.184697677999964 ], [ -55.056216194999934, -63.231841219999978 ], [ -55.04924226199995, -63.311817934999965 ], [ -55.135607200999971, -63.354308426999978 ], [ -55.293064275999939, -63.363255580999976 ], [ -55.371897777999948, -63.357365749999985 ], [ -55.432866782999952, -63.327178163999974 ], [ -55.540718671999969, -63.330930329999944 ], [ -55.553002333999984, -63.35240499799994 ], [ -55.785625712999945, -63.287826074999941 ], [ -55.803815742999973, -63.292086740999935 ], [ -55.766401354999971, -63.297851658999946 ], [ -55.781061183999952, -63.307060294999985 ], [ -55.770961175999958, -63.324728935999985 ], [ -55.801738475999969, -63.328277253999943 ], [ -55.848129038999957, -63.321510772999943 ], [ -55.840247602999966, -63.301323707999984 ], [ -55.910889686999951, -63.292206490999945 ], [ -55.926904379999939, -63.30118534099995 ], [ -55.914788815999941, -63.320468081999934 ], [ -55.950581488999944, -63.334833327999945 ], [ -55.938045966999937, -63.344804733999979 ], [ -56.02212437999998, -63.337175502999969 ], [ -56.026816935999932, -63.355592200999979 ], [ -56.011645381999983, -63.364417988999946 ], [ -56.044332907999944, -63.386598010999933 ], [ -56.104857652999954, -63.388887541999964 ], [ -56.135763915999974, -63.405694555999958 ], [ -56.263573183999938, -63.405576039999971 ], [ -56.28591436399995, -63.429079884999965 ], [ -56.362962033999963, -63.441610487999981 ], [ -56.445869009999967, -63.432881498999961 ], [ -56.468531822999978, -63.418672579999964 ], [ -56.462822423999967, -63.397233167999957 ], [ -56.557743482999967, -63.37259725399997 ], [ -56.539063613999986, -63.330719643999942 ], [ -56.439996343999951, -63.31839249899997 ], [ -56.489205496999944, -63.298755375999974 ], [ -56.412906272999976, -63.252163702999951 ], [ -56.343457473999933, -63.223402340999939 ], [ -56.258437311999955, -63.212876799999947 ], [ -56.18092065999997, -63.172966972999973 ], [ -56.09946335799998, -63.164485615999979 ], [ -56.048359403999939, -63.139857943999971 ], [ -55.949950592999983, -63.148510495999972 ], [ -55.828246560999958, -63.125470041999961 ], [ -55.809469931999956, -63.145470616999944 ], [ -55.761263695999958, -63.155409345999942 ], [ -55.616256152999938, -63.121932629999947 ] ] ], [ [ [ -62.775616015999958, -63.100862869999958 ], [ -62.764012531999981, -63.101459043999967 ], [ -62.777613546999987, -63.103521988999944 ], [ -62.775616015999958, -63.100862869999958 ] ] ], [ [ [ -62.794498631999943, -63.094862458999955 ], [ -62.803544525999939, -63.097370063999961 ], [ -62.806427851999956, -63.097200326999939 ], [ -62.794498631999943, -63.094862458999955 ] ] ], [ [ [ -60.580404478999981, -63.02322959299994 ], [ -60.575147286999936, -63.021902727999986 ], [ -60.574764889999983, -63.024988916999973 ], [ -60.580404478999981, -63.02322959299994 ] ] ], [ [ [ -55.848414907999938, -63.001764648999938 ], [ -55.840887906999967, -63.004169368999953 ], [ -55.854149455999959, -63.003976113999954 ], [ -55.848414907999938, -63.001764648999938 ] ] ], [ [ [ -56.488276460999941, -62.97384963899998 ], [ -56.307440765999957, -63.008502462999957 ], [ -56.168143819999955, -62.996446825999953 ], [ -56.079839533999973, -63.006962672999975 ], [ -56.030593231999944, -63.027758637999966 ], [ -56.030636762999961, -63.057498211999985 ], [ -56.144492075999949, -63.110355383999945 ], [ -56.172806631999947, -63.142179256999952 ], [ -56.313748335999946, -63.188138927999944 ], [ -56.481373867999935, -63.132801072999939 ], [ -56.619179884999937, -63.059168130999979 ], [ -56.626043762999984, -63.036303437999948 ], [ -56.495480011999973, -62.999836048999953 ], [ -56.488276460999941, -62.97384963899998 ] ] ], [ [ [ -56.377635675999954, -62.972840843999961 ], [ -56.367715702999931, -62.971791928999949 ], [ -56.363937616999976, -62.972526890999973 ], [ -56.377635675999954, -62.972840843999961 ] ] ], [ [ [ -56.367759924999973, -62.963201886999968 ], [ -56.367244594999931, -62.968565332999958 ], [ -56.372594492999951, -62.965779426999973 ], [ -56.367759924999973, -62.963201886999968 ] ] ], [ [ [ -60.632688874999985, -62.892328187999965 ], [ -60.532899026999985, -62.898002751999968 ], [ -60.496163876999958, -62.966935598999953 ], [ -60.516420935999975, -62.988588195999967 ], [ -60.561128956999937, -62.992844579999939 ], [ -60.553815532999977, -62.981629596999937 ], [ -60.580702126999938, -62.983824581999954 ], [ -60.601438137999935, -62.957083759999932 ], [ -60.602188733999981, -62.931597779999947 ], [ -60.656294524999964, -62.919241815999953 ], [ -60.691668629999981, -62.927769880999961 ], [ -60.677370640999982, -62.934914732999971 ], [ -60.71365597099998, -62.958545382999944 ], [ -60.707546434999983, -62.980467604999944 ], [ -60.552646342999935, -62.999366975999976 ], [ -60.605671478999966, -63.021657421999976 ], [ -60.673459953999952, -63.015328005999947 ], [ -60.725834557999974, -62.994922365999969 ], [ -60.75018529099998, -62.966949978999935 ], [ -60.739317895999932, -62.920919062999985 ], [ -60.632688874999985, -62.892328187999965 ] ] ], [ [ [ -62.535548580999944, -62.919938848999948 ], [ -62.298774509999987, -62.874815081999941 ], [ -62.352652979999959, -62.929744684999946 ], [ -62.442795052999941, -62.991893445999949 ], [ -62.607882110999981, -63.070650343999944 ], [ -62.668138821999946, -63.091267416999983 ], [ -62.720431115999986, -63.097429270999953 ], [ -62.602326109999979, -63.003361162999965 ], [ -62.574620712999945, -62.961654662999933 ], [ -62.543141909999974, -62.956425285999956 ], [ -62.53656506599998, -62.938197701999968 ], [ -62.554795306999949, -62.936271591999969 ], [ -62.535548580999944, -62.919938848999948 ] ] ], [ [ [ -62.346424667999941, -62.868965188999937 ], [ -62.337739248999981, -62.867144220999933 ], [ -62.335984384999961, -62.869239317999984 ], [ -62.346424667999941, -62.868965188999937 ] ] ], [ [ [ -61.248370509999972, -62.767288784999948 ], [ -61.241763059999982, -62.767746597999974 ], [ -61.234249442999953, -62.77095296799996 ], [ -61.248370509999972, -62.767288784999948 ] ] ], [ [ [ -61.331474932999981, -62.703253586999949 ], [ -61.196433045999981, -62.729412012999944 ], [ -61.252971826999953, -62.747355131999939 ], [ -61.25999380899998, -62.763193281999975 ], [ -61.242441095999936, -62.775156314999947 ], [ -61.286783487999969, -62.773477240999966 ], [ -61.418498145999934, -62.842012992999969 ], [ -61.516114651999942, -62.811409479999952 ], [ -61.495554969999944, -62.804055578999964 ], [ -61.533853581999949, -62.775648417999946 ], [ -61.488531132999981, -62.748236486999986 ], [ -61.396991989999947, -62.746080168999981 ], [ -61.331474932999981, -62.703253586999949 ] ] ], [ [ [ -61.294921005999981, -62.613695142999973 ], [ -61.202368829999955, -62.623212041999977 ], [ -61.188621511999941, -62.632958904999953 ], [ -61.290518919999954, -62.643178833999968 ], [ -61.294921005999981, -62.613695142999973 ] ] ], [ [ [ -59.907369769999946, -62.580885286999944 ], [ -59.915495921999934, -62.594460845999947 ], [ -59.909757942999931, -62.596682241999986 ], [ -59.895171313999981, -62.593591916999969 ], [ -59.890614827999968, -62.593907788999957 ], [ -59.897612124999966, -62.597631081999964 ], [ -59.922654632999979, -62.598208881999938 ], [ -59.934179381999968, -62.587709866999944 ], [ -59.907369769999946, -62.580885286999944 ] ] ], [ [ [ -61.132434257999932, -62.566580125999963 ], [ -61.124064512999951, -62.566476119999948 ], [ -61.117142532999935, -62.566424364999932 ], [ -61.132434257999932, -62.566580125999963 ] ] ], [ [ [ -60.311281196999971, -62.484599872999979 ], [ -60.311770377999949, -62.483003509999946 ], [ -60.29776413899998, -62.484341383999947 ], [ -60.311281196999971, -62.484599872999979 ] ] ], [ [ [ -60.340941624999971, -62.472029538999948 ], [ -60.345307822999985, -62.475222866999957 ], [ -60.34587600499998, -62.473560403999954 ], [ -60.340941624999971, -62.472029538999948 ] ] ], [ [ [ -60.20017452999997, -62.472965199999976 ], [ -60.188112020999938, -62.471956041999988 ], [ -60.185897227999988, -62.474481293999986 ], [ -60.20017452999997, -62.472965199999976 ] ] ], [ [ [ -60.17215463399998, -62.467214206999984 ], [ -60.16281749999996, -62.469003244999953 ], [ -60.158693512999946, -62.472192209999946 ], [ -60.17215463399998, -62.467214206999984 ] ] ], [ [ [ -60.136460703999944, -62.451247231999957 ], [ -60.125208621999946, -62.470428953999942 ], [ -60.065629190999971, -62.484641562999968 ], [ -60.098866531999931, -62.489335043999972 ], [ -60.091590101999941, -62.504903903999946 ], [ -60.036878446999935, -62.506942171999981 ], [ -60.029625715999941, -62.522626862999971 ], [ -60.004013701999952, -62.525521389999938 ], [ -60.016866782999955, -62.543868771999939 ], [ -60.054160494999962, -62.535112217999938 ], [ -60.099774126999932, -62.554651201999945 ], [ -60.086850725999966, -62.611140667999962 ], [ -59.972319554999956, -62.636136061999935 ], [ -59.971774938999943, -62.62029468999998 ], [ -59.905841488999954, -62.613013664999983 ], [ -59.918147658999942, -62.612424410999949 ], [ -59.919246853999937, -62.611591588999943 ], [ -59.802357591999964, -62.611507417999974 ], [ -60.001457149999965, -62.677405031999967 ], [ -60.048845355999958, -62.707269525999948 ], [ -60.139703946999987, -62.710290782999948 ], [ -60.156087000999946, -62.716232616999946 ], [ -60.147859890999939, -62.72884148199995 ], [ -60.312621978999971, -62.764029608999977 ], [ -60.342842255999983, -62.757859887999984 ], [ -60.329436764999969, -62.74980250699997 ], [ -60.331031354999936, -62.710621808999974 ], [ -60.269745414999932, -62.689561774999959 ], [ -60.313329348999957, -62.67686815999997 ], [ -60.44015791399994, -62.719405911999957 ], [ -60.419291811999983, -62.703359414999966 ], [ -60.430501823999975, -62.687800132999939 ], [ -60.418974393999974, -62.674277449999977 ], [ -60.356275280999967, -62.662408486999936 ], [ -60.375835772999949, -62.643264834999968 ], [ -60.318631446999973, -62.629342813999983 ], [ -60.350677288999975, -62.607550586999935 ], [ -60.614790206999942, -62.657209578999982 ], [ -60.606132534999972, -62.62911063599995 ], [ -60.71787526199995, -62.607014891999938 ], [ -60.772954667999954, -62.635385284999984 ], [ -60.761662630999979, -62.657508310999958 ], [ -60.807224787999985, -62.678609359999939 ], [ -60.84734969799996, -62.675639897999986 ], [ -60.844457098999953, -62.689230616999964 ], [ -60.861125870999956, -62.693382660999987 ], [ -60.938558601999944, -62.667862531999958 ], [ -60.952973905999954, -62.677216591999979 ], [ -60.967089686999941, -62.662149853999949 ], [ -61.179953542999954, -62.672405499999968 ], [ -61.146988022999949, -62.658620052999936 ], [ -61.15148834699994, -62.637901111999952 ], [ -61.123485270999936, -62.624750271999972 ], [ -61.220014273999936, -62.589047922999953 ], [ -61.140353330999972, -62.579674935999947 ], [ -61.100179256999979, -62.608455366999976 ], [ -61.006729255999971, -62.628288694999981 ], [ -60.903832092999949, -62.589418290999959 ], [ -60.829277427999955, -62.588649228999941 ], [ -60.80660241399994, -62.547693054999968 ], [ -60.846508971999981, -62.534154658999967 ], [ -60.813889431999939, -62.506507825999961 ], [ -60.826773862999971, -62.490510946999962 ], [ -60.78873073799997, -62.481284416999983 ], [ -60.811544267999977, -62.461977702999945 ], [ -60.787181739999937, -62.457387227999959 ], [ -60.76512867699995, -62.473901564999949 ], [ -60.778012405999959, -62.479902314999947 ], [ -60.767988703999947, -62.489134073999935 ], [ -60.706135813999936, -62.486466293999968 ], [ -60.697759131999987, -62.51198968999995 ], [ -60.715856585999973, -62.526942008999981 ], [ -60.684824258999981, -62.531867846999944 ], [ -60.690090303999966, -62.558988897999939 ], [ -60.619245089999936, -62.561735133999946 ], [ -60.613470091999943, -62.577086754999982 ], [ -60.448296549999952, -62.570126113999947 ], [ -60.427501087999985, -62.561944060999963 ], [ -60.434768000999952, -62.543508574999976 ], [ -60.326474256999973, -62.565456137999945 ], [ -60.26646797899997, -62.547199557999932 ], [ -60.269169141999953, -62.528296951999948 ], [ -60.210296748999951, -62.499887328999932 ], [ -60.172360957999956, -62.50430655599996 ], [ -60.136460703999944, -62.451247231999957 ] ] ], [ [ [ -60.07657913099996, -62.448066356999959 ], [ -60.065821791999952, -62.452720785999986 ], [ -60.087905460999934, -62.449348296999972 ], [ -60.07657913099996, -62.448066356999959 ] ] ], [ [ [ -60.06687113199996, -62.448698099999945 ], [ -60.057624269999963, -62.449538892999954 ], [ -60.053375209999956, -62.450557152999977 ], [ -60.06687113199996, -62.448698099999945 ] ] ], [ [ [ -60.368374101999962, -62.443294676999983 ], [ -60.339752086999965, -62.460122380999962 ], [ -60.305056079999986, -62.456022393999945 ], [ -60.343964568999979, -62.469427379999956 ], [ -60.368374101999962, -62.443294676999983 ] ] ], [ [ [ -59.896040034999942, -62.447246283999959 ], [ -59.766323383999975, -62.454404986999975 ], [ -59.723214366999969, -62.445236808999937 ], [ -59.786464773999967, -62.482236951999937 ], [ -59.731371037999963, -62.496505986999978 ], [ -59.733673583999973, -62.508153748999973 ], [ -59.669242168999972, -62.498651131999964 ], [ -59.654464492999978, -62.468101573999945 ], [ -59.551193695999984, -62.502878834999933 ], [ -59.604751634999957, -62.516427731999954 ], [ -59.581224067999983, -62.521878185999981 ], [ -59.574111010999957, -62.543800289999979 ], [ -59.578574403999937, -62.546580927999969 ], [ -59.719441219999965, -62.557432496999979 ], [ -59.791274374999944, -62.530296194999949 ], [ -59.749287128999981, -62.51854347699998 ], [ -59.814648234999936, -62.50725255499998 ], [ -59.843497797999987, -62.522246361999976 ], [ -59.867264668999951, -62.515714557999956 ], [ -59.860956701999953, -62.503322757999968 ], [ -59.935796105999941, -62.503790677999973 ], [ -59.961318609999978, -62.489264226999978 ], [ -59.965915210999981, -62.467714487999956 ], [ -60.033149529999946, -62.452100908999967 ], [ -59.981547596999974, -62.451849438999943 ], [ -59.965473034999945, -62.442789661999939 ], [ -59.897181535999948, -62.458658518999982 ], [ -59.896040034999942, -62.447246283999959 ] ] ], [ [ [ -59.94487941999995, -62.438630848999935 ], [ -59.938299325999935, -62.444574536999937 ], [ -59.948997464999934, -62.441745486999935 ], [ -59.94487941999995, -62.438630848999935 ] ] ], [ [ [ -59.997663269999975, -62.438253600999985 ], [ -59.992813853999962, -62.440169922999985 ], [ -59.981603872999983, -62.44599894199996 ], [ -59.987306213999943, -62.446783248999964 ], [ -59.997663269999975, -62.438253600999985 ] ] ], [ [ [ -60.163530900999945, -62.433146066999939 ], [ -60.156502082999964, -62.434605415999954 ], [ -60.17018888399997, -62.433554270999934 ], [ -60.163530900999945, -62.433146066999939 ] ] ], [ [ [ -60.15504085799995, -62.432325680999952 ], [ -60.140941023999972, -62.43659381599997 ], [ -60.155576131999965, -62.437444212999935 ], [ -60.15504085799995, -62.432325680999952 ] ] ], [ [ [ -60.181378382999981, -62.431575904999931 ], [ -60.169172909999986, -62.425379355999951 ], [ -60.163743892999946, -62.429795308999985 ], [ -60.181378382999981, -62.431575904999931 ] ] ], [ [ [ -59.901639623999984, -62.427379920999954 ], [ -59.883109603999969, -62.428123014999983 ], [ -59.88006242299997, -62.433874367999977 ], [ -59.901639623999984, -62.427379920999954 ] ] ], [ [ [ -60.103528475999951, -62.420112929999959 ], [ -60.098208051999961, -62.418848805999971 ], [ -60.097570975999986, -62.420678409999937 ], [ -60.103528475999951, -62.420112929999959 ] ] ], [ [ [ -59.798658621999948, -62.421446619999983 ], [ -59.763077969999983, -62.424809177999975 ], [ -59.804919415999962, -62.428664826999977 ], [ -59.798658621999948, -62.421446619999983 ] ] ], [ [ [ -59.737000461999969, -62.412239111999952 ], [ -59.723602088999939, -62.412570206999987 ], [ -59.718416232999971, -62.413197046999983 ], [ -59.737000461999969, -62.412239111999952 ] ] ], [ [ [ -59.766890749999959, -62.405128353999942 ], [ -59.732361393999952, -62.407482073999972 ], [ -59.761506973999985, -62.410482477999949 ], [ -59.766890749999959, -62.405128353999942 ] ] ], [ [ [ -59.853498186999957, -62.398205447999942 ], [ -59.847135137999942, -62.395699964999949 ], [ -59.844798288999982, -62.397745181999937 ], [ -59.853498186999957, -62.398205447999942 ] ] ], [ [ [ -59.800485155999979, -62.390020776999961 ], [ -59.787097957999947, -62.393131084999936 ], [ -59.783241137999937, -62.393734771999959 ], [ -59.777906683999959, -62.396448130999943 ], [ -59.800485155999979, -62.390020776999961 ] ] ], [ [ [ -59.35970606799998, -62.38704609399997 ], [ -59.348218396999982, -62.390098827999964 ], [ -59.364331493999941, -62.390372044999935 ], [ -59.35970606799998, -62.38704609399997 ] ] ], [ [ [ -59.783131847999982, -62.38266370599996 ], [ -59.775899572999947, -62.384847146999959 ], [ -59.783102937999956, -62.385540356999968 ], [ -59.783131847999982, -62.38266370599996 ] ] ], [ [ [ -59.762257127999987, -62.377413202999946 ], [ -59.760732797999935, -62.381625260999954 ], [ -59.766368489999934, -62.378781549999985 ], [ -59.762257127999987, -62.377413202999946 ] ] ], [ [ [ -59.92486708399997, -62.379402877999951 ], [ -59.924527601999955, -62.374660114999983 ], [ -59.918127114999947, -62.377215396999986 ], [ -59.92486708399997, -62.379402877999951 ] ] ], [ [ [ -59.696639064999943, -62.351407327999937 ], [ -59.689980677999984, -62.355004427999972 ], [ -59.700496187999931, -62.352007042999958 ], [ -59.696639064999943, -62.351407327999937 ] ] ], [ [ [ -59.717420363999963, -62.342482760999985 ], [ -59.705777176999959, -62.342551296999943 ], [ -59.705121513999984, -62.345043633999978 ], [ -59.717420363999963, -62.342482760999985 ] ] ], [ [ [ -59.81918320699998, -62.339126370999963 ], [ -59.797032080999941, -62.342974632999983 ], [ -59.825647682999943, -62.343708745999947 ], [ -59.81918320699998, -62.339126370999963 ] ] ], [ [ [ -59.705716480999968, -62.331384853999964 ], [ -59.694833068999969, -62.332691586999943 ], [ -59.71019322099994, -62.333067306999965 ], [ -59.705716480999968, -62.331384853999964 ] ] ], [ [ [ -59.619787299999984, -62.327586328999985 ], [ -59.58247920599996, -62.343904332999955 ], [ -59.519901756999957, -62.337106003999963 ], [ -59.510272224999937, -62.36048408399995 ], [ -59.438674781999964, -62.37849291699996 ], [ -59.377294073999963, -62.368262379999976 ], [ -59.388789104999944, -62.377502663999962 ], [ -59.360873646999949, -62.375774686999932 ], [ -59.380749170999934, -62.384664480999959 ], [ -59.363433673999964, -62.383427989999973 ], [ -59.370935814999939, -62.386084039999957 ], [ -59.36240421399998, -62.394456655999932 ], [ -59.349709405999931, -62.397378157999981 ], [ -59.360412824999969, -62.401756989999967 ], [ -59.343584673999942, -62.408890076999967 ], [ -59.380643179999936, -62.450162425999963 ], [ -59.425278354999932, -62.43456613099994 ], [ -59.508815321999975, -62.463442829999963 ], [ -59.511437369999953, -62.445077787999935 ], [ -59.571884896999961, -62.445168635999948 ], [ -59.575618691999978, -62.425360231999946 ], [ -59.62332910799995, -62.411558018999983 ], [ -59.602335302999961, -62.382071839999981 ], [ -59.633083444999954, -62.373974370999974 ], [ -59.686466460999952, -62.392997436999963 ], [ -59.726066009999954, -62.37224731799995 ], [ -59.682359060999943, -62.375199798999972 ], [ -59.682300109999971, -62.356180988999938 ], [ -59.654744563999941, -62.353512542999965 ], [ -59.645693003999952, -62.346569520999935 ], [ -59.652249063999932, -62.344329955999967 ], [ -59.648893560999966, -62.34307270499994 ], [ -59.654018167999936, -62.34087569899998 ], [ -59.650702200999945, -62.339109212999972 ], [ -59.619337763999965, -62.34364822799995 ], [ -59.619787299999984, -62.327586328999985 ] ] ], [ [ [ -59.691060795999931, -62.314561130999948 ], [ -59.679847799999948, -62.317083865999962 ], [ -59.680568094999956, -62.32319721999994 ], [ -59.698387597999954, -62.325691920999986 ], [ -59.683742433999953, -62.322381443999973 ], [ -59.691060795999931, -62.314561130999948 ] ] ], [ [ [ -59.138730454999973, -62.238267284999949 ], [ -59.137592592999965, -62.234348816999955 ], [ -59.135175121999964, -62.237276140999938 ], [ -59.138730454999973, -62.238267284999949 ] ] ], [ [ [ -59.04727718099997, -62.233705231999977 ], [ -58.978670314999931, -62.238038978999953 ], [ -58.995933001999958, -62.252229778999947 ], [ -58.986445162999985, -62.277133864999939 ], [ -58.934531977999939, -62.259633276999978 ], [ -58.876357288999941, -62.264305475999947 ], [ -58.82907301399996, -62.309922704999963 ], [ -58.954430213999956, -62.323505333999947 ], [ -58.979311360999986, -62.344114832999935 ], [ -59.003564358999938, -62.337371226999949 ], [ -59.049083633999942, -62.354792217999943 ], [ -59.126532847999954, -62.350279692999948 ], [ -59.111358392999932, -62.332254313999954 ], [ -59.168110755999976, -62.328411811999956 ], [ -59.149122055999953, -62.317315849999943 ], [ -59.170942398999955, -62.304223861999958 ], [ -59.209155270999986, -62.312234128999933 ], [ -59.245285077999938, -62.303605694999987 ], [ -59.198855036999987, -62.284817314999941 ], [ -59.188587676999987, -62.265150975999973 ], [ -59.068254747999958, -62.249636629999941 ], [ -59.04727718099997, -62.233705231999977 ] ] ], [ [ [ -58.565085656999941, -62.164951099999939 ], [ -58.542114936999951, -62.165247484999952 ], [ -58.571269775999951, -62.167389409999942 ], [ -58.565085656999941, -62.164951099999939 ] ] ], [ [ [ -57.934736027999975, -62.094387291999965 ], [ -57.920069902999956, -62.095915064999986 ], [ -57.912711483999942, -62.101974119999966 ], [ -57.936678959999938, -62.109003557999984 ], [ -57.934736027999975, -62.094387291999965 ] ] ], [ [ [ -58.785917078999944, -62.082437051999932 ], [ -58.781259684999952, -62.084177744999977 ], [ -58.793238404999954, -62.083904124999947 ], [ -58.785917078999944, -62.082437051999932 ] ] ], [ [ [ -58.770663569999954, -62.070967910999968 ], [ -58.75177556999995, -62.069739245999983 ], [ -58.764453360999937, -62.07352403699997 ], [ -58.770663569999954, -62.070967910999968 ] ] ], [ [ [ -56.714007985999956, -62.060478311999987 ], [ -56.711729930999979, -62.067131677999953 ], [ -56.718105401999935, -62.064146176999941 ], [ -56.714007985999956, -62.060478311999987 ] ] ], [ [ [ -58.394843058999982, -61.934683165999957 ], [ -58.385048487999939, -61.934108672999969 ], [ -58.38682337299997, -61.937075485999969 ], [ -58.394843058999982, -61.934683165999957 ] ] ], [ [ [ -58.39780551399997, -61.919336708999936 ], [ -58.393784192999988, -61.916802811999958 ], [ -58.389311961999965, -61.920149856999956 ], [ -58.39780551399997, -61.919336708999936 ] ] ], [ [ [ -57.685512144999961, -61.892792528999962 ], [ -57.634584511999947, -61.936011685999972 ], [ -57.665712851999956, -61.940412307999964 ], [ -57.65480351399998, -61.957888786999945 ], [ -57.699304994999977, -61.970854132999932 ], [ -57.627070225999944, -62.015825525999958 ], [ -57.576694380999982, -62.027955259999942 ], [ -57.685997893999968, -62.027019801999984 ], [ -57.723704300999941, -62.009773890999952 ], [ -57.883265021999932, -62.026321565999979 ], [ -57.915619636999963, -62.04159576099994 ], [ -57.910823412999946, -62.077074262999986 ], [ -57.940690957999948, -62.088978174999966 ], [ -57.986061180999968, -62.067057697999985 ], [ -58.072377624999945, -62.070083288999967 ], [ -58.127994948999969, -62.044075178999947 ], [ -58.185175165999965, -62.043648682999958 ], [ -58.21892128099995, -62.060047965999956 ], [ -58.179254030999971, -62.072972296999978 ], [ -58.187004358999957, -62.090674366999963 ], [ -58.165393238999968, -62.096097957999973 ], [ -58.202463886999965, -62.113417473999959 ], [ -58.120729680999943, -62.133043831999942 ], [ -58.121065117999933, -62.145611213999985 ], [ -58.169935039999984, -62.164460838999958 ], [ -58.217645764999986, -62.157978022999941 ], [ -58.226845004999973, -62.190690232999941 ], [ -58.295434371999931, -62.18371624599996 ], [ -58.333786548999967, -62.15057970099997 ], [ -58.328226567999934, -62.134542803999977 ], [ -58.398263963999966, -62.123728006999954 ], [ -58.375596113999961, -62.108543726999983 ], [ -58.320128261999969, -62.107340968999949 ], [ -58.330637908999961, -62.099920502999964 ], [ -58.293214102999968, -62.090308536999942 ], [ -58.285862806999944, -62.073291022999967 ], [ -58.351705082999956, -62.082166359999974 ], [ -58.349860222999951, -62.068934963999936 ], [ -58.386313174999941, -62.064150636999955 ], [ -58.406867539999951, -62.091634958999975 ], [ -58.425558437999939, -62.081358474999945 ], [ -58.414764712999954, -62.058113602999981 ], [ -58.449525331999951, -62.054987401999938 ], [ -58.444107173999953, -62.064126484999974 ], [ -58.509824011999967, -62.089368159999935 ], [ -58.461344065999981, -62.098776415999964 ], [ -58.494594921999976, -62.121172401999956 ], [ -58.481686319999937, -62.130303439999977 ], [ -58.605205012999932, -62.15703780399997 ], [ -58.616682748999949, -62.165086692999978 ], [ -58.59255320799997, -62.17067067399995 ], [ -58.635601465999969, -62.178286728999979 ], [ -58.532264103999978, -62.180853816999957 ], [ -58.482239148999952, -62.154235641999946 ], [ -58.456207786999983, -62.162888927999973 ], [ -58.469771163999951, -62.175500341999964 ], [ -58.443948189999958, -62.17432077899997 ], [ -58.430415732999961, -62.197899981999967 ], [ -58.448616584999968, -62.199201854999956 ], [ -58.419358168999963, -62.213838539999983 ], [ -58.468009088999963, -62.236292942999967 ], [ -58.521314430999951, -62.226648165999961 ], [ -58.616395960999967, -62.263303386999951 ], [ -58.681303342999968, -62.246667800999944 ], [ -58.636845696999956, -62.229371345999937 ], [ -58.644631774999937, -62.219316190999962 ], [ -58.728383832999953, -62.244054484999936 ], [ -58.776641041999937, -62.238631024999961 ], [ -58.797286488999987, -62.224333686999955 ], [ -58.719473335999965, -62.200401623999937 ], [ -58.803633452999975, -62.209495489999938 ], [ -58.792932241999949, -62.168055544999959 ], [ -58.835193132999962, -62.157203405999951 ], [ -58.854113392999977, -62.16607185099997 ], [ -58.855092102999947, -62.185231002999956 ], [ -58.957439534999935, -62.198829873999955 ], [ -58.914075817999958, -62.213078278999944 ], [ -58.961603938999986, -62.208828489999973 ], [ -58.947354872999938, -62.230112727999938 ], [ -59.011095555999987, -62.229913936999935 ], [ -59.029539731999932, -62.220145885999955 ], [ -59.009665114999962, -62.216097550999962 ], [ -59.033943951999959, -62.209736726999949 ], [ -59.006752903999939, -62.20895461899994 ], [ -58.988168121999934, -62.173848555999939 ], [ -58.970186246999958, -62.174066153999945 ], [ -58.979766194999968, -62.166195356999935 ], [ -58.895584689999964, -62.137219948999984 ], [ -58.886368448999974, -62.11868986199994 ], [ -58.796869452999942, -62.105094391999955 ], [ -58.699732529999949, -62.05771330999994 ], [ -58.69081190199995, -62.049679494999964 ], [ -58.705764675999944, -62.044663019999973 ], [ -58.696460280999986, -62.035622244999956 ], [ -58.710248601999979, -62.018634105999979 ], [ -58.649881552999943, -62.006495097999959 ], [ -58.595626706999951, -62.016761426999949 ], [ -58.564555684999959, -61.989389055999936 ], [ -58.511858280999945, -61.985857221999936 ], [ -58.528168490999974, -61.968281054999977 ], [ -58.420327570999973, -61.95988794699997 ], [ -58.443325215999948, -61.930794917999947 ], [ -58.379283646999966, -61.943263517999981 ], [ -58.356226559999982, -61.932632664999971 ], [ -58.360083569999972, -61.945698728999957 ], [ -58.342443065999987, -61.95055810599996 ], [ -58.319418870999982, -61.937919404999946 ], [ -58.208218451999983, -61.965682708999964 ], [ -58.185685837999984, -61.949425500999951 ], [ -58.054691943999956, -61.932191511999974 ], [ -57.990058541999986, -61.89785677499998 ], [ -57.938676891999933, -61.943511428999955 ], [ -57.813291669999956, -61.948114816999976 ], [ -57.767080687999965, -61.937885470999959 ], [ -57.754329191999943, -61.911699459999966 ], [ -57.72874326799996, -61.922963898999967 ], [ -57.685892115999934, -61.914376122999954 ], [ -57.685512144999961, -61.892792528999962 ] ] ], [ [ [ -58.02923657499997, -61.841614518999961 ], [ -58.012449989999936, -61.844669042999953 ], [ -57.988486039999941, -61.86028741299998 ], [ -58.015840793999985, -61.859253825999986 ], [ -58.02923657499997, -61.841614518999961 ] ] ], [ [ [ -55.984232102999954, -61.508187753999948 ], [ -55.958054776999973, -61.501872581999976 ], [ -55.949418058999981, -61.512577174999933 ], [ -55.984232102999954, -61.508187753999948 ] ] ], [ [ [ -55.946065826999984, -61.472527016999948 ], [ -55.926318948999949, -61.482031046999964 ], [ -55.962513206999972, -61.480325642999958 ], [ -55.946065826999984, -61.472527016999948 ] ] ], [ [ [ -55.700752823999949, -61.474565927999947 ], [ -55.537303760999976, -61.464576041999976 ], [ -55.468113377999941, -61.479872239999963 ], [ -55.446094044999938, -61.49315145099996 ], [ -55.466841593999959, -61.501105023999969 ], [ -55.463189544999977, -61.487503655999944 ], [ -55.492545701999973, -61.479367934999971 ], [ -55.700752823999949, -61.474565927999947 ] ] ], [ [ [ -55.943528797999932, -61.455019767999943 ], [ -55.894983827999965, -61.461144015999935 ], [ -55.871540888999959, -61.471930160999932 ], [ -55.926076294999973, -61.477869887999987 ], [ -55.919297268999969, -61.462978389999932 ], [ -55.943528797999932, -61.455019767999943 ] ] ], [ [ [ -55.22496896399997, -61.285834469999941 ], [ -55.212783957999932, -61.282397958999979 ], [ -55.204330482999978, -61.286735104999934 ], [ -55.22496896399997, -61.285834469999941 ] ] ], [ [ [ -54.009395402999985, -61.128058317999944 ], [ -54.018219297999963, -61.136363843999959 ], [ -54.00032732699998, -61.154167236999967 ], [ -54.045364083999971, -61.172733422999954 ], [ -54.024399483999957, -61.176381055999968 ], [ -54.064589774999945, -61.203775542999949 ], [ -54.024129690999985, -61.221398925999949 ], [ -54.056592442999943, -61.233390278999934 ], [ -54.02968040899998, -61.255764247999934 ], [ -54.046313236999936, -61.259103816999982 ], [ -54.034430061999956, -61.268701777999979 ], [ -54.057585906999975, -61.28007191599994 ], [ -54.054272867999941, -61.293035724999982 ], [ -54.091560753999943, -61.317976122999937 ], [ -54.228757972999972, -61.294453028999953 ], [ -54.218582970999933, -61.287093403999961 ], [ -54.232543249999935, -61.269379523999987 ], [ -54.148631487999978, -61.226611970999954 ], [ -54.129507584999942, -61.18476538699997 ], [ -54.062193097999966, -61.157324552999967 ], [ -54.04227450999997, -61.14000998299997 ], [ -54.051973588999942, -61.130204658999958 ], [ -54.009395402999985, -61.128058317999944 ] ] ], [ [ [ -54.457421609999983, -61.063139258999968 ], [ -54.456495637999978, -61.080539598999962 ], [ -54.47967936799995, -61.071288165999988 ], [ -54.473635726999987, -61.065629069999943 ], [ -54.457421609999983, -61.063139258999968 ] ] ], [ [ [ -55.364114706999942, -61.056267123999987 ], [ -55.266321337999955, -61.077998822999973 ], [ -55.143813318999946, -61.076498195999932 ], [ -54.980924028999937, -61.115111513999977 ], [ -54.882675611999957, -61.095210907999956 ], [ -54.785592471999962, -61.110369612999932 ], [ -54.746033889999978, -61.092663028999937 ], [ -54.715144717999976, -61.107713992999948 ], [ -54.646835779999947, -61.102309516999981 ], [ -54.644360498999959, -61.116186489999961 ], [ -54.724143037999966, -61.119963204999976 ], [ -54.688713636999978, -61.142299053999977 ], [ -54.75792667099995, -61.158919221999952 ], [ -55.099356639999939, -61.166387326999939 ], [ -55.123700719999931, -61.189398660999984 ], [ -55.156673624999939, -61.193454887999962 ], [ -55.133002062999935, -61.224399799999958 ], [ -55.188880113999971, -61.245326631999944 ], [ -55.199894812999958, -61.278636872999982 ], [ -55.246267744999955, -61.27989815799998 ], [ -55.336077367999962, -61.249930881999944 ], [ -55.323000309999941, -61.23510994999998 ], [ -55.362356052999985, -61.238451565999981 ], [ -55.381217223999954, -61.220868368999959 ], [ -55.374516299999982, -61.205873165999947 ], [ -55.39802065899994, -61.17837990299995 ], [ -55.351564705999976, -61.161539713999957 ], [ -55.346082843999966, -61.145876341999951 ], [ -55.474771339999961, -61.128904083999942 ], [ -55.453785947999961, -61.113381189999984 ], [ -55.484159947999956, -61.106504465999933 ], [ -55.444326129999979, -61.106935948999933 ], [ -55.364114706999942, -61.056267123999987 ] ] ], [ [ [ -55.38859993899996, -60.988097221999965 ], [ -55.377358581999943, -60.985653751999962 ], [ -55.377582802999939, -60.990074487999948 ], [ -55.38859993899996, -60.988097221999965 ] ] ], [ [ [ -55.413978387999975, -60.984614452999949 ], [ -55.412270760999945, -60.979965615999959 ], [ -55.406624783999973, -60.983701617999941 ], [ -55.413978387999975, -60.984614452999949 ] ] ], [ [ [ -45.154058130999942, -60.790264543999967 ], [ -45.146670590999975, -60.781947413999944 ], [ -45.137957421999943, -60.78759880399997 ], [ -45.154058130999942, -60.790264543999967 ] ] ], [ [ [ -44.635714330999974, -60.778863310999952 ], [ -44.628357489999985, -60.780243203999987 ], [ -44.636001143999977, -60.782045783999934 ], [ -44.635714330999974, -60.778863310999952 ] ] ], [ [ [ -45.150073902999964, -60.77853526499996 ], [ -45.133032137999976, -60.776099062999947 ], [ -45.127414171999931, -60.779221553999946 ], [ -45.150073902999964, -60.77853526499996 ] ] ], [ [ [ -45.152324264999947, -60.764217728999938 ], [ -45.141409490999933, -60.76772731799997 ], [ -45.155573917999959, -60.765760182999941 ], [ -45.152324264999947, -60.764217728999938 ] ] ], [ [ [ -45.156580477999967, -60.760732730999962 ], [ -45.151643931999956, -60.759597390999943 ], [ -45.148570409999934, -60.761196508999944 ], [ -45.156580477999967, -60.760732730999962 ] ] ], [ [ [ -45.14308970899998, -60.75706020299998 ], [ -45.133401684999967, -60.761862003999966 ], [ -45.131564381999965, -60.765272669999945 ], [ -45.14308970899998, -60.75706020299998 ] ] ], [ [ [ -45.70221999599994, -60.739283430999933 ], [ -45.670301742999982, -60.734734743999979 ], [ -45.685357339999939, -60.743083721999938 ], [ -45.70221999599994, -60.739283430999933 ] ] ], [ [ [ -45.04137151599997, -60.731988108999985 ], [ -45.034129096999948, -60.726262626999983 ], [ -45.034053033999953, -60.731554919999951 ], [ -45.04137151599997, -60.731988108999985 ] ] ], [ [ [ -44.985076445999937, -60.714308291999942 ], [ -44.976760647999981, -60.727190119999932 ], [ -44.988359568999954, -60.734126369999956 ], [ -44.980019629999958, -60.750487283999973 ], [ -44.99336488299997, -60.739603460999945 ], [ -44.985076445999937, -60.714308291999942 ] ] ], [ [ [ -44.464520120999964, -60.713094543999944 ], [ -44.456151226999964, -60.717108684999971 ], [ -44.470945800999971, -60.715479812999945 ], [ -44.464520120999964, -60.713094543999944 ] ] ], [ [ [ -44.867641987999946, -60.707094446999974 ], [ -44.860596159999943, -60.705733828999939 ], [ -44.857651502999943, -60.709075010999982 ], [ -44.867641987999946, -60.707094446999974 ] ] ], [ [ [ -44.874882574999958, -60.692931198999986 ], [ -44.867536550999944, -60.695114015999934 ], [ -44.875571420999961, -60.698118417999979 ], [ -44.874882574999958, -60.692931198999986 ] ] ], [ [ [ -45.104542558999981, -60.689315524999984 ], [ -45.098634083999968, -60.686334095999939 ], [ -45.09778894599998, -60.687740434999967 ], [ -45.104542558999981, -60.689315524999984 ] ] ], [ [ [ -45.318427873999951, -60.686852209999984 ], [ -45.309242129999973, -60.687466609999944 ], [ -45.31324280399997, -60.694621647999952 ], [ -45.318427873999951, -60.686852209999984 ] ] ], [ [ [ -45.624895374999937, -60.67205329799998 ], [ -45.595305518999965, -60.692665487999932 ], [ -45.61460849499997, -60.70954431499996 ], [ -45.583286131999955, -60.710382438999943 ], [ -45.599741085999938, -60.715137824999942 ], [ -45.581241474999956, -60.732153202999939 ], [ -45.646836088999976, -60.738863422999941 ], [ -45.67565732099996, -60.723897422999983 ], [ -45.66248174499998, -60.725079689999973 ], [ -45.671087390999958, -60.713168430999986 ], [ -45.624895374999937, -60.67205329799998 ] ] ], [ [ [ -44.541886244999944, -60.660455497999976 ], [ -44.53340815699994, -60.689351325999951 ], [ -44.517639575999965, -60.671850973999938 ], [ -44.407062171999939, -60.720483042999945 ], [ -44.488376270999936, -60.709856469999977 ], [ -44.523590420999938, -60.719910299999981 ], [ -44.518403711999952, -60.736861842999986 ], [ -44.557754810999938, -60.739536389999955 ], [ -44.540847992999943, -60.754580584999985 ], [ -44.571119109999984, -60.742124898999975 ], [ -44.59251683399998, -60.760284675999969 ], [ -44.600059931999965, -60.745273300999941 ], [ -44.632425023999986, -60.758147326999961 ], [ -44.73087398399997, -60.736820019999982 ], [ -44.731255296999962, -60.765622708999956 ], [ -44.703090001999954, -60.779606298999965 ], [ -44.751017862999959, -60.781998115999954 ], [ -44.758293204999973, -60.771539679999933 ], [ -44.74018482699995, -60.765200091999986 ], [ -44.753099174999932, -60.74747161199997 ], [ -44.830792883999948, -60.746318580999969 ], [ -44.849858622999932, -60.72038585699994 ], [ -44.829158396999958, -60.71366607799996 ], [ -44.812785070999951, -60.734789139999975 ], [ -44.74544749599994, -60.738377065999941 ], [ -44.73963536399998, -60.722129601999939 ], [ -44.671580304999964, -60.721859545999962 ], [ -44.663550955999938, -60.708308915999964 ], [ -44.703909284999952, -60.685443984999949 ], [ -44.685942344999944, -60.671192205999944 ], [ -44.624530625999967, -60.718268365999961 ], [ -44.594758422999973, -60.721978204999971 ], [ -44.575590933999933, -60.707590155999981 ], [ -44.591254894999963, -60.68282832899996 ], [ -44.537477561999935, -60.696328867999966 ], [ -44.56020448299995, -60.669322625999939 ], [ -44.541886244999944, -60.660455497999976 ] ] ], [ [ [ -45.61108358499996, -60.651558278999971 ], [ -45.602540429999976, -60.651394297999957 ], [ -45.602245494999977, -60.652835232999962 ], [ -45.61108358499996, -60.651558278999971 ] ] ], [ [ [ -45.906791043999931, -60.638644145999933 ], [ -45.904528007999943, -60.642844331999981 ], [ -45.91111484299995, -60.637772002999952 ], [ -45.906791043999931, -60.638644145999933 ] ] ], [ [ [ -45.919423492999954, -60.635058695999987 ], [ -45.91446369099998, -60.641238274999978 ], [ -45.927364607999948, -60.640084722999973 ], [ -45.919423492999954, -60.635058695999987 ] ] ], [ [ [ -44.854897507999965, -60.633797729999969 ], [ -44.837791356999958, -60.63706071699994 ], [ -44.859078428999965, -60.636191878999966 ], [ -44.854897507999965, -60.633797729999969 ] ] ], [ [ [ -45.081302256999948, -60.633429817999968 ], [ -45.035575541999947, -60.643785910999952 ], [ -45.048029182999983, -60.648855333999961 ], [ -45.025438171999951, -60.666944067999964 ], [ -45.042583126999943, -60.675292988999956 ], [ -45.003920760999961, -60.703914474999976 ], [ -45.021663957999976, -60.737935551999954 ], [ -45.029829696999968, -60.721557390999976 ], [ -45.058769684999959, -60.718090027999949 ], [ -45.053663040999936, -60.702868437999939 ], [ -45.08162417799997, -60.692185546999951 ], [ -45.063979084999971, -60.660527268999942 ], [ -45.075577537999948, -60.655714889999956 ], [ -45.059451000999957, -60.64708718199995 ], [ -45.081302256999948, -60.633429817999968 ] ] ], [ [ [ -45.237747092999939, -60.616767263999975 ], [ -45.235313291999944, -60.615774024999951 ], [ -45.234535801999982, -60.618309803999978 ], [ -45.237747092999939, -60.616767263999975 ] ] ], [ [ [ -44.892100360999962, -60.609297800999968 ], [ -44.83658240799997, -60.614887769999939 ], [ -44.828384988999971, -60.621295515999975 ], [ -44.880350068999974, -60.616413930999954 ], [ -44.892100360999962, -60.609297800999968 ] ] ], [ [ [ -46.078365558999963, -60.593023551999977 ], [ -46.072873967999953, -60.596815268999933 ], [ -46.082468288999962, -60.594662163999942 ], [ -46.078365558999963, -60.593023551999977 ] ] ], [ [ [ -46.091328407999981, -60.596096973999977 ], [ -46.088767573999974, -60.592693847999954 ], [ -46.084202471999959, -60.592989461999935 ], [ -46.091328407999981, -60.596096973999977 ] ] ], [ [ [ -46.049338717999944, -60.596046010999942 ], [ -46.026269070999945, -60.594385888999966 ], [ -46.080387885999983, -60.602953623999952 ], [ -46.049338717999944, -60.596046010999942 ] ] ], [ [ [ -46.679152440999985, -60.582304135999948 ], [ -46.655825900999957, -60.584249861999979 ], [ -46.649332566999931, -60.584538881999947 ], [ -46.658471605999978, -60.586813103999987 ], [ -46.679152440999985, -60.582304135999948 ] ] ], [ [ [ -46.103220359999966, -60.588055452999981 ], [ -46.089516699999933, -60.586008720999985 ], [ -46.095534274999977, -60.591805962999956 ], [ -46.103220359999966, -60.588055452999981 ] ] ], [ [ [ -46.683032881999964, -60.574167994999982 ], [ -46.670658668999977, -60.573105522999981 ], [ -46.664326288999973, -60.573443417999954 ], [ -46.683032881999964, -60.574167994999982 ] ] ], [ [ [ -45.932204113999944, -60.512867206999942 ], [ -45.928351412999973, -60.516710227999965 ], [ -45.933305680999979, -60.514984846999937 ], [ -45.932204113999944, -60.512867206999942 ] ] ], [ [ [ -45.702422168999931, -60.511192049999977 ], [ -45.615869007999947, -60.55342503299994 ], [ -45.568434880999973, -60.543234600999938 ], [ -45.56418860499997, -60.559529548999933 ], [ -45.517954333999967, -60.564381933999982 ], [ -45.512675937999973, -60.54149026999994 ], [ -45.493507080999962, -60.535140372999933 ], [ -45.431460137999977, -60.552560334999953 ], [ -45.41756586799994, -60.576638880999951 ], [ -45.380613164999943, -60.583288291999963 ], [ -45.392903756999942, -60.594047609999961 ], [ -45.372880287999976, -60.599709263999955 ], [ -45.393005135999942, -60.615749715999982 ], [ -45.362147021999931, -60.617635791999987 ], [ -45.335158127999932, -60.640787510999985 ], [ -45.322867160999976, -60.621478276999937 ], [ -45.199520959999973, -60.632971816999941 ], [ -45.19011852899996, -60.647472251999943 ], [ -45.215454072999933, -60.639203776999977 ], [ -45.227418943999965, -60.659680219999984 ], [ -45.155625847999943, -60.676859051999941 ], [ -45.154045448999966, -60.689574623999931 ], [ -45.187945752999951, -60.686277863999976 ], [ -45.166533209999955, -60.701782350999963 ], [ -45.192104717999939, -60.703434890999972 ], [ -45.18992278099995, -60.714122571999951 ], [ -45.127139811999939, -60.75590495199998 ], [ -45.164510311999948, -60.748423720999938 ], [ -45.16764016999997, -60.73004029699996 ], [ -45.234009552999964, -60.722470625999961 ], [ -45.296271837999939, -60.681455205999953 ], [ -45.358917389999931, -60.68146533099997 ], [ -45.347925485999951, -60.668972130999975 ], [ -45.385644930999945, -60.667142773999956 ], [ -45.394471857999974, -60.65280635299996 ], [ -45.47770466399993, -60.667904318999945 ], [ -45.472514350999973, -60.646164827999939 ], [ -45.488234731999967, -60.633893809999961 ], [ -45.550812435999944, -60.635896060999983 ], [ -45.582808908999937, -60.663530409999964 ], [ -45.596443871999952, -60.660519593999936 ], [ -45.594251449999945, -60.653508043999977 ], [ -45.608591425999975, -60.648229025999967 ], [ -45.609180984999966, -60.631023442999947 ], [ -45.658770914999934, -60.628093247999971 ], [ -45.659277173999953, -60.657085054999982 ], [ -45.707333107999943, -60.655383658999938 ], [ -45.721001389999969, -60.639224068999965 ], [ -45.740658925999981, -60.642215541999974 ], [ -45.72797537799994, -60.629586685999982 ], [ -45.766768056999979, -60.622545536999951 ], [ -45.75519031999994, -60.595010302999981 ], [ -45.794885569999963, -60.575109562999955 ], [ -45.840667878999966, -60.600959784999986 ], [ -45.870821460999935, -60.595556678999969 ], [ -45.878695023999967, -60.616735281999979 ], [ -45.91034862999993, -60.62934353199995 ], [ -45.895393730999956, -60.636125172999982 ], [ -46.03099526099993, -60.629600294999932 ], [ -46.009014047999983, -60.620063740999967 ], [ -46.032234494999955, -60.610230612999942 ], [ -45.999911815999951, -60.592206557999987 ], [ -46.016951153999969, -60.58304134399998 ], [ -45.952059580999958, -60.563868237999941 ], [ -45.966785365999954, -60.533953444999952 ], [ -45.953758690999962, -60.528451301999951 ], [ -45.913231413999938, -60.520624054999985 ], [ -45.881726201999982, -60.547222771999941 ], [ -45.823687777999965, -60.554833361999954 ], [ -45.813345848999973, -60.52867103899996 ], [ -45.761146795999935, -60.541264255999977 ], [ -45.744026685999984, -60.534864273999972 ], [ -45.749115386999961, -60.521468597999956 ], [ -45.702422168999931, -60.511192049999977 ] ] ], [ [ [ -27.228179269999941, -59.424295335999943 ], [ -27.142631273999939, -59.427330247999976 ], [ -27.130580177999946, -59.444584817999953 ], [ -27.163867236999977, -59.461500505999936 ], [ -27.247741017999942, -59.451286626999945 ], [ -27.228179269999941, -59.424295335999943 ] ] ], [ [ [ -27.418744661999938, -59.442334082999935 ], [ -27.32236331699994, -59.415409833999945 ], [ -27.347031228999981, -59.439210472999946 ], [ -27.298630493999951, -59.459303190999947 ], [ -27.418744661999938, -59.442334082999935 ] ] ], [ [ [ -27.088226091999957, -59.408700730999954 ], [ -27.074867211999958, -59.419888652999987 ], [ -27.094768366999972, -59.418325962999972 ], [ -27.088226091999957, -59.408700730999954 ] ] ], [ [ [ -26.726985569999954, -59.025599381999939 ], [ -26.725704482999959, -59.030277008999974 ], [ -26.730919685999936, -59.027147065999941 ], [ -26.726985569999954, -59.025599381999939 ] ] ], [ [ [ -26.689916624999967, -59.017813018999959 ], [ -26.683079480999936, -59.019900758999938 ], [ -26.690683048999972, -59.021652041999971 ], [ -26.689916624999967, -59.017813018999959 ] ] ], [ [ [ -26.659288586999935, -59.015800743999932 ], [ -26.651757592999957, -59.017585338999936 ], [ -26.663214697999933, -59.018917836999947 ], [ -26.659288586999935, -59.015800743999932 ] ] ], [ [ [ -26.537826914999982, -58.96693810499994 ], [ -26.518042302999959, -58.981613129999971 ], [ -26.438074226999959, -59.01872773599996 ], [ -26.526637298999958, -59.061720625999953 ], [ -26.559102664999955, -59.056445360999987 ], [ -26.630116714999929, -59.007934855999963 ], [ -26.537826914999982, -58.96693810499994 ] ] ], [ [ [ -26.351738830999977, -58.405637248999938 ], [ -26.275275898999951, -58.420050537999941 ], [ -26.280169710999928, -58.479184634999967 ], [ -26.252684157999965, -58.499101702999951 ], [ -26.271548465999956, -58.517709934999971 ], [ -26.332621210999946, -58.49496325399997 ], [ -26.363970608999978, -58.50645902499997 ], [ -26.480893822999974, -58.458752038999933 ], [ -26.469144214999972, -58.415078024999957 ], [ -26.351738830999977, -58.405637248999938 ] ] ], [ [ [ -26.495113622999952, -57.761676549999947 ], [ -26.456650598999943, -57.77124017999995 ], [ -26.431023803999949, -57.800593209999931 ], [ -26.385355403999938, -57.804705512999988 ], [ -26.38424062799993, -57.808531685999981 ], [ -26.479484513999978, -57.831656608999936 ], [ -26.534420809999972, -57.819297458999984 ], [ -26.536321188999977, -57.790081777999944 ], [ -26.495113622999952, -57.761676549999947 ] ] ], [ [ [ -26.828468245999943, -57.108812118999936 ], [ -26.813942337999947, -57.112852157999953 ], [ -26.798663224999927, -57.114648650999982 ], [ -26.82085060299994, -57.123988973999985 ], [ -26.828468245999943, -57.108812118999936 ] ] ], [ [ [ -26.741827565999984, -57.073445919999983 ], [ -26.706100118999927, -57.076932228999965 ], [ -26.685678415999973, -57.107001399999945 ], [ -26.724712930999942, -57.111462936999942 ], [ -26.75310719099997, -57.087816367999949 ], [ -26.741827565999984, -57.073445919999983 ] ] ], [ [ [ -27.21415221999996, -56.682990016999952 ], [ -27.151962311999966, -56.693994564999969 ], [ -27.131547572999978, -56.711702202999959 ], [ -27.20012296799996, -56.731909014999985 ], [ -27.253805168999975, -56.723132466999971 ], [ -27.249949004999962, -56.695656567999947 ], [ -27.21415221999996, -56.682990016999952 ] ] ], [ [ [ -28.106020938999961, -56.673811408999939 ], [ -28.096793649999938, -56.672859956999957 ], [ -28.089433360999976, -56.674176430999978 ], [ -28.106020938999961, -56.673811408999939 ] ] ], [ [ [ -27.574383441999942, -56.279292414999986 ], [ -27.543019656999945, -56.30086859499994 ], [ -27.58229584999998, -56.318820157999937 ], [ -27.607828235999932, -56.289754632999973 ], [ -27.574383441999942, -56.279292414999986 ] ] ], [ [ [ -66.546387, -55.063248 ], [ -66.548889, -55.062592 ], [ -66.546005, -55.062912 ], [ -66.546387, -55.063248 ] ] ], [ [ [ -66.301987, -55.011616 ], [ -66.30455, -55.016617 ], [ -66.306717, -55.010624 ], [ -66.301987, -55.011616 ] ] ], [ [ [ -34.669701, -55.017736 ], [ -34.678257, -55.025094 ], [ -34.696083, -55.01978 ], [ -34.685387, -55.009968 ], [ -34.669701, -55.017736 ] ] ], [ [ [ -67.004212, -54.955681 ], [ -67.010452, -54.956291 ], [ -67.005348, -54.953808 ], [ -67.004212, -54.955681 ] ] ], [ [ [ -65.579781, -54.949974 ], [ -65.573113, -54.950649 ], [ -65.572869, -54.952095 ], [ -65.579781, -54.949974 ] ] ], [ [ [ -65.591019, -54.948986 ], [ -65.588371, -54.950386 ], [ -65.592514, -54.949875 ], [ -65.591019, -54.948986 ] ] ], [ [ [ -67.027504, -54.951401 ], [ -67.034866, -54.950821 ], [ -67.033425, -54.947285 ], [ -67.027504, -54.951401 ] ] ], [ [ [ -64.617161, -54.92134 ], [ -64.617779, -54.919272 ], [ -64.613651, -54.918387 ], [ -64.617161, -54.92134 ] ] ], [ [ [ -64.609858, -54.916107 ], [ -64.612761, -54.915965 ], [ -64.609858, -54.915108 ], [ -64.609858, -54.916107 ] ] ], [ [ [ -64.608193, -54.913347 ], [ -64.606622, -54.914442 ], [ -64.608716, -54.913871 ], [ -64.608193, -54.913347 ] ] ], [ [ [ -36.121008207999978, -54.909408111999937 ], [ -36.125163202999943, -54.910120828999936 ], [ -36.124426025999981, -54.908522012999981 ], [ -36.121008207999978, -54.909408111999937 ] ] ], [ [ [ -67.40097, -54.902058 ], [ -67.374695, -54.90361 ], [ -67.373871, -54.908024 ], [ -67.391739, -54.907761 ], [ -67.40097, -54.902058 ] ] ], [ [ [ -67.395775, -54.893944 ], [ -67.401535, -54.89505 ], [ -67.401138, -54.893932 ], [ -67.395775, -54.893944 ] ] ], [ [ [ -36.105327341999953, -54.900440398999933 ], [ -36.094869432999928, -54.892923087999975 ], [ -36.091066556999976, -54.896340220999946 ], [ -36.105327341999953, -54.900440398999933 ] ] ], [ [ [ -67.335823, -54.896626 ], [ -67.34304, -54.89901 ], [ -67.349167, -54.892788 ], [ -67.335823, -54.896626 ] ] ], [ [ [ -67.382545, -54.888649 ], [ -67.384705, -54.892914 ], [ -67.394005, -54.892349 ], [ -67.382545, -54.888649 ] ] ], [ [ [ -64.663642, -54.888389 ], [ -64.666236, -54.890912 ], [ -64.671281, -54.891364 ], [ -64.663642, -54.888389 ] ] ], [ [ [ -67.428375, -54.884842 ], [ -67.431076, -54.888813 ], [ -67.430763, -54.885742 ], [ -67.435043, -54.885647 ], [ -67.428375, -54.884842 ] ] ], [ [ [ -67.354759, -54.883873 ], [ -67.35804, -54.884071 ], [ -67.358688, -54.883549 ], [ -67.354759, -54.883873 ] ] ], [ [ [ -67.43734, -54.881432 ], [ -67.427925, -54.882427 ], [ -67.439293, -54.882133 ], [ -67.43734, -54.881432 ] ] ], [ [ [ -68.242371, -54.877575 ], [ -68.243256, -54.879169 ], [ -68.246452, -54.878471 ], [ -68.242371, -54.877575 ] ] ], [ [ [ -64.172687, -54.878099 ], [ -64.170095, -54.879624 ], [ -64.173837, -54.880272 ], [ -64.172687, -54.878099 ] ] ], [ [ [ -64.520362, -54.878939 ], [ -64.522873, -54.877631 ], [ -64.519569, -54.877452 ], [ -64.520362, -54.878939 ] ] ], [ [ [ -64.445077, -54.87878 ], [ -64.447007, -54.878681 ], [ -64.443399, -54.876945 ], [ -64.445077, -54.87878 ] ] ], [ [ [ -67.540329, -54.879791 ], [ -67.471611, -54.884403 ], [ -67.447121, -54.879063 ], [ -67.436104, -54.892933 ], [ -67.407921, -54.900036 ], [ -67.422028, -54.899494 ], [ -67.414276, -54.912254 ], [ -67.462067, -54.9016 ], [ -67.487648, -54.917973 ], [ -67.53614, -54.901924 ], [ -67.540329, -54.879791 ] ] ], [ [ [ -64.166327, -54.876814 ], [ -64.167827, -54.876827 ], [ -64.165963, -54.876476 ], [ -64.166327, -54.876814 ] ] ], [ [ [ -64.481368, -54.877684 ], [ -64.48527, -54.877113 ], [ -64.480225, -54.876351 ], [ -64.481368, -54.877684 ] ] ], [ [ [ -64.45733, -54.875175 ], [ -64.460229, -54.875862 ], [ -64.460352, -54.875481 ], [ -64.45733, -54.875175 ] ] ], [ [ [ -36.039846576999935, -54.876995425999951 ], [ -36.043055251999931, -54.877884260999963 ], [ -36.038895856999943, -54.874944195999944 ], [ -36.039846576999935, -54.876995425999951 ] ] ], [ [ [ -68.238266, -54.876228 ], [ -68.253044, -54.874901 ], [ -68.238213, -54.876026 ], [ -68.238266, -54.876228 ] ] ], [ [ [ -64.174631, -54.876447 ], [ -64.168331, -54.874404 ], [ -64.165915, -54.875214 ], [ -64.174631, -54.876447 ] ] ], [ [ [ -68.25708, -54.873146 ], [ -68.261299, -54.873695 ], [ -68.261498, -54.873215 ], [ -68.25708, -54.873146 ] ] ], [ [ [ -68.084366, -54.872849 ], [ -68.086205, -54.872433 ], [ -68.084038, -54.872322 ], [ -68.084366, -54.872849 ] ] ], [ [ [ -68.197144, -54.872173 ], [ -68.198585, -54.873093 ], [ -68.200691, -54.872067 ], [ -68.197144, -54.872173 ] ] ], [ [ [ -68.206947, -54.870838 ], [ -68.20536, -54.872139 ], [ -68.208489, -54.871613 ], [ -68.206947, -54.870838 ] ] ], [ [ [ -68.181602, -54.870945 ], [ -68.169693, -54.871414 ], [ -68.168548, -54.871761 ], [ -68.17807, -54.873142 ], [ -68.181602, -54.870945 ] ] ], [ [ [ -67.469581, -54.880302 ], [ -67.457169, -54.871178 ], [ -67.446076, -54.875851 ], [ -67.469581, -54.880302 ] ] ], [ [ [ -68.262482, -54.86636 ], [ -68.265404, -54.867981 ], [ -68.266273, -54.867481 ], [ -68.262482, -54.86636 ] ] ], [ [ [ -68.250206, -54.865921 ], [ -68.23288, -54.870373 ], [ -68.267044, -54.869659 ], [ -68.250206, -54.865921 ] ] ], [ [ [ -68.45575, -54.862068 ], [ -68.454559, -54.865368 ], [ -68.46009, -54.865265 ], [ -68.45575, -54.862068 ] ] ], [ [ [ -68.253029, -54.860916 ], [ -68.245201, -54.862042 ], [ -68.253746, -54.862579 ], [ -68.253029, -54.860916 ] ] ], [ [ [ -68.486404, -54.866562 ], [ -68.479713, -54.860844 ], [ -68.474953, -54.865589 ], [ -68.486404, -54.866562 ] ] ], [ [ [ -64.507027, -54.860863 ], [ -64.49739, -54.860104 ], [ -64.504715, -54.862721 ], [ -64.507027, -54.860863 ] ] ], [ [ [ -68.233414, -54.86158 ], [ -68.242508, -54.858257 ], [ -68.231705, -54.859566 ], [ -68.233414, -54.86158 ] ] ], [ [ [ -68.168175, -54.857025 ], [ -68.173035, -54.860813 ], [ -68.174019, -54.859417 ], [ -68.168175, -54.857025 ] ] ], [ [ [ -68.183235, -54.854733 ], [ -68.186165, -54.854496 ], [ -68.182915, -54.854252 ], [ -68.183235, -54.854733 ] ] ], [ [ [ -64.75296, -54.853859 ], [ -64.748695, -54.855 ], [ -64.755646, -54.856682 ], [ -64.75296, -54.853859 ] ] ], [ [ [ -36.159330974999932, -54.849241620999976 ], [ -36.157857148999938, -54.850340002999985 ], [ -36.159828276999974, -54.850402469999949 ], [ -36.159330974999932, -54.849241620999976 ] ] ], [ [ [ -36.156962002999933, -54.848799134999979 ], [ -36.154050518999952, -54.849486286999934 ], [ -36.156971044999977, -54.849538343999939 ], [ -36.156962002999933, -54.848799134999979 ] ] ], [ [ [ -36.154348900999935, -54.848195266999937 ], [ -36.156220569999959, -54.848101561999954 ], [ -36.154186147999951, -54.847773592999943 ], [ -36.154348900999935, -54.848195266999937 ] ] ], [ [ [ -68.258125, -54.848286 ], [ -68.25029, -54.846844 ], [ -68.247856, -54.848213 ], [ -68.258125, -54.848286 ] ] ], [ [ [ -64.390357, -54.846247 ], [ -64.385074, -54.853148 ], [ -64.39188, -54.852481 ], [ -64.390357, -54.846247 ] ] ], [ [ [ -64.150606, -54.846363 ], [ -64.163039, -54.855822 ], [ -64.161908, -54.851301 ], [ -64.150606, -54.846363 ] ] ], [ [ [ -64.328005, -54.847369 ], [ -64.331202, -54.847682 ], [ -64.33066, -54.844951 ], [ -64.328005, -54.847369 ] ] ], [ [ [ -64.327574, -54.844016 ], [ -64.326322, -54.846432 ], [ -64.328962, -54.844891 ], [ -64.327574, -54.844016 ] ] ], [ [ [ -64.350096, -54.84363 ], [ -64.349859, -54.844439 ], [ -64.35062, -54.84401 ], [ -64.350096, -54.84363 ] ] ], [ [ [ -64.355617, -54.842916 ], [ -64.353428, -54.842963 ], [ -64.356474, -54.844201 ], [ -64.355617, -54.842916 ] ] ], [ [ [ -64.191157, -54.843187 ], [ -64.192088, -54.842573 ], [ -64.190806, -54.842763 ], [ -64.191157, -54.843187 ] ] ], [ [ [ -64.328174, -54.841638 ], [ -64.330686, -54.843971 ], [ -64.333176, -54.84321 ], [ -64.328174, -54.841638 ] ] ], [ [ [ -64.323653, -54.841222 ], [ -64.320915, -54.843755 ], [ -64.327209, -54.841589 ], [ -64.323653, -54.841222 ] ] ], [ [ [ -64.236862, -54.837048 ], [ -64.240875, -54.840679 ], [ -64.244156, -54.839451 ], [ -64.236862, -54.837048 ] ] ], [ [ [ -64.17354, -54.835553 ], [ -64.175542, -54.836224 ], [ -64.175504, -54.835596 ], [ -64.17354, -54.835553 ] ] ], [ [ [ -68.258629, -54.835281 ], [ -68.254387, -54.835518 ], [ -68.25238, -54.836296 ], [ -68.258629, -54.835281 ] ] ], [ [ [ -64.362125, -54.834584 ], [ -64.362628, -54.83548 ], [ -64.362995, -54.835213 ], [ -64.362125, -54.834584 ] ] ], [ [ [ -64.363469, -54.831066 ], [ -64.360994, -54.831494 ], [ -64.364183, -54.832399 ], [ -64.363469, -54.831066 ] ] ], [ [ [ -64.243848, -54.831037 ], [ -64.242871, -54.832673 ], [ -64.244893, -54.831712 ], [ -64.243848, -54.831037 ] ] ], [ [ [ -36.198260113999936, -54.82568336199995 ], [ -36.202844178999953, -54.826964445999977 ], [ -36.198378953999963, -54.824451071999931 ], [ -36.198260113999936, -54.82568336199995 ] ] ], [ [ [ -64.276695, -54.824183 ], [ -64.279617, -54.825892 ], [ -64.277664, -54.823302 ], [ -64.276695, -54.824183 ] ] ], [ [ [ -64.589394, -54.809235 ], [ -64.592537, -54.808926 ], [ -64.589378, -54.807846 ], [ -64.589394, -54.809235 ] ] ], [ [ [ -36.262509476999981, -54.804710974999978 ], [ -36.26120263599995, -54.804793789999962 ], [ -36.262557371999947, -54.804801676999944 ], [ -36.262509476999981, -54.804710974999978 ] ] ], [ [ [ -36.259040531999972, -54.803090143999952 ], [ -36.258075795999957, -54.80353183699998 ], [ -36.258055269999943, -54.803792117999933 ], [ -36.259040531999972, -54.803090143999952 ] ] ], [ [ [ -36.259806846999936, -54.802825914999971 ], [ -36.258691584999951, -54.804525627999965 ], [ -36.260429478999981, -54.803310991999979 ], [ -36.259806846999936, -54.802825914999971 ] ] ], [ [ [ -64.258353, -54.803108 ], [ -64.259614, -54.803055 ], [ -64.258855, -54.802331 ], [ -64.258353, -54.803108 ] ] ], [ [ [ -64.031924, -54.804336 ], [ -64.037203, -54.803733 ], [ -64.033404, -54.802002 ], [ -64.031924, -54.804336 ] ] ], [ [ [ -64.027107, -54.802222 ], [ -64.029248, -54.802866 ], [ -64.02953, -54.801805 ], [ -64.027107, -54.802222 ] ] ], [ [ [ -36.259690532999969, -54.801591508999934 ], [ -36.257788428999959, -54.802589289999958 ], [ -36.260121584999979, -54.801796587999945 ], [ -36.259690532999969, -54.801591508999934 ] ] ], [ [ [ -35.770851962999984, -54.803573443999937 ], [ -35.781945913999948, -54.826442687999986 ], [ -35.804375514999947, -54.824075634999986 ], [ -35.809887286999981, -54.804251889999932 ], [ -35.770851962999984, -54.803573443999937 ] ] ], [ [ [ -36.266566265999984, -54.796052341999939 ], [ -36.264007814999957, -54.796839879999936 ], [ -36.267932370999972, -54.797043668999947 ], [ -36.266566265999984, -54.796052341999939 ] ] ], [ [ [ -64.555519, -54.792576 ], [ -64.558838, -54.792419 ], [ -64.554543, -54.791382 ], [ -64.555519, -54.792576 ] ] ], [ [ [ -64.707003, -54.793346 ], [ -64.710612, -54.790909 ], [ -64.708559, -54.789848 ], [ -64.707003, -54.793346 ] ] ], [ [ [ -36.268565894999938, -54.785846268999933 ], [ -36.265936083999975, -54.786507372999949 ], [ -36.269019311999955, -54.786305681999977 ], [ -36.268565894999938, -54.785846268999933 ] ] ], [ [ [ -36.278728409999928, -54.784558406999963 ], [ -36.270650184999965, -54.784706995999954 ], [ -36.268550101999949, -54.785479660999954 ], [ -36.278728409999928, -54.784558406999963 ] ] ], [ [ [ -36.280075661999945, -54.785703896999962 ], [ -36.278883002999976, -54.784991035999951 ], [ -36.278883002999976, -54.786014787999932 ], [ -36.280075661999945, -54.785703896999962 ] ] ], [ [ [ -36.277745110999945, -54.779196663999983 ], [ -36.274749883999959, -54.779916420999939 ], [ -36.279475306999984, -54.77987061999994 ], [ -36.277745110999945, -54.779196663999983 ] ] ], [ [ [ -36.276105677999965, -54.778843322999933 ], [ -36.275589454999931, -54.77843108899998 ], [ -36.275430616999984, -54.77866665199997 ], [ -36.276105677999965, -54.778843322999933 ] ] ], [ [ [ -36.277370707999978, -54.778957832999936 ], [ -36.276939575999961, -54.778185709999946 ], [ -36.276253169999961, -54.778817149999952 ], [ -36.277370707999978, -54.778957832999936 ] ] ], [ [ [ -36.28047371699995, -54.778182437999931 ], [ -36.279151959999979, -54.778499795999949 ], [ -36.280462370999942, -54.778584860999956 ], [ -36.28047371699995, -54.778182437999931 ] ] ], [ [ [ -64.427986, -54.766659 ], [ -64.431151, -54.767205 ], [ -64.426989, -54.765873 ], [ -64.427986, -54.766659 ] ] ], [ [ [ -36.285550840999974, -54.763845785999933 ], [ -36.283656210999936, -54.764496036999958 ], [ -36.285424532999969, -54.764658598999972 ], [ -36.285550840999974, -54.763845785999933 ] ] ], [ [ [ -36.329629949999969, -54.762888847999932 ], [ -36.325918607999938, -54.763754234999965 ], [ -36.332341344999975, -54.764153637999982 ], [ -36.329629949999969, -54.762888847999932 ] ] ], [ [ [ -64.426641, -54.759443 ], [ -64.429609, -54.759943 ], [ -64.426413, -54.758923 ], [ -64.426641, -54.759443 ] ] ], [ [ [ -36.30497209899994, -54.758526676999963 ], [ -36.306376762999946, -54.759619106999935 ], [ -36.307068914999945, -54.759231473999932 ], [ -36.30497209899994, -54.758526676999963 ] ] ], [ [ [ -64.423435, -54.756292 ], [ -64.424239, -54.757047 ], [ -64.4243, -54.75623 ], [ -64.423435, -54.756292 ] ] ], [ [ [ -36.328444227999967, -54.754097918999946 ], [ -36.32028089399995, -54.757258009999987 ], [ -36.330703903999961, -54.755413673999954 ], [ -36.328444227999967, -54.754097918999946 ] ] ], [ [ [ -36.316505778999954, -54.753393871999947 ], [ -36.305215992999933, -54.75510838799994 ], [ -36.304621791999978, -54.75661710199995 ], [ -36.316505778999954, -54.753393871999947 ] ] ], [ [ [ -64.025745, -54.751446 ], [ -64.024464, -54.751758 ], [ -64.026092, -54.752079 ], [ -64.025745, -54.751446 ] ] ], [ [ [ -36.319693172999962, -54.748223219999943 ], [ -36.316963689999966, -54.750043011999935 ], [ -36.320069652999962, -54.748820772999977 ], [ -36.319693172999962, -54.748223219999943 ] ] ], [ [ [ -64.395235, -54.747407 ], [ -64.396074, -54.748887 ], [ -64.396966, -54.748154 ], [ -64.395235, -54.747407 ] ] ], [ [ [ -35.855771550999975, -54.746096343999966 ], [ -35.853523639999935, -54.748292603999971 ], [ -35.856211086999963, -54.746850188999986 ], [ -35.855771550999975, -54.746096343999966 ] ] ], [ [ [ -64.380524, -54.745663 ], [ -64.379906, -54.746445 ], [ -64.380669, -54.746212 ], [ -64.380524, -54.745663 ] ] ], [ [ [ -64.101493, -54.74535 ], [ -64.095069, -54.74648 ], [ -64.103159, -54.749217 ], [ -64.101493, -54.74535 ] ] ], [ [ [ -64.09608, -54.742614 ], [ -64.094533, -54.743566 ], [ -64.097567, -54.743149 ], [ -64.09608, -54.742614 ] ] ], [ [ [ -64.094117, -54.742019 ], [ -64.09263, -54.739818 ], [ -64.091262, -54.74071 ], [ -64.094117, -54.742019 ] ] ], [ [ [ -36.327670578999971, -54.725586031999967 ], [ -36.322037383999941, -54.725935358999948 ], [ -36.327859611999941, -54.725979024999958 ], [ -36.327670578999971, -54.725586031999967 ] ] ], [ [ [ -63.809536, -54.717905 ], [ -63.808291, -54.717371 ], [ -63.807983, -54.717942 ], [ -63.809536, -54.717905 ] ] ], [ [ [ -64.329248, -54.733907 ], [ -64.278661, -54.728958 ], [ -64.24235, -54.745233 ], [ -64.216319, -54.73386 ], [ -64.13851, -54.770408 ], [ -64.145411, -54.745091 ], [ -64.164923, -54.740189 ], [ -64.149504, -54.730338 ], [ -64.109441, -54.737979 ], [ -64.10611, -54.749698 ], [ -64.126454, -54.75755 ], [ -64.10843, -54.764331 ], [ -64.072917, -54.728402 ], [ -64.047278, -54.730365 ], [ -64.030324, -54.751363 ], [ -64.042578, -54.778132 ], [ -63.989873, -54.735659 ], [ -63.958048, -54.741251 ], [ -63.876313, -54.716802 ], [ -63.878396, -54.730662 ], [ -63.854839, -54.731733 ], [ -63.888508, -54.751601 ], [ -63.878752, -54.75523 ], [ -63.825929, -54.720609 ], [ -63.795888, -54.727152 ], [ -63.810284, -54.736849 ], [ -63.80148, -54.751006 ], [ -63.829022, -54.760584 ], [ -63.845678, -54.789197 ], [ -63.88601, -54.793242 ], [ -63.882798, -54.779679 ], [ -63.953408, -54.813348 ], [ -63.94508, -54.795919 ], [ -63.967506, -54.793658 ], [ -63.954895, -54.76683 ], [ -64.036575, -54.801718 ], [ -64.061198, -54.779738 ], [ -64.109858, -54.833276 ], [ -64.120625, -54.81436 ], [ -64.148167, -54.830064 ], [ -64.172318, -54.823283 ], [ -64.179635, -54.838928 ], [ -64.200575, -54.828398 ], [ -64.220764, -54.857678 ], [ -64.239134, -54.840355 ], [ -64.231091, -54.835501 ], [ -64.237896, -54.824222 ], [ -64.227474, -54.820796 ], [ -64.234679, -54.781963 ], [ -64.263647, -54.80454 ], [ -64.270157, -54.790572 ], [ -64.306135, -54.788098 ], [ -64.299091, -54.806443 ], [ -64.333451, -54.830024 ], [ -64.394422, -54.827335 ], [ -64.412506, -54.858743 ], [ -64.484604, -54.874638 ], [ -64.485936, -54.847655 ], [ -64.444343, -54.838946 ], [ -64.471469, -54.835187 ], [ -64.466139, -54.823432 ], [ -64.518225, -54.854627 ], [ -64.526673, -54.867833 ], [ -64.515608, -54.870212 ], [ -64.539046, -54.888415 ], [ -64.566267, -54.882771 ], [ -64.606146, -54.910849 ], [ -64.704239, -54.915462 ], [ -64.643872, -54.889145 ], [ -64.683657, -54.86108 ], [ -64.664383, -54.850551 ], [ -64.686334, -54.842759 ], [ -64.739036, -54.859163 ], [ -64.756568, -54.836491 ], [ -64.724931, -54.81165 ], [ -64.737837, -54.804511 ], [ -64.675019, -54.800799 ], [ -64.687126, -54.780583 ], [ -64.647893, -54.776814 ], [ -64.639613, -54.797144 ], [ -64.586503, -54.82081 ], [ -64.556868, -54.795916 ], [ -64.51142, -54.798058 ], [ -64.526743, -54.788302 ], [ -64.521461, -54.773121 ], [ -64.541496, -54.768552 ], [ -64.544637, -54.725246 ], [ -64.489909, -54.763746 ], [ -64.432231, -54.761033 ], [ -64.439227, -54.764174 ], [ -64.412434, -54.782734 ], [ -64.403154, -54.764412 ], [ -64.421524, -54.754894 ], [ -64.3914, -54.749136 ], [ -64.395397, -54.782496 ], [ -64.366606, -54.784828 ], [ -64.367367, -54.810907 ], [ -64.357611, -54.785113 ], [ -64.375743, -54.751468 ], [ -64.352757, -54.744329 ], [ -64.341802, -54.714664 ], [ -64.329248, -54.733907 ] ] ], [ [ [ -64.337268, -54.708008 ], [ -64.340183, -54.703819 ], [ -64.336971, -54.702991 ], [ -64.337268, -54.708008 ] ] ], [ [ [ -64.247689, -54.699813 ], [ -64.236695, -54.705047 ], [ -64.248688, -54.703905 ], [ -64.247689, -54.699813 ] ] ], [ [ [ -64.256414, -54.692205 ], [ -64.25156, -54.694584 ], [ -64.256271, -54.698249 ], [ -64.256414, -54.692205 ] ] ], [ [ [ -64.27169, -54.679261 ], [ -64.247467, -54.676072 ], [ -64.256557, -54.687446 ], [ -64.27169, -54.679261 ] ] ], [ [ [ -64.261518, -54.669174 ], [ -64.260442, -54.669601 ], [ -64.261812, -54.669991 ], [ -64.261518, -54.669174 ] ] ], [ [ [ -64.162408, -54.650659 ], [ -64.109107, -54.651195 ], [ -64.139684, -54.668803 ], [ -64.162408, -54.650659 ] ] ], [ [ [ -36.75451905999995, -54.634221648999983 ], [ -36.75776289099997, -54.639175614999942 ], [ -36.767290580999941, -54.636000820999982 ], [ -36.75451905999995, -54.634221648999983 ] ] ], [ [ [ -36.754141591999939, -54.630155741999943 ], [ -36.756895676999932, -54.631818927999973 ], [ -36.757408342999952, -54.63122543299994 ], [ -36.754141591999939, -54.630155741999943 ] ] ], [ [ [ -36.755131154999958, -54.630114332999938 ], [ -36.757789860999935, -54.629127428999936 ], [ -36.75484501699998, -54.629858982999963 ], [ -36.755131154999958, -54.630114332999938 ] ] ], [ [ [ -36.752758588999939, -54.632364106999944 ], [ -36.751208669999983, -54.63012813499995 ], [ -36.745664733999945, -54.630901077999965 ], [ -36.752758588999939, -54.632364106999944 ] ] ], [ [ [ -36.736020886999938, -54.628224492999948 ], [ -36.736764858999948, -54.628558742999985 ], [ -36.73699804499995, -54.628417329999934 ], [ -36.736020886999938, -54.628224492999948 ] ] ], [ [ [ -36.735809910999933, -54.625164690999952 ], [ -36.735987574999967, -54.628115217999948 ], [ -36.73888573499994, -54.626437492999969 ], [ -36.735809910999933, -54.625164690999952 ] ] ], [ [ [ -36.416217019999976, -54.617932397999937 ], [ -36.415446937999945, -54.620293935999939 ], [ -36.416873015999954, -54.618427837999945 ], [ -36.416217019999976, -54.617932397999937 ] ] ], [ [ [ -36.415199750999932, -54.617469982999978 ], [ -36.415475459999982, -54.618125069999962 ], [ -36.415465951999977, -54.617486497999948 ], [ -36.415199750999932, -54.617469982999978 ] ] ], [ [ [ -36.414163468999959, -54.617552557999943 ], [ -36.414676856999961, -54.617882854999948 ], [ -36.414809955999942, -54.617547052999953 ], [ -36.414163468999959, -54.617552557999943 ] ] ], [ [ [ -36.424790128999973, -54.597041408999985 ], [ -36.421859537999978, -54.598549123999931 ], [ -36.426237597999943, -54.598474773999953 ], [ -36.424790128999973, -54.597041408999985 ] ] ], [ [ [ -36.120216030999984, -54.554344368999978 ], [ -36.121062139999935, -54.55664606199997 ], [ -36.123569698999972, -54.55489750199996 ], [ -36.120216030999984, -54.554344368999978 ] ] ], [ [ [ -35.998787403999984, -54.505765430999986 ], [ -35.995935246999977, -54.509767288999967 ], [ -36.00603663499993, -54.507835406999959 ], [ -35.998787403999984, -54.505765430999986 ] ] ], [ [ [ -37.019909625999958, -54.500762412999961 ], [ -37.021391919999985, -54.500834141999974 ], [ -37.019182202999957, -54.500108868999973 ], [ -37.019909625999958, -54.500762412999961 ] ] ], [ [ [ -37.01798813299996, -54.500132779999944 ], [ -37.018688104999967, -54.500140749999957 ], [ -37.018056757999943, -54.499638631999971 ], [ -37.01798813299996, -54.500132779999944 ] ] ], [ [ [ -37.01594311599996, -54.49889739799994 ], [ -37.01693131299993, -54.499925557999973 ], [ -37.017741083999965, -54.499519077999935 ], [ -37.01594311599996, -54.49889739799994 ] ] ], [ [ [ -37.02295656299998, -54.498913337999966 ], [ -37.021117419999939, -54.499965406999934 ], [ -37.023491835999948, -54.500061048999953 ], [ -37.02295656299998, -54.498913337999966 ] ] ], [ [ [ -37.019744924999941, -54.498562641999968 ], [ -37.017521485999964, -54.499232150999944 ], [ -37.019758649999972, -54.499399524999944 ], [ -37.019744924999941, -54.498562641999968 ] ] ], [ [ [ -37.014556897999967, -54.498737989999938 ], [ -37.015462742999944, -54.498753931999943 ], [ -37.014515721999942, -54.498610464999956 ], [ -37.014556897999967, -54.498737989999938 ] ] ], [ [ [ -37.011455059999946, -54.498100355999952 ], [ -37.009862965999957, -54.497909063999941 ], [ -37.009162993999951, -54.498196001999986 ], [ -37.011455059999946, -54.498100355999952 ] ] ], [ [ [ -36.99523727899998, -54.495179187999952 ], [ -36.995317114999978, -54.496355170999948 ], [ -36.995948531999943, -54.495980039999949 ], [ -36.99523727899998, -54.495179187999952 ] ] ], [ [ [ -36.742571472999941, -54.48084519799994 ], [ -36.739870609999969, -54.481565650999983 ], [ -36.742508417999943, -54.481168792999938 ], [ -36.742571472999941, -54.48084519799994 ] ] ], [ [ [ -36.985169309999947, -54.479862512999944 ], [ -36.97991514399996, -54.478010249999954 ], [ -36.97974851999993, -54.479184864999979 ], [ -36.985169309999947, -54.479862512999944 ] ] ], [ [ [ -36.983214271999941, -54.475396288999946 ], [ -36.983658598999966, -54.475822278999942 ], [ -36.983780788999979, -54.475648010999976 ], [ -36.983214271999941, -54.475396288999946 ] ] ], [ [ [ -37.125487740999972, -54.481852732999982 ], [ -37.077417016999959, -54.475327810999943 ], [ -37.023244786999953, -54.498929278999981 ], [ -37.099681643999929, -54.513862304999975 ], [ -37.078489626999954, -54.499616211999978 ], [ -37.125487740999972, -54.481852732999982 ] ] ], [ [ [ -36.758224923999933, -54.472986673999969 ], [ -36.756226193999964, -54.472350645999938 ], [ -36.755712234999976, -54.474380372999974 ], [ -36.758224923999933, -54.472986673999969 ] ] ], [ [ [ -36.949476613999934, -54.468661139999938 ], [ -36.933474872999966, -54.470009354999945 ], [ -36.948286893999978, -54.474641347999977 ], [ -36.949476613999934, -54.468661139999938 ] ] ], [ [ [ -36.92752626999993, -54.465065681999931 ], [ -36.910810695999942, -54.467036309999969 ], [ -36.91057275299994, -54.468073441999934 ], [ -36.92752626999993, -54.465065681999931 ] ] ], [ [ [ -36.803598453999939, -54.46214841699998 ], [ -36.801799596999956, -54.463708441999984 ], [ -36.803969645999985, -54.462319911999941 ], [ -36.803598453999939, -54.46214841699998 ] ] ], [ [ [ -36.911798583999939, -54.370628562999968 ], [ -36.913025582999978, -54.374862012999984 ], [ -36.916423423999959, -54.373689153999976 ], [ -36.911798583999939, -54.370628562999968 ] ] ], [ [ [ -36.987497160999965, -54.365181873999973 ], [ -36.982805694999968, -54.365481235999937 ], [ -36.987452479999945, -54.366079956999954 ], [ -36.987497160999965, -54.365181873999973 ] ] ], [ [ [ -36.983542924999938, -54.36415360899997 ], [ -36.983911539999951, -54.364465994999932 ], [ -36.984726961999968, -54.36430980199998 ], [ -36.983542924999938, -54.36415360899997 ] ] ], [ [ [ -36.960256254999933, -54.360238612999979 ], [ -36.960914800999944, -54.361461718999976 ], [ -36.961349910999957, -54.360790213999962 ], [ -36.960256254999933, -54.360238612999979 ] ] ], [ [ [ -37.033904723999967, -54.354145623999955 ], [ -37.033464262999985, -54.354635162999955 ], [ -37.034751037999968, -54.354701166999973 ], [ -37.033904723999967, -54.354145623999955 ] ] ], [ [ [ -37.030162048999955, -54.35422762099995 ], [ -37.028720635999946, -54.355234178999979 ], [ -37.030205538999951, -54.354915559999938 ], [ -37.030162048999955, -54.35422762099995 ] ] ], [ [ [ -37.029435129999968, -54.353525189999971 ], [ -37.03063423499998, -54.354180552999935 ], [ -37.031348728999944, -54.354079169999977 ], [ -37.029435129999968, -54.353525189999971 ] ] ], [ [ [ -37.026943721999942, -54.35328259299996 ], [ -37.028801403999978, -54.353876406999973 ], [ -37.028136615999983, -54.353014650999967 ], [ -37.026943721999942, -54.35328259299996 ] ] ], [ [ [ -37.056298304999984, -54.338871822999977 ], [ -37.055673570999943, -54.340033008999967 ], [ -37.057180285999948, -54.339788776999967 ], [ -37.056298304999984, -54.338871822999977 ] ] ], [ [ [ -37.086736084999984, -54.338311890999933 ], [ -37.078220460999944, -54.337871603999986 ], [ -37.076657961999956, -54.341621484999962 ], [ -37.086736084999984, -54.338311890999933 ] ] ], [ [ [ -37.106955077999942, -54.324728319999963 ], [ -37.104957697999964, -54.327236743999947 ], [ -37.108710914999961, -54.326174881999975 ], [ -37.106955077999942, -54.324728319999963 ] ] ], [ [ [ -37.109704960999977, -54.325226765999957 ], [ -37.109017488999939, -54.324435750999953 ], [ -37.107298813999932, -54.324663305999934 ], [ -37.109704960999977, -54.325226765999957 ] ] ], [ [ [ -36.294223303999956, -54.27778120399995 ], [ -36.285072635999938, -54.282013494999944 ], [ -36.29481750399998, -54.278475052999966 ], [ -36.294223303999956, -54.27778120399995 ] ] ], [ [ [ -36.300037025999984, -54.260056419999955 ], [ -36.305384819999972, -54.261167048999937 ], [ -36.302651503999982, -54.257973910999965 ], [ -36.300037025999984, -54.260056419999955 ] ] ], [ [ [ -36.33298224899994, -54.254333518999942 ], [ -36.334770411999955, -54.253957452999941 ], [ -36.333053774999939, -54.253142630999946 ], [ -36.33298224899994, -54.254333518999942 ] ] ], [ [ [ -36.334770411999955, -54.251492042999985 ], [ -36.333786921999945, -54.25322620299994 ], [ -36.33555720499993, -54.252641192999931 ], [ -36.334770411999955, -54.251492042999985 ] ] ], [ [ [ -36.400747464999938, -54.239288459999955 ], [ -36.403793456999949, -54.239944858999934 ], [ -36.404155168999978, -54.238175892999948 ], [ -36.400747464999938, -54.239288459999955 ] ] ], [ [ [ -36.397473023999964, -54.238253773999986 ], [ -36.396425963999945, -54.23959997299994 ], [ -36.398710457999982, -54.239766854999971 ], [ -36.397473023999964, -54.238253773999986 ] ] ], [ [ [ -37.627543983999942, -54.189713538999968 ], [ -37.626025899999945, -54.190646622999964 ], [ -37.629905447999931, -54.190700454999956 ], [ -37.627543983999942, -54.189713538999968 ] ] ], [ [ [ -37.625979897999969, -54.188412566999943 ], [ -37.62084294999994, -54.190359522999984 ], [ -37.626884613999948, -54.18920212699993 ], [ -37.625979897999969, -54.188412566999943 ] ] ], [ [ [ -36.49423382699996, -54.187434094999958 ], [ -36.492566366999938, -54.187712861999955 ], [ -36.493084819999979, -54.188278589999982 ], [ -36.49423382699996, -54.187434094999958 ] ] ], [ [ [ -37.603776011999969, -54.185828446999949 ], [ -37.605186755999966, -54.187820386999931 ], [ -37.60707285999996, -54.186941073999947 ], [ -37.603776011999969, -54.185828446999949 ] ] ], [ [ [ -36.493827470999975, -54.184285528999965 ], [ -36.490506563999929, -54.183235955999976 ], [ -36.490814832999945, -54.184556118999978 ], [ -36.493827470999975, -54.184285528999965 ] ] ], [ [ [ -36.502862935999929, -54.183403839999983 ], [ -36.505223868999963, -54.182649405999939 ], [ -36.503950206999946, -54.181495003999942 ], [ -36.502862935999929, -54.183403839999983 ] ] ], [ [ [ -37.691538828999967, -54.175999188999981 ], [ -37.692642888999956, -54.178093726999975 ], [ -37.694413192999946, -54.177040899999952 ], [ -37.691538828999967, -54.175999188999981 ] ] ], [ [ [ -37.688340860999972, -54.176879351999958 ], [ -37.68979707799997, -54.17695176999996 ], [ -37.688378931999978, -54.175809782999977 ], [ -37.688340860999972, -54.176879351999958 ] ] ], [ [ [ -37.691357990999961, -54.175809782999977 ], [ -37.689187940999943, -54.17544768199997 ], [ -37.690729818999955, -54.176790222999955 ], [ -37.691357990999961, -54.175809782999977 ] ] ], [ [ [ -37.427554749999956, -54.168772736999983 ], [ -37.424227808999945, -54.166442959999983 ], [ -37.412204503999931, -54.169598604999976 ], [ -37.427554749999956, -54.168772736999983 ] ] ], [ [ [ -36.671198048999941, -54.156640505999974 ], [ -36.660849065999969, -54.158534232999955 ], [ -36.670243231999962, -54.162285361999977 ], [ -36.671198048999941, -54.156640505999974 ] ] ], [ [ [ -37.736218320999967, -54.136377532999973 ], [ -37.743452482999942, -54.143543309999984 ], [ -37.764260562999937, -54.143466264999972 ], [ -37.756473974999949, -54.136315886999967 ], [ -37.736218320999967, -54.136377532999973 ] ] ], [ [ [ -37.50544291999995, -54.132627948999982 ], [ -37.505724221999969, -54.133072955999978 ], [ -37.506329022999978, -54.132735079999975 ], [ -37.50544291999995, -54.132627948999982 ] ] ], [ [ [ -37.50082955299996, -54.131737919999978 ], [ -37.501912569999945, -54.132924620999972 ], [ -37.504908443999966, -54.132726840999965 ], [ -37.50082955299996, -54.131737919999978 ] ] ], [ [ [ -37.017351538999947, -54.125971830999958 ], [ -37.014439961999983, -54.126042594999944 ], [ -37.014493631999983, -54.126640153999972 ], [ -37.017351538999947, -54.125971830999958 ] ] ], [ [ [ -37.72014612199996, -54.113470022999934 ], [ -37.718480512999975, -54.114233660999957 ], [ -37.720663650999938, -54.113926812999978 ], [ -37.72014612199996, -54.113470022999934 ] ] ], [ [ [ -36.850881228999981, -54.082739352999965 ], [ -36.854018602999929, -54.083213400999966 ], [ -36.854398888999981, -54.082293184999969 ], [ -36.850881228999981, -54.082739352999965 ] ] ], [ [ [ -36.854446424999935, -54.081763354999964 ], [ -36.855492215999959, -54.082237413999962 ], [ -36.855824967999979, -54.081568151999932 ], [ -36.854446424999935, -54.081763354999964 ] ] ], [ [ [ -36.851404124999931, -54.081400833999965 ], [ -36.849217470999974, -54.082404726999982 ], [ -36.852402380999933, -54.081707581999979 ], [ -36.851404124999931, -54.081400833999965 ] ] ], [ [ [ -36.853923530999964, -54.080536350999978 ], [ -36.856633078999948, -54.08089887899996 ], [ -36.858106692999968, -54.079894947999946 ], [ -36.853923530999964, -54.080536350999978 ] ] ], [ [ [ -37.652624819999971, -54.070731335999938 ], [ -37.652644049999935, -54.070861098999956 ], [ -37.652805098999977, -54.070834299999945 ], [ -37.652624819999971, -54.070731335999938 ] ] ], [ [ [ -37.651939760999937, -54.070429495999974 ], [ -37.651612854999939, -54.07079480799996 ], [ -37.652495018999957, -54.070491555999979 ], [ -37.651939760999937, -54.070429495999974 ] ] ], [ [ [ -37.650622522999981, -54.070274341999948 ], [ -37.650454261999982, -54.070904822999978 ], [ -37.651463823999961, -54.070744029999958 ], [ -37.650622522999981, -54.070274341999948 ] ] ], [ [ [ -37.659836150999979, -54.066559387999973 ], [ -37.660047311999961, -54.06710996299995 ], [ -37.660750293999968, -54.066782129999979 ], [ -37.659836150999979, -54.066559387999973 ] ] ], [ [ [ -37.65049453599994, -54.065620629999955 ], [ -37.646795171999941, -54.066320249999933 ], [ -37.652485555999931, -54.066659236999953 ], [ -37.65049453599994, -54.065620629999955 ] ] ], [ [ [ -37.647323650999965, -54.065649479999934 ], [ -37.644656666999936, -54.065808158999971 ], [ -37.644410861999972, -54.066139936999946 ], [ -37.647323650999965, -54.065649479999934 ] ] ], [ [ [ -38.04257890599996, -54.066398647999961 ], [ -38.044869938999966, -54.066398647999961 ], [ -38.041333780999935, -54.065361042999939 ], [ -38.04257890599996, -54.066398647999961 ] ] ], [ [ [ -38.039192161999949, -54.063972656999965 ], [ -38.036477787999956, -54.065536413999951 ], [ -38.040636508999967, -54.065507184999944 ], [ -38.039192161999949, -54.063972656999965 ] ] ], [ [ [ -38.030050649999964, -54.063974118999965 ], [ -38.03088697499993, -54.063969307999969 ], [ -38.029021640999929, -54.063555473999941 ], [ -38.030050649999964, -54.063974118999965 ] ] ], [ [ [ -38.025922313999956, -54.063290809999955 ], [ -38.026451167999937, -54.06400539699996 ], [ -38.027402284999937, -54.063993366999966 ], [ -38.025922313999956, -54.063290809999955 ] ] ], [ [ [ -37.633621241999947, -54.062277075999987 ], [ -37.631894493999937, -54.062708244999953 ], [ -37.634732639999982, -54.062682448999965 ], [ -37.633621241999947, -54.062277075999987 ] ] ], [ [ [ -37.884230991999971, -54.061657124999954 ], [ -37.882805970999982, -54.062145905999955 ], [ -37.884934248999969, -54.062384863999966 ], [ -37.884230991999971, -54.061657124999954 ] ] ], [ [ [ -37.938842761999979, -54.060305157999949 ], [ -37.93103586899997, -54.061178504999987 ], [ -37.940106541999967, -54.060939233999932 ], [ -37.938842761999979, -54.060305157999949 ] ] ], [ [ [ -37.86985989599998, -54.058617934999972 ], [ -37.871802312999932, -54.061136216999955 ], [ -37.872957926999959, -54.060537326999963 ], [ -37.86985989599998, -54.058617934999972 ] ] ], [ [ [ -37.884082937999949, -54.058539645999986 ], [ -37.886303749999968, -54.060201605999964 ], [ -37.885526465999931, -54.058181175999948 ], [ -37.884082937999949, -54.058539645999986 ] ] ], [ [ [ -37.893262292999964, -54.061059716999978 ], [ -37.89043075799998, -54.057953055999974 ], [ -37.887858317999985, -54.058604822999939 ], [ -37.893262292999964, -54.061059716999978 ] ] ], [ [ [ -37.263342273999967, -54.043428680999966 ], [ -37.251151603999972, -54.040963817999966 ], [ -37.250327390999985, -54.041459053999972 ], [ -37.263342273999967, -54.043428680999966 ] ] ], [ [ [ -37.281899467999949, -54.036725977999936 ], [ -37.280306432999964, -54.039188684999942 ], [ -37.287509133999947, -54.038668968999957 ], [ -37.281899467999949, -54.036725977999936 ] ] ], [ [ [ -38.008512677999931, -54.03545513499995 ], [ -38.004709801999979, -54.036273387999984 ], [ -38.009373241999981, -54.036023100999955 ], [ -38.008512677999931, -54.03545513499995 ] ] ], [ [ [ -37.235771093999972, -54.034191309999983 ], [ -37.23176041399995, -54.031587465999962 ], [ -37.230958278999935, -54.033510124999964 ], [ -37.235771093999972, -54.034191309999983 ] ] ], [ [ [ -37.256255659999965, -54.03107489599995 ], [ -37.257025742999929, -54.031652836999967 ], [ -37.257938433999982, -54.031393182999977 ], [ -37.256255659999965, -54.03107489599995 ] ] ], [ [ [ -37.254159324999932, -54.029416410999943 ], [ -37.25113603899996, -54.030681220999952 ], [ -37.255998965999936, -54.030480193999949 ], [ -37.254159324999932, -54.029416410999943 ] ] ], [ [ [ -38.261319554999943, -54.023583020999979 ], [ -38.260301880999975, -54.023793816999955 ], [ -38.261572502999968, -54.023786905999941 ], [ -38.261319554999943, -54.023583020999979 ] ] ], [ [ [ -38.262560763999943, -54.021799844999975 ], [ -38.261096020999958, -54.021647788999985 ], [ -38.260860718999936, -54.02191043199997 ], [ -38.262560763999943, -54.021799844999975 ] ] ], [ [ [ -37.313074743999948, -54.021973001999982 ], [ -37.315735623999956, -54.022745612999984 ], [ -37.316928433999976, -54.022494066999968 ], [ -37.313074743999948, -54.021973001999982 ] ] ], [ [ [ -37.256412529999977, -54.021248663999984 ], [ -37.255043493999949, -54.02949179899997 ], [ -37.264284482999983, -54.030346175999966 ], [ -37.256412529999977, -54.021248663999984 ] ] ], [ [ [ -38.268668722999962, -54.019859248999978 ], [ -38.267858324999963, -54.019237435999969 ], [ -38.267366771999946, -54.019713553999964 ], [ -38.268668722999962, -54.019859248999978 ] ] ], [ [ [ -37.347727357999929, -54.02743486199995 ], [ -37.33133388899995, -54.019816807999973 ], [ -37.321302063999951, -54.024488420999944 ], [ -37.347727357999929, -54.02743486199995 ] ] ], [ [ [ -37.252816785999983, -54.020134195999958 ], [ -37.246302234999973, -54.018132510999976 ], [ -37.242782879999936, -54.02067309399996 ], [ -37.252816785999983, -54.020134195999958 ] ] ], [ [ [ -37.311759595999945, -54.016222902999971 ], [ -37.308150585999954, -54.01863085399998 ], [ -37.314053458999979, -54.020535551999956 ], [ -37.311759595999945, -54.016222902999971 ] ] ], [ [ [ -37.966960714999971, -54.011633350999944 ], [ -37.967559738999967, -54.012755747999961 ], [ -37.968068344999949, -54.011613426999986 ], [ -37.966960714999971, -54.011633350999944 ] ] ], [ [ [ -37.967085040999962, -54.010969195999962 ], [ -37.966779877999954, -54.011334481999938 ], [ -37.967560520999939, -54.011220887999968 ], [ -37.967085040999962, -54.010969195999962 ] ] ], [ [ [ -37.316500245999976, -54.010058629999946 ], [ -37.313380592999977, -54.014893078999933 ], [ -37.320139840999957, -54.016276812999934 ], [ -37.316500245999976, -54.010058629999946 ] ] ], [ [ [ -37.960881162999954, -54.00992268899995 ], [ -37.95921261999996, -54.009358965999979 ], [ -37.959110567999971, -54.010333481999965 ], [ -37.960881162999954, -54.00992268899995 ] ] ], [ [ [ -37.957676744999958, -54.009152065999956 ], [ -37.957095050999953, -54.010156570999982 ], [ -37.958809515999974, -54.010315489999982 ], [ -37.957676744999958, -54.009152065999956 ] ] ], [ [ [ -38.137835510999935, -54.00879583699998 ], [ -38.13696084999998, -54.011376952999967 ], [ -38.139603849999958, -54.011499858999969 ], [ -38.137835510999935, -54.00879583699998 ] ] ], [ [ [ -37.308395265999934, -54.007470441999942 ], [ -37.309006960999966, -54.009052131999965 ], [ -37.310994975999961, -54.008926317999965 ], [ -37.308395265999934, -54.007470441999942 ] ] ], [ [ [ -38.140920593999965, -54.007823685999938 ], [ -38.14180000999994, -54.008298589999981 ], [ -38.140421467999943, -54.007251001999975 ], [ -38.140920593999965, -54.007823685999938 ] ] ], [ [ [ -38.155276449999974, -54.007125289999976 ], [ -38.157296728999938, -54.007921460999967 ], [ -38.154587178999975, -54.005979891999971 ], [ -38.155276449999974, -54.007125289999976 ] ] ], [ [ [ -38.157082816999946, -54.005546866999964 ], [ -38.159055557999977, -54.008577942999977 ], [ -38.160600475999956, -54.007949396999948 ], [ -38.157082816999946, -54.005546866999964 ] ] ], [ [ [ -38.14757562799997, -54.004974149999953 ], [ -38.149429529999964, -54.005337337999947 ], [ -38.147337946999983, -54.004541115999984 ], [ -38.14757562799997, -54.004974149999953 ] ] ], [ [ [ -38.186293654999929, -54.006315133999976 ], [ -38.182585851999931, -54.006887830999972 ], [ -38.188337700999966, -54.006398942999965 ], [ -38.186293654999929, -54.006315133999976 ] ] ], [ [ [ -38.142845800999964, -54.004415393999977 ], [ -38.144343182999933, -54.009457890999954 ], [ -38.147219106999955, -54.005477023999958 ], [ -38.142845800999964, -54.004415393999977 ] ] ], [ [ [ -38.152614436999954, -54.004778585999986 ], [ -38.153992978999952, -54.005043993999948 ], [ -38.151996470999961, -54.004038229999935 ], [ -38.152614436999954, -54.004778585999986 ] ] ], [ [ [ -38.147837074999984, -54.004345548999936 ], [ -38.150570391999963, -54.004890337999939 ], [ -38.147361715999978, -54.003716938999958 ], [ -38.147837074999984, -54.004345548999936 ] ] ], [ [ [ -38.15268574199996, -54.003074350999952 ], [ -38.154967466999949, -54.005532897999956 ], [ -38.156892671999969, -54.005253524999944 ], [ -38.15268574199996, -54.003074350999952 ] ] ], [ [ [ -38.228847832999975, -54.002642693999974 ], [ -38.232817083999976, -54.00468220099998 ], [ -38.233696498999961, -54.00424916299994 ], [ -38.228847832999975, -54.002642693999974 ] ] ], [ [ [ -38.063540167999975, -54.002618827999981 ], [ -38.062127730999975, -54.003535123999939 ], [ -38.064219734999938, -54.003163125999947 ], [ -38.063540167999975, -54.002618827999981 ] ] ], [ [ [ -38.15389790699993, -54.00250159999996 ], [ -38.154706018999946, -54.00236190399994 ], [ -38.153303707999953, -54.002012659999934 ], [ -38.15389790699993, -54.00250159999996 ] ] ], [ [ [ -38.243132384999967, -54.013300114999936 ], [ -38.187700718999963, -54.007161605999954 ], [ -38.196209652999983, -54.016896204999966 ], [ -38.243132384999967, -54.013300114999936 ] ] ], [ [ [ -38.010035832999961, -53.999189703999946 ], [ -38.007372858999929, -53.999610773999962 ], [ -38.011309050999955, -54.000192592999952 ], [ -38.010035832999961, -53.999189703999946 ] ] ], [ [ [ -38.011871152999959, -54.000349595999978 ], [ -38.069009360999985, -54.021467401999985 ], [ -38.082395481999981, -54.017523990999962 ], [ -38.053655249999963, -54.000321656999972 ], [ -38.011871152999959, -54.000349595999978 ] ] ], [ [ [ -38.239096077999932, -53.999645733999955 ], [ -38.237228408999954, -54.000972217999959 ], [ -38.239887242999941, -54.00056817899997 ], [ -38.239096077999932, -53.999645733999955 ] ] ], [ [ [ -38.178782975999979, -54.00377281699997 ], [ -38.162834665999981, -54.001607533999959 ], [ -38.154634715999975, -54.001621504999946 ], [ -38.178782975999979, -54.00377281699997 ] ] ], [ [ [ -37.909425365999937, -53.998038460999965 ], [ -37.908850070999961, -53.998693652999975 ], [ -37.910342244999981, -53.998799327999961 ], [ -37.909425365999937, -53.998038460999965 ] ] ], [ [ [ -38.02289673699994, -53.996793222999941 ], [ -38.02039936999995, -53.997666095999932 ], [ -38.024314161999939, -53.997586744999978 ], [ -38.02289673699994, -53.996793222999941 ] ] ], [ [ [ -38.164926247999972, -53.996703801999956 ], [ -38.165591750999965, -53.997500173999981 ], [ -38.166875221999931, -53.997248689999935 ], [ -38.164926247999972, -53.996703801999956 ] ] ], [ [ [ -38.276163655999937, -53.996711789999949 ], [ -38.277743083999951, -53.997492124999951 ], [ -38.278237261999948, -53.997207332999949 ], [ -38.276163655999937, -53.996711789999949 ] ] ], [ [ [ -37.913794020999944, -53.996368730999961 ], [ -37.909569189999957, -53.997721427999977 ], [ -37.91622105099998, -53.997362122999959 ], [ -37.913794020999944, -53.996368730999961 ] ] ], [ [ [ -38.173977850999961, -53.996126063999952 ], [ -38.173674603999984, -53.995775291999962 ], [ -38.172852904999957, -53.995973679999963 ], [ -38.173977850999961, -53.996126063999952 ] ] ], [ [ [ -38.176447843999938, -53.994895473999975 ], [ -38.175009866999972, -53.994938603999969 ], [ -38.176609248999966, -53.995119742999975 ], [ -38.176447843999938, -53.994895473999975 ] ] ], [ [ [ -38.299189380999962, -53.992443049999963 ], [ -38.298525674999951, -53.99342717899998 ], [ -38.300443047999977, -53.993006649999984 ], [ -38.299189380999962, -53.992443049999963 ] ] ], [ [ [ -37.916131160999953, -53.99442414899994 ], [ -37.911313055999983, -53.993103050999935 ], [ -37.910701803999984, -53.993853439999953 ], [ -37.916131160999953, -53.99442414899994 ] ] ], [ [ [ -38.297183511999947, -53.992299979999984 ], [ -38.296645171999955, -53.993106363999971 ], [ -38.29761123399993, -53.992984972999977 ], [ -38.297183511999947, -53.992299979999984 ] ] ], [ [ [ -38.301431233999949, -53.99232165799998 ], [ -38.30126899399994, -53.992850576999956 ], [ -38.30182945699994, -53.992763868999987 ], [ -38.301431233999949, -53.99232165799998 ] ] ], [ [ [ -37.920320034999975, -53.991147748999936 ], [ -37.917299729999968, -53.991433123999968 ], [ -37.920355990999951, -53.991306290999944 ], [ -37.920320034999975, -53.991147748999936 ] ] ], [ [ [ -37.722978725999951, -53.975677852999979 ], [ -37.715313554999966, -53.991785103999973 ], [ -37.674194961999945, -53.988186844999973 ], [ -37.687386186999959, -54.01546297799996 ], [ -37.596236010999974, -54.010155835999967 ], [ -37.552621780999971, -54.027715701999966 ], [ -37.50205541899993, -54.02499318699995 ], [ -37.417631725999968, -53.986875217999966 ], [ -37.36973925999996, -53.994176445999983 ], [ -37.456242465999935, -54.014875339999946 ], [ -37.438012762999961, -54.023787437999943 ], [ -37.458453218999978, -54.035863227999982 ], [ -37.440384000999984, -54.041225979999979 ], [ -37.504028306999942, -54.065863012999955 ], [ -37.271128318999956, -54.056171264999932 ], [ -37.247994808999977, -54.094044986999961 ], [ -37.222582232999969, -54.05515976099997 ], [ -37.188653452999972, -54.069527779999987 ], [ -37.178017284999953, -54.044868926999982 ], [ -37.134713036999983, -54.042410462999953 ], [ -37.146108780999953, -54.054357515999982 ], [ -37.128995840999949, -54.058333707999964 ], [ -37.161142023999957, -54.066494169999942 ], [ -37.105315529999984, -54.067718555999932 ], [ -37.151673835999929, -54.084555474999945 ], [ -37.141889965999951, -54.116502975999936 ], [ -37.170768052999961, -54.126044842999931 ], [ -37.154071051999949, -54.134261623999976 ], [ -37.110214106999933, -54.12887055799996 ], [ -37.120914729999981, -54.114622202999954 ], [ -37.072903424999936, -54.078941018999956 ], [ -37.021386344999939, -54.068028436999953 ], [ -37.014077691999944, -54.082148004999965 ], [ -36.988726186999941, -54.055636770999968 ], [ -36.969686140999954, -54.066709554999932 ], [ -36.987359530999981, -54.072078591999968 ], [ -36.97366427299994, -54.086401549999948 ], [ -37.036657266999953, -54.114517711999952 ], [ -37.050264431999949, -54.139866203999986 ], [ -37.00171834799994, -54.129665996999961 ], [ -36.941231574999961, -54.085737837999943 ], [ -36.896961006999959, -54.07866213799997 ], [ -36.810148485999946, -54.095287088999953 ], [ -36.825901722999959, -54.131331810999939 ], [ -36.80521663299993, -54.154483279999965 ], [ -36.786915292999936, -54.150377099999957 ], [ -36.786380512999983, -54.116502975999936 ], [ -36.769564672999934, -54.106993747999979 ], [ -36.627228687999946, -54.131154185999947 ], [ -36.644321647999959, -54.14629806399995 ], [ -36.688339080999981, -54.137008589999937 ], [ -36.681601791999981, -54.151671312999952 ], [ -36.710357171999931, -54.161850543999947 ], [ -36.653006922999964, -54.167854198999976 ], [ -36.704890538999962, -54.174442690999967 ], [ -36.704087532999949, -54.187240006999957 ], [ -36.665972465999971, -54.192238374999931 ], [ -36.56269864099994, -54.164598880999961 ], [ -36.527892821999956, -54.18499974599996 ], [ -36.510661042999971, -54.185869004999972 ], [ -36.494189442999982, -54.181790269999965 ], [ -36.498170577999929, -54.190517487999955 ], [ -36.488960489999954, -54.199903275999986 ], [ -36.594193188999952, -54.190343657999961 ], [ -36.584928951999984, -54.211633073999963 ], [ -36.64358873599997, -54.243289183999934 ], [ -36.771460429999934, -54.221339217999969 ], [ -36.797486360999983, -54.238219499999957 ], [ -36.730217689999961, -54.242296981999971 ], [ -36.727068434999978, -54.254309238999952 ], [ -36.651902219999954, -54.271176038999954 ], [ -36.693912112999953, -54.302982052999937 ], [ -36.637344336999945, -54.275617174999979 ], [ -36.612685065999983, -54.283457387999931 ], [ -36.523441634999983, -54.239330717999962 ], [ -36.506568196999979, -54.253036660999953 ], [ -36.489990035999938, -54.239461440999946 ], [ -36.470678558999964, -54.246023933999936 ], [ -36.476739390999967, -54.278404438999985 ], [ -36.508944993999933, -54.281942885999968 ], [ -36.478521989999933, -54.306183491999946 ], [ -36.494446530999937, -54.312527387999978 ], [ -36.502219525999976, -54.356640572999936 ], [ -36.528197052999928, -54.353825453999946 ], [ -36.506271096999967, -54.361893132999967 ], [ -36.516134806999958, -54.373732093999934 ], [ -36.484998760999929, -54.363520327999936 ], [ -36.445365666999976, -54.315369691999933 ], [ -36.390818168999942, -54.358707801999969 ], [ -36.400993238999945, -54.385738573999959 ], [ -36.369203574999972, -54.39466484999997 ], [ -36.350367457999937, -54.390132758999982 ], [ -36.331293657999936, -54.35015257699996 ], [ -36.402300476999983, -54.276286079999977 ], [ -36.403302374999953, -54.244733409999981 ], [ -36.327984221999941, -54.272909959999936 ], [ -36.294835692999982, -54.269366266999953 ], [ -36.309372430999929, -54.293251192999946 ], [ -36.299571097999944, -54.299978542999952 ], [ -36.283408876999943, -54.289436297999941 ], [ -36.246047447999956, -54.290217507999955 ], [ -36.26316038899995, -54.293096031999937 ], [ -36.263576327999942, -54.308733647999986 ], [ -36.240402553999957, -54.332230906999939 ], [ -36.269577739999932, -54.337462246999962 ], [ -36.209623029999932, -54.349342878999948 ], [ -36.264051687999938, -54.391399718999935 ], [ -36.158032820999949, -54.374522463999938 ], [ -36.185688419999963, -54.394482419999974 ], [ -36.166246478999938, -54.412221803999955 ], [ -36.187875333999955, -54.436282002999974 ], [ -36.177714526999978, -54.449516002999985 ], [ -36.051789982999935, -54.469040447999987 ], [ -36.043663158999948, -54.494127616999947 ], [ -36.00768024599995, -54.508784961999936 ], [ -36.081573075999984, -54.517587875999936 ], [ -36.081536643999982, -54.536509825999985 ], [ -36.11111361199994, -54.551309901999957 ], [ -36.16208708299996, -54.550995477999948 ], [ -36.165414600999952, -54.566190503999962 ], [ -36.118413433999933, -54.571977596999943 ], [ -36.126851063999936, -54.610124273999986 ], [ -36.088465787999951, -54.591950528999973 ], [ -36.094868102999953, -54.575878357999954 ], [ -36.016448829999945, -54.566638343999955 ], [ -35.990202841999974, -54.597310167999979 ], [ -35.985966405999932, -54.578728164999973 ], [ -35.894697389999976, -54.545791343999952 ], [ -35.925700887999938, -54.614607102999969 ], [ -35.964456390999942, -54.621891575999939 ], [ -35.926546472999974, -54.649610412999948 ], [ -35.915732046999949, -54.698536483999931 ], [ -35.987630162999949, -54.691668402999937 ], [ -35.925714593999942, -54.717108817999986 ], [ -35.986382344999981, -54.72133017699997 ], [ -35.947165189999964, -54.740029283999945 ], [ -35.874005545999978, -54.731475957999976 ], [ -35.85732225299995, -54.754399428999932 ], [ -35.837297735999982, -54.751176020999935 ], [ -35.834802099999933, -54.764102391999984 ], [ -35.792911047999951, -54.76108546599994 ], [ -35.805330358999981, -54.772078971999974 ], [ -35.794693644999938, -54.777401615999963 ], [ -35.820541314999957, -54.782336297999962 ], [ -35.820166559999961, -54.796756589999973 ], [ -35.902481400999932, -54.793437132999941 ], [ -35.914106469999979, -54.815204823999977 ], [ -35.96747309999995, -54.815618547999975 ], [ -36.133624935999933, -54.755702435999979 ], [ -36.113136426999972, -54.77832594399996 ], [ -36.137190132999933, -54.782884559999957 ], [ -36.036400220999951, -54.811783671999933 ], [ -36.084055004999982, -54.809318201999986 ], [ -36.068130463999978, -54.821027840999932 ], [ -35.99635118599997, -54.826025659999971 ], [ -36.030531354999937, -54.841676620999976 ], [ -35.973533931999953, -54.832870980999985 ], [ -35.939576055999964, -54.847787670999935 ], [ -35.952736955999967, -54.86010386099997 ], [ -35.993096797999954, -54.84964821799997 ], [ -35.965333980999958, -54.866259501999934 ], [ -35.981733881999958, -54.882601586999954 ], [ -36.005206542999929, -54.858247604999974 ], [ -36.029758895999976, -54.852179638999985 ], [ -36.008829370999933, -54.862155845999951 ], [ -36.013451858999929, -54.883494089999942 ], [ -36.045432048999942, -54.864823268999942 ], [ -36.058907663999946, -54.885502706999944 ], [ -36.078661499999953, -54.87485272899994 ], [ -36.098315789999958, -54.89182954599994 ], [ -36.121489562999955, -54.887113297999974 ], [ -36.132660508999948, -54.874739068999986 ], [ -36.112457732999928, -54.860787866999942 ], [ -36.134516234999978, -54.86356907399994 ], [ -36.127464092999958, -54.85321554799998 ], [ -36.162119966999967, -54.831309455999985 ], [ -36.255839305999984, -54.802487590999931 ], [ -36.254010680999954, -54.77575309499997 ], [ -36.312314529999981, -54.747192079999934 ], [ -36.305334832999961, -54.733088477999956 ], [ -36.322842611999931, -54.729730262999965 ], [ -36.31396402799993, -54.715962862999959 ], [ -36.323177599999951, -54.714318205999973 ], [ -36.308497394999961, -54.711466332999976 ], [ -36.337137801999972, -54.686331508999956 ], [ -36.311052450999966, -54.663071367999976 ], [ -36.378055385999971, -54.646789008999974 ], [ -36.413543538999932, -54.618647412999962 ], [ -36.401937221999958, -54.603611608999984 ], [ -36.418208777999951, -54.610699679999982 ], [ -36.424229204999961, -54.590082478999932 ], [ -36.499469470999941, -54.568923754999958 ], [ -36.458157985999947, -54.53347596499998 ], [ -36.519263375999969, -54.520060612999941 ], [ -36.491573686999971, -54.511299621999967 ], [ -36.546871943999975, -54.497155473999953 ], [ -36.64138954799995, -54.517952203999982 ], [ -36.664248008999948, -54.49508338399994 ], [ -36.641304475999959, -54.492382774999953 ], [ -36.644520590999946, -54.480310657999951 ], [ -36.682860667999933, -54.491505679999932 ], [ -36.760797958999945, -54.461880262999955 ], [ -36.815375167999946, -54.460332951999931 ], [ -36.811524754999937, -54.435402156999942 ], [ -36.790347490999977, -54.431572745999972 ], [ -36.808078399999943, -54.428890562999982 ], [ -36.769640832999983, -54.416736970999978 ], [ -36.80001630299995, -54.401949780999985 ], [ -36.839423600999964, -54.408292740999968 ], [ -36.846078667999961, -54.382282723999936 ], [ -36.883738986999958, -54.39156166999993 ], [ -36.885269222999966, -54.372225646999937 ], [ -36.902753364999967, -54.373117419999971 ], [ -36.850588915999936, -54.35667374999997 ], [ -36.921232964999945, -54.338282607999986 ], [ -36.949695111999972, -54.342404767999938 ], [ -36.948090772999933, -54.360620451999978 ], [ -36.955935221999937, -54.356551989999957 ], [ -37.014437709999982, -54.360652928999968 ], [ -37.026297927999963, -54.348297627999955 ], [ -37.053468621999968, -54.337393513999984 ], [ -37.070684616999984, -54.337873642999966 ], [ -37.068640571999936, -54.330445711999971 ], [ -37.10739425099996, -54.322143133999987 ], [ -37.08395902999996, -54.309443461999933 ], [ -37.084733866999954, -54.282884881999962 ], [ -37.20407511999997, -54.266646108999964 ], [ -37.195386652999957, -54.25424523199996 ], [ -37.227251069999966, -54.254558445999976 ], [ -37.21359296299994, -54.24385087099995 ], [ -37.224145900999929, -54.230495044999941 ], [ -37.30305556899998, -54.272777542999961 ], [ -37.416309959999978, -54.274928694999971 ], [ -37.418131430999949, -54.251227201999939 ], [ -37.299728052999967, -54.229244656999981 ], [ -37.39174320799998, -54.211942298999986 ], [ -37.41582335399994, -54.186957957999937 ], [ -37.221650261999969, -54.167094354999961 ], [ -37.231415125999945, -54.149314884999967 ], [ -37.413772042999938, -54.152522877999957 ], [ -37.486525806999964, -54.126276817999951 ], [ -37.499550657999976, -54.136248103999947 ], [ -37.496841107999956, -54.125106844999948 ], [ -37.50378135699998, -54.121568869999976 ], [ -37.524269347999962, -54.136443047999933 ], [ -37.504066570999953, -54.140411377999953 ], [ -37.542974742999945, -54.140801228999976 ], [ -37.556933469999933, -54.12350655399996 ], [ -37.560256636999952, -54.148458279999943 ], [ -37.581338659999972, -54.152122650999956 ], [ -37.544917187999943, -54.154033224999978 ], [ -37.544716431999973, -54.16984234399996 ], [ -37.621594322999954, -54.186591136999937 ], [ -37.685696462999942, -54.174890019999964 ], [ -37.673138267999946, -54.157024340999953 ], [ -37.729253648999929, -54.149535821999962 ], [ -37.731435060999956, -54.137465170999974 ], [ -37.642951896999932, -54.116129715999932 ], [ -37.732880178999949, -54.108706853999934 ], [ -37.689556547999985, -54.080500874999984 ], [ -37.646979524999949, -54.078947440999968 ], [ -37.607607909999956, -54.05580206999997 ], [ -37.613223438999967, -54.044190297999933 ], [ -37.657291057999942, -54.051281092999943 ], [ -37.673043087999929, -54.046807705999981 ], [ -37.669093183999962, -54.03386343699998 ], [ -37.69969305199993, -54.035053167999934 ], [ -37.708877770999948, -54.047569131999978 ], [ -37.806364575999964, -54.059733983999934 ], [ -37.82194975799996, -54.053565375999938 ], [ -37.817523961999939, -54.035338703999969 ], [ -37.858403100999965, -54.057372511999972 ], [ -37.880639489999965, -54.052897720999965 ], [ -37.903747697999961, -54.058378605999962 ], [ -37.963524147999976, -54.033887623999931 ], [ -37.991094996999948, -54.068282539999984 ], [ -38.022183735999931, -54.062876529999983 ], [ -37.991625122999949, -54.031686753999963 ], [ -38.015274255999941, -54.011946363999982 ], [ -37.962865875999967, -54.029959189999943 ], [ -37.964381096999944, -54.012135324999974 ], [ -37.914254441999958, -54.001236621999965 ], [ -37.839049621999948, -54.023569029999976 ], [ -37.784573426999941, -54.018224518999943 ], [ -37.747697416999983, -54.004917860999967 ], [ -37.743597441999952, -53.977320308999936 ], [ -37.722978725999951, -53.975677852999979 ] ] ], [ [ [ -37.500870259999942, -53.974523514999987 ], [ -37.495380317999945, -53.974450130999969 ], [ -37.494667337999942, -53.974796080999965 ], [ -37.500870259999942, -53.974523514999987 ] ] ], [ [ [ -37.497786623999957, -53.973852573999977 ], [ -37.491262860999939, -53.971063854999954 ], [ -37.489623008999956, -53.972426784999982 ], [ -37.497786623999957, -53.973852573999977 ] ] ], [ [ [ -37.499479949999966, -53.970214622999947 ], [ -37.500282051999932, -53.970728357999974 ], [ -37.500478120999958, -53.970329951999986 ], [ -37.499479949999966, -53.970214622999947 ] ] ], [ [ [ -37.491155914999979, -53.968390284999941 ], [ -37.487163229999965, -53.970749325999975 ], [ -37.493134432999966, -53.96891452899996 ], [ -37.491155914999979, -53.968390284999941 ] ] ], [ [ [ -37.491566156999966, -53.964440776999936 ], [ -37.488606792999974, -53.964445520999959 ], [ -37.488211673999956, -53.964768095999943 ], [ -37.491566156999966, -53.964440776999936 ] ] ], [ [ [ -41.800537, -53.640518 ], [ -41.797827, -53.654046 ], [ -41.80666, -53.652391 ], [ -41.800537, -53.640518 ] ] ], [ [ [ -42.030482, -53.546823 ], [ -42.035808, -53.554913 ], [ -42.03789, -53.549059 ], [ -42.030482, -53.546823 ] ] ], [ [ [ -59.190402, -52.892048 ], [ -59.192182, -52.918144 ], [ -59.195552, -52.919994 ], [ -59.190402, -52.892048 ] ] ], [ [ [ -68.569345, -52.706937 ], [ -68.287671, -52.951427 ], [ -68.201502, -53.141958 ], [ -68.214637, -53.152809 ], [ -68.211211, -53.126302 ], [ -68.268675, -53.042521 ], [ -68.266747, -53.016109 ], [ -68.359546, -53.017893 ], [ -68.390955, -53.05073 ], [ -68.418866, -53.051444 ], [ -68.446135, -53.091847 ], [ -68.501314, -53.105267 ], [ -68.493891, -53.116046 ], [ -68.538153, -53.144407 ], [ -68.556058, -53.195649 ], [ -68.548443, -53.247521 ], [ -68.463749, -53.293685 ], [ -68.387057, -53.311969 ], [ -68.307868, -53.321249 ], [ -68.206598, -53.306686 ], [ -68.13707, -53.331338 ], [ -68.082914, -53.389682 ], [ -68.044176, -53.508036 ], [ -67.990163, -53.584512 ], [ -67.911326, -53.652671 ], [ -67.726137, -53.754072 ], [ -67.681737, -53.797174 ], [ -67.736295, -53.805329 ], [ -67.775331, -53.835734 ], [ -67.732824, -53.811492 ], [ -67.681441, -53.806221 ], [ -67.673089, -53.793328 ], [ -67.683594, -53.787898 ], [ -67.674318, -53.785254 ], [ -67.545671, -53.840449 ], [ -67.57984, -53.868859 ], [ -67.535202, -53.927108 ], [ -67.436835, -53.984358 ], [ -67.334566, -54.016862 ], [ -67.345035, -54.024571 ], [ -67.329712, -54.04137 ], [ -67.164387, -54.119797 ], [ -67.081296, -54.13198 ], [ -66.899956, -54.217514 ], [ -66.733964, -54.260344 ], [ -66.733917, -54.276477 ], [ -66.690944, -54.282902 ], [ -66.700271, -54.302747 ], [ -66.66101, -54.343435 ], [ -66.544131, -54.402398 ], [ -66.552221, -54.42053 ], [ -66.464997, -54.47873 ], [ -66.384036, -54.487008 ], [ -65.802782, -54.651905 ], [ -65.684178, -54.663426 ], [ -65.551166, -54.647341 ], [ -65.5199, -54.67756 ], [ -65.511191, -54.65586 ], [ -65.430813, -54.642154 ], [ -65.44823, -54.655241 ], [ -65.428528, -54.663188 ], [ -65.401878, -54.640346 ], [ -65.234876, -54.618826 ], [ -65.245441, -54.630533 ], [ -65.233972, -54.636719 ], [ -65.261478, -54.652947 ], [ -65.25453, -54.663322 ], [ -65.234352, -54.641383 ], [ -65.116759, -54.65823 ], [ -65.193473, -54.695254 ], [ -65.191998, -54.720524 ], [ -65.218267, -54.745651 ], [ -65.197748, -54.762783 ], [ -65.212929, -54.774109 ], [ -65.203839, -54.780106 ], [ -65.263868, -54.795905 ], [ -65.222808, -54.81732 ], [ -65.232288, -54.829256 ], [ -65.313266, -54.873114 ], [ -65.308983, -54.902981 ], [ -65.329484, -54.920741 ], [ -65.382137, -54.941071 ], [ -65.4184, -54.937531 ], [ -65.428622, -54.893558 ], [ -65.468283, -54.88859 ], [ -65.499407, -54.901772 ], [ -65.494171, -54.925662 ], [ -65.511018, -54.934942 ], [ -65.603627, -54.943841 ], [ -65.636844, -54.970015 ], [ -65.719012, -54.971357 ], [ -65.711816, -54.934295 ], [ -65.739113, -54.909853 ], [ -65.982389, -54.9026 ], [ -65.995753, -54.918419 ], [ -65.958131, -54.94101 ], [ -65.97136, -54.968373 ], [ -66.107656, -54.994928 ], [ -66.334086, -54.996499 ], [ -66.370824, -55.010728 ], [ -66.35907, -55.028621 ], [ -66.372157, -55.039567 ], [ -66.450251, -55.057508 ], [ -66.648831, -55.028184 ], [ -66.718673, -55.005341 ], [ -66.764473, -54.96074 ], [ -66.934024, -54.941781 ], [ -67.153877, -54.892921 ], [ -67.282189, -54.879358 ], [ -67.276002, -54.887745 ], [ -67.289744, -54.87567 ], [ -67.272017, -54.880131 ], [ -67.278447, -54.869992 ], [ -67.295179, -54.872048 ], [ -67.30266, -54.887353 ], [ -67.352686, -54.866109 ], [ -67.342235, -54.874961 ], [ -67.366734, -54.871477 ], [ -67.341435, -54.882727 ], [ -67.359424, -54.879758 ], [ -67.409507, -54.889409 ], [ -67.450519, -54.865638 ], [ -67.506306, -54.874632 ], [ -67.494885, -54.866923 ], [ -67.50576, -54.853494 ], [ -67.605465, -54.881357 ], [ -67.703463, -54.88603 ], [ -67.825827, -54.859737 ], [ -68.033311, -54.850207 ], [ -68.248533, -54.795028 ], [ -68.315206, -54.810803 ], [ -68.298787, -54.8158 ], [ -68.304641, -54.832076 ], [ -68.265308, -54.835217 ], [ -68.260597, -54.840713 ], [ -68.310351, -54.848922 ], [ -68.330267, -54.829791 ], [ -68.444338, -54.858385 ], [ -68.569827, -54.843908 ], [ -68.577132, -54.854425 ], [ -68.555642, -54.862807 ], [ -68.501002, -54.866909 ], [ -68.609416, -54.893957 ], [ -68.595132078999939, -54.799623086999986 ], [ -68.609006006999948, -54.420083976999933 ], [ -68.606232, -52.658268 ], [ -68.569345, -52.706937 ] ] ], [ [ [ -59.079356, -52.446399 ], [ -59.084823, -52.447141 ], [ -59.076454, -52.444037 ], [ -59.079356, -52.446399 ] ] ], [ [ [ -58.990023, -52.442352 ], [ -58.983356, -52.44584 ], [ -58.991477, -52.443046 ], [ -58.990023, -52.442352 ] ] ], [ [ [ -59.006768, -52.441351 ], [ -58.996476, -52.442476 ], [ -59.00464, -52.446156 ], [ -59.006768, -52.441351 ] ] ], [ [ [ -58.893676, -52.438822 ], [ -58.897424, -52.450017 ], [ -58.912911, -52.448861 ], [ -58.893676, -52.438822 ] ] ], [ [ [ -59.066396, -52.421541 ], [ -59.036435, -52.432133 ], [ -59.123652, -52.449459 ], [ -59.152545, -52.437574 ], [ -59.066396, -52.421541 ] ] ], [ [ [ -59.722053, -52.365919 ], [ -59.717727, -52.365334 ], [ -59.717832, -52.366423 ], [ -59.722053, -52.365919 ] ] ], [ [ [ -59.710871, -52.361719 ], [ -59.705779, -52.363454 ], [ -59.711319, -52.364481 ], [ -59.710871, -52.361719 ] ] ], [ [ [ -59.372312, -52.356871 ], [ -59.372885, -52.358323 ], [ -59.374169, -52.356946 ], [ -59.372312, -52.356871 ] ] ], [ [ [ -59.66411, -52.356059 ], [ -59.646987, -52.368926 ], [ -59.685391, -52.376358 ], [ -59.698637, -52.396624 ], [ -59.744423, -52.383399 ], [ -59.66411, -52.356059 ] ] ], [ [ [ -59.39348, -52.348865 ], [ -59.397819, -52.351287 ], [ -59.399019, -52.349722 ], [ -59.39348, -52.348865 ] ] ], [ [ [ -59.397724, -52.341955 ], [ -59.395585, -52.338647 ], [ -59.393289, -52.340459 ], [ -59.397724, -52.341955 ] ] ], [ [ [ -59.295665, -52.328864 ], [ -59.295579, -52.32945 ], [ -59.296264, -52.328978 ], [ -59.295665, -52.328864 ] ] ], [ [ [ -59.691272, -52.318824 ], [ -59.691348, -52.319625 ], [ -59.694123, -52.319199 ], [ -59.691272, -52.318824 ] ] ], [ [ [ -59.740661, -52.310088 ], [ -59.742537, -52.309283 ], [ -59.742094, -52.306012 ], [ -59.740661, -52.310088 ] ] ], [ [ [ -59.680435, -52.301193 ], [ -59.690028, -52.315517 ], [ -59.716973, -52.315977 ], [ -59.721537, -52.335869 ], [ -59.75377, -52.348566 ], [ -59.735616, -52.359575 ], [ -59.76003, -52.383268 ], [ -59.816463, -52.36141 ], [ -59.763648, -52.343781 ], [ -59.75114, -52.308725 ], [ -59.740324, -52.31736 ], [ -59.680435, -52.301193 ] ] ], [ [ [ -59.337494, -52.290356 ], [ -59.33847, -52.290879 ], [ -59.339469, -52.29026 ], [ -59.337494, -52.290356 ] ] ], [ [ [ -59.490842, -52.286022 ], [ -59.485375, -52.287167 ], [ -59.491619, -52.287263 ], [ -59.490842, -52.286022 ] ] ], [ [ [ -59.502122, -52.285032 ], [ -59.507664, -52.28419 ], [ -59.502129, -52.284265 ], [ -59.502122, -52.285032 ] ] ], [ [ [ -59.687585, -52.264745 ], [ -59.677598, -52.269861 ], [ -59.694211, -52.269441 ], [ -59.687585, -52.264745 ] ] ], [ [ [ -59.010211, -52.267671 ], [ -59.014027, -52.26736 ], [ -59.008342, -52.264926 ], [ -59.010211, -52.267671 ] ] ], [ [ [ -59.55848, -52.261942 ], [ -59.550363, -52.270525 ], [ -59.529835, -52.273805 ], [ -59.548344, -52.282449 ], [ -59.55848, -52.261942 ] ] ], [ [ [ -59.02348, -52.259622 ], [ -59.026276, -52.261526 ], [ -59.026336, -52.260038 ], [ -59.02348, -52.259622 ] ] ], [ [ [ -59.267479, -52.254452 ], [ -59.26905, -52.254731 ], [ -59.269026, -52.254286 ], [ -59.267479, -52.254452 ] ] ], [ [ [ -59.062363, -52.254718 ], [ -59.063577, -52.254439 ], [ -59.062688, -52.25404 ], [ -59.062363, -52.254718 ] ] ], [ [ [ -60.614101, -52.247945 ], [ -60.616005, -52.249195 ], [ -60.617016, -52.248183 ], [ -60.614101, -52.247945 ] ] ], [ [ [ -59.30794, -52.248298 ], [ -59.3077, -52.250308 ], [ -59.309375, -52.249711 ], [ -59.30794, -52.248298 ] ] ], [ [ [ -59.298553, -52.24639 ], [ -59.299851, -52.249847 ], [ -59.302168, -52.248104 ], [ -59.298553, -52.24639 ] ] ], [ [ [ -59.319412, -52.238025 ], [ -59.316165, -52.252466 ], [ -59.326901, -52.251898 ], [ -59.319412, -52.238025 ] ] ], [ [ [ -59.627778, -52.238069 ], [ -59.632718, -52.239303 ], [ -59.633012, -52.236486 ], [ -59.627778, -52.238069 ] ] ], [ [ [ -60.50536, -52.231825 ], [ -60.50649, -52.232657 ], [ -60.506281, -52.231537 ], [ -60.50536, -52.231825 ] ] ], [ [ [ -60.50536, -52.229743 ], [ -60.506609, -52.230218 ], [ -60.50655, -52.229921 ], [ -60.50536, -52.229743 ] ] ], [ [ [ -59.590803, -52.225748 ], [ -59.592493, -52.231389 ], [ -59.597659, -52.22839 ], [ -59.590803, -52.225748 ] ] ], [ [ [ -60.504111, -52.226947 ], [ -60.507064, -52.227166 ], [ -60.506788, -52.225519 ], [ -60.504111, -52.226947 ] ] ], [ [ [ -60.494593, -52.228969 ], [ -60.474912, -52.231607 ], [ -60.500126, -52.234227 ], [ -60.494593, -52.228969 ] ] ], [ [ [ -60.469489, -52.217012 ], [ -60.47016, -52.217576 ], [ -60.470375, -52.216478 ], [ -60.469489, -52.217012 ] ] ], [ [ [ -60.388865, -52.217805 ], [ -60.382997, -52.218203 ], [ -60.38541, -52.222375 ], [ -60.388865, -52.217805 ] ] ], [ [ [ -60.641762, -52.212967 ], [ -60.642774, -52.212551 ], [ -60.641762, -52.212491 ], [ -60.641762, -52.212967 ] ] ], [ [ [ -60.645986, -52.212491 ], [ -60.644677, -52.211659 ], [ -60.644671, -52.212679 ], [ -60.645986, -52.212491 ] ] ], [ [ [ -58.861787, -52.209163 ], [ -58.860951, -52.211158 ], [ -58.863645, -52.209991 ], [ -58.861787, -52.209163 ] ] ], [ [ [ -60.501334, -52.209587 ], [ -60.507026, -52.213027 ], [ -60.507739, -52.21029 ], [ -60.501334, -52.209587 ] ] ], [ [ [ -59.684332, -52.206202 ], [ -59.686284, -52.209852 ], [ -59.689593, -52.208039 ], [ -59.684332, -52.206202 ] ] ], [ [ [ -59.361297, -52.207069 ], [ -59.362606, -52.20695 ], [ -59.361988, -52.205927 ], [ -59.361297, -52.207069 ] ] ], [ [ [ -58.868562, -52.205206 ], [ -58.869305, -52.207103 ], [ -58.870395, -52.205892 ], [ -58.868562, -52.205206 ] ] ], [ [ [ -60.466081, -52.210466 ], [ -60.471627, -52.211739 ], [ -60.471723, -52.204206 ], [ -60.466081, -52.210466 ] ] ], [ [ [ -59.399176, -52.203931 ], [ -59.39992, -52.20453 ], [ -59.401965, -52.204863 ], [ -59.399176, -52.203931 ] ] ], [ [ [ -58.876204, -52.203031 ], [ -58.877651, -52.204281 ], [ -58.878842, -52.202867 ], [ -58.876204, -52.203031 ] ] ], [ [ [ -59.635322, -52.202758 ], [ -59.637576, -52.204448 ], [ -59.638477, -52.203096 ], [ -59.635322, -52.202758 ] ] ], [ [ [ -60.651935, -52.202283 ], [ -60.642732, -52.206453 ], [ -60.6536, -52.203212 ], [ -60.651935, -52.202283 ] ] ], [ [ [ -60.683106, -52.2022 ], [ -60.684057, -52.202974 ], [ -60.684057, -52.202557 ], [ -60.683106, -52.2022 ] ] ], [ [ [ -60.687626, -52.2022 ], [ -60.689589, -52.203271 ], [ -60.689589, -52.202498 ], [ -60.687626, -52.2022 ] ] ], [ [ [ -60.655387, -52.201454 ], [ -60.65617, -52.20184 ], [ -60.656259, -52.201107 ], [ -60.655387, -52.201454 ] ] ], [ [ [ -59.267449, -52.201208 ], [ -59.259156, -52.207201 ], [ -59.270944, -52.203325 ], [ -59.267449, -52.201208 ] ] ], [ [ [ -60.414588, -52.199993 ], [ -60.45115, -52.222128 ], [ -60.461556, -52.210056 ], [ -60.414588, -52.199993 ] ] ], [ [ [ -60.67912, -52.198691 ], [ -60.679061, -52.199761 ], [ -60.680072, -52.199345 ], [ -60.67912, -52.198691 ] ] ], [ [ [ -59.003041, -52.197731 ], [ -59.00461, -52.198817 ], [ -59.004609, -52.197877 ], [ -59.003041, -52.197731 ] ] ], [ [ [ -60.73563, -52.196248 ], [ -60.736942, -52.196874 ], [ -60.736988, -52.196 ], [ -60.73563, -52.196248 ] ] ], [ [ [ -60.664879, -52.195733 ], [ -60.666006, -52.196408 ], [ -60.666106, -52.195607 ], [ -60.664879, -52.195733 ] ] ], [ [ [ -60.689114, -52.194527 ], [ -60.690423, -52.196728 ], [ -60.692308, -52.195403 ], [ -60.689114, -52.194527 ] ] ], [ [ [ -60.697025, -52.193396 ], [ -60.697858, -52.194408 ], [ -60.698096, -52.194051 ], [ -60.697025, -52.193396 ] ] ], [ [ [ -60.754376, -52.200021 ], [ -60.751991, -52.19292 ], [ -60.74313, -52.197204 ], [ -60.754376, -52.200021 ] ] ], [ [ [ -58.798826, -52.193961 ], [ -58.807405, -52.193903 ], [ -58.803342, -52.190058 ], [ -58.798826, -52.193961 ] ] ], [ [ [ -60.763232, -52.194019 ], [ -60.75972, -52.189999 ], [ -60.758384, -52.191054 ], [ -60.763232, -52.194019 ] ] ], [ [ [ -60.775809, -52.190773 ], [ -60.771317, -52.193895 ], [ -60.776618, -52.192022 ], [ -60.775809, -52.190773 ] ] ], [ [ [ -59.03185, -52.192103 ], [ -59.036498, -52.189614 ], [ -59.031318, -52.189899 ], [ -59.03185, -52.192103 ] ] ], [ [ [ -58.83128, -52.188291 ], [ -58.831394, -52.190803 ], [ -58.833165, -52.190632 ], [ -58.83128, -52.188291 ] ] ], [ [ [ -58.992193, -52.18762 ], [ -58.993741, -52.186334 ], [ -58.991975, -52.186785 ], [ -58.992193, -52.18762 ] ] ], [ [ [ -58.987115, -52.185812 ], [ -58.987533, -52.185955 ], [ -58.987577, -52.185678 ], [ -58.987115, -52.185812 ] ] ], [ [ [ -58.877521, -52.187291 ], [ -58.881565, -52.187478 ], [ -58.881504, -52.18543 ], [ -58.877521, -52.187291 ] ] ], [ [ [ -60.711144, -52.18503 ], [ -60.688615, -52.186936 ], [ -60.686662, -52.189985 ], [ -60.711144, -52.18503 ] ] ], [ [ [ -60.479976, -52.17977 ], [ -60.479505, -52.186093 ], [ -60.484705, -52.181181 ], [ -60.479976, -52.17977 ] ] ], [ [ [ -58.986912, -52.1789 ], [ -58.987503, -52.178623 ], [ -58.987005, -52.178344 ], [ -58.986912, -52.1789 ] ] ], [ [ [ -59.373124, -52.167968 ], [ -59.374525, -52.167457 ], [ -59.373154, -52.167398 ], [ -59.373124, -52.167968 ] ] ], [ [ [ -59.031086, -52.166638 ], [ -59.036484, -52.169036 ], [ -59.036842, -52.168252 ], [ -59.031086, -52.166638 ] ] ], [ [ [ -60.923967, -52.161889 ], [ -60.909612, -52.170636 ], [ -60.940027, -52.169106 ], [ -60.923967, -52.161889 ] ] ], [ [ [ -59.377193, -52.161463 ], [ -59.374368, -52.161929 ], [ -59.378401, -52.16267 ], [ -59.377193, -52.161463 ] ] ], [ [ [ -59.825731, -52.159865 ], [ -59.828549, -52.166208 ], [ -59.831917, -52.162441 ], [ -59.825731, -52.159865 ] ] ], [ [ [ -59.824922, -52.156 ], [ -59.824153, -52.159481 ], [ -59.825353, -52.156 ], [ -59.824922, -52.156 ] ] ], [ [ [ -58.600261, -52.155014 ], [ -58.602974, -52.158073 ], [ -58.60474, -52.156006 ], [ -58.600261, -52.155014 ] ] ], [ [ [ -59.839531, -52.157742 ], [ -59.843993, -52.160121 ], [ -59.835502, -52.15505 ], [ -59.839531, -52.157742 ] ] ], [ [ [ -58.701714, -52.15581 ], [ -58.706772, -52.157025 ], [ -58.702412, -52.153526 ], [ -58.701714, -52.15581 ] ] ], [ [ [ -59.834033, -52.1496 ], [ -59.831089, -52.150017 ], [ -59.834063, -52.151444 ], [ -59.834033, -52.1496 ] ] ], [ [ [ -59.837889, -52.146154 ], [ -59.838127, -52.147153 ], [ -59.838651, -52.146963 ], [ -59.837889, -52.146154 ] ] ], [ [ [ -58.708408, -52.144582 ], [ -58.707648, -52.151103 ], [ -58.710261, -52.151824 ], [ -58.708408, -52.144582 ] ] ], [ [ [ -58.96952, -52.142309 ], [ -58.975205, -52.144489 ], [ -58.968819, -52.141763 ], [ -58.96952, -52.142309 ] ] ], [ [ [ -59.783308, -52.140708 ], [ -59.768048, -52.173938 ], [ -59.697451, -52.168277 ], [ -59.684568, -52.18857 ], [ -59.693809, -52.21772 ], [ -59.670153, -52.222148 ], [ -59.689482, -52.22906 ], [ -59.683163, -52.245843 ], [ -59.730532, -52.261707 ], [ -59.74333, -52.295421 ], [ -59.762136, -52.266696 ], [ -59.760672, -52.249784 ], [ -59.739623, -52.244808 ], [ -59.754009, -52.229082 ], [ -59.739733, -52.222836 ], [ -59.741655, -52.191341 ], [ -59.808261, -52.168584 ], [ -59.783308, -52.140708 ] ] ], [ [ [ -58.859208, -52.139059 ], [ -58.860135, -52.143709 ], [ -58.862321, -52.142226 ], [ -58.859208, -52.139059 ] ] ], [ [ [ -58.987684, -52.136981 ], [ -59.000593, -52.149235 ], [ -59.015643, -52.146558 ], [ -59.002853, -52.137457 ], [ -58.987684, -52.136981 ] ] ], [ [ [ -60.767995, -52.135245 ], [ -60.774041, -52.145519 ], [ -60.780353, -52.139969 ], [ -60.767995, -52.135245 ] ] ], [ [ [ -58.825286, -52.155684 ], [ -58.850339, -52.170487 ], [ -58.826255, -52.199163 ], [ -58.835449, -52.210698 ], [ -58.935786, -52.243192 ], [ -59.004486, -52.247247 ], [ -58.990155, -52.222725 ], [ -58.936635, -52.234913 ], [ -58.914743, -52.213772 ], [ -58.85658, -52.214196 ], [ -58.863182, -52.177452 ], [ -58.826178, -52.133079 ], [ -58.825286, -52.155684 ] ] ], [ [ [ -59.013739, -52.130735 ], [ -59.017249, -52.13127 ], [ -59.014274, -52.129902 ], [ -59.013739, -52.130735 ] ] ], [ [ [ -60.785851, -52.129823 ], [ -60.782606, -52.129904 ], [ -60.786499, -52.131526 ], [ -60.785851, -52.129823 ] ] ], [ [ [ -59.875639, -52.128712 ], [ -59.867645, -52.135524 ], [ -59.878316, -52.130497 ], [ -59.875639, -52.128712 ] ] ], [ [ [ -58.921973, -52.126998 ], [ -58.92308, -52.128185 ], [ -58.923644, -52.126773 ], [ -58.921973, -52.126998 ] ] ], [ [ [ -58.709517, -52.127626 ], [ -58.716879, -52.139387 ], [ -58.734694, -52.131078 ], [ -58.732924, -52.127216 ], [ -58.709517, -52.127626 ] ] ], [ [ [ -59.857793, -52.135672 ], [ -59.846782, -52.12576 ], [ -59.847754, -52.135757 ], [ -59.857793, -52.135672 ] ] ], [ [ [ -59.792417, -52.126032 ], [ -59.797831, -52.125976 ], [ -59.79416, -52.123815 ], [ -59.792417, -52.126032 ] ] ], [ [ [ -58.921232, -52.118977 ], [ -58.919863, -52.125897 ], [ -58.924041, -52.120534 ], [ -58.921232, -52.118977 ] ] ], [ [ [ -58.624654, -52.112672 ], [ -58.600605, -52.134304 ], [ -58.596419, -52.144675 ], [ -58.615443, -52.150238 ], [ -58.624654, -52.112672 ] ] ], [ [ [ -60.272643, -52.107885 ], [ -60.27295, -52.109115 ], [ -60.273513, -52.107578 ], [ -60.272643, -52.107885 ] ] ], [ [ [ -60.272544, -52.105132 ], [ -60.27514, -52.105368 ], [ -60.273134, -52.104542 ], [ -60.272544, -52.105132 ] ] ], [ [ [ -58.459836, -52.102906 ], [ -58.461645, -52.104262 ], [ -58.461763, -52.103501 ], [ -58.459836, -52.102906 ] ] ], [ [ [ -59.743085, -52.103037 ], [ -59.748933, -52.104848 ], [ -59.744626, -52.101476 ], [ -59.743085, -52.103037 ] ] ], [ [ [ -58.947998, -52.101303 ], [ -58.947279, -52.10196 ], [ -58.948149, -52.101905 ], [ -58.947998, -52.101303 ] ] ], [ [ [ -59.005688, -52.080335 ], [ -59.00517, -52.087503 ], [ -59.010655, -52.081663 ], [ -59.005688, -52.080335 ] ] ], [ [ [ -59.056922, -52.078611 ], [ -59.058471, -52.07784 ], [ -59.056754, -52.077772 ], [ -59.056922, -52.078611 ] ] ], [ [ [ -59.078481, -52.067136 ], [ -59.07886, -52.078943 ], [ -59.091573, -52.077783 ], [ -59.090457, -52.071884 ], [ -59.078481, -52.067136 ] ] ], [ [ [ -58.544007, -52.064003 ], [ -58.544093, -52.065199 ], [ -58.544997, -52.06443 ], [ -58.544007, -52.064003 ] ] ], [ [ [ -58.533924, -52.062312 ], [ -58.53475, -52.066477 ], [ -58.536153, -52.065873 ], [ -58.533924, -52.062312 ] ] ], [ [ [ -59.728253, -52.09054 ], [ -59.74909, -52.079039 ], [ -59.718156, -52.044405 ], [ -59.714556, -52.056174 ], [ -59.728253, -52.09054 ] ] ], [ [ [ -58.597265, -52.033842 ], [ -58.600047, -52.039563 ], [ -58.60929, -52.03699 ], [ -58.597265, -52.033842 ] ] ], [ [ [ -59.091168, -52.033351 ], [ -59.094873, -52.034371 ], [ -59.093556, -52.032775 ], [ -59.091168, -52.033351 ] ] ], [ [ [ -58.459579, -52.031506 ], [ -58.453183, -52.033252 ], [ -58.452224, -52.03565 ], [ -58.459579, -52.031506 ] ] ], [ [ [ -60.275154, -52.03068 ], [ -60.276204, -52.030725 ], [ -60.274596, -52.029998 ], [ -60.275154, -52.03068 ] ] ], [ [ [ -59.687108, -52.031236 ], [ -59.692161, -52.031212 ], [ -59.687123, -52.029447 ], [ -59.687108, -52.031236 ] ] ], [ [ [ -59.66099, -52.028441 ], [ -59.661323, -52.028572 ], [ -59.661359, -52.028477 ], [ -59.66099, -52.028441 ] ] ], [ [ [ -59.659911, -52.037815 ], [ -59.668092, -52.036938 ], [ -59.651019, -52.028 ], [ -59.659911, -52.037815 ] ] ], [ [ [ -59.186425, -52.027753 ], [ -59.185905, -52.029316 ], [ -59.186745, -52.029258 ], [ -59.186425, -52.027753 ] ] ], [ [ [ -59.755505, -52.024423 ], [ -59.752539, -52.023881 ], [ -59.75702, -52.02556 ], [ -59.755505, -52.024423 ] ] ], [ [ [ -60.983205, -52.024004 ], [ -60.986189, -52.024311 ], [ -60.982043, -52.021635 ], [ -60.983205, -52.024004 ] ] ], [ [ [ -59.852023, -52.027025 ], [ -59.861721, -52.03246 ], [ -59.856659, -52.02127 ], [ -59.852023, -52.027025 ] ] ], [ [ [ -60.978063, -52.021734 ], [ -60.980225, -52.023517 ], [ -60.978204, -52.020921 ], [ -60.978063, -52.021734 ] ] ], [ [ [ -58.405909, -52.017171 ], [ -58.405497, -52.018602 ], [ -58.407149, -52.017381 ], [ -58.405909, -52.017171 ] ] ], [ [ [ -59.684073, -52.027883 ], [ -59.666162, -52.018835 ], [ -59.668657, -52.027335 ], [ -59.684073, -52.027883 ] ] ], [ [ [ -59.724056, -52.014195 ], [ -59.723928, -52.013744 ], [ -59.72386, -52.01411 ], [ -59.724056, -52.014195 ] ] ], [ [ [ -59.826446, -52.013118 ], [ -59.827831, -52.017753 ], [ -59.830602, -52.016794 ], [ -59.826446, -52.013118 ] ] ], [ [ [ -58.390481, -52.012372 ], [ -58.3902, -52.013059 ], [ -58.390728, -52.012639 ], [ -58.390481, -52.012372 ] ] ], [ [ [ -59.722538, -52.012878 ], [ -59.724225, -52.013086 ], [ -59.722452, -52.01233 ], [ -59.722538, -52.012878 ] ] ], [ [ [ -58.544862, -52.011767 ], [ -58.546004, -52.011933 ], [ -58.546171, -52.011553 ], [ -58.544862, -52.011767 ] ] ], [ [ [ -59.671997, -52.013357 ], [ -59.6732, -52.012263 ], [ -59.671038, -52.011559 ], [ -59.671997, -52.013357 ] ] ], [ [ [ -60.975858, -52.022672 ], [ -60.950471, -52.016134 ], [ -60.956547, -52.02263 ], [ -60.975858, -52.022672 ] ] ], [ [ [ -58.376062, -52.018028 ], [ -58.356766, -52.01356 ], [ -58.350819, -52.017404 ], [ -58.376062, -52.018028 ] ] ], [ [ [ -60.294548, -52.009699 ], [ -60.295223, -52.009374 ], [ -60.294208, -52.00916 ], [ -60.294548, -52.009699 ] ] ], [ [ [ -59.824304, -52.009257 ], [ -59.826778, -52.009567 ], [ -59.823923, -52.008853 ], [ -59.824304, -52.009257 ] ] ], [ [ [ -58.527994, -52.008499 ], [ -58.526165, -52.0093 ], [ -58.526941, -52.010115 ], [ -58.527994, -52.008499 ] ] ], [ [ [ -58.378424, -52.01027 ], [ -58.381663, -52.006758 ], [ -58.376967, -52.009409 ], [ -58.378424, -52.01027 ] ] ], [ [ [ -59.145107, -52.007004 ], [ -59.138931, -52.009734 ], [ -59.145063, -52.011819 ], [ -59.145107, -52.007004 ] ] ], [ [ [ -61.03241, -52.005929 ], [ -61.032291, -52.007179 ], [ -61.033303, -52.006941 ], [ -61.03241, -52.005929 ] ] ], [ [ [ -58.395597, -52.005063 ], [ -58.396188, -52.005533 ], [ -58.396284, -52.005083 ], [ -58.395597, -52.005063 ] ] ], [ [ [ -60.995885, -52.004621 ], [ -60.998086, -52.024311 ], [ -61.005223, -52.012951 ], [ -60.995885, -52.004621 ] ] ], [ [ [ -59.251828, -52.006021 ], [ -59.253777, -52.006225 ], [ -59.250342, -52.004341 ], [ -59.251828, -52.006021 ] ] ], [ [ [ -58.38653, -52.007421 ], [ -58.391259, -52.00538 ], [ -58.389063, -52.00402 ], [ -58.38653, -52.007421 ] ] ], [ [ [ -61.098165, -52.00285 ], [ -61.089719, -52.00525 ], [ -61.104508, -52.004264 ], [ -61.098165, -52.00285 ] ] ], [ [ [ -58.603235, -52.003514 ], [ -58.607331, -52.001553 ], [ -58.603303, -52.001325 ], [ -58.603235, -52.003514 ] ] ], [ [ [ -59.796393, -52.002567 ], [ -59.79943, -52.003153 ], [ -59.798463, -51.9988 ], [ -59.796393, -52.002567 ] ] ], [ [ [ -58.392257, -51.995939 ], [ -58.354565, -51.996795 ], [ -58.348179, -52.004505 ], [ -58.369361, -52.009022 ], [ -58.392257, -51.995939 ] ] ], [ [ [ -58.52774, -51.993015 ], [ -58.522277, -51.998402 ], [ -58.532518, -51.994252 ], [ -58.52774, -51.993015 ] ] ], [ [ [ -58.482478, -51.989603 ], [ -58.403282, -52.004551 ], [ -58.420438, -52.024282 ], [ -58.458673, -52.009175 ], [ -58.445765, -52.033432 ], [ -58.470174, -52.027218 ], [ -58.446256, -52.040965 ], [ -58.423294, -52.026267 ], [ -58.442237, -52.050111 ], [ -58.425489, -52.06695 ], [ -58.433818, -52.08812 ], [ -58.414191, -52.09766 ], [ -58.462653, -52.098155 ], [ -58.444279, -52.086996 ], [ -58.446187, -52.075421 ], [ -58.474434, -52.084811 ], [ -58.529272, -52.058887 ], [ -58.513324, -52.055471 ], [ -58.524762, -52.03625 ], [ -58.55394, -52.028023 ], [ -58.490625, -51.996742 ], [ -58.469797, -52.003052 ], [ -58.482478, -51.989603 ] ] ], [ [ [ -59.663557, -51.998042 ], [ -59.647044, -51.98754 ], [ -59.644769, -51.994311 ], [ -59.663557, -51.998042 ] ] ], [ [ [ -58.472415, -51.987599 ], [ -58.464929, -51.987861 ], [ -58.474679, -51.98762 ], [ -58.472415, -51.987599 ] ] ], [ [ [ -58.485802, -51.98538 ], [ -58.481724, -51.986609 ], [ -58.487218, -51.986269 ], [ -58.485802, -51.98538 ] ] ], [ [ [ -58.479516, -51.982422 ], [ -58.480734, -51.982955 ], [ -58.480802, -51.982661 ], [ -58.479516, -51.982422 ] ] ], [ [ [ -60.968501, -51.981772 ], [ -60.966702, -51.987835 ], [ -60.973744, -51.985184 ], [ -60.968501, -51.981772 ] ] ], [ [ [ -58.500213, -51.981534 ], [ -58.48515, -51.981298 ], [ -58.482199, -51.982441 ], [ -58.500213, -51.981534 ] ] ], [ [ [ -60.577329, -51.979551 ], [ -60.571771, -51.980408 ], [ -60.57888, -51.982064 ], [ -60.577329, -51.979551 ] ] ], [ [ [ -60.570078, -51.978835 ], [ -60.572619, -51.978635 ], [ -60.572819, -51.978235 ], [ -60.570078, -51.978835 ] ] ], [ [ [ -58.458729, -51.976425 ], [ -58.454866, -51.977381 ], [ -58.459281, -51.977054 ], [ -58.458729, -51.976425 ] ] ], [ [ [ -60.56665, -51.97524 ], [ -60.560368, -51.975725 ], [ -60.559222, -51.976868 ], [ -60.564623, -51.978742 ], [ -60.56665, -51.97524 ] ] ], [ [ [ -60.591578, -51.974581 ], [ -60.59263, -51.975385 ], [ -60.59326, -51.974481 ], [ -60.591578, -51.974581 ] ] ], [ [ [ -60.081869, -51.973169 ], [ -60.082421, -51.973576 ], [ -60.082227, -51.973003 ], [ -60.081869, -51.973169 ] ] ], [ [ [ -59.837284, -51.974128 ], [ -59.840064, -51.975575 ], [ -59.835191, -51.972269 ], [ -59.837284, -51.974128 ] ] ], [ [ [ -58.608662, -51.972069 ], [ -58.595451, -51.97224 ], [ -58.593909, -51.974106 ], [ -58.608662, -51.972069 ] ] ], [ [ [ -58.615972, -51.971707 ], [ -58.61087, -51.972069 ], [ -58.618427, -51.974296 ], [ -58.615972, -51.971707 ] ] ], [ [ [ -58.500718, -51.971635 ], [ -58.506471, -51.974397 ], [ -58.507737, -51.973592 ], [ -58.500718, -51.971635 ] ] ], [ [ [ -58.499198, -51.973695 ], [ -58.453589, -51.982174 ], [ -58.439902, -51.977434 ], [ -58.431374, -51.984725 ], [ -58.469367, -51.985144 ], [ -58.499198, -51.973695 ] ] ], [ [ [ -58.617685, -51.96455 ], [ -58.620731, -51.967653 ], [ -58.622691, -51.966948 ], [ -58.617685, -51.96455 ] ] ], [ [ [ -60.869349, -51.968396 ], [ -60.853715, -51.993408 ], [ -60.870622, -52.000802 ], [ -60.847327, -52.003919 ], [ -60.85198, -52.013776 ], [ -60.95075, -51.996303 ], [ -60.869349, -51.968396 ] ] ], [ [ [ -58.513273, -51.961766 ], [ -58.506157, -51.962951 ], [ -58.5174, -51.96243 ], [ -58.513273, -51.961766 ] ] ], [ [ [ -60.084104, -51.955453 ], [ -60.084612, -51.957252 ], [ -60.08549, -51.956237 ], [ -60.084104, -51.955453 ] ] ], [ [ [ -58.68908, -51.956769 ], [ -58.681706, -51.956133 ], [ -58.680204, -51.95765 ], [ -58.68908, -51.956769 ] ] ], [ [ [ -58.764583, -51.954633 ], [ -58.766341, -51.954153 ], [ -58.764197, -51.9541 ], [ -58.764583, -51.954633 ] ] ], [ [ [ -58.454668, -51.950674 ], [ -58.464291, -51.962109 ], [ -58.493397, -51.954514 ], [ -58.471696, -51.9536 ], [ -58.454668, -51.950674 ] ] ], [ [ [ -58.433239, -51.950745 ], [ -58.435295, -51.951201 ], [ -58.436171, -51.950516 ], [ -58.433239, -51.950745 ] ] ], [ [ [ -58.445499, -51.950078 ], [ -58.44902, -51.950078 ], [ -58.444737, -51.94985 ], [ -58.445499, -51.950078 ] ] ], [ [ [ -58.671009, -51.951897 ], [ -58.655019, -51.951576 ], [ -58.652021, -51.954146 ], [ -58.671009, -51.951897 ] ] ], [ [ [ -58.783109, -51.947149 ], [ -58.766459, -51.945115 ], [ -58.753846, -51.945894 ], [ -58.762959, -51.949201 ], [ -58.783109, -51.947149 ] ] ], [ [ [ -60.07927, -51.945886 ], [ -60.081224, -51.94673 ], [ -60.080533, -51.944574 ], [ -60.07927, -51.945886 ] ] ], [ [ [ -58.566862, -51.944249 ], [ -58.568384, -51.946013 ], [ -58.569722, -51.944823 ], [ -58.566862, -51.944249 ] ] ], [ [ [ -61.087123, -51.942568 ], [ -61.084834, -51.943445 ], [ -61.089046, -51.944604 ], [ -61.087123, -51.942568 ] ] ], [ [ [ -58.692639, -51.941686 ], [ -58.694861, -51.942561 ], [ -58.694619, -51.941431 ], [ -58.692639, -51.941686 ] ] ], [ [ [ -61.113786, -51.940555 ], [ -61.115108, -51.941471 ], [ -61.11527, -51.941268 ], [ -61.113786, -51.940555 ] ] ], [ [ [ -58.685856, -51.944259 ], [ -58.666476, -51.941225 ], [ -58.648773, -51.945009 ], [ -58.685856, -51.944259 ] ] ], [ [ [ -59.714864, -51.941985 ], [ -59.681242, -51.945197 ], [ -59.701354, -51.959817 ], [ -59.666476, -51.973261 ], [ -59.697663, -51.991842 ], [ -59.724361, -51.975043 ], [ -59.708989, -51.964882 ], [ -59.714864, -51.941985 ] ] ], [ [ [ -60.8735, -51.931626 ], [ -60.879529, -51.937187 ], [ -60.87499, -51.930788 ], [ -60.8735, -51.931626 ] ] ], [ [ [ -58.391938, -51.922858 ], [ -58.390136, -51.923279 ], [ -58.389881, -51.923822 ], [ -58.391938, -51.922858 ] ] ], [ [ [ -58.735917, -51.93289 ], [ -58.725066, -51.927797 ], [ -58.709624, -51.923824 ], [ -58.700843, -51.92606 ], [ -58.720831, -51.935364 ], [ -58.735917, -51.93289 ] ] ], [ [ [ -59.537788, -51.919342 ], [ -59.540049, -51.920587 ], [ -59.539619, -51.918437 ], [ -59.537788, -51.919342 ] ] ], [ [ [ -58.506925, -51.91644 ], [ -58.502934, -51.917574 ], [ -58.508253, -51.917307 ], [ -58.506925, -51.91644 ] ] ], [ [ [ -59.657923, -51.922985 ], [ -59.636075, -51.924818 ], [ -59.638868, -51.930053 ], [ -59.657923, -51.922985 ] ] ], [ [ [ -59.678583, -51.910447 ], [ -59.66854, -51.910611 ], [ -59.672758, -51.911455 ], [ -59.678583, -51.910447 ] ] ], [ [ [ -59.658774, -51.906779 ], [ -59.649304, -51.908594 ], [ -59.661046, -51.91011 ], [ -59.658774, -51.906779 ] ] ], [ [ [ -58.797842, -51.905891 ], [ -58.776546, -51.907009 ], [ -58.77469, -51.907795 ], [ -58.797842, -51.905891 ] ] ], [ [ [ -58.864484, -51.90502 ], [ -58.858991, -51.905404 ], [ -58.857229, -51.906708 ], [ -58.864484, -51.90502 ] ] ], [ [ [ -58.805121, -51.903857 ], [ -58.801587, -51.905229 ], [ -58.805366, -51.904122 ], [ -58.805121, -51.903857 ] ] ], [ [ [ -58.622253, -51.902854 ], [ -58.609404, -51.905233 ], [ -58.623538, -51.904043 ], [ -58.622253, -51.902854 ] ] ], [ [ [ -58.59634, -51.900468 ], [ -58.590084, -51.900205 ], [ -58.587253, -51.901643 ], [ -58.59634, -51.900468 ] ] ], [ [ [ -58.554381, -51.897869 ], [ -58.519513, -51.897844 ], [ -58.536749, -51.900582 ], [ -58.506589, -51.907399 ], [ -58.554381, -51.897869 ] ] ], [ [ [ -58.351441, -51.896017 ], [ -58.35264, -51.896765 ], [ -58.352317, -51.895867 ], [ -58.351441, -51.896017 ] ] ], [ [ [ -58.813348, -51.895844 ], [ -58.814274, -51.897467 ], [ -58.815725, -51.896206 ], [ -58.813348, -51.895844 ] ] ], [ [ [ -58.849993, -51.893695 ], [ -58.846848, -51.897646 ], [ -58.852106, -51.895637 ], [ -58.849993, -51.893695 ] ] ], [ [ [ -58.878327, -51.893563 ], [ -58.875876, -51.894467 ], [ -58.878755, -51.894301 ], [ -58.878327, -51.893563 ] ] ], [ [ [ -58.873116, -51.89304 ], [ -58.870189, -51.894182 ], [ -58.873941, -51.893743 ], [ -58.873116, -51.89304 ] ] ], [ [ [ -61.164671, -51.905678 ], [ -61.146049, -51.895731 ], [ -61.158411, -51.908656 ], [ -61.194252, -51.90979 ], [ -61.164385, -51.891119 ], [ -61.164671, -51.905678 ] ] ], [ [ [ -58.882294, -51.889946 ], [ -58.886821, -51.88947 ], [ -58.882585, -51.889329 ], [ -58.882294, -51.889946 ] ] ], [ [ [ -58.854077, -51.889943 ], [ -58.847347, -51.88966 ], [ -58.84632, -51.890992 ], [ -58.854077, -51.889943 ] ] ], [ [ [ -58.895887, -51.887139 ], [ -58.898885, -51.891065 ], [ -58.902549, -51.887472 ], [ -58.895887, -51.887139 ] ] ], [ [ [ -59.675999, -51.889146 ], [ -59.666935, -51.897031 ], [ -59.686507, -51.897206 ], [ -59.675999, -51.889146 ] ] ], [ [ [ -61.139712, -51.886155 ], [ -61.138178, -51.88959 ], [ -61.140721, -51.889948 ], [ -61.139712, -51.886155 ] ] ], [ [ [ -59.637075, -51.879448 ], [ -59.628648, -51.884933 ], [ -59.635935, -51.888611 ], [ -59.637075, -51.879448 ] ] ], [ [ [ -61.167237, -51.875565 ], [ -61.196233, -51.905457 ], [ -61.215852, -51.910858 ], [ -61.189475, -51.875523 ], [ -61.167237, -51.875565 ] ] ], [ [ [ -59.652521, -51.872564 ], [ -59.645549, -51.876729 ], [ -59.658546, -51.87659 ], [ -59.652521, -51.872564 ] ] ], [ [ [ -61.224094, -51.870386 ], [ -61.224251, -51.87327 ], [ -61.226564, -51.872214 ], [ -61.224094, -51.870386 ] ] ], [ [ [ -58.200929, -51.86967 ], [ -58.201437, -51.871135 ], [ -58.204291, -51.869841 ], [ -58.200929, -51.86967 ] ] ], [ [ [ -58.293737, -51.870072 ], [ -58.295183, -51.870044 ], [ -58.293908, -51.869387 ], [ -58.293737, -51.870072 ] ] ], [ [ [ -61.218783, -51.870086 ], [ -61.220497, -51.870615 ], [ -61.220268, -51.869344 ], [ -61.218783, -51.870086 ] ] ], [ [ [ -61.2149, -51.86953 ], [ -61.212444, -51.874512 ], [ -61.216142, -51.87317 ], [ -61.2149, -51.86953 ] ] ], [ [ [ -60.875479, -51.872153 ], [ -60.871588, -51.870233 ], [ -60.87135, -51.872817 ], [ -60.875479, -51.872153 ] ] ], [ [ [ -61.155469, -51.868207 ], [ -61.154758, -51.869566 ], [ -61.156293, -51.869173 ], [ -61.155469, -51.868207 ] ] ], [ [ [ -58.268464, -51.867492 ], [ -58.268286, -51.867957 ], [ -58.270381, -51.867866 ], [ -58.268464, -51.867492 ] ] ], [ [ [ -58.917351, -51.867585 ], [ -58.908786, -51.868522 ], [ -58.899763, -51.873371 ], [ -58.917351, -51.867585 ] ] ], [ [ [ -58.286141, -51.871252 ], [ -58.257873, -51.87011 ], [ -58.256932, -51.873564 ], [ -58.286141, -51.871252 ] ] ], [ [ [ -58.260672, -51.865921 ], [ -58.264384, -51.866663 ], [ -58.265159, -51.866315 ], [ -58.260672, -51.865921 ] ] ], [ [ [ -58.197524, -51.865011 ], [ -58.200251, -51.865439 ], [ -58.200498, -51.865125 ], [ -58.197524, -51.865011 ] ] ], [ [ [ -60.878084, -51.865083 ], [ -60.875766, -51.866509 ], [ -60.877757, -51.867906 ], [ -60.878084, -51.865083 ] ] ], [ [ [ -60.507636, -51.865925 ], [ -60.51134, -51.869402 ], [ -60.510828, -51.864439 ], [ -60.507636, -51.865925 ] ] ], [ [ [ -61.160727, -51.863388 ], [ -61.164431, -51.866746 ], [ -61.16656, -51.863839 ], [ -61.160727, -51.863388 ] ] ], [ [ [ -60.524963, -51.861164 ], [ -60.525391, -51.866792 ], [ -60.530626, -51.865162 ], [ -60.524963, -51.861164 ] ] ], [ [ [ -58.944535, -51.860303 ], [ -58.927129, -51.866575 ], [ -58.918843, -51.872053 ], [ -58.944535, -51.860303 ] ] ], [ [ [ -58.26931, -51.85906 ], [ -58.270385, -51.860725 ], [ -58.272483, -51.860451 ], [ -58.26931, -51.85906 ] ] ], [ [ [ -58.262666, -51.858051 ], [ -58.257649, -51.858464 ], [ -58.264551, -51.859688 ], [ -58.262666, -51.858051 ] ] ], [ [ [ -59.587469, -51.856881 ], [ -59.608401, -51.87796 ], [ -59.622826, -51.8686 ], [ -59.587469, -51.856881 ] ] ], [ [ [ -60.980557, -51.859787 ], [ -60.98666, -51.85836 ], [ -60.980831, -51.856087 ], [ -60.980557, -51.859787 ] ] ], [ [ [ -61.022098, -51.855617 ], [ -61.021441, -51.856245 ], [ -61.023433, -51.856524 ], [ -61.022098, -51.855617 ] ] ], [ [ [ -58.26097, -51.855933 ], [ -58.247438, -51.854129 ], [ -58.242907, -51.856414 ], [ -58.26097, -51.855933 ] ] ], [ [ [ -58.191797, -51.854295 ], [ -58.186772, -51.85468 ], [ -58.192377, -51.854638 ], [ -58.191797, -51.854295 ] ] ], [ [ [ -60.975762, -51.854291 ], [ -60.980176, -51.853755 ], [ -60.975655, -51.852923 ], [ -60.975762, -51.854291 ] ] ], [ [ [ -58.236813, -51.852082 ], [ -58.237532, -51.852557 ], [ -58.237998, -51.85215 ], [ -58.236813, -51.852082 ] ] ], [ [ [ -58.228933, -51.852367 ], [ -58.23117, -51.852907 ], [ -58.229616, -51.851968 ], [ -58.228933, -51.852367 ] ] ], [ [ [ -60.460732, -51.851728 ], [ -60.458317, -51.855594 ], [ -60.465694, -51.853869 ], [ -60.460732, -51.851728 ] ] ], [ [ [ -60.502954, -51.854087 ], [ -60.498897, -51.853968 ], [ -60.501098, -51.85611 ], [ -60.502954, -51.854087 ] ] ], [ [ [ -58.941658, -51.850283 ], [ -58.929164, -51.858434 ], [ -58.942899, -51.851348 ], [ -58.941658, -51.850283 ] ] ], [ [ [ -58.23658, -51.848964 ], [ -58.231381, -51.848773 ], [ -58.230334, -51.849048 ], [ -58.23658, -51.848964 ] ] ], [ [ [ -58.229264, -51.848454 ], [ -58.229394, -51.849118 ], [ -58.22996, -51.848567 ], [ -58.229264, -51.848454 ] ] ], [ [ [ -61.167125, -51.847617 ], [ -61.169114, -51.848759 ], [ -61.169181, -51.847408 ], [ -61.167125, -51.847617 ] ] ], [ [ [ -58.239634, -51.84621 ], [ -58.237829, -51.846294 ], [ -58.23738, -51.846499 ], [ -58.239634, -51.84621 ] ] ], [ [ [ -58.935491, -51.847465 ], [ -58.936534, -51.848167 ], [ -58.937663, -51.845774 ], [ -58.935491, -51.847465 ] ] ], [ [ [ -60.464908, -51.844982 ], [ -60.466645, -51.845291 ], [ -60.465039, -51.844601 ], [ -60.464908, -51.844982 ] ] ], [ [ [ -61.219773, -51.843835 ], [ -61.220758, -51.844991 ], [ -61.220829, -51.844634 ], [ -61.219773, -51.843835 ] ] ], [ [ [ -61.19108, -51.844471 ], [ -61.167704, -51.855617 ], [ -61.206156, -51.86601 ], [ -61.19108, -51.844471 ] ] ], [ [ [ -58.961804, -51.842109 ], [ -58.960668, -51.843997 ], [ -58.963183, -51.842433 ], [ -58.961804, -51.842109 ] ] ], [ [ [ -58.958462, -51.841849 ], [ -58.95716, -51.84703 ], [ -58.973651, -51.846884 ], [ -58.958858, -51.845032 ], [ -58.958462, -51.841849 ] ] ], [ [ [ -58.947245, -51.843995 ], [ -58.952915, -51.844537 ], [ -58.954914, -51.842348 ], [ -58.947245, -51.843995 ] ] ], [ [ [ -60.528827, -51.841243 ], [ -60.527899, -51.84549 ], [ -60.530148, -51.844312 ], [ -60.528827, -51.841243 ] ] ], [ [ [ -58.958546, -51.840705 ], [ -58.960209, -51.840997 ], [ -58.960081, -51.840472 ], [ -58.958546, -51.840705 ] ] ], [ [ [ -60.951053, -51.840078 ], [ -60.954259, -51.839812 ], [ -60.95066, -51.838698 ], [ -60.951053, -51.840078 ] ] ], [ [ [ -61.213034, -51.836511 ], [ -61.218888, -51.838938 ], [ -61.220687, -51.836496 ], [ -61.213034, -51.836511 ] ] ], [ [ [ -58.946729, -51.833782 ], [ -58.936955, -51.838304 ], [ -58.938781, -51.845155 ], [ -58.946729, -51.833782 ] ] ], [ [ [ -58.948726, -51.834832 ], [ -58.950822, -51.839722 ], [ -58.960705, -51.836358 ], [ -58.948726, -51.834832 ] ] ], [ [ [ -61.205667, -51.831128 ], [ -61.206981, -51.832856 ], [ -61.208551, -51.832228 ], [ -61.205667, -51.831128 ] ] ], [ [ [ -58.328061, -51.830827 ], [ -58.32555, -51.831853 ], [ -58.330637, -51.831199 ], [ -58.328061, -51.830827 ] ] ], [ [ [ -61.190556, -51.830468 ], [ -61.192337, -51.830961 ], [ -61.193205, -51.830398 ], [ -61.190556, -51.830468 ] ] ], [ [ [ -59.776524, -51.851991 ], [ -59.759457, -51.840545 ], [ -59.767876, -51.848787 ], [ -59.776524, -51.851991 ] ] ], [ [ [ -59.492196, -51.829021 ], [ -59.490749, -51.828612 ], [ -59.49058, -51.828887 ], [ -59.492196, -51.829021 ] ] ], [ [ [ -58.324408, -51.826522 ], [ -58.325861, -51.827033 ], [ -58.325863, -51.826773 ], [ -58.324408, -51.826522 ] ] ], [ [ [ -59.48752, -51.825766 ], [ -59.488617, -51.826176 ], [ -59.488731, -51.825909 ], [ -59.48752, -51.825766 ] ] ], [ [ [ -58.309244, -51.825672 ], [ -58.30899, -51.828467 ], [ -58.320044, -51.826945 ], [ -58.309244, -51.825672 ] ] ], [ [ [ -59.508479, -51.826459 ], [ -59.503539, -51.826337 ], [ -59.505223, -51.828273 ], [ -59.508479, -51.826459 ] ] ], [ [ [ -61.150899, -51.826035 ], [ -61.147758, -51.824865 ], [ -61.148119, -51.826121 ], [ -61.150899, -51.826035 ] ] ], [ [ [ -58.957241, -51.82416 ], [ -58.958653, -51.82456 ], [ -58.958023, -51.82369 ], [ -58.957241, -51.82416 ] ] ], [ [ [ -61.192542, -51.823434 ], [ -61.19472, -51.826801 ], [ -61.195243, -51.823231 ], [ -61.192542, -51.823434 ] ] ], [ [ [ -60.8972, -51.822547 ], [ -60.899485, -51.823867 ], [ -60.897926, -51.821761 ], [ -60.8972, -51.822547 ] ] ], [ [ [ -58.956489, -51.821216 ], [ -58.95713, -51.821306 ], [ -58.957091, -51.820883 ], [ -58.956489, -51.821216 ] ] ], [ [ [ -60.510646, -51.83577 ], [ -60.477239, -51.82743 ], [ -60.470922, -51.851664 ], [ -60.495537, -51.857934 ], [ -60.510646, -51.83577 ] ] ], [ [ [ -58.960207, -51.819352 ], [ -58.959185, -51.820055 ], [ -58.96052, -51.819887 ], [ -58.960207, -51.819352 ] ] ], [ [ [ -59.48066, -51.818124 ], [ -59.482563, -51.824481 ], [ -59.483629, -51.824329 ], [ -59.48066, -51.818124 ] ] ], [ [ [ -61.283482, -51.81664 ], [ -61.282329, -51.817004 ], [ -61.282386, -51.817649 ], [ -61.283482, -51.81664 ] ] ], [ [ [ -60.549278, -51.817901 ], [ -60.555823, -51.817203 ], [ -60.548532, -51.814547 ], [ -60.549278, -51.817901 ] ] ], [ [ [ -59.036525, -51.812845 ], [ -59.036925, -51.814022 ], [ -59.037809, -51.813355 ], [ -59.036525, -51.812845 ] ] ], [ [ [ -61.144317, -51.810036 ], [ -61.140241, -51.816931 ], [ -61.148222, -51.811106 ], [ -61.144317, -51.810036 ] ] ], [ [ [ -59.483712, -51.807743 ], [ -59.482175, -51.809709 ], [ -59.485159, -51.80882 ], [ -59.483712, -51.807743 ] ] ], [ [ [ -61.324195, -51.814616 ], [ -61.312944, -51.812244 ], [ -61.311416, -51.81764 ], [ -61.324195, -51.814616 ] ] ], [ [ [ -59.02626, -51.807467 ], [ -59.018436, -51.806381 ], [ -59.014229, -51.812397 ], [ -59.02626, -51.807467 ] ] ], [ [ [ -58.143718, -51.805183 ], [ -58.140477, -51.804769 ], [ -58.138606, -51.806298 ], [ -58.143718, -51.805183 ] ] ], [ [ [ -61.192291, -51.802971 ], [ -61.193385, -51.809812 ], [ -61.201023, -51.805232 ], [ -61.192291, -51.802971 ] ] ], [ [ [ -59.031498, -51.804816 ], [ -59.028221, -51.80329 ], [ -59.028335, -51.805445 ], [ -59.031498, -51.804816 ] ] ], [ [ [ -58.215719, -51.803119 ], [ -58.173468, -51.806226 ], [ -58.225931, -51.804913 ], [ -58.215719, -51.803119 ] ] ], [ [ [ -60.3308, -51.800596 ], [ -60.331379, -51.80136 ], [ -60.331554, -51.800288 ], [ -60.3308, -51.800596 ] ] ], [ [ [ -58.166842, -51.800015 ], [ -58.164025, -51.800567 ], [ -58.162464, -51.802339 ], [ -58.154507, -51.803289 ], [ -58.160294, -51.80327 ], [ -58.162852, -51.802392 ], [ -58.164234, -51.800776 ], [ -58.166233, -51.800472 ], [ -58.166842, -51.800015 ] ] ], [ [ [ -58.242852, -51.799549 ], [ -58.244165, -51.80012 ], [ -58.244556, -51.800035 ], [ -58.242852, -51.799549 ] ] ], [ [ [ -61.053983, -51.79952 ], [ -61.061426, -51.810446 ], [ -61.068954, -51.810018 ], [ -61.053983, -51.79952 ] ] ], [ [ [ -61.198192, -51.799462 ], [ -61.205592, -51.802388 ], [ -61.203474, -51.797618 ], [ -61.198192, -51.799462 ] ] ], [ [ [ -61.075655, -51.798612 ], [ -61.073761, -51.799658 ], [ -61.075788, -51.799535 ], [ -61.075655, -51.798612 ] ] ], [ [ [ -60.392009, -51.797337 ], [ -60.394496, -51.798194 ], [ -60.393996, -51.796956 ], [ -60.392009, -51.797337 ] ] ], [ [ [ -58.097647, -51.798018 ], [ -58.095529, -51.797089 ], [ -58.093777, -51.79784 ], [ -58.097647, -51.798018 ] ] ], [ [ [ -61.295478, -51.797563 ], [ -61.296922, -51.798409 ], [ -61.29775, -51.797067 ], [ -61.295478, -51.797563 ] ] ], [ [ [ -60.3308, -51.796105 ], [ -60.33262, -51.796272 ], [ -60.331942, -51.795498 ], [ -60.3308, -51.796105 ] ] ], [ [ [ -61.231951, -51.795602 ], [ -61.195469, -51.821767 ], [ -61.253374, -51.831831 ], [ -61.229673, -51.842973 ], [ -61.264521, -51.861544 ], [ -61.204189, -51.849932 ], [ -61.233338, -51.876975 ], [ -61.349024, -51.835302 ], [ -61.325134, -51.819436 ], [ -61.297618, -51.830553 ], [ -61.306292, -51.800142 ], [ -61.290751, -51.817944 ], [ -61.261533, -51.830818 ], [ -61.265797, -51.80867 ], [ -61.23888, -51.813933 ], [ -61.231951, -51.795602 ] ] ], [ [ [ -61.205468, -51.794978 ], [ -61.206325, -51.795428 ], [ -61.206835, -51.794942 ], [ -61.205468, -51.794978 ] ] ], [ [ [ -61.086924, -51.795851 ], [ -61.084468, -51.803646 ], [ -61.090522, -51.799554 ], [ -61.086924, -51.795851 ] ] ], [ [ [ -58.051184, -51.793974 ], [ -58.047279, -51.794056 ], [ -58.045579, -51.794737 ], [ -58.051184, -51.793974 ] ] ], [ [ [ -61.121634, -51.793301 ], [ -61.107928, -51.797881 ], [ -61.127678, -51.807756 ], [ -61.121634, -51.793301 ] ] ], [ [ [ -58.084964, -51.791883 ], [ -58.082387, -51.792777 ], [ -58.085112, -51.792233 ], [ -58.084964, -51.791883 ] ] ], [ [ [ -61.221464, -51.790553 ], [ -61.222045, -51.790773 ], [ -61.221895, -51.790359 ], [ -61.221464, -51.790553 ] ] ], [ [ [ -61.221579, -51.789768 ], [ -61.221902, -51.790173 ], [ -61.222145, -51.789659 ], [ -61.221579, -51.789768 ] ] ], [ [ [ -61.040268, -51.789568 ], [ -61.043386, -51.79007 ], [ -61.040139, -51.788926 ], [ -61.040268, -51.789568 ] ] ], [ [ [ -58.097356, -51.788162 ], [ -58.09905, -51.788961 ], [ -58.100015, -51.788136 ], [ -58.097356, -51.788162 ] ] ], [ [ [ -59.312001, -51.788826 ], [ -59.309245, -51.789382 ], [ -59.3136, -51.792866 ], [ -59.312001, -51.788826 ] ] ], [ [ [ -60.217726, -51.786547 ], [ -60.217662, -51.787381 ], [ -60.217873, -51.786549 ], [ -60.217726, -51.786547 ] ] ], [ [ [ -59.681496, -51.786927 ], [ -59.68314, -51.787677 ], [ -59.680788, -51.786211 ], [ -59.681496, -51.786927 ] ] ], [ [ [ -58.087051, -51.78817 ], [ -58.048618, -51.787523 ], [ -58.047552, -51.788532 ], [ -58.087051, -51.78817 ] ] ], [ [ [ -59.020982, -51.784982 ], [ -59.020051, -51.784953 ], [ -59.019997, -51.785092 ], [ -59.020982, -51.784982 ] ] ], [ [ [ -60.218101, -51.785029 ], [ -60.218344, -51.7854 ], [ -60.218437, -51.784836 ], [ -60.218101, -51.785029 ] ] ], [ [ [ -59.356203, -51.784718 ], [ -59.35631, -51.788208 ], [ -59.359125, -51.787364 ], [ -59.356203, -51.784718 ] ] ], [ [ [ -60.515423, -51.784081 ], [ -60.516337, -51.786422 ], [ -60.516498, -51.784081 ], [ -60.515423, -51.784081 ] ] ], [ [ [ -59.018693, -51.783766 ], [ -59.0193, -51.783769 ], [ -59.018634, -51.783639 ], [ -59.018693, -51.783766 ] ] ], [ [ [ -58.143561, -51.782922 ], [ -58.143422, -51.783645 ], [ -58.143986, -51.783332 ], [ -58.143561, -51.782922 ] ] ], [ [ [ -60.218565, -51.783351 ], [ -60.219279, -51.783237 ], [ -60.21908, -51.782173 ], [ -60.218565, -51.783351 ] ] ], [ [ [ -61.162398, -51.785223 ], [ -61.139193, -51.797006 ], [ -61.163083, -51.794199 ], [ -61.162398, -51.785223 ] ] ], [ [ [ -61.288517, -51.782724 ], [ -61.291236, -51.783687 ], [ -61.295669, -51.780025 ], [ -61.288517, -51.782724 ] ] ], [ [ [ -59.03038, -51.779994 ], [ -59.031231, -51.781233 ], [ -59.031143, -51.779965 ], [ -59.03038, -51.779994 ] ] ], [ [ [ -61.102743, -51.780842 ], [ -61.101573, -51.793853 ], [ -61.109767, -51.780376 ], [ -61.102743, -51.780842 ] ] ], [ [ [ -59.356576, -51.779101 ], [ -59.362144, -51.780847 ], [ -59.361878, -51.777792 ], [ -59.356576, -51.779101 ] ] ], [ [ [ -61.30092, -51.778088 ], [ -61.298021, -51.777752 ], [ -61.296201, -51.779941 ], [ -61.30092, -51.778088 ] ] ], [ [ [ -61.037726, -51.776454 ], [ -61.063156, -51.794028 ], [ -61.075473, -51.786832 ], [ -61.069477, -51.780808 ], [ -61.037726, -51.776454 ] ] ], [ [ [ -59.026606, -51.776281 ], [ -59.027747, -51.775846 ], [ -59.026437, -51.775842 ], [ -59.026606, -51.776281 ] ] ], [ [ [ -59.016864, -51.775037 ], [ -59.012732, -51.780364 ], [ -59.018833, -51.775206 ], [ -59.016864, -51.775037 ] ] ], [ [ [ -60.96786, -51.775922 ], [ -60.963349, -51.777568 ], [ -60.967956, -51.778472 ], [ -60.96786, -51.775922 ] ] ], [ [ [ -58.198611, -51.776813 ], [ -58.189729, -51.77526 ], [ -58.187769, -51.776269 ], [ -58.198611, -51.776813 ] ] ], [ [ [ -61.087571, -51.783666 ], [ -61.07421, -51.777111 ], [ -61.072998, -51.779697 ], [ -61.087571, -51.783666 ] ] ], [ [ [ -60.413974, -51.771981 ], [ -60.414448, -51.771635 ], [ -60.413689, -51.771624 ], [ -60.413974, -51.771981 ] ] ], [ [ [ -59.622057, -51.768439 ], [ -59.635534, -51.78481 ], [ -59.663899, -51.798999 ], [ -59.664686, -51.790607 ], [ -59.622057, -51.768439 ] ] ], [ [ [ -60.392658, -51.766147 ], [ -60.395704, -51.766599 ], [ -60.392598, -51.765421 ], [ -60.392658, -51.766147 ] ] ], [ [ [ -60.898732, -51.762156 ], [ -60.862921, -51.764238 ], [ -60.856806, -51.789687 ], [ -60.881648, -51.822155 ], [ -60.881229, -51.877148 ], [ -60.897743, -51.883535 ], [ -60.871852, -51.890243 ], [ -60.915543, -51.896326 ], [ -60.909444, -51.911246 ], [ -60.870111, -51.901091 ], [ -60.870349, -51.91651 ], [ -60.891087, -51.937231 ], [ -60.925502, -51.936731 ], [ -60.896144, -51.951378 ], [ -60.966604, -51.964744 ], [ -60.975963, -51.984214 ], [ -61.000674, -51.989699 ], [ -61.031309, -51.965523 ], [ -61.057038, -51.966635 ], [ -61.037878, -51.958202 ], [ -61.073827, -51.941412 ], [ -61.038944, -51.925632 ], [ -61.067117, -51.935844 ], [ -61.080157, -51.915661 ], [ -61.098515, -51.931866 ], [ -61.110448, -51.923537 ], [ -61.101008, -51.900987 ], [ -61.137517, -51.904074 ], [ -61.118298, -51.880458 ], [ -61.136402, -51.880878 ], [ -61.133832, -51.859617 ], [ -61.093741, -51.847984 ], [ -61.165696, -51.84709 ], [ -61.166052, -51.830786 ], [ -61.150488, -51.837884 ], [ -61.131379, -51.825071 ], [ -61.140708, -51.819032 ], [ -61.102007, -51.80895 ], [ -61.09347, -51.816812 ], [ -61.117083, -51.836952 ], [ -61.091643, -51.824278 ], [ -61.038636, -51.845216 ], [ -61.063845, -51.825598 ], [ -61.033728, -51.815135 ], [ -61.038535, -51.784678 ], [ -60.980143, -51.778227 ], [ -60.974932, -51.795633 ], [ -60.988339, -51.805413 ], [ -60.953291, -51.798465 ], [ -60.93378, -51.81349 ], [ -60.963076, -51.815337 ], [ -60.964094, -51.828443 ], [ -61.03469, -51.858893 ], [ -61.028732, -51.872256 ], [ -61.052, -51.890124 ], [ -61.013151, -51.869763 ], [ -60.954856, -51.866191 ], [ -60.950124, -51.842837 ], [ -60.935067, -51.851298 ], [ -60.919176, -51.831591 ], [ -60.902655, -51.85597 ], [ -60.905538, -51.830863 ], [ -60.875699, -51.8055 ], [ -60.890999, -51.81159 ], [ -60.911094, -51.790044 ], [ -60.910451, -51.771924 ], [ -60.890775, -51.771655 ], [ -60.898732, -51.762156 ] ] ], [ [ [ -60.390409, -51.761388 ], [ -60.386662, -51.763137 ], [ -60.393384, -51.763756 ], [ -60.390409, -51.761388 ] ] ], [ [ [ -59.535864, -51.756711 ], [ -59.559158, -51.806132 ], [ -59.62062, -51.812723 ], [ -59.630445, -51.797587 ], [ -59.535864, -51.756711 ] ] ], [ [ [ -60.382617, -51.758938 ], [ -60.378418, -51.756803 ], [ -60.377991, -51.757109 ], [ -60.382617, -51.758938 ] ] ], [ [ [ -60.2292, -51.767764 ], [ -60.216585, -51.765662 ], [ -60.214132, -51.779566 ], [ -60.2292, -51.767764 ] ] ], [ [ [ -60.268521, -51.75699 ], [ -60.271617, -51.756822 ], [ -60.267394, -51.75568 ], [ -60.268521, -51.75699 ] ] ], [ [ [ -60.256972, -51.755585 ], [ -60.259828, -51.756865 ], [ -60.259197, -51.753491 ], [ -60.256972, -51.755585 ] ] ], [ [ [ -59.044133, -51.751785 ], [ -59.042761, -51.752417 ], [ -59.044333, -51.752217 ], [ -59.044133, -51.751785 ] ] ], [ [ [ -60.221571, -51.750541 ], [ -60.2217, -51.75184 ], [ -60.223334, -51.750698 ], [ -60.221571, -51.750541 ] ] ], [ [ [ -59.008744, -51.747247 ], [ -59.009576, -51.749136 ], [ -59.009393, -51.747254 ], [ -59.008744, -51.747247 ] ] ], [ [ [ -59.023089, -51.748061 ], [ -59.017341, -51.750799 ], [ -59.023812, -51.750679 ], [ -59.023089, -51.748061 ] ] ], [ [ [ -57.851156, -51.738094 ], [ -57.852279, -51.738512 ], [ -57.852874, -51.738106 ], [ -57.851156, -51.738094 ] ] ], [ [ [ -59.018876, -51.73766 ], [ -59.020887, -51.7374 ], [ -59.020587, -51.736898 ], [ -59.018876, -51.73766 ] ] ], [ [ [ -61.257804, -51.7344 ], [ -61.254649, -51.74418 ], [ -61.265043, -51.738898 ], [ -61.257804, -51.7344 ] ] ], [ [ [ -61.286963, -51.733799 ], [ -61.288184, -51.733813 ], [ -61.288305, -51.733328 ], [ -61.286963, -51.733799 ] ] ], [ [ [ -59.022752, -51.730615 ], [ -59.017557, -51.73256 ], [ -59.021826, -51.734273 ], [ -59.022752, -51.730615 ] ] ], [ [ [ -59.528686, -51.751228 ], [ -59.517042, -51.733214 ], [ -59.506001, -51.731977 ], [ -59.510451, -51.740519 ], [ -59.528686, -51.751228 ] ] ], [ [ [ -61.27063, -51.727407 ], [ -61.276498, -51.728456 ], [ -61.27062, -51.726132 ], [ -61.27063, -51.727407 ] ] ], [ [ [ -59.011277, -51.722474 ], [ -59.012626, -51.724086 ], [ -59.011878, -51.722074 ], [ -59.011277, -51.722474 ] ] ], [ [ [ -61.233132, -51.721225 ], [ -61.235039, -51.720675 ], [ -61.233859, -51.719628 ], [ -61.233132, -51.721225 ] ] ], [ [ [ -59.198574, -51.715872 ], [ -59.200515, -51.718994 ], [ -59.200464, -51.713869 ], [ -59.198574, -51.715872 ] ] ], [ [ [ -59.01161, -51.717231 ], [ -59.01333, -51.720794 ], [ -59.014, -51.712824 ], [ -59.01161, -51.717231 ] ] ], [ [ [ -61.276991, -51.708617 ], [ -61.281074, -51.710716 ], [ -61.281688, -51.708574 ], [ -61.276991, -51.708617 ] ] ], [ [ [ -60.048013, -51.698734 ], [ -60.045181, -51.69866 ], [ -60.043915, -51.699183 ], [ -60.048013, -51.698734 ] ] ], [ [ [ -60.041678, -51.698326 ], [ -60.038071, -51.699488 ], [ -60.043595, -51.699352 ], [ -60.041678, -51.698326 ] ] ], [ [ [ -60.05469, -51.696296 ], [ -60.055661, -51.696817 ], [ -60.055661, -51.696261 ], [ -60.05469, -51.696296 ] ] ], [ [ [ -60.058731, -51.692684 ], [ -60.059467, -51.692954 ], [ -60.05939, -51.692509 ], [ -60.058731, -51.692684 ] ] ], [ [ [ -60.062248, -51.692013 ], [ -60.062736, -51.692192 ], [ -60.062521, -51.691785 ], [ -60.062248, -51.692013 ] ] ], [ [ [ -59.035693, -51.689918 ], [ -59.034177, -51.691218 ], [ -59.034852, -51.691298 ], [ -59.035693, -51.689918 ] ] ], [ [ [ -59.037714, -51.688851 ], [ -59.037159, -51.689255 ], [ -59.038038, -51.688745 ], [ -59.037714, -51.688851 ] ] ], [ [ [ -60.138269, -51.685822 ], [ -60.139045, -51.68605 ], [ -60.138974, -51.685711 ], [ -60.138269, -51.685822 ] ] ], [ [ [ -59.08214, -51.687202 ], [ -59.076612, -51.686405 ], [ -59.075089, -51.690783 ], [ -59.08214, -51.687202 ] ] ], [ [ [ -60.114544, -51.685252 ], [ -60.11353, -51.683603 ], [ -60.112974, -51.684631 ], [ -60.114544, -51.685252 ] ] ], [ [ [ -60.112038, -51.683139 ], [ -60.112229, -51.683522 ], [ -60.112337, -51.683298 ], [ -60.112038, -51.683139 ] ] ], [ [ [ -60.097041, -51.681971 ], [ -60.097344, -51.682361 ], [ -60.09747, -51.682041 ], [ -60.097041, -51.681971 ] ] ], [ [ [ -60.121683, -51.681873 ], [ -60.118537, -51.686793 ], [ -60.122122, -51.682034 ], [ -60.121683, -51.681873 ] ] ], [ [ [ -60.117513, -51.680369 ], [ -60.11775, -51.680995 ], [ -60.117992, -51.680819 ], [ -60.117513, -51.680369 ] ] ], [ [ [ -59.067314, -51.679343 ], [ -59.059231, -51.688511 ], [ -59.069871, -51.680197 ], [ -59.067314, -51.679343 ] ] ], [ [ [ -60.108964, -51.680229 ], [ -60.111284, -51.677816 ], [ -60.110477, -51.677116 ], [ -60.108964, -51.680229 ] ] ], [ [ [ -61.258219, -51.677873 ], [ -61.249567, -51.690617 ], [ -61.21201, -51.689866 ], [ -61.210849, -51.701801 ], [ -61.256058, -51.699736 ], [ -61.24004, -51.718029 ], [ -61.269858, -51.698483 ], [ -61.293474, -51.706454 ], [ -61.279667, -51.721512 ], [ -61.300161, -51.721523 ], [ -61.304675, -51.739786 ], [ -61.275194, -51.745342 ], [ -61.296367, -51.764152 ], [ -61.332993, -51.692345 ], [ -61.277158, -51.695605 ], [ -61.258219, -51.677873 ] ] ], [ [ [ -57.692922, -51.675236 ], [ -57.686973, -51.676426 ], [ -57.694052, -51.676039 ], [ -57.692922, -51.675236 ] ] ], [ [ [ -60.099858, -51.67336 ], [ -60.100692, -51.673974 ], [ -60.100797, -51.673583 ], [ -60.099858, -51.67336 ] ] ], [ [ [ -57.76006, -51.673586 ], [ -57.762706, -51.673567 ], [ -57.759927, -51.673358 ], [ -57.76006, -51.673586 ] ] ], [ [ [ -57.726062, -51.672501 ], [ -57.724806, -51.674271 ], [ -57.733324, -51.67303 ], [ -57.726062, -51.672501 ] ] ], [ [ [ -57.749685, -51.673244 ], [ -57.742401, -51.67097 ], [ -57.740187, -51.672615 ], [ -57.749685, -51.673244 ] ] ], [ [ [ -60.183432, -51.669492 ], [ -60.183887, -51.670198 ], [ -60.184031, -51.66987 ], [ -60.183432, -51.669492 ] ] ], [ [ [ -61.24225, -51.667624 ], [ -61.235669, -51.671154 ], [ -61.247352, -51.667948 ], [ -61.24225, -51.667624 ] ] ], [ [ [ -57.917733, -51.664083 ], [ -57.917839, -51.664735 ], [ -57.918012, -51.664106 ], [ -57.917733, -51.664083 ] ] ], [ [ [ -59.543606, -51.664411 ], [ -59.557101, -51.671293 ], [ -59.538109, -51.658849 ], [ -59.543606, -51.664411 ] ] ], [ [ [ -60.261548, -51.658941 ], [ -60.260139, -51.660749 ], [ -60.263461, -51.659978 ], [ -60.261548, -51.658941 ] ] ], [ [ [ -60.247, -51.655535 ], [ -60.247421, -51.656254 ], [ -60.247635, -51.655719 ], [ -60.247, -51.655535 ] ] ], [ [ [ -61.237821, -51.654196 ], [ -61.2262, -51.653568 ], [ -61.227414, -51.663405 ], [ -61.237821, -51.654196 ] ] ], [ [ [ -60.301585, -51.645466 ], [ -60.304252, -51.651589 ], [ -60.3077, -51.647286 ], [ -60.301585, -51.645466 ] ] ], [ [ [ -60.342656, -51.630971 ], [ -60.3536, -51.641734 ], [ -60.361619, -51.636345 ], [ -60.342656, -51.630971 ] ] ], [ [ [ -57.760451, -51.62258 ], [ -57.742054, -51.622862 ], [ -57.742138, -51.625207 ], [ -57.760451, -51.62258 ] ] ], [ [ [ -59.13132, -51.619097 ], [ -59.132065, -51.620711 ], [ -59.135293, -51.61947 ], [ -59.13132, -51.619097 ] ] ], [ [ [ -59.131759, -51.616234 ], [ -59.13066, -51.616819 ], [ -59.132047, -51.61727 ], [ -59.131759, -51.616234 ] ] ], [ [ [ -60.455664, -51.605539 ], [ -60.43325, -51.605697 ], [ -60.417873, -51.627554 ], [ -60.444871, -51.624142 ], [ -60.455664, -51.605539 ] ] ], [ [ [ -57.794622, -51.60418 ], [ -57.789368, -51.60479 ], [ -57.783988, -51.606893 ], [ -57.794622, -51.60418 ] ] ], [ [ [ -60.696663, -51.603624 ], [ -60.656789, -51.659162 ], [ -60.682793, -51.676224 ], [ -60.694073, -51.667472 ], [ -60.68453, -51.625291 ], [ -60.696663, -51.603624 ] ] ], [ [ [ -59.149906, -51.604828 ], [ -59.147659, -51.603643 ], [ -59.14575, -51.603932 ], [ -59.149906, -51.604828 ] ] ], [ [ [ -60.465714, -51.59909 ], [ -60.468047, -51.600071 ], [ -60.469085, -51.598345 ], [ -60.465714, -51.59909 ] ] ], [ [ [ -60.298833, -51.598149 ], [ -60.299713, -51.598996 ], [ -60.299767, -51.598471 ], [ -60.298833, -51.598149 ] ] ], [ [ [ -59.188411, -51.593376 ], [ -59.189784, -51.595069 ], [ -59.190623, -51.594268 ], [ -59.188411, -51.593376 ] ] ], [ [ [ -60.729781, -51.5902 ], [ -60.725246, -51.589001 ], [ -60.724856, -51.589468 ], [ -60.729781, -51.5902 ] ] ], [ [ [ -60.479146, -51.586258 ], [ -60.480443, -51.589387 ], [ -60.482287, -51.5842 ], [ -60.479146, -51.586258 ] ] ], [ [ [ -59.216527, -51.593324 ], [ -59.204301, -51.583781 ], [ -59.202302, -51.585752 ], [ -59.216527, -51.593324 ] ] ], [ [ [ -59.193503, -51.586975 ], [ -59.184799, -51.586778 ], [ -59.182956, -51.590865 ], [ -59.193503, -51.586975 ] ] ], [ [ [ -60.314855, -51.577686 ], [ -60.318371, -51.579833 ], [ -60.320841, -51.578961 ], [ -60.314855, -51.577686 ] ] ], [ [ [ -60.4808, -51.577431 ], [ -60.483011, -51.581642 ], [ -60.482382, -51.57592 ], [ -60.4808, -51.577431 ] ] ], [ [ [ -58.111866, -51.573852 ], [ -58.113319, -51.573911 ], [ -58.110724, -51.573586 ], [ -58.111866, -51.573852 ] ] ], [ [ [ -60.819021, -51.574233 ], [ -60.761291, -51.57128 ], [ -60.731248, -51.586839 ], [ -60.803364, -51.582929 ], [ -60.819021, -51.574233 ] ] ], [ [ [ -60.846382, -51.566407 ], [ -60.832093, -51.575021 ], [ -60.848504, -51.576584 ], [ -60.846382, -51.566407 ] ] ], [ [ [ -58.231922, -51.566163 ], [ -58.23236, -51.56624 ], [ -58.231762, -51.565006 ], [ -58.231922, -51.566163 ] ] ], [ [ [ -60.88767, -51.556438 ], [ -60.868063, -51.558687 ], [ -60.855523, -51.564005 ], [ -60.875313, -51.568053 ], [ -60.88767, -51.556438 ] ] ], [ [ [ -58.421625, -51.554176 ], [ -58.421554, -51.554833 ], [ -58.422553, -51.554405 ], [ -58.421625, -51.554176 ] ] ], [ [ [ -58.422051, -51.550926 ], [ -58.421397, -51.551178 ], [ -58.422482, -51.551107 ], [ -58.422051, -51.550926 ] ] ], [ [ [ -58.095465, -51.553205 ], [ -58.057179, -51.552826 ], [ -58.038594, -51.56162 ], [ -58.095465, -51.553205 ] ] ], [ [ [ -60.507249, -51.555842 ], [ -60.48166, -51.553501 ], [ -60.49143, -51.569876 ], [ -60.507249, -51.555842 ] ] ], [ [ [ -58.092278, -51.547386 ], [ -58.090127, -51.548015 ], [ -58.092507, -51.547577 ], [ -58.092278, -51.547386 ] ] ], [ [ [ -58.138333, -51.546429 ], [ -58.138447, -51.546924 ], [ -58.138999, -51.546715 ], [ -58.138333, -51.546429 ] ] ], [ [ [ -58.343444, -51.545356 ], [ -58.34647, -51.545889 ], [ -58.347327, -51.543205 ], [ -58.343444, -51.545356 ] ] ], [ [ [ -58.067063, -51.543031 ], [ -58.067856, -51.543237 ], [ -58.069054, -51.543122 ], [ -58.067063, -51.543031 ] ] ], [ [ [ -58.286043, -51.54012 ], [ -58.276088, -51.547406 ], [ -58.285214, -51.548074 ], [ -58.286043, -51.54012 ] ] ], [ [ [ -58.092842, -51.538317 ], [ -58.085026, -51.540115 ], [ -58.076189, -51.542865 ], [ -58.092842, -51.538317 ] ] ], [ [ [ -59.155632, -51.535754 ], [ -59.155392, -51.538757 ], [ -59.156393, -51.538757 ], [ -59.155632, -51.535754 ] ] ], [ [ [ -58.107745, -51.535095 ], [ -58.105945, -51.537677 ], [ -58.110121, -51.537011 ], [ -58.107745, -51.535095 ] ] ], [ [ [ -58.097667, -51.534977 ], [ -58.098702, -51.534654 ], [ -58.097872, -51.534007 ], [ -58.097667, -51.534977 ] ] ], [ [ [ -58.346565, -51.533554 ], [ -58.361699, -51.534487 ], [ -58.34767, -51.529709 ], [ -58.346565, -51.533554 ] ] ], [ [ [ -58.347164, -51.522952 ], [ -58.346624, -51.526425 ], [ -58.349067, -51.525465 ], [ -58.347164, -51.522952 ] ] ], [ [ [ -57.737141, -51.513172 ], [ -57.722359, -51.515343 ], [ -57.718135, -51.517365 ], [ -57.737141, -51.513172 ] ] ], [ [ [ -60.106065, -51.496325 ], [ -60.106647, -51.49806 ], [ -60.107918, -51.497711 ], [ -60.106065, -51.496325 ] ] ], [ [ [ -59.050747, -51.48884 ], [ -59.047767, -51.489904 ], [ -59.051055, -51.489048 ], [ -59.050747, -51.48884 ] ] ], [ [ [ -60.532881, -51.491488 ], [ -60.512673, -51.494374 ], [ -60.528556, -51.500799 ], [ -60.532881, -51.491488 ] ] ], [ [ [ -59.075676, -51.48287 ], [ -59.05924, -51.484918 ], [ -59.093969, -51.488666 ], [ -59.075676, -51.48287 ] ] ], [ [ [ -60.520106, -51.484071 ], [ -60.503549, -51.48439 ], [ -60.498528, -51.486698 ], [ -60.520106, -51.484071 ] ] ], [ [ [ -60.144535, -51.480971 ], [ -60.143185, -51.481916 ], [ -60.144619, -51.481531 ], [ -60.144535, -51.480971 ] ] ], [ [ [ -60.563949, -51.474867 ], [ -60.565841, -51.479519 ], [ -60.568601, -51.476247 ], [ -60.563949, -51.474867 ] ] ], [ [ [ -58.535301, -51.473574 ], [ -58.537756, -51.47427 ], [ -58.537887, -51.473473 ], [ -58.535301, -51.473574 ] ] ], [ [ [ -60.554052, -51.473255 ], [ -60.552803, -51.474111 ], [ -60.554188, -51.473747 ], [ -60.554052, -51.473255 ] ] ], [ [ [ -58.513204, -51.467116 ], [ -58.509396, -51.46936 ], [ -58.517659, -51.467389 ], [ -58.513204, -51.467116 ] ] ], [ [ [ -58.369437, -51.46587 ], [ -58.365252, -51.467378 ], [ -58.364439, -51.469466 ], [ -58.369437, -51.46587 ] ] ], [ [ [ -58.400532, -51.466856 ], [ -58.386746, -51.466685 ], [ -58.380873, -51.468833 ], [ -58.400532, -51.466856 ] ] ], [ [ [ -60.728083, -51.463819 ], [ -60.698869, -51.471945 ], [ -60.691159, -51.476711 ], [ -60.697073, -51.482795 ], [ -60.703511, -51.483868 ], [ -60.728083, -51.463819 ] ] ], [ [ [ -58.492111, -51.449425 ], [ -58.491883, -51.45786 ], [ -58.496304, -51.455616 ], [ -58.492111, -51.449425 ] ] ], [ [ [ -59.247536, -51.449205 ], [ -59.257791, -51.454073 ], [ -59.259469, -51.45379 ], [ -59.247536, -51.449205 ] ] ], [ [ [ -58.32984, -51.447648 ], [ -58.332117, -51.447611 ], [ -58.329812, -51.447034 ], [ -58.32984, -51.447648 ] ] ], [ [ [ -59.247784, -51.44338 ], [ -59.254299, -51.445471 ], [ -59.247641, -51.443014 ], [ -59.247784, -51.44338 ] ] ], [ [ [ -60.136546, -51.441674 ], [ -60.137441, -51.442312 ], [ -60.137565, -51.441484 ], [ -60.136546, -51.441674 ] ] ], [ [ [ -58.349607, -51.437147 ], [ -58.349912, -51.437585 ], [ -58.350045, -51.437185 ], [ -58.349607, -51.437147 ] ] ], [ [ [ -59.696996, -51.436781 ], [ -59.699395, -51.438005 ], [ -59.699578, -51.437257 ], [ -59.696996, -51.436781 ] ] ], [ [ [ -59.744579, -51.438699 ], [ -59.730909, -51.438164 ], [ -59.738226, -51.439627 ], [ -59.744579, -51.438699 ] ] ], [ [ [ -60.115721, -51.430365 ], [ -60.109553, -51.430367 ], [ -60.109119, -51.430734 ], [ -60.115721, -51.430365 ] ] ], [ [ [ -59.70937, -51.429333 ], [ -59.715363, -51.438192 ], [ -59.718377, -51.430006 ], [ -59.70937, -51.429333 ] ] ], [ [ [ -59.680882, -51.436994 ], [ -59.663987, -51.434965 ], [ -59.676545, -51.437585 ], [ -59.680882, -51.436994 ] ] ], [ [ [ -59.679246, -51.421503 ], [ -59.681297, -51.425325 ], [ -59.683076, -51.424913 ], [ -59.679246, -51.421503 ] ] ], [ [ [ -58.31099, -51.421442 ], [ -58.310376, -51.428852 ], [ -58.314626, -51.42479 ], [ -58.31099, -51.421442 ] ] ], [ [ [ -60.084153, -51.416769 ], [ -60.08664, -51.416519 ], [ -60.087033, -51.41621 ], [ -60.084153, -51.416769 ] ] ], [ [ [ -60.158956, -51.413602 ], [ -60.125132, -51.414018 ], [ -60.106382, -51.427653 ], [ -60.158956, -51.413602 ] ] ], [ [ [ -59.642781, -51.409944 ], [ -59.655678, -51.422609 ], [ -59.662095, -51.415708 ], [ -59.642781, -51.409944 ] ] ], [ [ [ -59.822015, -51.407655 ], [ -59.819017, -51.410617 ], [ -59.822572, -51.407883 ], [ -59.822015, -51.407655 ] ] ], [ [ [ -60.102098, -51.407198 ], [ -60.10042, -51.406912 ], [ -60.099552, -51.407543 ], [ -60.102098, -51.407198 ] ] ], [ [ [ -60.086271, -51.405877 ], [ -60.088327, -51.406034 ], [ -60.088402, -51.405694 ], [ -60.086271, -51.405877 ] ] ], [ [ [ -60.178712, -51.4056 ], [ -60.180913, -51.405196 ], [ -60.178343, -51.40453 ], [ -60.178712, -51.4056 ] ] ], [ [ [ -59.602222, -51.405629 ], [ -59.594132, -51.426093 ], [ -59.642048, -51.419133 ], [ -59.638299, -51.40909 ], [ -59.602222, -51.405629 ] ] ], [ [ [ -59.876834, -51.403028 ], [ -59.886378, -51.406412 ], [ -59.887502, -51.405803 ], [ -59.876834, -51.403028 ] ] ], [ [ [ -60.207551, -51.402227 ], [ -60.201709, -51.404476 ], [ -60.212132, -51.407343 ], [ -60.207551, -51.402227 ] ] ], [ [ [ -60.093643, -51.401026 ], [ -60.090835, -51.402621 ], [ -60.094285, -51.401693 ], [ -60.093643, -51.401026 ] ] ], [ [ [ -60.10946, -51.400792 ], [ -60.111423, -51.401459 ], [ -60.114349, -51.398782 ], [ -60.10946, -51.400792 ] ] ], [ [ [ -59.868499, -51.398224 ], [ -59.871571, -51.398844 ], [ -59.872881, -51.398772 ], [ -59.868499, -51.398224 ] ] ], [ [ [ -59.888936, -51.397727 ], [ -59.888618, -51.399352 ], [ -59.890731, -51.398404 ], [ -59.888936, -51.397727 ] ] ], [ [ [ -59.78682, -51.395928 ], [ -59.779396, -51.397089 ], [ -59.789142, -51.396727 ], [ -59.78682, -51.395928 ] ] ], [ [ [ -59.612225, -51.396299 ], [ -59.617768, -51.397005 ], [ -59.61329, -51.394762 ], [ -59.612225, -51.396299 ] ] ], [ [ [ -59.790017, -51.39413 ], [ -59.784139, -51.393897 ], [ -59.779291, -51.394051 ], [ -59.790017, -51.39413 ] ] ], [ [ [ -59.831124, -51.394003 ], [ -59.812032, -51.393189 ], [ -59.832452, -51.39502 ], [ -59.831124, -51.394003 ] ] ], [ [ [ -59.806054, -51.392274 ], [ -59.805578, -51.394463 ], [ -59.807569, -51.392502 ], [ -59.806054, -51.392274 ] ] ], [ [ [ -58.317415, -51.392453 ], [ -58.312189, -51.395937 ], [ -58.32037, -51.395723 ], [ -58.317415, -51.392453 ] ] ], [ [ [ -59.759054, -51.395247 ], [ -59.751244, -51.395177 ], [ -59.755341, -51.405015 ], [ -59.759054, -51.395247 ] ] ], [ [ [ -59.676466, -51.391645 ], [ -59.682291, -51.395509 ], [ -59.684714, -51.395242 ], [ -59.676466, -51.391645 ] ] ], [ [ [ -58.319628, -51.39124 ], [ -58.321884, -51.390854 ], [ -58.318814, -51.390255 ], [ -58.319628, -51.39124 ] ] ], [ [ [ -59.682874, -51.389148 ], [ -59.67856, -51.389003 ], [ -59.683008, -51.389701 ], [ -59.682874, -51.389148 ] ] ], [ [ [ -59.740068, -51.406656 ], [ -59.68758, -51.390297 ], [ -59.696559, -51.398871 ], [ -59.684007, -51.407911 ], [ -59.724779, -51.422055 ], [ -59.740068, -51.406656 ] ] ], [ [ [ -59.760633, -51.388319 ], [ -59.763856, -51.394403 ], [ -59.776834, -51.393354 ], [ -59.760633, -51.388319 ] ] ], [ [ [ -60.092219, -51.388769 ], [ -60.090249, -51.38727 ], [ -60.088721, -51.388784 ], [ -60.092219, -51.388769 ] ] ], [ [ [ -57.891135, -51.385791 ], [ -57.89129, -51.386433 ], [ -57.892218, -51.386148 ], [ -57.891135, -51.385791 ] ] ], [ [ [ -59.642827, -51.388742 ], [ -59.667646, -51.391607 ], [ -59.666111, -51.399548 ], [ -59.674809, -51.404682 ], [ -59.67037, -51.389303 ], [ -59.642827, -51.388742 ] ] ], [ [ [ -59.986254, -51.384678 ], [ -59.985706, -51.386219 ], [ -59.987559, -51.385134 ], [ -59.986254, -51.384678 ] ] ], [ [ [ -59.98057, -51.385259 ], [ -59.976738, -51.383253 ], [ -59.975328, -51.384426 ], [ -59.98057, -51.385259 ] ] ], [ [ [ -59.76032, -51.381715 ], [ -59.763421, -51.380113 ], [ -59.758561, -51.380544 ], [ -59.76032, -51.381715 ] ] ], [ [ [ -59.995506, -51.378881 ], [ -59.993812, -51.382425 ], [ -59.999339, -51.38116 ], [ -59.995506, -51.378881 ] ] ], [ [ [ -59.7581, -51.376044 ], [ -59.761839, -51.378378 ], [ -59.763175, -51.377342 ], [ -59.7581, -51.376044 ] ] ], [ [ [ -59.677365, -51.37561 ], [ -59.67778, -51.38671 ], [ -59.754188, -51.388103 ], [ -59.677365, -51.37561 ] ] ], [ [ [ -60.00911, -51.37542 ], [ -60.010879, -51.378203 ], [ -60.011421, -51.376538 ], [ -60.00911, -51.37542 ] ] ], [ [ [ -59.873373, -51.374925 ], [ -59.876409, -51.379655 ], [ -59.886247, -51.380016 ], [ -59.873373, -51.374925 ] ] ], [ [ [ -59.714778, -51.374963 ], [ -59.721213, -51.37475 ], [ -59.722735, -51.372854 ], [ -59.714778, -51.374963 ] ] ], [ [ [ -59.753773, -51.374513 ], [ -59.754885, -51.376134 ], [ -59.756264, -51.374692 ], [ -59.767365, -51.375948 ], [ -59.761067, -51.372274 ], [ -59.753773, -51.374513 ] ] ], [ [ [ -59.973347, -51.377661 ], [ -59.956971, -51.374433 ], [ -59.963794, -51.379422 ], [ -59.973347, -51.377661 ] ] ], [ [ [ -59.718476, -51.370889 ], [ -59.701935, -51.371648 ], [ -59.701645, -51.372414 ], [ -59.718476, -51.370889 ] ] ], [ [ [ -59.908197, -51.371497 ], [ -59.912096, -51.371265 ], [ -59.907884, -51.370677 ], [ -59.908197, -51.371497 ] ] ], [ [ [ -59.920686, -51.369989 ], [ -59.907816, -51.375301 ], [ -59.911319, -51.376381 ], [ -59.920686, -51.369989 ] ] ], [ [ [ -59.670419, -51.380846 ], [ -59.622868, -51.369032 ], [ -59.590135, -51.371603 ], [ -59.670419, -51.380846 ] ] ], [ [ [ -59.77284, -51.367422 ], [ -59.774001, -51.369426 ], [ -59.774412, -51.369159 ], [ -59.77284, -51.367422 ] ] ], [ [ [ -59.932585, -51.368327 ], [ -59.935633, -51.366551 ], [ -59.932549, -51.367292 ], [ -59.932585, -51.368327 ] ] ], [ [ [ -59.832589, -51.366159 ], [ -59.83424, -51.379219 ], [ -59.871264, -51.373247 ], [ -59.861402, -51.366401 ], [ -59.832589, -51.366159 ] ] ], [ [ [ -59.910935, -51.367046 ], [ -59.914198, -51.367524 ], [ -59.914138, -51.366048 ], [ -59.910935, -51.367046 ] ] ], [ [ [ -59.89231, -51.365542 ], [ -59.89683, -51.378551 ], [ -59.907171, -51.373589 ], [ -59.89231, -51.365542 ] ] ], [ [ [ -59.785804, -51.365768 ], [ -59.790209, -51.366928 ], [ -59.790872, -51.366289 ], [ -59.785804, -51.365768 ] ] ], [ [ [ -57.955398, -51.363956 ], [ -57.957505, -51.364953 ], [ -57.957592, -51.364753 ], [ -57.955398, -51.363956 ] ] ], [ [ [ -59.793938, -51.364359 ], [ -59.791572, -51.366512 ], [ -59.794412, -51.365614 ], [ -59.793938, -51.364359 ] ] ], [ [ [ -59.775144, -51.366142 ], [ -59.771051, -51.364001 ], [ -59.766054, -51.363525 ], [ -59.775144, -51.366142 ] ] ], [ [ [ -59.897825, -51.362698 ], [ -59.907152, -51.369151 ], [ -59.90917, -51.367895 ], [ -59.897825, -51.362698 ] ] ], [ [ [ -59.720225, -51.363126 ], [ -59.723355, -51.363906 ], [ -59.72384, -51.362183 ], [ -59.720225, -51.363126 ] ] ], [ [ [ -60.164598, -51.362526 ], [ -60.159685, -51.361693 ], [ -60.159345, -51.362572 ], [ -60.164598, -51.362526 ] ] ], [ [ [ -59.795807, -51.358249 ], [ -59.79675, -51.358076 ], [ -59.79588, -51.358019 ], [ -59.795807, -51.358249 ] ] ], [ [ [ -59.658677, -51.35592 ], [ -59.660977, -51.359129 ], [ -59.662995, -51.357515 ], [ -59.658677, -51.35592 ] ] ], [ [ [ -60.412742, -51.357632 ], [ -60.38378, -51.359538 ], [ -60.369646, -51.371712 ], [ -60.412742, -51.357632 ] ] ], [ [ [ -59.886871, -51.354413 ], [ -59.890842, -51.35824 ], [ -59.893554, -51.357694 ], [ -59.886871, -51.354413 ] ] ], [ [ [ -59.826258, -51.352263 ], [ -59.827673, -51.352775 ], [ -59.827716, -51.352418 ], [ -59.826258, -51.352263 ] ] ], [ [ [ -59.823876, -51.352432 ], [ -59.82569, -51.351564 ], [ -59.823967, -51.351953 ], [ -59.823876, -51.352432 ] ] ], [ [ [ -59.657288, -51.347658 ], [ -59.661029, -51.354111 ], [ -59.661981, -51.350217 ], [ -59.657288, -51.347658 ] ] ], [ [ [ -59.619554, -51.346073 ], [ -59.613976, -51.346437 ], [ -59.613088, -51.347581 ], [ -59.619554, -51.346073 ] ] ], [ [ [ -59.846267, -51.344875 ], [ -59.8375, -51.356884 ], [ -59.855134, -51.348768 ], [ -59.846267, -51.344875 ] ] ], [ [ [ -59.871123, -51.344978 ], [ -59.87403, -51.345058 ], [ -59.86682, -51.34275 ], [ -59.871123, -51.344978 ] ] ], [ [ [ -60.447202, -51.341711 ], [ -60.448015, -51.343881 ], [ -60.448954, -51.341809 ], [ -60.447202, -51.341711 ] ] ], [ [ [ -59.625757, -51.337607 ], [ -59.626821, -51.348138 ], [ -59.633508, -51.344793 ], [ -59.625757, -51.337607 ] ] ], [ [ [ -59.854518, -51.336207 ], [ -59.846027, -51.336971 ], [ -59.861466, -51.341109 ], [ -59.854518, -51.336207 ] ] ], [ [ [ -59.386758, -51.337857 ], [ -59.228422, -51.402061 ], [ -59.18909, -51.399373 ], [ -59.292956, -51.43145 ], [ -59.266611, -51.445166 ], [ -59.289357, -51.450256 ], [ -59.271919, -51.458125 ], [ -59.286053, -51.457431 ], [ -59.292882, -51.464475 ], [ -59.200226, -51.438277 ], [ -59.335076, -51.525115 ], [ -59.330436, -51.492963 ], [ -59.367225, -51.486098 ], [ -59.353814, -51.507686 ], [ -59.373207, -51.498257 ], [ -59.416842, -51.512781 ], [ -59.459243, -51.520062 ], [ -59.47931, -51.526456 ], [ -59.480727, -51.519997 ], [ -59.486402, -51.517819 ], [ -59.496646, -51.520211 ], [ -59.47659, -51.5282 ], [ -59.376876, -51.502538 ], [ -59.353871, -51.509724 ], [ -59.402732, -51.53636 ], [ -59.368053, -51.527608 ], [ -59.38745, -51.549956 ], [ -59.346428, -51.52104 ], [ -59.338562, -51.528512 ], [ -59.385779, -51.579628 ], [ -59.389734, -51.605216 ], [ -59.440274, -51.634112 ], [ -59.480782, -51.633408 ], [ -59.441459, -51.585291 ], [ -59.536302, -51.647788 ], [ -59.533402, -51.63297 ], [ -59.499523, -51.608784 ], [ -59.502245, -51.60195 ], [ -59.591314, -51.660884 ], [ -59.603851, -51.687172 ], [ -59.543474, -51.646678 ], [ -59.607515, -51.730951 ], [ -59.636827, -51.731864 ], [ -59.665503, -51.744331 ], [ -59.619495, -51.743813 ], [ -59.63082, -51.755368 ], [ -59.726549, -51.813517 ], [ -59.726291, -51.804886 ], [ -59.753772, -51.805584 ], [ -59.765479, -51.812456 ], [ -59.772694, -51.820108 ], [ -59.7469, -51.81613 ], [ -59.835852, -51.898408 ], [ -59.858806, -51.963556 ], [ -59.900299, -51.979648 ], [ -59.919774, -51.966723 ], [ -60.005092, -52.005179 ], [ -60.018668, -52.0 ], [ -59.996719, -51.981834 ], [ -60.017745, -51.967533 ], [ -60.010418, -51.966316 ], [ -60.003037, -51.970427 ], [ -59.998138, -51.969314 ], [ -60.01579, -51.959767 ], [ -60.0767, -51.961513 ], [ -60.055895, -51.951628 ], [ -60.052451, -51.941844 ], [ -60.066561, -51.950077 ], [ -60.079182, -51.938055 ], [ -60.091755, -51.955082 ], [ -60.087472, -51.964529 ], [ -60.103427, -51.959519 ], [ -60.109366, -51.960437 ], [ -60.113384, -51.965477 ], [ -60.117156, -51.965238 ], [ -60.087824, -51.970795 ], [ -60.100074, -52.008278 ], [ -60.239051, -52.016762 ], [ -60.159236, -51.964763 ], [ -60.220531, -51.994508 ], [ -60.207292, -51.980301 ], [ -60.242174, -51.993745 ], [ -60.235488, -51.983704 ], [ -60.222611, -51.980147 ], [ -60.207753, -51.968009 ], [ -60.206498, -51.966554 ], [ -60.205716, -51.96271 ], [ -60.266629, -51.998079 ], [ -60.284954, -51.991189 ], [ -60.273712, -52.002057 ], [ -60.290502, -52.015078 ], [ -60.293747, -52.00655 ], [ -60.326697, -51.997407 ], [ -60.329810020999957, -51.97922441999998 ], [ -60.357624, -52.007369 ], [ -60.334922, -51.99351 ], [ -60.328018, -52.000064 ], [ -60.297284, -52.009967 ], [ -60.311537, -52.008468 ], [ -60.295116, -52.026369 ], [ -60.2845, -52.017622 ], [ -60.282508, -52.082008 ], [ -60.269629, -52.078895 ], [ -60.258033, -52.023903 ], [ -60.242347, -52.018593 ], [ -60.256507, -52.028602 ], [ -60.266092, -52.089894 ], [ -60.33284, -52.15368 ], [ -60.370459, -52.158837 ], [ -60.384403, -52.136669 ], [ -60.370032, -52.116432 ], [ -60.376624, -52.107521 ], [ -60.347388, -52.114113 ], [ -60.327888, -52.101377 ], [ -60.407392, -52.091946 ], [ -60.380906, -52.112515 ], [ -60.393101, -52.136429 ], [ -60.408593, -52.120217 ], [ -60.458296, -52.102767 ], [ -60.504394, -52.112874 ], [ -60.404578, -52.124855 ], [ -60.367179, -52.175506 ], [ -60.407247, -52.173208 ], [ -60.4156, -52.144658 ], [ -60.465186, -52.159767 ], [ -60.443213, -52.169655 ], [ -60.466284, -52.178566 ], [ -60.47837, -52.172401 ], [ -60.473357, -52.14966 ], [ -60.49102, -52.155698 ], [ -60.485832, -52.166342 ], [ -60.508399, -52.158119 ], [ -60.545508, -52.113014 ], [ -60.585975, -52.126076 ], [ -60.557715, -52.137977 ], [ -60.577185, -52.164039 ], [ -60.544715, -52.136513 ], [ -60.524146, -52.155128 ], [ -60.535132, -52.167213 ], [ -60.519324, -52.159218 ], [ -60.489478, -52.177772 ], [ -60.512244, -52.189979 ], [ -60.551001, -52.184181 ], [ -60.551398, -52.188985 ], [ -60.503463, -52.203446 ], [ -60.595008, -52.234901 ], [ -60.604419, -52.251529 ], [ -60.622474, -52.232338 ], [ -60.614661, -52.257667 ], [ -60.65055, -52.259865 ], [ -60.681433, -52.235451 ], [ -60.66648, -52.222755 ], [ -60.696631, -52.210792 ], [ -60.673194, -52.199806 ], [ -60.673316, -52.204078 ], [ -60.665931, -52.201088 ], [ -60.64646, -52.213661 ], [ -60.631934, -52.214638 ], [ -60.642066, -52.207802 ], [ -60.633826, -52.207802 ], [ -60.631263, -52.204933 ], [ -60.665076, -52.19297 ], [ -60.632553, -52.183182 ], [ -60.629311, -52.175393 ], [ -60.672095, -52.192421 ], [ -60.696936, -52.179237 ], [ -60.66786, -52.164259 ], [ -60.661414, -52.154335 ], [ -60.702874, -52.173638 ], [ -60.701575, -52.141701 ], [ -60.717505, -52.160438 ], [ -60.743933, -52.147987 ], [ -60.715679, -52.129786 ], [ -60.663415, -52.141021 ], [ -60.71282, -52.117899 ], [ -60.715875, -52.103109 ], [ -60.747304, -52.124681 ], [ -60.764948, -52.110015 ], [ -60.811011, -52.112343 ], [ -60.814673, -52.097938 ], [ -60.850517, -52.107622 ], [ -60.84458, -52.12754 ], [ -60.795341, -52.140708 ], [ -60.769792, -52.167842 ], [ -60.719345, -52.176718 ], [ -60.799476, -52.18943 ], [ -60.825842, -52.173361 ], [ -60.817847, -52.151405 ], [ -60.859404, -52.146078 ], [ -60.858863, -52.124306 ], [ -60.933658, -52.116712 ], [ -60.946997, -52.090248 ], [ -60.978635, -52.087431 ], [ -60.973609, -52.078041 ], [ -60.997779, -52.073455 ], [ -61.022831, -52.043016 ], [ -61.012795, -52.075348 ], [ -61.047626, -52.072975 ], [ -61.043086, -52.013613 ], [ -61.079257, -52.01645 ], [ -61.024085, -52.007606 ], [ -61.00433, -52.0186 ], [ -61.004493, -52.039955 ], [ -60.975918, -52.049399 ], [ -60.896704, -52.037086 ], [ -60.893286, -52.058754 ], [ -60.917517, -52.067787 ], [ -60.8823, -52.07328 ], [ -60.920141, -52.08329 ], [ -60.876685, -52.073402 ], [ -60.856546, -52.085168 ], [ -60.804971, -52.058204 ], [ -60.87052, -52.0709 ], [ -60.896277, -52.028419 ], [ -60.859629, -52.042026 ], [ -60.745496, -52.01771 ], [ -60.748019, -52.001054 ], [ -60.791158, -52.000412 ], [ -60.791192, -51.989795 ], [ -60.825113, -52.000079 ], [ -60.821035, -51.987201 ], [ -60.838555, -51.984645 ], [ -60.826761, -51.983331 ], [ -60.828444, -51.976094 ], [ -60.856465, -51.96462 ], [ -60.846043, -51.954031 ], [ -60.745297, -51.961717 ], [ -60.755194, -51.979036 ], [ -60.704321, -51.964212 ], [ -60.728354, -51.985556 ], [ -60.707534, -51.98558 ], [ -60.732154, -52.002113 ], [ -60.712256, -52.005104 ], [ -60.721839, -52.012367 ], [ -60.69181, -52.004127 ], [ -60.702479, -51.974855 ], [ -60.69051, -51.969953 ], [ -60.681311, -52.013649 ], [ -60.696753, -52.02018 ], [ -60.675376, -52.037233 ], [ -60.689795, -52.039406 ], [ -60.683451, -52.046973 ], [ -60.686194, -52.040504 ], [ -60.644938, -52.041642 ], [ -60.639075, -52.037758 ], [ -60.676854, -52.032271 ], [ -60.653659, -52.022558 ], [ -60.671201, -52.015379 ], [ -60.65395, -52.009043 ], [ -60.669639, -52.003999 ], [ -60.673313, -51.975283 ], [ -60.649279, -51.968831 ], [ -60.624, -51.978679 ], [ -60.631353, -51.980362 ], [ -60.640102, -51.993992 ], [ -60.634432, -51.999434 ], [ -60.628048, -51.981162 ], [ -60.577578, -51.986913 ], [ -60.588025, -52.005492 ], [ -60.607445, -52.004786 ], [ -60.594938, -52.008269 ], [ -60.607864, -52.026505 ], [ -60.585421, -52.009297 ], [ -60.567755, -52.023155 ], [ -60.555797, -52.025916 ], [ -60.580853, -52.005919 ], [ -60.570782, -51.989481 ], [ -60.536632, -52.002655 ], [ -60.549547, -52.007867 ], [ -60.544989, -52.027267 ], [ -60.533644, -52.007279 ], [ -60.507356, -52.024182 ], [ -60.519119, -52.003472 ], [ -60.570335, -51.984327 ], [ -60.435645, -51.966968 ], [ -60.397136, -51.92587 ], [ -60.542803, -51.95426 ], [ -60.562857, -51.938217 ], [ -60.648351, -51.926272 ], [ -60.50575, -51.936052 ], [ -60.484848, -51.911618 ], [ -60.497977, -51.908414 ], [ -60.449976, -51.875995 ], [ -60.477768, -51.872378 ], [ -60.445669, -51.851129 ], [ -60.477729, -51.82536 ], [ -60.452436, -51.795269 ], [ -60.460312, -51.787867 ], [ -60.415651, -51.770173 ], [ -60.437321, -51.790382 ], [ -60.420641, -51.792762 ], [ -60.407346, -51.772637 ], [ -60.374629, -51.764951 ], [ -60.386669, -51.778871 ], [ -60.372535, -51.770733 ], [ -60.372125, -51.78597 ], [ -60.417767, -51.802377 ], [ -60.418661, -51.823378 ], [ -60.399422, -51.799018 ], [ -60.391071, -51.811541 ], [ -60.370679, -51.797407 ], [ -60.356712, -51.815277 ], [ -60.386349, -51.841486 ], [ -60.409198, -51.841324 ], [ -60.397385, -51.845515 ], [ -60.417459, -51.868163 ], [ -60.383326, -51.845768 ], [ -60.3598, -51.854883 ], [ -60.350527, -51.866749 ], [ -60.357842, -51.86666 ], [ -60.364017, -51.875995 ], [ -60.368554, -51.890418 ], [ -60.337911, -51.869126 ], [ -60.34447, -51.859784 ], [ -60.326963, -51.86535 ], [ -60.343954, -51.854606 ], [ -60.327314, -51.832729 ], [ -60.333889, -51.819134 ], [ -60.304158, -51.84042 ], [ -60.276471, -51.831058 ], [ -60.32848, -51.804699 ], [ -60.294446, -51.779252 ], [ -60.320437, -51.768341 ], [ -60.331407, -51.779737 ], [ -60.32384, -51.76079 ], [ -60.26729, -51.748963 ], [ -60.280819, -51.771712 ], [ -60.25564, -51.765224 ], [ -60.269536, -51.77862 ], [ -60.258519, -51.787829 ], [ -60.227491, -51.772957 ], [ -60.221947, -51.776955 ], [ -60.218187, -51.788566 ], [ -60.21372, -51.792881 ], [ -60.181672, -51.745857 ], [ -60.181186, -51.709371 ], [ -60.194721, -51.700676 ], [ -60.247519, -51.696306 ], [ -60.289398, -51.721075 ], [ -60.318055, -51.696461 ], [ -60.342658, -51.717139 ], [ -60.360837, -51.710881 ], [ -60.382324, -51.717448 ], [ -60.388509, -51.731386 ], [ -60.371521, -51.731225 ], [ -60.358466, -51.756081 ], [ -60.410876, -51.745122 ], [ -60.442847, -51.771137 ], [ -60.475909, -51.774742 ], [ -60.479677, -51.759725 ], [ -60.521675, -51.760698 ], [ -60.55035, -51.77837 ], [ -60.535226, -51.784506 ], [ -60.552921, -51.797775 ], [ -60.524617, -51.794027 ], [ -60.539656, -51.807483 ], [ -60.571116, -51.799307 ], [ -60.561404, -51.772219 ], [ -60.59165, -51.775274 ], [ -60.641238, -51.728256 ], [ -60.663248, -51.684712 ], [ -60.650209, -51.667247 ], [ -60.610908, -51.696366 ], [ -60.616468, -51.676146 ], [ -60.521139, -51.712502 ], [ -60.367672, -51.671458 ], [ -60.286956, -51.680627 ], [ -60.231229, -51.656642 ], [ -60.086671, -51.723219 ], [ -60.081911, -51.717815 ], [ -60.057332, -51.729592 ], [ -60.02496, -51.735503 ], [ -59.991635, -51.733804 ], [ -59.981641, -51.741251 ], [ -59.97415, -51.741896 ], [ -59.989658, -51.732265 ], [ -60.086337, -51.713626 ], [ -60.094079, -51.699965 ], [ -60.042598, -51.705179 ], [ -60.025509, -51.699253 ], [ -60.070767, -51.688722 ], [ -60.072556, -51.700729 ], [ -60.094253, -51.698407 ], [ -60.075455, -51.695099 ], [ -60.077902, -51.680843 ], [ -60.094423, -51.681741 ], [ -60.085679, -51.671938 ], [ -60.083977, -51.660359 ], [ -60.092481, -51.677793 ], [ -60.099253, -51.671271 ], [ -60.105725, -51.670343 ], [ -60.13573, -51.683502 ], [ -60.22296, -51.630729 ], [ -60.258806, -51.625608 ], [ -60.221432, -51.620026 ], [ -60.23164, -51.608822 ], [ -60.273852, -51.610131 ], [ -60.297985, -51.595844 ], [ -60.304988, -51.597716 ], [ -60.308224, -51.580022 ], [ -60.284893, -51.57915 ], [ -60.265607, -51.573565 ], [ -60.258844, -51.560552 ], [ -60.313799, -51.577418 ], [ -60.296971, -51.560948 ], [ -60.299854, -51.558878 ], [ -60.293907, -51.559045 ], [ -60.289982, -51.553436 ], [ -60.320999, -51.545163 ], [ -60.32811, -51.525332 ], [ -60.325985, -51.54162 ], [ -60.346789, -51.540004 ], [ -60.349802, -51.544433 ], [ -60.302011, -51.561499 ], [ -60.332925, -51.581057 ], [ -60.397969, -51.567599 ], [ -60.386197, -51.549037 ], [ -60.390417, -51.544006 ], [ -60.406002, -51.562135 ], [ -60.432549, -51.541548 ], [ -60.495032, -51.540073 ], [ -60.513706, -51.52671 ], [ -60.508638, -51.500141 ], [ -60.482083, -51.490599 ], [ -60.387166, -51.504876 ], [ -60.382473, -51.48655 ], [ -60.455076, -51.437704 ], [ -60.520726, -51.451695 ], [ -60.600105, -51.43956 ], [ -60.616605, -51.420013 ], [ -60.650359, -51.41448 ], [ -60.628373, -51.403773 ], [ -60.631299, -51.376409 ], [ -60.664755, -51.360824 ], [ -60.610306, -51.36031 ], [ -60.664343, -51.340204 ], [ -60.564825, -51.365288 ], [ -60.570953, -51.373269 ], [ -60.523098, -51.373611 ], [ -60.244378, -51.49402 ], [ -60.200429, -51.49828 ], [ -60.16469, -51.48298 ], [ -60.167712, -51.500059 ], [ -60.130952, -51.50724 ], [ -60.134066, -51.495044 ], [ -60.106536, -51.504657 ], [ -60.081181, -51.484076 ], [ -60.052404, -51.493463 ], [ -60.039413, -51.479519 ], [ -59.972423, -51.475558 ], [ -60.100046, -51.438216 ], [ -60.067626, -51.420965 ], [ -60.081188, -51.407997 ], [ -60.030446, -51.41598 ], [ -60.051642, -51.388213 ], [ -60.008769, -51.380563 ], [ -59.983002, -51.388378 ], [ -60.020055, -51.40337 ], [ -60.002214, -51.421576 ], [ -59.979739, -51.426174 ], [ -59.983718, -51.410507 ], [ -59.964701, -51.411097 ], [ -59.95958, -51.395298 ], [ -59.891128, -51.381832 ], [ -59.85991, -51.391517 ], [ -59.9006, -51.395444 ], [ -59.889831, -51.401832 ], [ -59.873544, -51.400571 ], [ -59.892615, -51.405067 ], [ -59.901465, -51.400307 ], [ -59.908486, -51.402903 ], [ -59.888305, -51.406967 ], [ -59.900531, -51.414957 ], [ -59.898877, -51.423499 ], [ -59.890662, -51.410743 ], [ -59.820799, -51.395243 ], [ -59.810237, -51.396205 ], [ -59.8752, -51.413492 ], [ -59.770633, -51.420489 ], [ -59.769648, -51.414893 ], [ -59.757693, -51.405564 ], [ -59.730268, -51.420934 ], [ -59.770471, -51.430787 ], [ -59.776938, -51.448171 ], [ -59.778347, -51.43062 ], [ -59.84145, -51.44354 ], [ -59.813635, -51.443517 ], [ -59.816504, -51.455421 ], [ -59.733423, -51.460625 ], [ -59.634878, -51.437095 ], [ -59.626638, -51.468594 ], [ -59.618947, -51.43476 ], [ -59.573569, -51.434332 ], [ -59.490199, -51.395637 ], [ -59.482437, -51.414773 ], [ -59.541924, -51.439997 ], [ -59.547805, -51.437051 ], [ -59.58849, -51.444706 ], [ -59.60121, -51.442081 ], [ -59.606802, -51.444996 ], [ -59.520423, -51.480812 ], [ -59.541602, -51.453102 ], [ -59.542876, -51.44216 ], [ -59.467494, -51.464646 ], [ -59.384665, -51.439448 ], [ -59.399085, -51.421119 ], [ -59.476797, -51.404673 ], [ -59.435835, -51.387881 ], [ -59.454102, -51.35518 ], [ -59.398274, -51.367672 ], [ -59.416864, -51.341796 ], [ -59.386758, -51.337857 ] ] ], [ [ [ -59.827847, -51.333018 ], [ -59.82973, -51.335016 ], [ -59.83417, -51.335113 ], [ -59.827847, -51.333018 ] ] ], [ [ [ -59.670985, -51.334135 ], [ -59.663421, -51.336134 ], [ -59.656661, -51.335008 ], [ -59.660617, -51.337766 ], [ -59.670985, -51.334135 ] ] ], [ [ [ -59.635399, -51.33882 ], [ -59.637078, -51.338171 ], [ -59.631421, -51.332441 ], [ -59.635399, -51.33882 ] ] ], [ [ [ -59.714385, -51.336487 ], [ -59.693149, -51.350109 ], [ -59.675451, -51.335803 ], [ -59.63394, -51.348309 ], [ -59.649486, -51.358557 ], [ -59.650854, -51.344072 ], [ -59.677801, -51.349663 ], [ -59.665402, -51.357551 ], [ -59.700424, -51.352382 ], [ -59.714385, -51.336487 ] ] ], [ [ [ -59.824988, -51.330265 ], [ -59.826107, -51.331952 ], [ -59.827252, -51.330158 ], [ -59.824988, -51.330265 ] ] ], [ [ [ -60.473223, -51.33205 ], [ -60.455076, -51.338026 ], [ -60.470577, -51.341711 ], [ -60.473223, -51.33205 ] ] ], [ [ [ -59.731088, -51.330865 ], [ -59.735224, -51.3306 ], [ -59.733796, -51.327402 ], [ -59.731088, -51.330865 ] ] ], [ [ [ -59.691245, -51.327802 ], [ -59.692604, -51.326789 ], [ -59.690591, -51.327415 ], [ -59.691245, -51.327802 ] ] ], [ [ [ -60.515605, -51.32642 ], [ -60.50979, -51.32634 ], [ -60.508255, -51.32759 ], [ -60.515605, -51.32642 ] ] ], [ [ [ -60.728782, -51.327044 ], [ -60.68221, -51.342279 ], [ -60.682717, -51.353998 ], [ -60.663736, -51.352415 ], [ -60.706977, -51.380413 ], [ -60.728782, -51.327044 ] ] ], [ [ [ -60.520486, -51.325615 ], [ -60.517131, -51.32546 ], [ -60.516084, -51.326114 ], [ -60.520486, -51.325615 ] ] ], [ [ [ -60.523691, -51.324698 ], [ -60.520924, -51.325373 ], [ -60.52371, -51.324853 ], [ -60.523691, -51.324698 ] ] ], [ [ [ -59.681339, -51.324697 ], [ -59.690438, -51.324876 ], [ -59.68128, -51.32424 ], [ -59.681339, -51.324697 ] ] ], [ [ [ -60.745511, -51.321811 ], [ -60.746153, -51.323624 ], [ -60.747887, -51.322798 ], [ -60.745511, -51.321811 ] ] ], [ [ [ -59.749364, -51.320877 ], [ -59.745049, -51.336271 ], [ -59.660322, -51.37061 ], [ -59.722272, -51.356624 ], [ -59.744748, -51.381881 ], [ -59.746158, -51.371167 ], [ -59.766296, -51.365663 ], [ -59.743963, -51.364072 ], [ -59.782996, -51.352103 ], [ -59.814928, -51.360289 ], [ -59.795036, -51.36243 ], [ -59.800392, -51.374082 ], [ -59.831895, -51.359396 ], [ -59.781187, -51.343775 ], [ -59.74964, -51.348244 ], [ -59.781595, -51.322238 ], [ -59.751771, -51.333461 ], [ -59.749364, -51.320877 ] ] ], [ [ [ -60.768502, -51.316504 ], [ -60.761785, -51.321446 ], [ -60.76914, -51.321977 ], [ -60.768502, -51.316504 ] ] ], [ [ [ -59.740549, -51.315704 ], [ -59.740769, -51.320536 ], [ -59.744856, -51.319616 ], [ -59.740549, -51.315704 ] ] ], [ [ [ -60.542993, -51.303608 ], [ -60.543806, -51.304649 ], [ -60.544972, -51.303303 ], [ -60.542993, -51.303608 ] ] ], [ [ [ -59.733092, -51.314619 ], [ -59.722022, -51.305715 ], [ -59.713605, -51.308412 ], [ -59.733092, -51.314619 ] ] ], [ [ [ -60.886058, -51.282958 ], [ -60.883443, -51.282309 ], [ -60.883398, -51.28272 ], [ -60.886058, -51.282958 ] ] ], [ [ [ -59.955362, -51.282165 ], [ -59.922797, -51.31513 ], [ -59.899683, -51.312388 ], [ -59.916547, -51.326518 ], [ -59.93005, -51.316227 ], [ -59.950008, -51.317585 ], [ -59.92039, -51.336374 ], [ -59.928775, -51.355911 ], [ -59.988726, -51.345182 ], [ -60.045233, -51.305509 ], [ -59.955362, -51.282165 ] ] ], [ [ [ -59.890343, -51.271242 ], [ -59.895249, -51.27152 ], [ -59.899161, -51.267372 ], [ -59.890343, -51.271242 ] ] ], [ [ [ -60.325836, -51.263026 ], [ -60.285956, -51.262194 ], [ -60.248075, -51.300515 ], [ -60.183279, -51.315363 ], [ -60.085697, -51.303751 ], [ -60.061272, -51.316314 ], [ -60.095293, -51.32807 ], [ -60.044788, -51.33801 ], [ -60.082301, -51.362305 ], [ -60.079719, -51.38234 ], [ -60.107353, -51.379391 ], [ -60.127141, -51.395689 ], [ -60.108285, -51.404445 ], [ -60.199497, -51.396107 ], [ -60.265241, -51.413047 ], [ -60.316095, -51.389214 ], [ -60.27506, -51.397093 ], [ -60.284923, -51.369396 ], [ -60.24062, -51.359636 ], [ -60.234695, -51.337614 ], [ -60.168601, -51.380952 ], [ -60.184222, -51.383415 ], [ -60.17589, -51.396528 ], [ -60.128317, -51.387645 ], [ -60.121113, -51.36221 ], [ -60.200451, -51.343623 ], [ -60.241025, -51.307851 ], [ -60.285592, -51.304317 ], [ -60.320863, -51.282026 ], [ -60.325836, -51.263026 ] ] ], [ [ [ -60.851597, -51.258472 ], [ -60.847186, -51.258794 ], [ -60.840383, -51.261399 ], [ -60.851597, -51.258472 ] ] ], [ [ [ -59.762705, -51.248206 ], [ -59.696127, -51.272728 ], [ -59.603173, -51.261304 ], [ -59.587532, -51.269755 ], [ -59.603328, -51.284892 ], [ -59.588251, -51.282608 ], [ -59.600529, -51.305336 ], [ -59.587704, -51.311401 ], [ -59.546277, -51.302253 ], [ -59.54941, -51.278071 ], [ -59.515325, -51.285796 ], [ -59.517773, -51.275036 ], [ -59.498724, -51.273989 ], [ -59.423382, -51.33514 ], [ -59.459419, -51.327768 ], [ -59.479301, -51.302671 ], [ -59.472073, -51.319343 ], [ -59.485344, -51.332576 ], [ -59.461424, -51.351093 ], [ -59.586265, -51.343776 ], [ -59.619492, -51.305088 ], [ -59.718144, -51.302543 ], [ -59.720944, -51.289391 ], [ -59.727519, -51.300544 ], [ -59.837881, -51.264353 ], [ -59.762705, -51.248206 ] ] ], [ [ [ -60.594652, -51.248737 ], [ -60.525242, -51.285538 ], [ -60.509623, -51.305701 ], [ -60.524091, -51.318498 ], [ -60.536429, -51.296423 ], [ -60.58486, -51.289716 ], [ -60.606399, -51.270262 ], [ -60.594652, -51.248737 ] ] ], [ [ [ -60.644389, -51.242667 ], [ -60.641796, -51.249675 ], [ -60.646935, -51.244071 ], [ -60.644389, -51.242667 ] ] ], [ [ [ -59.901786, -51.239959 ], [ -59.850371, -51.254039 ], [ -59.840967, -51.263094 ], [ -59.888632, -51.258063 ], [ -59.901786, -51.239959 ] ] ], [ [ [ -60.650246, -51.234806 ], [ -60.651051, -51.239294 ], [ -60.653288, -51.239021 ], [ -60.650246, -51.234806 ] ] ], [ [ [ -58.968637, -51.233241 ], [ -58.904636, -51.275534 ], [ -58.744255, -51.317321 ], [ -58.750521, -51.322971 ], [ -58.73013, -51.348279 ], [ -58.72053, -51.341105 ], [ -58.737768, -51.314193 ], [ -58.672238, -51.333395 ], [ -58.641008, -51.322938 ], [ -58.624447, -51.354284 ], [ -58.596047, -51.348292 ], [ -58.595215, -51.360271 ], [ -58.578939, -51.347422 ], [ -58.572337, -51.360164 ], [ -58.581652, -51.339963 ], [ -58.568163, -51.323127 ], [ -58.61757, -51.350682 ], [ -58.63632, -51.313039 ], [ -58.610384, -51.32132 ], [ -58.581973, -51.298382 ], [ -58.52934, -51.293385 ], [ -58.507115, -51.309137 ], [ -58.465097, -51.297895 ], [ -58.457378, -51.316473 ], [ -58.412556, -51.315216 ], [ -58.376036, -51.332483 ], [ -58.381378, -51.347259 ], [ -58.340724, -51.353565 ], [ -58.331766, -51.386878 ], [ -58.377594, -51.392303 ], [ -58.338972, -51.390313 ], [ -58.314679, -51.415443 ], [ -58.325094, -51.436256 ], [ -58.357219, -51.433259 ], [ -58.353175, -51.441075 ], [ -58.330499, -51.438439 ], [ -58.349974, -51.462049 ], [ -58.365336, -51.46519 ], [ -58.358543, -51.452452 ], [ -58.372455, -51.449486 ], [ -58.365039, -51.444112 ], [ -58.364422, -51.435514 ], [ -58.369405, -51.432933 ], [ -58.377842, -51.446059 ], [ -58.455907, -51.455482 ], [ -58.482862, -51.398565 ], [ -58.517681, -51.421347 ], [ -58.520394, -51.407106 ], [ -58.48933, -51.386009 ], [ -58.504512, -51.380789 ], [ -58.527391, -51.404989 ], [ -58.554516, -51.401634 ], [ -58.530389, -51.412163 ], [ -58.537744, -51.421111 ], [ -58.596126, -51.439282 ], [ -58.527212, -51.423691 ], [ -58.523053, -51.429152 ], [ -58.542394, -51.430616 ], [ -58.559982, -51.438249 ], [ -58.566946, -51.447946 ], [ -58.571765, -51.443591 ], [ -58.582651, -51.446018 ], [ -58.626413, -51.467387 ], [ -58.558866, -51.450827 ], [ -58.516985, -51.428914 ], [ -58.541283, -51.444529 ], [ -58.507125, -51.436463 ], [ -58.502736, -51.453452 ], [ -58.538177, -51.455451 ], [ -58.523008, -51.471048 ], [ -58.551819, -51.469269 ], [ -58.558914, -51.479767 ], [ -58.517682, -51.475172 ], [ -58.537808, -51.489457 ], [ -58.527399, -51.511594 ], [ -58.512194, -51.500601 ], [ -58.520153, -51.48611 ], [ -58.509303, -51.492142 ], [ -58.491351, -51.468327 ], [ -58.466484, -51.477419 ], [ -58.472847, -51.491009 ], [ -58.442748, -51.468526 ], [ -58.424594, -51.468439 ], [ -58.435729, -51.474118 ], [ -58.422672, -51.491844 ], [ -58.437089, -51.501346 ], [ -58.409222, -51.490284 ], [ -58.433112, -51.523343 ], [ -58.420837, -51.534398 ], [ -58.460541, -51.547393 ], [ -58.416998, -51.562912 ], [ -58.403869, -51.527845 ], [ -58.377097, -51.53015 ], [ -58.392685, -51.549231 ], [ -58.367867, -51.551425 ], [ -58.377189, -51.554733 ], [ -58.382752, -51.565619 ], [ -58.32782, -51.567101 ], [ -58.345442, -51.554792 ], [ -58.326312, -51.551341 ], [ -58.325979, -51.537564 ], [ -58.30818, -51.556362 ], [ -58.275709, -51.555628 ], [ -58.262794, -51.57065 ], [ -58.283214, -51.572137 ], [ -58.263532, -51.594539 ], [ -58.285066, -51.591732 ], [ -58.304125, -51.604557 ], [ -58.308506, -51.615069 ], [ -58.283186, -51.597466 ], [ -58.251445, -51.614432 ], [ -58.274382, -51.621713 ], [ -58.255551, -51.621682 ], [ -58.256132, -51.64596 ], [ -58.278165, -51.661688 ], [ -58.241066, -51.654157 ], [ -58.256393, -51.65217 ], [ -58.251373, -51.621618 ], [ -58.218748, -51.660198 ], [ -58.212064, -51.649315 ], [ -58.21064, -51.655316 ], [ -58.198715, -51.658495 ], [ -58.224984, -51.637087 ], [ -58.21273, -51.642874 ], [ -58.189315, -51.645763 ], [ -58.189923, -51.647783 ], [ -58.172922, -51.644463 ], [ -58.211446, -51.641512 ], [ -58.204897, -51.630471 ], [ -58.228178, -51.626292 ], [ -58.204117, -51.622738 ], [ -58.238376, -51.619964 ], [ -58.260438, -51.600363 ], [ -58.251447, -51.584302 ], [ -58.145536, -51.611873 ], [ -58.211041, -51.586666 ], [ -58.174699, -51.582331 ], [ -58.225127, -51.579504 ], [ -58.241712, -51.571818 ], [ -58.221172, -51.564181 ], [ -58.262556, -51.553449 ], [ -58.201499, -51.524419 ], [ -58.299439, -51.529775 ], [ -58.283657, -51.50265 ], [ -58.297974, -51.487123 ], [ -58.332317, -51.520544 ], [ -58.377955, -51.512715 ], [ -58.351807, -51.485974 ], [ -58.37581, -51.491552 ], [ -58.386215, -51.484498 ], [ -58.327744, -51.475642 ], [ -58.338709, -51.466782 ], [ -58.297276, -51.439083 ], [ -58.282315, -51.390889 ], [ -58.161477, -51.375396 ], [ -58.095555, -51.382599 ], [ -58.062388, -51.368868 ], [ -58.011165, -51.381771 ], [ -57.944191, -51.360934 ], [ -57.851376, -51.413056 ], [ -57.870784, -51.434359 ], [ -57.83981, -51.448358 ], [ -57.834619, -51.478644 ], [ -57.738943, -51.512734 ], [ -57.784609, -51.518019 ], [ -57.791995, -51.507509 ], [ -57.858772, -51.497058 ], [ -57.837395, -51.484742 ], [ -57.843602, -51.474854 ], [ -57.866157, -51.496304 ], [ -57.89671, -51.498543 ], [ -57.809593, -51.509746 ], [ -57.811479, -51.520087 ], [ -57.764858, -51.526197 ], [ -57.764105, -51.540428 ], [ -57.954185, -51.540414 ], [ -57.988488, -51.526713 ], [ -57.993726, -51.506308 ], [ -58.034459, -51.508902 ], [ -58.061569, -51.493631 ], [ -58.07629, -51.496288 ], [ -58.01747, -51.53555 ], [ -58.115037, -51.511703 ], [ -58.095168, -51.533106 ], [ -58.124064, -51.526462 ], [ -58.120308, -51.537068 ], [ -58.164958, -51.547026 ], [ -58.105994, -51.56255 ], [ -58.149459, -51.56748 ], [ -58.10585, -51.585032 ], [ -58.073271, -51.578214 ], [ -58.109525, -51.571899 ], [ -58.085213, -51.564874 ], [ -58.058531, -51.592088 ], [ -57.887376, -51.599375 ], [ -57.783421, -51.616939 ], [ -57.723844, -51.64467 ], [ -57.759607, -51.642642 ], [ -57.786647, -51.661502 ], [ -57.812908, -51.649076 ], [ -57.806378, -51.659917 ], [ -57.86006, -51.675575 ], [ -57.867085, -51.661083 ], [ -57.890453, -51.670382 ], [ -57.925075, -51.649499 ], [ -57.95891, -51.652528 ], [ -57.929075, -51.650494 ], [ -57.918628, -51.666353 ], [ -57.895988, -51.668566 ], [ -57.906065, -51.673158 ], [ -57.830925, -51.682428 ], [ -57.881485, -51.682391 ], [ -57.918899, -51.685494 ], [ -57.920385, -51.686936 ], [ -57.785602, -51.699083 ], [ -57.827062, -51.68255 ], [ -57.716876, -51.683079 ], [ -57.804667, -51.704511 ], [ -57.821256, -51.7218 ], [ -57.869495, -51.730112 ], [ -57.89334, -51.728682 ], [ -57.892683, -51.721715 ], [ -57.896866, -51.720001 ], [ -57.911034, -51.718276 ], [ -57.893592, -51.724212 ], [ -57.952398, -51.725663 ], [ -57.954337, -51.733218 ], [ -57.999102, -51.732821 ], [ -58.011227, -51.737865 ], [ -57.856505, -51.739086 ], [ -57.881709, -51.747252 ], [ -58.035612, -51.758807 ], [ -58.051259, -51.755666 ], [ -58.044122, -51.750733 ], [ -58.046063, -51.736802 ], [ -58.08451, -51.741365 ], [ -58.04632, -51.750527 ], [ -58.067321, -51.764398 ], [ -58.064671, -51.771562 ], [ -58.156453, -51.765939 ], [ -58.165413, -51.753154 ], [ -58.152445, -51.740157 ], [ -58.184347, -51.742829 ], [ -58.163582, -51.756563 ], [ -58.193541, -51.766558 ], [ -58.266348, -51.748197 ], [ -58.297478, -51.7474 ], [ -58.298828, -51.750303 ], [ -58.304503, -51.752381 ], [ -58.305329, -51.753652 ], [ -58.2347, -51.757724 ], [ -58.244538, -51.764163 ], [ -58.200961, -51.777333 ], [ -58.232071, -51.783121 ], [ -58.109111, -51.788885 ], [ -58.13538, -51.791406 ], [ -58.118918, -51.799201 ], [ -58.239152, -51.79021 ], [ -58.229938, -51.796682 ], [ -58.286356, -51.800517 ], [ -58.29822, -51.822258 ], [ -58.333771, -51.811579 ], [ -58.322069, -51.821019 ], [ -58.38722, -51.824381 ], [ -58.339005, -51.826218 ], [ -58.322087, -51.837896 ], [ -58.335509, -51.843842 ], [ -58.320828, -51.843855 ], [ -58.287131, -51.828394 ], [ -58.281736, -51.806906 ], [ -58.164522, -51.816001 ], [ -58.23428, -51.828126 ], [ -58.214258, -51.846004 ], [ -58.224294, -51.867093 ], [ -58.256655, -51.868026 ], [ -58.226105, -51.856767 ], [ -58.225789, -51.844898 ], [ -58.244187, -51.844383 ], [ -58.26232, -51.85513 ], [ -58.27524, -51.850048 ], [ -58.289364, -51.85853 ], [ -58.278813, -51.864171 ], [ -58.316786, -51.868458 ], [ -58.310149, -51.881528 ], [ -58.305596, -51.873392 ], [ -58.283117, -51.879024 ], [ -58.302553, -51.885354 ], [ -58.375164, -51.887339 ], [ -58.400807, -51.922579 ], [ -58.466956, -51.921906 ], [ -58.470674, -51.906142 ], [ -58.427437, -51.916579 ], [ -58.403178, -51.900797 ], [ -58.503979, -51.895192 ], [ -58.50775, -51.885221 ], [ -58.537084, -51.879339 ], [ -58.536429, -51.868602 ], [ -58.541547, -51.864924 ], [ -58.518641, -51.860097 ], [ -58.558096, -51.857035 ], [ -58.548743, -51.847543 ], [ -58.565934, -51.829579 ], [ -58.593237, -51.831191 ], [ -58.551917, -51.848718 ], [ -58.568692, -51.850029 ], [ -58.538796, -51.87204 ], [ -58.548085, -51.882256 ], [ -58.512385, -51.892634 ], [ -58.595671, -51.88766 ], [ -58.556991, -51.897529 ], [ -58.560687, -51.90737 ], [ -58.57348, -51.899421 ], [ -58.624638, -51.895122 ], [ -58.639819, -51.905264 ], [ -58.641431, -51.894392 ], [ -58.678295, -51.904402 ], [ -58.685291, -51.891719 ], [ -58.638939, -51.893123 ], [ -58.629659, -51.884486 ], [ -58.668587, -51.891529 ], [ -58.694829, -51.876728 ], [ -58.718928, -51.87261 ], [ -58.690575, -51.88148 ], [ -58.691578, -51.894051 ], [ -58.743621, -51.882063 ], [ -58.735025, -51.887833 ], [ -58.756495, -51.887081 ], [ -58.753645, -51.899433 ], [ -58.781574, -51.895388 ], [ -58.811614, -51.882152 ], [ -58.795201, -51.880977 ], [ -58.810869, -51.867391 ], [ -58.857477, -51.857268 ], [ -58.852594, -51.853057 ], [ -58.836392, -51.85873 ], [ -58.819902, -51.859343 ], [ -58.814268, -51.856856 ], [ -58.882975, -51.836256 ], [ -58.872671, -51.839766 ], [ -58.888074, -51.846416 ], [ -58.85658, -51.852763 ], [ -58.862304, -51.863977 ], [ -58.932653, -51.841634 ], [ -58.93715, -51.82236 ], [ -58.926371, -51.823502 ], [ -58.92215, -51.816959 ], [ -58.921043, -51.812676 ], [ -58.937853, -51.820258 ], [ -58.950189, -51.787287 ], [ -58.985919, -51.857 ], [ -59.021478, -51.849166 ], [ -59.086875, -51.85739 ], [ -59.08275, -51.844264 ], [ -59.092179, -51.840275 ], [ -59.115608, -51.835935 ], [ -59.092117, -51.85479 ], [ -59.134283, -51.882081 ], [ -59.092212, -51.858597 ], [ -59.018993, -51.85362 ], [ -59.006009, -51.861172 ], [ -59.027602, -51.885893 ], [ -59.013445, -51.879373 ], [ -59.003268, -51.857764 ], [ -58.98864, -51.873654 ], [ -58.98707, -51.863684 ], [ -58.974815, -51.854952 ], [ -58.894161, -51.901946 ], [ -58.760364, -51.936662 ], [ -58.802243, -51.944753 ], [ -58.827835, -51.921954 ], [ -58.887094, -51.919126 ], [ -58.875458, -51.911607 ], [ -58.882848, -51.906275 ], [ -58.890664, -51.90756 ], [ -58.892699, -51.904276 ], [ -58.906547, -51.902491 ], [ -58.907582, -51.898137 ], [ -58.914578, -51.89753 ], [ -58.911814, -51.903195 ], [ -58.893234, -51.910094 ], [ -58.882969, -51.908301 ], [ -58.894224, -51.92677 ], [ -58.841599, -51.932974 ], [ -58.853472, -51.936163 ], [ -58.855159, -51.940759 ], [ -58.862243, -51.944591 ], [ -58.862297, -51.946612 ], [ -58.83289, -51.934283 ], [ -58.804646, -51.94825 ], [ -58.816043, -51.951011 ], [ -58.806469, -51.963428 ], [ -58.795366, -51.953033 ], [ -58.769117, -51.956187 ], [ -58.780159, -51.961858 ], [ -58.763063, -51.970924 ], [ -58.767355, -51.987527 ], [ -58.744308, -51.952284 ], [ -58.72492, -51.96706 ], [ -58.725648, -51.951504 ], [ -58.699296, -51.952485 ], [ -58.693139, -51.973514 ], [ -58.676482, -51.959564 ], [ -58.652361, -51.961587 ], [ -58.648412, -51.975436 ], [ -58.626246, -51.965543 ], [ -58.626347, -51.98253 ], [ -58.605188, -51.983299 ], [ -58.622855, -51.989248 ], [ -58.602065, -51.990854 ], [ -58.631525, -52.006002 ], [ -58.58606, -52.015029 ], [ -58.688013, -52.023756 ], [ -58.635863, -52.051149 ], [ -58.66301, -52.054724 ], [ -58.639138, -52.110948 ], [ -58.655472, -52.117144 ], [ -58.659631, -52.141476 ], [ -58.668759, -52.122324 ], [ -58.693504, -52.123048 ], [ -58.674708, -52.095855 ], [ -58.70148, -52.087685 ], [ -58.705303, -52.068703 ], [ -58.738372, -52.079445 ], [ -58.736223, -52.050115 ], [ -58.780367, -52.04754 ], [ -58.822581, -52.023943 ], [ -58.813727, -52.056784 ], [ -58.85729, -52.053327 ], [ -58.867337, -52.042116 ], [ -58.87832, -52.04657 ], [ -58.880296, -52.042416 ], [ -58.890427, -52.040212 ], [ -58.895643, -52.034486 ], [ -58.896339, -52.034189 ], [ -58.897036, -52.034384 ], [ -58.859751, -52.084562 ], [ -58.887017, -52.074638 ], [ -58.92821, -52.117357 ], [ -58.952841, -52.06051 ], [ -58.988646, -52.097523 ], [ -59.004632, -52.046041 ], [ -58.984858, -52.04513 ], [ -59.018175, -52.043913 ], [ -59.015551, -52.020303 ], [ -59.058996, -52.043058 ], [ -59.073358, -52.015482 ], [ -59.100797, -52.030436 ], [ -59.11748, -52.016409 ], [ -59.11043, -52.001768 ], [ -59.138175, -51.997385 ], [ -59.134068, -51.982438 ], [ -59.136775, -51.977143 ], [ -59.154474, -51.996314 ], [ -59.17809, -51.976088 ], [ -59.189541, -51.972252 ], [ -59.157495, -51.999403 ], [ -59.170932, -52.012888 ], [ -59.238925, -52.010984 ], [ -59.246286, -51.9983 ], [ -59.278247, -51.990257 ], [ -59.269977, -52.003489 ], [ -59.281539, -52.011796 ], [ -59.318911, -52.013056 ], [ -59.286019, -52.013571 ], [ -59.29459, -52.029283 ], [ -59.265757, -52.006815 ], [ -59.188454, -52.028223 ], [ -59.190681, -52.044178 ], [ -59.235578, -52.053808 ], [ -59.198772, -52.052625 ], [ -59.190649, -52.06519 ], [ -59.212696, -52.0808 ], [ -59.165783, -52.06387 ], [ -59.138939, -52.034706 ], [ -59.144757, -52.063332 ], [ -59.099747, -52.079487 ], [ -59.178427, -52.091757 ], [ -59.177805, -52.102692 ], [ -59.067982, -52.102953 ], [ -59.073592, -52.117685 ], [ -59.116004, -52.118169 ], [ -59.138171, -52.139815 ], [ -59.149283, -52.137911 ], [ -59.180081, -52.145132 ], [ -59.143515, -52.143668 ], [ -59.157867, -52.162142 ], [ -59.110468, -52.135467 ], [ -59.101653, -52.148978 ], [ -59.118681, -52.165143 ], [ -59.073387, -52.137117 ], [ -59.023831, -52.144079 ], [ -59.041034, -52.166577 ], [ -59.073467, -52.169135 ], [ -59.059552, -52.181049 ], [ -59.087053, -52.180872 ], [ -59.103851, -52.198197 ], [ -59.089225, -52.196669 ], [ -59.092339, -52.214659 ], [ -59.071709, -52.198785 ], [ -59.023106, -52.204548 ], [ -59.054606, -52.218903 ], [ -59.050588, -52.235481 ], [ -59.026495, -52.231147 ], [ -59.054277, -52.2425 ], [ -59.011366, -52.255613 ], [ -59.068168, -52.243722 ], [ -59.06398, -52.233043 ], [ -59.104959, -52.241965 ], [ -59.199789, -52.203279 ], [ -59.223012, -52.22643 ], [ -59.241183, -52.219003 ], [ -59.259446, -52.191282 ], [ -59.247809, -52.173921 ], [ -59.265989, -52.176172 ], [ -59.267745, -52.163598 ], [ -59.325565, -52.179474 ], [ -59.29219, -52.140512 ], [ -59.34931, -52.161199 ], [ -59.367723, -52.111021 ], [ -59.371029, -52.1447 ], [ -59.3955, -52.137655 ], [ -59.391895, -52.129005 ], [ -59.404411, -52.11638 ], [ -59.409424, -52.11523 ], [ -59.401122, -52.14856 ], [ -59.380422, -52.157204 ], [ -59.41476, -52.161373 ], [ -59.415052, -52.141554 ], [ -59.454726, -52.124594 ], [ -59.435643, -52.152629 ], [ -59.491002, -52.166267 ], [ -59.399219, -52.177179 ], [ -59.406234, -52.187159 ], [ -59.421912, -52.181016 ], [ -59.466271, -52.196077 ], [ -59.423129, -52.192864 ], [ -59.461462, -52.224476 ], [ -59.408489, -52.20422 ], [ -59.43311, -52.223111 ], [ -59.417, -52.220799 ], [ -59.433998, -52.243864 ], [ -59.377875, -52.20512 ], [ -59.329997, -52.211269 ], [ -59.387817, -52.226379 ], [ -59.343559, -52.238395 ], [ -59.341812, -52.25372 ], [ -59.414656, -52.283985 ], [ -59.348028, -52.267877 ], [ -59.336025, -52.283516 ], [ -59.37475, -52.292654 ], [ -59.384354, -52.318526 ], [ -59.336112, -52.346232 ], [ -59.297816, -52.332498 ], [ -59.308199, -52.350662 ], [ -59.364079, -52.359373 ], [ -59.391787, -52.345963 ], [ -59.373518, -52.334093 ], [ -59.425909, -52.331152 ], [ -59.407023, -52.325891 ], [ -59.414899, -52.310273 ], [ -59.497711, -52.311887 ], [ -59.478323, -52.275396 ], [ -59.510911, -52.273675 ], [ -59.492777, -52.264265 ], [ -59.514784, -52.25494 ], [ -59.508608, -52.242838 ], [ -59.583797, -52.259874 ], [ -59.594272, -52.24468 ], [ -59.552298, -52.204992 ], [ -59.630912, -52.209165 ], [ -59.613802, -52.188404 ], [ -59.645998, -52.182392 ], [ -59.624219, -52.174393 ], [ -59.643541, -52.159734 ], [ -59.661526, -52.169306 ], [ -59.691256, -52.136798 ], [ -59.735195, -52.126043 ], [ -59.707056, -52.107565 ], [ -59.731552, -52.097132 ], [ -59.669311, -52.099818 ], [ -59.679868, -52.124292 ], [ -59.666092, -52.127336 ], [ -59.640441, -52.1117 ], [ -59.63786, -52.128927 ], [ -59.60739, -52.122049 ], [ -59.640744, -52.084041 ], [ -59.614718, -52.079116 ], [ -59.603941, -52.093004 ], [ -59.550339, -52.06748 ], [ -59.613749, -52.048597 ], [ -59.62005, -52.034086 ], [ -59.590734, -52.029874 ], [ -59.653936, -52.005823 ], [ -59.545638, -52.005155 ], [ -59.588587, -51.99936 ], [ -59.621392, -51.96852 ], [ -59.648252, -51.965131 ], [ -59.609542, -51.968865 ], [ -59.594992, -51.985364 ], [ -59.518212, -51.962529 ], [ -59.614725, -51.950617 ], [ -59.609554, -51.916645 ], [ -59.591455, -51.904393 ], [ -59.515922, -51.938893 ], [ -59.497719, -51.937632 ], [ -59.505179, -51.924078 ], [ -59.470101, -51.928372 ], [ -59.52762, -51.902947 ], [ -59.538042, -51.88197 ], [ -59.521069, -51.871407 ], [ -59.498954, -51.894279 ], [ -59.442104, -51.891623 ], [ -59.486815, -51.88456 ], [ -59.458622, -51.865682 ], [ -59.515401, -51.857652 ], [ -59.498026, -51.836063 ], [ -59.44862, -51.823874 ], [ -59.455453, -51.84728 ], [ -59.410788, -51.81293 ], [ -59.414569, -51.84014 ], [ -59.393119, -51.833267 ], [ -59.398703, -51.842568 ], [ -59.378583, -51.859309 ], [ -59.377247, -51.833265 ], [ -59.35369, -51.827317 ], [ -59.351482, -51.789179 ], [ -59.337933, -51.786438 ], [ -59.32457, -51.810822 ], [ -59.303471, -51.790836 ], [ -59.290519, -51.792995 ], [ -59.301715, -51.807775 ], [ -59.272207, -51.798378 ], [ -59.302264, -51.780779 ], [ -59.305332, -51.760421 ], [ -59.269296, -51.74334 ], [ -59.248883, -51.766658 ], [ -59.239049, -51.752312 ], [ -59.253536, -51.747553 ], [ -59.232101, -51.721741 ], [ -59.210566, -51.721245 ], [ -59.224107, -51.765066 ], [ -59.197903, -51.721995 ], [ -59.175203, -51.737478 ], [ -59.175441, -51.742802 ], [ -59.174445, -51.7451 ], [ -59.172723, -51.745115 ], [ -59.166781, -51.743342 ], [ -59.180025, -51.733444 ], [ -59.156619, -51.706425 ], [ -59.05585, -51.690389 ], [ -59.043311, -51.712411 ], [ -59.058682, -51.72383 ], [ -59.040282, -51.741751 ], [ -59.053136, -51.744986 ], [ -59.034217, -51.745236 ], [ -59.052425, -51.753346 ], [ -59.029575, -51.755713 ], [ -59.025062, -51.774628 ], [ -59.045373, -51.773405 ], [ -59.071346, -51.78466 ], [ -59.043663, -51.786199 ], [ -59.029212, -51.809425 ], [ -59.041996, -51.808431 ], [ -59.049764, -51.826451 ], [ -59.028501, -51.831296 ], [ -59.02942, -51.816398 ], [ -59.009224, -51.823866 ], [ -58.984294, -51.785126 ], [ -58.976446, -51.78841 ], [ -58.949416, -51.77394 ], [ -58.978753, -51.784554 ], [ -59.005076, -51.774475 ], [ -59.001993, -51.762742 ], [ -58.992943, -51.772192 ], [ -58.986576, -51.768188 ], [ -59.003555, -51.759579 ], [ -59.00852, -51.711127 ], [ -59.025908, -51.712023 ], [ -59.023557, -51.718386 ], [ -59.024097, -51.727224 ], [ -59.040955, -51.698674 ], [ -59.018771, -51.687702 ], [ -59.035024, -51.678301 ], [ -59.034348, -51.67701 ], [ -59.016969, -51.677851 ], [ -59.019492, -51.681295 ], [ -59.010762, -51.687221 ], [ -59.005236, -51.689183 ], [ -59.006598, -51.681415 ], [ -59.024932, -51.671911 ], [ -58.998069, -51.676129 ], [ -59.04836, -51.653196 ], [ -58.979641, -51.675972 ], [ -58.97718, -51.670652 ], [ -59.07363, -51.643975 ], [ -59.108267, -51.612862 ], [ -59.178857, -51.584403 ], [ -59.113112, -51.528851 ], [ -59.128328, -51.496216 ], [ -59.086844, -51.529132 ], [ -59.079765, -51.568117 ], [ -59.065631, -51.572257 ], [ -59.077576, -51.583393 ], [ -59.077374, -51.588172 ], [ -59.059206, -51.579872 ], [ -59.01434, -51.605897 ], [ -59.037361, -51.590371 ], [ -59.029123, -51.577281 ], [ -59.050329, -51.574459 ], [ -59.037358, -51.572683 ], [ -59.045428, -51.56012 ], [ -59.026742, -51.561104 ], [ -59.065318, -51.519714 ], [ -59.045273, -51.504978 ], [ -58.924931, -51.521843 ], [ -58.940026, -51.540526 ], [ -58.935029, -51.545594 ], [ -58.930148, -51.532092 ], [ -58.915265, -51.530093 ], [ -58.916438, -51.52442 ], [ -58.878215, -51.532016 ], [ -58.850378, -51.521243 ], [ -58.856203, -51.511242 ], [ -58.843458, -51.515592 ], [ -58.857485, -51.510381 ], [ -58.85366, -51.520778 ], [ -58.879598, -51.530379 ], [ -58.899096, -51.521563 ], [ -58.920047, -51.521742 ], [ -58.920155, -51.527452 ], [ -58.925128, -51.519026 ], [ -58.948458, -51.516495 ], [ -58.951742, -51.508143 ], [ -59.002638, -51.50436 ], [ -59.094973, -51.467775 ], [ -59.114877, -51.479117 ], [ -59.144549, -51.461494 ], [ -59.096544, -51.409954 ], [ -59.050109, -51.433047 ], [ -58.979903, -51.42648 ], [ -58.981907, -51.443482 ], [ -58.961557, -51.44479 ], [ -58.969731, -51.422982 ], [ -59.020904, -51.419083 ], [ -58.998507, -51.407905 ], [ -59.00559, -51.385217 ], [ -58.868145, -51.378622 ], [ -58.859027, -51.353875 ], [ -58.964091, -51.263082 ], [ -58.947693, -51.256017 ], [ -58.968637, -51.233241 ] ] ], [ [ [ -60.637784, -51.230927 ], [ -60.637272, -51.232046 ], [ -60.639818, -51.232415 ], [ -60.637784, -51.230927 ] ] ], [ [ [ -59.773696, -51.231505 ], [ -59.779547, -51.232077 ], [ -59.779723, -51.230894 ], [ -59.773696, -51.231505 ] ] ], [ [ [ -59.917596, -51.208435 ], [ -59.899404, -51.224462 ], [ -59.936581, -51.215412 ], [ -59.917596, -51.208435 ] ] ], [ [ [ -60.031776, -51.205206 ], [ -60.025875, -51.205729 ], [ -60.024875, -51.207097 ], [ -60.031776, -51.205206 ] ] ], [ [ [ -60.042817, -51.198353 ], [ -60.046017, -51.199352 ], [ -60.045922, -51.198246 ], [ -60.042817, -51.198353 ] ] ], [ [ [ -60.941344, -51.214723 ], [ -60.840379, -51.194346 ], [ -60.880127, -51.209226 ], [ -60.941344, -51.214723 ] ] ], [ [ [ -59.057907, -51.189073 ], [ -59.058145, -51.19012 ], [ -59.058513, -51.18943 ], [ -59.057907, -51.189073 ] ] ], [ [ [ -60.894647, -51.172188 ], [ -60.881691, -51.171128 ], [ -60.879926, -51.171626 ], [ -60.894647, -51.172188 ] ] ], [ [ [ -60.90175, -51.170037 ], [ -60.898646, -51.171117 ], [ -60.904138, -51.170337 ], [ -60.90175, -51.170037 ] ] ], [ [ [ -60.251345, -51.159295 ], [ -60.242751, -51.159264 ], [ -60.24126, -51.160479 ], [ -60.251345, -51.159295 ] ] ], [ [ [ -60.259492, -51.158224 ], [ -60.2551, -51.158297 ], [ -60.252804, -51.158882 ], [ -60.258682, -51.15945 ], [ -60.259492, -51.158224 ] ] ], [ [ [ -60.268733, -51.15727 ], [ -60.264886, -51.157655 ], [ -60.263387, -51.158712 ], [ -60.268733, -51.15727 ] ] ], [ [ [ -60.837844, -51.149468 ], [ -60.82771, -51.159263 ], [ -60.855052, -51.169636 ], [ -60.879361, -51.171074 ], [ -60.837844, -51.149468 ] ] ], [ [ [ -60.445665, -51.151133 ], [ -60.374364, -51.145937 ], [ -60.394688, -51.154503 ], [ -60.445665, -51.151133 ] ] ], [ [ [ -60.734778, -51.124115 ], [ -60.751625, -51.133945 ], [ -60.762704, -51.128312 ], [ -60.755158, -51.129532 ], [ -60.734778, -51.124115 ] ] ], [ [ [ -60.784583, -51.122139 ], [ -60.785654, -51.122268 ], [ -60.785871, -51.121775 ], [ -60.784583, -51.122139 ] ] ], [ [ [ -60.792791, -51.119745 ], [ -60.786212, -51.121815 ], [ -60.793176, -51.119909 ], [ -60.792791, -51.119745 ] ] ], [ [ [ -60.797216, -51.118717 ], [ -60.795256, -51.118317 ], [ -60.793683, -51.119973 ], [ -60.797216, -51.118717 ] ] ], [ [ [ -60.819309, -51.108585 ], [ -60.800007, -51.116752 ], [ -60.799585, -51.117672 ], [ -60.819309, -51.108585 ] ] ], [ [ [ -69.415809090999971, -51.089576891999968 ], [ -69.408714, -51.094887 ], [ -69.425636, -51.097897 ], [ -69.429351900999961, -51.102230069999962 ], [ -69.424217, -51.104191 ], [ -69.435928023999963, -51.106284959999982 ], [ -69.435195960999977, -51.113220106999961 ], [ -69.439453, -51.107346 ], [ -69.454209, -51.107574 ], [ -69.415809090999971, -51.089576891999968 ] ] ], [ [ [ -60.920179, -51.0883 ], [ -60.859221, -51.113456 ], [ -60.860178, -51.121927 ], [ -60.920179, -51.0883 ] ] ], [ [ [ -61.12075, -51.069362 ], [ -61.121114, -51.069962 ], [ -61.121307, -51.069419 ], [ -61.12075, -51.069362 ] ] ], [ [ [ -61.07184, -51.057142 ], [ -61.071917, -51.057618 ], [ -61.072251, -51.057252 ], [ -61.07184, -51.057142 ] ] ], [ [ [ -60.972993, -51.057065 ], [ -60.975613, -51.060677 ], [ -60.976027, -51.057665 ], [ -60.972993, -51.057065 ] ] ], [ [ [ -61.071602, -51.056057 ], [ -61.070005, -51.056867 ], [ -61.071584, -51.05678 ], [ -61.071602, -51.056057 ] ] ], [ [ [ -61.163062, -51.0589 ], [ -61.152259, -51.058567 ], [ -61.15402, -51.06235 ], [ -61.163062, -51.0589 ] ] ], [ [ [ -61.070551, -51.053573 ], [ -61.069689, -51.055191 ], [ -61.071184, -51.054601 ], [ -61.070551, -51.053573 ] ] ], [ [ [ -61.073716, -51.05066 ], [ -61.074762, -51.051193 ], [ -61.074766, -51.050837 ], [ -61.073716, -51.05066 ] ] ], [ [ [ -60.984928, -51.053419 ], [ -60.980088, -51.052891 ], [ -60.977034, -51.057566 ], [ -60.984928, -51.053419 ] ] ], [ [ [ -61.097207, -51.028073 ], [ -61.09419, -51.024323 ], [ -61.092372, -51.026902 ], [ -61.097207, -51.028073 ] ] ], [ [ [ -61.133722, -51.027151 ], [ -61.090878, -51.034532 ], [ -61.094073, -51.043063 ], [ -61.047091, -51.082131 ], [ -61.108888, -51.066847 ], [ -61.120059, -51.06572 ], [ -61.126926, -51.072354 ], [ -61.137327, -51.061651 ], [ -61.109437, -51.049101 ], [ -61.133722, -51.027151 ] ] ], [ [ [ -61.255286, -51.011553 ], [ -61.226847, -51.018421 ], [ -61.164954, -51.055688 ], [ -61.247964, -51.029888 ], [ -61.255286, -51.011553 ] ] ], [ [ [ -61.260245, -51.009803 ], [ -61.259947, -51.0102 ], [ -61.260309, -51.009936 ], [ -61.260245, -51.009803 ] ] ], [ [ [ -61.263666, -51.008793 ], [ -61.261217, -51.009714 ], [ -61.261327, -51.010051 ], [ -61.263666, -51.008793 ] ] ], [ [ [ -61.30257, -51.007832 ], [ -61.306539, -51.001271 ], [ -61.296438, -51.007103 ], [ -61.30257, -51.007832 ] ] ], [ [ [ -61.458897, -50.997261 ], [ -61.445485, -51.000037 ], [ -61.443201, -51.002182 ], [ -61.453719, -51.001053 ], [ -61.458897, -50.997261 ] ] ], [ [ [ -67.685982, -49.282604 ], [ -67.701027, -49.298904 ], [ -67.706383, -49.294933 ], [ -67.685982, -49.282604 ] ] ], [ [ [ -67.692489, -49.265511 ], [ -67.704758, -49.284863 ], [ -67.733643, -49.276875 ], [ -67.696724, -49.26965 ], [ -67.692489, -49.265511 ] ] ], [ [ [ -67.043029941999976, -48.750998987999935 ], [ -67.047988945999975, -48.752490997999985 ], [ -67.044319, -48.749104 ], [ -67.043029941999976, -48.750998987999935 ] ] ], [ [ [ -67.056213, -48.749451 ], [ -67.059532072999957, -48.747982011999966 ], [ -67.055923, -48.747967 ], [ -67.056213, -48.749451 ] ] ], [ [ [ -67.145065, -48.743565 ], [ -67.143051087999936, -48.744438078999963 ], [ -67.144745, -48.745113 ], [ -67.145065, -48.743565 ] ] ], [ [ [ -67.13456, -48.736488 ], [ -67.14045, -48.735809 ], [ -67.135665968999945, -48.734539015999985 ], [ -67.13456, -48.736488 ] ] ], [ [ [ -66.323959, -48.359787 ], [ -66.326026957999943, -48.359169002999977 ], [ -66.324204, -48.358074 ], [ -66.323959, -48.359787 ] ] ], [ [ [ -66.220039042999986, -48.246429030999934 ], [ -66.222420023999973, -48.245685979999962 ], [ -66.219353, -48.244659 ], [ -66.220039042999986, -48.246429030999934 ] ] ], [ [ [ -66.10891, -48.141068 ], [ -66.109184, -48.142033 ], [ -66.110207, -48.14148 ], [ -66.10891, -48.141068 ] ] ], [ [ [ -66.084289985999987, -48.129691962999971 ], [ -66.087143, -48.129272 ], [ -66.087395, -48.128567 ], [ -66.084289985999987, -48.129691962999971 ] ] ], [ [ [ -66.107918, -48.125523 ], [ -66.104508, -48.125443 ], [ -66.103287, -48.125771 ], [ -66.107918, -48.125523 ] ] ], [ [ [ -65.893836943999986, -48.112842987999954 ], [ -65.896721, -48.115021 ], [ -65.897209, -48.111942 ], [ -65.893836943999986, -48.112842987999954 ] ] ], [ [ [ -65.991020100999947, -48.112419063999937 ], [ -65.994995, -48.113464 ], [ -65.994614, -48.111572 ], [ -65.991020100999947, -48.112419063999937 ] ] ], [ [ [ -65.984718, -48.107601 ], [ -65.987137, -48.110699 ], [ -65.987968, -48.109425 ], [ -65.984718, -48.107601 ] ] ], [ [ [ -65.889793, -48.086891 ], [ -65.892174, -48.087189 ], [ -65.891991, -48.086132 ], [ -65.889793, -48.086891 ] ] ], [ [ [ -65.890701, -48.082401 ], [ -65.889342977999945, -48.086334058999967 ], [ -65.896552923999934, -48.083366084999966 ], [ -65.890701, -48.082401 ] ] ], [ [ [ -65.89801, -48.073685 ], [ -65.898338, -48.079159 ], [ -65.902435, -48.077332 ], [ -65.89801, -48.073685 ] ] ], [ [ [ -65.924713, -48.006355 ], [ -65.925842, -48.007214 ], [ -65.926025, -48.006634 ], [ -65.924713, -48.006355 ] ] ], [ [ [ -65.9011, -48.005714 ], [ -65.903107, -48.003963 ], [ -65.898414980999974, -48.003391123999961 ], [ -65.9011, -48.005714 ] ] ], [ [ [ -65.889046, -48.000114 ], [ -65.88784, -48.00182 ], [ -65.890166956999963, -48.001445891999936 ], [ -65.889046, -48.000114 ] ] ], [ [ [ -65.870033, -47.958168 ], [ -65.871475105999934, -47.959671003999972 ], [ -65.871963, -47.959427 ], [ -65.870033, -47.958168 ] ] ], [ [ [ -65.863228, -47.959461 ], [ -65.866287, -47.958954 ], [ -65.862015034999956, -47.956722054999943 ], [ -65.863228, -47.959461 ] ] ], [ [ [ -65.868164305999983, -47.954765202999965 ], [ -65.870972, -47.954708 ], [ -65.868164, -47.954765 ], [ -65.868164305999983, -47.954765202999965 ] ] ], [ [ [ -65.762558, -47.951099 ], [ -65.762451, -47.953667 ], [ -65.764107, -47.952255 ], [ -65.762558, -47.951099 ] ] ], [ [ [ -65.8704, -47.948689 ], [ -65.87226893899998, -47.950053943999933 ], [ -65.872513, -47.948856 ], [ -65.8704, -47.948689 ] ] ], [ [ [ -65.736138, -47.916126 ], [ -65.742294, -47.920914 ], [ -65.736733, -47.914864 ], [ -65.736138, -47.916126 ] ] ], [ [ [ -65.759468, -47.912704 ], [ -65.755577107999954, -47.91423 ], [ -65.760848995999936, -47.91339497499996 ], [ -65.759468, -47.912704 ] ] ], [ [ [ -65.716804, -47.905251 ], [ -65.710693, -47.914379 ], [ -65.726058974999944, -47.911479965999945 ], [ -65.716804, -47.905251 ] ] ], [ [ [ -66.163239, -47.817543 ], [ -66.17701, -47.818504 ], [ -66.162078960999963, -47.81664300999995 ], [ -66.163239, -47.817543 ] ] ], [ [ [ -66.15116891699995, -47.814559956999972 ], [ -66.160156020999977, -47.813030046999984 ], [ -66.144248980999976, -47.81046297599994 ], [ -66.15116891699995, -47.814559956999972 ] ] ], [ [ [ -66.065872098999932, -47.776245034999931 ], [ -66.073257444999967, -47.783741006999946 ], [ -66.08006292999994, -47.782878937999953 ], [ -66.065872098999932, -47.776245034999931 ] ] ], [ [ [ -66.056122, -47.773827 ], [ -66.059951890999969, -47.773117031999959 ], [ -66.052459986999963, -47.768463034999968 ], [ -66.056122, -47.773827 ] ] ], [ [ [ -65.990211, -47.761677 ], [ -66.003059988999951, -47.77211005099997 ], [ -66.05481, -47.786423 ], [ -66.03894, -47.76757 ], [ -65.990211, -47.761677 ] ] ], [ [ [ -65.940903, -47.758121 ], [ -65.938545127999987, -47.765872914999932 ], [ -65.947724, -47.759956 ], [ -65.940903, -47.758121 ] ] ], [ [ [ -65.969948014999943, -47.755058011999949 ], [ -65.965408135999951, -47.75197604799996 ], [ -65.963715, -47.75301 ], [ -65.969948014999943, -47.755058011999949 ] ] ], [ [ [ -66.696128921999957, -45.245407050999972 ], [ -66.700638, -45.246063 ], [ -66.69674693099995, -45.244071955999971 ], [ -66.696128921999957, -45.245407050999972 ] ] ], [ [ [ -66.408218, -45.193752 ], [ -66.402115, -45.185551 ], [ -66.392876, -45.190624 ], [ -66.408218, -45.193752 ] ] ], [ [ [ -66.500977, -45.184658 ], [ -66.505211, -45.185364 ], [ -66.507683, -45.180595 ], [ -66.500977, -45.184658 ] ] ], [ [ [ -66.485703, -45.179619 ], [ -66.489875923999932, -45.182170919999976 ], [ -66.489105, -45.179005 ], [ -66.485703, -45.179619 ] ] ], [ [ [ -66.515259, -45.180611 ], [ -66.518623, -45.180584 ], [ -66.518761, -45.178497 ], [ -66.515259, -45.180611 ] ] ], [ [ [ -66.502045, -45.175953 ], [ -66.492721, -45.180817 ], [ -66.504334, -45.176567 ], [ -66.502045, -45.175953 ] ] ], [ [ [ -66.508698, -45.173202 ], [ -66.511665, -45.173786 ], [ -66.510650923999947, -45.17225300299998 ], [ -66.508698, -45.173202 ] ] ], [ [ [ -66.496162, -45.168724 ], [ -66.500236017999953, -45.168525962999979 ], [ -66.500847, -45.167274 ], [ -66.496162, -45.168724 ] ] ], [ [ [ -66.360497, -45.151196 ], [ -66.364326, -45.149998 ], [ -66.36222799799998, -45.149375988999964 ], [ -66.360497, -45.151196 ] ] ], [ [ [ -66.053345, -45.127316 ], [ -66.060707043999969, -45.132244047999961 ], [ -66.062827993999974, -45.131645099999957 ], [ -66.053345, -45.127316 ] ] ], [ [ [ -65.93869, -45.117973 ], [ -65.937363, -45.119266 ], [ -65.940247, -45.118847 ], [ -65.93869, -45.117973 ] ] ], [ [ [ -66.094933, -45.118794 ], [ -66.097457941999949, -45.117897016999962 ], [ -66.09371192499998, -45.118022986999961 ], [ -66.094933, -45.118794 ] ] ], [ [ [ -65.959534016999953, -45.102371054999935 ], [ -65.945442023999988, -45.118816009999932 ], [ -65.963683962999937, -45.103725117999943 ], [ -65.959534016999953, -45.102371054999935 ] ] ], [ [ [ -66.026939, -45.099697 ], [ -66.029579075999948, -45.100131992999934 ], [ -66.029778, -45.099381 ], [ -66.026939, -45.099697 ] ] ], [ [ [ -65.964073, -45.096828 ], [ -65.966621033999957, -45.098347031999936 ], [ -65.966476, -45.096424 ], [ -65.964073, -45.096828 ] ] ], [ [ [ -66.416114903999983, -45.095748934999961 ], [ -66.419975, -45.09433 ], [ -66.41496299399995, -45.094578005999949 ], [ -66.416114903999983, -45.095748934999961 ] ] ], [ [ [ -66.036674997999967, -45.091766001999986 ], [ -66.03746029399997, -45.092765769999971 ], [ -66.038956, -45.090881 ], [ -66.036674997999967, -45.091766001999986 ] ] ], [ [ [ -66.043877, -45.09103 ], [ -66.045563, -45.09024 ], [ -66.042297, -45.090576 ], [ -66.043877, -45.09103 ] ] ], [ [ [ -66.409958, -45.091389 ], [ -66.405952, -45.087994 ], [ -66.402946, -45.08868 ], [ -66.409958, -45.091389 ] ] ], [ [ [ -66.404335, -45.084335 ], [ -66.409378, -45.084785 ], [ -66.403091961999962, -45.08240109999997 ], [ -66.404335, -45.084335 ] ] ], [ [ [ -66.019752, -45.086407 ], [ -65.985931, -45.103279 ], [ -65.964127, -45.108887 ], [ -66.007835, -45.104248 ], [ -66.019752, -45.086407 ] ] ], [ [ [ -66.296126974999936, -45.076236944999948 ], [ -66.298386, -45.077694 ], [ -66.300445, -45.075836 ], [ -66.296126974999936, -45.076236944999948 ] ] ], [ [ [ -66.40139, -45.068726 ], [ -66.402298025999983, -45.069576007999956 ], [ -66.402420021999944, -45.06882488399998 ], [ -66.40139, -45.068726 ] ] ], [ [ [ -66.323813990999952, -45.066562949999934 ], [ -66.318878086999973, -45.067520069999944 ], [ -66.315849, -45.068737 ], [ -66.323813990999952, -45.066562949999934 ] ] ], [ [ [ -66.33802, -45.065872 ], [ -66.341553, -45.064735 ], [ -66.338478, -45.06358 ], [ -66.33802, -45.065872 ] ] ], [ [ [ -65.575607, -45.063751 ], [ -65.577271, -45.065182 ], [ -65.578224004999981, -45.063853995999978 ], [ -65.575607, -45.063751 ] ] ], [ [ [ -65.806381, -45.061028 ], [ -65.810371, -45.067398 ], [ -65.812141, -45.06348 ], [ -65.806381, -45.061028 ] ] ], [ [ [ -65.619919, -45.059441 ], [ -65.620613, -45.062267 ], [ -65.62480893299994, -45.060184106999941 ], [ -65.619919, -45.059441 ] ] ], [ [ [ -65.715087944999937, -45.057418910999957 ], [ -65.71653, -45.058125 ], [ -65.717132025999945, -45.057308104999947 ], [ -65.715087944999937, -45.057418910999957 ] ] ], [ [ [ -65.588814, -45.056061 ], [ -65.57810989799998, -45.06338887499993 ], [ -65.592873, -45.060173 ], [ -65.588814, -45.056061 ] ] ], [ [ [ -65.625893, -45.052368 ], [ -65.620788, -45.054989 ], [ -65.626259, -45.052593 ], [ -65.625893, -45.052368 ] ] ], [ [ [ -66.337317988999985, -45.053611976999946 ], [ -66.339424065999935, -45.057357893999949 ], [ -66.344315, -45.053391 ], [ -66.337317988999985, -45.053611976999946 ] ] ], [ [ [ -65.973106, -45.051075 ], [ -65.976112, -45.051579 ], [ -65.976776069999971, -45.051013993999959 ], [ -65.973106, -45.051075 ] ] ], [ [ [ -65.964363048999985, -45.052165991999971 ], [ -65.969406044999971, -45.05053705499995 ], [ -65.962875, -45.049915 ], [ -65.964363048999985, -45.052165991999971 ] ] ], [ [ [ -65.843132, -45.048904 ], [ -65.840782, -45.049271 ], [ -65.843468, -45.049267 ], [ -65.843132, -45.048904 ] ] ], [ [ [ -65.717658997999933, -45.048358957999938 ], [ -65.70491, -45.056965 ], [ -65.723007008999957, -45.053902004999941 ], [ -65.717658997999933, -45.048358957999938 ] ] ], [ [ [ -65.86187, -45.047504 ], [ -65.860497, -45.051655 ], [ -65.863944927999967, -45.051128055999982 ], [ -65.86187, -45.047504 ] ] ], [ [ [ -65.804359, -45.047234 ], [ -65.803368, -45.047981 ], [ -65.806229, -45.047905 ], [ -65.804359, -45.047234 ] ] ], [ [ [ -65.843345987999953, -45.047263973999975 ], [ -65.846237, -45.047939 ], [ -65.848709, -45.045876 ], [ -65.843345987999953, -45.047263973999975 ] ] ], [ [ [ -65.915817, -45.047119 ], [ -65.918952970999953, -45.047885946999941 ], [ -65.918625, -45.045429 ], [ -65.915817, -45.047119 ] ] ], [ [ [ -65.912154965999946, -45.045356950999974 ], [ -65.912918045999959, -45.046054914999957 ], [ -65.913253903999987, -45.045474978999948 ], [ -65.912154965999946, -45.045356950999974 ] ] ], [ [ [ -65.962119963999953, -45.044719982999936 ], [ -65.963867093999966, -45.04551698399996 ], [ -65.96415, -45.043636 ], [ -65.962119963999953, -45.044719982999936 ] ] ], [ [ [ -65.844086, -45.041946 ], [ -65.841889, -45.041527 ], [ -65.841202013999975, -45.042240012999969 ], [ -65.844086, -45.041946 ] ] ], [ [ [ -65.624016, -45.046059 ], [ -65.586624072999939, -45.052265050999949 ], [ -65.609291, -45.060204 ], [ -65.624016, -45.046059 ] ] ], [ [ [ -65.915001, -45.03997 ], [ -65.916725, -45.04071 ], [ -65.916512, -45.039837 ], [ -65.915001, -45.03997 ] ] ], [ [ [ -65.87838, -45.038979 ], [ -65.877037, -45.041595 ], [ -65.88089, -45.039799 ], [ -65.87838, -45.038979 ] ] ], [ [ [ -65.74732998199994, -45.035973010999953 ], [ -65.749786, -45.035774 ], [ -65.748779, -45.034885 ], [ -65.74732998199994, -45.035973010999953 ] ] ], [ [ [ -65.759567, -45.034714 ], [ -65.751358006999965, -45.036884003999944 ], [ -65.76696007399994, -45.037551970999971 ], [ -65.759567, -45.034714 ] ] ], [ [ [ -65.860641, -45.032478 ], [ -65.859787, -45.035011 ], [ -65.862328, -45.032696 ], [ -65.860641, -45.032478 ] ] ], [ [ [ -66.248756, -45.030445 ], [ -66.249664306999932, -45.032161711999947 ], [ -66.250641, -45.030865 ], [ -66.248756, -45.030445 ] ] ], [ [ [ -65.869507, -45.031242 ], [ -65.866706934999968, -45.03950111499995 ], [ -65.874526988999946, -45.032875029999957 ], [ -65.869507, -45.031242 ] ] ], [ [ [ -66.069076980999967, -45.004848041999935 ], [ -66.07196, -45.005615 ], [ -66.072784, -45.004951 ], [ -66.069076980999967, -45.004848041999935 ] ] ], [ [ [ -65.560722, -44.998569 ], [ -65.56366, -44.999378 ], [ -65.563591000999963, -44.996520997999937 ], [ -65.560722, -44.998569 ] ] ], [ [ [ -65.570198028999982, -44.988262087999942 ], [ -65.573715104999962, -44.990116058999945 ], [ -65.573937, -44.988037 ], [ -65.570198028999982, -44.988262087999942 ] ] ], [ [ [ -65.56118, -44.963367 ], [ -65.566643, -44.963619 ], [ -65.560928, -44.961937 ], [ -65.56118, -44.963367 ] ] ], [ [ [ -65.53994, -44.905521 ], [ -65.54187, -44.908565 ], [ -65.543343, -44.907482 ], [ -65.53994, -44.905521 ] ] ], [ [ [ -65.666748, -44.769119 ], [ -65.652977, -44.775035902999946 ], [ -65.669724, -44.769192 ], [ -65.666748, -44.769119 ] ] ], [ [ [ -65.642303500999958, -44.767086104999976 ], [ -65.638496987999986, -44.770836034999945 ], [ -65.643372, -44.767372 ], [ -65.642303500999958, -44.767086104999976 ] ] ], [ [ [ -65.648651080999969, -44.767318902999932 ], [ -65.651566, -44.767376 ], [ -65.654182, -44.765942 ], [ -65.648651080999969, -44.767318902999932 ] ] ], [ [ [ -65.381943, -44.598453 ], [ -65.387138, -44.596958 ], [ -65.384254, -44.594871 ], [ -65.381943, -44.598453 ] ] ], [ [ [ -65.393638643999964, -44.593914100999939 ], [ -65.393150308999964, -44.597415884999975 ], [ -65.396423, -44.594471 ], [ -65.393638643999964, -44.593914100999939 ] ] ], [ [ [ -65.307846033999965, -44.535839039999985 ], [ -65.310188, -44.537052 ], [ -65.310538984999937, -44.534786099999963 ], [ -65.307846033999965, -44.535839039999985 ] ] ], [ [ [ -65.230377097999963, -44.276351963999957 ], [ -65.238616983999975, -44.28118509899997 ], [ -65.230506956999932, -44.275440120999974 ], [ -65.230377097999963, -44.276351963999957 ] ] ], [ [ [ -65.262718, -44.258965 ], [ -65.263367, -44.262913 ], [ -65.269981, -44.261765 ], [ -65.262718, -44.258965 ] ] ], [ [ [ -65.254920978999962, -44.152626017999978 ], [ -65.262878, -44.153248 ], [ -65.254478, -44.150105 ], [ -65.254920978999962, -44.152626017999978 ] ] ], [ [ [ -64.513657, -42.419487 ], [ -64.518539, -42.419273 ], [ -64.518127895999953, -42.417663998999956 ], [ -64.513657, -42.419487 ] ] ], [ [ [ -64.76563035099997, -40.783545230999948 ], [ -64.759979010999984, -40.774390986999947 ], [ -64.755355956999949, -40.774391076999962 ], [ -64.754127, -40.777546 ], [ -64.76563035099997, -40.783545230999948 ] ] ], [ [ [ -64.836585997999975, -40.75222397999994 ], [ -64.843276946999936, -40.756206922999979 ], [ -64.836829975999933, -40.751445975999957 ], [ -64.836585997999975, -40.75222397999994 ] ] ], [ [ [ -64.904984, -40.740009 ], [ -64.906867989999967, -40.741355947999978 ], [ -64.906876, -40.739185 ], [ -64.904984, -40.740009 ] ] ], [ [ [ -62.157833, -40.446758 ], [ -62.158535001999951, -40.45646292999993 ], [ -62.176701, -40.454365 ], [ -62.157833, -40.446758 ] ] ], [ [ [ -62.180404956999951, -40.460899006999966 ], [ -62.156623921999937, -40.457675995999978 ], [ -62.217144, -40.523476 ], [ -62.234913, -40.507954 ], [ -62.200939088999974, -40.446643913999935 ], [ -62.180404956999951, -40.460899006999966 ] ] ], [ [ [ -62.130596079999975, -40.406455996999966 ], [ -62.136021, -40.401886 ], [ -62.134216, -40.40078 ], [ -62.130596079999975, -40.406455996999966 ] ] ], [ [ [ -62.121258, -40.395473 ], [ -62.126594950999959, -40.406391000999974 ], [ -62.133148, -40.399033 ], [ -62.121258, -40.395473 ] ] ], [ [ [ -62.113670106999962, -40.386253052999962 ], [ -62.125206, -40.386559 ], [ -62.112324, -40.379387 ], [ -62.113670106999962, -40.386253052999962 ] ] ], [ [ [ -62.163902, -40.360973 ], [ -62.141693060999955, -40.38658509499993 ], [ -62.151569274999986, -40.396739927999931 ], [ -62.132046, -40.390488 ], [ -62.143433, -40.420517 ], [ -62.198364, -40.436714 ], [ -62.173947, -40.368511 ], [ -62.163902, -40.360973 ] ] ], [ [ [ -62.36434901299998, -40.357613009999966 ], [ -62.356049, -40.35656 ], [ -62.357067, -40.364262 ], [ -62.36434901299998, -40.357613009999966 ] ] ], [ [ [ -62.287364655999966, -40.299679867999942 ], [ -62.264919, -40.299431 ], [ -62.266963972999974, -40.315116920999969 ], [ -62.312058, -40.342857 ], [ -62.287364655999966, -40.299679867999942 ] ] ], [ [ [ -62.34335704199998, -40.285706 ], [ -62.311237, -40.297943 ], [ -62.32803, -40.34161 ], [ -62.344757039999934, -40.341629013999977 ], [ -62.34335704199998, -40.285706 ] ] ], [ [ [ -62.072148, -40.251896 ], [ -62.081829028999948, -40.259487073999935 ], [ -62.074963, -40.245831 ], [ -62.072148, -40.251896 ] ] ], [ [ [ -62.369338993999975, -40.25598903599996 ], [ -62.374676, -40.237431 ], [ -62.357102, -40.23391 ], [ -62.357063, -40.250977 ], [ -62.369338993999975, -40.25598903599996 ] ] ], [ [ [ -62.346397399999944, -40.211929318999978 ], [ -62.353241, -40.211662 ], [ -62.34338401499997, -40.207073058999981 ], [ -62.346397399999944, -40.211929318999978 ] ] ], [ [ [ -62.362995, -40.219936 ], [ -62.369091040999933, -40.214965928999959 ], [ -62.353328995999959, -40.205676983999979 ], [ -62.362995, -40.219936 ] ] ], [ [ [ -62.354719899999964, -40.223073055999976 ], [ -62.342671, -40.207455 ], [ -62.319168037999987, -40.194419963999962 ], [ -62.33297, -40.212685 ], [ -62.354719899999964, -40.223073055999976 ] ] ], [ [ [ -62.110290533999944, -40.124981003999949 ], [ -62.109169005999945, -40.20158001599998 ], [ -62.093014, -40.206402 ], [ -62.108772, -40.220001 ], [ -62.131474, -40.178009 ], [ -62.124549993999949, -40.144627001999936 ], [ -62.116509, -40.126938 ], [ -62.110290533999944, -40.124981003999949 ] ] ], [ [ [ -62.159133136999969, -40.020228447999955 ], [ -62.149738, -40.034885 ], [ -62.119403961999978, -40.02562000599994 ], [ -62.155621, -40.036934 ], [ -62.16877, -40.027325 ], [ -62.159133136999969, -40.020228447999955 ] ] ], [ [ [ -62.149635, -39.886608 ], [ -62.149910013999943, -39.891239086999974 ], [ -62.15317909099997, -39.886840913999947 ], [ -62.149635, -39.886608 ] ] ], [ [ [ -62.115482, -39.874882 ], [ -62.123695, -39.881413 ], [ -62.113419, -39.865162 ], [ -62.115482, -39.874882 ] ] ], [ [ [ -62.250809, -39.865559 ], [ -62.19931, -39.863319 ], [ -62.189778, -39.873035 ], [ -62.222461972999952, -39.88109198099994 ], [ -62.250809, -39.865559 ] ] ], [ [ [ -62.220093, -39.349873 ], [ -62.226829, -39.338207 ], [ -62.211822, -39.344147 ], [ -62.220093, -39.349873 ] ] ], [ [ [ -62.259056027999975, -39.338127059999977 ], [ -62.246025041999985, -39.338500987999964 ], [ -62.255081, -39.342674 ], [ -62.259056027999975, -39.338127059999977 ] ] ], [ [ [ -62.251532997999959, -39.333232948999978 ], [ -62.249401059999968, -39.336299930999985 ], [ -62.260155, -39.334244 ], [ -62.251532997999959, -39.333232948999978 ] ] ], [ [ [ -62.017645203999962, -39.23926021099993 ], [ -61.996956, -39.248425 ], [ -62.011044, -39.2617 ], [ -62.032761, -39.251446 ], [ -62.017645203999962, -39.23926021099993 ] ] ], [ [ [ -62.159534, -39.195351 ], [ -62.06448003099996, -39.245998032999978 ], [ -62.114730896999959, -39.243835028999968 ], [ -62.159534, -39.195351 ] ] ], [ [ [ -62.240475, -39.190384 ], [ -62.223862, -39.198071 ], [ -62.224547997999935, -39.205154000999983 ], [ -62.240475, -39.190384 ] ] ], [ [ [ -62.190025, -39.175499 ], [ -62.197822, -39.174854 ], [ -62.194335968999951, -39.172351916999958 ], [ -62.190025, -39.175499 ] ] ], [ [ [ -61.86328502799995, -39.155738885999938 ], [ -61.867195063999986, -39.156314924999947 ], [ -61.865200020999964, -39.153678945999957 ], [ -61.86328502799995, -39.155738885999938 ] ] ], [ [ [ -61.872974, -39.162048 ], [ -61.875282, -39.15691 ], [ -61.87120099599997, -39.151061973999958 ], [ -61.872974, -39.162048 ] ] ], [ [ [ -61.908398000999966, -39.107543990999943 ], [ -61.904541003999952, -39.135475090999932 ], [ -61.910767, -39.154045 ], [ -61.920616074999941, -39.141963978999968 ], [ -61.910198083999944, -39.128440913999952 ], [ -61.922447116999933, -39.119953066999983 ], [ -61.908398000999966, -39.107543990999943 ] ] ], [ [ [ -62.034927, -39.106697 ], [ -62.037303961999953, -39.104309040999965 ], [ -62.032279976999973, -39.103939036999975 ], [ -62.034927, -39.106697 ] ] ], [ [ [ -61.919456, -39.097942 ], [ -61.907677, -39.099567 ], [ -61.912590012999942, -39.100177881999969 ], [ -61.919456, -39.097942 ] ] ], [ [ [ -62.020733, -39.087177 ], [ -61.986709, -39.097569 ], [ -62.001483957999938, -39.104743978999977 ], [ -61.998741, -39.109158 ], [ -61.989612, -39.109512 ], [ -62.002937, -39.116169 ], [ -61.999111065999955, -39.130046920999973 ], [ -61.989719, -39.126038 ], [ -61.987736, -39.109089 ], [ -61.999538044999952, -39.105454026999951 ], [ -61.985652961999961, -39.100769020999962 ], [ -61.984703, -39.095676 ], [ -61.990295, -39.089706 ], [ -61.977245, -39.090061 ], [ -61.980502930999933, -39.101375964999932 ], [ -61.966881, -39.114536 ], [ -61.975234991999969, -39.090190942999982 ], [ -61.931721, -39.095596 ], [ -61.928101, -39.099205 ], [ -61.93245, -39.102528 ], [ -61.93008, -39.106281 ], [ -61.936897, -39.102264 ], [ -61.941418, -39.102665 ], [ -61.945065, -39.106739 ], [ -61.943165, -39.114185 ], [ -61.912868, -39.101658 ], [ -61.926403008999955, -39.111644845999933 ], [ -61.917347, -39.111469 ], [ -61.92483896799996, -39.120628075999946 ], [ -61.913487, -39.131542 ], [ -61.923144982999986, -39.14125802999996 ], [ -61.934109, -39.1385 ], [ -61.947247, -39.147335 ], [ -61.928699, -39.140003 ], [ -61.909294, -39.162647 ], [ -61.904694, -39.145477 ], [ -61.888645, -39.158646 ], [ -61.89557997299994, -39.090900104999946 ], [ -61.884796, -39.096584 ], [ -61.870716039999934, -39.150180905999946 ], [ -61.885464, -39.159058 ], [ -61.869010961999948, -39.165000957999951 ], [ -61.865036014999987, -39.194015018999949 ], [ -61.873592, -39.19202 ], [ -61.883399939999947, -39.199890049999965 ], [ -61.863587, -39.193924 ], [ -61.864940703999935, -39.162120907999963 ], [ -61.852368, -39.193611 ], [ -61.852069908999965, -39.224666633999959 ], [ -61.86982, -39.244331 ], [ -61.949806, -39.178597 ], [ -62.056797029999984, -39.157665128999952 ], [ -62.05446600099998, -39.13625303699996 ], [ -62.039627, -39.13456 ], [ -62.034873980999976, -39.115570033999973 ], [ -62.041374082999937, -39.109416952999936 ], [ -62.016166970999961, -39.117671918999974 ], [ -62.032089115999952, -39.109867046999966 ], [ -62.012989040999969, -39.107559072999948 ], [ -62.011318, -39.100239 ], [ -62.020733, -39.087177 ] ] ], [ [ [ -62.037670066999965, -39.081726036999953 ], [ -62.014461, -39.106831 ], [ -62.02282, -39.103058 ], [ -62.037777, -39.103127 ], [ -62.042793, -39.111259 ], [ -62.03632, -39.115051 ], [ -62.055374, -39.134724 ], [ -62.061179968999966, -39.150394012999982 ], [ -62.072883933999947, -39.148669946999973 ], [ -62.074691885999982, -39.134696979999944 ], [ -62.061389960999975, -39.135047955999937 ], [ -62.080128, -39.085541 ], [ -62.037670066999965, -39.081726036999953 ] ] ], [ [ [ -62.12701138999995, -39.006174304999945 ], [ -62.122265, -39.028648 ], [ -62.14064, -39.035545 ], [ -62.13808, -39.013046 ], [ -62.12701138999995, -39.006174304999945 ] ] ], [ [ [ -62.200692209999943, -39.006528659999958 ], [ -62.210419026999944, -39.021320034999974 ], [ -62.218586, -39.007278 ], [ -62.215759, -39.0047 ], [ -62.200692209999943, -39.006528659999958 ] ] ], [ [ [ -62.29913328899994, -39.023159060999944 ], [ -62.302185028999986, -39.009864902999936 ], [ -62.270313121999948, -38.999858977999963 ], [ -62.278095, -39.017597 ], [ -62.29913328899994, -39.023159060999944 ] ] ], [ [ [ -62.310126968999953, -38.988797968999961 ], [ -62.311783030999948, -38.991891021999947 ], [ -62.313004, -38.987989 ], [ -62.310126968999953, -38.988797968999961 ] ] ], [ [ [ -62.068267951999985, -38.983022052999956 ], [ -62.00827, -39.017605 ], [ -62.040519824999933, -39.03977200099996 ], [ -62.074452012999984, -39.003360942999961 ], [ -62.09708, -39.023807 ], [ -62.12677, -39.004623 ], [ -62.068267951999985, -38.983022052999956 ] ] ], [ [ [ -62.056533964999971, -38.982053088999976 ], [ -62.021813, -38.985971 ], [ -62.014141066999969, -38.994138073999977 ], [ -62.056533964999971, -38.982053088999976 ] ] ], [ [ [ -62.071194, -38.979066 ], [ -62.083949978999954, -38.979642050999985 ], [ -62.07075507199994, -38.976891920999947 ], [ -62.071194, -38.979066 ] ] ], [ [ [ -62.28353894199995, -38.975308893999966 ], [ -62.288982344999965, -38.979111992999947 ], [ -62.291210013999944, -38.977312005999977 ], [ -62.28353894199995, -38.975308893999966 ] ] ], [ [ [ -62.285121972999946, -38.95871494499994 ], [ -62.291992, -38.961877 ], [ -62.29457098499995, -38.954308959999935 ], [ -62.285121972999946, -38.95871494499994 ] ] ], [ [ [ -62.296363964999955, -38.954168004999929 ], [ -62.303238000999954, -38.961709 ], [ -62.298386, -38.952691 ], [ -62.296363964999955, -38.954168004999929 ] ] ], [ [ [ -62.260677, -38.932485 ], [ -62.283207, -38.951845 ], [ -62.294113047999986, -38.944931983999936 ], [ -62.280403, -38.926237 ], [ -62.260677, -38.932485 ] ] ], [ [ [ -62.240482, -38.871438 ], [ -62.236824, -38.874399 ], [ -62.241448, -38.874128 ], [ -62.240482, -38.871438 ] ] ], [ [ [ -62.285588443999984, -38.871584206999955 ], [ -62.281758, -38.869993 ], [ -62.279213, -38.87203 ], [ -62.267376073999969, -38.873246922999954 ], [ -62.285588443999984, -38.871584206999955 ] ] ], [ [ [ -62.278797100999952, -38.868974108999964 ], [ -62.268223064999972, -38.868779942999936 ], [ -62.279289, -38.871068 ], [ -62.278797100999952, -38.868974108999964 ] ] ], [ [ [ -62.25436794899997, -38.86926402499995 ], [ -62.258007046999978, -38.86821890799996 ], [ -62.25713, -38.866762 ], [ -62.25436794899997, -38.86926402499995 ] ] ], [ [ [ -62.307262, -38.866151 ], [ -62.286881, -38.877004 ], [ -62.305164016999981, -38.878338975999952 ], [ -62.293987, -38.892248 ], [ -62.312583978999953, -38.882092924999938 ], [ -62.307262, -38.866151 ] ] ], [ [ [ -62.260311, -38.866163 ], [ -62.260342, -38.86762 ], [ -62.262295, -38.866521 ], [ -62.260311, -38.866163 ] ] ], [ [ [ -62.25354009299997, -38.86564392799994 ], [ -62.254822, -38.865648 ], [ -62.25433, -38.865281 ], [ -62.25354009299997, -38.86564392799994 ] ] ], [ [ [ -62.257095, -38.864755 ], [ -62.259028992999959, -38.865315917999965 ], [ -62.25918196899994, -38.865235893999966 ], [ -62.257095, -38.864755 ] ] ], [ [ [ -62.264912, -38.864858 ], [ -62.269131, -38.865533 ], [ -62.264874, -38.863916 ], [ -62.264912, -38.864858 ] ] ], [ [ [ -62.3162, -38.863782 ], [ -62.318409, -38.874608 ], [ -62.324391, -38.874242 ], [ -62.3162, -38.863782 ] ] ], [ [ [ -62.26133, -38.862436 ], [ -62.263931019999973, -38.862596046999954 ], [ -62.264392946999976, -38.861882953999952 ], [ -62.26133, -38.862436 ] ] ], [ [ [ -62.333259, -38.855531 ], [ -62.331963, -38.860914 ], [ -62.335796, -38.8589 ], [ -62.333259, -38.855531 ] ] ], [ [ [ -62.284275, -38.852556 ], [ -62.282089, -38.858602 ], [ -62.286453, -38.858392 ], [ -62.284275, -38.852556 ] ] ], [ [ [ -62.330879, -38.847974 ], [ -62.317661, -38.847955 ], [ -62.313671, -38.855707 ], [ -62.330879, -38.847974 ] ] ], [ [ [ -62.308662, -38.855115 ], [ -62.299145, -38.846239 ], [ -62.29485, -38.852594 ], [ -62.308662, -38.855115 ] ] ], [ [ [ -62.317844, -38.833662 ], [ -62.307816, -38.837652 ], [ -62.319248, -38.838281 ], [ -62.317844, -38.833662 ] ] ], [ [ [ -62.257748, -38.827219 ], [ -62.227421, -38.857294 ], [ -62.270973, -38.839425 ], [ -62.257748, -38.827219 ] ] ], [ [ [ -62.317123980999952, -38.826532036999936 ], [ -62.323933, -38.826814 ], [ -62.316792, -38.82485 ], [ -62.317123980999952, -38.826532036999936 ] ] ], [ [ [ -62.302536037999971, -38.820908980999945 ], [ -62.30587, -38.825368 ], [ -62.30983, -38.824022 ], [ -62.302536037999971, -38.820908980999945 ] ] ], [ [ [ -62.259392, -38.813627 ], [ -62.273994, -38.81952 ], [ -62.27977, -38.800107 ], [ -62.259392, -38.813627 ] ] ], [ [ [ -58.323551, -34.244977 ], [ -58.330723964999947, -34.246695971999941 ], [ -58.330052, -34.241689 ], [ -58.323551, -34.244977 ] ] ], [ [ [ -58.323326, -34.23657 ], [ -58.319217005999974, -34.23866288399995 ], [ -58.325718, -34.237766 ], [ -58.323326, -34.23657 ] ] ], [ [ [ -58.324298, -34.235449 ], [ -58.329678, -34.238214 ], [ -58.329977007999958, -34.232834060999949 ], [ -58.324298, -34.235449 ] ] ], [ [ [ -58.294648957999982, -34.23183496799993 ], [ -58.297297065999942, -34.234608913999978 ], [ -58.298127, -34.231977 ], [ -58.294648957999982, -34.23183496799993 ] ] ], [ [ [ -58.268046, -34.224745 ], [ -58.264544010999941, -34.23672099099997 ], [ -58.27103406699996, -34.225773986999968 ], [ -58.268046, -34.224745 ] ] ], [ [ [ -58.3371, -34.23725 ], [ -58.348866, -34.221686 ], [ -58.338796, -34.214272062999953 ], [ -58.332268085999942, -34.221353933999978 ], [ -58.3371, -34.23725 ] ] ], [ [ [ -58.316974970999979, -34.225585918999968 ], [ -58.329902, -34.231713 ], [ -58.330798992999974, -34.213705 ], [ -58.316974970999979, -34.225585918999968 ] ] ], [ [ [ -58.330425011999978, -34.210565981999935 ], [ -58.306961916999967, -34.217963992999955 ], [ -58.309502, -34.226781 ], [ -58.330425011999978, -34.210565981999935 ] ] ], [ [ [ -58.260102, -34.208364 ], [ -58.250299, -34.214349 ], [ -58.253172, -34.216981 ], [ -58.260102, -34.208364 ] ] ], [ [ [ -58.283791, -34.209904 ], [ -58.29243, -34.231405 ], [ -58.297714009999936, -34.218569043999935 ], [ -58.32991, -34.205948 ], [ -58.312261, -34.186266 ], [ -58.283791, -34.209904 ] ] ], [ [ [ -58.258266, -34.181706 ], [ -58.243062, -34.186941 ], [ -58.254986, -34.190456 ], [ -58.258266, -34.181706 ] ] ], [ [ [ -58.333232015999954, -34.178750992999937 ], [ -58.317273025999953, -34.181922977999932 ], [ -58.334471041999961, -34.195255074999977 ], [ -58.333232015999954, -34.178750992999937 ] ] ], [ [ [ -58.325852, -34.163311 ], [ -58.332736, -34.177561 ], [ -58.334389040999952, -34.177211050999972 ], [ -58.325852, -34.163311 ] ] ], [ [ [ -58.331795, -34.15392 ], [ -58.334967, -34.173894 ], [ -58.342104, -34.151294 ], [ -58.331795, -34.15392 ] ] ], [ [ [ -58.330457, -34.148196 ], [ -58.332438998999976, -34.149682911999946 ], [ -58.332279, -34.146843 ], [ -58.330457, -34.148196 ] ] ], [ [ [ -58.334272970999962, -34.145966008999949 ], [ -58.340865, -34.149485 ], [ -58.336553, -34.138977 ], [ -58.334272970999962, -34.145966008999949 ] ] ], [ [ [ -56.866247, -27.591876 ], [ -56.855197, -27.592904 ], [ -56.855711115999952, -27.594831 ], [ -56.866247, -27.591876 ] ] ], [ [ [ -56.74911500199994, -27.593955991999962 ], [ -56.753385, -27.592099 ], [ -56.749424112999975, -27.59346093399995 ], [ -56.74911500199994, -27.593955991999962 ] ] ], [ [ [ -56.871964980999962, -27.586543981999966 ], [ -56.863581967999949, -27.587619943999982 ], [ -56.862235092999981, -27.588761940999973 ], [ -56.871964980999962, -27.586543981999966 ] ] ], [ [ [ -56.722726430999955, -27.585740273999932 ], [ -56.718509, -27.585508 ], [ -56.732994075999954, -27.592678065999962 ], [ -56.722726430999955, -27.585740273999932 ] ] ], [ [ [ -56.706065065999951, -27.577740037999945 ], [ -56.710211971999968, -27.578669014999946 ], [ -56.706684021999934, -27.575079035999977 ], [ -56.706065065999951, -27.577740037999945 ] ] ], [ [ [ -56.784516, -27.571655 ], [ -56.788960884999938, -27.576243953999949 ], [ -56.789466, -27.575666 ], [ -56.784516, -27.571655 ] ] ], [ [ [ -56.767165, -27.573407 ], [ -56.760082, -27.575118 ], [ -56.772225, -27.576443 ], [ -56.767165, -27.573407 ] ] ], [ [ [ -56.690861, -27.570039 ], [ -56.690297, -27.572176 ], [ -56.693674, -27.574418 ], [ -56.690861, -27.570039 ] ] ], [ [ [ -56.764043, -27.572065 ], [ -56.772225019999951, -27.572202966999953 ], [ -56.756179, -27.569444 ], [ -56.75872, -27.571362 ], [ -56.764043, -27.572065 ] ] ], [ [ [ -56.762446, -27.568803 ], [ -56.768081, -27.569071 ], [ -56.761047, -27.567587 ], [ -56.762446, -27.568803 ] ] ], [ [ [ -56.912799966999955, -27.570917002999977 ], [ -56.913056968999967, -27.567447916999981 ], [ -56.902184013999943, -27.570290040999964 ], [ -56.899074072999952, -27.573136897999973 ], [ -56.912799966999955, -27.570917002999977 ] ] ], [ [ [ -56.736126032999948, -27.560065986999973 ], [ -56.741974, -27.561672 ], [ -56.736842908999961, -27.558564083999954 ], [ -56.736126032999948, -27.560065986999973 ] ] ], [ [ [ -56.70503, -27.558398 ], [ -56.701229918999957, -27.558390017999955 ], [ -56.703736, -27.563565 ], [ -56.70503, -27.558398 ] ] ], [ [ [ -56.686068016999968, -27.560885998999936 ], [ -56.706684021999934, -27.580772945999968 ], [ -56.693315943999949, -27.545062861999952 ], [ -56.686068016999968, -27.560885998999936 ] ] ], [ [ [ -56.944729078999956, -27.53583993999996 ], [ -56.930999029999953, -27.54867401599995 ], [ -56.930017, -27.557105 ], [ -56.941516976999935, -27.546118940999975 ], [ -56.944729078999956, -27.53583993999996 ] ] ], [ [ [ -56.903123, -27.53849 ], [ -56.90710603399998, -27.538233021999929 ], [ -56.907363044999954, -27.535663088999968 ], [ -56.903123, -27.53849 ] ] ], [ [ [ -56.727606, -27.537425 ], [ -56.731921, -27.536602 ], [ -56.729446001999975, -27.533383959999981 ], [ -56.727606, -27.537425 ] ] ], [ [ [ -56.946784973999968, -27.532691960999955 ], [ -56.937078035999946, -27.537875911999947 ], [ -56.933892, -27.544083 ], [ -56.946784973999968, -27.532691960999955 ] ] ], [ [ [ -56.945622, -27.531965 ], [ -56.93928, -27.532507 ], [ -56.937885041999948, -27.534431916999949 ], [ -56.945622, -27.531965 ] ] ], [ [ [ -56.922846, -27.530588 ], [ -56.908043121999981, -27.538816985999972 ], [ -56.931005022999955, -27.530716047999931 ], [ -56.922846, -27.530588 ] ] ], [ [ [ -56.934065, -27.527544 ], [ -56.928909050999948, -27.527833072999954 ], [ -56.927512, -27.528749 ], [ -56.934065, -27.527544 ] ] ], [ [ [ -56.705765, -27.557421 ], [ -56.734235, -27.591428 ], [ -56.783897, -27.582692 ], [ -56.761369, -27.577493 ], [ -56.734045038999966, -27.558730955999977 ], [ -56.716932, -27.519936 ], [ -56.69966502799997, -27.536523006999971 ], [ -56.705765, -27.557421 ] ] ], [ [ [ -56.725842, -27.525369 ], [ -56.731179, -27.527566 ], [ -56.726104, -27.519706 ], [ -56.725842, -27.525369 ] ] ], [ [ [ -56.951989017999949, -27.523312021999971 ], [ -56.946155, -27.525062 ], [ -56.925912, -27.535369 ], [ -56.910732, -27.539054 ], [ -56.894129040999985, -27.551716036999949 ], [ -56.875988124999935, -27.583573003999959 ], [ -56.900854, -27.569427 ], [ -56.919609769999965, -27.562565244999973 ], [ -56.932373, -27.535113 ], [ -56.951989017999949, -27.523312021999971 ] ] ], [ [ [ -56.94276, -27.520435 ], [ -56.947813, -27.522284 ], [ -56.954816, -27.514896 ], [ -56.94276, -27.520435 ] ] ], [ [ [ -56.35707, -27.517885 ], [ -56.364729, -27.533633 ], [ -56.3712, -27.538533 ], [ -56.367440998999939, -27.52040601799996 ], [ -56.35707, -27.517885 ] ] ], [ [ [ -56.320702043999972, -27.495473111999956 ], [ -56.343201, -27.508499 ], [ -56.3443, -27.507991 ], [ -56.320702043999972, -27.495473111999956 ] ] ], [ [ [ -57.221511, -27.464203006999981 ], [ -57.232337, -27.463443 ], [ -57.239298013999985, -27.45665497799996 ], [ -57.232975, -27.457467 ], [ -57.221511, -27.464203006999981 ] ] ], [ [ [ -57.475475, -27.438086941999984 ], [ -57.478679995999983, -27.439996985999983 ], [ -57.479295, -27.438837 ], [ -57.475475, -27.438086941999984 ] ] ], [ [ [ -57.484118, -27.436117 ], [ -57.479920956999933, -27.438492985999972 ], [ -57.487839009999959, -27.439153036999983 ], [ -57.484118, -27.436117 ] ] ], [ [ [ -57.463196074999985, -27.433925948999956 ], [ -57.451574, -27.436581986999954 ], [ -57.472951, -27.438564 ], [ -57.463196074999985, -27.433925948999956 ] ] ], [ [ [ -57.442050097999982, -27.427513978999968 ], [ -57.450031, -27.431948 ], [ -57.454806, -27.430925 ], [ -57.442050097999982, -27.427513978999968 ] ] ], [ [ [ -57.54839395099998, -27.426490972999943 ], [ -57.541231724999932, -27.427582143999928 ], [ -57.540481, -27.429151 ], [ -57.54839395099998, -27.426490972999943 ] ] ], [ [ [ -56.914825982999957, -27.423539957999935 ], [ -56.871761, -27.430442 ], [ -56.764027, -27.502564911999968 ], [ -56.7294, -27.501961 ], [ -56.737973, -27.550577 ], [ -56.840421, -27.596181 ], [ -56.871579969999971, -27.583459963999928 ], [ -56.903059, -27.537397 ], [ -56.970105, -27.492732 ], [ -57.032065, -27.480648 ], [ -56.914825982999957, -27.423539957999935 ] ] ], [ [ [ -57.551941080999939, -27.419532986999968 ], [ -57.549349, -27.425468 ], [ -57.553169, -27.419738 ], [ -57.551941080999939, -27.419532986999968 ] ] ], [ [ [ -57.564561, -27.410529 ], [ -57.557193, -27.414144 ], [ -57.554601, -27.416941 ], [ -57.564561, -27.410529 ] ] ], [ [ [ -57.566464812999982, -27.385186965999935 ], [ -57.502453, -27.403322 ], [ -57.404192025999976, -27.416599934999965 ], [ -57.478020954999977, -27.436615924999955 ], [ -57.484350996999979, -27.435520951999933 ], [ -57.492186, -27.438701 ], [ -57.593415, -27.392452 ], [ -57.566464812999982, -27.385186965999935 ] ] ], [ [ [ -57.606365080999979, -27.382250977999945 ], [ -57.610585887999946, -27.381637014999967 ], [ -57.60579, -27.381215 ], [ -57.606365080999979, -27.382250977999945 ] ] ], [ [ [ -56.005098951999969, -27.337421002999974 ], [ -55.998049, -27.338176 ], [ -55.996201982999935, -27.340274886999964 ], [ -56.005098951999969, -27.337421002999974 ] ] ], [ [ [ -55.9471, -27.335239 ], [ -55.928886090999981, -27.338344000999939 ], [ -55.960362, -27.341869 ], [ -55.9471, -27.335239 ] ] ], [ [ [ -57.786823, -27.328552 ], [ -57.772207, -27.329422 ], [ -57.769098008999947, -27.330168993999962 ], [ -57.779173025999967, -27.333153971999934 ], [ -57.784833, -27.332221 ], [ -57.786823, -27.328552 ] ] ], [ [ [ -57.820477016999973, -27.324565991999975 ], [ -57.806308981999962, -27.325545966999982 ], [ -57.802601, -27.327855 ], [ -57.820477016999973, -27.324565991999975 ] ] ], [ [ [ -57.787068, -27.325632 ], [ -57.741519918999984, -27.323306972999944 ], [ -57.75212, -27.327925 ], [ -57.782765078999944, -27.327819916999943 ], [ -57.798087915999986, -27.325021044999971 ], [ -57.794081, -27.32573 ], [ -57.791364, -27.324007 ], [ -57.787068, -27.325632 ] ] ], [ [ [ -57.818483011999945, -27.320124002999933 ], [ -57.798223988999951, -27.322498075999931 ], [ -57.787826, -27.320612 ], [ -57.78413, -27.322537 ], [ -57.786963080999953, -27.325335990999974 ], [ -57.790252, -27.323727 ], [ -57.792176029999951, -27.324076961999936 ], [ -57.794589545999941, -27.325266060999979 ], [ -57.818483011999945, -27.320124002999933 ] ] ], [ [ [ -58.609024984999962, -27.316138059999957 ], [ -58.613093, -27.313283 ], [ -58.607097, -27.312854 ], [ -58.609024984999962, -27.316138059999957 ] ] ], [ [ [ -57.824369326999943, -27.302925849999951 ], [ -57.775227, -27.314999 ], [ -57.768948, -27.321109 ], [ -57.819451, -27.318697 ], [ -57.824369326999943, -27.302925849999951 ] ] ], [ [ [ -57.821589340999935, -27.318393742999945 ], [ -57.837282014999971, -27.307301963999976 ], [ -57.838822, -27.297833 ], [ -57.827021, -27.309075 ], [ -57.821589340999935, -27.318393742999945 ] ] ], [ [ [ -58.418207, -27.283202 ], [ -58.413948, -27.281097 ], [ -58.41312, -27.281593 ], [ -58.418207, -27.283202 ] ] ], [ [ [ -58.197778, -27.275957 ], [ -58.194109, -27.279431 ], [ -58.199791, -27.277061 ], [ -58.197778, -27.275957 ] ] ], [ [ [ -58.351108916999976, -27.274010911999937 ], [ -58.361280032999957, -27.27470296599995 ], [ -58.349075, -27.271803 ], [ -58.351108916999976, -27.274010911999937 ] ] ], [ [ [ -58.457879986999956, -27.271700051999971 ], [ -58.4626, -27.271824 ], [ -58.463321, -27.270848 ], [ -58.457879986999956, -27.271700051999971 ] ] ], [ [ [ -58.164997, -27.271396 ], [ -58.168732, -27.274042 ], [ -58.169783, -27.2698 ], [ -58.164997, -27.271396 ] ] ], [ [ [ -58.200732, -27.268945 ], [ -58.187681963999978, -27.269886901999939 ], [ -58.184533065999972, -27.272516117999942 ], [ -58.200732, -27.268945 ] ] ], [ [ [ -58.431126, -27.268229 ], [ -58.420368, -27.279649 ], [ -58.422009, -27.280627 ], [ -58.431126, -27.268229 ] ] ], [ [ [ -58.341444062999983, -27.26944108899994 ], [ -58.337693, -27.27377 ], [ -58.345599, -27.274808 ], [ -58.341444062999983, -27.26944108899994 ] ] ], [ [ [ -58.441058, -27.265638 ], [ -58.436534046999952, -27.270747000999961 ], [ -58.441708, -27.267037 ], [ -58.441058, -27.265638 ] ] ], [ [ [ -58.300387, -27.265814 ], [ -58.301328, -27.271593 ], [ -58.312138, -27.27169 ], [ -58.300387, -27.265814 ] ] ], [ [ [ -58.303643, -27.262458 ], [ -58.31784, -27.2725 ], [ -58.335558, -27.273423 ], [ -58.321649, -27.262574 ], [ -58.303643, -27.262458 ] ] ], [ [ [ -58.32499603499997, -27.262053948999949 ], [ -58.335153, -27.264016 ], [ -58.324073, -27.261362 ], [ -58.32499603499997, -27.262053948999949 ] ] ], [ [ [ -58.090524, -27.259874 ], [ -58.09367601799994, -27.266256902999942 ], [ -58.100041, -27.266305 ], [ -58.090524, -27.259874 ] ] ], [ [ [ -58.265635, -27.259689 ], [ -58.263817, -27.261247 ], [ -58.267712949999975, -27.261290024999937 ], [ -58.265635, -27.259689 ] ] ], [ [ [ -58.211347, -27.263184 ], [ -58.215346408999949, -27.258624103999978 ], [ -58.204121, -27.25965 ], [ -58.196700373999931, -27.259136915999932 ], [ -58.190817890999938, -27.262455975999956 ], [ -58.187876, -27.263103 ], [ -58.184773, -27.263319 ], [ -58.183694, -27.262942 ], [ -58.183093, -27.261355 ], [ -58.170483980999961, -27.269217009999977 ], [ -58.211347, -27.263184 ] ] ], [ [ [ -58.156434, -27.255864 ], [ -58.138566004999973, -27.265545992999932 ], [ -58.178002, -27.259267 ], [ -58.156434, -27.255864 ] ] ], [ [ [ -58.299532, -27.255636 ], [ -58.288235030999942, -27.256219962999978 ], [ -58.286417084999982, -27.256577006999976 ], [ -58.291384, -27.260115 ], [ -58.299532, -27.255636 ] ] ], [ [ [ -58.214726, -27.258435 ], [ -58.189397, -27.257697 ], [ -58.183839000999967, -27.261834121999982 ], [ -58.196808306999969, -27.258867004999956 ], [ -58.214726, -27.258435 ] ] ], [ [ [ -58.235813037999947, -27.258693024999957 ], [ -58.223997099999963, -27.262112049999928 ], [ -58.244081007999966, -27.253966038999977 ], [ -58.235813037999947, -27.258693024999957 ] ] ], [ [ [ -66.207660960999988, -21.788354080999966 ], [ -66.076305, -21.834975 ], [ -66.043277888999967, -21.871938943999965 ], [ -66.048167, -21.919017 ], [ -65.924777887999937, -21.93354998999996 ], [ -65.804835, -22.075248 ], [ -65.748263, -22.109145 ], [ -65.589006390999941, -22.098582112999964 ], [ -65.574645, -22.076204 ], [ -65.483812, -22.095767 ], [ -64.993372, -22.082433 ], [ -64.923718, -22.121129 ], [ -64.861681, -22.122004 ], [ -64.736849958999983, -22.193902045999948 ], [ -64.681805, -22.186504 ], [ -64.618044, -22.204554 ], [ -64.593028, -22.246641 ], [ -64.537584, -22.284277 ], [ -64.546854948999965, -22.316099036999958 ], [ -64.564190029999963, -22.323469949999946 ], [ -64.566538994999974, -22.369301944999961 ], [ -64.512846091999961, -22.412543934999974 ], [ -64.52523496699996, -22.440809972999944 ], [ -64.4921, -22.43595 ], [ -64.474529951999955, -22.468380998999976 ], [ -64.483277029999954, -22.480200002999936 ], [ -64.41208, -22.538378 ], [ -64.40958, -22.56295 ], [ -64.430199961999961, -22.581729070999927 ], [ -64.423988, -22.634356 ], [ -64.441352, -22.638786 ], [ -64.413668048999966, -22.656641031999982 ], [ -64.415918943999941, -22.678566948999958 ], [ -64.394727818999968, -22.685684475999949 ], [ -64.39073, -22.7121 ], [ -64.403209980999975, -22.71870011599998 ], [ -64.344334, -22.739398 ], [ -64.326729059999934, -22.837671605999958 ], [ -64.328206, -22.862033 ], [ -64.340856, -22.861582 ], [ -64.336433005999936, -22.873737027999937 ], [ -64.314783, -22.867125 ], [ -64.315759, -22.882828 ], [ -64.265343, -22.766659 ], [ -64.283608974999936, -22.751284928999951 ], [ -64.263968, -22.741238 ], [ -64.260946034999961, -22.675139976999958 ], [ -64.242292, -22.666053 ], [ -64.264589, -22.65016 ], [ -64.239192, -22.622973 ], [ -64.241691024999966, -22.557725980999976 ], [ -64.216292013999976, -22.543345993999935 ], [ -64.199627934999967, -22.491244920999975 ], [ -64.16306994699994, -22.468930075999936 ], [ -64.138185130999943, -22.407040966999944 ], [ -64.115516, -22.405607 ], [ -64.11689, -22.363235 ], [ -64.095086939999987, -22.30877200599997 ], [ -64.062408027999936, -22.238380982999956 ], [ -64.033519981999973, -22.242783010999972 ], [ -64.033102, -22.196829 ], [ -63.992654072999983, -22.133139067999934 ], [ -64.000038, -22.107676 ], [ -63.986036935999948, -22.109025896999981 ], [ -63.979611945999977, -22.080998014999977 ], [ -63.958069092999949, -22.085774066999932 ], [ -63.962189, -22.06459 ], [ -63.931457, -21.999377 ], [ -63.709075, -21.999336 ], [ -63.70561, -22.013991 ], [ -63.688578950999954, -22.011532060999969 ], [ -63.683776, -22.054768 ], [ -63.665267, -21.999342 ], [ -62.811176, -21.998768 ], [ -62.81424, -22.042162 ], [ -62.796955965999985, -22.066759992999948 ], [ -62.81385, -22.105641 ], [ -62.78763794799994, -22.166124114999946 ], [ -62.765128022999932, -22.152308043999938 ], [ -62.720628029999943, -22.202054898999961 ], [ -62.684916146999967, -22.212339970999949 ], [ -62.660228, -22.250683 ], [ -62.635512, -22.23924 ], [ -62.636645037999983, -22.305281036999929 ], [ -62.603773835999959, -22.306687957999941 ], [ -62.596904654999946, -22.321674220999967 ], [ -62.569188226999984, -22.309773115999974 ], [ -62.570764725999936, -22.333405286999948 ], [ -62.54033790699998, -22.328568344999951 ], [ -62.534576538999943, -22.36798741399997 ], [ -62.518603255999949, -22.378235221999944 ], [ -62.463894315999937, -22.372069495999938 ], [ -62.465468825999949, -22.402603365999937 ], [ -62.385170993999964, -22.453736864999939 ], [ -62.380613294999932, -22.473584775999939 ], [ -62.344043205999981, -22.455212566999933 ], [ -62.327324226999963, -22.484306747999938 ], [ -62.290196650999974, -22.474609203999933 ], [ -62.286542632999954, -22.523137511999948 ], [ -62.280917532999979, -22.511429935999956 ], [ -62.251208566999935, -22.515969178999967 ], [ -62.23322774199994, -22.56986298299995 ], [ -62.26379226399996, -22.603584124999941 ], [ -62.207746369999938, -22.645717943999955 ], [ -62.188955709999959, -22.622547606999944 ], [ -62.201020176999975, -22.683657970999946 ], [ -62.186290798999948, -22.678684823999959 ], [ -62.17722351599997, -22.693607186999941 ], [ -62.199704806999932, -22.694173614999954 ], [ -62.200949145999971, -22.706956525999942 ], [ -62.185912961999975, -22.70426139999995 ], [ -62.161090379999962, -22.732502661999945 ], [ -62.159202550999964, -22.758480391999967 ], [ -62.138556807999976, -22.761620326999946 ], [ -62.108199351999986, -22.819526562999954 ], [ -62.09524123999995, -22.806137251999928 ], [ -62.04054763299996, -22.869414792999976 ], [ -62.024822129999961, -22.927710892999983 ], [ -61.999596538999981, -22.929577000999927 ], [ -62.010375763999946, -22.975686190999966 ], [ -61.996765766999943, -22.966075316999934 ], [ -61.997119950999945, -23.010175333999939 ], [ -61.951611060999937, -23.03376076099994 ], [ -61.934727170999963, -23.067686911999942 ], [ -61.891829558999973, -23.069632791999936 ], [ -61.872649868999986, -23.09312670099996 ], [ -61.86056184499995, -23.085719013999949 ], [ -61.806596027999944, -23.156990051999969 ], [ -61.754424008999933, -23.17109278099997 ], [ -61.734665302999986, -23.19946377399998 ], [ -61.73489675999997, -23.235754266999948 ], [ -61.663075362999962, -23.276649972999962 ], [ -61.670796871999983, -23.284517339999979 ], [ -61.636656169999981, -23.275430480999944 ], [ -61.572953541999937, -23.304029564999951 ], [ -61.566557012999965, -23.339380612999946 ], [ -61.514961224999979, -23.352150645999927 ], [ -61.522207142999946, -23.377272995999931 ], [ -61.494121754999981, -23.424435504999963 ], [ -61.449489601999971, -23.419047783999929 ], [ -61.384661414999982, -23.459011602999965 ], [ -61.38466449799995, -23.447245903999942 ], [ -61.352069946999961, -23.449954331999947 ], [ -61.292668706999962, -23.49542618299995 ], [ -61.280860958999938, -23.488670499999955 ], [ -61.292100048999941, -23.509286413999973 ], [ -61.272954567999932, -23.506783022999969 ], [ -61.246900882999967, -23.54080076799994 ], [ -61.2151, -23.5518 ], [ -61.189737646999959, -23.540672451999967 ], [ -61.195368327999972, -23.549969113999964 ], [ -61.1302, -23.5785 ], [ -61.131921425999963, -23.598014149999983 ], [ -61.121889722999981, -23.58490435799996 ], [ -61.089515192999954, -23.613861253999971 ], [ -61.1012, -23.627 ], [ -61.095178188999967, -23.66666136799995 ], [ -60.986809128999937, -23.812866534999955 ], [ -60.958945619999952, -23.820573817999957 ], [ -60.933931615999938, -23.800325761999943 ], [ -60.857758486999955, -23.849203451999983 ], [ -60.847339008999938, -23.871547687999964 ], [ -60.7427, -23.8727 ], [ -60.693142991999935, -23.901888227999962 ], [ -60.612366032999944, -23.903581890999931 ], [ -60.5866, -23.9181 ], [ -60.578276917999972, -23.952639523999949 ], [ -60.588835080999957, -23.958852031999982 ], [ -60.50874384399998, -23.970821342999955 ], [ -60.4778, -23.951 ], [ -60.389170098999955, -23.99373511899995 ], [ -60.3746, -24.0226 ], [ -60.333712069999933, -24.021185333999938 ], [ -60.2951, -24.0414 ], [ -60.174385420999954, -24.043785944999968 ], [ -60.039, -24.0117 ], [ -59.474194717999978, -24.333466359999932 ], [ -59.421275505999972, -24.40887861799996 ], [ -59.37410388099994, -24.421866905999934 ], [ -59.350487729999941, -24.483048796999981 ], [ -59.257605469999987, -24.519680598999969 ], [ -59.241276418999973, -24.546062872999983 ], [ -59.185537544999931, -24.563641140999948 ], [ -59.127805871999954, -24.617952338999942 ], [ -59.079829989999951, -24.621283583999968 ], [ -59.023882912999966, -24.660098541999957 ], [ -58.972970774999965, -24.662055647999978 ], [ -58.80736116199995, -24.772408743999961 ], [ -58.726992486999961, -24.774331348999965 ], [ -58.708565940999961, -24.810518191999961 ], [ -58.688749789999974, -24.81017554899995 ], [ -58.673502202999941, -24.831514555999945 ], [ -58.573583876999976, -24.821025891999966 ], [ -58.526185013999964, -24.850816742999939 ], [ -58.510899355999982, -24.843507038999974 ], [ -58.47370362199996, -24.860905657999979 ], [ -58.430016717999933, -24.893304398999931 ], [ -58.428627111999958, -24.923437892999971 ], [ -58.408339827999953, -24.923057178999954 ], [ -58.333677099999932, -25.000018465999972 ], [ -58.230862969999976, -24.925963690999936 ], [ -58.193467360999932, -24.968032561999962 ], [ -58.149780456999963, -24.975213774999929 ], [ -58.137159794999945, -25.011676634999958 ], [ -58.090574707999963, -25.008749897999962 ], [ -58.068674148999946, -25.045712445999982 ], [ -58.005742163999969, -25.035061977999931 ], [ -57.990708728999948, -25.081789832999959 ], [ -57.941767974999948, -25.07168188299994 ], [ -57.86087486699995, -25.08177079799998 ], [ -57.83701363199998, -25.131425389999947 ], [ -57.753504068999973, -25.176473345999966 ], [ -57.759062489999963, -25.220274463999942 ], [ -57.735677146999933, -25.23463689099998 ], [ -57.741026174999945, -25.253253792999942 ], [ -57.722685289999959, -25.253053918999967 ], [ -57.722428307999962, -25.27753381399998 ], [ -57.69444584699994, -25.285966622999979 ], [ -57.702850102999946, -25.322201055999983 ], [ -57.570381156999986, -25.433440802999939 ], [ -57.55938804699997, -25.461780183999963 ], [ -57.579708643999936, -25.512534086999949 ], [ -57.572647038999946, -25.556052474999944 ], [ -57.604569887999958, -25.56878734999998 ], [ -57.616847905999975, -25.616071998999928 ], [ -57.674982897999939, -25.596998239999948 ], [ -57.678066678999983, -25.661072365999928 ], [ -57.74278497399996, -25.651878416999978 ], [ -57.766649780999956, -25.700130593999972 ], [ -57.727121646999933, -25.715038540999956 ], [ -57.77356466699996, -25.75760738699995 ], [ -57.827353263999953, -25.753745238999954 ], [ -57.796563836999951, -25.824855424999953 ], [ -57.816265773999987, -25.847412715999951 ], [ -57.85846874799995, -25.858001472999945 ], [ -57.86303731299995, -25.882200591999947 ], [ -57.836767209999948, -25.91559854999997 ], [ -57.878969330999951, -25.932273812999938 ], [ -57.895301950999965, -25.960713130999977 ], [ -57.85401354399994, -25.987439236999933 ], [ -57.854755935999947, -26.008454636999943 ], [ -57.919515345999969, -26.032325389999983 ], [ -57.946412773999953, -26.06601855699995 ], [ -58.015404055999966, -26.101667641999938 ], [ -58.090928147999932, -26.116279911999982 ], [ -58.118637824999951, -26.154353823999941 ], [ -58.119660139999951, -26.186495426999954 ], [ -58.159009285999957, -26.181186848999971 ], [ -58.104226955999934, -26.229894415999979 ], [ -58.16382531499994, -26.264372805999983 ], [ -58.159666017999939, -26.34881749799996 ], [ -58.221727119999969, -26.399495257999945 ], [ -58.18090032799995, -26.457397062999974 ], [ -58.234003149999978, -26.47424603199994 ], [ -58.207457491999946, -26.498438005999958 ], [ -58.224932253999953, -26.536071560999972 ], [ -58.199805144999971, -26.560513384999979 ], [ -58.194094438999969, -26.597804297999971 ], [ -58.210198630999969, -26.622131906999982 ], [ -58.191296192999971, -26.646345301999929 ], [ -58.26022441899994, -26.645088946999977 ], [ -58.246004759999948, -26.750337265999974 ], [ -58.293346515999986, -26.757761183999946 ], [ -58.283980957999972, -26.79539473899996 ], [ -58.334863351999957, -26.809557290999976 ], [ -58.32527162699995, -26.869673874999933 ], [ -58.370212624999965, -26.864265858999943 ], [ -58.384889139999984, -26.892191212999933 ], [ -58.442909916999952, -26.921943993999946 ], [ -58.502822756999933, -26.927890272999946 ], [ -58.468094132999965, -26.991443290999939 ], [ -58.477778929999943, -27.006174539999961 ], [ -58.521085119999952, -27.003854564999983 ], [ -58.502301263999982, -27.056031379999979 ], [ -58.517206207999948, -27.062655799999959 ], [ -58.523487984999974, -27.039641652999933 ], [ -58.556039010999939, -27.035701264999943 ], [ -58.557371899999964, -27.112179527999956 ], [ -58.609890972999949, -27.110739947999946 ], [ -58.652207, -27.130556 ], [ -58.661629977999951, -27.186578053999938 ], [ -58.591100759999961, -27.229130035999958 ], [ -58.616488, -27.318632 ], [ -58.515722, -27.291032 ], [ -58.493509, -27.270649 ], [ -58.372854, -27.290794 ], [ -58.246744122999985, -27.261516034999943 ], [ -58.191339, -27.280832 ], [ -58.034121, -27.25933 ], [ -57.970989273999976, -27.274986040999977 ], [ -57.932307, -27.264108 ], [ -57.891338, -27.267717 ], [ -57.856011044999946, -27.283627048999961 ], [ -57.817379878999986, -27.335576003999961 ], [ -57.780884, -27.341473 ], [ -57.697014, -27.326884 ], [ -57.609788, -27.395708 ], [ -57.543506, -27.432967 ], [ -57.507518, -27.4442 ], [ -57.439005, -27.438282 ], [ -57.326511, -27.409839 ], [ -57.225408941999945, -27.470378094999944 ], [ -57.120548011999972, -27.493446055999982 ], [ -57.036472, -27.480595 ], [ -56.979927, -27.49339 ], [ -56.942233, -27.558315 ], [ -56.849264, -27.606299 ], [ -56.794062027999985, -27.586856032999947 ], [ -56.743232, -27.605002 ], [ -56.685997, -27.576944 ], [ -56.677101, -27.548682 ], [ -56.717053994999958, -27.496937056999968 ], [ -56.720358, -27.466896 ], [ -56.649602, -27.460797 ], [ -56.60355, -27.431417 ], [ -56.55673494499996, -27.456781026999977 ], [ -56.487046, -27.563677 ], [ -56.422238, -27.603833 ], [ -56.375270326999953, -27.601851069999952 ], [ -56.354887, -27.583705 ], [ -56.338367, -27.52403 ], [ -56.292416887999934, -27.491549025999973 ], [ -56.287181121999936, -27.410932013999968 ], [ -56.240518965999968, -27.404019046999963 ], [ -56.153701, -27.329654 ], [ -56.086808, -27.30856 ], [ -56.04101, -27.310847 ], [ -56.006749945999957, -27.339667899999938 ], [ -55.978946017999931, -27.355120044999978 ], [ -55.896346, -27.342718 ], [ -55.836062, -27.40956 ], [ -55.784367, -27.441634 ], [ -55.736841001999949, -27.445140978999973 ], [ -55.681029, -27.376977 ], [ -55.589635, -27.331687 ], [ -55.602394, -27.284618 ], [ -55.574387, -27.270945 ], [ -55.574082, -27.250257 ], [ -55.618761, -27.187177 ], [ -55.607731100999956, -27.161303951999969 ], [ -55.56112, -27.160948 ], [ -55.561323037999955, -27.101324021999972 ], [ -55.455545, -27.106255 ], [ -55.445741, -27.025378 ], [ -55.375741106999953, -26.966165992999947 ], [ -55.306663, -26.963879 ], [ -55.257052112999986, -26.937700972999949 ], [ -55.203121, -26.969877 ], [ -55.137753, -26.951222 ], [ -55.130129, -26.935922 ], [ -55.150289963999967, -26.895953931999941 ], [ -55.141565, -26.866335 ], [ -55.057542942999987, -26.798984900999983 ], [ -54.95626, -26.781356 ], [ -54.942157918999953, -26.682379921999939 ], [ -54.873892995999938, -26.655338037999968 ], [ -54.820867986999986, -26.673320024999953 ], [ -54.788566, -26.63351 ], [ -54.78438, -26.605321 ], [ -54.807719, -26.560957 ], [ -54.800545, -26.536115 ], [ -54.706353, -26.449134 ], [ -54.696645, -26.377715 ], [ -54.647568947999957, -26.311470001999965 ], [ -54.678585, -26.262537 ], [ -54.618016049999937, -26.214245988999949 ], [ -54.672517, -26.156282 ], [ -54.643107, -26.093607 ], [ -54.679692, -26.003556 ], [ -54.667414, -25.981499 ], [ -54.619908, -25.984675 ], [ -54.607546, -25.969125 ], [ -54.622013, -25.912399 ], [ -54.586911059999977, -25.829486017999955 ], [ -54.627391, -25.774151 ], [ -54.658053, -25.678127 ], [ -54.640428071999963, -25.660057068999947 ], [ -54.58367390799998, -25.666262804999974 ], [ -54.593344945999945, -25.593259978999981 ], [ -54.551249, -25.589131 ], [ -54.52645, -25.629006 ], [ -54.494724, -25.617112 ], [ -54.428923, -25.694065 ], [ -54.424760155999934, -25.657993459999943 ], [ -54.394837978999931, -25.637552918999972 ], [ -54.384477, -25.597516 ], [ -54.347344, -25.606058 ], [ -54.328387, -25.57148 ], [ -54.288417, -25.55573 ], [ -54.250519, -25.597716 ], [ -54.235172, -25.59304 ], [ -54.230556, -25.563012 ], [ -54.178779096999961, -25.584886006999966 ], [ -54.205346, -25.540092 ], [ -54.164055, -25.542255 ], [ -54.104291, -25.494444 ], [ -54.093278, -25.512613 ], [ -54.123725023999953, -25.566962 ], [ -54.101982982999971, -25.617115974999933 ], [ -54.081095, -25.55825 ], [ -54.049077, -25.585373 ], [ -54.016362709999953, -25.563655005999976 ], [ -53.970144, -25.601017 ], [ -53.962259084999971, -25.643476952999947 ], [ -53.947684, -25.640211 ], [ -53.947847, -25.611475 ], [ -53.916625014999966, -25.616216022999936 ], [ -53.912178, -25.636324 ], [ -53.892592, -25.622287 ], [ -53.894968750999965, -25.64318835399996 ], [ -53.876413958999933, -25.645103022999933 ], [ -53.889993, -25.661277 ], [ -53.862377, -25.658668 ], [ -53.842549, -25.687295 ], [ -53.851492, -25.706189 ], [ -53.872322895999957, -25.693424006999976 ], [ -53.865576057999931, -25.70540697399997 ], [ -53.879304051999952, -25.707793564999974 ], [ -53.859099, -25.723113 ], [ -53.866337, -25.744245 ], [ -53.834108953999987, -25.751332887999979 ], [ -53.857144103999985, -25.766109994999965 ], [ -53.831003, -25.780734 ], [ -53.843301, -25.790656 ], [ -53.822095, -25.793474 ], [ -53.819563, -25.816179 ], [ -53.838407976999974, -25.815888034999944 ], [ -53.850081, -25.839601 ], [ -53.823358028999962, -25.87208186099997 ], [ -53.849898, -25.883774 ], [ -53.819575, -25.898437 ], [ -53.83524102399997, -25.911833027999933 ], [ -53.818801, -25.912606 ], [ -53.820605, -25.927608 ], [ -53.833805986999948, -25.920625049999956 ], [ -53.842917, -25.933681 ], [ -53.836783929999967, -25.97009997899994 ], [ -53.817881996999972, -25.989981989999933 ], [ -53.802864158999967, -25.984616525999968 ], [ -53.771639851999964, -26.031510082999944 ], [ -53.734549597999944, -26.042611187999967 ], [ -53.740641289999985, -26.117790193999951 ], [ -53.710315058999981, -26.130550053999968 ], [ -53.641548635999982, -26.212599817999944 ], [ -53.653529221999975, -26.235002442999928 ], [ -53.637369443999944, -26.249677777999977 ], [ -53.645307328999934, -26.285590707999972 ], [ -53.710048893999954, -26.387650549999933 ], [ -53.686947895999936, -26.440719668999975 ], [ -53.704056220999973, -26.441457301999947 ], [ -53.698256284999957, -26.469398122999962 ], [ -53.715321183999947, -26.471077426999955 ], [ -53.695973786999957, -26.475118941999938 ], [ -53.695841726999959, -26.489989382999966 ], [ -53.704871185999934, -26.508875759999967 ], [ -53.72941532699997, -26.501320970999927 ], [ -53.716863669999952, -26.527572374999977 ], [ -53.741911660999961, -26.54495017399995 ], [ -53.725280033999979, -26.554352965999954 ], [ -53.736058186999969, -26.56657947399998 ], [ -53.714339656999982, -26.556425123999929 ], [ -53.707615894999947, -26.560927658999958 ], [ -53.732891718999952, -26.586661529999958 ], [ -53.739659500999949, -26.643750152999928 ], [ -53.759560717999932, -26.641003660999957 ], [ -53.72005571699998, -26.651199650999956 ], [ -53.731697229999952, -26.677748486999974 ], [ -53.717456155999969, -26.684809537999968 ], [ -53.743386331999943, -26.681168961999958 ], [ -53.734992782999939, -26.717931634999957 ], [ -53.754115269999943, -26.709745109999972 ], [ -53.757954189999964, -26.720287232999965 ], [ -53.742722409999942, -26.731084115999977 ], [ -53.750098739999942, -26.740706655999929 ], [ -53.731757853999966, -26.730893758999969 ], [ -53.714102252999965, -26.750690874999975 ], [ -53.74354094499995, -26.763854052999932 ], [ -53.698788041999933, -26.769517169999972 ], [ -53.717043266999951, -26.78210927799995 ], [ -53.700187165999978, -26.797899380999979 ], [ -53.698121792999984, -26.814317661999951 ], [ -53.710799561999977, -26.811310022999976 ], [ -53.694809583999984, -26.846982902999969 ], [ -53.660174148999943, -26.858394797999949 ], [ -53.696751223999968, -26.859822473999941 ], [ -53.679971264999949, -26.869730549999929 ], [ -53.695609082999965, -26.886891222999964 ], [ -53.670891241999982, -26.89466730099997 ], [ -53.696855919999962, -26.92921707499994 ], [ -53.67119581299994, -26.942484949999937 ], [ -53.709038759999942, -26.934090210999955 ], [ -53.703175768999984, -26.960178621999944 ], [ -53.726075700999957, -26.958817569999951 ], [ -53.736954596999965, -26.974303101999965 ], [ -53.717852283999946, -26.990188383999964 ], [ -53.743569498999932, -26.991968220999979 ], [ -53.740333431999943, -27.014601653999932 ], [ -53.763523658999986, -27.008393639999952 ], [ -53.747248144999958, -27.032176352999954 ], [ -53.763999550999984, -27.045358566999937 ], [ -53.785569364999958, -27.026346672999978 ], [ -53.760061542999949, -27.065096195999956 ], [ -53.802178002999938, -27.040088060999949 ], [ -53.771697106999966, -27.073626563999937 ], [ -53.797395285999983, -27.066083671999934 ], [ -53.805402171999958, -27.078611533999947 ], [ -53.776348952999967, -27.103429312999936 ], [ -53.818643872999985, -27.10215630099998 ], [ -53.804438490999985, -27.122667254999953 ], [ -53.824692462999963, -27.132358799999963 ], [ -53.798865792999948, -27.146435690999965 ], [ -53.827933288999986, -27.145745646999956 ], [ -53.836695876999954, -27.169661154999972 ], [ -53.873404787999959, -27.125934254999947 ], [ -53.910634032999951, -27.176806728999964 ], [ -53.951804954999943, -27.152828759999977 ], [ -53.960751966999965, -27.196127951999983 ], [ -54.008431399999949, -27.199287179999942 ], [ -54.020053447999942, -27.246754847999966 ], [ -54.084459866999964, -27.299775671999953 ], [ -54.15412037599998, -27.296880272999942 ], [ -54.157251880999979, -27.261841928999957 ], [ -54.176989510999931, -27.257665974999952 ], [ -54.214751556999943, -27.383515667999973 ], [ -54.262792873999956, -27.398756114999969 ], [ -54.278519333999952, -27.44560693699998 ], [ -54.338281274999986, -27.40303914499998 ], [ -54.334420598999941, -27.453132747999973 ], [ -54.353337313999987, -27.466267372999937 ], [ -54.413156963999938, -27.406519106999951 ], [ -54.469871416999979, -27.427720104999935 ], [ -54.44635044499995, -27.474155285999927 ], [ -54.50427842299996, -27.481829047999952 ], [ -54.530190753999932, -27.506563544999949 ], [ -54.581655715999943, -27.453406735999977 ], [ -54.622275893999984, -27.542041308999956 ], [ -54.642209701999946, -27.544459938999978 ], [ -54.65868164799997, -27.510917958999983 ], [ -54.677907692999952, -27.510251709999977 ], [ -54.671340379999947, -27.561029406999978 ], [ -54.683665987999973, -27.574973048999937 ], [ -54.742962156999965, -27.562266726999951 ], [ -54.774466219999965, -27.585109552999938 ], [ -54.794025389999945, -27.537472742999967 ], [ -54.812870720999967, -27.532618642999978 ], [ -54.846801834999951, -27.620277985999962 ], [ -54.905051039999933, -27.638647424999931 ], [ -54.902814346999946, -27.721024364999948 ], [ -54.93624121199997, -27.771867842999939 ], [ -54.985489062999932, -27.771524840999973 ], [ -55.008277110999984, -27.797621757999934 ], [ -55.055930573999944, -27.770048764999956 ], [ -55.083936364999943, -27.785968453999942 ], [ -55.025023460999932, -27.832573493999973 ], [ -55.032732917999965, -27.85674882099994 ], [ -55.108494955999959, -27.847421333999932 ], [ -55.134383491999984, -27.896152694999955 ], [ -55.176024059999975, -27.858319264999977 ], [ -55.204910715999972, -27.861079439999969 ], [ -55.264206944999955, -27.928894062999973 ], [ -55.322599, -27.924421 ], [ -55.339017081999941, -27.966299088999961 ], [ -55.383561, -27.981195 ], [ -55.370462, -28.028453 ], [ -55.422780006999972, -28.060973991999958 ], [ -55.444976, -28.097208 ], [ -55.495512, -28.079193 ], [ -55.559926, -28.164223 ], [ -55.587765990999969, -28.146138922999967 ], [ -55.586529, -28.11987 ], [ -55.607563, -28.1163 ], [ -55.632253, -28.176785 ], [ -55.698109, -28.221034 ], [ -55.7752, -28.244379 ], [ -55.774475, -28.272517 ], [ -55.669942050999964, -28.330762891999939 ], [ -55.696331124999972, -28.423159978999934 ], [ -55.7175, -28.422158 ], [ -55.732161993999966, -28.384348012999965 ], [ -55.75745, -28.368588 ], [ -55.878303046999974, -28.361161975999948 ], [ -55.903029910999976, -28.408103980999954 ], [ -55.882362, -28.477707 ], [ -56.008646, -28.505999 ], [ -56.025668, -28.535963 ], [ -56.002271, -28.578489 ], [ -56.007602055999939, -28.604951955999979 ], [ -56.118573, -28.681681 ], [ -56.185516, -28.770001 ], [ -56.259155, -28.77832 ], [ -56.294369927999981, -28.797709042999941 ], [ -56.301948923999987, -28.901111014999969 ], [ -56.409914945999958, -28.977647888999968 ], [ -56.415482, -29.000697 ], [ -56.398771034999982, -29.02580702399996 ], [ -56.419525110999984, -29.07898102799993 ], [ -56.59150303499996, -29.12430991399998 ], [ -56.605498, -29.162404 ], [ -56.64541, -29.199298 ], [ -56.649583973999938, -29.272414907999973 ], [ -56.678409, -29.322857 ], [ -56.703945, -29.362244 ], [ -56.767461934999972, -29.382560938999973 ], [ -56.777172, -29.433488 ], [ -56.813834, -29.48199 ], [ -56.899922921999973, -29.533386906999965 ], [ -56.969577170999969, -29.605023311999958 ], [ -56.968237183999975, -29.63910621499997 ], [ -57.005869, -29.65612 ], [ -57.11022, -29.756998 ], [ -57.169896, -29.781164 ], [ -57.229949027999965, -29.779163920999963 ], [ -57.289464952999936, -29.825349054999947 ], [ -57.327834, -29.883264 ], [ -57.326044, -29.965013 ], [ -57.342929, -29.999996 ], [ -57.408541, -30.032024 ], [ -57.470244, -30.116202 ], [ -57.532643864999955, -30.156660002999956 ], [ -57.588122, -30.179452 ], [ -57.641343005999943, -30.178843988999972 ], [ -57.651858, -30.201794 ], [ -57.615240019999987, -30.254466014999934 ], [ -57.64292, -30.341905 ], [ -57.889608, -30.510684 ], [ -57.887304, -30.587569 ], [ -57.847937974999979, -30.618528046999984 ], [ -57.843369, -30.65955 ], [ -57.808973, -30.695269 ], [ -57.79979, -30.856979 ], [ -57.832114, -30.917183 ], [ -57.891805, -30.906954 ], [ -57.914898962999985, -30.920564017999936 ], [ -57.861478, -31.034388 ], [ -57.871329, -31.070344 ], [ -57.919066058999931, -31.129907291999984 ], [ -57.914249, -31.217159 ], [ -57.996945, -31.360511 ], [ -57.98049, -31.390445 ], [ -58.082394033999947, -31.457827033999934 ], [ -58.078266, -31.488811 ], [ -58.003794490999951, -31.531905602999984 ], [ -57.98063902399997, -31.581047736999949 ], [ -58.038332, -31.75954 ], [ -58.086138001999984, -31.82113699699994 ], [ -58.190237, -31.852978 ], [ -58.20681, -31.871645 ], [ -58.138299960999973, -32.001842996999983 ], [ -58.143142, -32.060556 ], [ -58.167404, -32.091382 ], [ -58.183326, -32.1592 ], [ -58.099882, -32.260012 ], [ -58.100891, -32.303516 ], [ -58.122989791999942, -32.339998771999944 ], [ -58.183357051999963, -32.376675098999954 ], [ -58.204588, -32.462003 ], [ -58.187387, -32.532869 ], [ -58.160583, -32.57078 ], [ -58.149629, -32.734879 ], [ -58.119798, -32.815234 ], [ -58.115577, -32.919768 ], [ -58.087324, -32.958903 ], [ -58.084296, -33.001298 ], [ -58.09890201099995, -33.020387967999966 ], [ -58.175963123999963, -33.076892996999959 ], [ -58.361818090999975, -33.120989086999941 ], [ -58.404244, -33.179621 ], [ -58.409848, -33.235555 ], [ -58.390469870999937, -33.279121482999983 ], [ -58.431714, -33.363329 ], [ -58.44315, -33.44808 ], [ -58.433904, -33.499159 ], [ -58.445011023999939, -33.541050982999934 ], [ -58.494713, -33.586549 ], [ -58.434369, -33.721887 ], [ -58.423586, -33.916317872999969 ], [ -58.345, -34.038333 ], [ -58.336740900999985, -34.084348930999965 ], [ -58.354147, -34.216467 ], [ -58.392546, -34.233562 ], [ -58.381322, -34.239948 ], [ -58.389402, -34.262592 ], [ -58.436937, -34.300883 ], [ -58.44139006599994, -34.386658916999977 ], [ -58.455886, -34.407477 ], [ -58.489199, -34.44407 ], [ -58.515039950999949, -34.446999916999971 ], [ -58.482061907999935, -34.478839966999942 ], [ -58.467726995999953, -34.522942026999942 ], [ -58.361637, -34.581156 ], [ -58.36796, -34.597464 ], [ -58.346847, -34.602358103999961 ], [ -58.332847, -34.644728 ], [ -58.230154, -34.701378 ], [ -58.198018, -34.735771 ], [ -58.01447503299994, -34.780671071999961 ], [ -57.94734, -34.833477 ], [ -57.873739, -34.826158 ], [ -57.751025, -34.914931 ], [ -57.674834952999959, -34.93616498199998 ], [ -57.593314, -34.993969 ], [ -57.508455989999959, -35.024714063999966 ], [ -57.223060071999953, -35.273147906999952 ], [ -57.147036, -35.389777 ], [ -57.127938, -35.445758 ], [ -57.15246925799994, -35.495099309999944 ], [ -57.235380008999982, -35.577068990999976 ], [ -57.364742, -35.744771 ], [ -57.389715, -35.853168 ], [ -57.368809, -35.951097 ], [ -57.382452, -35.966739 ], [ -57.27924, -36.137591 ], [ -57.11518996999996, -36.280148967999935 ], [ -56.97162997199996, -36.334358039999984 ], [ -56.813790888999961, -36.33464003399996 ], [ -56.774066, -36.321386 ], [ -56.776826, -36.293083 ], [ -56.740050986999961, -36.314426990999948 ], [ -56.700207, -36.412413 ], [ -56.66499109199998, -36.871137058999977 ], [ -56.989849008999954, -37.288486990999957 ], [ -57.125501, -37.492775 ], [ -57.411212, -37.734842 ], [ -57.491559, -37.828237 ], [ -57.541407, -37.968495 ], [ -57.522385, -38.037128 ], [ -57.533259033999968, -38.031969051999965 ], [ -57.540341, -38.048473 ], [ -57.534492, -38.050296 ], [ -57.526568, -38.042781 ], [ -57.521705, -38.040045 ], [ -57.517779, -38.038969 ], [ -57.539727, -38.06422 ], [ -57.544181, -38.099784 ], [ -57.593212087999973, -38.118943105999961 ], [ -57.683375, -38.20587 ], [ -57.818971, -38.266298 ], [ -57.85273, -38.296399 ], [ -58.498979, -38.537881 ], [ -58.689536, -38.574543 ], [ -58.689459875999944, -38.587934909999944 ], [ -58.728093, -38.585241 ], [ -59.111367, -38.700436 ], [ -59.853960993999976, -38.837376027999937 ], [ -60.449748, -38.922987 ], [ -60.852138, -38.979714 ], [ -61.143207034999932, -39.000065932999973 ], [ -61.37978, -38.98833 ], [ -61.606517, -39.004063 ], [ -61.706697, -38.965466060999972 ], [ -61.809639, -38.993027 ], [ -62.073409, -38.925111 ], [ -62.075536, -38.905466 ], [ -62.105782, -38.897101 ], [ -62.126238, -38.841826 ], [ -62.165912, -38.812045 ], [ -62.180092, -38.819186 ], [ -62.212441, -38.798142 ], [ -62.223247994999952, -38.80960603699998 ], [ -62.238395897999965, -38.788705022999977 ], [ -62.295009, -38.785269 ], [ -62.337216, -38.814464081999972 ], [ -62.37142089699995, -38.799295058999974 ], [ -62.363807, -38.814345 ], [ -62.379273, -38.801228 ], [ -62.385013, -38.810508 ], [ -62.386233, -38.803638 ], [ -62.397475945999986, -38.795696069999963 ], [ -62.388523029999988, -38.815029006999964 ], [ -62.414013071999932, -38.817706077999958 ], [ -62.387512, -38.825915 ], [ -62.394442039999944, -38.835314082999957 ], [ -62.380971983999984, -38.824495981999974 ], [ -62.371954, -38.843674 ], [ -62.360794059999932, -38.826685039999973 ], [ -62.347897, -38.846411 ], [ -62.327053, -38.83625 ], [ -62.351951973999974, -38.863036920999946 ], [ -62.320528947999946, -38.904268105999961 ], [ -62.345713010999987, -38.950311002999968 ], [ -62.321742, -38.968442 ], [ -62.321371, -38.995754 ], [ -62.300384, -38.993398 ], [ -62.316945, -39.002978 ], [ -62.299285046999955, -39.025006901999973 ], [ -62.306613896999977, -39.052894030999937 ], [ -62.35416, -39.101107 ], [ -62.330547000999957, -39.116582997999956 ], [ -62.352019, -39.113004 ], [ -62.332336, -39.132497 ], [ -62.342234047999966, -39.162954026999955 ], [ -62.286364, -39.233295 ], [ -62.260295, -39.231239 ], [ -62.237414, -39.251589 ], [ -62.301687060999939, -39.24504305399995 ], [ -62.316916, -39.266054 ], [ -62.12989, -39.292723 ], [ -62.062293959999977, -39.319829959999936 ], [ -62.009206075999941, -39.367494948999934 ], [ -62.031811, -39.39358 ], [ -62.085587, -39.390106 ], [ -62.167464025999948, -39.331118946999936 ], [ -62.185014, -39.298358 ], [ -62.288497, -39.298638 ], [ -62.277147, -39.306752 ], [ -62.285902982999971, -39.317316910999978 ], [ -62.260561965999955, -39.315431066999963 ], [ -62.262512953999988, -39.318911040999978 ], [ -62.274434, -39.317364 ], [ -62.286831, -39.322932 ], [ -62.259824032999973, -39.322289966999961 ], [ -62.279931, -39.325859 ], [ -62.262608, -39.347227 ], [ -62.230319, -39.353009 ], [ -62.203122, -39.346845966999979 ], [ -62.211569, -39.360932 ], [ -62.239313058999983, -39.360195 ], [ -62.194175, -39.37697 ], [ -62.207591000999969, -39.401039054999956 ], [ -62.19243391699996, -39.382265081999947 ], [ -62.180441, -39.396969998999964 ], [ -62.167069, -39.37527 ], [ -62.172228, -39.390774 ], [ -62.164032, -39.397456 ], [ -62.149856, -39.380024 ], [ -62.147191975999988, -39.397808995999981 ], [ -62.160487, -39.40004 ], [ -62.147995, -39.402865 ], [ -62.141213996999966, -39.395012989999941 ], [ -62.0455, -39.447421 ], [ -62.089579, -39.540101 ], [ -62.119055, -39.662554 ], [ -62.092227, -39.679567 ], [ -62.122713, -39.707674 ], [ -62.111768, -39.706068 ], [ -62.126045, -39.766863 ], [ -62.115243, -39.848793 ], [ -62.147809, -39.857458 ], [ -62.141515, -39.871919 ], [ -62.179769, -39.853525 ], [ -62.260326, -39.858533 ], [ -62.269939, -39.872194 ], [ -62.272245, -39.869641 ], [ -62.263345, -39.860354 ], [ -62.263981, -39.853709 ], [ -62.270064, -39.849396 ], [ -62.279477, -39.848679 ], [ -62.264431, -39.859888 ], [ -62.285673, -39.879407 ], [ -62.320002, -39.86849 ], [ -62.313679, -39.900825 ], [ -62.341445, -39.960066 ], [ -62.33041596399994, -39.998791920999963 ], [ -62.351867, -40.069997 ], [ -62.327647, -40.151361100999964 ], [ -62.338889969999968, -40.186875025999939 ], [ -62.389394, -40.22842 ], [ -62.44543, -40.249942 ], [ -62.48826, -40.301303 ], [ -62.446858, -40.407879 ], [ -62.421016953999981, -40.428616121999937 ], [ -62.418947, -40.463666 ], [ -62.320366, -40.504854078999983 ], [ -62.322924, -40.531314 ], [ -62.318974, -40.537358 ], [ -62.288707011999975, -40.551301112999965 ], [ -62.286542, -40.569409 ], [ -62.262152, -40.562961 ], [ -62.260629, -40.579331 ], [ -62.250707, -40.55694 ], [ -62.318450082999959, -40.526412043999983 ], [ -62.184391, -40.575262 ], [ -62.169448, -40.60986 ], [ -62.17573, -40.639199 ], [ -62.233670047999965, -40.690261978999956 ], [ -62.310693074999961, -40.869815922999976 ], [ -62.413272, -40.920165 ], [ -62.553041, -40.959188 ], [ -62.710424, -41.037676 ], [ -62.78689340699998, -41.022745079999936 ], [ -62.884521, -41.079407 ], [ -63.116516, -41.155518 ], [ -63.788574, -41.158997 ], [ -63.886474, -41.130493 ], [ -63.958496046999983, -41.073120057999972 ], [ -64.11438, -41.03009 ], [ -64.081786970999985, -41.026672013999985 ], [ -64.098876989999951, -41.001770005999958 ], [ -64.10907, -41.009827 ], [ -64.095886, -41.018677 ], [ -64.112, -41.022888 ], [ -64.206177, -41.009827 ], [ -64.541198713999961, -40.864929145999952 ], [ -64.746277, -40.818604 ], [ -64.875305, -40.828919 ], [ -64.904907112999979, -40.805480977999935 ], [ -64.845215, -40.782471 ], [ -64.856628, -40.803711 ], [ -64.845276, -40.81488 ], [ -64.835999, -40.785828 ], [ -64.742004006999935, -40.810729949999939 ], [ -64.734192, -40.802612 ], [ -64.753784021999934, -40.794373005999944 ], [ -64.733581, -40.786926 ], [ -64.758606, -40.767883 ], [ -64.797485, -40.780518 ], [ -64.80059806099996, -40.748290985999972 ], [ -64.773499, -40.742798 ], [ -64.806274, -40.725525 ], [ -64.913818, -40.709717 ], [ -64.957397005999951, -40.710082965999959 ], [ -64.951782, -40.719788 ], [ -64.969116, -40.725281 ], [ -64.995911, -40.716919 ], [ -64.96991, -40.727173 ], [ -64.916687005999961, -40.727294960999984 ], [ -64.959228, -40.748108 ], [ -64.899903, -40.760803 ], [ -65.006897, -40.761169 ], [ -65.092712368999969, -40.81457523399996 ], [ -65.128905994999968, -40.856811018999963 ], [ -65.125183, -40.881287 ], [ -65.149719, -40.908997 ], [ -65.166687003999982, -40.973999010999933 ], [ -65.157288, -41.05188 ], [ -65.168395987999986, -41.069213911999952 ], [ -65.137997949999942, -41.229622008999968 ], [ -65.073608, -41.415222 ], [ -65.043884, -41.462524 ], [ -65.000305113999957, -41.486083977999954 ], [ -64.987915018999956, -41.517517044999977 ], [ -65.006713932999958, -41.557312004999972 ], [ -64.986389, -41.576782 ], [ -65.01648, -41.61029 ], [ -65.037171, -41.598816 ], [ -65.022705018999943, -41.618408100999943 ], [ -65.020996060999948, -41.733215004999977 ], [ -64.998413041999981, -41.770690957999932 ], [ -65.012695033999933, -41.779723958999966 ], [ -65.015868998999963, -41.832214 ], [ -65.04730200399996, -41.837280021999959 ], [ -65.037109, -41.872986 ], [ -65.059326104999968, -41.885681065999961 ], [ -65.074584979999941, -41.965087944999937 ], [ -65.068525, -42.014782 ], [ -65.038187093999966, -42.06642792699995 ], [ -64.959986, -42.137633 ], [ -64.857048975999987, -42.188828993999948 ], [ -64.614167, -42.230789 ], [ -64.464209104999952, -42.239522993999969 ], [ -64.558558968999932, -42.307455026999946 ], [ -64.618807058999948, -42.415031017999979 ], [ -64.557666969999957, -42.432020070999954 ], [ -64.540284978999978, -42.419278044999942 ], [ -64.495348927999942, -42.429842959999974 ], [ -64.485569, -42.415459 ], [ -64.47725302799995, -42.438301958999944 ], [ -64.433519, -42.439866 ], [ -64.301540935999981, -42.40393604999997 ], [ -64.124248, -42.429664 ], [ -64.056837, -42.382664 ], [ -64.043036075999964, -42.35130197999996 ], [ -64.070161992999942, -42.333075992999966 ], [ -64.044845, -42.31542 ], [ -64.049460902999954, -42.291815940999982 ], [ -64.089816, -42.253411 ], [ -64.134915, -42.239326 ], [ -64.185003, -42.248458 ], [ -64.246898, -42.234181 ], [ -64.312958, -42.252146 ], [ -64.37875, -42.238345 ], [ -64.075113069999986, -42.178328919999956 ], [ -63.964801, -42.114607 ], [ -63.876142, -42.08415 ], [ -63.759453909999934, -42.07610707799995 ], [ -63.603028, -42.315433 ], [ -63.604122, -42.547193 ], [ -63.582803, -42.607346 ], [ -63.639815, -42.699764 ], [ -63.629964, -42.764628 ], [ -63.677327, -42.79204 ], [ -64.110453, -42.878948 ], [ -64.145190974999934, -42.873789891999934 ], [ -64.253564, -42.765154 ], [ -64.249406, -42.683045 ], [ -64.211141, -42.625411 ], [ -64.273407, -42.617727 ], [ -64.262774666999974, -42.585620336999966 ], [ -64.28246, -42.573251 ], [ -64.308963, -42.585945 ], [ -64.310462, -42.555773 ], [ -64.343727, -42.531503 ], [ -64.489398, -42.500237 ], [ -64.629167336999956, -42.496334111999943 ], [ -64.753708019999976, -42.547087959999942 ], [ -64.833611, -42.610548 ], [ -64.92316, -42.616843 ], [ -64.979795984999953, -42.649137019999955 ], [ -64.995529, -42.69775 ], [ -65.036071, -42.730563 ], [ -65.035379994999971, -42.761239005999983 ], [ -65.015344919999961, -42.781702913999936 ], [ -64.953359959999943, -42.785391 ], [ -64.890970968999966, -42.812683055999969 ], [ -64.877430990999983, -42.83464597699998 ], [ -64.811592, -42.840214 ], [ -64.629135, -42.919378 ], [ -64.542784, -42.919973 ], [ -64.493981068999972, -42.948265048999986 ], [ -64.396822, -42.959591 ], [ -64.330316, -42.935916 ], [ -64.307681, -42.979162 ], [ -64.458955, -43.064466 ], [ -64.757607, -43.150603 ], [ -64.976339735999943, -43.254971855999941 ], [ -65.050293, -43.328276 ], [ -65.052579068999933, -43.40257902999997 ], [ -65.145196, -43.47333 ], [ -65.194005, -43.539865 ], [ -65.285643961999938, -43.597597003999965 ], [ -65.332905989999972, -43.657499978999965 ], [ -65.354619013999979, -43.764467051999929 ], [ -65.31119399499994, -43.795579000999965 ], [ -65.32857592199997, -43.84566611799994 ], [ -65.299422, -43.933439 ], [ -65.276829, -43.966632 ], [ -65.231143, -43.9727 ], [ -65.257305042999974, -43.99183099499993 ], [ -65.251583, -44.027639 ], [ -65.224778, -44.045342 ], [ -65.210466, -44.038204 ], [ -65.187944, -44.035456 ], [ -65.241125, -44.077822 ], [ -65.220402013999944, -44.136789882999949 ], [ -65.287693, -44.154759 ], [ -65.311773, -44.204271 ], [ -65.302574039999968, -44.244532023999966 ], [ -65.253006101999972, -44.308291883999971 ], [ -65.258821962999946, -44.327301115999944 ], [ -65.227413, -44.334112 ], [ -65.216735, -44.366741 ], [ -65.262034, -44.388334 ], [ -65.292312893999963, -44.422003923999966 ], [ -65.283832019999977, -44.430358059999946 ], [ -65.311705, -44.426911 ], [ -65.308850056999972, -44.442496956999946 ], [ -65.334458927999947, -44.456000041999971 ], [ -65.31114, -44.467362 ], [ -65.321877631999939, -44.489580470999954 ], [ -65.284282107999957, -44.493803996999929 ], [ -65.279285038999944, -44.517419960999973 ], [ -65.30079, -44.510193 ], [ -65.316286, -44.531191 ], [ -65.323900101999982, -44.508854065999969 ], [ -65.367891, -44.511501 ], [ -65.37746790999995, -44.524171956999965 ], [ -65.359414, -44.537378 ], [ -65.394480981999948, -44.555342924999934 ], [ -65.358216040999935, -44.573776977999955 ], [ -65.366338, -44.587347 ], [ -65.376272, -44.575211 ], [ -65.395978950999961, -44.592835924999974 ], [ -65.426776, -44.569649 ], [ -65.461635, -44.575776 ], [ -65.463390089999962, -44.600225026999965 ], [ -65.520973056999935, -44.609326935999945 ], [ -65.576147, -44.64832 ], [ -65.595569, -44.642372 ], [ -65.638370007999981, -44.665868987999943 ], [ -65.692979, -44.725028 ], [ -65.702615, -44.80132 ], [ -65.72870002999997, -44.811581029999957 ], [ -65.728849, -44.848403 ], [ -65.704667, -44.875261 ], [ -65.663085997999985, -44.890936013999976 ], [ -65.621215966999955, -44.885732099999984 ], [ -65.604881, -44.908896 ], [ -65.572889031999978, -44.895606993999934 ], [ -65.574304899999959, -44.910680923999962 ], [ -65.560860924999986, -44.903578078999942 ], [ -65.556269, -44.91312 ], [ -65.543764, -44.910407 ], [ -65.535769, -44.920758 ], [ -65.525669, -44.924161 ], [ -65.519815079999944, -44.929740058999982 ], [ -65.540386028999933, -44.928086962999942 ], [ -65.570902, -44.96078 ], [ -65.59453, -44.957366 ], [ -65.605785029999936, -44.981861994999974 ], [ -65.58431, -45.006668 ], [ -65.625605994999944, -45.009345110999959 ], [ -65.602256, -45.027151 ], [ -65.645586, -45.050922 ], [ -65.682159, -45.040214 ], [ -65.678827, -45.033337 ], [ -65.681302043999949, -45.028863959999967 ], [ -65.697816, -45.045925 ], [ -65.689939, -45.06201 ], [ -65.701360971999975, -45.045091921999983 ], [ -65.736863, -45.04019 ], [ -65.740455, -45.023962 ], [ -65.788473005999947, -45.030125016999932 ], [ -65.809412, -45.015422 ], [ -65.802881, -45.031162 ], [ -65.828722, -45.039122 ], [ -65.823189, -45.016065 ], [ -65.846532, -45.002074 ], [ -65.891645966999988, -45.007998061999956 ], [ -65.886864, -45.038836 ], [ -65.913882030999957, -45.032019009999942 ], [ -65.934441044999971, -45.049436884999977 ], [ -66.01968599099996, -44.998868998999967 ], [ -66.162275, -44.983021 ], [ -66.173089936999986, -44.998154900999964 ], [ -66.194612, -44.982201 ], [ -66.230197, -45.007006 ], [ -66.2257, -45.0281 ], [ -66.246401046999949, -45.020926112999973 ], [ -66.283698967999953, -45.048730034999949 ], [ -66.276234, -45.065339 ], [ -66.293941543999949, -45.045926119999933 ], [ -66.359198, -45.039739 ], [ -66.374605, -45.051548 ], [ -66.363273, -45.061601 ], [ -66.398518915999944, -45.053123951999964 ], [ -66.517135, -45.096936 ], [ -66.533018038999955, -45.142383020999944 ], [ -66.458986933999938, -45.146963948999939 ], [ -66.473175, -45.165881 ], [ -66.540275, -45.152913 ], [ -66.547384, -45.136673 ], [ -66.599702104999949, -45.139409090999948 ], [ -66.584385, -45.156987 ], [ -66.594468, -45.171621 ], [ -66.536498, -45.175161 ], [ -66.514101081999968, -45.196783937999953 ], [ -66.518652, -45.222899 ], [ -66.662014, -45.211418 ], [ -66.841312992999974, -45.230013042999985 ], [ -66.964022, -45.272986 ], [ -67.063994553999976, -45.346154570999943 ], [ -67.221538967999948, -45.527077034999934 ], [ -67.345068, -45.623017 ], [ -67.362027, -45.695754 ], [ -67.34223, -45.723159 ], [ -67.379112, -45.735651 ], [ -67.368552975999933, -45.787256021999951 ], [ -67.39788, -45.787524 ], [ -67.454748963999975, -45.819467997999936 ], [ -67.475777, -45.853762 ], [ -67.456414, -45.861436 ], [ -67.499096, -45.874761 ], [ -67.547726037999951, -45.918839963999972 ], [ -67.555667935999963, -45.945133021999936 ], [ -67.531218941999953, -45.958963974999961 ], [ -67.586066, -45.980795 ], [ -67.585965, -46.022277 ], [ -67.624301919999937, -46.049275894999937 ], [ -67.626774, -46.166481 ], [ -67.592809, -46.295157 ], [ -67.436433, -46.553167 ], [ -67.353742, -46.619621 ], [ -67.254463074999933, -46.646231086999933 ], [ -67.230525, -46.674005 ], [ -67.121628, -46.707441 ], [ -67.125154043999942, -46.723217098999953 ], [ -67.095544036999968, -46.735024041999964 ], [ -67.075613985999951, -46.774027984999975 ], [ -66.973549052999942, -46.849066938999954 ], [ -66.950920062999955, -46.846982965999985 ], [ -66.899409900999956, -46.912013077999973 ], [ -66.790963, -46.999758 ], [ -66.630507, -47.045786 ], [ -66.497775961999935, -47.038276915999973 ], [ -66.197696051999969, -47.087402015999942 ], [ -65.940692, -47.072181 ], [ -65.903016, -47.095467 ], [ -65.867381, -47.092097 ], [ -65.846679, -47.109129 ], [ -65.841625, -47.139382 ], [ -65.735735, -47.201786 ], [ -65.757721, -47.222059 ], [ -65.717845894999982, -47.332161062999944 ], [ -65.739803, -47.510235 ], [ -65.844895, -47.734623 ], [ -65.838641, -47.746815 ], [ -65.899597056999937, -47.758727982999972 ], [ -66.001403940999978, -47.7453 ], [ -66.000976992999938, -47.732970986999931 ], [ -66.005310028999986, -47.730773961999944 ], [ -66.002319, -47.743713 ], [ -66.034424, -47.74408 ], [ -66.105285, -47.799011 ], [ -66.195007, -47.820007 ], [ -66.28179900899994, -47.86877412299998 ], [ -66.281982, -47.871399 ], [ -66.19018553799998, -47.829528843999981 ], [ -66.088192045999961, -47.812986959999932 ], [ -65.978088, -47.762695 ], [ -65.938293, -47.766907 ], [ -65.910401003999937, -47.761901949999981 ], [ -65.880859992999945, -47.762688054999956 ], [ -65.898264, -47.767085 ], [ -65.865041, -47.801078 ], [ -65.875792, -47.809159 ], [ -65.858188, -47.872776 ], [ -65.820983, -47.904571 ], [ -65.76823, -47.907355 ], [ -65.763473, -47.919359 ], [ -65.7904, -47.938033 ], [ -65.764673, -47.949483 ], [ -65.831016959999943, -47.965387077999935 ], [ -65.846807011999942, -47.939075037999942 ], [ -65.924172900999963, -47.939688994999983 ], [ -65.951456, -47.976409 ], [ -65.924116, -47.990243 ], [ -65.942932, -48.003934 ], [ -65.931868029999976, -48.017211890999931 ], [ -65.95324, -48.014456 ], [ -65.940868, -48.030851 ], [ -65.980367, -48.050743 ], [ -65.904372, -48.080372 ], [ -65.896434, -48.10303 ], [ -65.917621, -48.096747945999937 ], [ -65.908098, -48.105614 ], [ -65.940121, -48.112509 ], [ -65.940906, -48.12473 ], [ -65.952799, -48.10293 ], [ -65.975527, -48.099989 ], [ -66.121064957999977, -48.123588105999943 ], [ -66.164294973999972, -48.172671881999975 ], [ -66.159926, -48.190461 ], [ -66.228255, -48.201297 ], [ -66.262648, -48.237945 ], [ -66.337558, -48.277163 ], [ -66.360178957999949, -48.314717007999946 ], [ -66.33388, -48.354685 ], [ -66.343003, -48.368804 ], [ -66.349856019999947, -48.355070074999958 ], [ -66.448039072999961, -48.35231291599996 ], [ -66.47480804099996, -48.366147007999984 ], [ -66.467084, -48.40014 ], [ -66.494352987999946, -48.417471992999936 ], [ -66.647614028999953, -48.432177029999934 ], [ -66.753191, -48.473166 ], [ -66.771636042999944, -48.498363949999941 ], [ -66.831052, -48.523036 ], [ -66.875452, -48.59349 ], [ -66.990582, -48.613442 ], [ -67.129696058999968, -48.685143000999972 ], [ -67.151587092999932, -48.748389035999935 ], [ -67.18628, -48.772707 ], [ -67.192894, -48.813206 ], [ -67.219925, -48.838 ], [ -67.41309, -48.912715 ], [ -67.55143, -49.0145 ], [ -67.599069, -49.103547 ], [ -67.63561705799998, -49.138239982999949 ], [ -67.632904, -49.156276 ], [ -67.613726, -49.160892 ], [ -67.613891983999963, -49.185181014999955 ], [ -67.664612, -49.203491 ], [ -67.667602990999967, -49.245910927999944 ], [ -67.688903943999946, -49.261779844999978 ], [ -67.742187, -49.276489 ], [ -67.715698110999938, -49.317810044999931 ], [ -67.797607, -49.328003 ], [ -67.794982926999978, -49.363220080999952 ], [ -67.772095262999983, -49.380675951999933 ], [ -67.837524, -49.38678 ], [ -67.818604, -49.405518 ], [ -67.713806, -49.385925 ], [ -67.685424879999971, -49.353576681999982 ], [ -67.699097, -49.308899 ], [ -67.672729, -49.298523 ], [ -67.668090909999933, -49.255188000999965 ], [ -67.612755, -49.250273 ], [ -67.603603, -49.295673 ], [ -67.666578, -49.404776 ], [ -67.687579, -49.481928 ], [ -67.732251, -49.782696 ], [ -67.836402954999983, -49.944609039999932 ], [ -67.904803000999948, -49.997946996999985 ], [ -68.147222, -50.105422 ], [ -68.34358, -50.120801 ], [ -68.416381913999942, -50.059021024999936 ], [ -68.476989923999952, -49.967407125999955 ], [ -68.531921013999977, -49.933594017999951 ], [ -68.558288, -49.872192 ], [ -68.637390047999986, -49.777587965999942 ], [ -68.571411, -49.936829 ], [ -68.659119, -49.964905 ], [ -68.874512, -49.96582 ], [ -68.896118, -49.971497 ], [ -68.932800013999952, -49.999999963999983 ], [ -68.85907, -49.969177 ], [ -68.672912604999965, -49.993286049999938 ], [ -68.580688, -49.964416 ], [ -68.509277, -50.019775 ], [ -68.513122, -50.053101 ], [ -68.490296, -50.088013 ], [ -68.360778918999983, -50.135376002999976 ], [ -68.354906057999983, -50.151304985999957 ], [ -68.407206886999973, -50.186235935999946 ], [ -68.737333095999986, -50.28955203199996 ], [ -68.773258059999932, -50.288148038999964 ], [ -68.880006, -50.335618 ], [ -68.879306987999939, -50.360845879999943 ], [ -68.906604, -50.363458 ], [ -68.970992023999941, -50.41986597999994 ], [ -69.07931, -50.565332 ], [ -69.141028060999986, -50.727244372999962 ], [ -69.132019, -50.899586 ], [ -69.214013, -50.944725 ], [ -69.225205996999932, -50.974892036999961 ], [ -69.240112, -50.957825 ], [ -69.321228, -50.988403 ], [ -69.382385008999961, -51.03680402699996 ], [ -69.372498, -51.048096 ], [ -69.396118081999987, -51.079711956999972 ], [ -69.441284, -51.089783 ], [ -69.464904882999974, -51.112609984999949 ], [ -69.434326, -51.113708 ], [ -69.205505, -50.975281 ], [ -69.166128, -50.980888 ], [ -69.10857993999997, -51.166985979999936 ], [ -68.952906, -51.528011 ], [ -68.958533976999945, -51.571994967999956 ], [ -68.979270979999967, -51.582428944999947 ], [ -69.001282, -51.559875 ], [ -69.037292990999958, -51.560730040999943 ], [ -69.134705, -51.60321 ], [ -69.344116, -51.551575 ], [ -69.494812005999961, -51.585083004999944 ], [ -69.617797803999963, -51.626891992999958 ], [ -69.335205, -51.58551 ], [ -69.103394071999958, -51.634277095999948 ], [ -69.124085, -51.641785 ], [ -69.11731, -51.65509 ], [ -69.014099, -51.606384 ], [ -68.975235, -51.615866 ], [ -68.708449, -51.981247 ], [ -68.356777, -52.317388 ], [ -68.353732, -52.335151 ], [ -68.432596, -52.39769 ], [ -68.418433, -52.386414 ], [ -68.418628, -52.332478 ], [ -68.573480064999956, -52.325177903999986 ], [ -68.586025, -52.306699998999932 ], [ -68.837997111999982, -52.277736094999966 ], [ -68.986878, -52.203581 ], [ -69.190011, -52.150102 ], [ -69.485964, -52.151439 ], [ -69.9955, -52.000717 ], [ -71.922536, -51.999942 ], [ -71.964474, -51.972827 ], [ -72.004271, -51.979507 ], [ -72.03357009299998, -51.962650060999977 ], [ -71.928838, -51.914549 ], [ -71.947826, -51.874907 ], [ -72.010650988999942, -51.820241010999951 ], [ -72.076061081999967, -51.773039985999958 ], [ -72.112991023999939, -51.767455966999933 ], [ -72.121749, -51.744029 ], [ -72.184191014999953, -51.73577996399996 ], [ -72.165686, -51.723058 ], [ -72.297112, -51.699403 ], [ -72.296823, -51.646188 ], [ -72.283305040999949, -51.638528896999958 ], [ -72.319146013999955, -51.625463972999967 ], [ -72.327022105999959, -51.587338984999974 ], [ -72.44252, -51.584489 ], [ -72.426309, -51.546864 ], [ -72.394008, -51.527442 ], [ -72.405184, -51.513391 ], [ -72.344660987999987, -51.52073797099996 ], [ -72.350909, -51.484536 ], [ -72.324052954999956, -51.474956014999975 ], [ -72.338264, -51.424829 ], [ -72.309938, -51.403147 ], [ -72.308967, -51.366446 ], [ -72.326075973999934, -51.345680945999959 ], [ -72.371704899999941, -51.336261979999961 ], [ -72.269179, -51.283252 ], [ -72.259487, -51.254044 ], [ -72.303602074999958, -51.201739087999954 ], [ -72.348758, -51.20361 ], [ -72.40906, -51.10749 ], [ -72.376181, -51.079983 ], [ -72.37417, -51.023208 ], [ -72.265665, -51.035228 ], [ -72.248064, -50.875034 ], [ -72.266961, -50.862901 ], [ -72.261033, -50.8375 ], [ -72.280338, -50.809945 ], [ -72.345549, -50.759826 ], [ -72.350326, -50.740219 ], [ -72.301119, -50.706774 ], [ -72.287318997999989, -50.658693995999954 ], [ -72.338046043999952, -50.650461886999949 ], [ -72.359189, -50.616121 ], [ -72.407789031999982, -50.636406088999934 ], [ -72.416105, -50.619916 ], [ -72.490378, -50.600298 ], [ -72.548437026999977, -50.620547024999951 ], [ -72.57965502899998, -50.655595968999933 ], [ -72.574605108999947, -50.679004008999982 ], [ -72.594695, -50.681659 ], [ -72.623323286999948, -50.657368880999968 ], [ -72.655782, -50.663957 ], [ -72.698422993999941, -50.645519090999983 ], [ -72.729745, -50.614952 ], [ -72.891437907999943, -50.670176078999987 ], [ -72.905464851999966, -50.697194993999972 ], [ -72.952023, -50.718384 ], [ -72.954699, -50.740959 ], [ -73.041992, -50.761292 ], [ -73.069702, -50.788879 ], [ -73.096924, -50.773376 ], [ -73.203491104999955, -50.820983942999931 ], [ -73.267517, -50.823975 ], [ -73.28491207999997, -50.787902935999966 ], [ -73.255981, -50.750122 ], [ -73.286011, -50.739502 ], [ -73.185913, -50.700378 ], [ -73.17273, -50.676697 ], [ -73.270813, -50.648804 ], [ -73.288696, -50.585998 ], [ -73.331909, -50.56842 ], [ -73.386414, -50.516418 ], [ -73.365601, -50.507507 ], [ -73.364501966999967, -50.487915030999943 ], [ -73.432617, -50.483093 ], [ -73.403686, -50.450806 ], [ -73.455383, -50.392578 ], [ -73.48638910699998, -50.382080050999946 ], [ -73.46991, -50.344482 ], [ -73.480713, -50.325684 ], [ -73.516785, -50.289001 ], [ -73.56543, -50.270691 ], [ -73.549988, -50.22821 ], [ -73.555176, -50.184387 ], [ -73.520812993999982, -50.153076083999963 ], [ -73.541504, -50.119019 ], [ -73.489501968999946, -50.081604002999939 ], [ -73.482910065999988, -50.054077078999967 ], [ -73.566589054999952, -50.020386045999942 ], [ -73.505188029999943, -49.966491808999933 ], [ -73.543884247999983, -49.949401823999949 ], [ -73.552612, -49.923889 ], [ -73.490478, -49.8526 ], [ -73.499694911999939, -49.81799308199993 ], [ -73.445313, -49.793884 ], [ -73.466186, -49.773682 ], [ -73.438782, -49.757812 ], [ -73.509094, -49.7052 ], [ -73.504578, -49.662903 ], [ -73.464111, -49.642395 ], [ -73.463684, -49.618896 ], [ -73.549683, -49.538086 ], [ -73.53961189499995, -49.498230026999977 ], [ -73.487793, -49.500488 ], [ -73.463806106999982, -49.482482962999939 ], [ -73.490418, -49.428711 ], [ -73.426208, -49.391907 ], [ -73.429077096999947, -49.343994057999964 ], [ -73.410583, -49.319397 ], [ -73.49670397999995, -49.268310901999939 ], [ -73.470703061999984, -49.201110918999973 ], [ -73.143676881999966, -49.270996047999972 ], [ -73.045593, -49.273682 ], [ -73.089365073999943, -49.253059082999982 ], [ -73.133189035999976, -49.267175033999933 ], [ -73.145431116999987, -49.19015202199995 ], [ -73.062155, -49.127525 ], [ -73.044927048999966, -49.080868056999975 ], [ -73.004914, -49.063451 ], [ -73.013842165999961, -49.036191403999965 ], [ -72.981373, -49.029156 ], [ -72.992865, -48.997225 ], [ -72.958790984999951, -48.98003608099998 ], [ -72.946437064999941, -48.945600948999981 ], [ -72.919710838999947, -48.935702069999934 ], [ -72.864869, -48.946629 ], [ -72.850615, -48.966094 ], [ -72.794589, -48.968082 ], [ -72.748142, -48.910289 ], [ -72.696697137999934, -48.89674697199996 ], [ -72.688415975999987, -48.864775971999961 ], [ -72.639567335999971, -48.866162583999937 ], [ -72.533374, -48.799499 ], [ -72.535444, -48.665468 ], [ -72.585749681999971, -48.487315972999966 ], [ -72.535723945999962, -48.482680893999941 ], [ -72.502421432999938, -48.518548306999946 ], [ -72.441591767999967, -48.514086831999975 ], [ -72.393584271999941, -48.482998047999956 ], [ -72.373506379999981, -48.449822651999966 ], [ -72.408905918999949, -48.432731578999949 ], [ -72.406407484999988, -48.41607535199995 ], [ -72.347759520999944, -48.390199307999978 ], [ -72.376974344999951, -48.371535707999954 ], [ -72.380690482999967, -48.350127787999952 ], [ -72.277981311999952, -48.36261296899994 ], [ -72.241071076999958, -48.348317048999945 ], [ -72.226413632999936, -48.320563131999961 ], [ -72.316699107999966, -48.234010237999939 ], [ -72.325811028999965, -48.215463929999942 ], [ -72.307106707999935, -48.201211747999935 ], [ -72.299737443999959, -48.158479751999948 ], [ -72.355945428999974, -48.100721033999946 ], [ -72.361021850999975, -48.073319219999973 ], [ -72.416745165999941, -48.077861145999975 ], [ -72.444453008999972, -48.064317693999953 ], [ -72.419465765999973, -48.001908812999943 ], [ -72.424986708999938, -47.968844485999966 ], [ -72.498371696999982, -47.960624927999959 ], [ -72.52760804199994, -47.938177980999967 ], [ -72.499085858999933, -47.875114803999963 ], [ -72.477836937999939, -47.870443357999932 ], [ -72.468128728999943, -47.81274142999996 ], [ -72.495566120999968, -47.797389485999986 ], [ -72.523046642999986, -47.740857905999974 ], [ -72.483595204999972, -47.758894224999949 ], [ -72.466320321999945, -47.737693228999944 ], [ -72.442073628999935, -47.745378889999984 ], [ -72.450354138999955, -47.705118409999955 ], [ -72.417635946999951, -47.694605358999979 ], [ -72.420967800999961, -47.661717042999953 ], [ -72.353058012999952, -47.635709541999972 ], [ -72.309336607999967, -47.590670813999964 ], [ -72.327514656999938, -47.572343978999982 ], [ -72.29142997699995, -47.51200136999995 ], [ -72.341351028999952, -47.455417781999984 ], [ -72.293857009999954, -47.445899942999972 ], [ -72.244792539999935, -47.405782235999936 ], [ -72.19755788599997, -47.416803903999948 ], [ -72.161337744999969, -47.394917624999948 ], [ -72.128315585999985, -47.328716263999979 ], [ -72.047356848999982, -47.34029948999995 ], [ -71.997851394999941, -47.296638622999978 ], [ -72.016347632999953, -47.24815704599996 ], [ -72.000864362999948, -47.215311631999953 ], [ -72.018890198999941, -47.198264122999944 ], [ -71.864854540999943, -47.231014649999963 ], [ -71.894816714999934, -47.21091849499993 ], [ -71.879915346999951, -47.204642666999973 ], [ -71.889314206999984, -47.179955758999938 ], [ -71.850516548999963, -47.163609727999983 ], [ -71.860210518999963, -47.130860292999955 ], [ -71.880635796999968, -47.10685628799996 ], [ -71.954411738999966, -47.07621607599998 ], [ -71.903859818999933, -47.050512286999947 ], [ -71.880826130999935, -47.010916419999944 ], [ -71.957703463999962, -46.97451175499998 ], [ -71.970702974999938, -46.905359696999938 ], [ -71.931156430999977, -46.867939360999969 ], [ -71.955380854999987, -46.815182909999976 ], [ -71.915547158999971, -46.79815452899993 ], [ -71.834017346999985, -46.797031432999972 ], [ -71.643739215999972, -46.68220215499997 ], [ -71.669572311999957, -46.528551212999957 ], [ -71.756973851999987, -46.345544943999982 ], [ -71.728224458999989, -46.307062051999935 ], [ -71.727225077999947, -46.272107769999934 ], [ -71.780096657999934, -46.197226124999986 ], [ -71.860101854999982, -46.193871372999979 ], [ -71.877614201999961, -46.165556580999976 ], [ -71.874996418999956, -46.160458958999982 ], [ -71.866507395999975, -46.157869086999938 ], [ -71.864920830999949, -46.156724665999946 ], [ -71.900425933999941, -46.16393745299996 ], [ -71.915199602999962, -46.139611987999956 ], [ -71.82238469899994, -46.110082850999959 ], [ -71.785450425999954, -46.122130334999952 ], [ -71.748545258999968, -46.091672570999947 ], [ -71.715306775999977, -46.089289841999971 ], [ -71.646201272999974, -46.010792146999961 ], [ -71.647334648999959, -45.985647440999969 ], [ -71.615211938999948, -45.97539196799994 ], [ -71.657761895999954, -45.883545976999983 ], [ -71.769136352999965, -45.846185477999938 ], [ -71.742271501999937, -45.806109512999967 ], [ -71.771221136999941, -45.743736998999964 ], [ -71.801053629999956, -45.720894172999976 ], [ -71.773047221999946, -45.681236110999976 ], [ -71.795525988999941, -45.664931417999981 ], [ -71.771979567999949, -45.641019829999948 ], [ -71.779556812999942, -45.621819891999962 ], [ -71.748154332999945, -45.610278927999957 ], [ -71.726596416999939, -45.577456640999969 ], [ -71.762945044999981, -45.576642875999937 ], [ -71.763530409999987, -45.560310244999982 ], [ -71.682593138999948, -45.527773590999971 ], [ -71.682134854999958, -45.515075683999953 ], [ -71.559562008999933, -45.523584316999973 ], [ -71.468919845999949, -45.493635608999966 ], [ -71.533944734999977, -45.432974454999965 ], [ -71.520556731999989, -45.42535178199995 ], [ -71.529458094999939, -45.39270363199995 ], [ -71.438252777999935, -45.395819443999983 ], [ -71.44865144299996, -45.369562652999946 ], [ -71.349067780999974, -45.331928279999943 ], [ -71.320052637999936, -45.292119902999957 ], [ -71.350200404999953, -45.26936749999993 ], [ -71.332977867999944, -45.24138504299998 ], [ -71.425177777999977, -45.171744443999955 ], [ -71.417472216999954, -45.157919444999948 ], [ -71.487486110999953, -45.144116666999935 ], [ -71.491449103999969, -45.107812211999942 ], [ -71.526544443999967, -45.103125 ], [ -71.505424930999936, -45.072212369999932 ], [ -71.557986400999937, -45.031479899999965 ], [ -71.540954625999973, -45.000202910999974 ], [ -71.559309785999972, -44.977650382999968 ], [ -71.742110044999947, -44.958351715999981 ], [ -71.753836529999944, -44.926482217999933 ], [ -71.778153435999968, -44.940256132999934 ], [ -71.817219422999983, -44.919789983999976 ], [ -71.879908966999949, -44.959389318999968 ], [ -71.883525747999954, -44.945969158999958 ], [ -71.977362171999971, -44.919438168999932 ], [ -71.97924670499998, -44.903562404999946 ], [ -72.033669737999958, -44.90476165299998 ], [ -72.065821011999958, -44.876722070999961 ], [ -72.036353769999948, -44.862331104999953 ], [ -72.06559258599998, -44.849995978999971 ], [ -72.026983258999962, -44.805824770999948 ], [ -72.073920499999986, -44.781073620999962 ], [ -72.066902830999936, -44.759534949999932 ], [ -72.018156010999974, -44.756660669999974 ], [ -72.005493166999941, -44.784301760999938 ], [ -71.956787108999947, -44.786010741999974 ], [ -71.927504839999983, -44.804035437999971 ], [ -71.914611815999933, -44.776611327999944 ], [ -71.859802245999958, -44.80047607399996 ], [ -71.815457961999982, -44.79309161599997 ], [ -71.824576817999969, -44.774944129999938 ], [ -71.786483536999981, -44.752264494999963 ], [ -71.686984769999981, -44.765018012999974 ], [ -71.666342945999986, -44.787206486999935 ], [ -71.595382462999964, -44.779364102999978 ], [ -71.581601199999966, -44.752264557999979 ], [ -71.474206640999967, -44.737073172999942 ], [ -71.394485700999951, -44.790023575999953 ], [ -71.291815578999945, -44.813948248999964 ], [ -71.250632488999941, -44.799343659999977 ], [ -71.253725783999982, -44.785245360999966 ], [ -71.205969396999933, -44.750454720999983 ], [ -71.214297508999948, -44.714210776999948 ], [ -71.19584241299998, -44.684895820999941 ], [ -71.235488888999953, -44.640919443999962 ], [ -71.213688897999987, -44.632855562999964 ], [ -71.200847221999936, -44.591636110999957 ], [ -71.097232502999987, -44.58705806699993 ], [ -71.091462981999939, -44.532549322999955 ], [ -71.163729211999964, -44.501044414999967 ], [ -71.129688646999966, -44.471803222999938 ], [ -71.171109543999933, -44.439101661999985 ], [ -71.222731148999969, -44.436246107999978 ], [ -71.241601023999976, -44.417864988999952 ], [ -71.348885024999959, -44.424795152999934 ], [ -71.352666666999937, -44.4034 ], [ -71.38619741499997, -44.385274676999984 ], [ -71.551787196999953, -44.408971124999937 ], [ -71.617235111999946, -44.398493720999966 ], [ -71.669274319999943, -44.408481040999959 ], [ -71.711692659999983, -44.379223741999965 ], [ -71.767348563999974, -44.410414352999965 ], [ -71.81506666699994, -44.416116666999983 ], [ -71.804325388999985, -44.399135706999971 ], [ -71.839017939999962, -44.349976037999966 ], [ -71.786967821999951, -44.330425342999945 ], [ -71.80312024899996, -44.271689417999937 ], [ -71.829536378999933, -44.265370878999931 ], [ -71.806360428999938, -44.258113522999963 ], [ -71.807716721999952, -44.22806092899998 ], [ -71.780019795999976, -44.217186792999939 ], [ -71.800639811999986, -44.214584772999956 ], [ -71.79987783699994, -44.191695123999978 ], [ -71.84666733399996, -44.159235685999931 ], [ -71.848659457999986, -44.113525390999939 ], [ -71.759426059999953, -44.099609374999943 ], [ -71.679562727999951, -43.971138829999973 ], [ -71.648780555999963, -43.945925 ], [ -71.66642577999994, -43.901228414999935 ], [ -71.707376303999979, -43.894494540999972 ], [ -71.708716666999976, -43.855738888999952 ], [ -71.731963888999985, -43.859702777999985 ], [ -71.762746361999973, -43.840575953999974 ], [ -71.753418874999966, -43.788180222999983 ], [ -71.69671631999995, -43.726076287999945 ], [ -71.661095787999955, -43.719223442999976 ], [ -71.660358154999983, -43.702376858999969 ], [ -71.599780555999985, -43.696969443999933 ], [ -71.611997221999957, -43.676041666999936 ], [ -71.588291666999964, -43.67545 ], [ -71.581455227999982, -43.651680062999958 ], [ -71.626293790999966, -43.62370711899996 ], [ -71.703464469999972, -43.625249009999948 ], [ -71.707982590999961, -43.584503476999942 ], [ -71.757413939999935, -43.584230304999949 ], [ -71.776522221999983, -43.538691666999966 ], [ -71.877479612999934, -43.551083050999978 ], [ -71.878490882999984, -43.527526399999942 ], [ -71.848634588999971, -43.482888902999946 ], [ -71.881381704999967, -43.451297458999932 ], [ -71.934232119999933, -43.44910071399994 ], [ -71.914106647999972, -43.416654384999958 ], [ -71.933210286999952, -43.386559001999956 ], [ -71.893741574999979, -43.38009354199994 ], [ -71.904389338999977, -43.321886345999985 ], [ -71.840097236999952, -43.33520548499996 ], [ -71.786404227999981, -43.296967997999957 ], [ -71.734603361999973, -43.314333252999973 ], [ -71.730799087999969, -43.282238750999966 ], [ -71.757253846999959, -43.228271479999933 ], [ -71.729204760999949, -43.200250946999972 ], [ -71.760532028999933, -43.164621969999985 ], [ -71.857336832999977, -43.142577451999955 ], [ -71.852986225999985, -43.127111907999961 ], [ -71.932902406999972, -43.102130183999975 ], [ -71.936309794999943, -43.052770644999953 ], [ -72.002619750999941, -43.03740819099994 ], [ -72.036165385999936, -43.013389916999984 ], [ -72.073202776999949, -42.949610339999936 ], [ -72.116191848999961, -42.936320823999949 ], [ -72.142547395999941, -42.899865480999949 ], [ -72.11829424299998, -42.881699345999948 ], [ -72.14787569799995, -42.850019209999971 ], [ -72.165018842999984, -42.798313636999978 ], [ -72.131330141999968, -42.777126624999937 ], [ -72.147157099999959, -42.741563397999982 ], [ -72.128424819999964, -42.731050741999979 ], [ -72.178703986999949, -42.689196230999983 ], [ -72.172241372999963, -42.671640570999955 ], [ -72.122639306999986, -42.672447911999939 ], [ -72.096247437999978, -42.641496316999962 ], [ -72.117948121999973, -42.628647227999977 ], [ -72.11897129099998, -42.602806280999971 ], [ -72.076331348999986, -42.566471909999962 ], [ -72.052084641999954, -42.564925260999985 ], [ -72.053964415999985, -42.544723636999947 ], [ -72.012113353999951, -42.494909414999938 ], [ -72.047503153999969, -42.452088319999973 ], [ -72.027987111999948, -42.407922571999961 ], [ -72.07691362199995, -42.382709204999969 ], [ -72.11277133699997, -42.398533484999973 ], [ -72.131356500999971, -42.385022604999961 ], [ -72.138281745999961, -42.327515991999974 ], [ -72.120730555999955, -42.324215414999969 ], [ -72.167661247999945, -42.260806017999982 ], [ -72.153655727999933, -42.243023828999981 ], [ -72.16649291899995, -42.213441180999951 ], [ -72.156906084999946, -42.193871779999938 ], [ -72.188502933999985, -42.160046075999958 ], [ -72.172132241999975, -42.139083024999934 ], [ -72.124519226999951, -42.154597109999941 ], [ -72.06726544299994, -42.147432632999937 ], [ -72.079713976999983, -42.13006486699993 ], [ -72.052274838999949, -42.114025 ], [ -72.006149284999935, -42.139763500999948 ], [ -71.956846852999945, -42.141333943999939 ], [ -71.953708791999986, -42.164823733999981 ], [ -71.924655572999939, -42.190283966999971 ], [ -71.892910735999976, -42.180761612999959 ], [ -71.874822072999962, -42.154892113999949 ], [ -71.834149002999936, -42.16247034099996 ], [ -71.780087649999984, -42.147789066999962 ], [ -71.776994349999939, -42.130085876999942 ], [ -71.746798988999956, -42.130442795999954 ], [ -71.725479019999966, -42.109908047999966 ], [ -71.740588596999942, -42.083020137999938 ], [ -71.726185955999938, -42.048291216999985 ], [ -71.756457893999936, -42.03641889499994 ], [ -71.794451365999976, -41.961643313999957 ], [ -71.772674439999946, -41.930673095999964 ], [ -71.797708588999967, -41.842944796999973 ], [ -71.751512694999974, -41.824491538999951 ], [ -71.77407883099994, -41.794015127999955 ], [ -71.753627277999954, -41.786717542999952 ], [ -71.784463832999961, -41.734748434999972 ], [ -71.810064998999962, -41.720715579999933 ], [ -71.793709383999953, -41.695029549999958 ], [ -71.817597448999948, -41.68982185599998 ], [ -71.817793219999942, -41.669926848999978 ], [ -71.831804269999964, -41.674950275999947 ], [ -71.837196208999956, -41.647183219999931 ], [ -71.857184275999941, -41.645107786999972 ], [ -71.885561110999959, -41.60562522999993 ], [ -71.847776523999983, -41.566728952999938 ], [ -71.817627315999971, -41.575599560999933 ], [ -71.852385168999945, -41.515526336999983 ], [ -71.828622650999989, -41.480570754999974 ], [ -71.844277279999972, -41.454294638999954 ], [ -71.835356525999941, -41.433885729999929 ], [ -71.865551885999935, -41.420299007999972 ], [ -71.865099787999952, -41.397717922999959 ], [ -71.90938155799995, -41.361811855999974 ], [ -71.912950748999947, -41.340396705999979 ], [ -71.876383441999963, -41.308035875999963 ], [ -71.898369660999947, -41.255140457999971 ], [ -71.834349287999942, -41.271791046999965 ], [ -71.887767753999981, -41.166935299999977 ], [ -71.839421640999944, -41.149520158999962 ], [ -71.836232859999939, -41.118225122999945 ], [ -71.852122896999958, -41.098437528999966 ], [ -71.817930349999983, -41.06205117199994 ], [ -71.859542363999935, -41.032983676999947 ], [ -71.875194657999941, -40.999187295999945 ], [ -71.90631945399997, -40.985601347999932 ], [ -71.904010234999987, -40.961472108999942 ], [ -71.856707691999986, -40.959570044999964 ], [ -71.869734968999978, -40.89385206999998 ], [ -71.858647433999977, -40.881169457999931 ], [ -71.909365163999951, -40.856991480999966 ], [ -71.934711182999933, -40.821675519999985 ], [ -71.921262469999988, -40.785141275999933 ], [ -71.967923699999972, -40.744847482999944 ], [ -71.962438770999938, -40.719009275999952 ], [ -71.867177319999939, -40.663136791999932 ], [ -71.844001369999944, -40.627563848999955 ], [ -71.824592550999967, -40.57777062599996 ], [ -71.856819898999959, -40.592118204999963 ], [ -71.890509149999957, -40.555517641999984 ], [ -71.858230546999948, -40.554871315999947 ], [ -71.84304958599995, -40.525128053999936 ], [ -71.855672998999978, -40.508180338999978 ], [ -71.824870503999989, -40.421240785999942 ], [ -71.793534876999956, -40.407303043999946 ], [ -71.74147166399996, -40.436778992999962 ], [ -71.693770002999941, -40.40659261199994 ], [ -71.693405283999937, -40.373627770999974 ], [ -71.657094707999988, -40.364395462999937 ], [ -71.685814801999982, -40.293487525999979 ], [ -71.716779677999966, -40.278756750999946 ], [ -71.736568705999957, -40.30617005199997 ], [ -71.754985733999945, -40.303100547999975 ], [ -71.761077153999963, -40.276997859999938 ], [ -71.829938755999933, -40.216607139999951 ], [ -71.798315718999959, -40.18741115399996 ], [ -71.828774734999968, -40.173215599999935 ], [ -71.799036850999983, -40.137203862999968 ], [ -71.803576515999964, -40.109990069999981 ], [ -71.831123786999967, -40.106662068999981 ], [ -71.826598234999949, -40.08886709799998 ], [ -71.809849333999978, -40.08068429399998 ], [ -71.697950052999943, -40.117455 ], [ -71.674323880999964, -40.104445246999944 ], [ -71.666614426999956, -40.074464038999963 ], [ -71.688860512999952, -40.033079311999984 ], [ -71.651080678999961, -39.972041584999943 ], [ -71.62004707799997, -39.973264139999969 ], [ -71.625159959999962, -39.938661169999932 ], [ -71.598129532999963, -39.929688675999955 ], [ -71.592524496999943, -39.911722843999939 ], [ -71.612757438999949, -39.875046638999947 ], [ -71.633393395999974, -39.882392748999962 ], [ -71.642877874999954, -39.854015324999978 ], [ -71.68565885299995, -39.855017010999973 ], [ -71.692687619999958, -39.824939382999958 ], [ -71.666727557999934, -39.807568678999985 ], [ -71.685046168999975, -39.802357233999942 ], [ -71.682185840999978, -39.765126351999982 ], [ -71.712847819999979, -39.72445356299994 ], [ -71.694089933999976, -39.707191670999975 ], [ -71.704098958999964, -39.695513251999955 ], [ -71.669883741999968, -39.682464140999969 ], [ -71.718294818999937, -39.637049071999968 ], [ -71.699925143999963, -39.633183074999977 ], [ -71.698750704999952, -39.587735460999966 ], [ -71.674714020999943, -39.563549395999985 ], [ -71.655884980999986, -39.58757193799994 ], [ -71.62386141099995, -39.591868624999961 ], [ -71.609963153999956, -39.628249892999975 ], [ -71.576267849999965, -39.635453154999936 ], [ -71.542687795999939, -39.623585836999951 ], [ -71.501647354999989, -39.637243462999947 ], [ -71.461208739999961, -39.583199346999947 ], [ -71.470306826999945, -39.552364544999932 ], [ -71.503647184999977, -39.55962573599993 ], [ -71.533887485999969, -39.529122783999981 ], [ -71.515991927999949, -39.502738663999935 ], [ -71.473237637999944, -39.493691288999969 ], [ -71.464338033999979, -39.458052871999939 ], [ -71.447346995999965, -39.450670972999944 ], [ -71.463894273999983, -39.419310591999931 ], [ -71.445004711999957, -39.408199207999985 ], [ -71.456833605999975, -39.370009336999942 ], [ -71.399666656999955, -39.350302688999932 ], [ -71.385846905999983, -39.318398360999936 ], [ -71.395112198999982, -39.301798394999935 ], [ -71.374158724999972, -39.282906525999977 ], [ -71.391741399999944, -39.25875665999996 ], [ -71.381037627999945, -39.212244872999975 ], [ -71.421462145999953, -39.151223895999976 ], [ -71.407816063999974, -39.096641530999932 ], [ -71.418495064999945, -39.06984577299994 ], [ -71.396367803999965, -39.045743533999939 ], [ -71.441687282999965, -38.981238937999933 ], [ -71.433824400999981, -38.928884043999972 ], [ -71.336503021999988, -38.876069353999981 ], [ -71.295555456999978, -38.872987509999973 ], [ -71.238013115999934, -38.802442715999973 ], [ -71.185199177999948, -38.815214907999973 ], [ -71.095415184999979, -38.754920982999977 ], [ -71.069886130999976, -38.769851133999964 ], [ -71.052623539999956, -38.757496028999981 ], [ -71.000689077999937, -38.770136258999969 ], [ -70.926228985999956, -38.762877644999946 ], [ -70.883634769999958, -38.701638627999955 ], [ -70.904563738999968, -38.66690024199994 ], [ -70.827021378999973, -38.595945360999963 ], [ -70.84248393699994, -38.538199477999967 ], [ -70.866907031999972, -38.513581271999954 ], [ -70.910789983999962, -38.504078767999943 ], [ -70.983947701999966, -38.430146614999956 ], [ -70.998060186999965, -38.291165659999933 ], [ -71.008983387999933, -38.261685803999967 ], [ -71.032044863999943, -38.249738983999976 ], [ -71.017584509999949, -38.239113194999959 ], [ -71.020319417999985, -38.214003140999978 ], [ -70.996772459999988, -38.203117601999963 ], [ -70.995851827999957, -38.171450867999965 ], [ -71.043345680999948, -38.122682709999935 ], [ -70.989374062999957, -38.110197573999983 ], [ -70.989136890999987, -38.086804314999938 ], [ -71.05545443699998, -38.043586318999985 ], [ -71.062598614999956, -37.970212738999976 ], [ -71.113906700999962, -37.952056949999985 ], [ -71.098664309999947, -37.90160799399996 ], [ -71.138905099999988, -37.85990832799996 ], [ -71.182994350999934, -37.858429917999956 ], [ -71.126437536999958, -37.820729737999955 ], [ -71.169848423999952, -37.785361429999966 ], [ -71.156366397999989, -37.756893557999945 ], [ -71.211110841999982, -37.697462616999985 ], [ -71.206307476999939, -37.647682722999946 ], [ -71.127985197999976, -37.587556677999942 ], [ -71.132539486999974, -37.553064010999947 ], [ -71.151530122999986, -37.539286933999961 ], [ -71.13306550599998, -37.529445480999982 ], [ -71.118179597999983, -37.468945305999966 ], [ -71.153566941999941, -37.400666671999943 ], [ -71.197325943999942, -37.38385732699993 ], [ -71.201666080999985, -37.365126209999971 ], [ -71.185676102999935, -37.354768415999956 ], [ -71.207780105999973, -37.338297786999931 ], [ -71.221041666999952, -37.275105554999982 ], [ -71.187987753999948, -37.275906168999938 ], [ -71.155504735999955, -37.235111983999957 ], [ -71.170419443999947, -37.22539166699994 ], [ -71.115344429999936, -37.207752386999971 ], [ -71.135304300999962, -37.147754435999957 ], [ -71.092291260999957, -37.114654070999961 ], [ -71.122819744999958, -37.091632785999934 ], [ -71.120000083999969, -37.074143747999983 ], [ -71.141774134999935, -37.069539489999954 ], [ -71.143665806999934, -37.032562665999933 ], [ -71.167302892999942, -36.996985366999979 ], [ -71.222395822999943, -36.978245536999964 ], [ -71.105960050999954, -36.970886008999969 ], [ -71.08801333599996, -36.93801934499993 ], [ -71.095620715999985, -36.925335928999971 ], [ -71.144005384999957, -36.929341449999981 ], [ -71.149266373999978, -36.901356608999947 ], [ -71.119115509999972, -36.869184391999966 ], [ -71.138440318999983, -36.853286439999977 ], [ -71.163145055999962, -36.861379758999931 ], [ -71.180010675999938, -36.841420840999945 ], [ -71.162750064999955, -36.819108635999953 ], [ -71.153065657999946, -36.827912641999944 ], [ -71.131936042999939, -36.814670942999953 ], [ -71.113254896999933, -36.679444585999931 ], [ -71.085886336999977, -36.67820250699998 ], [ -71.064870937999956, -36.714651088999972 ], [ -71.00920582599997, -36.691237193999939 ], [ -71.012000581999985, -36.663911780999968 ], [ -71.02737665899997, -36.663178906999974 ], [ -71.057175735999976, -36.618662039999947 ], [ -71.036916631999986, -36.475545716999932 ], [ -70.958117297999934, -36.503646788999959 ], [ -70.927976111999953, -36.474380132999954 ], [ -70.893884256999968, -36.471271807999983 ], [ -70.883775474999936, -36.396241214999975 ], [ -70.849166212999933, -36.418670012999939 ], [ -70.817692393999948, -36.395373384999971 ], [ -70.790897138999981, -36.428747028999965 ], [ -70.747785826999973, -36.40587422599998 ], [ -70.739419641999973, -36.42980922299995 ], [ -70.712979071999939, -36.427767646999939 ], [ -70.679275875999963, -36.389966466999965 ], [ -70.712427631999958, -36.344968351999967 ], [ -70.684848372999966, -36.304746621999982 ], [ -70.685458820999941, -36.28376385599995 ], [ -70.706202962999953, -36.272585146999972 ], [ -70.66645144499995, -36.24343181699993 ], [ -70.636949657999935, -36.242490227999951 ], [ -70.624668562999943, -36.227704434999964 ], [ -70.633233010999959, -36.217160467999975 ], [ -70.570908592999956, -36.175553107999974 ], [ -70.578503832999957, -36.139861192999945 ], [ -70.52889332999996, -36.143994455999973 ], [ -70.490739792999989, -36.178989048999938 ], [ -70.420987, -36.155926 ], [ -70.425473, -36.095336 ], [ -70.411567, -36.058455 ], [ -70.369953, -36.038685 ], [ -70.378150980999976, -35.989969009999982 ], [ -70.422953871999937, -35.971549059999973 ], [ -70.364772, -35.924195 ], [ -70.423994, -35.91466 ], [ -70.421966, -35.876586 ], [ -70.381287, -35.866922 ], [ -70.369556, -35.841222 ], [ -70.311963879999951, -35.813164032999964 ], [ -70.378742, -35.787851 ], [ -70.380093, -35.766964 ], [ -70.3583, -35.749643 ], [ -70.374461, -35.700607 ], [ -70.423798, -35.641065 ], [ -70.384696, -35.605111 ], [ -70.413559096999961, -35.528494990999945 ], [ -70.368009, -35.520741 ], [ -70.394223952999937, -35.485325062999948 ], [ -70.413742, -35.488537 ], [ -70.446528981999961, -35.463227939999967 ], [ -70.432331, -35.445713 ], [ -70.452127704999953, -35.426328423999962 ], [ -70.438311111999951, -35.413172220999968 ], [ -70.452003075999983, -35.391624511999964 ], [ -70.41838512399994, -35.353675134999946 ], [ -70.431816604999938, -35.31843427299998 ], [ -70.500195969999936, -35.321067859999971 ], [ -70.566292041999986, -35.299494476999939 ], [ -70.583685693999939, -35.267159722999963 ], [ -70.568112009999936, -35.223816690999968 ], [ -70.53605, -35.19910277799994 ], [ -70.472085849999985, -35.203909624999937 ], [ -70.375020159999963, -35.170222017999947 ], [ -70.357581186999937, -35.098980035999944 ], [ -70.373891385999968, -35.085686457999941 ], [ -70.376345584999967, -35.050918635999949 ], [ -70.36044622299994, -35.034886764999953 ], [ -70.363784989999942, -35.006020518999946 ], [ -70.33367386599997, -34.98992545599998 ], [ -70.331134450999969, -34.93647845199996 ], [ -70.276319742999988, -34.876255237999942 ], [ -70.279962694999938, -34.852336382999965 ], [ -70.248195317999944, -34.79886821599996 ], [ -70.309082856999964, -34.769498448999968 ], [ -70.306263440999942, -34.747333881999964 ], [ -70.259274861999984, -34.730157263999956 ], [ -70.247557718999985, -34.693723365999972 ], [ -70.21586403799995, -34.683427232999975 ], [ -70.21698441999996, -34.610737455999981 ], [ -70.144416533999959, -34.532876459999954 ], [ -70.129430895999974, -34.485614170999952 ], [ -70.082419352999977, -34.472557088999963 ], [ -70.041808436999986, -34.423408393999978 ], [ -70.012299326999937, -34.411949909999976 ], [ -70.030841146999933, -34.28772523899994 ], [ -69.972437570999944, -34.250006585999984 ], [ -69.909884173999956, -34.292120035999972 ], [ -69.896980355999972, -34.265862683999956 ], [ -69.807198533999951, -34.248351040999978 ], [ -69.796715421999977, -34.210481124999944 ], [ -69.873292016999983, -34.131073428999969 ], [ -69.834072661999983, -34.088202882999951 ], [ -69.832077045999938, -34.072129893999943 ], [ -69.854025444999934, -34.056266811999933 ], [ -69.821417425999982, -34.015193496999984 ], [ -69.839240185999984, -34.006947375999971 ], [ -69.85421086499997, -33.963707522999982 ], [ -69.883453281999948, -33.976715160999959 ], [ -69.906184262999943, -33.963301677999937 ], [ -69.890055592999943, -33.919475788999932 ], [ -69.855521094999972, -33.892096210999966 ], [ -69.899146826999981, -33.847078076999935 ], [ -69.904673316999947, -33.771287135999955 ], [ -69.864603048999982, -33.716782287999933 ], [ -69.884854780999945, -33.683225372999971 ], [ -69.870193812999958, -33.651623528999949 ], [ -69.880859148999946, -33.618557437999982 ], [ -69.865326115999949, -33.583004743999936 ], [ -69.872179835999987, -33.539468939999949 ], [ -69.83484796099998, -33.515658845999951 ], [ -69.829493964999983, -33.476316954999959 ], [ -69.815114882999978, -33.469169048999959 ], [ -69.819516884999985, -33.430089972999951 ], [ -69.795567608999988, -33.421381145999931 ], [ -69.815509653999982, -33.389874722999934 ], [ -69.779680922999944, -33.385235963999946 ], [ -69.769064716999935, -33.343212778999941 ], [ -69.799886954999977, -33.287859720999961 ], [ -69.904327698999964, -33.272900554999978 ], [ -69.916633812999976, -33.244252390999975 ], [ -69.915865003999954, -33.266766280999946 ], [ -70.002835953999977, -33.322788159999959 ], [ -70.006019373999948, -33.285604816999978 ], [ -70.038258957999972, -33.270396843999947 ], [ -70.027354187999947, -33.232316996999941 ], [ -70.054541477999976, -33.226280011999961 ], [ -70.064397896999935, -33.20511202299997 ], [ -70.051732782999977, -33.134545327999945 ], [ -70.075826513999971, -33.12057316399995 ], [ -70.067117419999988, -33.088158243999942 ], [ -70.093740486999934, -33.050967442999934 ], [ -70.08091664799997, -33.028295058999959 ], [ -70.021002205999935, -33.008507060999932 ], [ -70.027374917999964, -32.969881837999935 ], [ -69.999833985999942, -32.944834626999977 ], [ -70.007241799999974, -32.931155841999953 ], [ -69.989382367999951, -32.898957522999979 ], [ -70.044684263999955, -32.869949697999971 ], [ -70.054317282999989, -32.833133091999969 ], [ -70.108228428999951, -32.801138417999937 ], [ -70.147580981999965, -32.728430006999929 ], [ -70.146559921999938, -32.652429294999934 ], [ -70.172297070999946, -32.622088263999956 ], [ -70.15066718099996, -32.581468267999981 ], [ -70.126095823999947, -32.576628166999967 ], [ -70.136365826999963, -32.487347473999932 ], [ -70.165597956999989, -32.45548871099993 ], [ -70.236648951999939, -32.429292343999975 ], [ -70.238589698999988, -32.404832228999965 ], [ -70.217333104999966, -32.382201418999955 ], [ -70.229182592999962, -32.364485032999937 ], [ -70.218183631999977, -32.332733223999981 ], [ -70.262474096999938, -32.291645391999964 ], [ -70.323050938999984, -32.267048948999957 ], [ -70.300952644999938, -32.206815048999943 ], [ -70.317262153999934, -32.17700494099995 ], [ -70.303877055999976, -32.13632191399995 ], [ -70.34165534899995, -32.108643769999958 ], [ -70.350221407999982, -32.088232455999957 ], [ -70.335189082999989, -32.070435803999942 ], [ -70.388233296999942, -32.045402158999934 ], [ -70.36427509899994, -32.025057767999954 ], [ -70.328741933999936, -32.049290724999935 ], [ -70.289027592999958, -32.052031991999968 ], [ -70.248261345999936, -32.023861423999961 ], [ -70.249737554999967, -31.992834701999982 ], [ -70.208155501999954, -31.978002072999971 ], [ -70.210889098999985, -31.956863905999967 ], [ -70.280053332999955, -31.88408586099996 ], [ -70.376856496999949, -31.884822007999958 ], [ -70.460442496999974, -31.843865536999942 ], [ -70.450972996999951, -31.810370923999983 ], [ -70.472020061999956, -31.758773782999981 ], [ -70.457966370999941, -31.733343294999941 ], [ -70.46817202699998, -31.69847675699998 ], [ -70.512943071999985, -31.689776852999955 ], [ -70.50675275499998, -31.652266881999935 ], [ -70.567384393999987, -31.600134380999975 ], [ -70.552259944999946, -31.511161130999938 ], [ -70.569141103999982, -31.472885736999956 ], [ -70.548687964999942, -31.448743501999957 ], [ -70.560206971999946, -31.419958532999942 ], [ -70.531974110999954, -31.407736840999974 ], [ -70.527448487999948, -31.366951857999936 ], [ -70.547157116999983, -31.314852816999974 ], [ -70.526980032999973, -31.278547447999983 ], [ -70.531831905999979, -31.24665895499993 ], [ -70.515335544999971, -31.232404496999948 ], [ -70.52433659999997, -31.189825159999941 ], [ -70.49790715499995, -31.122797204999983 ], [ -70.456380184999944, -31.084273905999964 ], [ -70.432296078999968, -31.101710748999949 ], [ -70.401377958999944, -31.167071564999958 ], [ -70.360555332999979, -31.135707295999964 ], [ -70.368273709999983, -31.109964503999947 ], [ -70.321651147999944, -31.043493891999958 ], [ -70.269099179999955, -31.04309315699993 ], [ -70.277146322999954, -31.021459727999968 ], [ -70.297765870999967, -31.020163098999944 ], [ -70.293375122999976, -30.969986397999946 ], [ -70.322820952999962, -30.928026090999936 ], [ -70.279738579999957, -30.830690526999945 ], [ -70.287970026999972, -30.786689087999946 ], [ -70.246094443999937, -30.728522221999981 ], [ -70.259093039999982, -30.700158508999948 ], [ -70.239372141999979, -30.667800700999976 ], [ -70.246640130999936, -30.634207138999955 ], [ -70.179388309999979, -30.512314820999961 ], [ -70.194814728999972, -30.491629993999936 ], [ -70.117500545999974, -30.432125815999939 ], [ -70.154668544999936, -30.346666453999944 ], [ -70.106577627999968, -30.352063459999954 ], [ -70.063205752999977, -30.394364442999972 ], [ -69.955341542999975, -30.385504535999928 ], [ -69.935125574999972, -30.358214068999928 ], [ -69.891845655999987, -30.350590212999975 ], [ -69.908127320999938, -30.318005144999972 ], [ -69.878575975999979, -30.258317734999935 ], [ -69.885035459999983, -30.218582950999973 ], [ -69.835045320999939, -30.219943700999977 ], [ -69.819384161999949, -30.188724673999957 ], [ -69.828783005999981, -30.162272454999936 ], [ -69.809442451999985, -30.15477715399993 ], [ -69.817439670999988, -30.12794129699995 ], [ -69.899653761999957, -30.10622499699997 ], [ -69.936092973999962, -30.120077923999929 ], [ -69.944224036999969, -30.093242062999934 ], [ -69.965319875999967, -30.085450427999945 ], [ -69.915413969999975, -30.025583582999957 ], [ -69.926042006999978, -29.999192997999955 ], [ -69.898017243999959, -29.957840622999981 ], [ -69.908717615999933, -29.928574824999941 ], [ -69.888514979999968, -29.904588007999962 ], [ -69.896741954999982, -29.878144143999975 ], [ -69.876551531999951, -29.861638815999981 ], [ -69.898956536999947, -29.848488724999982 ], [ -69.893207778999965, -29.819948269999941 ], [ -69.91484767999998, -29.792706251999959 ], [ -69.878670886999942, -29.725808492999931 ], [ -69.939526217999969, -29.65441885499996 ], [ -69.931735863999961, -29.585914857999967 ], [ -69.956352611999932, -29.535064645999967 ], [ -69.947434423999937, -29.490448137999977 ], [ -69.981869332999963, -29.452232804999937 ], [ -69.966312828999946, -29.414223185999958 ], [ -70.021275620999972, -29.384400142999937 ], [ -70.010444313999983, -29.353802653999935 ], [ -70.020927940999968, -29.329782362999936 ], [ -69.997989650999955, -29.285798193999938 ], [ -69.938155336999955, -29.249920621999934 ], [ -69.952688846999934, -29.189165129999935 ], [ -69.924354812999979, -29.186394789999952 ], [ -69.876121412999964, -29.138899179999953 ], [ -69.788098952999974, -29.132683000999975 ], [ -69.793645486999935, -29.051054609999937 ], [ -69.78503509799998, -29.014909086999978 ], [ -69.754408229999967, -28.98423904699996 ], [ -69.765701778999983, -28.89879326099998 ], [ -69.692902122999953, -28.77089587599994 ], [ -69.729249151999966, -28.737451678999946 ], [ -69.731420068999967, -28.684032543999933 ], [ -69.701487980999957, -28.639867606999928 ], [ -69.694967652999935, -28.596452451999937 ], [ -69.662333951999983, -28.583010384999966 ], [ -69.669984890999956, -28.555340456999943 ], [ -69.649858373999962, -28.537664244999974 ], [ -69.680502782999952, -28.470613046999972 ], [ -69.632595011999967, -28.429911322999942 ], [ -69.655389449999973, -28.41537782499995 ], [ -69.64908646799995, -28.396452797999927 ], [ -69.624559522999959, -28.378180266999948 ], [ -69.59701156899996, -28.392061367999929 ], [ -69.582760080999947, -28.35244169799995 ], [ -69.523574145999987, -28.329656280999927 ], [ -69.502665766999939, -28.264312824999934 ], [ -69.474421971999959, -28.237167210999928 ], [ -69.478402871999947, -28.207001604999959 ], [ -69.456267698999966, -28.183596662999946 ], [ -69.391381900999988, -28.226443224999969 ], [ -69.381783140999971, -28.18178792599997 ], [ -69.336267154999973, -28.164065294999943 ], [ -69.307394299999942, -28.128853541999945 ], [ -69.301361910999958, -28.071319806999952 ], [ -69.263117673999943, -28.046732399999939 ], [ -69.269106485999941, -28.011266055999954 ], [ -69.251308073999951, -28.004490228999941 ], [ -69.237064461999978, -27.966534200999945 ], [ -69.173303823999959, -27.971427953999978 ], [ -69.123018737999985, -27.901461470999948 ], [ -69.131628565999961, -27.872042009999973 ], [ -69.110323347999952, -27.852240244999962 ], [ -69.089322799999934, -27.785780839999973 ], [ -69.089818744999945, -27.721804870999961 ], [ -69.044373281999981, -27.697399529999927 ], [ -69.060121465999941, -27.663183254999979 ], [ -69.054266562999942, -27.619248379999931 ], [ -69.039239587999987, -27.594573388999947 ], [ -68.975241822999976, -27.559699600999977 ], [ -68.987718066999946, -27.524109758999941 ], [ -68.941529271999968, -27.518901434999975 ], [ -68.960550939999962, -27.471080066999946 ], [ -68.98853618399994, -27.453313397999977 ], [ -68.980909992999955, -27.432129816999975 ], [ -68.93534611299998, -27.444836461999955 ], [ -68.93045036999996, -27.409389568999927 ], [ -68.887522289999936, -27.398312289999978 ], [ -68.89319472699998, -27.358339329999978 ], [ -68.870420559999957, -27.317527224999935 ], [ -68.808773258999963, -27.301343473999964 ], [ -68.868469300999948, -27.262352049999947 ], [ -68.843914885999936, -27.160690255999953 ], [ -68.806938595999952, -27.152833028999964 ], [ -68.777900891999934, -27.098816555999974 ], [ -68.751429512999948, -27.112188912999954 ], [ -68.670415565999974, -27.098549573999946 ], [ -68.631327057999954, -27.163134662999937 ], [ -68.615274348999947, -27.171139598999957 ], [ -68.600545498999963, -27.158847115999947 ], [ -68.575403751999943, -27.176990021999927 ], [ -68.556833371999971, -27.114653827999973 ], [ -68.481490085999951, -27.12841132899996 ], [ -68.483928038999977, -27.057679296999936 ], [ -68.475621032999982, -27.083869992999951 ], [ -68.450638354999967, -27.095015195999963 ], [ -68.428765892999934, -27.064072451999948 ], [ -68.403787762999968, -27.067628570999943 ], [ -68.347050420999949, -27.033053687999939 ], [ -68.293770396999946, -27.037519062999934 ], [ -68.319012207999947, -26.98170963299998 ], [ -68.294080708999957, -26.959528494999972 ], [ -68.289949186999934, -26.924733930999935 ], [ -68.262946441999986, -26.918630793999966 ], [ -68.587692302999983, -26.492037768999978 ], [ -68.557281323999973, -26.286682457999973 ], [ -68.381048376999956, -26.178000353999948 ], [ -68.477274467999962, -25.701175961999979 ], [ -68.544976636999934, -25.632964916999981 ], [ -68.540915469999959, -25.596762770999931 ], [ -68.514675805999957, -25.574371044999964 ], [ -68.541823483999963, -25.549962483999934 ], [ -68.538372695999954, -25.509027269999933 ], [ -68.572806424999953, -25.49424161099995 ], [ -68.589089955999953, -25.448312931999965 ], [ -68.590031368999973, -25.414190761999976 ], [ -68.570598828999948, -25.41750640999993 ], [ -68.523781111999938, -25.378826127999957 ], [ -68.518174853999938, -25.340061795999929 ], [ -68.546236725999961, -25.31153954399997 ], [ -68.529029993999984, -25.290277524999965 ], [ -68.547931580999943, -25.262411890999942 ], [ -68.53479310299997, -25.23693435399997 ], [ -68.509111865999955, -25.232271440999966 ], [ -68.506926247999957, -25.168133274999946 ], [ -68.471570844999974, -25.150346808999927 ], [ -68.459747401999948, -25.125661099999945 ], [ -68.445299319999947, -25.133991583999943 ], [ -68.437704079999946, -25.122791460999963 ], [ -68.410221305999983, -25.145263090999947 ], [ -68.344244163999974, -25.110770486999968 ], [ -68.378199551999955, -25.032445620999965 ], [ -68.407015695999974, -25.030331792999959 ], [ -68.432594033999976, -24.905871173999969 ], [ -68.51960179699995, -24.873914354999954 ], [ -68.53802120499995, -24.817341479999982 ], [ -68.568755430999943, -24.794125274999942 ], [ -68.544274427999937, -24.724349763999953 ], [ -68.492630629999951, -24.665384376999953 ], [ -68.495879042999945, -24.600357117999977 ], [ -68.467916789999947, -24.623664464999933 ], [ -68.451459295999939, -24.603086322999957 ], [ -68.43487440399997, -24.606752421999943 ], [ -68.387867342999982, -24.484155732999966 ], [ -68.308513267999956, -24.491796115999932 ], [ -68.259893343999977, -24.40232838299994 ], [ -67.322616666999977, -24.034158332999937 ], [ -66.990502950999939, -23.00000601499994 ], [ -67.180499979999979, -22.814127909999968 ], [ -67.12775, -22.722113943999943 ], [ -67.014083, -22.654814 ], [ -67.02725, -22.540883 ], [ -66.972945, -22.540658 ], [ -66.928555, -22.492228 ], [ -66.78247209999995, -22.438075020999975 ], [ -66.739278, -22.238458 ], [ -66.68625, -22.209538943999974 ], [ -66.63825, -22.225486054999976 ], [ -66.62316696299996, -22.197381018999977 ], [ -66.347753, -22.128026 ], [ -66.325535962999936, -22.088322000999938 ], [ -66.288604, -22.086955 ], [ -66.274639, -21.944419 ], [ -66.235932, -21.852321 ], [ -66.242793983999945, -21.793294056999969 ], [ -66.207660960999988, -21.788354080999966 ] ], [ [ -58.112485, -32.931158 ], [ -58.112951, -32.961258 ], [ -58.115013987999987, -32.974550013999931 ], [ -58.108589, -32.961814 ], [ -58.101435, -32.954354 ], [ -58.112485, -32.931158 ] ], [ [ -58.099723, -32.951575 ], [ -58.107656, -33.001667 ], [ -58.109116875999973, -33.010382626999956 ], [ -58.11455, -33.024698 ], [ -58.087383919999979, -32.996768969999948 ], [ -58.088910016999932, -32.957851029999972 ], [ -58.099723, -32.951575 ] ], [ [ -58.128779996999981, -33.025085084999944 ], [ -58.108079989999965, -33.003544954999938 ], [ -58.11574, -32.990354 ], [ -58.128779996999981, -33.025085084999944 ] ], [ [ -58.12549, -33.029678 ], [ -58.129830035999987, -33.028860082999984 ], [ -58.133199012999967, -33.034627885999953 ], [ -58.12549, -33.029678 ] ], [ [ -58.124400933999937, -33.008556682999938 ], [ -58.126438, -33.007848 ], [ -58.125742009999954, -33.011395902999936 ], [ -58.124400933999937, -33.008556682999938 ] ], [ [ -58.118078, -32.982034 ], [ -58.111135, -32.978287 ], [ -58.111975, -32.971667 ], [ -58.118078, -32.982034 ] ], [ [ -57.862389, -27.294362 ], [ -57.899383, -27.27414 ], [ -57.910579, -27.274395 ], [ -57.912871777999953, -27.276644841999939 ], [ -57.898239, -27.277518 ], [ -57.862389, -27.294362 ] ], [ [ -57.918387, -27.282459 ], [ -57.895895973999984, -27.288113887999941 ], [ -57.894726289999937, -27.280315673999951 ], [ -57.918387, -27.282459 ] ], [ [ -57.959311993999961, -27.277179073999946 ], [ -57.924075, -27.274438 ], [ -57.946226064999962, -27.272756097999945 ], [ -57.959311993999961, -27.277179073999946 ] ], [ [ -57.917933084999959, -27.274272045999965 ], [ -57.917728, -27.276162 ], [ -57.913537, -27.273902 ], [ -57.917933084999959, -27.274272045999965 ] ], [ [ -57.942278005999981, -27.268917980999959 ], [ -57.926743, -27.268808 ], [ -57.921479, -27.266981 ], [ -57.930069472999946, -27.265335881999931 ], [ -57.942278005999981, -27.268917980999959 ] ] ] ] } }
]
}
