{
"type": "FeatureCollection",
"name": "42",
"crs": { "type": "name", "properties": { "name": "urn:ogc:def:crs:OGC:1.3:CRS84" } },
"features": [
{ "type": "Feature", "properties": { "codigo_indec": "421120312" }, "geometry": { "type": "Polygon", "coordinates": [ [ [ -67.681425260456123, -37.70162141335534 ], [ -67.679485373776728, -37.885573941044555 ], [ -67.768054069511365, -37.885884691028245 ], [ -67.76763155154643, -37.884138902751999 ], [ -67.763182871032896, -37.878944720537454 ], [ -67.759265250468118, -37.876102632058178 ], [ -67.756556258953935, -37.87329642802824 ], [ -67.753570577216522, -37.873070695450856 ], [ -67.751557753231282, -37.871695349339056 ], [ -67.747726055555589, -37.864518518851789 ], [ -67.746346377755415, -37.863836336012049 ], [ -67.745410651917126, -37.861260281053802 ], [ -67.740346883498759, -37.858047162990111 ], [ -67.737652648949961, -37.857866256713145 ], [ -67.735594025545623, -37.858383084870887 ], [ -67.728240269497888, -37.855725671011086 ], [ -67.727026480260676, -37.853982323212414 ], [ -67.723874210592129, -37.845835288299199 ], [ -67.722201607352702, -37.844134636824457 ], [ -67.722092044371152, -37.842965131995619 ], [ -67.722704365560318, -37.842429175469256 ], [ -67.722060950011468, -37.840407166616735 ], [ -67.720513226623993, -37.840407273039219 ], [ -67.71871650656739, -37.837510247735864 ], [ -67.718816693885103, -37.835342232995785 ], [ -67.7198413200625, -37.834831801316987 ], [ -67.720172356999029, -37.83257933586237 ], [ -67.717399156368472, -37.829318187608237 ], [ -67.720339827717041, -37.815947109155829 ], [ -67.720440757681018, -37.813324143254178 ], [ -67.719856238681416, -37.811990405060271 ], [ -67.719526036059605, -37.80595498044481 ], [ -67.719796599626122, -37.803424124138317 ], [ -67.719201629106337, -37.800288816049559 ], [ -67.720160062795699, -37.797801965584839 ], [ -67.721517041682731, -37.795858806256859 ], [ -67.726558647743659, -37.79529404144116 ], [ -67.728271999842718, -37.794647320992802 ], [ -67.727613857135893, -37.790639148075094 ], [ -67.726000766520542, -37.78912683227513 ], [ -67.725818555810861, -37.787881812217954 ], [ -67.72802696639917, -37.784007269775444 ], [ -67.728527046445592, -37.78184237378143 ], [ -67.731246031058006, -37.777730558191145 ], [ -67.735582430740934, -37.774729945778155 ], [ -67.735916419528294, -37.773481837927079 ], [ -67.734110175816255, -37.769157283712794 ], [ -67.735168489286025, -37.7645473095032 ], [ -67.736416337272075, -37.763074033414675 ], [ -67.739502194290736, -37.761591638503901 ], [ -67.742710566654949, -37.761346035324912 ], [ -67.745170466253924, -37.760516866052235 ], [ -67.749157709366571, -37.757692095860648 ], [ -67.747765568249292, -37.755068728366027 ], [ -67.747745883514256, -37.752303375961397 ], [ -67.74859790915032, -37.75138536869072 ], [ -67.748765200218799, -37.750418963954779 ], [ -67.747265293205146, -37.748995332120472 ], [ -67.747582944762016, -37.745256547065907 ], [ -67.749106990001422, -37.742166496976822 ], [ -67.752300331516793, -37.739997521890494 ], [ -67.752638257969494, -37.738933982586552 ], [ -67.752265596432281, -37.734795554097502 ], [ -67.753053833396876, -37.732626262789729 ], [ -67.757596954441397, -37.726761536069787 ], [ -67.765196265883134, -37.724021941963763 ], [ -67.766053696173401, -37.723234354044138 ], [ -67.767122918839547, -37.720979681477388 ], [ -67.767018458598798, -37.718373247150893 ], [ -67.764279670051366, -37.715504484246836 ], [ -67.763241015372799, -37.71199314051244 ], [ -67.764020002920887, -37.71113016701991 ], [ -67.764012284438806, -37.710206895543166 ], [ -67.762798822014958, -37.706013501855502 ], [ -67.763589718963416, -37.705416108410596 ], [ -67.763930925935199, -37.704384015487257 ], [ -67.763496688569987, -37.702088798982267 ], [ -67.763977348729128, -37.700243839129818 ], [ -67.681425260456123, -37.70162141335534 ] ], [ [ -67.718514059528303, -37.766566120539139 ], [ -67.724732205257567, -37.766416696764345 ], [ -67.724746582294529, -37.76984426666548 ], [ -67.72250444470032, -37.772989548800453 ], [ -67.720701310441925, -37.778556198230312 ], [ -67.713736015720315, -37.778711786336203 ], [ -67.714440902493138, -37.772990062798939 ], [ -67.717723348807382, -37.766969527383942 ], [ -67.718514059528303, -37.766566120539139 ] ] ] } },
{ "type": "Feature", "properties": { "codigo_indec": "420560506" }, "geometry": { "type": "Polygon", "coordinates": [ [ [ -63.604323626387227, -35.228556226033689 ], [ -63.602312125054581, -35.131131150105482 ], [ -63.493558708977652, -35.131623735015609 ], [ -63.494987124930972, -35.270529513258538 ], [ -63.605196285075586, -35.270847734866642 ], [ -63.604323626387227, -35.228556226033689 ] ], [ [ -63.604323626387227, -35.228556226033689 ], [ -63.604263733332552, -35.247856228453358 ], [ -63.59725353859826, -35.246721479076925 ], [ -63.594057165311234, -35.246721016344452 ], [ -63.594045783269216, -35.247477696466859 ], [ -63.591574184532504, -35.247482571474421 ], [ -63.591568881490034, -35.247847402704203 ], [ -63.578463653171028, -35.247788478427069 ], [ -63.578474931990328, -35.245932488170801 ], [ -63.580894057805537, -35.245935841689345 ], [ -63.58098976368251, -35.22857399236289 ], [ -63.604323626387227, -35.228556226033689 ] ] ] } },
{ "type": "Feature", "properties": { "codigo_indec": "420490103" }, "geometry": { "type": "Polygon", "coordinates": [ [ [ -66.473556775320034, -35.996339605699653 ], [ -66.464326851591721, -36.425510251507902 ], [ -67.113761385999965, -36.429977254649557 ], [ -67.11527339940649, -36.340314754983901 ], [ -67.124011737921961, -36.004548241650475 ], [ -66.735052653347154, -36.004331820573455 ], [ -66.473556775320034, -35.996339605699653 ] ], [ [ -66.942834272330401, -36.226339356479194 ], [ -66.943900952766668, -36.228101730186125 ], [ -66.945332663995615, -36.227612810757407 ], [ -66.946424116042877, -36.229347930511501 ], [ -66.94501789245804, -36.229877214005754 ], [ -66.945715283503276, -36.230984638258953 ], [ -66.943993293724347, -36.231620038976189 ], [ -66.944346787149485, -36.23396026913467 ], [ -66.9363983596716, -36.237163293255435 ], [ -66.930877205125441, -36.240603760204131 ], [ -66.929245340467432, -36.238778077388758 ], [ -66.937315517113106, -36.234087655730654 ], [ -66.933605130400295, -36.229349518082934 ], [ -66.936123752983065, -36.22882518727198 ], [ -66.935653338962808, -36.22551709301753 ], [ -66.941628869122866, -36.224366290947607 ], [ -66.941829901451328, -36.22652299346376 ], [ -66.942834272330401, -36.226339356479194 ] ] ] } },
{ "type": "Feature", "properties": { "codigo_indec": "421540601" }, "geometry": { "type": "Polygon", "coordinates": [ [ [ -64.23471019404937, -37.490390945863702 ], [ -64.212148637804248, -37.490520033404749 ], [ -64.212263646478704, -37.499210879968395 ], [ -64.234826865911927, -37.499122363445615 ], [ -64.23471019404937, -37.490390945863702 ] ] ] } },
{ "type": "Feature", "properties": { "codigo_indec": "420280102" }, "geometry": { "type": "Polygon", "coordinates": [ [ [ -63.748471659522174, -36.50644037078898 ], [ -63.736170438324784, -36.502797359096469 ], [ -63.735421098830308, -36.504481421642211 ], [ -63.73964469350539, -36.505647206421678 ], [ -63.739681203846537, -36.511873465791929 ], [ -63.747713389908988, -36.511809237335463 ], [ -63.747828234357435, -36.507847219013073 ], [ -63.748471659522174, -36.50644037078898 ] ] ] } },
{ "type": "Feature", "properties": { "codigo_indec": "421540517" }, "geometry": { "type": "Polygon", "coordinates": [ [ [ -64.59246248514674, -37.383690854735086 ], [ -64.592408841952732, -37.385956109414614 ], [ -64.597053351257514, -37.386047349557003 ], [ -64.597056172189895, -37.387259163221067 ], [ -64.602113478118667, -37.387319064598827 ], [ -64.602358145924654, -37.383871308982705 ], [ -64.59246248514674, -37.383690854735086 ] ] ] } },
{ "type": "Feature", "properties": { "codigo_indec": "421540504" }, "geometry": { "type": "Polygon", "coordinates": [ [ [ -64.606789617743758, -37.368467737763098 ], [ -64.609542201893021, -37.368563202125493 ], [ -64.609460226774601, -37.377436645345398 ], [ -64.615258787081203, -37.377518207813388 ], [ -64.615473661190435, -37.368132765876183 ], [ -64.607076664070334, -37.367137705040491 ], [ -64.606789617743758, -37.368467737763098 ] ] ] } },
{ "type": "Feature", "properties": { "codigo_indec": "421470109" }, "geometry": { "type": "Polygon", "coordinates": [ [ [ -64.351684166586239, -35.640225739670839 ], [ -64.352908052627924, -35.643256889639723 ], [ -64.363245792526854, -35.640608729955048 ], [ -64.361639052978461, -35.636576679636278 ], [ -64.358637332625847, -35.637342351158928 ], [ -64.359044348326051, -35.638357206652834 ], [ -64.351684166586239, -35.640225739670839 ] ] ] } },
{ "type": "Feature", "properties": { "codigo_indec": "421400216" }, "geometry": { "type": "Polygon", "coordinates": [ [ [ -64.346175612520014, -36.646788043518121 ], [ -64.344855617646331, -36.645769565384896 ], [ -64.337244174100562, -36.652123892679711 ], [ -64.336851209185454, -36.651807551435219 ], [ -64.334969453224659, -36.653380574945267 ], [ -64.338418750675956, -36.656136333648682 ], [ -64.340313901933044, -36.654590473676159 ], [ -64.340629992515275, -36.654842660697099 ], [ -64.345454224371295, -36.650846159298062 ], [ -64.343365942805733, -36.649150228381316 ], [ -64.346175612520014, -36.646788043518121 ] ] ] } },
{ "type": "Feature", "properties": { "codigo_indec": "421400215" }, "geometry": { "type": "Polygon", "coordinates": [ [ [ -64.338418750675956, -36.656136333648682 ], [ -64.344922242782943, -36.661331211157936 ], [ -64.346767281256689, -36.659775542800027 ], [ -64.354939790591672, -36.666335569911148 ], [ -64.357172185821156, -36.664442701628637 ], [ -64.354784885724726, -36.661134510032191 ], [ -64.349933109630257, -36.650957859645111 ], [ -64.346175612520014, -36.646788043518121 ], [ -64.343365942805733, -36.649150228381316 ], [ -64.345454224371295, -36.650846159298062 ], [ -64.338418750675956, -36.656136333648682 ] ] ] } },
{ "type": "Feature", "properties": { "codigo_indec": "421400209" }, "geometry": { "type": "Polygon", "coordinates": [ [ [ -64.375251973003117, -36.677449328316023 ], [ -64.38006003324422, -36.681276634871296 ], [ -64.383032102784128, -36.678776142266969 ], [ -64.381101181884802, -36.677236175164445 ], [ -64.380164671850793, -36.678020846077253 ], [ -64.377293217812564, -36.675729175320768 ], [ -64.375251973003117, -36.677449328316023 ] ] ] } },
{ "type": "Feature", "properties": { "codigo_indec": "421400205" }, "geometry": { "type": "Polygon", "coordinates": [ [ [ -64.380013829973009, -36.669878007740174 ], [ -64.378012791760554, -36.671558212838427 ], [ -64.384039046999234, -36.676361544312883 ], [ -64.38603719662224, -36.674685705015655 ], [ -64.380013829973009, -36.669878007740174 ] ] ] } },
{ "type": "Feature", "properties": { "codigo_indec": "421400203" }, "geometry": { "type": "Polygon", "coordinates": [ [ [ -64.379108624014407, -36.67064057231417 ], [ -64.382922819218578, -36.667430712119156 ], [ -64.378118621800766, -36.663585553029741 ], [ -64.374298743328751, -36.666799688556168 ], [ -64.379108624014407, -36.67064057231417 ] ] ] } },
{ "type": "Feature", "properties": { "codigo_indec": "421400202" }, "geometry": { "type": "Polygon", "coordinates": [ [ [ -64.380013829973009, -36.669878007740174 ], [ -64.38603719662224, -36.674685705015655 ], [ -64.384039046999234, -36.676361544312883 ], [ -64.385920436403097, -36.677864751712264 ], [ -64.390808008568698, -36.673741130077566 ], [ -64.382922819218578, -36.667430712119156 ], [ -64.380013829973009, -36.669878007740174 ] ] ] } },
{ "type": "Feature", "properties": { "codigo_indec": "421330508" }, "geometry": { "type": "Polygon", "coordinates": [ [ [ -64.46682542601279, -35.388491266852533 ], [ -64.46682449045413, -35.389122107806628 ], [ -64.472762952695177, -35.393734976693608 ], [ -64.476056482547492, -35.393736022797142 ], [ -64.476047702468549, -35.388499827931938 ], [ -64.46682542601279, -35.388491266852533 ] ] ] } },
{ "type": "Feature", "properties": { "codigo_indec": "421330503" }, "geometry": { "type": "Polygon", "coordinates": [ [ [ -64.459225829246336, -35.383162996372207 ], [ -64.465123545640807, -35.38784781212069 ], [ -64.465102137332892, -35.389122763736481 ], [ -64.465957769757466, -35.389124621476491 ], [ -64.46682449045413, -35.389122107806628 ], [ -64.466826787722269, -35.387837900784568 ], [ -64.472742259240817, -35.383158907683651 ], [ -64.459225829246336, -35.383162996372207 ] ] ] } },
{ "type": "Feature", "properties": { "codigo_indec": "421260207" }, "geometry": { "type": "Polygon", "coordinates": [ [ [ -64.496065346514882, -35.145844211869246 ], [ -64.49342356480912, -35.145851944337473 ], [ -64.493434193194673, -35.151822893258505 ], [ -64.500792132497324, -35.15180602757129 ], [ -64.500779943517045, -35.14962934317294 ], [ -64.496088788415818, -35.149638790144337 ], [ -64.496065346514882, -35.145844211869246 ] ] ] } },
{ "type": "Feature", "properties": { "codigo_indec": "421260102" }, "geometry": { "type": "Polygon", "coordinates": [ [ [ -64.680963735546513, -35.062957564581417 ], [ -64.680399086708178, -35.068413250115164 ], [ -64.681751336984135, -35.068513579675688 ], [ -64.681267987002471, -35.072834522084413 ], [ -64.683917978517215, -35.073025543808455 ], [ -64.685003863572078, -35.063253799750115 ], [ -64.680963735546513, -35.062957564581417 ] ] ] } },
{ "type": "Feature", "properties": { "codigo_indec": "421190101" }, "geometry": { "type": "Polygon", "coordinates": [ [ [ -63.901193346714074, -36.080482201559676 ], [ -63.903871276419004, -36.080479530935051 ], [ -63.903911638955449, -36.064743637014864 ], [ -63.884741783879406, -36.064690574353413 ], [ -63.884700046869611, -36.078160282223472 ], [ -63.901197115781791, -36.078148586918253 ], [ -63.901193346714074, -36.080482201559676 ] ] ] } },
{ "type": "Feature", "properties": { "codigo_indec": "421120310" }, "geometry": { "type": "Polygon", "coordinates": [ [ [ -67.173393005841234, -38.223409758428232 ], [ -67.16627249180317, -38.220877269614462 ], [ -67.164879550297286, -38.221963115494788 ], [ -67.165220084613352, -38.224698322440936 ], [ -67.163555661683816, -38.2257733346569 ], [ -67.163593462679017, -38.226354008640129 ], [ -67.164142285181498, -38.226753949025102 ], [ -67.164068332466698, -38.227308705638691 ], [ -67.166761481976025, -38.22950706320195 ], [ -67.169555842510675, -38.227853215855838 ], [ -67.170407906279777, -38.228466308304128 ], [ -67.172288004374565, -38.227312473307428 ], [ -67.17327663740808, -38.228072820891164 ], [ -67.174861544934799, -38.227029997467746 ], [ -67.175491810570932, -38.227519153971464 ], [ -67.176325638849292, -38.226997315369637 ], [ -67.17232134035676, -38.224231232844119 ], [ -67.173393005841234, -38.223409758428232 ] ] ] } },
{ "type": "Feature", "properties": { "codigo_indec": "421120309" }, "geometry": { "type": "Polygon", "coordinates": [ [ [ -67.714150023126351, -37.774768994934455 ], [ -67.713736015720315, -37.778711786336203 ], [ -67.720742501151875, -37.778497040573697 ], [ -67.721198306721689, -37.777229175897652 ], [ -67.718513013850185, -37.77657021258409 ], [ -67.719032542464149, -37.77572483108186 ], [ -67.714150023126351, -37.774768994934455 ] ] ] } },
{ "type": "Feature", "properties": { "codigo_indec": "421050808" }, "geometry": { "type": "Polygon", "coordinates": [ [ [ -63.777814207467145, -35.669762191457053 ], [ -63.777837809670942, -35.674087736673215 ], [ -63.7827315639069, -35.67801653478854 ], [ -63.782541681963501, -35.669714226162526 ], [ -63.777814207467145, -35.669762191457053 ] ] ] } },
{ "type": "Feature", "properties": { "codigo_indec": "421050805" }, "geometry": { "type": "Polygon", "coordinates": [ [ [ -63.775713365195728, -35.653945729474678 ], [ -63.772943616670993, -35.656282342354665 ], [ -63.771765596378415, -35.655368486824024 ], [ -63.770364234455258, -35.656531943805739 ], [ -63.772870289955293, -35.658524638368064 ], [ -63.777053187679506, -35.654997694997284 ], [ -63.775713365195728, -35.653945729474678 ] ] ] } },
{ "type": "Feature", "properties": { "codigo_indec": "421050801" }, "geometry": { "type": "Polygon", "coordinates": [ [ [ -63.777715601598608, -35.642647281473572 ], [ -63.777767885303248, -35.657493329265705 ], [ -63.782361840779302, -35.657456409268214 ], [ -63.782132550674483, -35.642593571764358 ], [ -63.777715601598608, -35.642647281473572 ] ] ] } },
{ "type": "Feature", "properties": { "codigo_indec": "421050713" }, "geometry": { "type": "Polygon", "coordinates": [ [ [ -63.754303104381272, -35.674164479247835 ], [ -63.756172436095909, -35.675632032244543 ], [ -63.75717896573812, -35.67478577735762 ], [ -63.759026543380919, -35.676243870976862 ], [ -63.760780145243629, -35.674744709864925 ], [ -63.757085308822681, -35.671819543846269 ], [ -63.754303104381272, -35.674164479247835 ] ] ] } },
{ "type": "Feature", "properties": { "codigo_indec": "421050416" }, "geometry": { "type": "Polygon", "coordinates": [ [ [ -63.753359107905091, -35.657810635506671 ], [ -63.750655059879243, -35.660138935315075 ], [ -63.753571226748079, -35.662455059445762 ], [ -63.756286058645799, -35.660135906305477 ], [ -63.753359107905091, -35.657810635506671 ] ] ] } },
{ "type": "Feature", "properties": { "codigo_indec": "421050414" }, "geometry": { "type": "Polygon", "coordinates": [ [ [ -63.754069466744262, -35.652552679948919 ], [ -63.750583526730587, -35.655605262394637 ], [ -63.753359107905091, -35.657810635506671 ], [ -63.756888177418034, -35.654794819543881 ], [ -63.754069466744262, -35.652552679948919 ] ] ] } },
{ "type": "Feature", "properties": { "codigo_indec": "421050412" }, "geometry": { "type": "Polygon", "coordinates": [ [ [ -63.74486717017885, -35.650803779289788 ], [ -63.747656907329414, -35.653279863297634 ], [ -63.750281790279899, -35.651013220982946 ], [ -63.747312217797145, -35.648650969941045 ], [ -63.74486717017885, -35.650803779289788 ] ] ] } },
{ "type": "Feature", "properties": { "codigo_indec": "421050411" }, "geometry": { "type": "Polygon", "coordinates": [ [ [ -63.756773655600171, -35.650206275909007 ], [ -63.754069466744262, -35.652552679948919 ], [ -63.756888177418034, -35.654794819543881 ], [ -63.75960314904345, -35.652457564024466 ], [ -63.756773655600171, -35.650206275909007 ] ] ] } },
{ "type": "Feature", "properties": { "codigo_indec": "421050501" }, "geometry": { "type": "Polygon", "coordinates": [ [ [ -63.717423965342128, -35.781542033369355 ], [ -63.717388762176391, -35.778230047283522 ], [ -63.720156329599902, -35.772889848770745 ], [ -63.717378780817796, -35.771909066382435 ], [ -63.717374961273457, -35.771269255571234 ], [ -63.716729046681536, -35.771045244258836 ], [ -63.715839500326709, -35.772767350893815 ], [ -63.714973421776222, -35.773088780194918 ], [ -63.713687120531574, -35.77563228200448 ], [ -63.712479731109752, -35.775226369349063 ], [ -63.711457843965391, -35.777220737980521 ], [ -63.712676179342445, -35.777631374732934 ], [ -63.711673990137825, -35.779612603356959 ], [ -63.717423965342128, -35.781542033369355 ] ] ] } },
{ "type": "Feature", "properties": { "codigo_indec": "420980401" }, "geometry": { "type": "Polygon", "coordinates": [ [ [ -65.339119855369333, -36.478806162179019 ], [ -65.345929243840587, -36.478821151651601 ], [ -65.345936345890095, -36.473328714636878 ], [ -65.339169315857717, -36.473309456619376 ], [ -65.339119855369333, -36.478806162179019 ] ] ] } },
{ "type": "Feature", "properties": { "codigo_indec": "420700201" }, "geometry": { "type": "Polygon", "coordinates": [ [ [ -63.587296321405425, -37.452869608786166 ], [ -63.579401095941904, -37.462414205865855 ], [ -63.584918720057168, -37.465747530010276 ], [ -63.585995611004812, -37.464503920603008 ], [ -63.593066921027884, -37.46865231546505 ], [ -63.594693455175666, -37.465595700496856 ], [ -63.599058932437835, -37.460549945737007 ], [ -63.58881153997752, -37.454945374447895 ], [ -63.589656669632838, -37.454138388933174 ], [ -63.587296321405425, -37.452869608786166 ] ] ] } },
{ "type": "Feature", "properties": { "codigo_indec": "420560516" }, "geometry": { "type": "Polygon", "coordinates": [ [ [ -63.59442793035312, -35.243002426859327 ], [ -63.594406240649477, -35.245966547394524 ], [ -63.597379889430989, -35.245976092545526 ], [ -63.597389464349028, -35.243511828303589 ], [ -63.59442793035312, -35.243002426859327 ] ] ] } },
{ "type": "Feature", "properties": { "codigo_indec": "420350701" }, "geometry": { "type": "Polygon", "coordinates": [ [ [ -64.033680809609791, -36.2141930304591 ], [ -64.035222530037601, -36.212123443132889 ], [ -64.037575297966768, -36.213301877718401 ], [ -64.038454899334951, -36.21214044536076 ], [ -64.036085255112127, -36.21097076156255 ], [ -64.037451399262466, -36.209137036220966 ], [ -64.028246009340052, -36.204570575769047 ], [ -64.024415080100823, -36.209580229231854 ], [ -64.033680809609791, -36.2141930304591 ] ] ] } },
{ "type": "Feature", "properties": { "codigo_indec": "420350411" }, "geometry": { "type": "Polygon", "coordinates": [ [ [ -64.295019324564791, -35.917600604335568 ], [ -64.296332467463628, -35.920421734380973 ], [ -64.295229695500979, -35.922379530393812 ], [ -64.30010422869087, -35.92419233284636 ], [ -64.302857634756052, -35.919252601704734 ], [ -64.30161820047168, -35.9188025327487 ], [ -64.301034093984313, -35.919826050651103 ], [ -64.295019324564791, -35.917600604335568 ] ] ] } },
{ "type": "Feature", "properties": { "codigo_indec": "420350407" }, "geometry": { "type": "Polygon", "coordinates": [ [ [ -64.290956662415539, -35.908711846577674 ], [ -64.293351874993292, -35.913873302201296 ], [ -64.292834921598541, -35.91486168992531 ], [ -64.293966461998465, -35.915301303891603 ], [ -64.294489135034127, -35.914303981264069 ], [ -64.300858358629114, -35.912375791751984 ], [ -64.290956662415539, -35.908711846577674 ] ] ] } },
{ "type": "Feature", "properties": { "codigo_indec": "420210907" }, "geometry": { "type": "Polygon", "coordinates": [ [ [ -64.269915463180013, -36.627630166142737 ], [ -64.269831222056567, -36.635521868691825 ], [ -64.272487087177254, -36.635492843774273 ], [ -64.272324903436854, -36.627611077358949 ], [ -64.269915463180013, -36.627630166142737 ] ] ] } },
{ "type": "Feature", "properties": { "codigo_indec": "420210902" }, "geometry": { "type": "Polygon", "coordinates": [ [ [ -64.273555696544605, -36.620920825643935 ], [ -64.273630820076704, -36.623566410391739 ], [ -64.279919106262057, -36.623540247933484 ], [ -64.279886371315655, -36.620863740944046 ], [ -64.273555696544605, -36.620920825643935 ] ] ] } },
{ "type": "Feature", "properties": { "codigo_indec": "420210823" }, "geometry": { "type": "Polygon", "coordinates": [ [ [ -64.295334672918315, -36.634790372935029 ], [ -64.28986184285624, -36.639482823814092 ], [ -64.291894963036071, -36.641079776337023 ], [ -64.294658253107272, -36.63872265956239 ], [ -64.296343230397355, -36.640012709487621 ], [ -64.29908928741969, -36.637668756230966 ], [ -64.295334672918315, -36.634790372935029 ] ] ] } },
{ "type": "Feature", "properties": { "codigo_indec": "420210821" }, "geometry": { "type": "Polygon", "coordinates": [ [ [ -64.286699397756394, -36.642185483076069 ], [ -64.284257707003647, -36.644267727235366 ], [ -64.284559795687102, -36.644510849097387 ], [ -64.285295131273315, -36.643872704936072 ], [ -64.288619328299234, -36.646497436855 ], [ -64.291481614888937, -36.644101275882946 ], [ -64.2881479346145, -36.641399900011557 ], [ -64.286982325180361, -36.642410302806645 ], [ -64.286699397756394, -36.642185483076069 ] ] ] } },
{ "type": "Feature", "properties": { "codigo_indec": "420210811" }, "geometry": { "type": "Polygon", "coordinates": [ [ [ -64.288865726696585, -36.629800559327094 ], [ -64.286966615132357, -36.631381584861984 ], [ -64.290033485359359, -36.633741279165108 ], [ -64.291930000954608, -36.632151157757825 ], [ -64.288865726696585, -36.629800559327094 ] ] ] } },
{ "type": "Feature", "properties": { "codigo_indec": "420210807" }, "geometry": { "type": "Polygon", "coordinates": [ [ [ -64.281027109460965, -36.62825957371345 ], [ -64.286066572993391, -36.632143515098186 ], [ -64.2879205209682, -36.630584380910463 ], [ -64.282946215405488, -36.626660910526226 ], [ -64.281027109460965, -36.62825957371345 ] ] ] } },
{ "type": "Feature", "properties": { "codigo_indec": "420210723" }, "geometry": { "type": "Polygon", "coordinates": [ [ [ -64.318550344584594, -36.635525842649095 ], [ -64.313266707793872, -36.631090174543502 ], [ -64.305248914266627, -36.637954789270445 ], [ -64.313219515893508, -36.644149849719994 ], [ -64.31673479820742, -36.641122590256572 ], [ -64.314246721642689, -36.639087126010701 ], [ -64.318550344584594, -36.635525842649095 ] ] ] } },
{ "type": "Feature", "properties": { "codigo_indec": "420210717" }, "geometry": { "type": "Polygon", "coordinates": [ [ [ -64.303101652647413, -36.630211456971928 ], [ -64.304299171114906, -36.63117008122147 ], [ -64.306120921415129, -36.6296597566594 ], [ -64.3048787004888, -36.628700514361689 ], [ -64.303101652647413, -36.630211456971928 ] ] ] } },
{ "type": "Feature", "properties": { "codigo_indec": "420210601" }, "geometry": { "type": "Polygon", "coordinates": [ [ [ -64.295495427698015, -36.606680725428099 ], [ -64.295578701055277, -36.610132845191629 ], [ -64.298005381271309, -36.61019456896296 ], [ -64.297984844795877, -36.609095024031781 ], [ -64.303286371759555, -36.609292283886525 ], [ -64.303290459639797, -36.607192949740018 ], [ -64.295495427698015, -36.606680725428099 ] ] ] } },
{ "type": "Feature", "properties": { "codigo_indec": "420210509" }, "geometry": { "type": "Polygon", "coordinates": [ [ [ -64.291925471454562, -36.601962283604138 ], [ -64.291985970585756, -36.60567988249641 ], [ -64.295496611193002, -36.605865313849314 ], [ -64.29545658412232, -36.602098451294061 ], [ -64.291925471454562, -36.601962283604138 ] ] ] } },
{ "type": "Feature", "properties": { "codigo_indec": "420210408" }, "geometry": { "type": "Polygon", "coordinates": [ [ [ -64.267772691696578, -36.604244563199956 ], [ -64.267667937221404, -36.609302279111922 ], [ -64.270518519301405, -36.609271613452862 ], [ -64.270510361699579, -36.61076268649331 ], [ -64.271415648904082, -36.610762310062675 ], [ -64.271434779772605, -36.612033028623131 ], [ -64.274126151004026, -36.61200447265054 ], [ -64.274072923864139, -36.608124799587735 ], [ -64.267772691696578, -36.604244563199956 ] ] ] } },
{ "type": "Feature", "properties": { "codigo_indec": "420210402" }, "geometry": { "type": "Polygon", "coordinates": [ [ [ -64.273196070844065, -36.600210119832667 ], [ -64.273225593045964, -36.602269386665448 ], [ -64.279223982307599, -36.602261564091506 ], [ -64.279186222288658, -36.600188662507378 ], [ -64.273196070844065, -36.600210119832667 ] ] ] } },
{ "type": "Feature", "properties": { "codigo_indec": "420210310" }, "geometry": { "type": "Polygon", "coordinates": [ [ [ -64.27914550614075, -36.594601719665178 ], [ -64.279447591422667, -36.597980421320848 ], [ -64.28856794840037, -36.596498936063824 ], [ -64.288500876603351, -36.595614966753011 ], [ -64.286197942788291, -36.595536813965104 ], [ -64.286194826434922, -36.59454113512647 ], [ -64.27914550614075, -36.594601719665178 ] ] ] } },
{ "type": "Feature", "properties": { "codigo_indec": "420210303" }, "geometry": { "type": "Polygon", "coordinates": [ [ [ -64.288210963548181, -36.57788308252011 ], [ -64.278792452110082, -36.57792312573919 ], [ -64.278925420735249, -36.585142273341269 ], [ -64.28831558723185, -36.585034245796976 ], [ -64.288210963548181, -36.57788308252011 ] ] ] } },
{ "type": "Feature", "properties": { "codigo_indec": "420210117" }, "geometry": { "type": "Polygon", "coordinates": [ [ [ -64.272808346833415, -36.647390940884293 ], [ -64.27302858038432, -36.657805380634578 ], [ -64.280862733079744, -36.657661953675309 ], [ -64.280868917364188, -36.648332006427893 ], [ -64.280459199881804, -36.647271899778318 ], [ -64.272808346833415, -36.647390940884293 ] ] ] } },
{ "type": "Feature", "properties": { "codigo_indec": "420210112" }, "geometry": { "type": "Polygon", "coordinates": [ [ [ -64.271458926438754, -36.599184794260843 ], [ -64.267314465965825, -36.599250739214312 ], [ -64.267272462212489, -36.597506648502254 ], [ -64.261118984725243, -36.597471063929234 ], [ -64.261065290247132, -36.599240789166799 ], [ -64.264235956444125, -36.59924647648554 ], [ -64.264262376410613, -36.600436211166596 ], [ -64.269583390909204, -36.600229787735266 ], [ -64.271458926438754, -36.599184794260843 ] ] ] } },
{ "type": "Feature", "properties": { "codigo_indec": "420210111" }, "geometry": { "type": "Polygon", "coordinates": [ [ [ -64.30057285398253, -36.596837453904854 ], [ -64.306803235345825, -36.597061307660574 ], [ -64.306829211453248, -36.594466713351558 ], [ -64.300536935871051, -36.594399660496315 ], [ -64.30057285398253, -36.596837453904854 ] ] ] } },
{ "type": "Feature", "properties": { "codigo_indec": "420070403" }, "geometry": { "type": "Polygon", "coordinates": [ [ [ -63.656351065828048, -37.13576964050641 ], [ -63.656365099068694, -37.136864457571512 ], [ -63.660548024183996, -37.136866053018231 ], [ -63.660571522206844, -37.137929527250201 ], [ -63.664625191185841, -37.137928426943077 ], [ -63.664636115804768, -37.139036696033287 ], [ -63.665913326339279, -37.139034840412712 ], [ -63.665909897113096, -37.135760157435712 ], [ -63.656351065828048, -37.13576964050641 ] ] ] } },
{ "type": "Feature", "properties": { "codigo_indec": "420700507" }, "geometry": { "type": "Polygon", "coordinates": [ [ [ -63.540642812118044, -37.669414686038493 ], [ -63.540635994934981, -37.671594402640999 ], [ -63.547645400233044, -37.671582805025061 ], [ -63.547636198663405, -37.666011354046759 ], [ -63.545007325114959, -37.666010680628872 ], [ -63.544965507775359, -37.669428228870302 ], [ -63.540642812118044, -37.669414686038493 ] ] ] } },
{ "type": "Feature", "properties": { "codigo_indec": "420210610" }, "geometry": { "type": "Polygon", "coordinates": [ [ [ -64.28450975572585, -36.61361410682423 ], [ -64.284524416426621, -36.61421349851706 ], [ -64.286181747209596, -36.614196806699169 ], [ -64.28617256054919, -36.613601998927166 ], [ -64.28450975572585, -36.61361410682423 ] ] ] } },
{ "type": "Feature", "properties": { "codigo_indec": "420210818" }, "geometry": { "type": "Polygon", "coordinates": [ [ [ -64.284564013426888, -36.638397491669224 ], [ -64.280855624294247, -36.641511103398656 ], [ -64.28065909603788, -36.641927240205881 ], [ -64.281999414383236, -36.642870127128887 ], [ -64.286284835374886, -36.639701713622514 ], [ -64.284564013426888, -36.638397491669224 ] ] ] } },
{ "type": "Feature", "properties": { "codigo_indec": "420210817" }, "geometry": { "type": "Polygon", "coordinates": [ [ [ -64.284564013426888, -36.638397491669224 ], [ -64.287998531923947, -36.641077890295158 ], [ -64.28986184285624, -36.639482823814092 ], [ -64.286455766321083, -36.636780362078589 ], [ -64.284564013426888, -36.638397491669224 ] ] ] } },
{ "type": "Feature", "properties": { "codigo_indec": "420211006" }, "geometry": { "type": "Polygon", "coordinates": [ [ [ -64.287856048463524, -36.647135199578926 ], [ -64.285036154900268, -36.649500344459767 ], [ -64.28849622061108, -36.652185603132253 ], [ -64.290510204227544, -36.650489080417941 ], [ -64.28878188805578, -36.64913074924884 ], [ -64.289576319444507, -36.648475407962835 ], [ -64.287856048463524, -36.647135199578926 ] ] ] } },
{ "type": "Feature", "properties": { "codigo_indec": "420210614" }, "geometry": { "type": "Polygon", "coordinates": [ [ [ -64.297051930819606, -36.614163476025951 ], [ -64.297144913430103, -36.618701465031513 ], [ -64.304957078245351, -36.618614656448102 ], [ -64.301172691729548, -36.61470435930206 ], [ -64.301195637661706, -36.61518673518934 ], [ -64.299898427156364, -36.615217785974849 ], [ -64.297051930819606, -36.614163476025951 ] ] ] } },
{ "type": "Feature", "properties": { "codigo_indec": "420210612" }, "geometry": { "type": "Polygon", "coordinates": [ [ [ -64.295672613389186, -36.612593987795201 ], [ -64.288799406836446, -36.612702695199907 ], [ -64.288964211201517, -36.618773457493674 ], [ -64.293061445805336, -36.618742135324105 ], [ -64.292992836766416, -36.614123402998501 ], [ -64.295687779636694, -36.614062875565445 ], [ -64.295672613389186, -36.612593987795201 ] ] ] } },
{ "type": "Feature", "properties": { "codigo_indec": "421330211" }, "geometry": { "type": "Polygon", "coordinates": [ [ [ -64.24859431819381, -35.030541866251646 ], [ -64.237025854740367, -35.02905849915156 ], [ -64.236111096098028, -35.034024508430655 ], [ -64.239373033441154, -35.034432388566579 ], [ -64.239748926257235, -35.032360503305142 ], [ -64.246417596676281, -35.033191590865854 ], [ -64.246679476973952, -35.03170383471403 ], [ -64.248343288041184, -35.03190811747573 ], [ -64.24859431819381, -35.030541866251646 ] ] ] } },
{ "type": "Feature", "properties": { "codigo_indec": "421330212" }, "geometry": { "type": "Polygon", "coordinates": [ [ [ -64.232912081032822, -35.033621963730475 ], [ -64.230341077727871, -35.033949482795819 ], [ -64.22991333272364, -35.036254897909735 ], [ -64.23235042923335, -35.036551793220468 ], [ -64.232912081032822, -35.033621963730475 ] ] ] } },
{ "type": "Feature", "properties": { "codigo_indec": "421120303" }, "geometry": { "type": "Polygon", "coordinates": [ [ [ -67.716987545724436, -37.768520729179151 ], [ -67.715585796105174, -37.771212208923465 ], [ -67.718104467223682, -37.771914210672648 ], [ -67.719357925329135, -37.769193336122953 ], [ -67.716987545724436, -37.768520729179151 ] ] ] } },
{ "type": "Feature", "properties": { "codigo_indec": "421051005" }, "geometry": { "type": "Polygon", "coordinates": [ [ [ -63.775451684118423, -35.665366405149726 ], [ -63.772895962486125, -35.667535759620023 ], [ -63.774754215728258, -35.669011833838617 ], [ -63.776597160416209, -35.667460020357133 ], [ -63.77781830634094, -35.668419680553178 ], [ -63.777799122007494, -35.665427790227241 ], [ -63.777472270986202, -35.665169456847984 ], [ -63.776391838930778, -35.666104629923531 ], [ -63.775451684118423, -35.665366405149726 ] ] ] } },
{ "type": "Feature", "properties": { "codigo_indec": "420980106" }, "geometry": { "type": "Polygon", "coordinates": [ [ [ -65.438720317627244, -36.201093655832537 ], [ -65.434296378350382, -36.203596159628425 ], [ -65.436581716420903, -36.206269954965691 ], [ -65.441030689552761, -36.203776496936499 ], [ -65.438720317627244, -36.201093655832537 ] ] ] } },
{ "type": "Feature", "properties": { "codigo_indec": "420770301" }, "geometry": { "type": "Polygon", "coordinates": [ [ [ -63.74550223363233, -37.897617473540471 ], [ -63.74553297046333, -37.905270120526616 ], [ -63.746863134821531, -37.905268580710072 ], [ -63.746866633748361, -37.905899187877161 ], [ -63.752386316103738, -37.905892177174486 ], [ -63.752322921236519, -37.89760835841976 ], [ -63.74550223363233, -37.897617473540471 ] ] ] } },
{ "type": "Feature", "properties": { "codigo_indec": "421470108" }, "geometry": { "type": "Polygon", "coordinates": [ [ [ -64.49331045813301, -35.766817539445078 ], [ -64.219354673198936, -35.770358465553024 ], [ -64.219745658335469, -35.808973031204872 ], [ -64.270897477436677, -35.808552892810965 ], [ -64.494903651564087, -35.805037952058839 ], [ -64.49331045813301, -35.766817539445078 ] ] ] } },
{ "type": "Feature", "properties": { "codigo_indec": "421470210" }, "geometry": { "type": "Polygon", "coordinates": [ [ [ -64.154162052638156, -35.63089439009142 ], [ -64.046932489748187, -35.630347497860619 ], [ -64.047738653584744, -35.722120981843311 ], [ -64.156340069152648, -35.722302530870628 ], [ -64.154162052638156, -35.63089439009142 ] ], [ [ -64.139721953747483, -35.689543109433281 ], [ -64.146510666116782, -35.703101694093448 ], [ -64.129215385396833, -35.708772437926747 ], [ -64.124060484059441, -35.698432889068791 ], [ -64.126529104057013, -35.69762429255227 ], [ -64.124901031787743, -35.694381920488915 ], [ -64.132222687261319, -35.69199065537444 ], [ -64.131219916971332, -35.689992610431972 ], [ -64.136262184762302, -35.688340641518934 ], [ -64.137264854458792, -35.690347656145335 ], [ -64.139721953747483, -35.689543109433281 ] ] ] } },
{ "type": "Feature", "properties": { "codigo_indec": "421330507" }, "geometry": { "type": "Polygon", "coordinates": [ [ [ -64.484004752941459, -35.358783001014082 ], [ -64.373657382706455, -35.359330806542452 ], [ -64.374819754549648, -35.448885468900656 ], [ -64.485241546394178, -35.447658693413388 ], [ -64.484004752941459, -35.358783001014082 ] ], [ [ -64.476033594686257, -35.377256925023254 ], [ -64.476056482547492, -35.393736022797142 ], [ -64.455981589756846, -35.393733400196339 ], [ -64.456001749771829, -35.378530124074992 ], [ -64.464188483259164, -35.378539855251788 ], [ -64.464056044725567, -35.375802970079846 ], [ -64.472729689206943, -35.375944479163849 ], [ -64.472724979799551, -35.373421000513268 ], [ -64.474452333811072, -35.373429306992747 ], [ -64.474457339163109, -35.377255054453229 ], [ -64.476033594686257, -35.377256925023254 ] ] ] } },
{ "type": "Feature", "properties": { "codigo_indec": "421330206" }, "geometry": { "type": "Polygon", "coordinates": [ [ [ -64.320857193925931, -35.008410568504431 ], [ -64.262469029638694, -35.007980621013253 ], [ -64.264218958557151, -35.178680260358256 ], [ -64.372002379190462, -35.177937757875533 ], [ -64.371533381717839, -35.087721861917295 ], [ -64.323788589154134, -35.088256238971795 ], [ -64.320857193925931, -35.008410568504431 ] ] ] } },
{ "type": "Feature", "properties": { "codigo_indec": "421330103" }, "geometry": { "type": "Polygon", "coordinates": [ [ [ -64.371533381717839, -35.087721861917295 ], [ -64.373001656497379, -35.268137031628122 ], [ -64.483503168553355, -35.26726118715635 ], [ -64.481862699165021, -35.177071192197062 ], [ -64.48126106528602, -35.086433344417465 ], [ -64.371533381717839, -35.087721861917295 ] ] ] } },
{ "type": "Feature", "properties": { "codigo_indec": "421260303" }, "geometry": { "type": "Polygon", "coordinates": [ [ [ -64.593249149237764, -35.358103471094928 ], [ -64.595402144953908, -35.490505765731761 ], [ -64.705898213803508, -35.48941641283551 ], [ -64.705292084069512, -35.354570236476661 ], [ -64.593249149237764, -35.358103471094928 ] ] ] } },
{ "type": "Feature", "properties": { "codigo_indec": "421260205" }, "geometry": { "type": "Polygon", "coordinates": [ [ [ -64.48126106528602, -35.086433344417465 ], [ -64.481862699165021, -35.177071192197062 ], [ -64.590354636852496, -35.178188887005092 ], [ -64.588913944242805, -35.087905354875126 ], [ -64.48126106528602, -35.086433344417465 ] ], [ [ -64.496027501680942, -35.139850385972288 ], [ -64.50537819852299, -35.139848935866169 ], [ -64.505424479261009, -35.149619139249523 ], [ -64.500779943517045, -35.14962934317294 ], [ -64.500792132497324, -35.15180602757129 ], [ -64.493434193194673, -35.151822893258505 ], [ -64.49342356480912, -35.145851944337473 ], [ -64.496065346514882, -35.145844211869246 ], [ -64.496027501680942, -35.139850385972288 ] ] ] } },
{ "type": "Feature", "properties": { "codigo_indec": "421190309" }, "geometry": { "type": "Polygon", "coordinates": [ [ [ -63.779715760844269, -36.357024165573343 ], [ -63.778858838630434, -36.315734353859817 ], [ -63.72491829800007, -36.316075397620232 ], [ -63.725352084440416, -36.356762440493725 ], [ -63.779715760844269, -36.357024165573343 ] ] ] } },
{ "type": "Feature", "properties": { "codigo_indec": "421120319" }, "geometry": { "type": "Polygon", "coordinates": [ [ [ -67.225223300817092, -38.066576787728891 ], [ -67.225141389962545, -38.152447911947043 ], [ -67.56475440765044, -38.155016833279859 ], [ -67.565590169864549, -38.069980729664977 ], [ -67.225223300817092, -38.066576787728891 ] ] ] } },
{ "type": "Feature", "properties": { "codigo_indec": "421120316" }, "geometry": { "type": "Polygon", "coordinates": [ [ [ -67.678598569008599, -37.970581330063489 ], [ -67.677564215446537, -38.070881237246937 ], [ -67.738110053921432, -38.071284894592061 ], [ -67.739391957134998, -38.066351960318968 ], [ -67.737523790720189, -38.061195383975956 ], [ -67.73830964314395, -38.058895679222147 ], [ -67.739275815089471, -38.057597714588269 ], [ -67.740873489509241, -38.056628196108136 ], [ -67.746818236687744, -38.055094163988358 ], [ -67.750151445181231, -38.055729192396356 ], [ -67.751587032943178, -38.056689695830698 ], [ -67.752056905482419, -38.058119496899167 ], [ -67.756594788795468, -38.059812850153534 ], [ -67.757821595594095, -38.062992406523364 ], [ -67.760918303697395, -38.063486531169438 ], [ -67.763540944387387, -38.061911307545238 ], [ -67.765166821720612, -38.056198237072415 ], [ -67.768017837271742, -38.054304198445813 ], [ -67.768287604780653, -38.051903965492805 ], [ -67.770172138167197, -38.051159444056147 ], [ -67.772918287601129, -38.050834289471574 ], [ -67.776417960787583, -38.051285897549342 ], [ -67.782968085730815, -38.05338919656338 ], [ -67.785620574966401, -38.056006326843516 ], [ -67.787517854384731, -38.057193581748805 ], [ -67.793954291995462, -38.059622279902655 ], [ -67.796359874030884, -38.059572018122459 ], [ -67.808480625987556, -38.055805375146107 ], [ -67.812601118017525, -38.055196898434467 ], [ -67.821664480218772, -38.056371931951915 ], [ -67.832832995883649, -38.055608235532375 ], [ -67.835060926487586, -38.054951906931301 ], [ -67.836222294018896, -38.05674889495689 ], [ -67.839324079425921, -38.058119158008068 ], [ -67.84087358119092, -38.058121918112981 ], [ -67.844244406092329, -38.048759210747647 ], [ -67.847957582050185, -38.047043392318997 ], [ -67.849029967605048, -38.044504260376712 ], [ -67.850504236765232, -38.042661422052696 ], [ -67.851595451451516, -38.042797372357882 ], [ -67.852671756782726, -38.041550806276241 ], [ -67.85442122792945, -38.037077722815198 ], [ -67.855904744586155, -38.036063415943936 ], [ -67.858534545036676, -38.035454349929836 ], [ -67.860416651236548, -38.033879685687836 ], [ -67.863898402476067, -38.032401243801793 ], [ -67.869027493898798, -38.028194090317683 ], [ -67.870855125313838, -38.027403830757365 ], [ -67.872677227886854, -38.02583893597059 ], [ -67.873855423612582, -38.022469151074368 ], [ -67.876370202918366, -38.02094720372483 ], [ -67.876809487427025, -38.018638624297196 ], [ -67.878688475281862, -38.016973640422918 ], [ -67.882300071724657, -38.017055488488779 ], [ -67.8871857337693, -38.019530941953668 ], [ -67.888677371216119, -38.019529504393248 ], [ -67.892968846441633, -38.018370495569002 ], [ -67.897585090212075, -38.015129729560527 ], [ -67.898209611044578, -38.014070206463359 ], [ -67.898076576454983, -38.011671704065286 ], [ -67.89766693208108, -38.010246034153873 ], [ -67.893730351968244, -38.004269596743114 ], [ -67.894053622420216, -38.001458369278829 ], [ -67.894392437789293, -38.00057912534745 ], [ -67.901469530514547, -37.996690486074122 ], [ -67.904130550042296, -37.992075813733521 ], [ -67.904507813511842, -37.988948399254248 ], [ -67.902704369268378, -37.98489692906842 ], [ -67.90238328461723, -37.979735975730001 ], [ -67.900985152237467, -37.976934544130636 ], [ -67.891434759143152, -37.970967528163087 ], [ -67.678598569008599, -37.970581330063489 ] ] ] } },
{ "type": "Feature", "properties": { "codigo_indec": "421120201" }, "geometry": { "type": "Polygon", "coordinates": [ [ [ -67.113021342669953, -37.523056419480646 ], [ -67.110158883763106, -37.702605722909965 ], [ -67.106833039672921, -38.065161389122522 ], [ -67.225223300817092, -38.066576787728891 ], [ -67.225328820354221, -37.968281043351041 ], [ -67.453438205691612, -37.969656263237397 ], [ -67.454419277864829, -37.884489489235357 ], [ -67.567432262021214, -37.885088176129571 ], [ -67.569278136834953, -37.703397402259881 ], [ -67.681425260456123, -37.70162141335534 ], [ -67.682355524701691, -37.615042342130977 ], [ -67.85500110391358, -37.615922312610046 ], [ -67.87282506199557, -37.60942922130014 ], [ -67.881015047825372, -37.608190856227097 ], [ -67.890169797257315, -37.610184083283158 ], [ -67.903669107085577, -37.611336328002992 ], [ -67.907072387548126, -37.612569590353672 ], [ -67.916444379217268, -37.613052814594646 ], [ -67.922904857892149, -37.610740579435671 ], [ -67.932738173089547, -37.605318876343027 ], [ -67.935314541072998, -37.604348756711417 ], [ -67.937752606593946, -37.602633141312026 ], [ -67.960447328783189, -37.596956667087916 ], [ -67.962617445070961, -37.596600783668833 ], [ -67.964495284499577, -37.597078513863195 ], [ -67.965274028790375, -37.597952886141087 ], [ -67.965152311950831, -37.599351237856972 ], [ -67.966537790231996, -37.602089269163109 ], [ -67.974874485283067, -37.60531469326979 ], [ -67.977940830408983, -37.605123690010934 ], [ -67.994241095982417, -37.600696352039733 ], [ -67.99878849399073, -37.598529425008607 ], [ -68.010121715169007, -37.600836725059672 ], [ -68.012519910513802, -37.600651703253753 ], [ -68.015157910382825, -37.599178829649603 ], [ -68.016638805675043, -37.597311292658262 ], [ -68.018176168112177, -37.596803050816106 ], [ -68.021333953250036, -37.594465343827061 ], [ -68.024054044572154, -37.593738570717157 ], [ -68.027205653198152, -37.594522247651739 ], [ -68.030530096586475, -37.593852503388902 ], [ -68.033373455338307, -37.590483917171717 ], [ -68.035919876656763, -37.589417544469796 ], [ -68.042400216622639, -37.58959831851719 ], [ -68.044103065192914, -37.59008231010489 ], [ -68.047657443091538, -37.592858333768113 ], [ -68.051724601700599, -37.597084694053301 ], [ -68.060678966788743, -37.601351757207006 ], [ -68.066062918380709, -37.601766564117732 ], [ -68.071988910818021, -37.603351703818319 ], [ -68.083845937599165, -37.604444561687345 ], [ -68.096175757434423, -37.604217107092794 ], [ -68.100747236120512, -37.603509707223068 ], [ -68.109050659603383, -37.603348036090779 ], [ -68.118076530906094, -37.60171346349015 ], [ -68.127309753794975, -37.598826814373318 ], [ -68.144471163780167, -37.596372131009545 ], [ -68.147192482937228, -37.596615401514867 ], [ -68.153672710515792, -37.595587442563179 ], [ -68.164551411144359, -37.595158632780297 ], [ -68.170339391172305, -37.593989320371854 ], [ -68.177428001154325, -37.591714738627367 ], [ -68.181710591213317, -37.591054587946658 ], [ -68.196293345919926, -37.586496099872228 ], [ -68.199820652515569, -37.586151129198832 ], [ -68.203983471069009, -37.58490237046459 ], [ -68.213789555060146, -37.581574917881298 ], [ -68.217953581159577, -37.579334747039624 ], [ -68.223128621487959, -37.578368061718542 ], [ -68.251000468031961, -37.569155749996327 ], [ -68.250176437695842, -37.439502342477041 ], [ -67.910452685446074, -37.439092577024411 ], [ -67.910332682174172, -37.526367038107729 ], [ -67.113021342669953, -37.523056419480646 ] ] ] } },
{ "type": "Feature", "properties": { "codigo_indec": "420840207" }, "geometry": { "type": "Polygon", "coordinates": [ [ [ -64.534369100773475, -38.785389400972733 ], [ -64.534833271206509, -38.852054454610077 ], [ -64.536391485054281, -38.857239706780753 ], [ -64.539432762891195, -38.863713529396207 ], [ -64.542651282482041, -38.863650158525566 ], [ -64.546871431724213, -38.858244301240717 ], [ -64.54827114296792, -38.8579599645591 ], [ -64.555480293927388, -38.858932086565559 ], [ -64.559720451478029, -38.858610656035651 ], [ -64.561343578810948, -38.858099229952899 ], [ -64.564609946953539, -38.854640063793092 ], [ -64.567623658472968, -38.853136807633092 ], [ -64.569403580730537, -38.85312710024148 ], [ -64.57335075973451, -38.854621072361176 ], [ -64.5872623211839, -38.857298754954968 ], [ -64.591893582261491, -38.859039072707986 ], [ -64.594063679860298, -38.857943800417637 ], [ -64.595377010203919, -38.856477889169639 ], [ -64.596493014711015, -38.853766570340738 ], [ -64.598649974902969, -38.850540801820401 ], [ -64.600093661096537, -38.846820042494031 ], [ -64.603015312918501, -38.845404834082267 ], [ -64.604886737221307, -38.845418197304859 ], [ -64.609086052433682, -38.847733651565036 ], [ -64.6121044912353, -38.850814069049562 ], [ -64.625960483927173, -38.852378572088675 ], [ -64.628374473497701, -38.851591777811088 ], [ -64.634275489376094, -38.844495521242663 ], [ -64.636976660367935, -38.843428169159537 ], [ -64.637476399328449, -38.842136928080485 ], [ -64.645697746328224, -38.839823057229552 ], [ -64.654899012585801, -38.836511056134633 ], [ -64.659521616534349, -38.834280806472769 ], [ -64.667026246469788, -38.83233550706634 ], [ -64.671838375143949, -38.831800335243742 ], [ -64.676209844576874, -38.832669643837811 ], [ -64.68232695838131, -38.835679760630072 ], [ -64.685003057324963, -38.837795155406397 ], [ -64.690611073843982, -38.840191101790033 ], [ -64.702250769335706, -38.836465803201648 ], [ -64.704882953892792, -38.836431967319442 ], [ -64.712493360413731, -38.838308602544984 ], [ -64.719024702693048, -38.838884838953092 ], [ -64.724787702104308, -38.840249489532496 ], [ -64.72892010334705, -38.840542242228615 ], [ -64.749718606993525, -38.83604678862762 ], [ -64.762537603112065, -38.834332253352912 ], [ -64.76603196321085, -38.833549534445815 ], [ -64.767175268368192, -38.83253024167977 ], [ -64.76644442460514, -38.782944709252718 ], [ -64.534369100773475, -38.785389400972733 ] ] ] } },
{ "type": "Feature", "properties": { "codigo_indec": "420350202" }, "geometry": { "type": "Polygon", "coordinates": [ [ [ -64.711181579593188, -35.803050082112534 ], [ -64.494903651564087, -35.805037952058839 ], [ -64.494685665214874, -35.899422459702777 ], [ -64.495853824440246, -35.989182106785343 ], [ -64.495988740488912, -36.079806152482341 ], [ -64.49817242370959, -36.166989862484996 ], [ -64.717374899061895, -36.163825930330361 ], [ -64.711181579593188, -35.803050082112534 ] ], [ [ -64.590569687383891, -36.001826613371328 ], [ -64.589543489089763, -35.998110828308263 ], [ -64.599892684721397, -35.996240545243502 ], [ -64.600534966259119, -35.998645100967316 ], [ -64.601204495906543, -35.998567302100938 ], [ -64.601302825162975, -35.99896495494815 ], [ -64.600646833185138, -35.999060935277285 ], [ -64.600912135282158, -36.000050789706272 ], [ -64.590569687383891, -36.001826613371328 ] ] ] } },
{ "type": "Feature", "properties": { "codigo_indec": "420210208" }, "geometry": { "type": "Polygon", "coordinates": [ [ [ -63.940306323347166, -36.533869983013389 ], [ -63.942602143598855, -36.671776572594794 ], [ -63.943876769210753, -36.805099490589967 ], [ -64.057580385696923, -36.80377721954676 ], [ -64.056757088583666, -36.715914631302077 ], [ -64.053612977585018, -36.53490879072249 ], [ -63.940306323347166, -36.533869983013389 ] ] ] } },
{ "type": "Feature", "properties": { "codigo_indec": "420210207" }, "geometry": { "type": "Polygon", "coordinates": [ [ [ -64.053612977585018, -36.53490879072249 ], [ -64.056757088583666, -36.715914631302077 ], [ -64.11032083362511, -36.715344734319288 ], [ -64.110169229024493, -36.625063057129523 ], [ -64.165957855799007, -36.6245295900112 ], [ -64.165703191148282, -36.534492118397289 ], [ -64.053612977585018, -36.53490879072249 ] ] ] } },
{ "type": "Feature", "properties": { "codigo_indec": "420070505" }, "geometry": { "type": "Polygon", "coordinates": [ [ [ -63.385075712331499, -37.08055251916123 ], [ -63.385563348696891, -37.216980991560789 ], [ -63.500000971807829, -37.21655267505799 ], [ -63.499621313268946, -37.080407391528979 ], [ -63.385075712331499, -37.08055251916123 ] ], [ [ -63.423093117772432, -37.162760240300656 ], [ -63.423119317523863, -37.168863790922472 ], [ -63.409509808143987, -37.168882147238932 ], [ -63.40946563698887, -37.162760202156917 ], [ -63.423093117772432, -37.162760240300656 ] ] ] } },
{ "type": "Feature", "properties": { "codigo_indec": "420070408" }, "geometry": { "type": "Polygon", "coordinates": [ [ [ -63.667098539597205, -36.987568443840551 ], [ -63.557358238838987, -36.988751622866346 ], [ -63.556775317178271, -37.080297544784223 ], [ -63.667902807604683, -37.079437022491376 ], [ -63.667098539597205, -36.987568443840551 ] ] ] } },
{ "type": "Feature", "properties": { "codigo_indec": "420070407" }, "geometry": { "type": "Polygon", "coordinates": [ [ [ -63.724841149922973, -36.986622208661792 ], [ -63.667098539597205, -36.987568443840551 ], [ -63.667902807604683, -37.079437022491376 ], [ -63.725575894033362, -37.079296386266627 ], [ -63.836203870048934, -37.077624070311394 ], [ -63.838127368115103, -36.987051164550088 ], [ -63.724841149922973, -36.986622208661792 ] ] ] } },
{ "type": "Feature", "properties": { "codigo_indec": "420770204" }, "geometry": { "type": "Polygon", "coordinates": [ [ [ -63.843721956322803, -37.710682581961088 ], [ -63.602331817970253, -37.709693703523065 ], [ -63.383748098593642, -37.710699877117165 ], [ -63.3842795543137, -37.79969480180398 ], [ -63.734422454728353, -37.799728865842908 ], [ -63.732867217098551, -37.757294433698547 ], [ -63.844032984777385, -37.756552953238192 ], [ -63.843721956322803, -37.710682581961088 ] ] ] } },
{ "type": "Feature", "properties": { "codigo_indec": "420770107" }, "geometry": { "type": "Polygon", "coordinates": [ [ [ -63.950877462133398, -37.797055467004498 ], [ -63.787762438470729, -37.799027051027629 ], [ -63.788744768751286, -37.891412084900836 ], [ -63.84555308428294, -37.890101433381588 ], [ -63.952393380918714, -37.891085846825149 ], [ -64.068292740612179, -37.890090882841548 ], [ -64.295598295696351, -37.891413568813228 ], [ -64.293682684107139, -37.796908779147195 ], [ -63.950877462133398, -37.797055467004498 ] ] ] } },
{ "type": "Feature", "properties": { "codigo_indec": "420770105" }, "geometry": { "type": "Polygon", "coordinates": [ [ [ -63.843721956322803, -37.710682581961088 ], [ -63.844507028725694, -37.79824629268488 ], [ -63.950877462133398, -37.797055467004498 ], [ -64.293682684107139, -37.796908779147195 ], [ -64.293167538643175, -37.754281476693784 ], [ -63.950337202002409, -37.757545173980702 ], [ -63.949702617963695, -37.710952513885857 ], [ -63.843721956322803, -37.710682581961088 ] ], [ [ -64.026233558485103, -37.784285138971406 ], [ -64.034888290405988, -37.781177860488349 ], [ -64.035892867391027, -37.781924288459798 ], [ -64.031136422106798, -37.788474975807119 ], [ -64.028202225401898, -37.789326716789489 ], [ -64.026129940629104, -37.788179482841365 ], [ -64.02780479693952, -37.786023032510535 ], [ -64.026233558485103, -37.784285138971406 ] ] ] } },
{ "type": "Feature", "properties": { "codigo_indec": "420700402" }, "geometry": { "type": "Polygon", "coordinates": [ [ [ -63.384907940919497, -37.443157299757196 ], [ -63.384140549065307, -37.619918405435072 ], [ -63.733247009296846, -37.62041654035059 ], [ -63.732650020814646, -37.527499784476554 ], [ -63.500873437846138, -37.527260899676136 ], [ -63.500750380566707, -37.4834938170169 ], [ -63.442404743338884, -37.482645257008244 ], [ -63.442171654247218, -37.443235749991764 ], [ -63.384907940919497, -37.443157299757196 ] ], [ [ -63.427988816924383, -37.577813248054959 ], [ -63.428010704819613, -37.572409165533379 ], [ -63.425659668321757, -37.57240742828391 ], [ -63.425667802549924, -37.570610589645995 ], [ -63.439658893809785, -37.570586277831516 ], [ -63.439657123246207, -37.574189289030222 ], [ -63.437190101557341, -37.574185263889305 ], [ -63.4371959120067, -37.577810955220166 ], [ -63.427988816924383, -37.577813248054959 ] ] ] } },
{ "type": "Feature", "properties": { "codigo_indec": "420700103" }, "geometry": { "type": "Polygon", "coordinates": [ [ [ -64.003254653276102, -37.255862938138783 ], [ -63.555637922912545, -37.257702236988862 ], [ -63.556722823643, -37.305445557341372 ], [ -63.610443997377011, -37.305178338172801 ], [ -63.61122732660035, -37.347393241369112 ], [ -63.611687679401179, -37.443307804296722 ], [ -63.673301794627434, -37.443276313356378 ], [ -63.673646542268592, -37.481549808339892 ], [ -63.732349262405705, -37.481200801924139 ], [ -63.732650020814646, -37.527499784476554 ], [ -64.064535965479251, -37.527043256870009 ], [ -64.062770285789682, -37.346459898176953 ], [ -64.004462229035653, -37.346679507798022 ], [ -64.003254653276102, -37.255862938138783 ] ], [ [ -63.779830290984727, -37.373029436656601 ], [ -63.780855960501178, -37.372314505771577 ], [ -63.781726925211046, -37.373114588831513 ], [ -63.780796314997382, -37.3737637483068 ], [ -63.782461310204411, -37.37529490248248 ], [ -63.779173021287356, -37.37742222538396 ], [ -63.780706653746101, -37.378815809270037 ], [ -63.776509208316192, -37.381714219977518 ], [ -63.774970224927678, -37.380311473224197 ], [ -63.772867229512777, -37.381758260957511 ], [ -63.770449323714601, -37.379541646295252 ], [ -63.768714779960114, -37.380743072378678 ], [ -63.766679201813446, -37.378866910472325 ], [ -63.768408090781776, -37.377665407076961 ], [ -63.767369446294971, -37.376717925625201 ], [ -63.777595630631623, -37.369577744748433 ], [ -63.778269050351696, -37.37018496114743 ], [ -63.776375878428844, -37.371514147276123 ], [ -63.776774318760758, -37.371877475319629 ], [ -63.777785898356584, -37.37116230618566 ], [ -63.779830290984727, -37.373029436656601 ] ] ] } },
{ "type": "Feature", "properties": { "codigo_indec": "420560507" }, "geometry": { "type": "Polygon", "coordinates": [ [ [ -63.386178654775719, -35.132012061046133 ], [ -63.388704564812485, -35.360167246742506 ], [ -63.495204939005504, -35.360472185555338 ], [ -63.494987124930972, -35.270529513258538 ], [ -63.493558708977652, -35.131623735015609 ], [ -63.386178654775719, -35.132012061046133 ] ] ] } },
{ "type": "Feature", "properties": { "codigo_indec": "420420305" }, "geometry": { "type": "MultiPolygon", "coordinates": [ [ [ [ -66.558639088025544, -38.694832948664619 ], [ -66.29839170767471, -38.68872416031185 ], [ -66.297215767449316, -38.741996945956892 ], [ -66.298787962442077, -38.740443540441198 ], [ -66.302451330263324, -38.740447632093797 ], [ -66.30466169223638, -38.738887990517007 ], [ -66.306574100244589, -38.739621657428415 ], [ -66.309711489848922, -38.741685256367077 ], [ -66.313830916252343, -38.745354086927044 ], [ -66.316853183205396, -38.749895031109624 ], [ -66.317196831752298, -38.753465813375335 ], [ -66.318353902065297, -38.755615604163857 ], [ -66.320276367434317, -38.755894107524888 ], [ -66.322477803779094, -38.755527730829392 ], [ -66.323819665603523, -38.753974627826899 ], [ -66.322367639527926, -38.752136484189215 ], [ -66.322252806777257, -38.750902690316956 ], [ -66.323420140473118, -38.748291618903686 ], [ -66.326090606252279, -38.746144773316935 ], [ -66.33195543918454, -38.74766414883117 ], [ -66.333122128083431, -38.748714778624937 ], [ -66.336427772388404, -38.75022768151711 ], [ -66.342184301820936, -38.751836934542517 ], [ -66.348748723540581, -38.750975276341634 ], [ -66.351715328882875, -38.748363046113361 ], [ -66.355958545909544, -38.745755867506602 ], [ -66.360140495201648, -38.744752166542121 ], [ -66.365840348731837, -38.742563513111257 ], [ -66.370077751044477, -38.742338484673112 ], [ -66.371473637183314, -38.741469278685464 ], [ -66.386111971976803, -38.737034895932382 ], [ -66.394247062720609, -38.73822383938186 ], [ -66.395700966628283, -38.736993824007833 ], [ -66.397385377220829, -38.736898029314396 ], [ -66.39865927946316, -38.737956649182955 ], [ -66.402726838981806, -38.738276007430088 ], [ -66.408947830963456, -38.740060536046755 ], [ -66.410278640654823, -38.738461438348097 ], [ -66.409293464937193, -38.73260511531263 ], [ -66.411445568519468, -38.730359043940219 ], [ -66.41289637840768, -38.729669312017315 ], [ -66.417079337762019, -38.730127390328057 ], [ -66.419170857384117, -38.73626344279716 ], [ -66.420856555372694, -38.73786533338609 ], [ -66.421552828296498, -38.740385093474352 ], [ -66.424923931149365, -38.741534933233794 ], [ -66.429456693039384, -38.742175960107375 ], [ -66.43350262821005, -38.741710621652743 ], [ -66.434857530570213, -38.742273099359295 ], [ -66.442585085784231, -38.743365605351279 ], [ -66.44439071150326, -38.742399393480007 ], [ -66.445429185009303, -38.741075755565419 ], [ -66.446827387794244, -38.738422039592109 ], [ -66.44798227130542, -38.734116251808516 ], [ -66.448738687864648, -38.733235060652177 ], [ -66.451236682968798, -38.732693967451688 ], [ -66.454369470188695, -38.732970092955838 ], [ -66.455418510202279, -38.731096829346548 ], [ -66.458259793203609, -38.72985612010185 ], [ -66.466916914555242, -38.730357847924509 ], [ -66.471680834615341, -38.732099808398104 ], [ -66.473484229805706, -38.73351129395715 ], [ -66.474824083103755, -38.73264558640502 ], [ -66.477491124030792, -38.728162201536755 ], [ -66.47713607217824, -38.726650289346516 ], [ -66.477657355719685, -38.724630344506537 ], [ -66.481950320648451, -38.722617430277289 ], [ -66.49078061102837, -38.722062730442374 ], [ -66.495536722811394, -38.71725936141479 ], [ -66.498380913027731, -38.716202331078449 ], [ -66.503263694166606, -38.716064310705221 ], [ -66.506109436762415, -38.716880773703146 ], [ -66.507154901579298, -38.717979737321826 ], [ -66.509654188052238, -38.718162544033483 ], [ -66.522537017893555, -38.714083557171286 ], [ -66.525558052256713, -38.713304327455099 ], [ -66.527358371582423, -38.713435847140317 ], [ -66.52892959157208, -38.714852031393036 ], [ -66.53078969744675, -38.715676851925274 ], [ -66.532128404217872, -38.717508420475184 ], [ -66.535268585511602, -38.71998032263344 ], [ -66.537709469322877, -38.720023171005188 ], [ -66.5399135752224, -38.718778903947793 ], [ -66.542058312320577, -38.716534971246119 ], [ -66.546282334684221, -38.709164696873266 ], [ -66.547962250072175, -38.707463311032676 ], [ -66.547842644293141, -38.705725305142522 ], [ -66.550043913435999, -38.703440421235371 ], [ -66.554267922285931, -38.697389537081371 ], [ -66.556009218872305, -38.695881417292171 ], [ -66.558639088025544, -38.694832948664619 ] ], [ [ -66.436619398273393, -38.742135914684923 ], [ -66.434612241955691, -38.742129882044864 ], [ -66.434619502420318, -38.739058093929764 ], [ -66.435157508526657, -38.737686861227516 ], [ -66.437045837118816, -38.738031132845741 ], [ -66.436619398273393, -38.742135914684923 ] ] ], [ [ [ -66.56141560788403, -38.694909733194272 ], [ -66.564893818018419, -38.696879274866227 ], [ -66.571408948835128, -38.701991256534839 ], [ -66.573497910436956, -38.70194499748434 ], [ -66.575468857389069, -38.700800292015124 ], [ -66.578896945165198, -38.700747338714031 ], [ -66.581798238363561, -38.699877168771842 ], [ -66.58231500932915, -38.69804144496922 ], [ -66.579868533665092, -38.695436743341595 ], [ -66.56141560788403, -38.694909733194272 ] ] ] ] } },
{ "type": "Feature", "properties": { "codigo_indec": "420420104" }, "geometry": { "type": "Polygon", "coordinates": [ [ [ -66.993356226951548, -38.246160725273846 ], [ -66.992985109459951, -38.334451975817267 ], [ -66.99253304686529, -38.444745437082688 ], [ -67.001747980654471, -38.43831165537582 ], [ -67.0076935598386, -38.429545134431159 ], [ -67.012080390579754, -38.42631387921935 ], [ -67.01367652691124, -38.423759737126481 ], [ -67.01555250518058, -38.424229943102148 ], [ -67.017590288641998, -38.423784369861004 ], [ -67.020771737527298, -38.422018094421624 ], [ -67.023041023742124, -38.421349706121688 ], [ -67.026509267176678, -38.419031263956825 ], [ -67.029478253201873, -38.418460215824965 ], [ -67.031116862919077, -38.418747587749579 ], [ -67.034074332739053, -38.417572967638655 ], [ -67.042671089202528, -38.418609319210027 ], [ -67.046489367462513, -38.416201594608012 ], [ -67.053392174111281, -38.417085620895712 ], [ -67.057609195631201, -38.414178493967619 ], [ -67.061405916764912, -38.410347167486648 ], [ -67.067502415568768, -38.408008188091387 ], [ -67.076181841319354, -38.402699486724842 ], [ -67.082671912060974, -38.399576887911678 ], [ -67.086362270547326, -38.400249891702764 ], [ -67.087815123169264, -38.399804017341928 ], [ -67.090501080570732, -38.396099163770515 ], [ -67.091097938513869, -38.393161403911336 ], [ -67.092134363985849, -38.392246415775482 ], [ -67.095603001694599, -38.386210002066967 ], [ -67.097278943102936, -38.385212418295765 ], [ -67.099334069497161, -38.382049257772202 ], [ -67.100546304660796, -38.381236141802731 ], [ -67.104080405690894, -38.376950978466503 ], [ -67.105209009065049, -38.247867663579619 ], [ -66.993356226951548, -38.246160725273846 ] ] ] } },
{ "type": "Feature", "properties": { "codigo_indec": "421330210" }, "geometry": { "type": "Polygon", "coordinates": [ [ [ -64.372002379190462, -35.177937757875533 ], [ -64.200812841724726, -35.179327349449977 ], [ -64.201291656371481, -35.221582877232336 ], [ -64.372481978418406, -35.221027539675333 ], [ -64.372002379190462, -35.177937757875533 ] ] ] } },
{ "type": "Feature", "properties": { "codigo_indec": "421050203" }, "geometry": { "type": "Polygon", "coordinates": [ [ [ -63.389640734367688, -35.450779850116028 ], [ -63.385219856266197, -35.680243647408254 ], [ -63.495978961232609, -35.679684983156648 ], [ -63.496083377142476, -35.722687477899782 ], [ -63.603776439857384, -35.722782057642938 ], [ -63.602604705646215, -35.450978258858939 ], [ -63.389640734367688, -35.450779850116028 ] ], [ [ -63.593694758958542, -35.58278609664066 ], [ -63.592304429420686, -35.586763427242985 ], [ -63.591351152705464, -35.586550646910538 ], [ -63.59071662623802, -35.58812378200323 ], [ -63.58001309139371, -35.585318750472183 ], [ -63.580626473687715, -35.583538012183929 ], [ -63.586200843335234, -35.585050948740054 ], [ -63.587466345765407, -35.581107234693945 ], [ -63.593694758958542, -35.58278609664066 ] ] ] } },
{ "type": "Feature", "properties": { "codigo_indec": "421400223" }, "geometry": { "type": "Polygon", "coordinates": [ [ [ -64.168090942231018, -36.714707399916954 ], [ -64.169992048521678, -36.803470397531115 ], [ -64.394304987232559, -36.801025985047929 ], [ -64.395040505188618, -36.714029111614551 ], [ -64.168090942231018, -36.714707399916954 ] ], [ [ -64.36390633150944, -36.746451774150067 ], [ -64.37140275141013, -36.746554629845036 ], [ -64.371177936220462, -36.749642037984778 ], [ -64.372213834870522, -36.74976433837147 ], [ -64.372101657945308, -36.751231459629324 ], [ -64.369576841825804, -36.751228419036082 ], [ -64.369465374218677, -36.752659506004342 ], [ -64.366089951511157, -36.752505071825503 ], [ -64.366128348086406, -36.752014545973857 ], [ -64.36358184166842, -36.751713744986255 ], [ -64.363593177729172, -36.749862315216163 ], [ -64.362720745832434, -36.74968812878403 ], [ -64.362745248238028, -36.748535166713751 ], [ -64.363673608775699, -36.748579474922593 ], [ -64.36390633150944, -36.746451774150067 ] ] ] } },
{ "type": "Feature", "properties": { "codigo_indec": "420700505" }, "geometry": { "type": "Polygon", "coordinates": [ [ [ -63.384140549065307, -37.619918405435072 ], [ -63.383748098593642, -37.710699877117165 ], [ -63.602331817970253, -37.709693703523065 ], [ -63.733832829965188, -37.7102961822171 ], [ -63.733247009296846, -37.62041654035059 ], [ -63.384140549065307, -37.619918405435072 ] ], [ [ -63.553147405598331, -37.66372982775858 ], [ -63.557487669404082, -37.663716247479186 ], [ -63.557486453646064, -37.665999678576078 ], [ -63.5531406905164, -37.666004135065734 ], [ -63.553124099110924, -37.670476116411535 ], [ -63.547644756443383, -37.670483853144319 ], [ -63.547645400233044, -37.671582805025061 ], [ -63.522608266744648, -37.671622233256635 ], [ -63.522613506163083, -37.662776827024246 ], [ -63.545281725754201, -37.662755608748014 ], [ -63.543469524259564, -37.663506032548398 ], [ -63.543470046376846, -37.664091543564027 ], [ -63.55315308957433, -37.662090542130045 ], [ -63.553147405598331, -37.66372982775858 ] ] ] } },
{ "type": "Feature", "properties": { "codigo_indec": "420210107" }, "geometry": { "type": "Polygon", "coordinates": [ [ [ -64.337786863968759, -36.623231017957011 ], [ -64.329388228421053, -36.630398335574171 ], [ -64.337218743101829, -36.636405133422954 ], [ -64.32458244590272, -36.646986289132037 ], [ -64.316979716417535, -36.640914310908229 ], [ -64.313219515893508, -36.644149849719994 ], [ -64.303583385897326, -36.636665140852884 ], [ -64.299891699401428, -36.639820140450546 ], [ -64.300653142263158, -36.640403156471287 ], [ -64.299750129970775, -36.641174157332451 ], [ -64.298988884879705, -36.640582128200876 ], [ -64.295268184388121, -36.643768099428847 ], [ -64.296975535139609, -36.645062966167323 ], [ -64.28849622061108, -36.652185603132253 ], [ -64.289354610618801, -36.652810629945051 ], [ -64.287981830016463, -36.653953215404869 ], [ -64.291764522776361, -36.656980900762896 ], [ -64.288774483444243, -36.659442798789883 ], [ -64.286228003611086, -36.657401411670655 ], [ -64.283133356753041, -36.660032853100404 ], [ -64.281188886122138, -36.65833341452263 ], [ -64.280789568686615, -36.686835758619324 ], [ -64.359720763582388, -36.623125095731808 ], [ -64.337786863968759, -36.623231017957011 ] ] ] } },
{ "type": "Feature", "properties": { "codigo_indec": "420910105" }, "geometry": { "type": "Polygon", "coordinates": [ [ [ -66.230382094139514, -37.552065685755842 ], [ -66.228843379311627, -37.549410738308829 ], [ -66.223484717841075, -37.54929486258294 ], [ -66.22075516125426, -37.550430748140982 ], [ -66.226999987558756, -37.554464381043843 ], [ -66.228202291803228, -37.554417013647516 ], [ -66.230382094139514, -37.552065685755842 ] ] ] } },
{ "type": "Feature", "properties": { "codigo_indec": "420210504" }, "geometry": { "type": "Polygon", "coordinates": [ [ [ -64.28856794840037, -36.596498936063824 ], [ -64.288631271700467, -36.601851940157587 ], [ -64.291269343852932, -36.601943865202401 ], [ -64.291140701446622, -36.596504326119046 ], [ -64.28856794840037, -36.596498936063824 ] ] ] } },
{ "type": "Feature", "properties": { "codigo_indec": "421540511" }, "geometry": { "type": "Polygon", "coordinates": [ [ [ -64.603910089113043, -37.37735322704593 ], [ -64.603811656559856, -37.381748718024383 ], [ -64.609378800100785, -37.381845857949365 ], [ -64.609440017314213, -37.378531067181598 ], [ -64.608060220878755, -37.378510327719688 ], [ -64.608086093968254, -37.377415972955156 ], [ -64.603910089113043, -37.37735322704593 ] ] ] } },
{ "type": "Feature", "properties": { "codigo_indec": "421400204" }, "geometry": { "type": "Polygon", "coordinates": [ [ [ -64.374298743328751, -36.666799688556168 ], [ -64.372166611651622, -36.668595139215022 ], [ -64.374088847833391, -36.670130625308282 ], [ -64.373166619477828, -36.670901921779098 ], [ -64.376054262669228, -36.673207426744789 ], [ -64.379108624014407, -36.67064057231417 ], [ -64.374298743328751, -36.666799688556168 ] ] ] } },
{ "type": "Feature", "properties": { "codigo_indec": "421330703" }, "geometry": { "type": "Polygon", "coordinates": [ [ [ -64.000514702762089, -35.308385967075253 ], [ -64.003248951358884, -35.309854985542898 ], [ -64.013015112397781, -35.315206565467591 ], [ -64.01309088870731, -35.30390731499444 ], [ -64.006614948646117, -35.300592592041724 ], [ -64.000514702762089, -35.308385967075253 ] ] ] } },
{ "type": "Feature", "properties": { "codigo_indec": "421330601" }, "geometry": { "type": "Polygon", "coordinates": [ [ [ -64.288570781158896, -35.386493613770206 ], [ -64.288094130227236, -35.382751416175694 ], [ -64.27735148687745, -35.382742876526692 ], [ -64.277340159851832, -35.3865096924754 ], [ -64.288570781158896, -35.386493613770206 ] ] ] } },
{ "type": "Feature", "properties": { "codigo_indec": "421330505" }, "geometry": { "type": "Polygon", "coordinates": [ [ [ -64.465102137332892, -35.389122763736481 ], [ -64.459217334636392, -35.393734167086805 ], [ -64.472762952695177, -35.393734976693608 ], [ -64.46682449045413, -35.389122107806628 ], [ -64.465102137332892, -35.389122763736481 ] ] ] } },
{ "type": "Feature", "properties": { "codigo_indec": "421260502" }, "geometry": { "type": "Polygon", "coordinates": [ [ [ -64.769831044106155, -35.650265439288574 ], [ -64.771138167056606, -35.648007711978117 ], [ -64.773338713202577, -35.64887278735317 ], [ -64.77396903976863, -35.647725644833365 ], [ -64.771795978088292, -35.646869873570068 ], [ -64.772411270122589, -35.645803695379044 ], [ -64.765839929726795, -35.643240153394864 ], [ -64.765834048979485, -35.644519824990105 ], [ -64.762753113580786, -35.643303109050855 ], [ -64.761919305431647, -35.644750009109572 ], [ -64.765825925469301, -35.646304156151757 ], [ -64.765795337592692, -35.648651518434662 ], [ -64.769831044106155, -35.650265439288574 ] ] ] } },
{ "type": "Feature", "properties": { "codigo_indec": "421260201" }, "geometry": { "type": "Polygon", "coordinates": [ [ [ -64.500698733319368, -35.139849700246735 ], [ -64.500721236854844, -35.142062565822933 ], [ -64.50136312103136, -35.142061494883073 ], [ -64.501410916577882, -35.149628137701711 ], [ -64.505424479261009, -35.149619139249523 ], [ -64.50537819852299, -35.139848935866169 ], [ -64.500698733319368, -35.139849700246735 ] ] ] } },
{ "type": "Feature", "properties": { "codigo_indec": "421260111" }, "geometry": { "type": "Polygon", "coordinates": [ [ [ -64.684398450432411, -35.068704558177188 ], [ -64.683917978517215, -35.073025543808455 ], [ -64.688566387050315, -35.073364317316624 ], [ -64.689038396549961, -35.06904321927621 ], [ -64.684398450432411, -35.068704558177188 ] ] ] } },
{ "type": "Feature", "properties": { "codigo_indec": "421190303" }, "geometry": { "type": "Polygon", "coordinates": [ [ [ -63.909011179016304, -36.113547201936754 ], [ -63.904187970327868, -36.113377290242717 ], [ -63.904212268873707, -36.11246316886362 ], [ -63.902872031614372, -36.112439706415799 ], [ -63.902655631193412, -36.114521802984513 ], [ -63.897886686377127, -36.114397638333124 ], [ -63.897715191356589, -36.118746600442776 ], [ -63.906244777866441, -36.118720341915164 ], [ -63.906293335687657, -36.116892098228789 ], [ -63.908975043918119, -36.116898408905946 ], [ -63.909011179016304, -36.113547201936754 ] ] ] } },
{ "type": "Feature", "properties": { "codigo_indec": "421190204" }, "geometry": { "type": "Polygon", "coordinates": [ [ [ -63.571830231024421, -36.052081395641636 ], [ -63.569786760791715, -36.055481688925553 ], [ -63.576901478315946, -36.058387279001174 ], [ -63.577623235371277, -36.057194566684089 ], [ -63.574016572985023, -36.055765623993636 ], [ -63.574601420689021, -36.054786391740656 ], [ -63.573420032831351, -36.05432549800512 ], [ -63.574197788084767, -36.053025822998627 ], [ -63.571830231024421, -36.052081395641636 ] ] ] } },
{ "type": "Feature", "properties": { "codigo_indec": "421120308" }, "geometry": { "type": "Polygon", "coordinates": [ [ [ -67.714690166926104, -37.772603568318203 ], [ -67.714150023126351, -37.774768994934455 ], [ -67.719032542464149, -37.77572483108186 ], [ -67.71975519049748, -37.774462085790638 ], [ -67.719932555727951, -37.773545121588768 ], [ -67.718253110774967, -37.773065146470771 ], [ -67.717951908501732, -37.773781220416176 ], [ -67.715931354731268, -37.7733962722616 ], [ -67.714690166926104, -37.772603568318203 ] ] ] } },
{ "type": "Feature", "properties": { "codigo_indec": "421051012" }, "geometry": { "type": "Polygon", "coordinates": [ [ [ -63.773284423398721, -35.670246139050235 ], [ -63.767155452017796, -35.675412811647824 ], [ -63.768992700394172, -35.67724900976684 ], [ -63.768262957526218, -35.6772805320497 ], [ -63.778059923745467, -35.685589407970063 ], [ -63.781987386660219, -35.681760259198271 ], [ -63.782511041436351, -35.68079676060097 ], [ -63.7827315639069, -35.67801653478854 ], [ -63.773284423398721, -35.670246139050235 ] ] ] } },
{ "type": "Feature", "properties": { "codigo_indec": "421051011" }, "geometry": { "type": "Polygon", "coordinates": [ [ [ -63.767498415192236, -35.669048663324645 ], [ -63.763845905296179, -35.672125561561238 ], [ -63.767155452017796, -35.675412811647824 ], [ -63.771215099954503, -35.671991940628857 ], [ -63.767498415192236, -35.669048663324645 ] ] ] } },
{ "type": "Feature", "properties": { "codigo_indec": "421051010" }, "geometry": { "type": "Polygon", "coordinates": [ [ [ -63.767498415192236, -35.669048663324645 ], [ -63.771215099954503, -35.671991940628857 ], [ -63.773160015772881, -35.670351964890294 ], [ -63.769431791464562, -35.667426554542921 ], [ -63.767498415192236, -35.669048663324645 ] ] ] } },
{ "type": "Feature", "properties": { "codigo_indec": "421051007" }, "geometry": { "type": "Polygon", "coordinates": [ [ [ -63.777325731474775, -35.67105070427408 ], [ -63.775821826825904, -35.672320452756836 ], [ -63.777841056634742, -35.673970658281434 ], [ -63.777822690883781, -35.671447338951502 ], [ -63.777325731474775, -35.67105070427408 ] ] ] } },
{ "type": "Feature", "properties": { "codigo_indec": "421050711" }, "geometry": { "type": "Polygon", "coordinates": [ [ [ -63.748989037488109, -35.666388176927974 ], [ -63.746772041831179, -35.668265947752843 ], [ -63.750532042228727, -35.671210661985029 ], [ -63.75333682280754, -35.668848213293622 ], [ -63.75017166638505, -35.666347215502263 ], [ -63.748989037488109, -35.666388176927974 ] ] ] } },
{ "type": "Feature", "properties": { "codigo_indec": "421050418" }, "geometry": { "type": "Polygon", "coordinates": [ [ [ -63.746738988732972, -35.652550846567678 ], [ -63.745788070174122, -35.653389050474814 ], [ -63.747666291369683, -35.654910958848305 ], [ -63.745752853067401, -35.656605176092071 ], [ -63.74769710208593, -35.658137331775151 ], [ -63.750583526730587, -35.655605262394637 ], [ -63.746738988732972, -35.652550846567678 ] ] ] } },
{ "type": "Feature", "properties": { "codigo_indec": "421050307" }, "geometry": { "type": "Polygon", "coordinates": [ [ [ -63.758932761138723, -35.657878494245196 ], [ -63.756286058645799, -35.660135906305477 ], [ -63.759170044105595, -35.662424265689189 ], [ -63.761816747899147, -35.660166790769317 ], [ -63.758932761138723, -35.657878494245196 ] ] ] } },
{ "type": "Feature", "properties": { "codigo_indec": "421050101" }, "geometry": { "type": "Polygon", "coordinates": [ [ [ -63.826912944214286, -35.543074472754057 ], [ -63.815461078517579, -35.543160320801427 ], [ -63.809894542479604, -35.550110309659075 ], [ -63.813043953522985, -35.551780443310811 ], [ -63.814923803090352, -35.549246441121817 ], [ -63.823412073990902, -35.554405578146984 ], [ -63.826889435479984, -35.548949156762617 ], [ -63.826912944214286, -35.543074472754057 ] ] ] } },
{ "type": "Feature", "properties": { "codigo_indec": "420560503" }, "geometry": { "type": "Polygon", "coordinates": [ [ [ -63.591632743154456, -35.23649958092242 ], [ -63.59160205036553, -35.241621607637981 ], [ -63.59444956646572, -35.241619699531498 ], [ -63.594463482564905, -35.236501840280852 ], [ -63.591632743154456, -35.23649958092242 ] ] ] } },
{ "type": "Feature", "properties": { "codigo_indec": "420350501" }, "geometry": { "type": "Polygon", "coordinates": [ [ [ -64.149488796492719, -35.859054247795541 ], [ -64.16395219914601, -35.864642312472697 ], [ -64.165298607339068, -35.862301984527939 ], [ -64.162903929518464, -35.8613777886736 ], [ -64.164163576905779, -35.859198344475715 ], [ -64.152095204704494, -35.854543785972432 ], [ -64.149488796492719, -35.859054247795541 ] ] ] } },
{ "type": "Feature", "properties": { "codigo_indec": "420350413" }, "geometry": { "type": "Polygon", "coordinates": [ [ [ -64.292834921598541, -35.91486168992531 ], [ -64.28637264458655, -35.916720535147647 ], [ -64.285256037214054, -35.918669029319226 ], [ -64.290305942213934, -35.920547808729786 ], [ -64.293400786962209, -35.915076993975191 ], [ -64.292834921598541, -35.91486168992531 ] ] ] } },
{ "type": "Feature", "properties": { "codigo_indec": "420350403" }, "geometry": { "type": "Polygon", "coordinates": [ [ [ -64.28146580649117, -35.904787145145001 ], [ -64.278427315957686, -35.91019538483711 ], [ -64.283240379841843, -35.911980946193083 ], [ -64.283853890794504, -35.910885846730288 ], [ -64.288674850018523, -35.912698338440798 ], [ -64.291129348774177, -35.908407923622981 ], [ -64.28146580649117, -35.904787145145001 ] ] ] } },
{ "type": "Feature", "properties": { "codigo_indec": "420350401" }, "geometry": { "type": "Polygon", "coordinates": [ [ [ -64.296541482979407, -35.906542924326693 ], [ -64.295431550187985, -35.908586233874296 ], [ -64.291769283586362, -35.907236562094369 ], [ -64.290956662415539, -35.908711846577674 ], [ -64.305812362531171, -35.91394618040195 ], [ -64.306514574732844, -35.91270352803771 ], [ -64.304096686963007, -35.911808821384582 ], [ -64.305202815414432, -35.90980592719 ], [ -64.302826459186036, -35.908916287802093 ], [ -64.303912428880395, -35.906949164467633 ], [ -64.301478424525968, -35.906040662345191 ], [ -64.300381528299013, -35.907998597373393 ], [ -64.296541482979407, -35.906542924326693 ] ] ] } },
{ "type": "Feature", "properties": { "codigo_indec": "420211002" }, "geometry": { "type": "Polygon", "coordinates": [ [ [ -64.298143686357008, -36.638470672946909 ], [ -64.296343230397355, -36.640012709487621 ], [ -64.293520764477464, -36.642391542601871 ], [ -64.295268184388121, -36.643768099428847 ], [ -64.298988884879705, -36.640582128200876 ], [ -64.299750129970775, -36.641174157332451 ], [ -64.300653142263158, -36.640403156471287 ], [ -64.298143686357008, -36.638470672946909 ] ] ] } },
{ "type": "Feature", "properties": { "codigo_indec": "420210912" }, "geometry": { "type": "Polygon", "coordinates": [ [ [ -64.275691191385235, -36.635444667385777 ], [ -64.269831222056567, -36.635521868691825 ], [ -64.271106292121715, -36.638748009924129 ], [ -64.280601550311701, -36.63860615347901 ], [ -64.280549713108073, -36.636411422322411 ], [ -64.275707420760469, -36.636472064203893 ], [ -64.275691191385235, -36.635444667385777 ] ] ] } },
{ "type": "Feature", "properties": { "codigo_indec": "420210904" }, "geometry": { "type": "Polygon", "coordinates": [ [ [ -64.274324142821285, -36.623553931208882 ], [ -64.269904498743514, -36.62362046877945 ], [ -64.269915463180013, -36.627630166142737 ], [ -64.27436237034577, -36.627604571800028 ], [ -64.274324142821285, -36.623553931208882 ] ] ] } },
{ "type": "Feature", "properties": { "codigo_indec": "420210901" }, "geometry": { "type": "Polygon", "coordinates": [ [ [ -64.273531253528688, -36.620262726057391 ], [ -64.273555696544605, -36.620920825643935 ], [ -64.279886371315655, -36.620863740944046 ], [ -64.279886015235491, -36.620251040929467 ], [ -64.273531253528688, -36.620262726057391 ] ] ] } },
{ "type": "Feature", "properties": { "codigo_indec": "420210808" }, "geometry": { "type": "Polygon", "coordinates": [ [ [ -64.279995447601408, -36.627523864000011 ], [ -64.280061068853996, -36.630732445303501 ], [ -64.280782290658166, -36.636887815162638 ], [ -64.286066572993391, -36.632143515098186 ], [ -64.279995447601408, -36.627523864000011 ] ] ] } },
{ "type": "Feature", "properties": { "codigo_indec": "420210802" }, "geometry": { "type": "Polygon", "coordinates": [ [ [ -64.283542272922276, -36.618812588886712 ], [ -64.280096122519112, -36.618843975200328 ], [ -64.279885552857067, -36.621152056104464 ], [ -64.283571951973769, -36.621128644247882 ], [ -64.283542272922276, -36.618812588886712 ] ] ] } },
{ "type": "Feature", "properties": { "codigo_indec": "420210715" }, "geometry": { "type": "Polygon", "coordinates": [ [ [ -64.301182060493275, -36.629810169357121 ], [ -64.298125271628706, -36.632447075717131 ], [ -64.301837971767654, -36.635324774286865 ], [ -64.303110839732113, -36.63425267791245 ], [ -64.301415581250524, -36.63292203015925 ], [ -64.303193120477815, -36.631393100989143 ], [ -64.301182060493275, -36.629810169357121 ] ] ] } },
{ "type": "Feature", "properties": { "codigo_indec": "420210507" }, "geometry": { "type": "Polygon", "coordinates": [ [ [ -64.284483368221984, -36.600679522254943 ], [ -64.284567750326801, -36.604311867969713 ], [ -64.286014301139744, -36.604341697278429 ], [ -64.286020103811808, -36.605341918374627 ], [ -64.288673050431598, -36.605398075249674 ], [ -64.288605976756912, -36.600720789537206 ], [ -64.284483368221984, -36.600679522254943 ] ] ] } },
{ "type": "Feature", "properties": { "codigo_indec": "420210502" }, "geometry": { "type": "Polygon", "coordinates": [ [ [ -64.295174545081906, -36.596634193018453 ], [ -64.295297529265568, -36.600947366743966 ], [ -64.300842059337583, -36.601121174852175 ], [ -64.30078210941187, -36.596849448559318 ], [ -64.295174545081906, -36.596634193018453 ] ] ] } },
{ "type": "Feature", "properties": { "codigo_indec": "420210405" }, "geometry": { "type": "Polygon", "coordinates": [ [ [ -64.268268748260297, -36.602301060453321 ], [ -64.267772691696578, -36.604244563199956 ], [ -64.271411452957352, -36.606194065766395 ], [ -64.272386512071122, -36.606194693621788 ], [ -64.27232707635244, -36.604225096599201 ], [ -64.271365805670726, -36.604233678839925 ], [ -64.271333921948013, -36.60228250126584 ], [ -64.268268748260297, -36.602301060453321 ] ] ] } },
{ "type": "Feature", "properties": { "codigo_indec": "420140201" }, "geometry": { "type": "Polygon", "coordinates": [ [ [ -64.107037485935436, -38.969486175505274 ], [ -64.106397623776388, -38.968602135257804 ], [ -64.104510775522812, -38.969377598218756 ], [ -64.101801018301657, -38.967482649974556 ], [ -64.098379154672486, -38.966229024077656 ], [ -64.095078241458879, -38.966278749452343 ], [ -64.093339466992788, -38.977769969442384 ], [ -64.100579454763789, -38.974987909037765 ], [ -64.102354280458655, -38.974850169053852 ], [ -64.105166188688202, -38.972382992480163 ], [ -64.107037485935436, -38.969486175505274 ] ] ] } },
{ "type": "Feature", "properties": { "codigo_indec": "420070402" }, "geometry": { "type": "Polygon", "coordinates": [ [ [ -63.665906919981197, -37.132562054759163 ], [ -63.660545929070217, -37.132550909190449 ], [ -63.660546208129972, -37.133546361324967 ], [ -63.656323831483235, -37.133552996667731 ], [ -63.656351065828048, -37.13576964050641 ], [ -63.665909897113096, -37.135760157435712 ], [ -63.665906919981197, -37.132562054759163 ] ] ] } },
{ "type": "Feature", "properties": { "codigo_indec": "420070201" }, "geometry": { "type": "Polygon", "coordinates": [ [ [ -63.694497325680963, -36.851875958219139 ], [ -63.69447244624876, -36.847573684061537 ], [ -63.688631882569005, -36.847586334388851 ], [ -63.688651239286557, -36.851874983865692 ], [ -63.694497325680963, -36.851875958219139 ] ] ] } },
{ "type": "Feature", "properties": { "codigo_indec": "420770102" }, "geometry": { "type": "Polygon", "coordinates": [ [ [ -64.026233558485103, -37.784285138971406 ], [ -64.02780479693952, -37.786023032510535 ], [ -64.026129940629104, -37.788179482841365 ], [ -64.028202225401898, -37.789326716789489 ], [ -64.031136422106798, -37.788474975807119 ], [ -64.035892867391027, -37.781924288459798 ], [ -64.034888290405988, -37.781177860488349 ], [ -64.026233558485103, -37.784285138971406 ] ] ] } },
{ "type": "Feature", "properties": { "codigo_indec": "420700508" }, "geometry": { "type": "Polygon", "coordinates": [ [ [ -63.537809100097853, -37.66943659927324 ], [ -63.532231233599219, -37.669428049887074 ], [ -63.532241275312948, -37.667158327416963 ], [ -63.528092315442137, -37.667206512246928 ], [ -63.528094645112454, -37.666026557070552 ], [ -63.522612861441047, -37.666033081698977 ], [ -63.522608266744648, -37.671622233256635 ], [ -63.540635994934981, -37.671594402640999 ], [ -63.540642812118044, -37.669414686038493 ], [ -63.539227070229956, -37.668277195147972 ], [ -63.537809100097853, -37.66943659927324 ] ] ] } },
{ "type": "Feature", "properties": { "codigo_indec": "420700503" }, "geometry": { "type": "Polygon", "coordinates": [ [ [ -63.536443285901747, -37.662764898928664 ], [ -63.522613506163083, -37.662776827024246 ], [ -63.522612861441047, -37.666033081698977 ], [ -63.528094645112454, -37.666026557070552 ], [ -63.528092315442137, -37.667206512246928 ], [ -63.532241275312948, -37.667158327416963 ], [ -63.532231233599219, -37.669428049887074 ], [ -63.536424130559901, -37.669425677522042 ], [ -63.536443285901747, -37.662764898928664 ] ] ] } },
{ "type": "Feature", "properties": { "codigo_indec": "420210609" }, "geometry": { "type": "Polygon", "coordinates": [ [ [ -64.28450975572585, -36.61361410682423 ], [ -64.282020348626375, -36.613352977153355 ], [ -64.282076391155712, -36.616493850310057 ], [ -64.286212406392124, -36.616472331999859 ], [ -64.286181747209596, -36.614196806699169 ], [ -64.284524416426621, -36.61421349851706 ], [ -64.28450975572585, -36.61361410682423 ] ] ] } },
{ "type": "Feature", "properties": { "codigo_indec": "420211003" }, "geometry": { "type": "Polygon", "coordinates": [ [ [ -64.293520764477464, -36.642391542601871 ], [ -64.291481614888937, -36.644101275882946 ], [ -64.294919222540869, -36.646790532694887 ], [ -64.296975535139609, -36.645062966167323 ], [ -64.293520764477464, -36.642391542601871 ] ] ] } },
{ "type": "Feature", "properties": { "codigo_indec": "420210705" }, "geometry": { "type": "Polygon", "coordinates": [ [ [ -64.288964211201517, -36.618773457493674 ], [ -64.289003142727267, -36.623459336504006 ], [ -64.293123074131984, -36.623423836037482 ], [ -64.293061445805336, -36.618742135324105 ], [ -64.288964211201517, -36.618773457493674 ] ] ] } },
{ "type": "Feature", "properties": { "codigo_indec": "421330214" }, "geometry": { "type": "Polygon", "coordinates": [ [ [ -64.246908702160738, -35.039822751904268 ], [ -64.245987467694448, -35.044856333738565 ], [ -64.250913890746162, -35.045472721785089 ], [ -64.251835121010117, -35.040425579965515 ], [ -64.246908702160738, -35.039822751904268 ] ] ] } },
{ "type": "Feature", "properties": { "codigo_indec": "420980110" }, "geometry": { "type": "Polygon", "coordinates": [ [ [ -65.432495323558825, -36.211256751892911 ], [ -65.437124563813825, -36.216645190640577 ], [ -65.445054309666915, -36.212275414498208 ], [ -65.441130530151938, -36.207719668089759 ], [ -65.43889203591759, -36.208970858914746 ], [ -65.438139356981253, -36.208093174165249 ], [ -65.432495323558825, -36.211256751892911 ] ] ] } },
{ "type": "Feature", "properties": { "codigo_indec": "420980108" }, "geometry": { "type": "Polygon", "coordinates": [ [ [ -65.443848986063372, -36.199522489473104 ], [ -65.44541235132273, -36.201327618981651 ], [ -65.438803458308115, -36.205023234029397 ], [ -65.440369530266608, -36.20683745232823 ], [ -65.446973008344415, -36.203132715304292 ], [ -65.447739575493415, -36.204019421411758 ], [ -65.45117779558143, -36.202097677291285 ], [ -65.447264928571855, -36.197591740495056 ], [ -65.443848986063372, -36.199522489473104 ] ] ] } },
{ "type": "Feature", "properties": { "codigo_indec": "420770302" }, "geometry": { "type": "Polygon", "coordinates": [ [ [ -63.74550223363233, -37.897617473540471 ], [ -63.735484455281174, -37.897627752794499 ], [ -63.735515756825322, -37.903096032742368 ], [ -63.74552264097742, -37.903094559099301 ], [ -63.74550223363233, -37.897617473540471 ] ] ] } },
{ "type": "Feature", "properties": { "codigo_indec": "420070104" }, "geometry": { "type": "Polygon", "coordinates": [ [ [ -64.058463266719897, -36.89748232681486 ], [ -64.060181735938059, -37.07811742196229 ], [ -64.171954923224888, -37.077339275938634 ], [ -64.170318018107864, -36.984182785590683 ], [ -64.170161396632494, -36.896877085532829 ], [ -64.058463266719897, -36.89748232681486 ] ] ] } },
{ "type": "Feature", "properties": { "codigo_indec": "421540102" }, "geometry": { "type": "Polygon", "coordinates": [ [ [ -65.640719304358726, -36.950984888581871 ], [ -65.638820072910676, -36.968608826311339 ], [ -65.656306682600601, -37.697019666417638 ], [ -65.656630798008564, -37.675293634507504 ], [ -65.984398229217916, -37.681355974517906 ], [ -66.00639449956175, -36.957732194677789 ], [ -65.640719304358726, -36.950984888581871 ] ], [ [ -65.648472146062375, -37.332159363835586 ], [ -65.648486830550667, -37.328402122682839 ], [ -65.65098319024348, -37.328409512639269 ], [ -65.650983051875855, -37.329049241987143 ], [ -65.653270696600941, -37.329055967881303 ], [ -65.653250768955118, -37.332164454693363 ], [ -65.648472146062375, -37.332159363835586 ] ] ] } },
{ "type": "Feature", "properties": { "codigo_indec": "421470104" }, "geometry": { "type": "Polygon", "coordinates": [ [ [ -64.374555416055756, -35.49130110468947 ], [ -64.267528716103243, -35.493551407020696 ], [ -64.268016489529103, -35.539585739901455 ], [ -64.374499153578697, -35.538099024934553 ], [ -64.377597764511563, -35.6302096723741 ], [ -64.48910381003617, -35.628451900118904 ], [ -64.488551118375256, -35.582002077165761 ], [ -64.433564320754101, -35.582669683323068 ], [ -64.43193108948347, -35.490798859822419 ], [ -64.374555416055756, -35.49130110468947 ] ] ] } },
{ "type": "Feature", "properties": { "codigo_indec": "421400302" }, "geometry": { "type": "Polygon", "coordinates": [ [ [ -64.957956296529915, -36.887680666253253 ], [ -64.959742726184814, -36.977900530460509 ], [ -65.077153548515724, -36.975681587322555 ], [ -65.075575672945291, -36.885761542430551 ], [ -64.957956296529915, -36.887680666253253 ] ] ] } },
{ "type": "Feature", "properties": { "codigo_indec": "421330102" }, "geometry": { "type": "Polygon", "coordinates": [ [ [ -64.477644299195234, -35.009433291772588 ], [ -64.320857193925931, -35.008410568504431 ], [ -64.323788589154134, -35.088256238971795 ], [ -64.48126106528602, -35.086433344417465 ], [ -64.477644299195234, -35.009433291772588 ] ], [ [ -64.38918979058117, -35.04570708329905 ], [ -64.374967401370967, -35.044900016432138 ], [ -64.375079586982793, -35.043662297331672 ], [ -64.376179657038662, -35.043726597961609 ], [ -64.376907537250531, -35.036291988126358 ], [ -64.389962118826304, -35.037065288942522 ], [ -64.38918979058117, -35.04570708329905 ] ] ] } },
{ "type": "Feature", "properties": { "codigo_indec": "421260404" }, "geometry": { "type": "Polygon", "coordinates": [ [ [ -65.042747407685951, -35.35159466813456 ], [ -64.864906692704068, -35.352502196499479 ], [ -64.870514251417035, -35.533036466378036 ], [ -64.929290188903735, -35.532959793646725 ], [ -64.927088521785819, -35.440890154633024 ], [ -65.045039994782471, -35.442471113888509 ], [ -65.042747407685951, -35.35159466813456 ] ] ] } },
{ "type": "Feature", "properties": { "codigo_indec": "421190310" }, "geometry": { "type": "Polygon", "coordinates": [ [ [ -63.667704040186067, -36.314575812649259 ], [ -63.606400382141729, -36.315390519220564 ], [ -63.547659309359716, -36.315235293229811 ], [ -63.547502468894344, -36.355738121989184 ], [ -63.725352084440416, -36.356762440493725 ], [ -63.72491829800007, -36.316075397620232 ], [ -63.667704040186067, -36.314575812649259 ] ] ] } },
{ "type": "Feature", "properties": { "codigo_indec": "421190208" }, "geometry": { "type": "Polygon", "coordinates": [ [ [ -63.604954548525846, -35.992481167793677 ], [ -63.496752025706733, -35.992356651339676 ], [ -63.496979978809627, -36.082457542888683 ], [ -63.605352416866694, -36.08224513165392 ], [ -63.604954548525846, -35.992481167793677 ] ], [ [ -63.571830231024421, -36.052081395641636 ], [ -63.574197788084767, -36.053025822998627 ], [ -63.573420032831351, -36.05432549800512 ], [ -63.574601420689021, -36.054786391740656 ], [ -63.574016572985023, -36.055765623993636 ], [ -63.577623235371277, -36.057194566684089 ], [ -63.575533571167291, -36.060657092119236 ], [ -63.570776686009125, -36.058740766808761 ], [ -63.568086455353978, -36.06322709531279 ], [ -63.55189107572069, -36.056775151025235 ], [ -63.555282370610747, -36.051078180401255 ], [ -63.552907221103993, -36.050119713893672 ], [ -63.55425227360135, -36.047885737147212 ], [ -63.556616705355957, -36.048830443168072 ], [ -63.557971198887714, -36.046556070626004 ], [ -63.563966054814529, -36.048948551503102 ], [ -63.565337391035357, -36.046660919566243 ], [ -63.573212907108974, -36.049780386419222 ], [ -63.571830231024421, -36.052081395641636 ] ] ] } },
{ "type": "Feature", "properties": { "codigo_indec": "421190206" }, "geometry": { "type": "Polygon", "coordinates": [ [ [ -63.60457772027717, -35.905802453545114 ], [ -63.387127009390348, -35.906594346662615 ], [ -63.386751668298309, -35.992131170655234 ], [ -63.604954548525846, -35.992481167793677 ], [ -63.60457772027717, -35.905802453545114 ] ] ] } },
{ "type": "Feature", "properties": { "codigo_indec": "421120318" }, "geometry": { "type": "Polygon", "coordinates": [ [ [ -67.565590169864549, -38.069980729664977 ], [ -67.56475440765044, -38.155016833279859 ], [ -67.673346683170266, -38.155627433776161 ], [ -67.677002602788605, -38.149756019024039 ], [ -67.675776060156991, -38.146629686934027 ], [ -67.673883873404634, -38.145940526701082 ], [ -67.673234260905872, -38.143594152893947 ], [ -67.674257846968629, -38.142714780851058 ], [ -67.674812295003136, -38.139900834022257 ], [ -67.674626749751667, -38.137646936080436 ], [ -67.676904099390768, -38.135614627685683 ], [ -67.682448923042855, -38.133711170189628 ], [ -67.6896251617259, -38.127887965636681 ], [ -67.69493397200047, -38.124694648901581 ], [ -67.701911752397208, -38.122927235032513 ], [ -67.707013153668228, -38.122862210161536 ], [ -67.711717686408292, -38.12387021287455 ], [ -67.715151235527941, -38.123675991193188 ], [ -67.717836109418954, -38.121826117149702 ], [ -67.719293758039157, -38.117489890955227 ], [ -67.724979603148697, -38.111024258400548 ], [ -67.724973301327935, -38.110150561091096 ], [ -67.722702124203792, -38.10495466152166 ], [ -67.723638094603615, -38.099788266203404 ], [ -67.726595751923185, -38.096375780580694 ], [ -67.72640151544843, -38.093207761743777 ], [ -67.727759162397334, -38.090476344647257 ], [ -67.729755706002649, -38.089226358489306 ], [ -67.728187195946489, -38.086146127138996 ], [ -67.725655829229794, -38.084764547958386 ], [ -67.72375104239002, -38.082882775725402 ], [ -67.725991372874859, -38.075647840705926 ], [ -67.728851848740703, -38.074443729695282 ], [ -67.735778431503903, -38.073638969254269 ], [ -67.736687643130722, -38.073175124947603 ], [ -67.738110053921432, -38.071284894592061 ], [ -67.565590169864549, -38.069980729664977 ] ] ] } },
{ "type": "Feature", "properties": { "codigo_indec": "421120317" }, "geometry": { "type": "Polygon", "coordinates": [ [ [ -67.225223300817092, -38.066576787728891 ], [ -67.565590169864549, -38.069980729664977 ], [ -67.566582940241688, -37.9701764652552 ], [ -67.225328820354221, -37.968281043351041 ], [ -67.225223300817092, -38.066576787728891 ] ] ] } },
{ "type": "Feature", "properties": { "codigo_indec": "421050602" }, "geometry": { "type": "Polygon", "coordinates": [ [ [ -63.603776439857384, -35.722782057642938 ], [ -63.496083377142476, -35.722687477899782 ], [ -63.495978961232609, -35.679684983156648 ], [ -63.385219856266197, -35.680243647408254 ], [ -63.387127009390348, -35.906594346662615 ], [ -63.496539368347058, -35.906246320584138 ], [ -63.496430530901797, -35.863033058466648 ], [ -63.604331486520586, -35.862441287202898 ], [ -63.603776439857384, -35.722782057642938 ] ], [ [ -63.396631862630983, -35.786211622081012 ], [ -63.395369591418365, -35.784485941932012 ], [ -63.38939464986548, -35.784270697626901 ], [ -63.389400473325573, -35.776995503248472 ], [ -63.391153010814399, -35.77614610479651 ], [ -63.398034246536739, -35.785507705225221 ], [ -63.396631862630983, -35.786211622081012 ] ] ] } },
{ "type": "Feature", "properties": { "codigo_indec": "421050503" }, "geometry": { "type": "Polygon", "coordinates": [ [ [ -63.830234539405801, -35.722683442602147 ], [ -63.603776439857384, -35.722782057642938 ], [ -63.604331486520586, -35.862441287202898 ], [ -63.879982953453883, -35.860897905191479 ], [ -63.878510102903938, -35.721382007223816 ], [ -63.830234539405801, -35.722683442602147 ] ], [ [ -63.717423965342128, -35.781542033369355 ], [ -63.711673990137825, -35.779612603356959 ], [ -63.712676179342445, -35.777631374732934 ], [ -63.711457843965391, -35.777220737980521 ], [ -63.712479731109752, -35.775226369349063 ], [ -63.713687120531574, -35.77563228200448 ], [ -63.714973421776222, -35.773088780194918 ], [ -63.715839500326709, -35.772767350893815 ], [ -63.716729046681536, -35.771045244258836 ], [ -63.717374961273457, -35.771269255571234 ], [ -63.717378780817796, -35.771909066382435 ], [ -63.720156329599902, -35.772889848770745 ], [ -63.717388762176391, -35.778230047283522 ], [ -63.717423965342128, -35.781542033369355 ] ] ] } },
{ "type": "Feature", "properties": { "codigo_indec": "420350503" }, "geometry": { "type": "Polygon", "coordinates": [ [ [ -64.048521310957568, -35.810770569945532 ], [ -63.936018707759899, -35.811972612101385 ], [ -63.935548031562526, -35.903846641549208 ], [ -63.93588157104567, -35.954073002763273 ], [ -63.991373740117908, -35.953627284222698 ], [ -63.990137676407947, -35.854470461671056 ], [ -64.048901746729527, -35.853970650579974 ], [ -64.048521310957568, -35.810770569945532 ] ] ] } },
{ "type": "Feature", "properties": { "codigo_indec": "420210203" }, "geometry": { "type": "Polygon", "coordinates": [ [ [ -64.166641828132214, -36.354156437462358 ], [ -64.053428125798504, -36.356208026366211 ], [ -64.054244672023728, -36.44478692879246 ], [ -64.167323487566719, -36.444820125680934 ], [ -64.166641828132214, -36.354156437462358 ] ] ] } },
{ "type": "Feature", "properties": { "codigo_indec": "420210108" }, "geometry": { "type": "Polygon", "coordinates": [ [ [ -64.165957855799007, -36.6245295900112 ], [ -64.168090942231018, -36.714707399916954 ], [ -64.281169285939583, -36.71437163313891 ], [ -64.280789568686615, -36.686835758619324 ], [ -64.281110595547119, -36.656070731762675 ], [ -64.280862733079744, -36.657661953675309 ], [ -64.27302858038432, -36.657805380634578 ], [ -64.272808346833415, -36.647390940884293 ], [ -64.26542108082451, -36.647472783620984 ], [ -64.265300746310317, -36.640001602630988 ], [ -64.260579102174759, -36.640031847719655 ], [ -64.26054448080869, -36.641819859613342 ], [ -64.255502813210086, -36.641782156222284 ], [ -64.255623416473412, -36.635566912197028 ], [ -64.257624455903382, -36.635573677449123 ], [ -64.257681840689955, -36.626199431072529 ], [ -64.24486054806502, -36.626304028703558 ], [ -64.244807671303178, -36.623829959562663 ], [ -64.165957855799007, -36.6245295900112 ] ] ] } },
{ "type": "Feature", "properties": { "codigo_indec": "420140205" }, "geometry": { "type": "Polygon", "coordinates": [ [ [ -64.196431409417301, -38.870434693036508 ], [ -64.078278405372657, -38.871706534592185 ], [ -64.079197976401943, -38.957615076845855 ], [ -63.967254098319138, -38.958947204421825 ], [ -63.968410845961799, -39.038418765393168 ], [ -63.973362381435898, -39.035586825465174 ], [ -63.97953621051375, -39.034018757939208 ], [ -63.985351414024755, -39.031142719476563 ], [ -63.988847579707318, -39.030117785177502 ], [ -63.994036130583787, -39.030288220183131 ], [ -63.997383692746297, -39.029715302561478 ], [ -63.998982262917494, -39.02881957408762 ], [ -63.99994061033351, -39.027183312056138 ], [ -64.007690111856604, -39.026406312475913 ], [ -64.009227863089208, -39.024996027129589 ], [ -64.011163165707202, -39.022273037608194 ], [ -64.011223328082437, -39.016212631059027 ], [ -64.010866779326165, -39.015134765583653 ], [ -64.0096599523946, -39.013501994602343 ], [ -64.004812048562798, -39.012446442222625 ], [ -64.001398852973267, -39.010973963124094 ], [ -63.998978259291, -39.005519495424416 ], [ -63.999112646242338, -39.003720482662402 ], [ -64.001584396597181, -39.002024589663783 ], [ -64.005393997733208, -39.001698017905653 ], [ -64.011153060410152, -39.004093054172991 ], [ -64.013908239240578, -39.006697882989315 ], [ -64.017001106916993, -39.007655677380292 ], [ -64.020676629750227, -39.00810990369429 ], [ -64.02306378375674, -39.007573970591238 ], [ -64.027940884476195, -39.004252038682523 ], [ -64.029631844970424, -39.003735718146302 ], [ -64.030465394807052, -39.002398803102167 ], [ -64.027950416507664, -39.001415112108276 ], [ -64.029606490434134, -39.000177670598376 ], [ -64.028673544706322, -38.99937832828325 ], [ -64.01928069583191, -38.998872434339596 ], [ -64.016629948371673, -38.997904208402645 ], [ -64.016325717529639, -38.996399431813913 ], [ -64.017265033492478, -38.99231288510888 ], [ -64.018941535573646, -38.990134747233675 ], [ -64.021378365981334, -38.988622465279711 ], [ -64.027584821975282, -38.9880836082665 ], [ -64.031004528310902, -38.98951039695595 ], [ -64.034132381463394, -38.991792302678071 ], [ -64.038221115201424, -38.992721279973409 ], [ -64.041945003946992, -38.992549681460503 ], [ -64.049597664139355, -38.990101992732825 ], [ -64.057438937495718, -38.990444504562987 ], [ -64.060266783815706, -38.990009708778217 ], [ -64.061485872320702, -38.994817026213838 ], [ -64.06108634402031, -38.996346023394239 ], [ -64.061653804581127, -38.997967649908965 ], [ -64.061438083135783, -39.000585005683995 ], [ -64.062083892607973, -39.002086341668267 ], [ -64.063749227940008, -39.002604864294646 ], [ -64.06532264046092, -39.002473358258676 ], [ -64.070359247930398, -39.001160762684002 ], [ -64.071969946020019, -38.993914502541791 ], [ -64.071728632540555, -38.992068645159577 ], [ -64.070468759372048, -38.990863430304366 ], [ -64.070050638710413, -38.989473985453799 ], [ -64.068369406962887, -38.987108918735061 ], [ -64.068069206103772, -38.984780219391538 ], [ -64.0686758509448, -38.983583367664039 ], [ -64.075499820437031, -38.982052428896218 ], [ -64.075704175309539, -38.96704610104868 ], [ -64.07619172285861, -38.966509234786024 ], [ -64.098379154672486, -38.966229024077656 ], [ -64.101801018301657, -38.967482649974556 ], [ -64.104510775522812, -38.969377598218756 ], [ -64.106397623776388, -38.968602135257804 ], [ -64.107037485935436, -38.969486175505274 ], [ -64.109818335959034, -38.966545522118047 ], [ -64.118779441471517, -38.965249281956183 ], [ -64.122253229834627, -38.962801358910788 ], [ -64.125310635597373, -38.958306600229783 ], [ -64.127694888562104, -38.957349635193495 ], [ -64.137140352170562, -38.958644695428269 ], [ -64.139732957115598, -38.958096116050832 ], [ -64.146131824380021, -38.953581970596112 ], [ -64.152802320473512, -38.953345508409711 ], [ -64.159133498524241, -38.951175846799472 ], [ -64.165039417250327, -38.950386205501303 ], [ -64.172312805802065, -38.945974416241498 ], [ -64.176773110013954, -38.945652396933369 ], [ -64.18284964127966, -38.940640286026294 ], [ -64.191641989086079, -38.937183124240583 ], [ -64.194768287585831, -38.935096894521855 ], [ -64.19778746887016, -38.934729244059575 ], [ -64.196431409417301, -38.870434693036508 ] ] ] } },
{ "type": "Feature", "properties": { "codigo_indec": "420210101" }, "geometry": { "type": "Polygon", "coordinates": [ [ [ -64.389352225656125, -36.26110456267849 ], [ -64.275843134997487, -36.260909470764332 ], [ -64.165975658894638, -36.261631088592431 ], [ -64.166969797005706, -36.398213270916074 ], [ -64.502019540461632, -36.395443940646587 ], [ -64.500408895161911, -36.258903845797271 ], [ -64.389352225656125, -36.26110456267849 ] ] ] } },
{ "type": "Feature", "properties": { "codigo_indec": "420070109" }, "geometry": { "type": "Polygon", "coordinates": [ [ [ -63.836203870048934, -37.077624070311394 ], [ -63.839522666371565, -37.170340934811605 ], [ -63.84018166853523, -37.256724483524117 ], [ -64.0618851485644, -37.255495198389482 ], [ -64.061059858966487, -37.169678993101698 ], [ -63.942418233058525, -37.17008298337695 ], [ -63.944858349067189, -37.078048377864135 ], [ -63.836203870048934, -37.077624070311394 ] ] ] } },
{ "type": "Feature", "properties": { "codigo_indec": "420770406" }, "geometry": { "type": "Polygon", "coordinates": [ [ [ -63.435584133653542, -38.069547961159742 ], [ -63.435583922862861, -38.080396888274251 ], [ -63.434780145872651, -38.080735111597185 ], [ -63.43568262818858, -38.082137392991982 ], [ -63.440938947031455, -38.082130447371711 ], [ -63.440884668333091, -38.091037182601504 ], [ -63.424349895164831, -38.090986443221681 ], [ -63.424353514425839, -38.086014678203824 ], [ -63.419081754784536, -38.086614996197127 ], [ -63.419116345823518, -38.077856484621719 ], [ -63.423861853462611, -38.077866095454752 ], [ -63.423916224393778, -38.069499801813855 ], [ -63.385927614156273, -38.069358523575694 ], [ -63.386499607169426, -38.161759187191365 ], [ -63.502734549656033, -38.161457233560498 ], [ -63.502458862787321, -38.069763984233923 ], [ -63.435584133653542, -38.069547961159742 ] ] ] } },
{ "type": "Feature", "properties": { "codigo_indec": "420770104" }, "geometry": { "type": "Polygon", "coordinates": [ [ [ -64.185349325846289, -37.711226373953664 ], [ -63.949702617963695, -37.710952513885857 ], [ -63.950337202002409, -37.757545173980702 ], [ -64.184301186623543, -37.755424234355402 ], [ -64.185349325846289, -37.711226373953664 ] ] ] } },
{ "type": "Feature", "properties": { "codigo_indec": "420700203" }, "geometry": { "type": "Polygon", "coordinates": [ [ [ -63.385716149693046, -37.257956937818072 ], [ -63.385510210972399, -37.304860906313671 ], [ -63.500241949924387, -37.304431960919594 ], [ -63.500116362829495, -37.257812425943719 ], [ -63.385716149693046, -37.257956937818072 ] ] ] } },
{ "type": "Feature", "properties": { "codigo_indec": "420560402" }, "geometry": { "type": "Polygon", "coordinates": [ [ [ -63.715573368066387, -35.130513173984923 ], [ -63.716807316266625, -35.271073800474667 ], [ -63.718990697786111, -35.36148607753239 ], [ -63.719432952671532, -35.398335477757158 ], [ -63.771363829057769, -35.398016632436864 ], [ -63.770133186369812, -35.361174961283133 ], [ -63.885929573030452, -35.360774422282617 ], [ -63.884572568656402, -35.315374360587668 ], [ -63.933381967451176, -35.316002484819862 ], [ -63.931090521156008, -35.180678339920291 ], [ -63.87393965249499, -35.180314520473502 ], [ -63.871724497217173, -35.129491338018198 ], [ -63.715573368066387, -35.130513173984923 ] ], [ [ -63.781252220884248, -35.293679389622689 ], [ -63.770934581952417, -35.292372214458716 ], [ -63.772121286165579, -35.286469277983564 ], [ -63.78245968313486, -35.287794742359303 ], [ -63.782219148949544, -35.288957273178994 ], [ -63.784480770918485, -35.289246544915969 ], [ -63.784316773914746, -35.290122126088541 ], [ -63.782038159466254, -35.289850561423897 ], [ -63.781252220884248, -35.293679389622689 ] ] ] } },
{ "type": "Feature", "properties": { "codigo_indec": "420560302" }, "geometry": { "type": "Polygon", "coordinates": [ [ [ -63.600722499770512, -35.001773386635818 ], [ -63.385011669531941, -35.000027784057984 ], [ -63.386178654775719, -35.132012061046133 ], [ -63.602312125054581, -35.131131150105482 ], [ -63.600722499770512, -35.001773386635818 ] ], [ [ -63.586918469108255, -35.0189180034915 ], [ -63.586972526460336, -35.031516524413334 ], [ -63.573822818176332, -35.03154252445173 ], [ -63.573719980633541, -35.018902514296173 ], [ -63.586918469108255, -35.0189180034915 ] ] ] } },
{ "type": "Feature", "properties": { "codigo_indec": "420560102" }, "geometry": { "type": "Polygon", "coordinates": [ [ [ -63.773865188937805, -35.002893067964415 ], [ -63.769724699093352, -35.130184105655289 ], [ -63.871724497217173, -35.129491338018198 ], [ -63.87393965249499, -35.180314520473502 ], [ -63.931090521156008, -35.180678339920291 ], [ -63.931361350283986, -35.139986575862046 ], [ -63.928975463860453, -35.003688730447124 ], [ -63.773865188937805, -35.002893067964415 ] ], [ [ -63.907869122615004, -35.025770394066761 ], [ -63.907860761332309, -35.022444920865027 ], [ -63.906655803795886, -35.022442157048822 ], [ -63.906661678228133, -35.02145997962139 ], [ -63.902545323478577, -35.021465476879726 ], [ -63.902537589274509, -35.019838726680028 ], [ -63.913380504232713, -35.019809432291936 ], [ -63.915572485790456, -35.019982291682574 ], [ -63.915583393563857, -35.020631325233929 ], [ -63.91606267610095, -35.020630547750777 ], [ -63.916077535930093, -35.025762994106842 ], [ -63.907869122615004, -35.025770394066761 ] ] ] } },
{ "type": "Feature", "properties": { "codigo_indec": "420420303" }, "geometry": { "type": "Polygon", "coordinates": [ [ [ -66.763352932350429, -38.420739139509379 ], [ -66.64883039853467, -38.418843713821019 ], [ -66.647606965249906, -38.510651071857232 ], [ -66.533050476886643, -38.50912957681539 ], [ -66.531809428805758, -38.597115326657203 ], [ -66.599574940964573, -38.598139002937835 ], [ -66.599484747190814, -38.592815578893912 ], [ -66.600274900157729, -38.584668045884527 ], [ -66.604437959620938, -38.580538842179315 ], [ -66.604430674273473, -38.578984949833 ], [ -66.605698252511829, -38.576190330543753 ], [ -66.605921312256484, -38.573031767947953 ], [ -66.604000780896058, -38.570474327899859 ], [ -66.60387888644901, -38.568592220972683 ], [ -66.604455034193109, -38.56717043875615 ], [ -66.614153279200139, -38.555346090219054 ], [ -66.616399084127352, -38.554352379532432 ], [ -66.625283138855323, -38.555886224959387 ], [ -66.630954503277678, -38.553396524375664 ], [ -66.63367002104151, -38.551057710537577 ], [ -66.635387915727563, -38.545521791534192 ], [ -66.640830760292687, -38.543262564167513 ], [ -66.639891311657692, -38.54079941913831 ], [ -66.642607609842884, -38.538955849702823 ], [ -66.660328223008236, -38.536456527450163 ], [ -66.664266525898299, -38.536308133253975 ], [ -66.667628319185113, -38.536761949386431 ], [ -66.671566137204906, -38.536252979223548 ], [ -66.683833435239535, -38.532425501315828 ], [ -66.690196719435477, -38.531041419122211 ], [ -66.690253734688426, -38.529806941749705 ], [ -66.694014037698949, -38.529379339063844 ], [ -66.707220046571251, -38.528849903107933 ], [ -66.70913253138589, -38.529162635773098 ], [ -66.713140032586651, -38.531719180201122 ], [ -66.715111383194838, -38.532175589208123 ], [ -66.717136050933149, -38.531068695429191 ], [ -66.718690356196475, -38.529374609784185 ], [ -66.719320327194694, -38.527857343494922 ], [ -66.719313589978299, -38.526028695312483 ], [ -66.718134962744088, -38.521090357425763 ], [ -66.719399794940983, -38.519713326973473 ], [ -66.723393288178897, -38.518882478741453 ], [ -66.732603340700649, -38.51885224505758 ], [ -66.73942569207577, -38.516597819083131 ], [ -66.741099355210721, -38.515443180968951 ], [ -66.744339033818463, -38.514386675268845 ], [ -66.746647583857026, -38.512827049914137 ], [ -66.747503325028973, -38.510483928120635 ], [ -66.752653853672882, -38.509369938270893 ], [ -66.753222849905583, -38.507861887918139 ], [ -66.754954392628804, -38.506526512604289 ], [ -66.76244789237785, -38.503680877042079 ], [ -66.763352932350429, -38.420739139509379 ] ] ] } },
{ "type": "Feature", "properties": { "codigo_indec": "420420106" }, "geometry": { "type": "Polygon", "coordinates": [ [ [ -66.876873058800939, -38.332571533624844 ], [ -66.875786790535571, -38.463521823958942 ], [ -66.880052732819991, -38.463359233384452 ], [ -66.885956977264044, -38.464593913279259 ], [ -66.888808598788174, -38.464018299736274 ], [ -66.890473859255948, -38.46224001994905 ], [ -66.890280823261079, -38.456323008165661 ], [ -66.891479864635414, -38.449724283576671 ], [ -66.893107840975759, -38.449599280436352 ], [ -66.894929290984791, -38.446126173486974 ], [ -66.902064056267335, -38.443472548316414 ], [ -66.904816213387548, -38.444410716682114 ], [ -66.907872636345772, -38.446314860208375 ], [ -66.909973608274356, -38.446465215737405 ], [ -66.916071981582476, -38.448854448920528 ], [ -66.920051486494415, -38.449890753640794 ], [ -66.929101145574322, -38.450558020107373 ], [ -66.949853998078794, -38.449571848206624 ], [ -66.959920327899212, -38.447629586724389 ], [ -66.969203394490762, -38.447972047083098 ], [ -66.976129912871329, -38.446419163704341 ], [ -66.981378382683758, -38.446370814213452 ], [ -66.988859305599718, -38.447073618177441 ], [ -66.99253304686529, -38.444745437082688 ], [ -66.992985109459951, -38.334451975817267 ], [ -66.876873058800939, -38.332571533624844 ] ] ] } },
{ "type": "Feature", "properties": { "codigo_indec": "420350307" }, "geometry": { "type": "Polygon", "coordinates": [ [ [ -64.271895643897324, -35.901369693692764 ], [ -64.161545836130202, -35.902298719495938 ], [ -64.16199384007497, -35.991532146027993 ], [ -64.272868861358589, -35.9906525104604 ], [ -64.272057179749908, -35.916096295229551 ], [ -64.267300902828339, -35.914374184118969 ], [ -64.2716716302903, -35.90632262418837 ], [ -64.271895643897324, -35.901369693692764 ] ] ] } },
{ "type": "Feature", "properties": { "codigo_indec": "420770209" }, "geometry": { "type": "Polygon", "coordinates": [ [ [ -63.557986182588827, -38.161268721010131 ], [ -63.557777878108965, -38.250560159796322 ], [ -63.737422257442468, -38.250506179111035 ], [ -63.846925200748672, -38.248558953945484 ], [ -63.847320982627764, -38.159869637249443 ], [ -63.557986182588827, -38.161268721010131 ] ] ] } },
{ "type": "Feature", "properties": { "codigo_indec": "421330207" }, "geometry": { "type": "Polygon", "coordinates": [ [ [ -64.263352584103814, -35.088901562722555 ], [ -64.262469029638694, -35.007980621013253 ], [ -64.148748271828453, -35.007060515516805 ], [ -64.149899820598392, -35.089345488841708 ], [ -64.263352584103814, -35.088901562722555 ] ], [ [ -64.236111096098028, -35.034024508430655 ], [ -64.237025854740367, -35.02905849915156 ], [ -64.253519527072896, -35.031176144242721 ], [ -64.252095876781169, -35.038987364230145 ], [ -64.255011357700212, -35.039340266527589 ], [ -64.254193316637327, -35.043667935148974 ], [ -64.251307909283966, -35.043310938560353 ], [ -64.250327744632244, -35.048677160389587 ], [ -64.233418072878848, -35.048670865037835 ], [ -64.234786166976335, -35.041242119568395 ], [ -64.233171505088904, -35.041038364545742 ], [ -64.23394876367108, -35.036746307929384 ], [ -64.22991333272364, -35.036254897909735 ], [ -64.230341077727871, -35.033949482795819 ], [ -64.232611536730758, -35.033586042208611 ], [ -64.236111096098028, -35.034024508430655 ] ] ] } },
{ "type": "Feature", "properties": { "codigo_indec": "420630103" }, "geometry": { "type": "Polygon", "coordinates": [ [ [ -67.245040991486306, -36.004227059242211 ], [ -67.241706649789336, -36.339775216716248 ], [ -68.240069163568862, -36.338743331532122 ], [ -68.237667066868411, -36.169443314733499 ], [ -68.288924649423009, -36.170118206518957 ], [ -68.283989923396248, -36.000752442612388 ], [ -68.127748439592679, -35.99820272440266 ], [ -67.245040991486306, -36.004227059242211 ] ] ] } },
{ "type": "Feature", "properties": { "codigo_indec": "421050304" }, "geometry": { "type": "Polygon", "coordinates": [ [ [ -63.767349712578863, -35.660116367248094 ], [ -63.764646725963324, -35.662417974703466 ], [ -63.767444507890879, -35.664641464979574 ], [ -63.769231051016277, -35.663133771227656 ], [ -63.768291249330019, -35.662386487803758 ], [ -63.76921847924514, -35.661601729452507 ], [ -63.767349712578863, -35.660116367248094 ] ] ] } },
{ "type": "Feature", "properties": { "codigo_indec": "421540513" }, "geometry": { "type": "Polygon", "coordinates": [ [ [ -64.607987738394542, -37.381820479877945 ], [ -64.607942374563152, -37.38396871981675 ], [ -64.606579495075422, -37.383943656647098 ], [ -64.60653133679935, -37.386240519252382 ], [ -64.615049948895177, -37.386417190584758 ], [ -64.615157697315823, -37.381940711241342 ], [ -64.607987738394542, -37.381820479877945 ] ] ] } },
{ "type": "Feature", "properties": { "codigo_indec": "421540301" }, "geometry": { "type": "Polygon", "coordinates": [ [ [ -64.277736635065651, -37.039298712524761 ], [ -64.294140821692878, -37.039251954233116 ], [ -64.294086991112678, -37.023700491001051 ], [ -64.285903563728397, -37.023717681168861 ], [ -64.285898254297592, -37.02120390622698 ], [ -64.274591461181913, -37.021220198956343 ], [ -64.274582356747302, -37.023733760637064 ], [ -64.277759164748048, -37.026982854052072 ], [ -64.277736635065651, -37.039298712524761 ] ] ] } },
{ "type": "Feature", "properties": { "codigo_indec": "421540201" }, "geometry": { "type": "Polygon", "coordinates": [ [ [ -64.524109862907991, -37.119095823995423 ], [ -64.506363072632652, -37.119152830511041 ], [ -64.50634289451547, -37.120179693697182 ], [ -64.507304631462489, -37.120191808903122 ], [ -64.507178576195798, -37.126609702366892 ], [ -64.524073730678538, -37.126460899977673 ], [ -64.524109862907991, -37.119095823995423 ] ] ] } },
{ "type": "Feature", "properties": { "codigo_indec": "421330502" }, "geometry": { "type": "Polygon", "coordinates": [ [ [ -64.472741311421601, -35.382771371115602 ], [ -64.466826787722269, -35.387837900784568 ], [ -64.46682542601279, -35.388491266852533 ], [ -64.476047702468549, -35.388499827931938 ], [ -64.476039557379835, -35.382790496147585 ], [ -64.472741311421601, -35.382771371115602 ] ] ] } },
{ "type": "Feature", "properties": { "codigo_indec": "421260208" }, "geometry": { "type": "Polygon", "coordinates": [ [ [ -64.496060587068413, -35.145357474449881 ], [ -64.496088788415818, -35.149638790144337 ], [ -64.501410916577882, -35.149628137701711 ], [ -64.5013754145089, -35.144233676950336 ], [ -64.500058702611341, -35.144235407259181 ], [ -64.500060221476886, -35.145348478273007 ], [ -64.496060587068413, -35.145357474449881 ] ] ] } },
{ "type": "Feature", "properties": { "codigo_indec": "421190302" }, "geometry": { "type": "Polygon", "coordinates": [ [ [ -63.85483417094057, -36.138970857386845 ], [ -63.850440621033464, -36.138982152479372 ], [ -63.850442026347146, -36.141779838484084 ], [ -63.845656823810856, -36.141788427276062 ], [ -63.845671705215437, -36.146523537358583 ], [ -63.843098561268384, -36.146675425172553 ], [ -63.845431216854429, -36.147294083069326 ], [ -63.844892046311145, -36.148626891222072 ], [ -63.842322351421934, -36.147940878888996 ], [ -63.840925413755599, -36.151483710523451 ], [ -63.843465041847907, -36.152155697263211 ], [ -63.843879160341359, -36.151131494866505 ], [ -63.850422786806874, -36.152862002848281 ], [ -63.850407461792955, -36.149455885044773 ], [ -63.85555862749483, -36.150814206696992 ], [ -63.856172677390937, -36.149275455206862 ], [ -63.851253060514715, -36.147984388921977 ], [ -63.85483417094057, -36.138970857386845 ] ] ] } },
{ "type": "Feature", "properties": { "codigo_indec": "421190203" }, "geometry": { "type": "Polygon", "coordinates": [ [ [ -63.563801760091039, -36.053107709592588 ], [ -63.561093468416722, -36.057634057058529 ], [ -63.560668638012388, -36.057467738063679 ], [ -63.559563929919399, -36.059823806719216 ], [ -63.565699550272946, -36.062273141228417 ], [ -63.569786760791715, -36.055481688925553 ], [ -63.563801760091039, -36.053107709592588 ] ] ] } },
{ "type": "Feature", "properties": { "codigo_indec": "421120306" }, "geometry": { "type": "Polygon", "coordinates": [ [ [ -67.72013756857254, -37.772474606789849 ], [ -67.71975519049748, -37.774462085790638 ], [ -67.718513013850185, -37.77657021258409 ], [ -67.721198306721689, -37.777229175897652 ], [ -67.722470602797742, -37.773120668567323 ], [ -67.72013756857254, -37.772474606789849 ] ] ] } },
{ "type": "Feature", "properties": { "codigo_indec": "421051008" }, "geometry": { "type": "Polygon", "coordinates": [ [ [ -63.774957405799476, -35.670642011297609 ], [ -63.776410000053438, -35.6718177147674 ], [ -63.777325731474775, -35.67105070427408 ], [ -63.775875145823015, -35.669902080803212 ], [ -63.774957405799476, -35.670642011297609 ] ] ] } },
{ "type": "Feature", "properties": { "codigo_indec": "421050901" }, "geometry": { "type": "Polygon", "coordinates": [ [ [ -63.74591137696104, -35.643110251873843 ], [ -63.744156397548487, -35.64310441177399 ], [ -63.731125773231774, -35.643283036381234 ], [ -63.738901062860975, -35.649403348702251 ], [ -63.74591137696104, -35.643110251873843 ] ] ] } },
{ "type": "Feature", "properties": { "codigo_indec": "421050804" }, "geometry": { "type": "Polygon", "coordinates": [ [ [ -63.77326079356915, -35.652017158152319 ], [ -63.769575451730503, -35.655120680050139 ], [ -63.769100469352615, -35.655526367894289 ], [ -63.770364234455258, -35.656531943805739 ], [ -63.771765596378415, -35.655368486824024 ], [ -63.772943616670993, -35.656282342354665 ], [ -63.775713365195728, -35.653945729474678 ], [ -63.77326079356915, -35.652017158152319 ] ] ] } },
{ "type": "Feature", "properties": { "codigo_indec": "421050709" }, "geometry": { "type": "Polygon", "coordinates": [ [ [ -63.74194932510526, -35.65993988815633 ], [ -63.739198964678749, -35.662330127553489 ], [ -63.742926060293122, -35.665247422501629 ], [ -63.745686948119463, -35.662875316948679 ], [ -63.74194932510526, -35.65993988815633 ] ] ] } },
{ "type": "Feature", "properties": { "codigo_indec": "421050419" }, "geometry": { "type": "Polygon", "coordinates": [ [ [ -63.740769311276274, -35.647744432672127 ], [ -63.737904699708494, -35.650285689174261 ], [ -63.745752853067401, -35.656605176092071 ], [ -63.747666291369683, -35.654910958848305 ], [ -63.745788070174122, -35.653389050474814 ], [ -63.746738988732972, -35.652550846567678 ], [ -63.740769311276274, -35.647744432672127 ] ] ] } },
{ "type": "Feature", "properties": { "codigo_indec": "421050314" }, "geometry": { "type": "Polygon", "coordinates": [ [ [ -63.756286058645799, -35.660135906305477 ], [ -63.753571226748079, -35.662455059445762 ], [ -63.756444175096597, -35.664743277598525 ], [ -63.759170044105595, -35.662424265689189 ], [ -63.756286058645799, -35.660135906305477 ] ] ] } },
{ "type": "Feature", "properties": { "codigo_indec": "421050313" }, "geometry": { "type": "Polygon", "coordinates": [ [ [ -63.759170044105595, -35.662424265689189 ], [ -63.756444175096597, -35.664743277598525 ], [ -63.758947048465522, -35.667240793653498 ], [ -63.761978200318929, -35.664666094938759 ], [ -63.759170044105595, -35.662424265689189 ] ] ] } },
{ "type": "Feature", "properties": { "codigo_indec": "421050311" }, "geometry": { "type": "Polygon", "coordinates": [ [ [ -63.761396402860434, -35.669683200299588 ], [ -63.763845905296179, -35.672125561561238 ], [ -63.766571078991156, -35.669833403797007 ], [ -63.765631479128686, -35.669077092456185 ], [ -63.766558564003276, -35.668301365121721 ], [ -63.764722054554028, -35.666843592045659 ], [ -63.761396402860434, -35.669683200299588 ] ] ] } },
{ "type": "Feature", "properties": { "codigo_indec": "420980201" }, "geometry": { "type": "Polygon", "coordinates": [ [ [ -65.089875589956023, -36.207465382708868 ], [ -65.102235735447707, -36.20741455688183 ], [ -65.102242245436997, -36.201002786463583 ], [ -65.103465312592917, -36.201002942944442 ], [ -65.103410177497452, -36.198037680507042 ], [ -65.089823917772861, -36.198002720134006 ], [ -65.089875589956023, -36.207465382708868 ] ] ] } },
{ "type": "Feature", "properties": { "codigo_indec": "420770203" }, "geometry": { "type": "Polygon", "coordinates": [ [ [ -63.596684400034, -37.984745900845184 ], [ -63.598600764422869, -37.986703636439344 ], [ -63.602246942936951, -37.984386604486296 ], [ -63.602239298262823, -37.989164866639548 ], [ -63.608624319024152, -37.989159823446592 ], [ -63.608647807853785, -37.986246409089254 ], [ -63.610326677859433, -37.98624001678327 ], [ -63.609710082979369, -37.985601466478329 ], [ -63.610744637175266, -37.984933432028505 ], [ -63.605686061660322, -37.978980204220726 ], [ -63.596684400034, -37.984745900845184 ] ] ] } },
{ "type": "Feature", "properties": { "codigo_indec": "420700104" }, "geometry": { "type": "Polygon", "coordinates": [ [ [ -63.774655992940367, -37.376621104212546 ], [ -63.770449323714601, -37.379541646295252 ], [ -63.772867229512777, -37.381758260957511 ], [ -63.774970224927678, -37.380311473224197 ], [ -63.776509208316192, -37.381714219977518 ], [ -63.778609447947971, -37.380262810372948 ], [ -63.774655992940367, -37.376621104212546 ] ] ] } },
{ "type": "Feature", "properties": { "codigo_indec": "420560511" }, "geometry": { "type": "Polygon", "coordinates": [ [ [ -63.594468294839054, -35.237547189393979 ], [ -63.59442793035312, -35.243002426859327 ], [ -63.597389464349028, -35.243511828303589 ], [ -63.597196103365135, -35.236479557362543 ], [ -63.595795425207342, -35.236492276217049 ], [ -63.595788879282942, -35.237550916090662 ], [ -63.594468294839054, -35.237547189393979 ] ] ] } },
{ "type": "Feature", "properties": { "codigo_indec": "420560501" }, "geometry": { "type": "Polygon", "coordinates": [ [ [ -63.591660634973557, -35.230728716721899 ], [ -63.591632743154456, -35.23649958092242 ], [ -63.594463482564905, -35.236501840280852 ], [ -63.594468294839054, -35.237547189393979 ], [ -63.595788879282942, -35.237550916090662 ], [ -63.595795425207342, -35.236492276217049 ], [ -63.597196103365135, -35.236479557362543 ], [ -63.597258739928272, -35.230727395650291 ], [ -63.591660634973557, -35.230728716721899 ] ] ] } },
{ "type": "Feature", "properties": { "codigo_indec": "420560401" }, "geometry": { "type": "Polygon", "coordinates": [ [ [ -63.781252220884248, -35.293679389622689 ], [ -63.782038159466254, -35.289850561423897 ], [ -63.784316773914746, -35.290122126088541 ], [ -63.784480770918485, -35.289246544915969 ], [ -63.782219148949544, -35.288957273178994 ], [ -63.78245968313486, -35.287794742359303 ], [ -63.772121286165579, -35.286469277983564 ], [ -63.770934581952417, -35.292372214458716 ], [ -63.781252220884248, -35.293679389622689 ] ] ] } },
{ "type": "Feature", "properties": { "codigo_indec": "420560304" }, "geometry": { "type": "Polygon", "coordinates": [ [ [ -63.586947369841198, -35.025852582726309 ], [ -63.586918469108255, -35.0189180034915 ], [ -63.573719980633541, -35.018902514296173 ], [ -63.573748996167701, -35.022367833309382 ], [ -63.581643731764999, -35.022471434788208 ], [ -63.581674338356038, -35.027009102066664 ], [ -63.58434467285192, -35.027003746168042 ], [ -63.584337416111133, -35.025854693929247 ], [ -63.586947369841198, -35.025852582726309 ] ] ] } },
{ "type": "Feature", "properties": { "codigo_indec": "420560303" }, "geometry": { "type": "Polygon", "coordinates": [ [ [ -63.58434467285192, -35.027003746168042 ], [ -63.573786519867006, -35.027027280654295 ], [ -63.573822818176332, -35.03154252445173 ], [ -63.586972526460336, -35.031516524413334 ], [ -63.586947369841198, -35.025852582726309 ], [ -63.584337416111133, -35.025854693929247 ], [ -63.58434467285192, -35.027003746168042 ] ] ] } },
{ "type": "Feature", "properties": { "codigo_indec": "420350601" }, "geometry": { "type": "Polygon", "coordinates": [ [ [ -64.227577691966559, -36.225089247401748 ], [ -64.234486253449916, -36.225105809164923 ], [ -64.234495408634018, -36.227295543293309 ], [ -64.239780798250408, -36.227296844248606 ], [ -64.239781279608991, -36.228391651507124 ], [ -64.242130731261966, -36.228390158435502 ], [ -64.242045825737932, -36.223613236022338 ], [ -64.227580663518637, -36.223602527939178 ], [ -64.227577691966559, -36.225089247401748 ] ] ] } },
{ "type": "Feature", "properties": { "codigo_indec": "420350412" }, "geometry": { "type": "Polygon", "coordinates": [ [ [ -64.293400786962209, -35.915076993975191 ], [ -64.290305942213934, -35.920547808729786 ], [ -64.295229695500979, -35.922379530393812 ], [ -64.296332467463628, -35.920421734380973 ], [ -64.293966461998465, -35.915301303891603 ], [ -64.293400786962209, -35.915076993975191 ] ] ] } },
{ "type": "Feature", "properties": { "codigo_indec": "420350201" }, "geometry": { "type": "Polygon", "coordinates": [ [ [ -64.590569687383891, -36.001826613371328 ], [ -64.600912135282158, -36.000050789706272 ], [ -64.600646833185138, -35.999060935277285 ], [ -64.601302825162975, -35.99896495494815 ], [ -64.601204495906543, -35.998567302100938 ], [ -64.600534966259119, -35.998645100967316 ], [ -64.599892684721397, -35.996240545243502 ], [ -64.589543489089763, -35.998110828308263 ], [ -64.590569687383891, -36.001826613371328 ] ] ] } },
{ "type": "Feature", "properties": { "codigo_indec": "420280302" }, "geometry": { "type": "Polygon", "coordinates": [ [ [ -63.422055598901061, -36.406924874457054 ], [ -63.420295079599747, -36.409607551102077 ], [ -63.424967262113817, -36.411649895823814 ], [ -63.426702912883428, -36.408957603532208 ], [ -63.422055598901061, -36.406924874457054 ] ] ] } },
{ "type": "Feature", "properties": { "codigo_indec": "420280101" }, "geometry": { "type": "Polygon", "coordinates": [ [ [ -63.863354732895665, -36.502229466063483 ], [ -63.863367318388057, -36.507860771883159 ], [ -63.860758313299435, -36.507868052378051 ], [ -63.860743656962612, -36.515494513465498 ], [ -63.868621033764221, -36.515495937460067 ], [ -63.868621811257377, -36.510076600281366 ], [ -63.871286552810126, -36.510074648504059 ], [ -63.871283713050801, -36.50783567814927 ], [ -63.868621713620506, -36.50784218488382 ], [ -63.86862219626331, -36.502229126992901 ], [ -63.863354732895665, -36.502229466063483 ] ] ] } },
{ "type": "Feature", "properties": { "codigo_indec": "420211001" }, "geometry": { "type": "Polygon", "coordinates": [ [ [ -64.303583385897326, -36.636665140852884 ], [ -64.301837971767654, -36.635324774286865 ], [ -64.298143686357008, -36.638470672946909 ], [ -64.299891699401428, -36.639820140450546 ], [ -64.303583385897326, -36.636665140852884 ] ] ] } },
{ "type": "Feature", "properties": { "codigo_indec": "420210913" }, "geometry": { "type": "Polygon", "coordinates": [ [ [ -64.265229586196284, -36.635572065221474 ], [ -64.265300746310317, -36.640001602630988 ], [ -64.271409937481351, -36.639919235876683 ], [ -64.272335247687963, -36.640914772103002 ], [ -64.269831222056567, -36.635521868691825 ], [ -64.265229586196284, -36.635572065221474 ] ] ] } },
{ "type": "Feature", "properties": { "codigo_indec": "420210819" }, "geometry": { "type": "Polygon", "coordinates": [ [ [ -64.286284835374886, -36.639701713622514 ], [ -64.281999414383236, -36.642870127128887 ], [ -64.28065909603788, -36.641927240205881 ], [ -64.280749354883852, -36.645537123481546 ], [ -64.280312804139129, -36.647067056738109 ], [ -64.280868917364188, -36.648332006427893 ], [ -64.282152034466051, -36.646066440612664 ], [ -64.287998531923947, -36.641077890295158 ], [ -64.286284835374886, -36.639701713622514 ] ] ] } },
{ "type": "Feature", "properties": { "codigo_indec": "420210814" }, "geometry": { "type": "Polygon", "coordinates": [ [ [ -64.300011407009109, -36.630811623418424 ], [ -64.295663814832906, -36.627334616358986 ], [ -64.292779248471788, -36.629762109292066 ], [ -64.295259955479025, -36.631712312648418 ], [ -64.294335948790973, -36.632550550185563 ], [ -64.296212008520271, -36.634041562725756 ], [ -64.300011407009109, -36.630811623418424 ] ] ] } },
{ "type": "Feature", "properties": { "codigo_indec": "420210724" }, "geometry": { "type": "Polygon", "coordinates": [ [ [ -64.32891855180867, -36.643343999395732 ], [ -64.317052529314395, -36.634355881087203 ], [ -64.318550344584594, -36.635525842649095 ], [ -64.314246721642689, -36.639087126010701 ], [ -64.31673479820742, -36.641122590256572 ], [ -64.316979716417535, -36.640914310908229 ], [ -64.32458244590272, -36.646986289132037 ], [ -64.32891855180867, -36.643343999395732 ] ] ] } },
{ "type": "Feature", "properties": { "codigo_indec": "420210815" }, "geometry": { "type": "Polygon", "coordinates": [ [ [ -64.293809476373283, -36.630569770959738 ], [ -64.290033485359359, -36.633741279165108 ], [ -64.29345173146038, -36.636398762947657 ], [ -64.296212008520271, -36.634041562725756 ], [ -64.294335948790973, -36.632550550185563 ], [ -64.295259955479025, -36.631712312648418 ], [ -64.293809476373283, -36.630569770959738 ] ] ] } },
{ "type": "Feature", "properties": { "codigo_indec": "420210721" }, "geometry": { "type": "Polygon", "coordinates": [ [ [ -64.307238251032302, -36.633518508639845 ], [ -64.305651592630099, -36.634883524342669 ], [ -64.305313543527802, -36.634621923204975 ], [ -64.304823488677656, -36.635047440616297 ], [ -64.305161439201868, -36.635313546844927 ], [ -64.303583385897326, -36.636665140852884 ], [ -64.305248914266627, -36.637954789270445 ], [ -64.308886519921842, -36.634830386987282 ], [ -64.307238251032302, -36.633518508639845 ] ] ] } },
{ "type": "Feature", "properties": { "codigo_indec": "420210719" }, "geometry": { "type": "Polygon", "coordinates": [ [ [ -64.309869254467813, -36.62848310396496 ], [ -64.306130624347404, -36.631642147556889 ], [ -64.3055433293341, -36.632169903211071 ], [ -64.307238251032302, -36.633518508639845 ], [ -64.307801769199045, -36.632544400038746 ], [ -64.308084922788879, -36.632760163205887 ], [ -64.311407758646169, -36.62995557459648 ], [ -64.309869254467813, -36.62848310396496 ] ] ] } },
{ "type": "Feature", "properties": { "codigo_indec": "420210718" }, "geometry": { "type": "Polygon", "coordinates": [ [ [ -64.306120921415129, -36.6296597566594 ], [ -64.304299171114906, -36.63117008122147 ], [ -64.3055433293341, -36.632169903211071 ], [ -64.307275181824906, -36.63068080788608 ], [ -64.306120921415129, -36.6296597566594 ] ] ] } },
{ "type": "Feature", "properties": { "codigo_indec": "420210716" }, "geometry": { "type": "Polygon", "coordinates": [ [ [ -64.301182060493275, -36.629810169357121 ], [ -64.303193120477815, -36.631393100989143 ], [ -64.301415581250524, -36.63292203015925 ], [ -64.303110839732113, -36.63425267791245 ], [ -64.3055433293341, -36.632169903211071 ], [ -64.30187412307653, -36.629220857194184 ], [ -64.301182060493275, -36.629810169357121 ] ] ] } },
{ "type": "Feature", "properties": { "codigo_indec": "420210714" }, "geometry": { "type": "Polygon", "coordinates": [ [ [ -64.299486850328933, -36.625812465464357 ], [ -64.296702225755098, -36.628151380578778 ], [ -64.300011407009109, -36.630811623418424 ], [ -64.302836431612832, -36.62841464087046 ], [ -64.299486850328933, -36.625812465464357 ] ] ] } },
{ "type": "Feature", "properties": { "codigo_indec": "420210605" }, "geometry": { "type": "Polygon", "coordinates": [ [ [ -64.287430864542756, -36.608254495175835 ], [ -64.283311246955392, -36.608312338268817 ], [ -64.283350518070378, -36.60994375743897 ], [ -64.284691930907897, -36.609931542929488 ], [ -64.284715270955544, -36.611022117928179 ], [ -64.287470658542574, -36.611003191679835 ], [ -64.287430864542756, -36.608254495175835 ] ] ] } },
{ "type": "Feature", "properties": { "codigo_indec": "420210515" }, "geometry": { "type": "Polygon", "coordinates": [ [ [ -64.286020103811808, -36.605341918374627 ], [ -64.286067035506534, -36.608270923539926 ], [ -64.291474880029384, -36.608330579034089 ], [ -64.291383176786752, -36.605648713571036 ], [ -64.286020103811808, -36.605341918374627 ] ] ] } },
{ "type": "Feature", "properties": { "codigo_indec": "420210506" }, "geometry": { "type": "Polygon", "coordinates": [ [ [ -64.279447591422667, -36.597980421320848 ], [ -64.279418847438691, -36.604305198129623 ], [ -64.284567750326801, -36.604311867969713 ], [ -64.284483368221984, -36.600679522254943 ], [ -64.283170642923366, -36.600665118944839 ], [ -64.283106367219816, -36.597262822269215 ], [ -64.279447591422667, -36.597980421320848 ] ] ] } },
{ "type": "Feature", "properties": { "codigo_indec": "420210414" }, "geometry": { "type": "Polygon", "coordinates": [ [ [ -64.271434779772605, -36.612033028623131 ], [ -64.271522687407398, -36.61873339846629 ], [ -64.27410364946239, -36.619406040302962 ], [ -64.274417275252091, -36.619000619143975 ], [ -64.274126151004026, -36.61200447265054 ], [ -64.271434779772605, -36.612033028623131 ] ] ] } },
{ "type": "Feature", "properties": { "codigo_indec": "420210409" }, "geometry": { "type": "Polygon", "coordinates": [ [ [ -64.26101443339607, -36.601506117346688 ], [ -64.253529089883656, -36.599193632171882 ], [ -64.253447494526867, -36.600953932219063 ], [ -64.261381608317478, -36.603444167716681 ], [ -64.2613015221187, -36.60539371060861 ], [ -64.245036159280872, -36.605493107858642 ], [ -64.244952454594539, -36.61461018173685 ], [ -64.267786215760367, -36.614381254554473 ], [ -64.267772691696578, -36.604244563199956 ], [ -64.26101443339607, -36.601506117346688 ] ] ] } },
{ "type": "Feature", "properties": { "codigo_indec": "420210404" }, "geometry": { "type": "Polygon", "coordinates": [ [ [ -64.279223982307599, -36.602261564091506 ], [ -64.273225593045964, -36.602269386665448 ], [ -64.273195979536368, -36.604224178107749 ], [ -64.279418847438691, -36.604305198129623 ], [ -64.279223982307599, -36.602261564091506 ] ] ] } },
{ "type": "Feature", "properties": { "codigo_indec": "420210403" }, "geometry": { "type": "Polygon", "coordinates": [ [ [ -64.269583390909204, -36.600229787735266 ], [ -64.268268748260297, -36.602301060453321 ], [ -64.271333921948013, -36.60228250126584 ], [ -64.271365805670726, -36.604233678839925 ], [ -64.273195979536368, -36.604224178107749 ], [ -64.273196070844065, -36.600210119832667 ], [ -64.269583390909204, -36.600229787735266 ] ] ] } },
{ "type": "Feature", "properties": { "codigo_indec": "420210311" }, "geometry": { "type": "Polygon", "coordinates": [ [ [ -64.28844773095679, -36.592203817213495 ], [ -64.28856794840037, -36.596498936063824 ], [ -64.29769266417361, -36.596710742028542 ], [ -64.297673812064602, -36.59439032621399 ], [ -64.296318899726501, -36.59439348693153 ], [ -64.29631795081373, -36.592149913925113 ], [ -64.28844773095679, -36.592203817213495 ] ] ] } },
{ "type": "Feature", "properties": { "codigo_indec": "420210209" }, "geometry": { "type": "Polygon", "coordinates": [ [ [ -64.006755737119732, -36.520592634693394 ], [ -64.003040709812126, -36.519422249218472 ], [ -64.001557224489417, -36.522631962198062 ], [ -64.002730853360717, -36.52300752033414 ], [ -64.002096575635946, -36.524339374026482 ], [ -64.004615819383631, -36.525133892025387 ], [ -64.0036795254682, -36.527140948979635 ], [ -64.011093245337008, -36.529499320751853 ], [ -64.010151709568362, -36.531497331501733 ], [ -64.015077306665816, -36.533052566721501 ], [ -64.018550517217307, -36.525465396914768 ], [ -64.006280391081759, -36.521607316150863 ], [ -64.006755737119732, -36.520592634693394 ] ] ] } },
{ "type": "Feature", "properties": { "codigo_indec": "420210201" }, "geometry": { "type": "Polygon", "coordinates": [ [ [ -64.013617077252476, -36.518121280851254 ], [ -64.006175987977556, -36.515780638468762 ], [ -64.004258698876185, -36.519807544791433 ], [ -64.006755737119732, -36.520592634693394 ], [ -64.006280391081759, -36.521607316150863 ], [ -64.011233180932038, -36.523163157601395 ], [ -64.013617077252476, -36.518121280851254 ] ] ] } },
{ "type": "Feature", "properties": { "codigo_indec": "420070401" }, "geometry": { "type": "Polygon", "coordinates": [ [ [ -63.665906919981197, -37.132562054759163 ], [ -63.665909897113096, -37.135760157435712 ], [ -63.668641459780609, -37.135755384903661 ], [ -63.668655117593261, -37.136868212894377 ], [ -63.672894431313416, -37.136865977067103 ], [ -63.672706672596362, -37.133538120944081 ], [ -63.668613728175814, -37.133543233095537 ], [ -63.668601407711336, -37.132570063925272 ], [ -63.665906919981197, -37.132562054759163 ] ] ] } },
{ "type": "Feature", "properties": { "codigo_indec": "420770202" }, "geometry": { "type": "Polygon", "coordinates": [ [ [ -63.605078159835251, -37.976589867613576 ], [ -63.599338256611709, -37.970712565846959 ], [ -63.592562278282585, -37.970718127286133 ], [ -63.597636937255601, -37.976041717465833 ], [ -63.59868836684597, -37.975378636601235 ], [ -63.601876971213812, -37.978623334256667 ], [ -63.605078159835251, -37.976589867613576 ] ] ] } },
{ "type": "Feature", "properties": { "codigo_indec": "420700506" }, "geometry": { "type": "Polygon", "coordinates": [ [ [ -63.5531406905164, -37.666004135065734 ], [ -63.557486453646064, -37.665999678576078 ], [ -63.557487669404082, -37.663716247479186 ], [ -63.553147405598331, -37.66372982775858 ], [ -63.5531406905164, -37.666004135065734 ] ] ] } },
{ "type": "Feature", "properties": { "codigo_indec": "420140210" }, "geometry": { "type": "Polygon", "coordinates": [ [ [ -64.095078241458879, -38.966278749452343 ], [ -64.084515295262108, -38.966416526231399 ], [ -64.082955251852894, -38.980094640958654 ], [ -64.084558636335302, -38.979580576889013 ], [ -64.08857888469737, -38.979515923987563 ], [ -64.091636624465778, -38.97876889188403 ], [ -64.093339466992788, -38.977769969442384 ], [ -64.095078241458879, -38.966278749452343 ] ] ] } },
{ "type": "Feature", "properties": { "codigo_indec": "421190211" }, "geometry": { "type": "Polygon", "coordinates": [ [ [ -63.565164448001894, -36.050833421106901 ], [ -63.571160690441879, -36.053198548748739 ], [ -63.573212907108974, -36.049780386419222 ], [ -63.566770439395263, -36.047230613467654 ], [ -63.565393588956645, -36.049518150187097 ], [ -63.565845692084437, -36.049698520649343 ], [ -63.565164448001894, -36.050833421106901 ] ] ] } },
{ "type": "Feature", "properties": { "codigo_indec": "420280305" }, "geometry": { "type": "Polygon", "coordinates": [ [ [ -63.41514816334503, -36.403906103416482 ], [ -63.413228924455183, -36.4068329830137 ], [ -63.415300810909287, -36.408211203659157 ], [ -63.414549218867194, -36.409366091936029 ], [ -63.423845440664373, -36.413386944619965 ], [ -63.424967262113817, -36.411649895823814 ], [ -63.420295079599747, -36.409607551102077 ], [ -63.422055598901061, -36.406924874457054 ], [ -63.41514816334503, -36.403906103416482 ] ] ] } },
{ "type": "Feature", "properties": { "codigo_indec": "420210704" }, "geometry": { "type": "Polygon", "coordinates": [ [ [ -64.293061445805336, -36.618742135324105 ], [ -64.293123074131984, -36.623423836037482 ], [ -64.295853766244733, -36.62340436703925 ], [ -64.295786385642145, -36.618722583501452 ], [ -64.293061445805336, -36.618742135324105 ] ] ] } },
{ "type": "Feature", "properties": { "codigo_indec": "421051001" }, "geometry": { "type": "Polygon", "coordinates": [ [ [ -63.77655435634982, -35.661440114308384 ], [ -63.772891506148255, -35.66451711194658 ], [ -63.77472811996968, -35.665974764260326 ], [ -63.775451684118423, -35.665366405149726 ], [ -63.776391838930778, -35.666104629923531 ], [ -63.777472270986202, -35.665169456847984 ], [ -63.777799122007494, -35.665427790227241 ], [ -63.777785950274293, -35.662417988352011 ], [ -63.77655435634982, -35.661440114308384 ] ] ] } },
{ "type": "Feature", "properties": { "codigo_indec": "421050717" }, "geometry": { "type": "Polygon", "coordinates": [ [ [ -63.739198964678749, -35.662330127553489 ], [ -63.735486230669629, -35.665558201321915 ], [ -63.74301643333537, -35.671448396410788 ], [ -63.746772041831179, -35.668265947752843 ], [ -63.739198964678749, -35.662330127553489 ] ] ] } },
{ "type": "Feature", "properties": { "codigo_indec": "420980112" }, "geometry": { "type": "Polygon", "coordinates": [ [ [ -65.288828828951438, -36.192033027387176 ], [ -65.28887167261756, -36.19098340290406 ], [ -65.291538036832904, -36.191188462588798 ], [ -65.291597526150852, -36.185200444547675 ], [ -65.287364895784265, -36.185193345514051 ], [ -65.287367297526202, -36.18799604315155 ], [ -65.280176547271978, -36.187470884926448 ], [ -65.280155485227539, -36.189164983559493 ], [ -65.286338034529905, -36.189630065994379 ], [ -65.286298464690944, -36.191846741909217 ], [ -65.288828828951438, -36.192033027387176 ] ] ] } },
{ "type": "Feature", "properties": { "codigo_indec": "420980103" }, "geometry": { "type": "Polygon", "coordinates": [ [ [ -65.431423833025093, -36.198346634164729 ], [ -65.428091158808797, -36.200236773388504 ], [ -65.429747801017498, -36.202164212165862 ], [ -65.428667633274017, -36.202767363768231 ], [ -65.430974732400159, -36.205477417103893 ], [ -65.435404474273426, -36.202970559175903 ], [ -65.431423833025093, -36.198346634164729 ] ] ] } },
{ "type": "Feature", "properties": { "codigo_indec": "420980101" }, "geometry": { "type": "Polygon", "coordinates": [ [ [ -65.447264928571855, -36.197591740495056 ], [ -65.442481342530556, -36.192076793084439 ], [ -65.434739605818109, -36.19646533297081 ], [ -65.437959408140344, -36.200211424572878 ], [ -65.442318823310529, -36.197749035680943 ], [ -65.443848986063372, -36.199522489473104 ], [ -65.447264928571855, -36.197591740495056 ] ] ] } },
{ "type": "Feature", "properties": { "codigo_indec": "421260206" }, "geometry": { "type": "Polygon", "coordinates": [ [ [ -64.641499488655924, -35.178692301099275 ], [ -64.481862699165021, -35.177071192197062 ], [ -64.483503168553355, -35.26726118715635 ], [ -64.643012080398023, -35.265410956052349 ], [ -64.641499488655924, -35.178692301099275 ] ] ] } },
{ "type": "Feature", "properties": { "codigo_indec": "420070410" }, "geometry": { "type": "Polygon", "coordinates": [ [ [ -63.836203870048934, -37.077624070311394 ], [ -63.725575894033362, -37.079296386266627 ], [ -63.728434953756107, -37.170627298948595 ], [ -63.839522666371565, -37.170340934811605 ], [ -63.836203870048934, -37.077624070311394 ] ] ] } },
{ "type": "Feature", "properties": { "codigo_indec": "420070103" }, "geometry": { "type": "Polygon", "coordinates": [ [ [ -64.169992048521678, -36.803470397531115 ], [ -64.057580385696923, -36.80377721954676 ], [ -64.058463266719897, -36.89748232681486 ], [ -64.170161396632494, -36.896877085532829 ], [ -64.169992048521678, -36.803470397531115 ] ] ] } },
{ "type": "Feature", "properties": { "codigo_indec": "421540401" }, "geometry": { "type": "Polygon", "coordinates": [ [ [ -64.625535776227338, -37.252980601399067 ], [ -64.628761917423603, -37.432007503656017 ], [ -65.080840624595794, -37.430054033447348 ], [ -65.078034668243006, -37.1591807093764 ], [ -64.844917249077682, -37.161228305571854 ], [ -64.846795805726856, -37.252184672901052 ], [ -64.625535776227338, -37.252980601399067 ] ] ] } },
{ "type": "Feature", "properties": { "codigo_indec": "421470106" }, "geometry": { "type": "Polygon", "coordinates": [ [ [ -64.377597764511563, -35.6302096723741 ], [ -64.380411730278539, -35.768296725813265 ], [ -64.49331045813301, -35.766817539445078 ], [ -64.491301014718857, -35.718629187475067 ], [ -64.48910381003617, -35.628451900118904 ], [ -64.377597764511563, -35.6302096723741 ] ] ] } },
{ "type": "Feature", "properties": { "codigo_indec": "421470105" }, "geometry": { "type": "Polygon", "coordinates": [ [ [ -64.268016489529103, -35.539585739901455 ], [ -64.268970457377634, -35.62937773361854 ], [ -64.377597764511563, -35.6302096723741 ], [ -64.374499153578697, -35.538099024934553 ], [ -64.268016489529103, -35.539585739901455 ] ] ] } },
{ "type": "Feature", "properties": { "codigo_indec": "421470103" }, "geometry": { "type": "Polygon", "coordinates": [ [ [ -64.43193108948347, -35.490798859822419 ], [ -64.433564320754101, -35.582669683323068 ], [ -64.488551118375256, -35.582002077165761 ], [ -64.488021164353484, -35.536818397770858 ], [ -64.486670254490079, -35.490294831992138 ], [ -64.43193108948347, -35.490798859822419 ] ] ] } },
{ "type": "Feature", "properties": { "codigo_indec": "421400303" }, "geometry": { "type": "Polygon", "coordinates": [ [ [ -64.394304987232559, -36.801025985047929 ], [ -64.169992048521678, -36.803470397531115 ], [ -64.170318018107864, -36.984182785590683 ], [ -64.39570097660669, -36.984645928433146 ], [ -64.508234013203918, -36.985343336373887 ], [ -64.959742726184814, -36.977900530460509 ], [ -64.957956296529915, -36.887680666253253 ], [ -64.839374656107935, -36.889500917236809 ], [ -64.837528354630095, -36.798111531224066 ], [ -64.504288702431793, -36.801135819795483 ], [ -64.394304987232559, -36.801025985047929 ] ], [ [ -64.396739299153737, -36.92751464241767 ], [ -64.396660461693273, -36.930608493062323 ], [ -64.395272001743379, -36.930589738217776 ], [ -64.395186944134664, -36.929561455756307 ], [ -64.3940153341551, -36.92950507201661 ], [ -64.393876150684648, -36.928516601358268 ], [ -64.392757850971478, -36.928460926380112 ], [ -64.392726120647637, -36.927433363927427 ], [ -64.396739299153737, -36.92751464241767 ] ] ] } },
{ "type": "Feature", "properties": { "codigo_indec": "421330705" }, "geometry": { "type": "Polygon", "coordinates": [ [ [ -63.931529820786011, -35.222652625576586 ], [ -63.933381967451176, -35.316002484819862 ], [ -63.989263866694614, -35.315561755623484 ], [ -63.989813072449806, -35.360637300792327 ], [ -64.044587716788769, -35.360531518439515 ], [ -64.042675106704621, -35.270379983627272 ], [ -64.042877953436474, -35.222301356085389 ], [ -63.931529820786011, -35.222652625576586 ] ], [ [ -64.013015112397781, -35.315206565467591 ], [ -64.000514702762089, -35.308385967075253 ], [ -64.006614948646117, -35.300592592041724 ], [ -64.01309088870731, -35.30390731499444 ], [ -64.013015112397781, -35.315206565467591 ] ] ] } },
{ "type": "Feature", "properties": { "codigo_indec": "421330605" }, "geometry": { "type": "Polygon", "coordinates": [ [ [ -64.263908201064197, -35.359966570554299 ], [ -64.202878160196576, -35.360060998821197 ], [ -64.202958300034823, -35.451017888207737 ], [ -64.267063796971243, -35.44989169880499 ], [ -64.263908201064197, -35.359966570554299 ] ] ] } },
{ "type": "Feature", "properties": { "codigo_indec": "421330603" }, "geometry": { "type": "Polygon", "coordinates": [ [ [ -64.201291656371481, -35.221582877232336 ], [ -64.201841053724635, -35.269944786361876 ], [ -64.263564527025949, -35.270612353628408 ], [ -64.263908201064197, -35.359966570554299 ], [ -64.373657382706455, -35.359330806542452 ], [ -64.372481978418406, -35.221027539675333 ], [ -64.201291656371481, -35.221582877232336 ] ] ] } },
{ "type": "Feature", "properties": { "codigo_indec": "421260109" }, "geometry": { "type": "Polygon", "coordinates": [ [ [ -64.588913944242805, -35.087905354875126 ], [ -64.590354636852496, -35.178188887005092 ], [ -64.700768029242241, -35.17922999035364 ], [ -64.699295512233505, -35.089315572988873 ], [ -64.588913944242805, -35.087905354875126 ] ] ] } },
{ "type": "Feature", "properties": { "codigo_indec": "421260107" }, "geometry": { "type": "Polygon", "coordinates": [ [ [ -64.699295512233505, -35.089315572988873 ], [ -64.810801142308364, -35.090906704898984 ], [ -64.808461829936505, -35.012496904737489 ], [ -64.698037988767524, -35.011930316030117 ], [ -64.699295512233505, -35.089315572988873 ] ] ] } },
{ "type": "Feature", "properties": { "codigo_indec": "421260104" }, "geometry": { "type": "Polygon", "coordinates": [ [ [ -64.952805061488988, -35.047551400235946 ], [ -64.944315795734894, -35.047820323997172 ], [ -64.944239501867827, -35.049703426500997 ], [ -64.947728332311371, -35.049648114541696 ], [ -64.947842770676928, -35.052902885600737 ], [ -64.95226710860463, -35.05298624708005 ], [ -64.952314704519026, -35.049259682903951 ], [ -64.952782629028249, -35.04930878948494 ], [ -64.952805061488988, -35.047551400235946 ] ] ] } },
{ "type": "Feature", "properties": { "codigo_indec": "421190304" }, "geometry": { "type": "Polygon", "coordinates": [ [ [ -63.884112217496465, -36.081249451270757 ], [ -63.88466581129358, -36.130563512522038 ], [ -63.937040211925705, -36.130166371015441 ], [ -63.936711163389674, -36.08098656171142 ], [ -63.884112217496465, -36.081249451270757 ] ], [ [ -63.909011179016304, -36.113547201936754 ], [ -63.908975043918119, -36.116898408905946 ], [ -63.906293335687657, -36.116892098228789 ], [ -63.906244777866441, -36.118720341915164 ], [ -63.897715191356589, -36.118746600442776 ], [ -63.897886686377127, -36.114397638333124 ], [ -63.902655631193412, -36.114521802984513 ], [ -63.902872031614372, -36.112439706415799 ], [ -63.904212268873707, -36.11246316886362 ], [ -63.904187970327868, -36.113377290242717 ], [ -63.909011179016304, -36.113547201936754 ] ] ] } },
{ "type": "Feature", "properties": { "codigo_indec": "421190207" }, "geometry": { "type": "Polygon", "coordinates": [ [ [ -63.723717737622991, -36.081899547950215 ], [ -63.7231885326214, -35.992505056028115 ], [ -63.604954548525846, -35.992481167793677 ], [ -63.605352416866694, -36.08224513165392 ], [ -63.723717737622991, -36.081899547950215 ] ] ] } },
{ "type": "Feature", "properties": { "codigo_indec": "421190104" }, "geometry": { "type": "Polygon", "coordinates": [ [ [ -63.783348704866661, -35.992474479134309 ], [ -63.784231712453398, -36.081678168629239 ], [ -63.936711163389674, -36.08098656171142 ], [ -63.936131587912989, -35.992250502832967 ], [ -63.783348704866661, -35.992474479134309 ] ], [ [ -63.901193346714074, -36.080482201559676 ], [ -63.901197115781791, -36.078148586918253 ], [ -63.884700046869611, -36.078160282223472 ], [ -63.884741783879406, -36.064690574353413 ], [ -63.903911638955449, -36.064743637014864 ], [ -63.903871276419004, -36.080479530935051 ], [ -63.901193346714074, -36.080482201559676 ] ] ] } },
{ "type": "Feature", "properties": { "codigo_indec": "421120311" }, "geometry": { "type": "Polygon", "coordinates": [ [ [ -67.681425260456123, -37.70162141335534 ], [ -67.763977348729128, -37.700243839129818 ], [ -67.764349560576619, -37.698607699650893 ], [ -67.763894395306451, -37.697461401368152 ], [ -67.762320901861486, -37.696007512516459 ], [ -67.762015948834858, -37.69485896035723 ], [ -67.763407592967667, -37.689595099790871 ], [ -67.765226062995922, -37.687640027146223 ], [ -67.764604639480424, -37.685933175461521 ], [ -67.763662284602461, -37.685032894542871 ], [ -67.763758502294181, -37.683950412315731 ], [ -67.774451388562156, -37.671848946643991 ], [ -67.776864105534855, -37.66811003910469 ], [ -67.77763862663241, -37.665778625579698 ], [ -67.779108928482927, -37.663400676196758 ], [ -67.780199613887319, -37.658654646593163 ], [ -67.782174820561522, -37.65441774613754 ], [ -67.784196374046431, -37.651653035258732 ], [ -67.790715013118884, -37.647793099032654 ], [ -67.792659125031307, -37.6470113367495 ], [ -67.794351767459318, -37.646963074062448 ], [ -67.802231380391817, -37.64414031584063 ], [ -67.813322728360731, -37.639245248684723 ], [ -67.818814604743878, -37.63600764528433 ], [ -67.823707786919414, -37.63181511830836 ], [ -67.83100143216096, -37.627265345163543 ], [ -67.83303659920206, -37.625733790183446 ], [ -67.834878050725138, -37.623236780515391 ], [ -67.842462559149311, -37.618258375679389 ], [ -67.851175300735264, -37.617031921332106 ], [ -67.853998788068935, -37.615920052331234 ], [ -67.682355524701691, -37.615042342130977 ], [ -67.681425260456123, -37.70162141335534 ] ] ] } },
{ "type": "Feature", "properties": { "codigo_indec": "420910103" }, "geometry": { "type": "Polygon", "coordinates": [ [ [ -66.227476232524197, -37.056736840620864 ], [ -66.220070428276856, -37.329494493988115 ], [ -66.550093723681954, -37.334709529352608 ], [ -66.544837876962873, -37.69019834102577 ], [ -67.110158883763106, -37.702605722909965 ], [ -67.120346437426079, -37.070703218901286 ], [ -66.227476232524197, -37.056736840620864 ] ], [ [ -66.674354622003563, -37.155631390966377 ], [ -66.67653792389909, -37.15651097863892 ], [ -66.676218939493609, -37.15735076763319 ], [ -66.67650890076203, -37.159254814786735 ], [ -66.675548885754637, -37.16143630488876 ], [ -66.675057139422478, -37.161209341689627 ], [ -66.674523731962893, -37.162311648656349 ], [ -66.673654076421911, -37.162316595482004 ], [ -66.671446924090077, -37.1603468316099 ], [ -66.672344811164848, -37.158129684734647 ], [ -66.674354622003563, -37.155631390966377 ] ] ] } },
{ "type": "Feature", "properties": { "codigo_indec": "420350304" }, "geometry": { "type": "Polygon", "coordinates": [ [ [ -64.380768213179124, -35.900346233128076 ], [ -64.384341626276807, -35.989664786607044 ], [ -64.385959539030353, -36.081988018372371 ], [ -64.495988740488912, -36.079806152482341 ], [ -64.495853824440246, -35.989182106785343 ], [ -64.494685665214874, -35.899422459702777 ], [ -64.380768213179124, -35.900346233128076 ] ] ] } },
{ "type": "Feature", "properties": { "codigo_indec": "420350106" }, "geometry": { "type": "Polygon", "coordinates": [ [ [ -64.987534799835558, -35.893221011411796 ], [ -64.996246092895433, -36.159698469316503 ], [ -64.940012855489769, -36.161106290508165 ], [ -64.822937911936009, -36.162044666808889 ], [ -64.826730340994487, -36.254399668895147 ], [ -65.062543083759039, -36.250586798515322 ], [ -65.053797394191832, -35.978713442734616 ], [ -65.136736777385153, -35.977775284483968 ], [ -65.133314936392495, -35.890598975741931 ], [ -65.05234217063915, -35.891447304121144 ], [ -64.987534799835558, -35.893221011411796 ] ] ] } },
{ "type": "Feature", "properties": { "codigo_indec": "420210202" }, "geometry": { "type": "Polygon", "coordinates": [ [ [ -64.052589603143474, -36.26414511719517 ], [ -63.937963903724111, -36.265164980384306 ], [ -63.938723159635735, -36.357644340716746 ], [ -64.053428125798504, -36.356208026366211 ], [ -64.166641828132214, -36.354156437462358 ], [ -64.165975658894638, -36.261631088592431 ], [ -64.052589603143474, -36.26414511719517 ] ] ] } },
{ "type": "Feature", "properties": { "codigo_indec": "420140206" }, "geometry": { "type": "Polygon", "coordinates": [ [ [ -63.871214826485023, -38.960008247970528 ], [ -63.869782369771642, -38.964696999511276 ], [ -63.868037192432396, -38.966245756213979 ], [ -63.861686128801416, -38.966633871639743 ], [ -63.860893146473707, -38.968641286951602 ], [ -63.854030692725871, -38.966948115770514 ], [ -63.854755089519657, -39.052112578255517 ], [ -63.742977256641559, -39.053397376483446 ], [ -63.743604829123093, -39.142165209091729 ], [ -63.770285326322885, -39.141994454804355 ], [ -63.771054691509555, -39.138136538695889 ], [ -63.770871792464163, -39.134219870667764 ], [ -63.769874360059106, -39.132205921115478 ], [ -63.766714833532454, -39.129911875949063 ], [ -63.765399351256342, -39.128179988293923 ], [ -63.762993073005632, -39.122554504443251 ], [ -63.763859292465497, -39.118288706162744 ], [ -63.77200743708778, -39.117269491246212 ], [ -63.780440478236549, -39.117295344283797 ], [ -63.785137562808956, -39.117929597978495 ], [ -63.787005634190912, -39.11743823058481 ], [ -63.788434166388576, -39.116028866052851 ], [ -63.789741622871233, -39.113590480391522 ], [ -63.792206396824817, -39.106941095761279 ], [ -63.795554827344603, -39.103447034085676 ], [ -63.798662791331203, -39.098755004056464 ], [ -63.800703395652356, -39.098271171618215 ], [ -63.810452507122832, -39.097621673911362 ], [ -63.810395145174773, -39.098728363821465 ], [ -63.809377310373009, -39.100244798818267 ], [ -63.804573449023017, -39.105130337672506 ], [ -63.803880732486171, -39.106778932983957 ], [ -63.803537878510781, -39.109258187639099 ], [ -63.803830250528478, -39.110452519027206 ], [ -63.805700184921022, -39.111194734904089 ], [ -63.811126945203256, -39.111125681927575 ], [ -63.818867452234954, -39.112031852599081 ], [ -63.82488694962408, -39.114211302348664 ], [ -63.826903886989392, -39.115541329724834 ], [ -63.836611364954372, -39.119536110726038 ], [ -63.838975888384283, -39.121516331041128 ], [ -63.841129387639896, -39.119336210755392 ], [ -63.841620952157875, -39.117435991756977 ], [ -63.838837493099362, -39.113277547965779 ], [ -63.839730271516167, -39.110542690504658 ], [ -63.844006670184228, -39.106019687253578 ], [ -63.847550107973504, -39.100875058822105 ], [ -63.850117532450227, -39.098355659325897 ], [ -63.854486113759144, -39.09655835549583 ], [ -63.857724768998921, -39.096572902843285 ], [ -63.864574166706625, -39.095379184375396 ], [ -63.870986849077688, -39.093231419609168 ], [ -63.876085545656075, -39.090568513676835 ], [ -63.878012664373848, -39.090279389093944 ], [ -63.881220515242518, -39.090252190660465 ], [ -63.882747146054534, -39.091180568188065 ], [ -63.883563019985168, -39.092303166720534 ], [ -63.889790151008327, -39.09528460407995 ], [ -63.894459662070922, -39.094792653648483 ], [ -63.897542994966862, -39.093614447683585 ], [ -63.901447515684175, -39.091145026016434 ], [ -63.909397940639479, -39.087847475990245 ], [ -63.91713901713247, -39.083293745367385 ], [ -63.919197736824508, -39.079399225494754 ], [ -63.92242267147806, -39.076705296409479 ], [ -63.929213539465238, -39.074250304611944 ], [ -63.929545315209289, -39.070509527702868 ], [ -63.932544561642473, -39.062556044837272 ], [ -63.935324320548325, -39.058246193423471 ], [ -63.939879366772864, -39.052954428382087 ], [ -63.94305309284735, -39.051258711467348 ], [ -63.947350311017978, -39.046957305565371 ], [ -63.950057139909894, -39.045915147247968 ], [ -63.953941037647532, -39.041502645293008 ], [ -63.955772338600788, -39.040273859313949 ], [ -63.964543546121774, -39.039373554438747 ], [ -63.968410845961799, -39.038418765393168 ], [ -63.967254098319138, -38.958947204421825 ], [ -63.871214826485023, -38.960008247970528 ] ] ] } },
{ "type": "Feature", "properties": { "codigo_indec": "420140203" }, "geometry": { "type": "Polygon", "coordinates": [ [ [ -64.534369100773475, -38.785389400972733 ], [ -64.531912599025986, -38.424568580436855 ], [ -64.417004609738115, -38.426013499112599 ], [ -64.418433380647684, -38.51855625540562 ], [ -64.30265864407977, -38.519628262971565 ], [ -64.30149188739297, -38.427354856436914 ], [ -63.959696338046903, -38.430651347212503 ], [ -63.962228511689212, -38.609141647552605 ], [ -63.617586270633609, -38.610676980465279 ], [ -63.386422566201006, -38.61112958745175 ], [ -63.385518542538968, -39.143900443704467 ], [ -63.505509323382611, -39.14344301624098 ], [ -63.505512173274951, -39.055762265263049 ], [ -63.854755089519657, -39.052112578255517 ], [ -63.854030692725871, -38.966948115770514 ], [ -63.850014061432113, -38.96595999776553 ], [ -63.855198736788928, -38.953946228535749 ], [ -63.871750084650841, -38.957541226143015 ], [ -63.872353993461381, -38.955669882154815 ], [ -63.875891695675762, -38.956463876196331 ], [ -63.875399952789792, -38.958251720155253 ], [ -63.873114033930165, -38.957737224774803 ], [ -63.871665823530925, -38.958525901008734 ], [ -63.871214826485023, -38.960008247970528 ], [ -64.079197976401943, -38.957615076845855 ], [ -64.078278405372657, -38.871706534592185 ], [ -64.196431409417301, -38.870434693036508 ], [ -64.194703954361316, -38.788137590218241 ], [ -64.534369100773475, -38.785389400972733 ] ] ] } },
{ "type": "Feature", "properties": { "codigo_indec": "420140101" }, "geometry": { "type": "Polygon", "coordinates": [ [ [ -64.527737702669128, -38.237143360763845 ], [ -64.414082648557823, -38.238567470554614 ], [ -64.298149652065447, -38.240816723816366 ], [ -64.070805827126279, -38.243108890138807 ], [ -64.073640378277801, -38.429662163604114 ], [ -64.30149188739297, -38.427354856436914 ], [ -64.30265864407977, -38.519628262971565 ], [ -64.418433380647684, -38.51855625540562 ], [ -64.417004609738115, -38.426013499112599 ], [ -64.531912599025986, -38.424568580436855 ], [ -64.527737702669128, -38.237143360763845 ] ] ] } },
{ "type": "Feature", "properties": { "codigo_indec": "420070506" }, "geometry": { "type": "Polygon", "coordinates": [ [ [ -63.556197115853855, -37.170585717746953 ], [ -63.499871636444439, -37.170558575483753 ], [ -63.500116362829495, -37.257812425943719 ], [ -63.555637922912545, -37.257702236988862 ], [ -63.556197115853855, -37.170585717746953 ] ] ] } },
{ "type": "Feature", "properties": { "codigo_indec": "420070502" }, "geometry": { "type": "Polygon", "coordinates": [ [ [ -63.557358238838987, -36.988751622866346 ], [ -63.499372305912473, -36.989016469711252 ], [ -63.499621313268946, -37.080407391528979 ], [ -63.556775317178271, -37.080297544784223 ], [ -63.557358238838987, -36.988751622866346 ] ] ] } },
{ "type": "Feature", "properties": { "codigo_indec": "420070411" }, "geometry": { "type": "Polygon", "coordinates": [ [ [ -63.839522666371565, -37.170340934811605 ], [ -63.610373835856819, -37.17059223552198 ], [ -63.610791763357177, -37.257563029608939 ], [ -63.84018166853523, -37.256724483524117 ], [ -63.839522666371565, -37.170340934811605 ] ] ] } },
{ "type": "Feature", "properties": { "codigo_indec": "420840202" }, "geometry": { "type": "Polygon", "coordinates": [ [ [ -65.326335089568815, -38.31682099860577 ], [ -65.102475863802411, -38.321596051053405 ], [ -65.114062979608434, -38.778418161199035 ], [ -65.337748808258965, -38.774958995008532 ], [ -65.688687549466593, -38.768669278480601 ], [ -65.674549202981439, -38.308543071882539 ], [ -65.326335089568815, -38.31682099860577 ] ] ] } },
{ "type": "Feature", "properties": { "codigo_indec": "420770404" }, "geometry": { "type": "Polygon", "coordinates": [ [ [ -63.502188819197805, -37.979497347354155 ], [ -63.38537495555935, -37.979226925716368 ], [ -63.385927614156273, -38.069358523575694 ], [ -63.432337470399126, -38.069535578875048 ], [ -63.432360648936957, -38.065208220117185 ], [ -63.437769587442638, -38.065200232360674 ], [ -63.43776934014263, -38.069532600335158 ], [ -63.435584133653542, -38.069547961159742 ], [ -63.502458862787321, -38.069763984233923 ], [ -63.502188819197805, -37.979497347354155 ] ] ] } },
{ "type": "Feature", "properties": { "codigo_indec": "420700302" }, "geometry": { "type": "Polygon", "coordinates": [ [ [ -64.062770285789682, -37.346459898176953 ], [ -64.064535965479251, -37.527043256870009 ], [ -63.947205348233048, -37.527313514325591 ], [ -63.949702617963695, -37.710952513885857 ], [ -64.185349325846289, -37.711226373953664 ], [ -64.181177671167831, -37.526663662495935 ], [ -64.17845348396375, -37.441050686177249 ], [ -64.177134544660106, -37.345953693620544 ], [ -64.062770285789682, -37.346459898176953 ] ], [ [ -64.137050985862061, -37.666853438420276 ], [ -64.135685876959343, -37.665588677226069 ], [ -64.130279326235168, -37.664949042361599 ], [ -64.129290752294693, -37.663023543129121 ], [ -64.138134774216269, -37.653979252016683 ], [ -64.144797244318639, -37.658759724783664 ], [ -64.149750744108118, -37.655270139786666 ], [ -64.151329489777808, -37.656718262311024 ], [ -64.137050985862061, -37.666853438420276 ] ] ] } },
{ "type": "Feature", "properties": { "codigo_indec": "420630104" }, "geometry": { "type": "Polygon", "coordinates": [ [ [ -67.119778483997109, -36.166825059105278 ], [ -67.24339662195527, -36.168281404195447 ], [ -67.245040991486306, -36.004227059242211 ], [ -67.124011737921961, -36.004548241650475 ], [ -67.119778483997109, -36.166825059105278 ] ] ] } },
{ "type": "Feature", "properties": { "codigo_indec": "420560508" }, "geometry": { "type": "Polygon", "coordinates": [ [ [ -63.716807316266625, -35.271073800474667 ], [ -63.605196285075586, -35.270847734866642 ], [ -63.604945678513594, -35.360310327209604 ], [ -63.60394536037289, -35.398968705800002 ], [ -63.719432952671532, -35.398335477757158 ], [ -63.718990697786111, -35.36148607753239 ], [ -63.716807316266625, -35.271073800474667 ] ] ] } },
{ "type": "Feature", "properties": { "codigo_indec": "420630107" }, "geometry": { "type": "Polygon", "coordinates": [ [ [ -67.241706649789336, -36.339775216716248 ], [ -67.240826990758634, -36.43043627189261 ], [ -67.113761385999965, -36.429977254649557 ], [ -67.113059705486478, -36.802494882963231 ], [ -67.124724591910578, -36.805020738695383 ], [ -68.246974866631348, -36.805082268618953 ], [ -68.240069163568862, -36.338743331532122 ], [ -67.241706649789336, -36.339775216716248 ] ], [ [ -68.009939166099841, -36.354644942932318 ], [ -68.010021558885612, -36.347345338912412 ], [ -68.016374158382447, -36.347499569301483 ], [ -68.016579629346523, -36.354492469968648 ], [ -68.009939166099841, -36.354644942932318 ] ] ] } },
{ "type": "Feature", "properties": { "codigo_indec": "420560505" }, "geometry": { "type": "Polygon", "coordinates": [ [ [ -63.602312125054581, -35.131131150105482 ], [ -63.605196285075586, -35.270847734866642 ], [ -63.716807316266625, -35.271073800474667 ], [ -63.715573368066387, -35.130513173984923 ], [ -63.602312125054581, -35.131131150105482 ] ] ] } },
{ "type": "Feature", "properties": { "codigo_indec": "421190210" }, "geometry": { "type": "Polygon", "coordinates": [ [ [ -63.723717737622991, -36.081899547950215 ], [ -63.496979978809627, -36.082457542888683 ], [ -63.497096000974892, -36.128381544704347 ], [ -63.723992764335932, -36.12891889395172 ], [ -63.723717737622991, -36.081899547950215 ] ] ] } },
{ "type": "Feature", "properties": { "codigo_indec": "421050204" }, "geometry": { "type": "Polygon", "coordinates": [ [ [ -63.72058395646819, -35.542155824878286 ], [ -63.721100194013601, -35.632393615377708 ], [ -63.828276228969656, -35.631819883288976 ], [ -63.827949303320807, -35.584944187193997 ], [ -63.767481359845199, -35.585343624603382 ], [ -63.768053519935705, -35.54196740217342 ], [ -63.72058395646819, -35.542155824878286 ] ] ] } },
{ "type": "Feature", "properties": { "codigo_indec": "421050202" }, "geometry": { "type": "Polygon", "coordinates": [ [ [ -63.602604705646215, -35.450978258858939 ], [ -63.603776439857384, -35.722782057642938 ], [ -63.72162178888933, -35.722770047764541 ], [ -63.720060816311268, -35.450930100167575 ], [ -63.602604705646215, -35.450978258858939 ] ] ] } },
{ "type": "Feature", "properties": { "codigo_indec": "421260405" }, "geometry": { "type": "Polygon", "coordinates": [ [ [ -65.045039994782471, -35.442471113888509 ], [ -64.927088521785819, -35.440890154633024 ], [ -64.929290188903735, -35.532959793646725 ], [ -64.870514251417035, -35.533036466378036 ], [ -64.876219526135245, -35.715080462208142 ], [ -65.052619670591099, -35.711587634561063 ], [ -65.045039994782471, -35.442471113888509 ] ], [ [ -64.944648706443431, -35.670593452489776 ], [ -64.944684478277352, -35.675217094424731 ], [ -64.943364608217237, -35.675214530057453 ], [ -64.943369911444066, -35.677535251518691 ], [ -64.932597580416228, -35.677548371093955 ], [ -64.932485973679363, -35.670585362080608 ], [ -64.928590043723347, -35.670582299011741 ], [ -64.928614734496577, -35.665842034363941 ], [ -64.932560005906154, -35.665854544468843 ], [ -64.932580133974923, -35.66931996469939 ], [ -64.945828824526771, -35.66945922360901 ], [ -64.945832390753111, -35.670657896216802 ], [ -64.944648706443431, -35.670593452489776 ] ] ] } },
{ "type": "Feature", "properties": { "codigo_indec": "420280202" }, "geometry": { "type": "Polygon", "coordinates": [ [ [ -63.725352084440416, -36.356762440493725 ], [ -63.547502468894344, -36.355738121989184 ], [ -63.550810646009381, -36.675459180282829 ], [ -63.727276896955345, -36.673964060796841 ], [ -63.726991777373875, -36.627096743740303 ], [ -63.663798684892392, -36.626486420199306 ], [ -63.664284103382279, -36.447593205111694 ], [ -63.725896221382314, -36.447233841069639 ], [ -63.725352084440416, -36.356762440493725 ] ], [ [ -63.630169288080282, -36.464979722191757 ], [ -63.626594838827309, -36.472737772834328 ], [ -63.621559010837402, -36.471164433949014 ], [ -63.620304195810462, -36.473896259003141 ], [ -63.615260489169259, -36.472308983702568 ], [ -63.620088488358512, -36.461801432627702 ], [ -63.630169288080282, -36.464979722191757 ] ] ] } },
{ "type": "Feature", "properties": { "codigo_indec": "421050410" }, "geometry": { "type": "Polygon", "coordinates": [ [ [ -63.75960314904345, -35.652457564024466 ], [ -63.756888177418034, -35.654794819543881 ], [ -63.759815129856307, -35.657120005280156 ], [ -63.762540885437467, -35.654791895378871 ], [ -63.75960314904345, -35.652457564024466 ] ] ] } },
{ "type": "Feature", "properties": { "codigo_indec": "420210909" }, "geometry": { "type": "Polygon", "coordinates": [ [ [ -64.27436237034577, -36.627604571800028 ], [ -64.274364751045468, -36.629753538973354 ], [ -64.276981105815153, -36.629732849150507 ], [ -64.27698049053609, -36.630764508305781 ], [ -64.280061068853996, -36.630732445303501 ], [ -64.279995447601408, -36.627523864000011 ], [ -64.27436237034577, -36.627604571800028 ] ] ] } },
{ "type": "Feature", "properties": { "codigo_indec": "421540503" }, "geometry": { "type": "Polygon", "coordinates": [ [ [ -64.607076664070334, -37.367137705040491 ], [ -64.600432932588603, -37.366415079671206 ], [ -64.599855049004063, -37.373061788199671 ], [ -64.602950977473299, -37.372913709831678 ], [ -64.60402334405461, -37.37230922052369 ], [ -64.604032108711067, -37.371836322817131 ], [ -64.605496261123804, -37.371867112654201 ], [ -64.605533452284661, -37.370772891055488 ], [ -64.606540001252611, -37.369604505118097 ], [ -64.607076664070334, -37.367137705040491 ] ] ] } },
{ "type": "Feature", "properties": { "codigo_indec": "421400214" }, "geometry": { "type": "MultiPolygon", "coordinates": [ [ [ [ -64.36390633150944, -36.746451774150067 ], [ -64.363673608775699, -36.748579474922593 ], [ -64.362745248238028, -36.748535166713751 ], [ -64.362720745832434, -36.74968812878403 ], [ -64.363593177729172, -36.749862315216163 ], [ -64.36358184166842, -36.751713744986255 ], [ -64.366128348086406, -36.752014545973857 ], [ -64.366089951511157, -36.752505071825503 ], [ -64.369465374218677, -36.752659506004342 ], [ -64.369576841825804, -36.751228419036082 ], [ -64.372101657945308, -36.751231459629324 ], [ -64.372213834870522, -36.74976433837147 ], [ -64.371177936220462, -36.749642037984778 ], [ -64.37140275141013, -36.746554629845036 ], [ -64.36390633150944, -36.746451774150067 ] ] ], [ [ [ -64.355047929180074, -36.666246961363704 ], [ -64.352863910698076, -36.668095406087566 ], [ -64.36920352509722, -36.681137423396827 ], [ -64.371356031400396, -36.679324292133877 ], [ -64.355047929180074, -36.666246961363704 ] ] ] ] } },
{ "type": "Feature", "properties": { "codigo_indec": "421400212" }, "geometry": { "type": "Polygon", "coordinates": [ [ [ -64.367202333822831, -36.673009772530484 ], [ -64.357172185821156, -36.664442701628637 ], [ -64.355047929180074, -36.666246961363704 ], [ -64.371377596185184, -36.679229979418515 ], [ -64.374391129301486, -36.676761807263013 ], [ -64.368420421586734, -36.672003806200351 ], [ -64.367202333822831, -36.673009772530484 ] ] ] } },
{ "type": "Feature", "properties": { "codigo_indec": "421470216" }, "geometry": { "type": "Polygon", "coordinates": [ [ [ -64.126668995605826, -35.697901313356951 ], [ -64.124060484059441, -35.698432889068791 ], [ -64.126205167305926, -35.702733126305986 ], [ -64.128685156417546, -35.701915653463587 ], [ -64.128181097966603, -35.700912071269933 ], [ -64.134373468553676, -35.698886091005406 ], [ -64.133362492984674, -35.696878925466834 ], [ -64.132146281891877, -35.697279076368545 ], [ -64.131656009493696, -35.696275721836024 ], [ -64.126668995605826, -35.697901313356951 ] ] ] } },
{ "type": "Feature", "properties": { "codigo_indec": "421400210" }, "geometry": { "type": "Polygon", "coordinates": [ [ [ -64.368420421586734, -36.672003806200351 ], [ -64.375251973003117, -36.677449328316023 ], [ -64.380191052525731, -36.673295315480146 ], [ -64.378012791760554, -36.671558212838427 ], [ -64.376054262669228, -36.673207426744789 ], [ -64.373166619477828, -36.670901921779098 ], [ -64.372227314951843, -36.67168649275299 ], [ -64.370310575291285, -36.670155557302706 ], [ -64.368420421586734, -36.672003806200351 ] ] ] } },
{ "type": "Feature", "properties": { "codigo_indec": "421400207" }, "geometry": { "type": "Polygon", "coordinates": [ [ [ -64.374391129301486, -36.676761807263013 ], [ -64.373176025013734, -36.677758864521259 ], [ -64.379120168864318, -36.682484733223149 ], [ -64.379419126491044, -36.682232010674397 ], [ -64.383117738705081, -36.684570909525128 ], [ -64.387191154235552, -36.684509031212912 ], [ -64.389832917452054, -36.682688674713283 ], [ -64.38680967360979, -36.680278043610215 ], [ -64.385887255292857, -36.681058445245654 ], [ -64.383032102784128, -36.678776142266969 ], [ -64.38006003324422, -36.681276634871296 ], [ -64.374391129301486, -36.676761807263013 ] ] ] } },
{ "type": "Feature", "properties": { "codigo_indec": "421330701" }, "geometry": { "type": "Polygon", "coordinates": [ [ [ -64.11060418324, -35.330973817848289 ], [ -64.12304373980551, -35.33611057938424 ], [ -64.123655850325292, -35.335083736778024 ], [ -64.122479710518704, -35.334583343203825 ], [ -64.12333598185117, -35.333222355200341 ], [ -64.122164950287996, -35.332740061636976 ], [ -64.123596863509121, -35.330500358834726 ], [ -64.113533759418488, -35.326288432090934 ], [ -64.11060418324, -35.330973817848289 ] ] ] } },
{ "type": "Feature", "properties": { "codigo_indec": "421330501" }, "geometry": { "type": "Polygon", "coordinates": [ [ [ -64.476039557379835, -35.382790496147585 ], [ -64.476033594686257, -35.377256925023254 ], [ -64.474457339163109, -35.377255054453229 ], [ -64.474452333811072, -35.373429306992747 ], [ -64.472724979799551, -35.373421000513268 ], [ -64.472729689206943, -35.375944479163849 ], [ -64.46777591339044, -35.375913293088814 ], [ -64.467775681033544, -35.381162895975599 ], [ -64.472738623506501, -35.381162659249291 ], [ -64.472741311421601, -35.382771371115602 ], [ -64.476039557379835, -35.382790496147585 ] ] ] } },
{ "type": "Feature", "properties": { "codigo_indec": "421330401" }, "geometry": { "type": "Polygon", "coordinates": [ [ [ -64.106477914989426, -35.19663811798717 ], [ -64.113009794405201, -35.189773919297878 ], [ -64.104355031576077, -35.184290158488288 ], [ -64.09780529048021, -35.191203175272655 ], [ -64.106477914989426, -35.19663811798717 ] ] ] } },
{ "type": "Feature", "properties": { "codigo_indec": "421330205" }, "geometry": { "type": "Polygon", "coordinates": [ [ [ -64.241919666155354, -35.039205298581201 ], [ -64.240111149084257, -35.048678046524287 ], [ -64.245286593802788, -35.048676429543733 ], [ -64.246908702160738, -35.039822751904268 ], [ -64.241919666155354, -35.039205298581201 ] ] ] } },
{ "type": "Feature", "properties": { "codigo_indec": "421330203" }, "geometry": { "type": "Polygon", "coordinates": [ [ [ -64.239373033441154, -35.034432388566579 ], [ -64.232912081032822, -35.033621963730475 ], [ -64.23235042923335, -35.036551793220468 ], [ -64.23394876367108, -35.036746307929384 ], [ -64.233690632759618, -35.038175506324372 ], [ -64.238589156699547, -35.038791982334622 ], [ -64.239373033441154, -35.034432388566579 ] ] ] } },
{ "type": "Feature", "properties": { "codigo_indec": "421260112" }, "geometry": { "type": "Polygon", "coordinates": [ [ [ -64.676024190799495, -35.062358459934202 ], [ -64.673073249363327, -35.062159470637219 ], [ -64.67205622765745, -35.072161676590468 ], [ -64.674985384545366, -35.072373975716566 ], [ -64.676024190799495, -35.062358459934202 ] ] ] } },
{ "type": "Feature", "properties": { "codigo_indec": "421190401" }, "geometry": { "type": "Polygon", "coordinates": [ [ [ -63.51426323593499, -36.161614974321822 ], [ -63.519050878298714, -36.151601147392064 ], [ -63.509535883464594, -36.148619591258509 ], [ -63.508634839962191, -36.15050184323443 ], [ -63.504900254902282, -36.149338400340078 ], [ -63.503957097295782, -36.151318841054589 ], [ -63.505216678724437, -36.151709988335519 ], [ -63.50321793903337, -36.15588474600478 ], [ -63.505690065127354, -36.15666606478522 ], [ -63.504743909785311, -36.1586509507584 ], [ -63.51426323593499, -36.161614974321822 ] ] ] } },
{ "type": "Feature", "properties": { "codigo_indec": "421190202" }, "geometry": { "type": "Polygon", "coordinates": [ [ [ -63.561093468416722, -36.057634057058529 ], [ -63.565845692084437, -36.049698520649343 ], [ -63.565393588956645, -36.049518150187097 ], [ -63.566770439395263, -36.047230613467654 ], [ -63.565337391035357, -36.046660919566243 ], [ -63.563966054814529, -36.048948551503102 ], [ -63.557971198887714, -36.046556070626004 ], [ -63.556616705355957, -36.048830443168072 ], [ -63.55425227360135, -36.047885737147212 ], [ -63.552907221103993, -36.050119713893672 ], [ -63.555282370610747, -36.051078180401255 ], [ -63.55189107572069, -36.056775151025235 ], [ -63.559563929919399, -36.059823806719216 ], [ -63.560668638012388, -36.057467738063679 ], [ -63.561093468416722, -36.057634057058529 ] ] ] } },
{ "type": "Feature", "properties": { "codigo_indec": "421050905" }, "geometry": { "type": "Polygon", "coordinates": [ [ [ -63.731346229048633, -35.65617232089896 ], [ -63.731400323095116, -35.659137818097548 ], [ -63.731465526558964, -35.662490977779207 ], [ -63.735267055438406, -35.659246676787646 ], [ -63.731346229048633, -35.65617232089896 ] ] ] } },
{ "type": "Feature", "properties": { "codigo_indec": "421050904" }, "geometry": { "type": "Polygon", "coordinates": [ [ [ -63.731245678125966, -35.649971149487271 ], [ -63.731346229048633, -35.65617232089896 ], [ -63.735267055438406, -35.659246676787646 ], [ -63.738969218812393, -35.655991371553071 ], [ -63.731245678125966, -35.649971149487271 ] ] ] } },
{ "type": "Feature", "properties": { "codigo_indec": "421050708" }, "geometry": { "type": "Polygon", "coordinates": [ [ [ -63.735267055438406, -35.659246676787646 ], [ -63.738205304783797, -35.661545559931881 ], [ -63.737322434957065, -35.66231288643003 ], [ -63.738318980843403, -35.663093010224216 ], [ -63.741043930172843, -35.660724841715066 ], [ -63.737092711153636, -35.657641087734078 ], [ -63.735267055438406, -35.659246676787646 ] ] ] } },
{ "type": "Feature", "properties": { "codigo_indec": "421050408" }, "geometry": { "type": "Polygon", "coordinates": [ [ [ -63.759444333338017, -35.647868194391357 ], [ -63.756773655600171, -35.650206275909007 ], [ -63.75960314904345, -35.652457564024466 ], [ -63.762306174154212, -35.650147053468039 ], [ -63.759444333338017, -35.647868194391357 ] ] ] } },
{ "type": "Feature", "properties": { "codigo_indec": "421050403" }, "geometry": { "type": "Polygon", "coordinates": [ [ [ -63.761427451360937, -35.642868136510785 ], [ -63.753774602848409, -35.642977891454727 ], [ -63.753537111625477, -35.6431807046812 ], [ -63.754600786685636, -35.644025021214006 ], [ -63.753689551657374, -35.644832494834084 ], [ -63.755616002067306, -35.646404738321685 ], [ -63.756555198212318, -35.645584255365492 ], [ -63.757489558005901, -35.646318009597131 ], [ -63.761427451360937, -35.642868136510785 ] ] ] } },
{ "type": "Feature", "properties": { "codigo_indec": "421050402" }, "geometry": { "type": "Polygon", "coordinates": [ [ [ -63.76789825451899, -35.641600640577231 ], [ -63.761725411099512, -35.641684270627088 ], [ -63.761659142727126, -35.642872444428924 ], [ -63.757489558005901, -35.646318009597131 ], [ -63.761399184371157, -35.649418349801032 ], [ -63.769129703239358, -35.642767820116347 ], [ -63.767909558879758, -35.642781247003704 ], [ -63.76789825451899, -35.641600640577231 ] ] ] } },
{ "type": "Feature", "properties": { "codigo_indec": "421050312" }, "geometry": { "type": "Polygon", "coordinates": [ [ [ -63.764722054554028, -35.666843592045659 ], [ -63.761978200318929, -35.664666094938759 ], [ -63.758947048465522, -35.667240793653498 ], [ -63.761396402860434, -35.669683200299588 ], [ -63.764722054554028, -35.666843592045659 ] ] ] } },
{ "type": "Feature", "properties": { "codigo_indec": "421050310" }, "geometry": { "type": "Polygon", "coordinates": [ [ [ -63.770177981503366, -35.666800626294311 ], [ -63.767444507890879, -35.664641464979574 ], [ -63.766087060902919, -35.665805681194456 ], [ -63.766066477644692, -35.666544170714488 ], [ -63.764722054554028, -35.666843592045659 ], [ -63.766558564003276, -35.668301365121721 ], [ -63.765631479128686, -35.669077092456185 ], [ -63.766571078991156, -35.669833403797007 ], [ -63.770177981503366, -35.666800626294311 ] ] ] } },
{ "type": "Feature", "properties": { "codigo_indec": "420770410" }, "geometry": { "type": "Polygon", "coordinates": [ [ [ -63.430240256484666, -38.081437487498363 ], [ -63.425203942623384, -38.083538395327707 ], [ -63.419108744875864, -38.08349918125672 ], [ -63.419081754784536, -38.086614996197127 ], [ -63.424353514425839, -38.086014678203824 ], [ -63.424349895164831, -38.090986443221681 ], [ -63.435551628827184, -38.091019924224042 ], [ -63.435551841813236, -38.087101891354941 ], [ -63.43424777219186, -38.08764985525513 ], [ -63.431783767439157, -38.083813065748394 ], [ -63.428008241631318, -38.085378719918872 ], [ -63.427092428624526, -38.083953572060864 ], [ -63.430842434925708, -38.082382884600364 ], [ -63.430240256484666, -38.081437487498363 ] ] ] } },
{ "type": "Feature", "properties": { "codigo_indec": "420700106" }, "geometry": { "type": "Polygon", "coordinates": [ [ [ -63.774655992940367, -37.376621104212546 ], [ -63.778609447947971, -37.380262810372948 ], [ -63.780706653746101, -37.378815809270037 ], [ -63.779173021287356, -37.37742222538396 ], [ -63.782461310204411, -37.37529490248248 ], [ -63.780796314997382, -37.3737637483068 ], [ -63.781726925211046, -37.373114588831513 ], [ -63.780855960501178, -37.372314505771577 ], [ -63.774655992940367, -37.376621104212546 ] ] ] } },
{ "type": "Feature", "properties": { "codigo_indec": "420560517" }, "geometry": { "type": "Polygon", "coordinates": [ [ [ -63.59160205036553, -35.241621607637981 ], [ -63.591580794044233, -35.245959880082296 ], [ -63.594406240649477, -35.245966547394524 ], [ -63.59444956646572, -35.241619699531498 ], [ -63.59160205036553, -35.241621607637981 ] ] ] } },
{ "type": "Feature", "properties": { "codigo_indec": "420560514" }, "geometry": { "type": "Polygon", "coordinates": [ [ [ -63.586041750788489, -35.239767184767857 ], [ -63.585737673902287, -35.245947015789987 ], [ -63.591580794044233, -35.245959880082296 ], [ -63.591599493649362, -35.241986493851918 ], [ -63.588776933626121, -35.241979821177488 ], [ -63.588803724789244, -35.239777217566548 ], [ -63.586041750788489, -35.239767184767857 ] ] ] } },
{ "type": "Feature", "properties": { "codigo_indec": "420490102" }, "geometry": { "type": "MultiPolygon", "coordinates": [ [ [ [ -66.93489301920691, -36.2354583533305 ], [ -66.929245340467432, -36.238778077388758 ], [ -66.930877205125441, -36.240603760204131 ], [ -66.9363983596716, -36.237163293255435 ], [ -66.944346787149485, -36.23396026913467 ], [ -66.943993293724347, -36.231620038976189 ], [ -66.940845507452508, -36.232784803920097 ], [ -66.941451323429931, -36.233910996085129 ], [ -66.935764107642228, -36.236447326736979 ], [ -66.93489301920691, -36.2354583533305 ] ] ], [ [ [ -66.941862600333195, -36.227626660128472 ], [ -66.944095739312345, -36.231583184150246 ], [ -66.945715283503276, -36.230984638258953 ], [ -66.94501789245804, -36.229877214005754 ], [ -66.946424116042877, -36.229347930511501 ], [ -66.945332663995615, -36.227612810757407 ], [ -66.943900952766668, -36.228101730186125 ], [ -66.943401971889642, -36.227303631229553 ], [ -66.941862600333195, -36.227626660128472 ] ] ] ] } },
{ "type": "Feature", "properties": { "codigo_indec": "420420301" }, "geometry": { "type": "Polygon", "coordinates": [ [ [ -66.436619398273393, -38.742135914684923 ], [ -66.437045837118816, -38.738031132845741 ], [ -66.435157508526657, -38.737686861227516 ], [ -66.434619502420318, -38.739058093929764 ], [ -66.434612241955691, -38.742129882044864 ], [ -66.436619398273393, -38.742135914684923 ] ] ] } },
{ "type": "Feature", "properties": { "codigo_indec": "420350406" }, "geometry": { "type": "Polygon", "coordinates": [ [ [ -64.290956662415539, -35.908711846577674 ], [ -64.28637264458655, -35.916720535147647 ], [ -64.292834921598541, -35.91486168992531 ], [ -64.293351874993292, -35.913873302201296 ], [ -64.290956662415539, -35.908711846577674 ] ] ] } },
{ "type": "Feature", "properties": { "codigo_indec": "420210914" }, "geometry": { "type": "Polygon", "coordinates": [ [ [ -64.275735510949744, -36.639851291654303 ], [ -64.274438289265319, -36.639864039308989 ], [ -64.274454701490029, -36.640882427883852 ], [ -64.275735275119288, -36.64086493413236 ], [ -64.275735510949744, -36.639851291654303 ] ] ] } },
{ "type": "Feature", "properties": { "codigo_indec": "420210803" }, "geometry": { "type": "Polygon", "coordinates": [ [ [ -64.279885552857067, -36.621152056104464 ], [ -64.279919106262057, -36.623540247933484 ], [ -64.283591551123024, -36.623521140424636 ], [ -64.283571951973769, -36.621128644247882 ], [ -64.279885552857067, -36.621152056104464 ] ] ] } },
{ "type": "Feature", "properties": { "codigo_indec": "420210801" }, "geometry": { "type": "Polygon", "coordinates": [ [ [ -64.286250448029065, -36.618793013876662 ], [ -64.283542272922276, -36.618812588886712 ], [ -64.283591551123024, -36.623521140424636 ], [ -64.286325233377497, -36.623492922979615 ], [ -64.286250448029065, -36.618793013876662 ] ] ] } },
{ "type": "Feature", "properties": { "codigo_indec": "420210510" }, "geometry": { "type": "Polygon", "coordinates": [ [ [ -64.295451036744481, -36.600954068112237 ], [ -64.295473327167116, -36.604130505386451 ], [ -64.300812294668518, -36.604260830153464 ], [ -64.300842059337583, -36.601121174852175 ], [ -64.295451036744481, -36.600954068112237 ] ] ] } },
{ "type": "Feature", "properties": { "codigo_indec": "420210420" }, "geometry": { "type": "Polygon", "coordinates": [ [ [ -64.255427093901886, -36.615142467549617 ], [ -64.253612821042069, -36.615178955627435 ], [ -64.253646013657018, -36.619652999938126 ], [ -64.252130840441197, -36.619680333372592 ], [ -64.252155720610048, -36.623775824670126 ], [ -64.260479762639591, -36.623690441966353 ], [ -64.260371852391714, -36.61643115602233 ], [ -64.255427093901886, -36.615142467549617 ] ] ] } },
{ "type": "Feature", "properties": { "codigo_indec": "420210410" }, "geometry": { "type": "Polygon", "coordinates": [ [ [ -64.267667937221404, -36.609302279111922 ], [ -64.267709821429548, -36.612051003883941 ], [ -64.271434779772605, -36.612033028623131 ], [ -64.271415648904082, -36.610762310062675 ], [ -64.270510361699579, -36.61076268649331 ], [ -64.270518519301405, -36.609271613452862 ], [ -64.267667937221404, -36.609302279111922 ] ] ] } },
{ "type": "Feature", "properties": { "codigo_indec": "420210407" }, "geometry": { "type": "Polygon", "coordinates": [ [ [ -64.279451434059183, -36.606233859915157 ], [ -64.271411452957352, -36.606194065766395 ], [ -64.279489660416985, -36.61168109851242 ], [ -64.279451434059183, -36.606233859915157 ] ] ] } },
{ "type": "Feature", "properties": { "codigo_indec": "420210306" }, "geometry": { "type": "Polygon", "coordinates": [ [ [ -64.295090885178169, -36.581392102150552 ], [ -64.29520741450834, -36.589300297202421 ], [ -64.300492770610518, -36.589281187819488 ], [ -64.300420459798232, -36.58455425767319 ], [ -64.298276101794343, -36.584519149957934 ], [ -64.298270917143313, -36.581320420897853 ], [ -64.295090885178169, -36.581392102150552 ] ] ] } },
{ "type": "Feature", "properties": { "codigo_indec": "420070406" }, "geometry": { "type": "Polygon", "coordinates": [ [ [ -63.660575464889739, -37.139627718572385 ], [ -63.660460731154657, -37.141251497456331 ], [ -63.661833705754113, -37.141247073286841 ], [ -63.661892818248411, -37.148919023519213 ], [ -63.656521691054046, -37.148925495551211 ], [ -63.656579745921945, -37.153241733199287 ], [ -63.666726077866571, -37.153230325076741 ], [ -63.666614606492843, -37.142395337598778 ], [ -63.671425935403811, -37.142372894199838 ], [ -63.671409981009468, -37.141242004490415 ], [ -63.667302565940268, -37.14124678072411 ], [ -63.667294415239937, -37.140138566266494 ], [ -63.66182268487114, -37.140143307262292 ], [ -63.661818530163032, -37.139638745887567 ], [ -63.660575464889739, -37.139627718572385 ] ] ] } },
{ "type": "Feature", "properties": { "codigo_indec": "420070301" }, "geometry": { "type": "Polygon", "coordinates": [ [ [ -63.52989765590381, -36.854234285122864 ], [ -63.532666401781114, -36.849882070734445 ], [ -63.532443965076503, -36.834661762853365 ], [ -63.53276064970963, -36.834659330276516 ], [ -63.532801740093888, -36.831200839394917 ], [ -63.503258796940713, -36.831259408984337 ], [ -63.503254940205103, -36.837925728570944 ], [ -63.500518784609298, -36.842273424436804 ], [ -63.52989765590381, -36.854234285122864 ] ] ] } },
{ "type": "Feature", "properties": { "codigo_indec": "420070207" }, "geometry": { "type": "Polygon", "coordinates": [ [ [ -63.688631882569005, -36.847586334388851 ], [ -63.683200647926689, -36.847593165988371 ], [ -63.68321286986501, -36.854521298602904 ], [ -63.694107008768562, -36.854512519770822 ], [ -63.694101198298668, -36.853120519387446 ], [ -63.696687840375546, -36.853125649022978 ], [ -63.696666588955118, -36.851872987756366 ], [ -63.688651239286557, -36.851874983865692 ], [ -63.688631882569005, -36.847586334388851 ] ] ] } },
{ "type": "Feature", "properties": { "codigo_indec": "420210816" }, "geometry": { "type": "Polygon", "coordinates": [ [ [ -64.290033485359359, -36.633741279165108 ], [ -64.286455766321083, -36.636780362078589 ], [ -64.28986184285624, -36.639482823814092 ], [ -64.29345173146038, -36.636398762947657 ], [ -64.290033485359359, -36.633741279165108 ] ] ] } },
{ "type": "Feature", "properties": { "codigo_indec": "420211005" }, "geometry": { "type": "Polygon", "coordinates": [ [ [ -64.287856048463524, -36.647135199578926 ], [ -64.289576319444507, -36.648475407962835 ], [ -64.28878188805578, -36.64913074924884 ], [ -64.290510204227544, -36.650489080417941 ], [ -64.292455537800834, -36.648859114287475 ], [ -64.288619328299234, -36.646497436855 ], [ -64.287856048463524, -36.647135199578926 ] ] ] } },
{ "type": "Feature", "properties": { "codigo_indec": "420210702" }, "geometry": { "type": "Polygon", "coordinates": [ [ [ -64.302980792959403, -36.618645085809348 ], [ -64.304092762035268, -36.620949525670177 ], [ -64.301331125243578, -36.62098225884553 ], [ -64.301339641643324, -36.62212217648532 ], [ -64.29859222945349, -36.622141533082853 ], [ -64.298623669743492, -36.62338089031774 ], [ -64.30948837644587, -36.62327427861365 ], [ -64.304957078245351, -36.618614656448102 ], [ -64.302980792959403, -36.618645085809348 ] ] ] } },
{ "type": "Feature", "properties": { "codigo_indec": "420210616" }, "geometry": { "type": "Polygon", "coordinates": [ [ [ -64.283501419293614, -36.616496371702887 ], [ -64.279795887411808, -36.616510497487631 ], [ -64.280096122519112, -36.618843975200328 ], [ -64.283542272922276, -36.618812588886712 ], [ -64.283501419293614, -36.616496371702887 ] ] ] } },
{ "type": "Feature", "properties": { "codigo_indec": "420210707" }, "geometry": { "type": "Polygon", "coordinates": [ [ [ -64.296594581329629, -36.623392437492107 ], [ -64.289003142727267, -36.623459336504006 ], [ -64.286546031210904, -36.623491594147154 ], [ -64.291673390297007, -36.627444141602105 ], [ -64.296594581329629, -36.623392437492107 ] ] ] } },
{ "type": "Feature", "properties": { "codigo_indec": "420700101" }, "geometry": { "type": "Polygon", "coordinates": [ [ [ -63.772500863945446, -37.378116452459082 ], [ -63.779830290984727, -37.373029436656601 ], [ -63.777785898356584, -37.37116230618566 ], [ -63.776774318760758, -37.371877475319629 ], [ -63.776375878428844, -37.371514147276123 ], [ -63.778269050351696, -37.37018496114743 ], [ -63.777595630631623, -37.369577744748433 ], [ -63.767369446294971, -37.376717925625201 ], [ -63.768682801738542, -37.37791832489556 ], [ -63.770742922713595, -37.376488818884013 ], [ -63.772500863945446, -37.378116452459082 ] ] ] } },
{ "type": "Feature", "properties": { "codigo_indec": "421330213" }, "geometry": { "type": "Polygon", "coordinates": [ [ [ -64.252095876781169, -35.038987364230145 ], [ -64.251307909283966, -35.043310938560353 ], [ -64.254193316637327, -35.043667935148974 ], [ -64.255011357700212, -35.039340266527589 ], [ -64.252095876781169, -35.038987364230145 ] ] ] } },
{ "type": "Feature", "properties": { "codigo_indec": "421051002" }, "geometry": { "type": "Polygon", "coordinates": [ [ [ -63.773777737388833, -35.659244255996114 ], [ -63.771987356481887, -35.660797003386236 ], [ -63.771050062588969, -35.660058798385009 ], [ -63.76921847924514, -35.661601729452507 ], [ -63.772891506148255, -35.66451711194658 ], [ -63.77655435634982, -35.661440114308384 ], [ -63.773777737388833, -35.659244255996114 ] ] ] } },
{ "type": "Feature", "properties": { "codigo_indec": "420980111" }, "geometry": { "type": "Polygon", "coordinates": [ [ [ -65.440369530266608, -36.20683745232823 ], [ -65.445054309666915, -36.212275414498208 ], [ -65.450758983848644, -36.209125039356167 ], [ -65.451351565081609, -36.206275491484007 ], [ -65.448861470901178, -36.203393759662625 ], [ -65.447739575493415, -36.204019421411758 ], [ -65.446973008344415, -36.203132715304292 ], [ -65.440369530266608, -36.20683745232823 ] ] ] } },
{ "type": "Feature", "properties": { "codigo_indec": "420980105" }, "geometry": { "type": "Polygon", "coordinates": [ [ [ -65.434296378350382, -36.203596159628425 ], [ -65.428660661181453, -36.206786634530822 ], [ -65.430932193276391, -36.209433434362488 ], [ -65.436581716420903, -36.206269954965691 ], [ -65.434296378350382, -36.203596159628425 ] ] ] } },
{ "type": "Feature", "properties": { "codigo_indec": "420980104" }, "geometry": { "type": "Polygon", "coordinates": [ [ [ -65.428091158808797, -36.200236773388504 ], [ -65.424694128003679, -36.202162556793468 ], [ -65.428660661181453, -36.206786634530822 ], [ -65.430974732400159, -36.205477417103893 ], [ -65.428667633274017, -36.202767363768231 ], [ -65.429747801017498, -36.202164212165862 ], [ -65.428091158808797, -36.200236773388504 ] ] ] } },
{ "type": "Feature", "properties": { "codigo_indec": "421470203" }, "geometry": { "type": "Polygon", "coordinates": [ [ [ -64.374819754549648, -35.448885468900656 ], [ -64.267063796971243, -35.44989169880499 ], [ -64.202958300034823, -35.451017888207737 ], [ -64.202887772406243, -35.494029538516507 ], [ -64.267528716103243, -35.493551407020696 ], [ -64.374555416055756, -35.49130110468947 ], [ -64.374819754549648, -35.448885468900656 ] ] ] } },
{ "type": "Feature", "properties": { "codigo_indec": "421400221" }, "geometry": { "type": "Polygon", "coordinates": [ [ [ -64.397284560928327, -36.623158868764691 ], [ -64.395040505188618, -36.714029111614551 ], [ -64.394304987232559, -36.801025985047929 ], [ -64.504288702431793, -36.801135819795483 ], [ -64.503235613944099, -36.622883810855519 ], [ -64.397284560928327, -36.623158868764691 ] ] ] } },
{ "type": "Feature", "properties": { "codigo_indec": "420350603" }, "geometry": { "type": "Polygon", "coordinates": [ [ [ -64.495988740488912, -36.079806152482341 ], [ -64.385959539030353, -36.081988018372371 ], [ -64.273860572244487, -36.081155387530657 ], [ -64.274834795819089, -36.169701437723113 ], [ -64.49817242370959, -36.166989862484996 ], [ -64.495988740488912, -36.079806152482341 ] ] ] } },
{ "type": "Feature", "properties": { "codigo_indec": "420070412" }, "geometry": { "type": "Polygon", "coordinates": [ [ [ -63.610373835856819, -37.17059223552198 ], [ -63.556197115853855, -37.170585717746953 ], [ -63.555637922912545, -37.257702236988862 ], [ -63.610791763357177, -37.257563029608939 ], [ -63.610373835856819, -37.17059223552198 ] ] ] } },
{ "type": "Feature", "properties": { "codigo_indec": "421540202" }, "geometry": { "type": "Polygon", "coordinates": [ [ [ -65.077153548515724, -36.975681587322555 ], [ -64.508234013203918, -36.985343336373887 ], [ -64.460349833847062, -36.985056193060643 ], [ -64.458064500533041, -37.030643674421995 ], [ -64.396364436498246, -37.031388886988744 ], [ -64.396991045314735, -37.075464130233328 ], [ -64.39984097809085, -37.124010880923443 ], [ -64.336189902781996, -37.125220168585038 ], [ -64.338391022309125, -37.164888639998857 ], [ -64.339641944411568, -37.207381520372081 ], [ -64.400794581360188, -37.20707438207409 ], [ -64.51636656109001, -37.204889136154229 ], [ -64.518197496705241, -37.253217349343181 ], [ -64.846795805726856, -37.252184672901052 ], [ -64.844917249077682, -37.161228305571854 ], [ -65.078034668243006, -37.1591807093764 ], [ -65.077153548515724, -36.975681587322555 ] ], [ [ -64.524109862907991, -37.119095823995423 ], [ -64.524073730678538, -37.126460899977673 ], [ -64.507178576195798, -37.126609702366892 ], [ -64.507304631462489, -37.120191808903122 ], [ -64.50634289451547, -37.120179693697182 ], [ -64.506363072632652, -37.119152830511041 ], [ -64.524109862907991, -37.119095823995423 ] ] ] } },
{ "type": "Feature", "properties": { "codigo_indec": "421470211" }, "geometry": { "type": "Polygon", "coordinates": [ [ [ -64.046148381010227, -35.540488060519536 ], [ -63.99444321530806, -35.540814906336088 ], [ -63.994981422067156, -35.584379468142082 ], [ -63.934953129470813, -35.584163043627953 ], [ -63.935419932984566, -35.684314710438422 ], [ -63.994215070963378, -35.683844741525249 ], [ -63.995270647514253, -35.768790812911213 ], [ -64.048161188298309, -35.769877368952542 ], [ -64.046148381010227, -35.540488060519536 ] ] ] } },
{ "type": "Feature", "properties": { "codigo_indec": "421470207" }, "geometry": { "type": "Polygon", "coordinates": [ [ [ -64.153506076453752, -35.49436510340464 ], [ -64.045751161606091, -35.495041920545795 ], [ -64.046932489748187, -35.630347497860619 ], [ -64.154162052638156, -35.63089439009142 ], [ -64.153506076453752, -35.49436510340464 ] ] ] } },
{ "type": "Feature", "properties": { "codigo_indec": "421470205" }, "geometry": { "type": "Polygon", "coordinates": [ [ [ -64.045364344932935, -35.450271509109143 ], [ -63.934343423753077, -35.450535362647571 ], [ -63.934550051980999, -35.495630949711092 ], [ -64.045751161606091, -35.495041920545795 ], [ -64.045364344932935, -35.450271509109143 ] ] ] } },
{ "type": "Feature", "properties": { "codigo_indec": "421400101" }, "geometry": { "type": "Polygon", "coordinates": [ [ [ -64.826730340994487, -36.254399668895147 ], [ -64.828479319237118, -36.343390065155965 ], [ -64.829916977246839, -36.390586905996486 ], [ -64.83028996085892, -36.435407538530441 ], [ -65.066262348512794, -36.431557069221824 ], [ -65.062543083759039, -36.250586798515322 ], [ -64.826730340994487, -36.254399668895147 ] ] ] } },
{ "type": "Feature", "properties": { "codigo_indec": "421260403" }, "geometry": { "type": "Polygon", "coordinates": [ [ [ -65.042747407685951, -35.35159466813456 ], [ -65.052619670591099, -35.711587634561063 ], [ -65.052455375602435, -35.800519818759561 ], [ -65.129693964087423, -35.798093665583828 ], [ -65.105426285422155, -35.353584522431369 ], [ -65.042747407685951, -35.35159466813456 ] ], [ [ -65.105942538022461, -35.700770613731912 ], [ -65.102098846531845, -35.706564028836574 ], [ -65.096146352007807, -35.703824758845784 ], [ -65.098863290298652, -35.700249173511558 ], [ -65.094529461031399, -35.698287988900404 ], [ -65.095808220769371, -35.696585239972499 ], [ -65.105942538022461, -35.700770613731912 ] ] ] } },
{ "type": "Feature", "properties": { "codigo_indec": "421190405" }, "geometry": { "type": "Polygon", "coordinates": [ [ [ -63.497448473911966, -36.264692429878963 ], [ -63.385243800959678, -36.260745529455583 ], [ -63.385161640720654, -36.354572957114321 ], [ -63.547502468894344, -36.355738121989184 ], [ -63.547659309359716, -36.315235293229811 ], [ -63.606400382141729, -36.315390519220564 ], [ -63.667704040186067, -36.314575812649259 ], [ -63.667525598374148, -36.265068826965162 ], [ -63.497448473911966, -36.264692429878963 ] ] ] } },
{ "type": "Feature", "properties": { "codigo_indec": "421260505" }, "geometry": { "type": "Polygon", "coordinates": [ [ [ -64.596136674504706, -35.535669850959934 ], [ -64.599130335842702, -35.718017934844248 ], [ -64.709726929601302, -35.717290111046545 ], [ -64.70665349550282, -35.534400481735965 ], [ -64.596136674504706, -35.535669850959934 ] ] ] } },
{ "type": "Feature", "properties": { "codigo_indec": "420980302" }, "geometry": { "type": "Polygon", "coordinates": [ [ [ -65.456174525323988, -36.337905898070311 ], [ -65.506240319997815, -36.337753751051295 ], [ -65.508239701221441, -36.424927306452176 ], [ -65.621947344533609, -36.422957899194557 ], [ -65.640719304358726, -36.950984888581871 ], [ -66.00639449956175, -36.957732194677789 ], [ -66.009689786874503, -36.778457638766021 ], [ -66.02660717839683, -36.148356841051232 ], [ -65.615507322045502, -36.138816145399069 ], [ -65.61598631695972, -36.154516681360839 ], [ -65.502101664664522, -36.155458140076334 ], [ -65.50290741871261, -36.191081310329523 ], [ -65.451611356712874, -36.192146004822831 ], [ -65.456174525323988, -36.337905898070311 ] ], [ [ -65.516111799376048, -36.269723626392654 ], [ -65.504606921030231, -36.273317303336945 ], [ -65.502194876693821, -36.27196452596538 ], [ -65.501469788496124, -36.269604913132802 ], [ -65.503025386649639, -36.269111230744414 ], [ -65.501082478898141, -36.264885604366427 ], [ -65.500115156666396, -36.265192473698413 ], [ -65.499131291734599, -36.261989155854081 ], [ -65.508383095582502, -36.259026596050511 ], [ -65.507930266175507, -36.258042442697395 ], [ -65.509131669525289, -36.257650857635717 ], [ -65.508654113741287, -36.256617040144093 ], [ -65.51235270335134, -36.255456128764692 ], [ -65.516212698027061, -36.263740173949273 ], [ -65.51372349273484, -36.264527627677062 ], [ -65.516111799376048, -36.269723626392654 ] ] ] } },
{ "type": "Feature", "properties": { "codigo_indec": "420980113" }, "geometry": { "type": "Polygon", "coordinates": [ [ [ -66.03072023324053, -35.995697710859965 ], [ -65.390386106302898, -35.999438371882079 ], [ -65.397495830878782, -36.338057039337698 ], [ -65.456174525323988, -36.337905898070311 ], [ -65.451611356712874, -36.192146004822831 ], [ -65.50290741871261, -36.191081310329523 ], [ -65.502101664664522, -36.155458140076334 ], [ -65.61598631695972, -36.154516681360839 ], [ -65.615507322045502, -36.138816145399069 ], [ -66.02660717839683, -36.148356841051232 ], [ -66.03072023324053, -35.995697710859965 ] ], [ [ -65.442481342530556, -36.192076793084439 ], [ -65.45117779558143, -36.202097677291285 ], [ -65.448861470901178, -36.203393759662625 ], [ -65.451351565081609, -36.206275491484007 ], [ -65.450758983848644, -36.209125039356167 ], [ -65.437124563813825, -36.216645190640577 ], [ -65.424694128003679, -36.202162556793468 ], [ -65.442481342530556, -36.192076793084439 ] ] ] } },
{ "type": "Feature", "properties": { "codigo_indec": "420910104" }, "geometry": { "type": "Polygon", "coordinates": [ [ [ -66.003521609055994, -37.052174681656361 ], [ -65.984398229217916, -37.681355974517906 ], [ -66.544837876962873, -37.69019834102577 ], [ -66.550093723681954, -37.334709529352608 ], [ -66.220070428276856, -37.329494493988115 ], [ -66.227476232524197, -37.056736840620864 ], [ -66.003521609055994, -37.052174681656361 ] ], [ [ -66.230382094139514, -37.552065685755842 ], [ -66.228202291803228, -37.554417013647516 ], [ -66.226999987558756, -37.554464381043843 ], [ -66.22075516125426, -37.550430748140982 ], [ -66.223484717841075, -37.54929486258294 ], [ -66.228843379311627, -37.549410738308829 ], [ -66.230382094139514, -37.552065685755842 ] ] ] } },
{ "type": "Feature", "properties": { "codigo_indec": "420910102" }, "geometry": { "type": "Polygon", "coordinates": [ [ [ -66.009689786874503, -36.778457638766021 ], [ -66.00639449956175, -36.957732194677789 ], [ -66.003521609055994, -37.052174681656361 ], [ -66.227476232524197, -37.056736840620864 ], [ -67.120346437426079, -37.070703218901286 ], [ -67.124724591910578, -36.805020738695383 ], [ -67.113059705486478, -36.802494882963231 ], [ -66.456570299044358, -36.789431452072506 ], [ -66.009689786874503, -36.778457638766021 ] ] ] } },
{ "type": "Feature", "properties": { "codigo_indec": "420280103" }, "geometry": { "type": "Polygon", "coordinates": [ [ [ -63.938723159635735, -36.357644340716746 ], [ -63.779715760844269, -36.357024165573343 ], [ -63.782898168746897, -36.673436448771049 ], [ -63.942602143598855, -36.671776572594794 ], [ -63.940306323347166, -36.533869983013389 ], [ -63.938723159635735, -36.357644340716746 ] ], [ [ -63.860743656962612, -36.515494513465498 ], [ -63.860739497027055, -36.516557584568396 ], [ -63.855406806021946, -36.516560892105616 ], [ -63.855418067407221, -36.510087622353865 ], [ -63.850128163522577, -36.510073450264066 ], [ -63.850129675047626, -36.509010332948669 ], [ -63.847432026667981, -36.508993198382569 ], [ -63.847440439179849, -36.50657424651174 ], [ -63.854086539446996, -36.506572404692193 ], [ -63.854097014853473, -36.504374223501898 ], [ -63.858056225993046, -36.504368823429537 ], [ -63.858048117006007, -36.502233373756816 ], [ -63.86862219626331, -36.502229126992901 ], [ -63.868621713620506, -36.50784218488382 ], [ -63.871283713050801, -36.50783567814927 ], [ -63.871286552810126, -36.510074648504059 ], [ -63.868621811257377, -36.510076600281366 ], [ -63.868621033764221, -36.515495937460067 ], [ -63.860743656962612, -36.515494513465498 ] ] ] } },
{ "type": "Feature", "properties": { "codigo_indec": "420140209" }, "geometry": { "type": "Polygon", "coordinates": [ [ [ -63.385518542538968, -39.143900443704467 ], [ -63.385238647132347, -39.316700720094346 ], [ -63.392835223074009, -39.318181502698614 ], [ -63.393833940721898, -39.317433918823141 ], [ -63.395819861881051, -39.318122278431915 ], [ -63.402723570944133, -39.318677358439267 ], [ -63.408608916484468, -39.318556455515946 ], [ -63.415865137514523, -39.319145624036047 ], [ -63.426135051492231, -39.32141753522319 ], [ -63.432103921117559, -39.32100011161117 ], [ -63.438519893736228, -39.319687176486212 ], [ -63.440069380691867, -39.319878878974421 ], [ -63.444285460578151, -39.319116057369648 ], [ -63.451983151290626, -39.31977120630588 ], [ -63.461663036475642, -39.321964025844906 ], [ -63.467521701543106, -39.319777296398684 ], [ -63.469226469841821, -39.318639175533029 ], [ -63.471894529164203, -39.315378652934932 ], [ -63.486784085848328, -39.304664960285777 ], [ -63.489546170568346, -39.300843194860121 ], [ -63.495930737983969, -39.296347408327954 ], [ -63.498683960839621, -39.294866672968666 ], [ -63.501202268530598, -39.294447988099733 ], [ -63.505998204491739, -39.29630697225727 ], [ -63.505509323382611, -39.14344301624098 ], [ -63.385518542538968, -39.143900443704467 ] ] ] } },
{ "type": "Feature", "properties": { "codigo_indec": "420140208" }, "geometry": { "type": "Polygon", "coordinates": [ [ [ -63.770285326322885, -39.141994454804355 ], [ -63.505509323382611, -39.14344301624098 ], [ -63.505998204491739, -39.29630697225727 ], [ -63.507491201601653, -39.297428640076461 ], [ -63.511728134998805, -39.298554967252805 ], [ -63.518489276492069, -39.299347761733387 ], [ -63.52021229959216, -39.299132339032639 ], [ -63.523170609264923, -39.297740943535075 ], [ -63.526955584746482, -39.29516929671157 ], [ -63.526372817923196, -39.29098280430685 ], [ -63.527311462507583, -39.290079677646503 ], [ -63.530619870016281, -39.28868651844197 ], [ -63.537495137397329, -39.28735979339281 ], [ -63.542764732565104, -39.28455335667968 ], [ -63.543062847959938, -39.280997914357435 ], [ -63.544496408563376, -39.278439044381109 ], [ -63.544910209312903, -39.275714555382947 ], [ -63.545612135912755, -39.274360499548663 ], [ -63.546059641434049, -39.269921133871208 ], [ -63.548546590960413, -39.267294355642576 ], [ -63.559874767829946, -39.262354139083854 ], [ -63.562563007717756, -39.261500891825875 ], [ -63.565840264883136, -39.26136685033908 ], [ -63.567828612252939, -39.259310085556194 ], [ -63.573010573387279, -39.257603601835356 ], [ -63.584910320332966, -39.254307363645083 ], [ -63.590643655221015, -39.254065953083085 ], [ -63.596082307717197, -39.252701458821676 ], [ -63.602868975953989, -39.248311517939797 ], [ -63.610476510813683, -39.244109132709603 ], [ -63.617257951653571, -39.241361781215581 ], [ -63.619046750483982, -39.239664763614194 ], [ -63.620414628373773, -39.239197413391665 ], [ -63.621558862063686, -39.237122442126363 ], [ -63.621266694811794, -39.232145258922266 ], [ -63.624655960061517, -39.230278209293829 ], [ -63.62948256962531, -39.229908286303441 ], [ -63.6358539628377, -39.225688021816637 ], [ -63.637724665091113, -39.225320731198579 ], [ -63.640944421037915, -39.229528711473804 ], [ -63.641406636236006, -39.230767375690306 ], [ -63.642724308598105, -39.231271374184693 ], [ -63.644157995758043, -39.230904137651486 ], [ -63.645967040849392, -39.229180085998877 ], [ -63.649590542902573, -39.222872639189667 ], [ -63.65248649637531, -39.22048597117471 ], [ -63.655903351949128, -39.215660114848077 ], [ -63.657597314571383, -39.214590984912462 ], [ -63.66139649154718, -39.213573138627879 ], [ -63.669728355258904, -39.209300273234703 ], [ -63.678133693159701, -39.20162401922159 ], [ -63.682750768420867, -39.196028735232034 ], [ -63.691218166350872, -39.191842538675559 ], [ -63.694226748198915, -39.189290415543411 ], [ -63.699867168216286, -39.188532880344226 ], [ -63.704250356884152, -39.189420903727019 ], [ -63.708083375602627, -39.191216547495067 ], [ -63.712666395202788, -39.192463925521466 ], [ -63.71622993718988, -39.191781863902236 ], [ -63.717516786419999, -39.192428507178235 ], [ -63.720232314164193, -39.189068423360631 ], [ -63.724607807998446, -39.185182343155425 ], [ -63.729681557082984, -39.179449959558049 ], [ -63.737010690677032, -39.173085731475481 ], [ -63.744714053575954, -39.171713126475481 ], [ -63.752039297899834, -39.16694642653966 ], [ -63.754342981430078, -39.164811392371156 ], [ -63.75659077226554, -39.162337505715023 ], [ -63.760488545266981, -39.155342723855902 ], [ -63.769172846364746, -39.145269400672866 ], [ -63.76983751320445, -39.144273440366575 ], [ -63.770285326322885, -39.141994454804355 ] ] ] } },
{ "type": "Feature", "properties": { "codigo_indec": "420140102" }, "geometry": { "type": "Polygon", "coordinates": [ [ [ -64.070805827126279, -38.243108890138807 ], [ -63.846925200748672, -38.248558953945484 ], [ -63.737422257442468, -38.250506179111035 ], [ -63.615720797048503, -38.25057242532403 ], [ -63.617586270633609, -38.610676980465279 ], [ -63.962228511689212, -38.609141647552605 ], [ -63.959696338046903, -38.430651347212503 ], [ -64.073640378277801, -38.429662163604114 ], [ -64.070805827126279, -38.243108890138807 ] ] ] } },
{ "type": "Feature", "properties": { "codigo_indec": "420070504" }, "geometry": { "type": "Polygon", "coordinates": [ [ [ -63.499621313268946, -37.080407391528979 ], [ -63.499871636444439, -37.170558575483753 ], [ -63.556197115853855, -37.170585717746953 ], [ -63.556775317178271, -37.080297544784223 ], [ -63.499621313268946, -37.080407391528979 ] ] ] } },
{ "type": "Feature", "properties": { "codigo_indec": "420070203" }, "geometry": { "type": "Polygon", "coordinates": [ [ [ -64.057580385696923, -36.80377721954676 ], [ -63.943876769210753, -36.805099490589967 ], [ -63.836833288811761, -36.804393601958985 ], [ -63.8374606918102, -36.898375821614536 ], [ -63.945792063769979, -36.896528571856081 ], [ -64.058463266719897, -36.89748232681486 ], [ -64.057580385696923, -36.80377721954676 ] ] ] } },
{ "type": "Feature", "properties": { "codigo_indec": "420070106" }, "geometry": { "type": "Polygon", "coordinates": [ [ [ -63.944256599529105, -36.987207516786668 ], [ -63.944858349067189, -37.078048377864135 ], [ -64.060181735938059, -37.07811742196229 ], [ -64.059297610542345, -36.985243649011402 ], [ -63.944256599529105, -36.987207516786668 ] ] ] } },
{ "type": "Feature", "properties": { "codigo_indec": "420070105" }, "geometry": { "type": "Polygon", "coordinates": [ [ [ -64.058463266719897, -36.89748232681486 ], [ -63.945792063769979, -36.896528571856081 ], [ -63.944256599529105, -36.987207516786668 ], [ -64.059297610542345, -36.985243649011402 ], [ -64.058463266719897, -36.89748232681486 ] ] ] } },
{ "type": "Feature", "properties": { "codigo_indec": "420770407" }, "geometry": { "type": "Polygon", "coordinates": [ [ [ -63.557986182588827, -38.161268721010131 ], [ -63.502734549656033, -38.161457233560498 ], [ -63.503003070647537, -38.250523666376999 ], [ -63.557777878108965, -38.250560159796322 ], [ -63.557986182588827, -38.161268721010131 ] ] ] } },
{ "type": "Feature", "properties": { "codigo_indec": "420770305" }, "geometry": { "type": "Polygon", "coordinates": [ [ [ -63.846546430604413, -37.976554239225557 ], [ -63.7356067449794, -37.97969436011735 ], [ -63.736817195769348, -38.160488940578723 ], [ -63.847320982627764, -38.159869637249443 ], [ -63.846925200748672, -38.248558953945484 ], [ -64.070805827126279, -38.243108890138807 ], [ -64.298149652065447, -38.240816723816366 ], [ -64.414082648557823, -38.238567470554614 ], [ -64.527737702669128, -38.237143360763845 ], [ -64.530189062833969, -38.153748318679085 ], [ -64.298097579842931, -38.156275460989249 ], [ -64.296999184224859, -38.067560630307568 ], [ -64.183455624138759, -38.067004185910022 ], [ -64.069931575390413, -38.068220922265809 ], [ -64.069403388439, -38.01590285623859 ], [ -63.953909358463861, -38.016894775893277 ], [ -63.953352618282722, -37.976930563746826 ], [ -63.846546430604413, -37.976554239225557 ] ] ] } },
{ "type": "Feature", "properties": { "codigo_indec": "420560510" }, "geometry": { "type": "Polygon", "coordinates": [ [ [ -63.719432952671532, -35.398335477757158 ], [ -63.389113843561198, -35.399852336018029 ], [ -63.389640734367688, -35.450779850116028 ], [ -63.720060816311268, -35.450930100167575 ], [ -63.719432952671532, -35.398335477757158 ] ] ] } },
{ "type": "Feature", "properties": { "codigo_indec": "420420302" }, "geometry": { "type": "Polygon", "coordinates": [ [ [ -65.674484893086245, -38.306304209584347 ], [ -65.688619161993259, -38.766534180592942 ], [ -65.837316393342675, -38.766002490713738 ], [ -65.840261908752979, -38.676911190517217 ], [ -66.183497307773436, -38.685934108570329 ], [ -66.417076166837319, -38.691491457437564 ], [ -66.419035826586281, -38.595325882570599 ], [ -66.531809428805758, -38.597115326657203 ], [ -66.533050476886643, -38.50912957681539 ], [ -66.647606965249906, -38.510651071857232 ], [ -66.64883039853467, -38.418843713821019 ], [ -66.763352932350429, -38.420739139509379 ], [ -66.764345282024323, -38.330638349775008 ], [ -65.674484893086245, -38.306304209584347 ] ] ] } },
{ "type": "Feature", "properties": { "codigo_indec": "420420105" }, "geometry": { "type": "Polygon", "coordinates": [ [ [ -66.877613376924089, -38.244286186248331 ], [ -66.876873058800939, -38.332571533624844 ], [ -66.992985109459951, -38.334451975817267 ], [ -66.993356226951548, -38.246160725273846 ], [ -66.877613376924089, -38.244286186248331 ] ] ] } },
{ "type": "Feature", "properties": { "codigo_indec": "420350608" }, "geometry": { "type": "Polygon", "coordinates": [ [ [ -64.274834795819089, -36.169701437723113 ], [ -64.166364431680492, -36.170909252763678 ], [ -64.165975658894638, -36.261631088592431 ], [ -64.275843134997487, -36.260909470764332 ], [ -64.274834795819089, -36.169701437723113 ] ], [ [ -64.242045825737932, -36.223613236022338 ], [ -64.242200676365016, -36.232220734318176 ], [ -64.227573762822018, -36.232284218674572 ], [ -64.227580663518637, -36.223602527939178 ], [ -64.242045825737932, -36.223613236022338 ] ] ] } },
{ "type": "Feature", "properties": { "codigo_indec": "420350605" }, "geometry": { "type": "Polygon", "coordinates": [ [ [ -64.49817242370959, -36.166989862484996 ], [ -64.500408895161911, -36.258903845797271 ], [ -64.718971306071396, -36.25598392153929 ], [ -64.717374899061895, -36.163825930330361 ], [ -64.49817242370959, -36.166989862484996 ] ] ] } },
{ "type": "Feature", "properties": { "codigo_indec": "420350502" }, "geometry": { "type": "Polygon", "coordinates": [ [ [ -64.219745658335469, -35.808973031204872 ], [ -64.048521310957568, -35.810770569945532 ], [ -64.048901746729527, -35.853970650579974 ], [ -63.990137676407947, -35.854470461671056 ], [ -63.991373740117908, -35.953627284222698 ], [ -64.111418872649011, -35.95257641969939 ], [ -64.111970334657002, -35.991894932024614 ], [ -64.16199384007497, -35.991532146027993 ], [ -64.161545836130202, -35.902298719495938 ], [ -64.220270966384149, -35.901813979006917 ], [ -64.219745658335469, -35.808973031204872 ] ], [ [ -64.165298607339068, -35.862301984527939 ], [ -64.162138680022139, -35.867790978109177 ], [ -64.147669109284195, -35.862211607087886 ], [ -64.152095204704494, -35.854543785972432 ], [ -64.164163576905779, -35.859198344475715 ], [ -64.162903929518464, -35.8613777886736 ], [ -64.165298607339068, -35.862301984527939 ] ] ] } },
{ "type": "Feature", "properties": { "codigo_indec": "421540602" }, "geometry": { "type": "Polygon", "coordinates": [ [ [ -64.175104024229199, -37.254704822460248 ], [ -64.177134544660106, -37.345953693620544 ], [ -64.17845348396375, -37.441050686177249 ], [ -64.181177671167831, -37.526663662495935 ], [ -64.290418583923838, -37.52620141965366 ], [ -64.288430189727393, -37.437158828564947 ], [ -64.288265643472812, -37.345348580120373 ], [ -64.287197830432504, -37.254677164852794 ], [ -64.175104024229199, -37.254704822460248 ] ], [ [ -64.23471019404937, -37.490390945863702 ], [ -64.234826865911927, -37.499122363445615 ], [ -64.212263646478704, -37.499210879968395 ], [ -64.212148637804248, -37.490520033404749 ], [ -64.23471019404937, -37.490390945863702 ] ] ] } },
{ "type": "Feature", "properties": { "codigo_indec": "421050502" }, "geometry": { "type": "Polygon", "coordinates": [ [ [ -63.878042222506402, -35.68474937031263 ], [ -63.879982953453883, -35.860897905191479 ], [ -63.83055271043893, -35.861249570549653 ], [ -63.830195518093817, -35.904569986033714 ], [ -63.935548031562526, -35.903846641549208 ], [ -63.936018707759899, -35.811972612101385 ], [ -63.935419932984566, -35.684314710438422 ], [ -63.878042222506402, -35.68474937031263 ] ] ] } },
{ "type": "Feature", "properties": { "codigo_indec": "420280402" }, "geometry": { "type": "Polygon", "coordinates": [ [ [ -63.608046001419375, -36.675006108093172 ], [ -63.384619156231295, -36.676634571729132 ], [ -63.384099270289795, -36.806413463832925 ], [ -63.608652341416885, -36.805747425011695 ], [ -63.608046001419375, -36.675006108093172 ] ] ] } },
{ "type": "Feature", "properties": { "codigo_indec": "420770208" }, "geometry": { "type": "Polygon", "coordinates": [ [ [ -63.558202410050356, -38.069918178417637 ], [ -63.557986182588827, -38.161268721010131 ], [ -63.736817195769348, -38.160488940578723 ], [ -63.73621257475142, -38.070231858910283 ], [ -63.558202410050356, -38.069918178417637 ] ] ] } },
{ "type": "Feature", "properties": { "codigo_indec": "421540403" }, "geometry": { "type": "Polygon", "coordinates": [ [ [ -64.628761917423603, -37.432007503656017 ], [ -64.627163724100896, -37.343600789885038 ], [ -64.523124543355522, -37.344536811761074 ], [ -64.523352146437304, -37.43221500413987 ], [ -64.628761917423603, -37.432007503656017 ] ], [ [ -64.605409307466772, -37.366960386444298 ], [ -64.615473661190435, -37.368132765876183 ], [ -64.615049948895177, -37.386417190584758 ], [ -64.602135138546885, -37.386152587435483 ], [ -64.602113478118667, -37.387319064598827 ], [ -64.597056172189895, -37.387259163221067 ], [ -64.597053351257514, -37.386047349557003 ], [ -64.592408841952732, -37.385956109414614 ], [ -64.592579695793944, -37.379232537089614 ], [ -64.584808912181785, -37.379410072344911 ], [ -64.584721100249382, -37.362754909110095 ], [ -64.596001267283285, -37.364961563153514 ], [ -64.596013604968718, -37.364299507800411 ], [ -64.599962089855296, -37.364873377803036 ], [ -64.600442039348295, -37.362734784920875 ], [ -64.605388055123896, -37.363230178964059 ], [ -64.605553528222572, -37.362065392044357 ], [ -64.606694206638593, -37.363403242196775 ], [ -64.607244619504272, -37.365837802193944 ], [ -64.605409307466772, -37.366960386444298 ] ] ] } },
{ "type": "Feature", "properties": { "codigo_indec": "421330704" }, "geometry": { "type": "Polygon", "coordinates": [ [ [ -64.202878160196576, -35.360060998821197 ], [ -64.201291656371481, -35.221582877232336 ], [ -64.15290726825954, -35.221696698954041 ], [ -64.152440467322108, -35.269385005481382 ], [ -64.101519753427695, -35.269858092080952 ], [ -64.100873710534771, -35.222076392509308 ], [ -64.042877953436474, -35.222301356085389 ], [ -64.042675106704621, -35.270379983627272 ], [ -64.044587716788769, -35.360531518439515 ], [ -64.202878160196576, -35.360060998821197 ] ], [ [ -64.120644523339678, -35.335118050656455 ], [ -64.118644618664845, -35.338250044206113 ], [ -64.108628113089424, -35.334133050658366 ], [ -64.113533759418488, -35.326288432090934 ], [ -64.123596863509121, -35.330500358834726 ], [ -64.122164950287996, -35.332740061636976 ], [ -64.12333598185117, -35.333222355200341 ], [ -64.122479710518704, -35.334583343203825 ], [ -64.123655850325292, -35.335083736778024 ], [ -64.12304373980551, -35.33611057938424 ], [ -64.120644523339678, -35.335118050656455 ] ] ] } },
{ "type": "Feature", "properties": { "codigo_indec": "420350306" }, "geometry": { "type": "Polygon", "coordinates": [ [ [ -64.27238864662111, -35.901363272210617 ], [ -64.288667871633564, -35.907494266381001 ], [ -64.29048709214149, -35.904280653829886 ], [ -64.292890651966161, -35.905179932775518 ], [ -64.29395427735092, -35.90323060573305 ], [ -64.296404617012115, -35.904143996111735 ], [ -64.297490287286791, -35.902194948921263 ], [ -64.300069103181073, -35.903186682050091 ], [ -64.298972986402632, -35.905108571225789 ], [ -64.303912428880395, -35.906949164467633 ], [ -64.302826459186036, -35.908916287802093 ], [ -64.305202815414432, -35.90980592719 ], [ -64.304096686963007, -35.911808821384582 ], [ -64.306514574732844, -35.91270352803771 ], [ -64.303425678905, -35.918201813794106 ], [ -64.305824465509815, -35.91909176030979 ], [ -64.304672182614283, -35.921175105006135 ], [ -64.302284422798479, -35.920285291042148 ], [ -64.30010422869087, -35.92419233284636 ], [ -64.27316527209905, -35.914170332404446 ], [ -64.272057179749908, -35.916096295229551 ], [ -64.272868861358589, -35.9906525104604 ], [ -64.327385169818228, -35.990181639344804 ], [ -64.325891370734155, -35.90087769389234 ], [ -64.27238864662111, -35.901363272210617 ] ] ] } },
{ "type": "Feature", "properties": { "codigo_indec": "420210106" }, "geometry": { "type": "Polygon", "coordinates": [ [ [ -64.278885289523643, -36.533210818338908 ], [ -64.165703191148282, -36.534492118397289 ], [ -64.165957855799007, -36.6245295900112 ], [ -64.244807671303178, -36.623829959562663 ], [ -64.245036159280872, -36.605493107858642 ], [ -64.2613015221187, -36.60539371060861 ], [ -64.261381608317478, -36.603444167716681 ], [ -64.253447494526867, -36.600953932219063 ], [ -64.253529089883656, -36.599193632171882 ], [ -64.26101443339607, -36.601506117346688 ], [ -64.261118984725243, -36.597471063929234 ], [ -64.267272462212489, -36.597506648502254 ], [ -64.267314465965825, -36.599250739214312 ], [ -64.274410428439126, -36.598745529009946 ], [ -64.274341387358561, -36.595825210299182 ], [ -64.267115328938274, -36.595914056993571 ], [ -64.266810393164093, -36.573451573377142 ], [ -64.278772977996212, -36.573516818040559 ], [ -64.278885289523643, -36.533210818338908 ] ] ] } },
{ "type": "Feature", "properties": { "codigo_indec": "420210105" }, "geometry": { "type": "Polygon", "coordinates": [ [ [ -64.389351203815139, -36.531857361215529 ], [ -64.278885289523643, -36.533210818338908 ], [ -64.278792452110082, -36.57792312573919 ], [ -64.300295650074816, -36.577763215718392 ], [ -64.300536935871051, -36.594399660496315 ], [ -64.306829211453248, -36.594466713351558 ], [ -64.306803235345825, -36.597061307660574 ], [ -64.311660815779618, -36.597211329733781 ], [ -64.310983103709987, -36.601643797939644 ], [ -64.306909654354399, -36.6015229109248 ], [ -64.306782531198621, -36.604143095851889 ], [ -64.306145535186957, -36.604143051637259 ], [ -64.306038579247357, -36.606222904660761 ], [ -64.303286438304028, -36.606228793604309 ], [ -64.30328570821257, -36.612382795011513 ], [ -64.301141472476615, -36.612816265233732 ], [ -64.301172691729548, -36.61470435930206 ], [ -64.30948837644587, -36.62327427861365 ], [ -64.311828641298746, -36.624370678561817 ], [ -64.315328533684209, -36.624577908202284 ], [ -64.31659726071517, -36.62329386182148 ], [ -64.397284560928327, -36.623158868764691 ], [ -64.389351203815139, -36.531857361215529 ] ] ] } },
{ "type": "Feature", "properties": { "codigo_indec": "421540515" }, "geometry": { "type": "Polygon", "coordinates": [ [ [ -64.598244535759761, -37.381651316222332 ], [ -64.598193334058251, -37.383794976142703 ], [ -64.60376617371, -37.383896953969106 ], [ -64.60378904098306, -37.382816080431873 ], [ -64.602358457450464, -37.382790169265888 ], [ -64.602386737187132, -37.381722874251665 ], [ -64.598244535759761, -37.381651316222332 ] ] ] } },
{ "type": "Feature", "properties": { "codigo_indec": "421540514" }, "geometry": { "type": "Polygon", "coordinates": [ [ [ -64.602386737187132, -37.381722874251665 ], [ -64.602358457450464, -37.382790169265888 ], [ -64.60378904098306, -37.382816080431873 ], [ -64.603779603150258, -37.383325007438522 ], [ -64.60376617371, -37.383896953969106 ], [ -64.602358145924654, -37.383871308982705 ], [ -64.602304465623519, -37.386154589237456 ], [ -64.60653133679935, -37.386240519252382 ], [ -64.606579495075422, -37.383943656647098 ], [ -64.607942374563152, -37.38396871981675 ], [ -64.607987738394542, -37.381820479877945 ], [ -64.602386737187132, -37.381722874251665 ] ] ] } },
{ "type": "Feature", "properties": { "codigo_indec": "421540508" }, "geometry": { "type": "Polygon", "coordinates": [ [ [ -64.601133617118393, -37.377311403588955 ], [ -64.592634925963921, -37.377183527366704 ], [ -64.592574096021195, -37.379381127583862 ], [ -64.599704513418828, -37.379488309428531 ], [ -64.599733833009125, -37.378366969915028 ], [ -64.601105072280191, -37.378392210081856 ], [ -64.601133617118393, -37.377311403588955 ] ] ] } },
{ "type": "Feature", "properties": { "codigo_indec": "421540506" }, "geometry": { "type": "Polygon", "coordinates": [ [ [ -64.599855049004063, -37.373061788199671 ], [ -64.599756670190416, -37.377290601094089 ], [ -64.605337832143817, -37.377374580304924 ], [ -64.605496261123804, -37.371867112654201 ], [ -64.604032108711067, -37.371836322817131 ], [ -64.60402334405461, -37.37230922052369 ], [ -64.602950977473299, -37.372913709831678 ], [ -64.599855049004063, -37.373061788199671 ] ] ] } },
{ "type": "Feature", "properties": { "codigo_indec": "421470215" }, "geometry": { "type": "Polygon", "coordinates": [ [ [ -64.135492227516153, -35.69852045291757 ], [ -64.128181097966603, -35.700912071269933 ], [ -64.128685156417546, -35.701915653463587 ], [ -64.126205167305926, -35.702733126305986 ], [ -64.129215385396833, -35.708772437926747 ], [ -64.139029521493313, -35.705554429022868 ], [ -64.135492227516153, -35.69852045291757 ] ] ] } },
{ "type": "Feature", "properties": { "codigo_indec": "421470101" }, "geometry": { "type": "Polygon", "coordinates": [ [ [ -64.361639052978461, -35.636576679636278 ], [ -64.361174258505514, -35.635416859019124 ], [ -64.363510066927532, -35.634822309649415 ], [ -64.362595721131669, -35.632565969111745 ], [ -64.34988798887305, -35.635771903981741 ], [ -64.351684166586239, -35.640225739670839 ], [ -64.359044348326051, -35.638357206652834 ], [ -64.358637332625847, -35.637342351158928 ], [ -64.361639052978461, -35.636576679636278 ] ] ] } },
{ "type": "Feature", "properties": { "codigo_indec": "421400301" }, "geometry": { "type": "Polygon", "coordinates": [ [ [ -64.396739299153737, -36.92751464241767 ], [ -64.392726120647637, -36.927433363927427 ], [ -64.392757850971478, -36.928460926380112 ], [ -64.393876150684648, -36.928516601358268 ], [ -64.3940153341551, -36.92950507201661 ], [ -64.395186944134664, -36.929561455756307 ], [ -64.395272001743379, -36.930589738217776 ], [ -64.396660461693273, -36.930608493062323 ], [ -64.396739299153737, -36.92751464241767 ] ] ] } },
{ "type": "Feature", "properties": { "codigo_indec": "421400219" }, "geometry": { "type": "Polygon", "coordinates": [ [ [ -64.32256487087416, -36.653138909549135 ], [ -64.330775533386017, -36.659746160609458 ], [ -64.33669821501725, -36.65476077660616 ], [ -64.328585520204484, -36.648276942781628 ], [ -64.32256487087416, -36.653138909549135 ] ] ] } },
{ "type": "Feature", "properties": { "codigo_indec": "421400217" }, "geometry": { "type": "Polygon", "coordinates": [ [ [ -64.333487401337848, -36.64431805569631 ], [ -64.340167664062406, -36.649682350925531 ], [ -64.344855617646331, -36.645769565384896 ], [ -64.336744603438689, -36.641687541516681 ], [ -64.333487401337848, -36.64431805569631 ] ] ] } },
{ "type": "Feature", "properties": { "codigo_indec": "421330201" }, "geometry": { "type": "Polygon", "coordinates": [ [ [ -64.239373033441154, -35.034432388566579 ], [ -64.246044508834899, -35.035268045760056 ], [ -64.245241997242346, -35.039618405462782 ], [ -64.251835121010117, -35.040425579965515 ], [ -64.253519527072896, -35.031176144242721 ], [ -64.24859431819381, -35.030541866251646 ], [ -64.248343288041184, -35.03190811747573 ], [ -64.246679476973952, -35.03170383471403 ], [ -64.246417596676281, -35.033191590865854 ], [ -64.239748926257235, -35.032360503305142 ], [ -64.239373033441154, -35.034432388566579 ] ] ] } },
{ "type": "Feature", "properties": { "codigo_indec": "421330101" }, "geometry": { "type": "Polygon", "coordinates": [ [ [ -64.38918979058117, -35.04570708329905 ], [ -64.389962118826304, -35.037065288942522 ], [ -64.376907537250531, -35.036291988126358 ], [ -64.376179657038662, -35.043726597961609 ], [ -64.375079586982793, -35.043662297331672 ], [ -64.374967401370967, -35.044900016432138 ], [ -64.38918979058117, -35.04570708329905 ] ] ] } },
{ "type": "Feature", "properties": { "codigo_indec": "421260509" }, "geometry": { "type": "Polygon", "coordinates": [ [ [ -64.556399391164476, -35.59476134728137 ], [ -64.556397278913153, -35.60010093927972 ], [ -64.557513944009472, -35.600132337354516 ], [ -64.55750001125665, -35.599064247279998 ], [ -64.563474973594623, -35.599068041892494 ], [ -64.563480320210616, -35.59475585303386 ], [ -64.556399391164476, -35.59476134728137 ] ] ] } },
{ "type": "Feature", "properties": { "codigo_indec": "421190402" }, "geometry": { "type": "MultiPolygon", "coordinates": [ [ [ [ -63.451875602875823, -36.260310605978553 ], [ -63.452763607014958, -36.258915080047281 ], [ -63.451403014433815, -36.259277981460549 ], [ -63.451875602875823, -36.260310605978553 ] ] ], [ [ [ -63.446278707434381, -36.262060582268894 ], [ -63.447977975436338, -36.259412120831534 ], [ -63.450365207221424, -36.26040452884714 ], [ -63.45193953559194, -36.257915508784045 ], [ -63.450720853352067, -36.257421044474988 ], [ -63.451577102358648, -36.256060886411433 ], [ -63.449189982749139, -36.255068506613547 ], [ -63.450048569278039, -36.253721922859441 ], [ -63.448320120779883, -36.253000338526363 ], [ -63.445825107468721, -36.256861571324528 ], [ -63.444422931879856, -36.256282039721583 ], [ -63.443597284757843, -36.257552706188299 ], [ -63.444993477652304, -36.258145633680506 ], [ -63.443277172939659, -36.260802696535386 ], [ -63.446278707434381, -36.262060582268894 ] ] ] ] } },
{ "type": "Feature", "properties": { "codigo_indec": "421190311" }, "geometry": { "type": "Polygon", "coordinates": [ [ [ -63.850417484835354, -36.151632020221328 ], [ -63.850443541019025, -36.156984524109625 ], [ -63.866295878180097, -36.15697533221045 ], [ -63.867825845569335, -36.153200295081817 ], [ -63.865421371238895, -36.152553757909978 ], [ -63.864318822145663, -36.155313734101462 ], [ -63.850417484835354, -36.151632020221328 ] ] ] } },
{ "type": "Feature", "properties": { "codigo_indec": "421051006" }, "geometry": { "type": "Polygon", "coordinates": [ [ [ -63.771048813991214, -35.666059863212695 ], [ -63.769431791464562, -35.667426554542921 ], [ -63.775821826825904, -35.672320452756836 ], [ -63.776410000053438, -35.6718177147674 ], [ -63.774336419413359, -35.670139449147882 ], [ -63.775218789752465, -35.669380848240856 ], [ -63.777822690883781, -35.671447338951502 ], [ -63.77781830634094, -35.668419680553178 ], [ -63.776597160416209, -35.667460020357133 ], [ -63.774754215728258, -35.669011833838617 ], [ -63.771048813991214, -35.666059863212695 ] ] ] } },
{ "type": "Feature", "properties": { "codigo_indec": "421050803" }, "geometry": { "type": "Polygon", "coordinates": [ [ [ -63.7745466291178, -35.653023098791557 ], [ -63.777053187679506, -35.654997694997284 ], [ -63.77775368846892, -35.654420430461684 ], [ -63.77775133012387, -35.65271286536273 ], [ -63.775608846855697, -35.652141665284411 ], [ -63.7745466291178, -35.653023098791557 ] ] ] } },
{ "type": "Feature", "properties": { "codigo_indec": "421050707" }, "geometry": { "type": "Polygon", "coordinates": [ [ [ -63.737092711153636, -35.657641087734078 ], [ -63.741043930172843, -35.660724841715066 ], [ -63.74194932510526, -35.65993988815633 ], [ -63.739000492837384, -35.657622875205277 ], [ -63.739968464910973, -35.656771531968701 ], [ -63.738969218812393, -35.655991371553071 ], [ -63.737092711153636, -35.657641087734078 ] ] ] } },
{ "type": "Feature", "properties": { "codigo_indec": "421050703" }, "geometry": { "type": "Polygon", "coordinates": [ [ [ -63.749544637407418, -35.659577542754512 ], [ -63.748424842751326, -35.660529745962315 ], [ -63.75227006670525, -35.663575114561958 ], [ -63.750087597953076, -35.665408541846162 ], [ -63.75017166638505, -35.666347215502263 ], [ -63.75333682280754, -35.668848213293622 ], [ -63.757340751643895, -35.665453804094312 ], [ -63.749544637407418, -35.659577542754512 ] ] ] } },
{ "type": "Feature", "properties": { "codigo_indec": "421050417" }, "geometry": { "type": "Polygon", "coordinates": [ [ [ -63.750583526730587, -35.655605262394637 ], [ -63.74769710208593, -35.658137331775151 ], [ -63.750655059879243, -35.660138935315075 ], [ -63.753359107905091, -35.657810635506671 ], [ -63.750583526730587, -35.655605262394637 ] ] ] } },
{ "type": "Feature", "properties": { "codigo_indec": "421050415" }, "geometry": { "type": "Polygon", "coordinates": [ [ [ -63.756888177418034, -35.654794819543881 ], [ -63.753359107905091, -35.657810635506671 ], [ -63.756286058645799, -35.660135906305477 ], [ -63.759815129856307, -35.657120005280156 ], [ -63.756888177418034, -35.654794819543881 ] ] ] } },
{ "type": "Feature", "properties": { "codigo_indec": "421050413" }, "geometry": { "type": "Polygon", "coordinates": [ [ [ -63.750281790279899, -35.651013220982946 ], [ -63.747656907329414, -35.653279863297634 ], [ -63.750583526730587, -35.655605262394637 ], [ -63.753197880543048, -35.6533203390239 ], [ -63.750281790279899, -35.651013220982946 ] ] ] } },
{ "type": "Feature", "properties": { "codigo_indec": "421050407" }, "geometry": { "type": "Polygon", "coordinates": [ [ [ -63.757489558005901, -35.646318009597131 ], [ -63.753913486845249, -35.649450115005948 ], [ -63.755857228931077, -35.651000151715472 ], [ -63.759444333338017, -35.647868194391357 ], [ -63.757489558005901, -35.646318009597131 ] ] ] } },
{ "type": "Feature", "properties": { "codigo_indec": "421050308" }, "geometry": { "type": "Polygon", "coordinates": [ [ [ -63.761816747899147, -35.660166790769317 ], [ -63.759170044105595, -35.662424265689189 ], [ -63.761978200318929, -35.664666094938759 ], [ -63.764646725963324, -35.662417974703466 ], [ -63.761816747899147, -35.660166790769317 ] ] ] } },
{ "type": "Feature", "properties": { "codigo_indec": "421050303" }, "geometry": { "type": "Polygon", "coordinates": [ [ [ -63.770990736632328, -35.657030121975886 ], [ -63.767349712578863, -35.660116367248094 ], [ -63.76921847924514, -35.661601729452507 ], [ -63.771050062588969, -35.660058798385009 ], [ -63.771987356481887, -35.660797003386236 ], [ -63.773777737388833, -35.659244255996114 ], [ -63.770990736632328, -35.657030121975886 ] ] ] } },
{ "type": "Feature", "properties": { "codigo_indec": "421050302" }, "geometry": { "type": "Polygon", "coordinates": [ [ [ -63.769100469352615, -35.655526367894289 ], [ -63.767280244121807, -35.657060471435919 ], [ -63.765390048946081, -35.655556661555181 ], [ -63.763558217693216, -35.657108513270011 ], [ -63.767349712578863, -35.660116367248094 ], [ -63.770990736632328, -35.657030121975886 ], [ -63.769100469352615, -35.655526367894289 ] ] ] } },
{ "type": "Feature", "properties": { "codigo_indec": "421050207" }, "geometry": { "type": "Polygon", "coordinates": [ [ [ -63.731465526558964, -35.662490977779207 ], [ -63.73174897989125, -35.679003655926671 ], [ -63.74954162145972, -35.678166338780073 ], [ -63.750536708156645, -35.677337948810973 ], [ -63.731465526558964, -35.662490977779207 ] ] ] } },
{ "type": "Feature", "properties": { "codigo_indec": "420910101" }, "geometry": { "type": "Polygon", "coordinates": [ [ [ -66.674354622003563, -37.155631390966377 ], [ -66.672344811164848, -37.158129684734647 ], [ -66.671446924090077, -37.1603468316099 ], [ -66.673654076421911, -37.162316595482004 ], [ -66.674523731962893, -37.162311648656349 ], [ -66.675057139422478, -37.161209341689627 ], [ -66.675548885754637, -37.16143630488876 ], [ -66.67650890076203, -37.159254814786735 ], [ -66.676218939493609, -37.15735076763319 ], [ -66.67653792389909, -37.15651097863892 ], [ -66.674354622003563, -37.155631390966377 ] ] ] } },
{ "type": "Feature", "properties": { "codigo_indec": "420630102" }, "geometry": { "type": "Polygon", "coordinates": [ [ [ -68.010021558885612, -36.347345338912412 ], [ -68.009939166099841, -36.354644942932318 ], [ -68.016579629346523, -36.354492469968648 ], [ -68.016374158382447, -36.347499569301483 ], [ -68.010021558885612, -36.347345338912412 ] ] ] } },
{ "type": "Feature", "properties": { "codigo_indec": "420560515" }, "geometry": { "type": "Polygon", "coordinates": [ [ [ -63.580920842885327, -35.241985156228615 ], [ -63.580894057805537, -35.245935841689345 ], [ -63.578474931990328, -35.245932488170801 ], [ -63.578463653171028, -35.247788478427069 ], [ -63.591568881490034, -35.247847402704203 ], [ -63.591580794044233, -35.245959880082296 ], [ -63.585737673902287, -35.245947015789987 ], [ -63.585789456198754, -35.241978801878162 ], [ -63.580920842885327, -35.241985156228615 ] ] ] } },
{ "type": "Feature", "properties": { "codigo_indec": "420560513" }, "geometry": { "type": "Polygon", "coordinates": [ [ [ -63.591672409093476, -35.228566357152012 ], [ -63.58098976368251, -35.22857399236289 ], [ -63.580920842885327, -35.241985156228615 ], [ -63.58603931610304, -35.241979283122049 ], [ -63.586089983938464, -35.230730326085784 ], [ -63.591660634973557, -35.230728716721899 ], [ -63.591672409093476, -35.228566357152012 ] ] ] } },
{ "type": "Feature", "properties": { "codigo_indec": "420560101" }, "geometry": { "type": "Polygon", "coordinates": [ [ [ -63.907869122615004, -35.025770394066761 ], [ -63.916077535930093, -35.025762994106842 ], [ -63.91606267610095, -35.020630547750777 ], [ -63.915583393563857, -35.020631325233929 ], [ -63.915572485790456, -35.019982291682574 ], [ -63.913380504232713, -35.019809432291936 ], [ -63.902537589274509, -35.019838726680028 ], [ -63.902545323478577, -35.021465476879726 ], [ -63.906661678228133, -35.02145997962139 ], [ -63.906655803795886, -35.022442157048822 ], [ -63.907860761332309, -35.022444920865027 ], [ -63.907869122615004, -35.025770394066761 ] ] ] } },
{ "type": "Feature", "properties": { "codigo_indec": "420350602" }, "geometry": { "type": "Polygon", "coordinates": [ [ [ -64.227577691966559, -36.225089247401748 ], [ -64.227575339659836, -36.228396133776975 ], [ -64.23449849446294, -36.228394893415711 ], [ -64.234486253449916, -36.225105809164923 ], [ -64.227577691966559, -36.225089247401748 ] ] ] } },
{ "type": "Feature", "properties": { "codigo_indec": "420280301" }, "geometry": { "type": "Polygon", "coordinates": [ [ [ -63.4209019762406, -36.406422472419074 ], [ -63.426702912883428, -36.408957603532208 ], [ -63.428571005409303, -36.406047415448732 ], [ -63.425142900050552, -36.404559088943749 ], [ -63.426395188629378, -36.402662674062682 ], [ -63.424060179316655, -36.40165734459233 ], [ -63.4209019762406, -36.406422472419074 ] ] ] } },
{ "type": "Feature", "properties": { "codigo_indec": "420210917" }, "geometry": { "type": "Polygon", "coordinates": [ [ [ -64.265300746310317, -36.640001602630988 ], [ -64.26542108082451, -36.647472783620984 ], [ -64.280459199881804, -36.647271899778318 ], [ -64.280529310310627, -36.646633189092242 ], [ -64.274500171898154, -36.643104096486773 ], [ -64.271409937481351, -36.639919235876683 ], [ -64.265300746310317, -36.640001602630988 ] ] ] } },
{ "type": "Feature", "properties": { "codigo_indec": "420210911" }, "geometry": { "type": "Polygon", "coordinates": [ [ [ -64.274341187590608, -36.632564378889327 ], [ -64.27440232538585, -36.635462041593243 ], [ -64.275691191385235, -36.635444667385777 ], [ -64.275707420760469, -36.636472064203893 ], [ -64.280549713108073, -36.636411422322411 ], [ -64.280280523315199, -36.631672675320608 ], [ -64.280269985403208, -36.632523987383692 ], [ -64.274341187590608, -36.632564378889327 ] ] ] } },
{ "type": "Feature", "properties": { "codigo_indec": "420210910" }, "geometry": { "type": "Polygon", "coordinates": [ [ [ -64.274364751045468, -36.629753538973354 ], [ -64.274341187590608, -36.632564378889327 ], [ -64.280269985403208, -36.632523987383692 ], [ -64.280061068853996, -36.630732445303501 ], [ -64.27698049053609, -36.630764508305781 ], [ -64.276981105815153, -36.629732849150507 ], [ -64.274364751045468, -36.629753538973354 ] ] ] } },
{ "type": "Feature", "properties": { "codigo_indec": "420210820" }, "geometry": { "type": "Polygon", "coordinates": [ [ [ -64.284257707003647, -36.644267727235366 ], [ -64.282152034466051, -36.646066440612664 ], [ -64.280868917364188, -36.648332006427893 ], [ -64.281180701723756, -36.658324286214189 ], [ -64.283133356753041, -36.660032853100404 ], [ -64.286228003611086, -36.657401411670655 ], [ -64.288774483444243, -36.659442798789883 ], [ -64.291764522776361, -36.656980900762896 ], [ -64.287981830016463, -36.653953215404869 ], [ -64.289354610618801, -36.652810629945051 ], [ -64.285036154900268, -36.649500344459767 ], [ -64.288619328299234, -36.646497436855 ], [ -64.285295131273315, -36.643872704936072 ], [ -64.284559795687102, -36.644510849097387 ], [ -64.284257707003647, -36.644267727235366 ] ] ] } },
{ "type": "Feature", "properties": { "codigo_indec": "420210813" }, "geometry": { "type": "Polygon", "coordinates": [ [ [ -64.295663814832906, -36.627334616358986 ], [ -64.293886512437254, -36.625935112534727 ], [ -64.290773539939721, -36.628201606615015 ], [ -64.292779248471788, -36.629762109292066 ], [ -64.295663814832906, -36.627334616358986 ] ] ] } },
{ "type": "Feature", "properties": { "codigo_indec": "420210809" }, "geometry": { "type": "Polygon", "coordinates": [ [ [ -64.283375621516228, -36.634388849499402 ], [ -64.280565158787994, -36.636722497124218 ], [ -64.280664502377931, -36.641684043113024 ], [ -64.286455766321083, -36.636780362078589 ], [ -64.283375621516228, -36.634388849499402 ] ] ] } },
{ "type": "Feature", "properties": { "codigo_indec": "420210804" }, "geometry": { "type": "Polygon", "coordinates": [ [ [ -64.286546031210904, -36.623491594147154 ], [ -64.279919106262057, -36.623540247933484 ], [ -64.279995447601408, -36.627523864000011 ], [ -64.281027109460965, -36.62825957371345 ], [ -64.286546031210904, -36.623491594147154 ] ] ] } },
{ "type": "Feature", "properties": { "codigo_indec": "420210713" }, "geometry": { "type": "Polygon", "coordinates": [ [ [ -64.304695349893237, -36.626864320543753 ], [ -64.30187412307653, -36.629220857194184 ], [ -64.303101652647413, -36.630211456971928 ], [ -64.3048787004888, -36.628700514361689 ], [ -64.307275181824906, -36.63068080788608 ], [ -64.308442751244201, -36.629688247685685 ], [ -64.304695349893237, -36.626864320543753 ] ] ] } },
{ "type": "Feature", "properties": { "codigo_indec": "420210602" }, "geometry": { "type": "Polygon", "coordinates": [ [ [ -64.295578701055277, -36.610132845191629 ], [ -64.295693482754331, -36.614184595520392 ], [ -64.301195637661706, -36.61518673518934 ], [ -64.301141472476615, -36.612816265233732 ], [ -64.30328570821257, -36.612382795011513 ], [ -64.303286371759555, -36.609292283886525 ], [ -64.297984844795877, -36.609095024031781 ], [ -64.298005381271309, -36.61019456896296 ], [ -64.295578701055277, -36.610132845191629 ] ] ] } },
{ "type": "Feature", "properties": { "codigo_indec": "420210516" }, "geometry": { "type": "Polygon", "coordinates": [ [ [ -64.279418847438691, -36.604305198129623 ], [ -64.279451564986189, -36.607233998133466 ], [ -64.2818311460031, -36.60727284464739 ], [ -64.281854846139368, -36.608345404883046 ], [ -64.286067035506534, -36.608270923539926 ], [ -64.286014301139744, -36.604341697278429 ], [ -64.279418847438691, -36.604305198129623 ] ] ] } },
{ "type": "Feature", "properties": { "codigo_indec": "420210421" }, "geometry": { "type": "Polygon", "coordinates": [ [ [ -64.244952454594539, -36.61461018173685 ], [ -64.244807671303178, -36.623829959562663 ], [ -64.252155720610048, -36.623775824670126 ], [ -64.252130840441197, -36.619680333372592 ], [ -64.253646013657018, -36.619652999938126 ], [ -64.253612821042069, -36.615178955627435 ], [ -64.255427093901886, -36.615142467549617 ], [ -64.252962447650617, -36.614529695990676 ], [ -64.244952454594539, -36.61461018173685 ] ] ] } },
{ "type": "Feature", "properties": { "codigo_indec": "420210419" }, "geometry": { "type": "Polygon", "coordinates": [ [ [ -64.260438206929621, -36.620441661679955 ], [ -64.260479762639591, -36.623690441966353 ], [ -64.269904498743514, -36.62362046877945 ], [ -64.267856386883381, -36.619112633754341 ], [ -64.264932813790438, -36.619142168166363 ], [ -64.264940862537841, -36.620403713286052 ], [ -64.260438206929621, -36.620441661679955 ] ] ] } },
{ "type": "Feature", "properties": { "codigo_indec": "420210417" }, "geometry": { "type": "Polygon", "coordinates": [ [ [ -64.26785547670022, -36.618279176584203 ], [ -64.269904498743514, -36.62362046877945 ], [ -64.273630820076704, -36.623566410391739 ], [ -64.273531253528688, -36.620262726057391 ], [ -64.274233354534772, -36.619353858181022 ], [ -64.26785547670022, -36.618279176584203 ] ] ] } },
{ "type": "Feature", "properties": { "codigo_indec": "420210415" }, "geometry": { "type": "Polygon", "coordinates": [ [ [ -64.267709821429548, -36.612051003883941 ], [ -64.267786215760367, -36.614381254554473 ], [ -64.269770460249461, -36.614365039349991 ], [ -64.269793765082014, -36.615572746306405 ], [ -64.271487533815986, -36.615552283594091 ], [ -64.271434779772605, -36.612033028623131 ], [ -64.267709821429548, -36.612051003883941 ] ] ] } },
{ "type": "Feature", "properties": { "codigo_indec": "420210406" }, "geometry": { "type": "Polygon", "coordinates": [ [ [ -64.279418847438691, -36.604305198129623 ], [ -64.27232707635244, -36.604225096599201 ], [ -64.272386512071122, -36.606194693621788 ], [ -64.279451434059183, -36.606233859915157 ], [ -64.279418847438691, -36.604305198129623 ] ] ] } },
{ "type": "Feature", "properties": { "codigo_indec": "420210312" }, "geometry": { "type": "Polygon", "coordinates": [ [ [ -64.296319059636517, -36.592861741893287 ], [ -64.296318899726501, -36.59439348693153 ], [ -64.297673812064602, -36.59439032621399 ], [ -64.29769266417361, -36.596710742028542 ], [ -64.30057285398253, -36.596837453904854 ], [ -64.300518057142696, -36.59284061208205 ], [ -64.296319059636517, -36.592861741893287 ] ] ] } },
{ "type": "Feature", "properties": { "codigo_indec": "420210309" }, "geometry": { "type": "Polygon", "coordinates": [ [ [ -64.279023583761202, -36.589274896870279 ], [ -64.27914550614075, -36.594601719665178 ], [ -64.286194826434922, -36.59454113512647 ], [ -64.286197942788291, -36.595536813965104 ], [ -64.288500876603351, -36.595614966753011 ], [ -64.288433897533437, -36.590933170378783 ], [ -64.283220951673727, -36.590957291473579 ], [ -64.283188858082823, -36.589253888944164 ], [ -64.279023583761202, -36.589274896870279 ] ] ] } },
{ "type": "Feature", "properties": { "codigo_indec": "420210307" }, "geometry": { "type": "Polygon", "coordinates": [ [ [ -64.29832764686968, -36.589295339935134 ], [ -64.298333015573576, -36.590831670374342 ], [ -64.296318544792328, -36.590852441908005 ], [ -64.296319059636517, -36.592861741893287 ], [ -64.300518057142696, -36.59284061208205 ], [ -64.300492770610518, -36.589281187819488 ], [ -64.29832764686968, -36.589295339935134 ] ] ] } },
{ "type": "Feature", "properties": { "codigo_indec": "420210305" }, "geometry": { "type": "Polygon", "coordinates": [ [ [ -64.295090885178169, -36.581392102150552 ], [ -64.288266118156969, -36.581456453382565 ], [ -64.288385439197128, -36.589333150979485 ], [ -64.29520741450834, -36.589300297202421 ], [ -64.295090885178169, -36.581392102150552 ] ] ] } },
{ "type": "Feature", "properties": { "codigo_indec": "420140202" }, "geometry": { "type": "Polygon", "coordinates": [ [ [ -63.850014061432113, -38.96595999776553 ], [ -63.860893146473707, -38.968641286951602 ], [ -63.861686128801416, -38.966633871639743 ], [ -63.868037192432396, -38.966245756213979 ], [ -63.869782369771642, -38.964696999511276 ], [ -63.871665823530925, -38.958525901008734 ], [ -63.873114033930165, -38.957737224774803 ], [ -63.875399952789792, -38.958251720155253 ], [ -63.875891695675762, -38.956463876196331 ], [ -63.872353993461381, -38.955669882154815 ], [ -63.871750084650841, -38.957541226143015 ], [ -63.855198736788928, -38.953946228535749 ], [ -63.850014061432113, -38.96595999776553 ] ] ] } },
{ "type": "Feature", "properties": { "codigo_indec": "420070413" }, "geometry": { "type": "Polygon", "coordinates": [ [ [ -63.668681417084301, -37.139035292641893 ], [ -63.668695349918316, -37.140139116970069 ], [ -63.667294415239937, -37.140138566266494 ], [ -63.667302565940268, -37.14124678072411 ], [ -63.672816699684127, -37.141238116080878 ], [ -63.672799684703939, -37.139039688528129 ], [ -63.668681417084301, -37.139035292641893 ] ] ] } },
{ "type": "Feature", "properties": { "codigo_indec": "420070208" }, "geometry": { "type": "Polygon", "coordinates": [ [ [ -63.68321286986501, -36.854521298602904 ], [ -63.683222960834847, -36.859755699725454 ], [ -63.688648640784777, -36.859775799101179 ], [ -63.688665401166503, -36.855591460182779 ], [ -63.687297679873865, -36.855591870530297 ], [ -63.687299301133059, -36.854515330470015 ], [ -63.68321286986501, -36.854521298602904 ] ] ] } },
{ "type": "Feature", "properties": { "codigo_indec": "420070110" }, "geometry": { "type": "Polygon", "coordinates": [ [ [ -64.003028680006963, -37.149908425569556 ], [ -64.003033642291129, -37.151858979337014 ], [ -64.006915166441402, -37.152879306403975 ], [ -64.006461015720802, -37.154529339961172 ], [ -64.016731505086312, -37.156472008568301 ], [ -64.017420015847492, -37.15413665816618 ], [ -64.012063537934296, -37.153127969777195 ], [ -64.012866488429452, -37.150294560394826 ], [ -64.010410927440631, -37.14983442568797 ], [ -64.010138529207964, -37.150780312224228 ], [ -64.003028680006963, -37.149908425569556 ] ] ] } },
{ "type": "Feature", "properties": { "codigo_indec": "420770201" }, "geometry": { "type": "Polygon", "coordinates": [ [ [ -63.608829577072655, -37.976967978095836 ], [ -63.604085992171576, -37.972020912195696 ], [ -63.601914931701828, -37.973350276622973 ], [ -63.605078159835251, -37.976589867613576 ], [ -63.604558151575141, -37.976921554366974 ], [ -63.605352108715323, -37.977788928927062 ], [ -63.605898145480609, -37.977444257691197 ], [ -63.606726240221363, -37.978312318376595 ], [ -63.608829577072655, -37.976967978095836 ] ] ] } },
{ "type": "Feature", "properties": { "codigo_indec": "420070101" }, "geometry": { "type": "Polygon", "coordinates": [ [ [ -64.01368191965237, -37.147411802696062 ], [ -64.00547616037521, -37.145855014149859 ], [ -64.003016914331837, -37.145863139611812 ], [ -64.003028680006963, -37.149908425569556 ], [ -64.010138529207964, -37.150780312224228 ], [ -64.010410927440631, -37.14983442568797 ], [ -64.012866488429452, -37.150294560394826 ], [ -64.01368191965237, -37.147411802696062 ] ] ] } },
{ "type": "Feature", "properties": { "codigo_indec": "420210709" }, "geometry": { "type": "Polygon", "coordinates": [ [ [ -64.303006407918076, -36.623339790776463 ], [ -64.296594581329629, -36.623392437492107 ], [ -64.301041812876235, -36.627033016081384 ], [ -64.302903722974236, -36.625473755871312 ], [ -64.30215637365292, -36.624890955310462 ], [ -64.30351195246314, -36.623734432428321 ], [ -64.303006407918076, -36.623339790776463 ] ] ] } },
{ "type": "Feature", "properties": { "codigo_indec": "420210703" }, "geometry": { "type": "Polygon", "coordinates": [ [ [ -64.298525789023955, -36.618680650246674 ], [ -64.295786385642145, -36.618722583501452 ], [ -64.295853766244733, -36.62340436703925 ], [ -64.298623669743492, -36.62338089031774 ], [ -64.298525789023955, -36.618680650246674 ] ] ] } },
{ "type": "Feature", "properties": { "codigo_indec": "421540701" }, "geometry": { "type": "Polygon", "coordinates": [ [ [ -64.354856825692963, -37.539652948542262 ], [ -64.352667443261524, -37.541460261193308 ], [ -64.351710705744665, -37.540978437526789 ], [ -64.348348502471239, -37.544656677550826 ], [ -64.350204437598521, -37.54579524347465 ], [ -64.349872636880903, -37.546218534428306 ], [ -64.343372515759526, -37.546082450012847 ], [ -64.347745955604651, -37.550040141811678 ], [ -64.348598231125564, -37.547952967441539 ], [ -64.350989619435722, -37.549315227140681 ], [ -64.356781736913334, -37.542544630014774 ], [ -64.357348050549859, -37.54122818318303 ], [ -64.356343294787948, -37.540484466633885 ], [ -64.356854986028139, -37.539207801847631 ], [ -64.356602284549496, -37.538479056855984 ], [ -64.355206476718223, -37.538414573457779 ], [ -64.354856825692963, -37.539652948542262 ] ] ] } },
{ "type": "Feature", "properties": { "codigo_indec": "421470301" }, "geometry": { "type": "Polygon", "coordinates": [ [ [ -63.945462792844054, -35.77881702291878 ], [ -63.94764535163727, -35.775322061122594 ], [ -63.94982064978295, -35.776192681101598 ], [ -63.951345697285184, -35.773749710785303 ], [ -63.93709147382723, -35.768031883595974 ], [ -63.936338943143546, -35.769235429247644 ], [ -63.938710900373678, -35.77018621423553 ], [ -63.935997120783767, -35.774545941513367 ], [ -63.945462792844054, -35.77881702291878 ] ] ] } },
{ "type": "Feature", "properties": { "codigo_indec": "421051003" }, "geometry": { "type": "Polygon", "coordinates": [ [ [ -63.76921847924514, -35.661601729452507 ], [ -63.768291249330019, -35.662386487803758 ], [ -63.769231051016277, -35.663133771227656 ], [ -63.767444507890879, -35.664641464979574 ], [ -63.770177981503366, -35.666800626294311 ], [ -63.772891506148255, -35.66451711194658 ], [ -63.76921847924514, -35.661601729452507 ] ] ] } },
{ "type": "Feature", "properties": { "codigo_indec": "420980107" }, "geometry": { "type": "Polygon", "coordinates": [ [ [ -65.437959408140344, -36.200211424572878 ], [ -65.441030689552761, -36.203776496936499 ], [ -65.44541235132273, -36.201327618981651 ], [ -65.442318823310529, -36.197749035680943 ], [ -65.437959408140344, -36.200211424572878 ] ] ] } },
{ "type": "Feature", "properties": { "codigo_indec": "420350702" }, "geometry": { "type": "Polygon", "coordinates": [ [ [ -64.165052854768192, -36.082304704737126 ], [ -64.050928852047591, -36.080335738297997 ], [ -64.051759114094267, -36.172531628397493 ], [ -64.166364431680492, -36.170909252763678 ], [ -64.165052854768192, -36.082304704737126 ] ] ] } },
{ "type": "Feature", "properties": { "codigo_indec": "420350301" }, "geometry": { "type": "Polygon", "coordinates": [ [ [ -64.494903651564087, -35.805037952058839 ], [ -64.379526490521442, -35.806867570891157 ], [ -64.380768213179124, -35.900346233128076 ], [ -64.494685665214874, -35.899422459702777 ], [ -64.494903651564087, -35.805037952058839 ] ] ] } },
{ "type": "Feature", "properties": { "codigo_indec": "420210205" }, "geometry": { "type": "Polygon", "coordinates": [ [ [ -64.054244672023728, -36.44478692879246 ], [ -64.053612977585018, -36.53490879072249 ], [ -64.165703191148282, -36.534492118397289 ], [ -64.167323487566719, -36.444820125680934 ], [ -64.054244672023728, -36.44478692879246 ] ] ] } },
{ "type": "Feature", "properties": { "codigo_indec": "420210103" }, "geometry": { "type": "Polygon", "coordinates": [ [ [ -64.166969797005706, -36.398213270916074 ], [ -64.167323487566719, -36.444820125680934 ], [ -64.165703191148282, -36.534492118397289 ], [ -64.278885289523643, -36.533210818338908 ], [ -64.277363071787605, -36.397401667633467 ], [ -64.166969797005706, -36.398213270916074 ] ] ] } },
{ "type": "Feature", "properties": { "codigo_indec": "421540404" }, "geometry": { "type": "Polygon", "coordinates": [ [ [ -65.080840624595794, -37.430054033447348 ], [ -64.523352146437304, -37.43221500413987 ], [ -64.527630617100812, -37.706309765930783 ], [ -65.087359142835027, -37.703056793378963 ], [ -65.080840624595794, -37.430054033447348 ] ] ] } },
{ "type": "Feature", "properties": { "codigo_indec": "421470302" }, "geometry": { "type": "Polygon", "coordinates": [ [ [ -64.048161188298309, -35.769877368952542 ], [ -63.995270647514253, -35.768790812911213 ], [ -63.994215070963378, -35.683844741525249 ], [ -63.935419932984566, -35.684314710438422 ], [ -63.936018707759899, -35.811972612101385 ], [ -64.048521310957568, -35.810770569945532 ], [ -64.048161188298309, -35.769877368952542 ] ], [ [ -63.945462792844054, -35.77881702291878 ], [ -63.935997120783767, -35.774545941513367 ], [ -63.938710900373678, -35.77018621423553 ], [ -63.936338943143546, -35.769235429247644 ], [ -63.93709147382723, -35.768031883595974 ], [ -63.951345697285184, -35.773749710785303 ], [ -63.94982064978295, -35.776192681101598 ], [ -63.94764535163727, -35.775322061122594 ], [ -63.945462792844054, -35.77881702291878 ] ] ] } },
{ "type": "Feature", "properties": { "codigo_indec": "421470102" }, "geometry": { "type": "Polygon", "coordinates": [ [ [ -64.485241546394178, -35.447658693413388 ], [ -64.374819754549648, -35.448885468900656 ], [ -64.374555416055756, -35.49130110468947 ], [ -64.486670254490079, -35.490294831992138 ], [ -64.485241546394178, -35.447658693413388 ] ] ] } },
{ "type": "Feature", "properties": { "codigo_indec": "421400102" }, "geometry": { "type": "Polygon", "coordinates": [ [ [ -64.826730340994487, -36.254399668895147 ], [ -64.500408895161911, -36.258903845797271 ], [ -64.502019540461632, -36.395443940646587 ], [ -64.829916977246839, -36.390586905996486 ], [ -64.828479319237118, -36.343390065155965 ], [ -64.826730340994487, -36.254399668895147 ] ] ] } },
{ "type": "Feature", "properties": { "codigo_indec": "421330707" }, "geometry": { "type": "Polygon", "coordinates": [ [ [ -63.933381967451176, -35.316002484819862 ], [ -63.933257315188783, -35.360723802187429 ], [ -63.934343423753077, -35.450535362647571 ], [ -64.045364344932935, -35.450271509109143 ], [ -64.044587716788769, -35.360531518439515 ], [ -63.989813072449806, -35.360637300792327 ], [ -63.989263866694614, -35.315561755623484 ], [ -63.933381967451176, -35.316002484819862 ] ] ] } },
{ "type": "Feature", "properties": { "codigo_indec": "421330402" }, "geometry": { "type": "Polygon", "coordinates": [ [ [ -64.200343241020235, -35.138500118304655 ], [ -63.931361350283986, -35.139986575862046 ], [ -63.931090521156008, -35.180678339920291 ], [ -64.200812841724726, -35.179327349449977 ], [ -64.200343241020235, -35.138500118304655 ] ] ] } },
{ "type": "Feature", "properties": { "codigo_indec": "421260406" }, "geometry": { "type": "Polygon", "coordinates": [ [ [ -65.052619670591099, -35.711587634561063 ], [ -64.876219526135245, -35.715080462208142 ], [ -64.878927423332485, -35.801144712782701 ], [ -64.930352689189306, -35.800464232310659 ], [ -65.052455375602435, -35.800519818759561 ], [ -65.052619670591099, -35.711587634561063 ] ] ] } },
{ "type": "Feature", "properties": { "codigo_indec": "421260504" }, "geometry": { "type": "Polygon", "coordinates": [ [ [ -64.595402144953908, -35.490505765731761 ], [ -64.486670254490079, -35.490294831992138 ], [ -64.488021164353484, -35.536818397770858 ], [ -64.70665349550282, -35.534400481735965 ], [ -64.705898213803508, -35.48941641283551 ], [ -64.595402144953908, -35.490505765731761 ] ] ] } },
{ "type": "Feature", "properties": { "codigo_indec": "421190305" }, "geometry": { "type": "Polygon", "coordinates": [ [ [ -63.831458757979313, -36.081483717988597 ], [ -63.832124320171872, -36.17455272061531 ], [ -63.937323364670981, -36.173637025937118 ], [ -63.937040211925705, -36.130166371015441 ], [ -63.88466581129358, -36.130563512522038 ], [ -63.884112217496465, -36.081249451270757 ], [ -63.831458757979313, -36.081483717988597 ] ], [ [ -63.850440621033464, -36.138982152479372 ], [ -63.863004724555346, -36.138950294158306 ], [ -63.861766063732802, -36.142023181035142 ], [ -63.864178880799152, -36.142656420733843 ], [ -63.861816650689612, -36.148547464865906 ], [ -63.863057547811053, -36.148875969925236 ], [ -63.862006693444251, -36.151470160179109 ], [ -63.867825845569335, -36.153200295081817 ], [ -63.866295878180097, -36.15697533221045 ], [ -63.841507679771695, -36.15699040037628 ], [ -63.841805554241233, -36.156256940021933 ], [ -63.839301531663146, -36.155599074502675 ], [ -63.842322351421934, -36.147940878888996 ], [ -63.844892046311145, -36.148626891222072 ], [ -63.845431216854429, -36.147294083069326 ], [ -63.843098561268384, -36.146675425172553 ], [ -63.845671705215437, -36.146523537358583 ], [ -63.845656823810856, -36.141788427276062 ], [ -63.850442026347146, -36.141779838484084 ], [ -63.850440621033464, -36.138982152479372 ] ] ] } },
{ "type": "Feature", "properties": { "codigo_indec": "421190209" }, "geometry": { "type": "Polygon", "coordinates": [ [ [ -63.496752025706733, -35.992356651339676 ], [ -63.386751668298309, -35.992131170655234 ], [ -63.386356941456619, -36.082576666429233 ], [ -63.496979978809627, -36.082457542888683 ], [ -63.496752025706733, -35.992356651339676 ] ] ] } },
{ "type": "Feature", "properties": { "codigo_indec": "421190205" }, "geometry": { "type": "Polygon", "coordinates": [ [ [ -63.60457772027717, -35.905802453545114 ], [ -63.604954548525846, -35.992481167793677 ], [ -63.7231885326214, -35.992505056028115 ], [ -63.723717737622991, -36.081899547950215 ], [ -63.784231712453398, -36.081678168629239 ], [ -63.782484266740859, -35.904864861931664 ], [ -63.60457772027717, -35.905802453545114 ] ] ] } },
{ "type": "Feature", "properties": { "codigo_indec": "421120321" }, "geometry": { "type": "Polygon", "coordinates": [ [ [ -67.225141389962545, -38.152447911947043 ], [ -67.225095407298511, -38.209670548747404 ], [ -67.22738606073878, -38.209759225092192 ], [ -67.232211641239246, -38.211726566326483 ], [ -67.235018918768375, -38.211809668632441 ], [ -67.237780090843401, -38.213046274050541 ], [ -67.249416915823531, -38.214170654858194 ], [ -67.254566566264813, -38.212683381763782 ], [ -67.257086744134909, -38.212998739462826 ], [ -67.257592431721051, -38.211200640165309 ], [ -67.263034471440193, -38.210633230582467 ], [ -67.267322017269194, -38.209334842503921 ], [ -67.270016128338696, -38.20964354078783 ], [ -67.273693962458665, -38.211202688741302 ], [ -67.275597259151809, -38.213132347352818 ], [ -67.280240667236669, -38.213577256664365 ], [ -67.281223294351832, -38.214593496052849 ], [ -67.281916362111502, -38.215374166317453 ], [ -67.281923436229988, -38.216428075192127 ], [ -67.281758556077776, -38.217443323918452 ], [ -67.279931256100554, -38.218237989460569 ], [ -67.280292009773646, -38.220905052756386 ], [ -67.282031253399865, -38.223710207038238 ], [ -67.283872811645224, -38.224532363325146 ], [ -67.286470362922202, -38.227751451272347 ], [ -67.289631507951299, -38.229081530689463 ], [ -67.296050108591373, -38.229105411507653 ], [ -67.30143371178778, -38.228406238954705 ], [ -67.307288984075797, -38.23013833596228 ], [ -67.310771960072174, -38.236486427076635 ], [ -67.312091726288443, -38.237313961300366 ], [ -67.315389075098281, -38.241083082523346 ], [ -67.316942667595299, -38.242043064743939 ], [ -67.325717315649825, -38.243588286040826 ], [ -67.328810939749005, -38.243485732105349 ], [ -67.332178926777061, -38.241362112413121 ], [ -67.333722575309153, -38.240984244114934 ], [ -67.336146341724174, -38.2436051246411 ], [ -67.338103064671628, -38.244573745438714 ], [ -67.341256080466081, -38.244749444234756 ], [ -67.343143266523967, -38.244417070638072 ], [ -67.346628108811686, -38.242611497264257 ], [ -67.348805400850082, -38.242838724254327 ], [ -67.355759383458789, -38.245947533240894 ], [ -67.364368223837488, -38.247721480415223 ], [ -67.365980733275279, -38.249193595000655 ], [ -67.367502648402791, -38.253752085935076 ], [ -67.369397849710296, -38.254297505185562 ], [ -67.379068649382873, -38.25219791045388 ], [ -67.392328528481926, -38.247694817431906 ], [ -67.398913738692215, -38.246940872217245 ], [ -67.401378013697752, -38.247078120546092 ], [ -67.412658465661224, -38.245618640377636 ], [ -67.426841489070256, -38.241618522654591 ], [ -67.432553494289053, -38.239486036808884 ], [ -67.43723331568782, -38.236429061808032 ], [ -67.439634087775843, -38.235967237109314 ], [ -67.446631235161604, -38.236917136461976 ], [ -67.450412529238761, -38.236672279172787 ], [ -67.451339869904146, -38.154270834147198 ], [ -67.225141389962545, -38.152447911947043 ] ] ] } },
{ "type": "Feature", "properties": { "codigo_indec": "421120320" }, "geometry": { "type": "Polygon", "coordinates": [ [ [ -67.106833039672921, -38.065161389122522 ], [ -67.105209009065049, -38.247867663579619 ], [ -67.104080405690894, -38.376950978466503 ], [ -67.10747416846138, -38.375121803658807 ], [ -67.110653038616562, -38.37253336335467 ], [ -67.11154000031911, -38.36861534056537 ], [ -67.111630376845909, -38.364425606510643 ], [ -67.112193347382302, -38.363082528315658 ], [ -67.11783165156416, -38.358281507157479 ], [ -67.119491850273448, -38.358180086973178 ], [ -67.123433811694909, -38.356741582958563 ], [ -67.126474076736528, -38.356739436223044 ], [ -67.129630095379113, -38.357560358399297 ], [ -67.12981033913006, -38.359035988874332 ], [ -67.130679071632073, -38.359905926531006 ], [ -67.132787657286542, -38.358475767667507 ], [ -67.136793793608376, -38.357864962387367 ], [ -67.138071820255774, -38.360392912393948 ], [ -67.139908178204124, -38.361127267085408 ], [ -67.1404455811535, -38.364022720671386 ], [ -67.141602763087263, -38.365033902273041 ], [ -67.144403736959703, -38.364709318928192 ], [ -67.146740088316179, -38.362857800572264 ], [ -67.148719053745225, -38.35903241165768 ], [ -67.150543998934651, -38.357595705784227 ], [ -67.151157290763592, -38.354963759014758 ], [ -67.150086105755463, -38.349443156160149 ], [ -67.14887390666145, -38.348018210512464 ], [ -67.145551164620102, -38.33968647118364 ], [ -67.14957083458286, -38.325166191753105 ], [ -67.155122923306266, -38.315990656071165 ], [ -67.15779644819392, -38.312987023299677 ], [ -67.158126374628779, -38.310727165407165 ], [ -67.157307320687622, -38.308469640421194 ], [ -67.150818677620066, -38.298489117042926 ], [ -67.151536957937594, -38.29439224832177 ], [ -67.15215732519826, -38.292962826794771 ], [ -67.153417538632866, -38.293144123021527 ], [ -67.157058625066725, -38.289216628282738 ], [ -67.161458119381876, -38.287362459015462 ], [ -67.162197049627096, -38.286395743952163 ], [ -67.165733217744673, -38.284176115650496 ], [ -67.167221824659919, -38.28417482631103 ], [ -67.168987319592404, -38.282553748029599 ], [ -67.169708989897117, -38.27909632882632 ], [ -67.169272956326679, -38.274533402331713 ], [ -67.167089093663279, -38.273208386632042 ], [ -67.166558869094558, -38.271137215207617 ], [ -67.164313594856253, -38.26971366389958 ], [ -67.165729837308135, -38.266812394523335 ], [ -67.167042777834325, -38.26620928901216 ], [ -67.169257388017513, -38.263763967753867 ], [ -67.170343934522606, -38.263298208122244 ], [ -67.171780169325871, -38.263797354666657 ], [ -67.173397951866633, -38.265636925944271 ], [ -67.175634538050957, -38.265632553435104 ], [ -67.180395564545833, -38.266818906762303 ], [ -67.18388077593616, -38.265423517767736 ], [ -67.185643036444503, -38.263302253295073 ], [ -67.188216824395212, -38.262785256777356 ], [ -67.191514355013183, -38.259188980065247 ], [ -67.192588681785097, -38.257115133121758 ], [ -67.191620139164286, -38.249927225132723 ], [ -67.192130855440467, -38.248498702316695 ], [ -67.192002141866666, -38.24656319221188 ], [ -67.189777353460059, -38.240072652358336 ], [ -67.186594345667558, -38.235384440293942 ], [ -67.185557669254479, -38.235021065700707 ], [ -67.182388511836677, -38.232215366165555 ], [ -67.181916539208828, -38.229868905341228 ], [ -67.184203589769851, -38.221247244760299 ], [ -67.184524700561781, -38.218163097154552 ], [ -67.185929693561206, -38.21414913342236 ], [ -67.186611962576663, -38.213272917075869 ], [ -67.190663134154335, -38.210686989388222 ], [ -67.192353102302178, -38.206674560195069 ], [ -67.193725248358291, -38.205930924820713 ], [ -67.197686804554209, -38.207669752574517 ], [ -67.200971841694084, -38.209915340432488 ], [ -67.201117691067779, -38.214620788885526 ], [ -67.202615133420792, -38.21576304745102 ], [ -67.203878532437102, -38.216038367786112 ], [ -67.210802615221098, -38.214593351419552 ], [ -67.2121126734515, -38.213895185114858 ], [ -67.214062253093715, -38.213893053309299 ], [ -67.219085260271783, -38.210931251045587 ], [ -67.225095407298511, -38.209670548747404 ], [ -67.225223300817092, -38.066576787728891 ], [ -67.106833039672921, -38.065161389122522 ] ], [ [ -67.167088059265851, -38.22099978627935 ], [ -67.168913142220248, -38.219806013532995 ], [ -67.169091217840005, -38.219160131256928 ], [ -67.172242053934895, -38.219290858453284 ], [ -67.174521322089561, -38.217768155594918 ], [ -67.175472491538486, -38.217803676323811 ], [ -67.176845787733811, -38.218879944710409 ], [ -67.176747700770122, -38.219525036441048 ], [ -67.178535658736394, -38.221173670624836 ], [ -67.17827590362829, -38.221883446058264 ], [ -67.176183529976257, -38.223314263355725 ], [ -67.173393005841234, -38.223409758428232 ], [ -67.17232134035676, -38.224231232844119 ], [ -67.176325638849292, -38.226997315369637 ], [ -67.175491810570932, -38.227519153971464 ], [ -67.174861544934799, -38.227029997467746 ], [ -67.17327663740808, -38.228072820891164 ], [ -67.172288004374565, -38.227312473307428 ], [ -67.170407906279777, -38.228466308304128 ], [ -67.169555842510675, -38.227853215855838 ], [ -67.166761481976025, -38.22950706320195 ], [ -67.164068332466698, -38.227308705638691 ], [ -67.163555661683816, -38.2257733346569 ], [ -67.165220084613352, -38.224698322440936 ], [ -67.164879550297286, -38.221963115494788 ], [ -67.16627249180317, -38.220877269614462 ], [ -67.167088059265851, -38.22099978627935 ] ] ] } },
{ "type": "Feature", "properties": { "codigo_indec": "421120313" }, "geometry": { "type": "Polygon", "coordinates": [ [ [ -67.567432262021214, -37.885088176129571 ], [ -67.679485373776728, -37.885573941044555 ], [ -67.681425260456123, -37.70162141335534 ], [ -67.569278136834953, -37.703397402259881 ], [ -67.567432262021214, -37.885088176129571 ] ] ] } },
{ "type": "Feature", "properties": { "codigo_indec": "420350303" }, "geometry": { "type": "Polygon", "coordinates": [ [ [ -64.270897477436677, -35.808552892810965 ], [ -64.219745658335469, -35.808973031204872 ], [ -64.220270966384149, -35.901813979006917 ], [ -64.271895643897324, -35.901369693692764 ], [ -64.270897477436677, -35.808552892810965 ] ] ] } },
{ "type": "Feature", "properties": { "codigo_indec": "420350103" }, "geometry": { "type": "Polygon", "coordinates": [ [ [ -65.129693964087423, -35.798093665583828 ], [ -65.052455375602435, -35.800519818759561 ], [ -64.930352689189306, -35.800464232310659 ], [ -64.929946626358074, -35.894762908364726 ], [ -65.05234217063915, -35.891447304121144 ], [ -65.133314936392495, -35.890598975741931 ], [ -65.129693964087423, -35.798093665583828 ] ] ] } },
{ "type": "Feature", "properties": { "codigo_indec": "420350102" }, "geometry": { "type": "Polygon", "coordinates": [ [ [ -64.943128112725262, -36.14303395397814 ], [ -64.943288728490316, -36.141620541878616 ], [ -64.938975652597605, -36.139315976075125 ], [ -64.938208303776264, -36.141845954880601 ], [ -64.943128112725262, -36.14303395397814 ] ] ] } },
{ "type": "Feature", "properties": { "codigo_indec": "420350504" }, "geometry": { "type": "Polygon", "coordinates": [ [ [ -63.93588157104567, -35.954073002763273 ], [ -63.936711163389674, -36.08098656171142 ], [ -64.050928852047591, -36.080335738297997 ], [ -64.113228099409611, -36.0814276714665 ], [ -64.111418872649011, -35.95257641969939 ], [ -63.93588157104567, -35.954073002763273 ] ] ] } },
{ "type": "Feature", "properties": { "codigo_indec": "420210204" }, "geometry": { "type": "Polygon", "coordinates": [ [ [ -64.053428125798504, -36.356208026366211 ], [ -63.938723159635735, -36.357644340716746 ], [ -63.939513842045784, -36.445744188707479 ], [ -64.054244672023728, -36.44478692879246 ], [ -64.053428125798504, -36.356208026366211 ] ] ] } },
{ "type": "Feature", "properties": { "codigo_indec": "420210109" }, "geometry": { "type": "Polygon", "coordinates": [ [ [ -64.165957855799007, -36.6245295900112 ], [ -64.110169229024493, -36.625063057129523 ], [ -64.11032083362511, -36.715344734319288 ], [ -64.056757088583666, -36.715914631302077 ], [ -64.057580385696923, -36.80377721954676 ], [ -64.169992048521678, -36.803470397531115 ], [ -64.165957855799007, -36.6245295900112 ] ] ] } },
{ "type": "Feature", "properties": { "codigo_indec": "420070503" }, "geometry": { "type": "Polygon", "coordinates": [ [ [ -63.499372305912473, -36.989016469711252 ], [ -63.384748964275488, -36.989463674806011 ], [ -63.385075712331499, -37.08055251916123 ], [ -63.499621313268946, -37.080407391528979 ], [ -63.499372305912473, -36.989016469711252 ] ] ] } },
{ "type": "Feature", "properties": { "codigo_indec": "420070303" }, "geometry": { "type": "Polygon", "coordinates": [ [ [ -63.499372305912473, -36.989016469711252 ], [ -63.499127601293992, -36.898948764216925 ], [ -63.384428492001597, -36.898923379838131 ], [ -63.384748964275488, -36.989463674806011 ], [ -63.499372305912473, -36.989016469711252 ] ] ] } },
{ "type": "Feature", "properties": { "codigo_indec": "420070302" }, "geometry": { "type": "Polygon", "coordinates": [ [ [ -63.608652341416885, -36.805747425011695 ], [ -63.384099270289795, -36.806413463832925 ], [ -63.384428492001597, -36.898923379838131 ], [ -63.499127601293992, -36.898948764216925 ], [ -63.499372305912473, -36.989016469711252 ], [ -63.609510493213051, -36.988485121577511 ], [ -63.608652341416885, -36.805747425011695 ] ], [ [ -63.52989765590381, -36.854234285122864 ], [ -63.500518784609298, -36.842273424436804 ], [ -63.503254940205103, -36.837925728570944 ], [ -63.503258796940713, -36.831259408984337 ], [ -63.532801740093888, -36.831200839394917 ], [ -63.53276064970963, -36.834659330276516 ], [ -63.532443965076503, -36.834661762853365 ], [ -63.532666401781114, -36.849882070734445 ], [ -63.52989765590381, -36.854234285122864 ] ] ] } },
{ "type": "Feature", "properties": { "codigo_indec": "420070108" }, "geometry": { "type": "Polygon", "coordinates": [ [ [ -64.060181735938059, -37.07811742196229 ], [ -63.944858349067189, -37.078048377864135 ], [ -63.942418233058525, -37.17008298337695 ], [ -64.061059858966487, -37.169678993101698 ], [ -64.0618851485644, -37.255495198389482 ], [ -64.175104024229199, -37.254704822460248 ], [ -64.171954923224888, -37.077339275938634 ], [ -64.060181735938059, -37.07811742196229 ] ], [ [ -64.00547616037521, -37.145855014149859 ], [ -64.023873153042743, -37.149343505898756 ], [ -64.021776695221476, -37.15647978361946 ], [ -64.017003257310066, -37.155548618857111 ], [ -64.016731505086312, -37.156472008568301 ], [ -64.006461015720802, -37.154529339961172 ], [ -64.006915166441402, -37.152879306403975 ], [ -64.003033642291129, -37.151858979337014 ], [ -64.003016914331837, -37.145863139611812 ], [ -64.00547616037521, -37.145855014149859 ] ] ] } },
{ "type": "Feature", "properties": { "codigo_indec": "420770408" }, "geometry": { "type": "Polygon", "coordinates": [ [ [ -63.502734549656033, -38.161457233560498 ], [ -63.386499607169426, -38.161759187191365 ], [ -63.387048117173919, -38.250361865433014 ], [ -63.503003070647537, -38.250523666376999 ], [ -63.502734549656033, -38.161457233560498 ] ] ] } },
{ "type": "Feature", "properties": { "codigo_indec": "420560509" }, "geometry": { "type": "Polygon", "coordinates": [ [ [ -63.605196285075586, -35.270847734866642 ], [ -63.494987124930972, -35.270529513258538 ], [ -63.495204939005504, -35.360472185555338 ], [ -63.388704564812485, -35.360167246742506 ], [ -63.389113843561198, -35.399852336018029 ], [ -63.60394536037289, -35.398968705800002 ], [ -63.604945678513594, -35.360310327209604 ], [ -63.605196285075586, -35.270847734866642 ] ] ] } },
{ "type": "Feature", "properties": { "codigo_indec": "420560202" }, "geometry": { "type": "Polygon", "coordinates": [ [ [ -63.773865188937805, -35.002893067964415 ], [ -63.600722499770512, -35.001773386635818 ], [ -63.602312125054581, -35.131131150105482 ], [ -63.769724699093352, -35.130184105655289 ], [ -63.773865188937805, -35.002893067964415 ] ], [ [ -63.684566881776746, -35.029517188141661 ], [ -63.684547669109712, -35.026412441429933 ], [ -63.683241254396918, -35.026414528396188 ], [ -63.683226586234625, -35.024314623978604 ], [ -63.680608351675502, -35.024318653280581 ], [ -63.680589094605466, -35.021705019642965 ], [ -63.69112989051925, -35.021698860724101 ], [ -63.691216792478791, -35.029513294580923 ], [ -63.684566881776746, -35.029517188141661 ] ] ] } },
{ "type": "Feature", "properties": { "codigo_indec": "420420304" }, "geometry": { "type": "Polygon", "coordinates": [ [ [ -66.599574940964573, -38.598139002937835 ], [ -66.419035826586281, -38.595325882570599 ], [ -66.417076166837319, -38.691491457437564 ], [ -66.579868533665092, -38.695436743341595 ], [ -66.578640902350656, -38.692510679827421 ], [ -66.579510973359532, -38.691366843286076 ], [ -66.58557884150477, -38.690548405484265 ], [ -66.586832985309428, -38.689654818252805 ], [ -66.588091951576644, -38.687599144496247 ], [ -66.597313736749868, -38.684295967955116 ], [ -66.600676092554778, -38.682319477596167 ], [ -66.601774016384624, -38.680994141567545 ], [ -66.605016752570876, -38.678833474701101 ], [ -66.597287375789037, -38.675594240002532 ], [ -66.594500237359881, -38.675189561560174 ], [ -66.591066716451678, -38.671986549820275 ], [ -66.59582733372757, -38.671705662523244 ], [ -66.595474117860633, -38.670333717935215 ], [ -66.591696251697869, -38.66854675516624 ], [ -66.590702544765193, -38.666124078538601 ], [ -66.593429902998807, -38.665943621989051 ], [ -66.594294661668798, -38.663876361998526 ], [ -66.596437564837672, -38.661811592819298 ], [ -66.598158585124054, -38.655312416836857 ], [ -66.594184170413342, -38.645288545564874 ], [ -66.592903439819509, -38.644245588921351 ], [ -66.585970225214481, -38.633168899647771 ], [ -66.581304907822201, -38.62360742261 ], [ -66.583328214400552, -38.621408352463419 ], [ -66.584885755823692, -38.618427859354348 ], [ -66.59363220571565, -38.612834736969631 ], [ -66.59580899974614, -38.604635175469667 ], [ -66.597078288224381, -38.602300071841661 ], [ -66.599047693091109, -38.600650503919084 ], [ -66.599574940964573, -38.598139002937835 ] ] ] } },
{ "type": "Feature", "properties": { "codigo_indec": "420350607" }, "geometry": { "type": "Polygon", "coordinates": [ [ [ -64.387477424745313, -36.168325318081855 ], [ -64.274834795819089, -36.169701437723113 ], [ -64.275843134997487, -36.260909470764332 ], [ -64.389352225656125, -36.26110456267849 ], [ -64.387477424745313, -36.168325318081855 ] ] ] } },
{ "type": "Feature", "properties": { "codigo_indec": "420210102" }, "geometry": { "type": "Polygon", "coordinates": [ [ [ -64.277363071787605, -36.397401667633467 ], [ -64.278885289523643, -36.533210818338908 ], [ -64.389351203815139, -36.531857361215529 ], [ -64.388110262834658, -36.44173960495899 ], [ -64.502437849808274, -36.439985020554104 ], [ -64.502019540461632, -36.395443940646587 ], [ -64.277363071787605, -36.397401667633467 ] ] ] } },
{ "type": "Feature", "properties": { "codigo_indec": "421050103" }, "geometry": { "type": "Polygon", "coordinates": [ [ [ -63.720060816311268, -35.450930100167575 ], [ -63.72058395646819, -35.542155824878286 ], [ -63.768053519935705, -35.54196740217342 ], [ -63.767481359845199, -35.585343624603382 ], [ -63.934953129470813, -35.584163043627953 ], [ -63.934550051980999, -35.495630949711092 ], [ -63.767268639842669, -35.495997692862808 ], [ -63.7668495564849, -35.45181412061546 ], [ -63.720060816311268, -35.450930100167575 ] ], [ [ -63.826912944214286, -35.543074472754057 ], [ -63.826889435479984, -35.548949156762617 ], [ -63.823412073990902, -35.554405578146984 ], [ -63.814923803090352, -35.549246441121817 ], [ -63.813043953522985, -35.551780443310811 ], [ -63.809894542479604, -35.550110309659075 ], [ -63.815461078517579, -35.543160320801427 ], [ -63.826912944214286, -35.543074472754057 ] ] ] } },
{ "type": "Feature", "properties": { "codigo_indec": "421050206" }, "geometry": { "type": "Polygon", "coordinates": [ [ [ -63.828276228969656, -35.631819883288976 ], [ -63.721100194013601, -35.632393615377708 ], [ -63.72162178888933, -35.722770047764541 ], [ -63.830234539405801, -35.722683442602147 ], [ -63.828276228969656, -35.631819883288976 ] ], [ [ -63.777715601598608, -35.642647281473572 ], [ -63.782132550674483, -35.642593571764358 ], [ -63.782776106593055, -35.678801281676208 ], [ -63.781987386660219, -35.681760259198271 ], [ -63.778059923745467, -35.685589407970063 ], [ -63.777630948579791, -35.685923889891079 ], [ -63.75707312867128, -35.686848988016891 ], [ -63.758913944504634, -35.68224283242197 ], [ -63.749634110503536, -35.682736431432353 ], [ -63.74954162145972, -35.678166338780073 ], [ -63.73174897989125, -35.679003655926671 ], [ -63.731465526558964, -35.662490977779207 ], [ -63.724727716017789, -35.657137674827297 ], [ -63.724273635011095, -35.656020792076326 ], [ -63.7241356788197, -35.643376359838811 ], [ -63.761659142727126, -35.642872444428924 ], [ -63.761725411099512, -35.641684270627088 ], [ -63.764762184767868, -35.64164157348209 ], [ -63.777703903229863, -35.641475676818324 ], [ -63.777715601598608, -35.642647281473572 ] ] ] } },
{ "type": "Feature", "properties": { "codigo_indec": "421540101" }, "geometry": { "type": "Polygon", "coordinates": [ [ [ -65.648472146062375, -37.332159363835586 ], [ -65.653250768955118, -37.332164454693363 ], [ -65.653270696600941, -37.329055967881303 ], [ -65.650983051875855, -37.329049241987143 ], [ -65.65098319024348, -37.328409512639269 ], [ -65.648486830550667, -37.328402122682839 ], [ -65.648472146062375, -37.332159363835586 ] ] ] } },
{ "type": "Feature", "properties": { "codigo_indec": "420210615" }, "geometry": { "type": "Polygon", "coordinates": [ [ [ -64.283501419293614, -36.616496371702887 ], [ -64.283542272922276, -36.618812588886712 ], [ -64.286250448029065, -36.618793013876662 ], [ -64.286212406392124, -36.616472331999859 ], [ -64.283501419293614, -36.616496371702887 ] ] ] } },
{ "type": "Feature", "properties": { "codigo_indec": "421540512" }, "geometry": { "type": "Polygon", "coordinates": [ [ [ -64.608086093968254, -37.377415972955156 ], [ -64.608060220878755, -37.378510327719688 ], [ -64.609440017314213, -37.378531067181598 ], [ -64.609378800100785, -37.381845857949365 ], [ -64.615157697315823, -37.381940711241342 ], [ -64.615258787081203, -37.377518207813388 ], [ -64.608086093968254, -37.377415972955156 ] ] ] } },
{ "type": "Feature", "properties": { "codigo_indec": "421540510" }, "geometry": { "type": "Polygon", "coordinates": [ [ [ -64.601133617118393, -37.377311403588955 ], [ -64.601105072280191, -37.378392210081856 ], [ -64.599733833009125, -37.378366969915028 ], [ -64.599704513418828, -37.379488309428531 ], [ -64.598296403296558, -37.379471625296844 ], [ -64.598244535759761, -37.381651316222332 ], [ -64.603811656559856, -37.381748718024383 ], [ -64.603910089113043, -37.37735322704593 ], [ -64.601133617118393, -37.377311403588955 ] ] ] } },
{ "type": "Feature", "properties": { "codigo_indec": "421540509" }, "geometry": { "type": "Polygon", "coordinates": [ [ [ -64.592574096021195, -37.379381127583862 ], [ -64.592516671730863, -37.381547234186947 ], [ -64.598244535759761, -37.381651316222332 ], [ -64.598296403296558, -37.379471625296844 ], [ -64.592574096021195, -37.379381127583862 ] ] ] } },
{ "type": "Feature", "properties": { "codigo_indec": "421470214" }, "geometry": { "type": "Polygon", "coordinates": [ [ [ -64.135492227516153, -35.69852045291757 ], [ -64.139029521493313, -35.705554429022868 ], [ -64.146510666116782, -35.703101694093448 ], [ -64.142482609004247, -35.69505559629561 ], [ -64.137723823223524, -35.696617589401377 ], [ -64.138236156105307, -35.697625767227102 ], [ -64.135492227516153, -35.69852045291757 ] ] ] } },
{ "type": "Feature", "properties": { "codigo_indec": "421400213" }, "geometry": { "type": "Polygon", "coordinates": [ [ [ -64.36920352509722, -36.681137423396827 ], [ -64.370477097785553, -36.682145990519544 ], [ -64.372643298513935, -36.680346539059059 ], [ -64.371356031400396, -36.679324292133877 ], [ -64.36920352509722, -36.681137423396827 ] ] ] } },
{ "type": "Feature", "properties": { "codigo_indec": "421400206" }, "geometry": { "type": "Polygon", "coordinates": [ [ [ -64.384993428672914, -36.677126852761077 ], [ -64.383032102784128, -36.678776142266969 ], [ -64.385887255292857, -36.681058445245654 ], [ -64.38984421840803, -36.677719657278217 ], [ -64.387915978806674, -36.676179835596841 ], [ -64.385920436403097, -36.677864751712264 ], [ -64.384993428672914, -36.677126852761077 ] ] ] } },
{ "type": "Feature", "properties": { "codigo_indec": "421400211" }, "geometry": { "type": "Polygon", "coordinates": [ [ [ -64.372227314951843, -36.67168649275299 ], [ -64.374088847833391, -36.670130625308282 ], [ -64.372166611651622, -36.668595139215022 ], [ -64.373202817026524, -36.66772178914799 ], [ -64.367260433497322, -36.662982139293888 ], [ -64.36089493438665, -36.66794493774708 ], [ -64.367202333822831, -36.673009772530484 ], [ -64.370310575291285, -36.670155557302706 ], [ -64.372227314951843, -36.67168649275299 ] ] ] } },
{ "type": "Feature", "properties": { "codigo_indec": "421330702" }, "geometry": { "type": "Polygon", "coordinates": [ [ [ -64.11060418324, -35.330973817848289 ], [ -64.108628113089424, -35.334133050658366 ], [ -64.118644618664845, -35.338250044206113 ], [ -64.120644523339678, -35.335118050656455 ], [ -64.11060418324, -35.330973817848289 ] ] ] } },
{ "type": "Feature", "properties": { "codigo_indec": "421330602" }, "geometry": { "type": "MultiPolygon", "coordinates": [ [ [ [ -64.277340159851832, -35.3865096924754 ], [ -64.2773323912145, -35.388685956448555 ], [ -64.281987522942558, -35.388684672972644 ], [ -64.281989057668383, -35.389779641734265 ], [ -64.287371738483969, -35.389464069259219 ], [ -64.287368964090518, -35.388684499053099 ], [ -64.288554777530379, -35.388683283906232 ], [ -64.288570781158896, -35.386493613770206 ], [ -64.277340159851832, -35.3865096924754 ] ] ], [ [ [ -64.263908201064197, -35.359966570554299 ], [ -64.263564527025949, -35.270612353628408 ], [ -64.201841053724635, -35.269944786361876 ], [ -64.202878160196576, -35.360060998821197 ], [ -64.263908201064197, -35.359966570554299 ] ] ] ] } },
{ "type": "Feature", "properties": { "codigo_indec": "421330510" }, "geometry": { "type": "Polygon", "coordinates": [ [ [ -64.455992648312261, -35.387091575326266 ], [ -64.455981589756846, -35.393733400196339 ], [ -64.459217334636392, -35.393734167086805 ], [ -64.465102137332892, -35.389122763736481 ], [ -64.465111252917694, -35.388496533001593 ], [ -64.459220988881185, -35.388480118923354 ], [ -64.459222626597082, -35.387092265011674 ], [ -64.455992648312261, -35.387091575326266 ] ] ] } },
{ "type": "Feature", "properties": { "codigo_indec": "421330509" }, "geometry": { "type": "Polygon", "coordinates": [ [ [ -64.46777591339044, -35.375913293088814 ], [ -64.464056044725567, -35.375802970079846 ], [ -64.464188483259164, -35.378539855251788 ], [ -64.456001749771829, -35.378530124074992 ], [ -64.455997461141337, -35.382797336198657 ], [ -64.472742259240817, -35.383158907683651 ], [ -64.472738623506501, -35.381162659249291 ], [ -64.467775681033544, -35.381162895975599 ], [ -64.46777591339044, -35.375913293088814 ] ] ] } },
{ "type": "Feature", "properties": { "codigo_indec": "421330504" }, "geometry": { "type": "Polygon", "coordinates": [ [ [ -64.455997461141337, -35.382797336198657 ], [ -64.455992648312261, -35.387091575326266 ], [ -64.459222626597082, -35.387092265011674 ], [ -64.459220988881185, -35.388480118923354 ], [ -64.465111252917694, -35.388496533001593 ], [ -64.465123545640807, -35.38784781212069 ], [ -64.459224517718823, -35.382797986324569 ], [ -64.455997461141337, -35.382797336198657 ] ] ] } },
{ "type": "Feature", "properties": { "codigo_indec": "421260511" }, "geometry": { "type": "Polygon", "coordinates": [ [ [ -64.552620950036655, -35.592584678840751 ], [ -64.552620381394192, -35.594761073084484 ], [ -64.563480320210616, -35.59475585303386 ], [ -64.563480014978509, -35.593692430334642 ], [ -64.559080466589009, -35.593689465981932 ], [ -64.559080945809953, -35.592585499040823 ], [ -64.552620950036655, -35.592584678840751 ] ] ] } },
{ "type": "Feature", "properties": { "codigo_indec": "421260402" }, "geometry": { "type": "Polygon", "coordinates": [ [ [ -65.105942538022461, -35.700770613731912 ], [ -65.095808220769371, -35.696585239972499 ], [ -65.094529461031399, -35.698287988900404 ], [ -65.098863290298652, -35.700249173511558 ], [ -65.096146352007807, -35.703824758845784 ], [ -65.102098846531845, -35.706564028836574 ], [ -65.105942538022461, -35.700770613731912 ] ] ] } },
{ "type": "Feature", "properties": { "codigo_indec": "421260101" }, "geometry": { "type": "Polygon", "coordinates": [ [ [ -64.676024190799495, -35.062358459934202 ], [ -64.685003863572078, -35.063253799750115 ], [ -64.684398450432411, -35.068704558177188 ], [ -64.689038396549961, -35.06904321927621 ], [ -64.689658065575827, -35.063367265250712 ], [ -64.690106989808328, -35.063399153558805 ], [ -64.690240274127618, -35.062089211179831 ], [ -64.676156751713407, -35.061107111419858 ], [ -64.676024190799495, -35.062358459934202 ] ] ] } },
{ "type": "Feature", "properties": { "codigo_indec": "421190312" }, "geometry": { "type": "Polygon", "coordinates": [ [ [ -63.840925413755599, -36.151483710523451 ], [ -63.839301531663146, -36.155599074502675 ], [ -63.841805554241233, -36.156256940021933 ], [ -63.841507679771695, -36.15699040037628 ], [ -63.850443541019025, -36.156984524109625 ], [ -63.850422786806874, -36.152862002848281 ], [ -63.843879160341359, -36.151131494866505 ], [ -63.843465041847907, -36.152155697263211 ], [ -63.840925413755599, -36.151483710523451 ] ] ] } },
{ "type": "Feature", "properties": { "codigo_indec": "421190301" }, "geometry": { "type": "Polygon", "coordinates": [ [ [ -63.85483417094057, -36.138970857386845 ], [ -63.851253060514715, -36.147984388921977 ], [ -63.856172677390937, -36.149275455206862 ], [ -63.85555862749483, -36.150814206696992 ], [ -63.850407461792955, -36.149455885044773 ], [ -63.850417484835354, -36.151632020221328 ], [ -63.864318822145663, -36.155313734101462 ], [ -63.865486963911771, -36.152388239052698 ], [ -63.862006693444251, -36.151470160179109 ], [ -63.863057547811053, -36.148875969925236 ], [ -63.861816650689612, -36.148547464865906 ], [ -63.864178880799152, -36.142656420733843 ], [ -63.861766063732802, -36.142023181035142 ], [ -63.863004724555346, -36.138950294158306 ], [ -63.85483417094057, -36.138970857386845 ] ] ] } },
{ "type": "Feature", "properties": { "codigo_indec": "421190201" }, "geometry": { "type": "Polygon", "coordinates": [ [ [ -63.565164448001894, -36.050833421106901 ], [ -63.563801760091039, -36.053107709592588 ], [ -63.569786760791715, -36.055481688925553 ], [ -63.571160690441879, -36.053198548748739 ], [ -63.565164448001894, -36.050833421106901 ] ] ] } },
{ "type": "Feature", "properties": { "codigo_indec": "421190212" }, "geometry": { "type": "Polygon", "coordinates": [ [ [ -63.569786760791715, -36.055481688925553 ], [ -63.565699550272946, -36.062273141228417 ], [ -63.568086455353978, -36.06322709531279 ], [ -63.570776686009125, -36.058740766808761 ], [ -63.575533571167291, -36.060657092119236 ], [ -63.576901478315946, -36.058387279001174 ], [ -63.569786760791715, -36.055481688925553 ] ] ] } },
{ "type": "Feature", "properties": { "codigo_indec": "421120305" }, "geometry": { "type": "Polygon", "coordinates": [ [ [ -67.7221250915117, -37.769112379615983 ], [ -67.72013756857254, -37.772474606789849 ], [ -67.722470602797742, -37.773120668567323 ], [ -67.724746582294529, -37.76984426666548 ], [ -67.7221250915117, -37.769112379615983 ] ] ] } },
{ "type": "Feature", "properties": { "codigo_indec": "421120302" }, "geometry": { "type": "Polygon", "coordinates": [ [ [ -67.722370180398954, -37.766469269682837 ], [ -67.71816142539744, -37.766652341535831 ], [ -67.716987545724436, -37.768520729179151 ], [ -67.719357925329135, -37.769193336122953 ], [ -67.719720553517121, -37.768435822922434 ], [ -67.722913203881163, -37.769330576277746 ], [ -67.723203290882566, -37.767893962541706 ], [ -67.722474407352166, -37.767904621602895 ], [ -67.722370180398954, -37.766469269682837 ] ] ] } },
{ "type": "Feature", "properties": { "codigo_indec": "421120301" }, "geometry": { "type": "Polygon", "coordinates": [ [ [ -67.722370180398954, -37.766469269682837 ], [ -67.722474407352166, -37.767904621602895 ], [ -67.723203290882566, -37.767893962541706 ], [ -67.722913203881163, -37.769330576277746 ], [ -67.724746582294529, -37.76984426666548 ], [ -67.724732205257567, -37.766416696764345 ], [ -67.722370180398954, -37.766469269682837 ] ] ] } },
{ "type": "Feature", "properties": { "codigo_indec": "421051009" }, "geometry": { "type": "Polygon", "coordinates": [ [ [ -63.774957405799476, -35.670642011297609 ], [ -63.775875145823015, -35.669902080803212 ], [ -63.775218789752465, -35.669380848240856 ], [ -63.774336419413359, -35.670139449147882 ], [ -63.774957405799476, -35.670642011297609 ] ] ] } },
{ "type": "Feature", "properties": { "codigo_indec": "421050903" }, "geometry": { "type": "Polygon", "coordinates": [ [ [ -63.731125773231774, -35.643283036381234 ], [ -63.7241356788197, -35.643376359838811 ], [ -63.724273635011095, -35.656020792076326 ], [ -63.724727716017789, -35.657137674827297 ], [ -63.729937556884408, -35.661277280323844 ], [ -63.729847656272163, -35.656166593830534 ], [ -63.731346229048633, -35.65617232089896 ], [ -63.731125773231774, -35.643283036381234 ] ] ] } },
{ "type": "Feature", "properties": { "codigo_indec": "421050706" }, "geometry": { "type": "Polygon", "coordinates": [ [ [ -63.738969218812393, -35.655991371553071 ], [ -63.739968464910973, -35.656771531968701 ], [ -63.739000492837384, -35.657622875205277 ], [ -63.74194932510526, -35.65993988815633 ], [ -63.745752853067401, -35.656605176092071 ], [ -63.741856080344277, -35.653450512146826 ], [ -63.738969218812393, -35.655991371553071 ] ] ] } },
{ "type": "Feature", "properties": { "codigo_indec": "421050701" }, "geometry": { "type": "Polygon", "coordinates": [ [ [ -63.768992700394172, -35.67724900976684 ], [ -63.760579767175749, -35.668875073747529 ], [ -63.757085308822681, -35.671819543846269 ], [ -63.760780145243629, -35.674744709864925 ], [ -63.759026543380919, -35.676243870976862 ], [ -63.760765573345822, -35.677636843107379 ], [ -63.768992700394172, -35.67724900976684 ] ] ] } },
{ "type": "Feature", "properties": { "codigo_indec": "421050404" }, "geometry": { "type": "Polygon", "coordinates": [ [ [ -63.753774602848409, -35.642977891454727 ], [ -63.74591137696104, -35.643110251873843 ], [ -63.740769311276274, -35.647744432672127 ], [ -63.74473147104176, -35.650918374934861 ], [ -63.750865927321364, -35.645536667993227 ], [ -63.753870853591209, -35.647917512984819 ], [ -63.755616002067306, -35.646404738321685 ], [ -63.753689551657374, -35.644832494834084 ], [ -63.754600786685636, -35.644025021214006 ], [ -63.753537111625477, -35.6431807046812 ], [ -63.753774602848409, -35.642977891454727 ] ] ] } },
{ "type": "Feature", "properties": { "codigo_indec": "421050401" }, "geometry": { "type": "Polygon", "coordinates": [ [ [ -63.777715601598608, -35.642647281473572 ], [ -63.777703903229863, -35.641475676818324 ], [ -63.76789825451899, -35.641600640577231 ], [ -63.767909558879758, -35.642781247003704 ], [ -63.769129703239358, -35.642767820116347 ], [ -63.761399184371157, -35.649418349801032 ], [ -63.764207220918998, -35.651651111275207 ], [ -63.765270030332822, -35.650751760340128 ], [ -63.766318006635387, -35.65157315818729 ], [ -63.776732665453942, -35.642665176326162 ], [ -63.777715601598608, -35.642647281473572 ] ] ] } },
{ "type": "Feature", "properties": { "codigo_indec": "421050301" }, "geometry": { "type": "Polygon", "coordinates": [ [ [ -63.769360347590712, -35.648962417973081 ], [ -63.761624710012931, -35.655576808766625 ], [ -63.763558217693216, -35.657108513270011 ], [ -63.765390048946081, -35.655556661555181 ], [ -63.767280244121807, -35.657060471435919 ], [ -63.77326079356915, -35.652017158152319 ], [ -63.769360347590712, -35.648962417973081 ] ] ] } },
{ "type": "Feature", "properties": { "codigo_indec": "420840101" }, "geometry": { "type": "Polygon", "coordinates": [ [ [ -64.64778030069165, -38.31855451087344 ], [ -64.644412056839272, -38.318601202522771 ], [ -64.644397715513591, -38.31937123917124 ], [ -64.637009039753124, -38.319330637433673 ], [ -64.637036402981451, -38.341067724706072 ], [ -64.644208337195153, -38.341195915870614 ], [ -64.644169031598835, -38.334560931018039 ], [ -64.645610742812693, -38.335906301059907 ], [ -64.646507664244339, -38.334416793508773 ], [ -64.64419932867456, -38.332935302343849 ], [ -64.644321440368657, -38.329297402289264 ], [ -64.647905825017759, -38.329338787153191 ], [ -64.64778030069165, -38.31855451087344 ] ] ] } },
{ "type": "Feature", "properties": { "codigo_indec": "420770306" }, "geometry": { "type": "Polygon", "coordinates": [ [ [ -63.738221182592191, -37.897626350953615 ], [ -63.749591858667273, -37.897610197123043 ], [ -63.749581399262915, -37.895434629681901 ], [ -63.738214036121612, -37.895446346542428 ], [ -63.738221182592191, -37.897626350953615 ] ] ] } },
{ "type": "Feature", "properties": { "codigo_indec": "420700105" }, "geometry": { "type": "Polygon", "coordinates": [ [ [ -63.768408090781776, -37.377665407076961 ], [ -63.766679201813446, -37.378866910472325 ], [ -63.768714779960114, -37.380743072378678 ], [ -63.772500863945446, -37.378116452459082 ], [ -63.770742922713595, -37.376488818884013 ], [ -63.768682801738542, -37.37791832489556 ], [ -63.768408090781776, -37.377665407076961 ] ] ] } },
{ "type": "Feature", "properties": { "codigo_indec": "420560502" }, "geometry": { "type": "Polygon", "coordinates": [ [ [ -63.591660634973557, -35.230728716721899 ], [ -63.586089983938464, -35.230730326085784 ], [ -63.586041704641545, -35.237546025452119 ], [ -63.591626808989886, -35.23753570466576 ], [ -63.591660634973557, -35.230728716721899 ] ] ] } },
{ "type": "Feature", "properties": { "codigo_indec": "420560301" }, "geometry": { "type": "Polygon", "coordinates": [ [ [ -63.573748996167701, -35.022367833309382 ], [ -63.573786519867006, -35.027027280654295 ], [ -63.581674338356038, -35.027009102066664 ], [ -63.581643731764999, -35.022471434788208 ], [ -63.573748996167701, -35.022367833309382 ] ] ] } },
{ "type": "Feature", "properties": { "codigo_indec": "420350609" }, "geometry": { "type": "Polygon", "coordinates": [ [ [ -64.234495408634018, -36.227295543293309 ], [ -64.23450734269403, -36.230598137964179 ], [ -64.239781937532655, -36.230594777039791 ], [ -64.23978419776212, -36.232230251652958 ], [ -64.242200676365016, -36.232220734318176 ], [ -64.242130731261966, -36.228390158435502 ], [ -64.239781279608991, -36.228391651507124 ], [ -64.239780798250408, -36.227296844248606 ], [ -64.234495408634018, -36.227295543293309 ] ] ] } },
{ "type": "Feature", "properties": { "codigo_indec": "420350409" }, "geometry": { "type": "Polygon", "coordinates": [ [ [ -64.30226278504496, -35.912616437448101 ], [ -64.299861824681074, -35.916885313741517 ], [ -64.303425678905, -35.918201813794106 ], [ -64.305812362531171, -35.91394618040195 ], [ -64.30226278504496, -35.912616437448101 ] ] ] } },
{ "type": "Feature", "properties": { "codigo_indec": "420350404" }, "geometry": { "type": "Polygon", "coordinates": [ [ [ -64.271895643897324, -35.901369693692764 ], [ -64.2716716302903, -35.90632262418837 ], [ -64.267300902828339, -35.914374184118969 ], [ -64.272037016070456, -35.916132049668718 ], [ -64.27316527209905, -35.914170332404446 ], [ -64.275673337244243, -35.915107504446539 ], [ -64.28146580649117, -35.904787145145001 ], [ -64.271895643897324, -35.901369693692764 ] ] ] } },
{ "type": "Feature", "properties": { "codigo_indec": "420350310" }, "geometry": { "type": "Polygon", "coordinates": [ [ [ -64.301478424525968, -35.906040662345191 ], [ -64.298972986402632, -35.905108571225789 ], [ -64.300069103181073, -35.903186682050091 ], [ -64.297490287286791, -35.902194948921263 ], [ -64.296404617012115, -35.904143996111735 ], [ -64.29395427735092, -35.90323060573305 ], [ -64.292890651966161, -35.905179932775518 ], [ -64.300381528299013, -35.907998597373393 ], [ -64.301478424525968, -35.906040662345191 ] ] ] } },
{ "type": "Feature", "properties": { "codigo_indec": "420280201" }, "geometry": { "type": "Polygon", "coordinates": [ [ [ -63.618170624906114, -36.465975016512481 ], [ -63.628249218844459, -36.469148925750574 ], [ -63.630169288080282, -36.464979722191757 ], [ -63.620088488358512, -36.461801432627702 ], [ -63.618170624906114, -36.465975016512481 ] ] ] } },
{ "type": "Feature", "properties": { "codigo_indec": "420210908" }, "geometry": { "type": "Polygon", "coordinates": [ [ [ -64.272324903436854, -36.627611077358949 ], [ -64.272487087177254, -36.635492843774273 ], [ -64.27440232538585, -36.635462041593243 ], [ -64.27436237034577, -36.627604571800028 ], [ -64.272324903436854, -36.627611077358949 ] ] ] } },
{ "type": "Feature", "properties": { "codigo_indec": "420210805" }, "geometry": { "type": "Polygon", "coordinates": [ [ [ -64.286546031210904, -36.623491594147154 ], [ -64.28474970201114, -36.625105601317799 ], [ -64.289782676118207, -36.6290298395433 ], [ -64.291673390297007, -36.627444141602105 ], [ -64.286546031210904, -36.623491594147154 ] ] ] } },
{ "type": "Feature", "properties": { "codigo_indec": "420210418" }, "geometry": { "type": "Polygon", "coordinates": [ [ [ -64.252962447650617, -36.614529695990676 ], [ -64.260371852391714, -36.61643115602233 ], [ -64.260438206929621, -36.620441661679955 ], [ -64.264940862537841, -36.620403713286052 ], [ -64.264932813790438, -36.619142168166363 ], [ -64.267856386883381, -36.619112633754341 ], [ -64.267786215760367, -36.614381254554473 ], [ -64.252962447650617, -36.614529695990676 ] ] ] } },
{ "type": "Feature", "properties": { "codigo_indec": "420210412" }, "geometry": { "type": "Polygon", "coordinates": [ [ [ -64.274142951905063, -36.613130993775144 ], [ -64.274160839208022, -36.61433411731349 ], [ -64.279773196475432, -36.614262118513267 ], [ -64.279741389939232, -36.612549715828671 ], [ -64.276834688511613, -36.610953443328157 ], [ -64.276896014953607, -36.613094259115577 ], [ -64.274142951905063, -36.613130993775144 ] ] ] } },
{ "type": "Feature", "properties": { "codigo_indec": "420210413" }, "geometry": { "type": "Polygon", "coordinates": [ [ [ -64.274160839208022, -36.61433411731349 ], [ -64.27441576928625, -36.619068173928646 ], [ -64.273531253528688, -36.620262726057391 ], [ -64.279886015235491, -36.620251040929467 ], [ -64.279773196475432, -36.614262118513267 ], [ -64.274160839208022, -36.61433411731349 ] ] ] } },
{ "type": "Feature", "properties": { "codigo_indec": "420210308" }, "geometry": { "type": "Polygon", "coordinates": [ [ [ -64.29832764686968, -36.589295339935134 ], [ -64.288385439197128, -36.589333150979485 ], [ -64.28844773095679, -36.592203817213495 ], [ -64.29631795081373, -36.592149913925113 ], [ -64.296318544792328, -36.590852441908005 ], [ -64.298333015573576, -36.590831670374342 ], [ -64.29832764686968, -36.589295339935134 ] ] ] } },
{ "type": "Feature", "properties": { "codigo_indec": "420210304" }, "geometry": { "type": "Polygon", "coordinates": [ [ [ -64.278925420735249, -36.585142273341269 ], [ -64.279023583761202, -36.589274896870279 ], [ -64.283188858082823, -36.589253888944164 ], [ -64.283220951673727, -36.590957291473579 ], [ -64.288433897533437, -36.590933170378783 ], [ -64.28831558723185, -36.585034245796976 ], [ -64.278925420735249, -36.585142273341269 ] ] ] } },
{ "type": "Feature", "properties": { "codigo_indec": "420210210" }, "geometry": { "type": "Polygon", "coordinates": [ [ [ -64.011233180932038, -36.523163157601395 ], [ -64.016186062429369, -36.524723301965111 ], [ -64.018578062871924, -36.51968145813133 ], [ -64.013617077252476, -36.518121280851254 ], [ -64.011233180932038, -36.523163157601395 ] ] ] } },
{ "type": "Feature", "properties": { "codigo_indec": "420210118" }, "geometry": { "type": "Polygon", "coordinates": [ [ [ -64.337786863968759, -36.623231017957011 ], [ -64.31659726071517, -36.62329386182148 ], [ -64.315328533684209, -36.624577908202284 ], [ -64.318262031150383, -36.626930492912336 ], [ -64.314848988271109, -36.629788063900968 ], [ -64.334788009977771, -36.638439030570495 ], [ -64.337218743101829, -36.636405133422954 ], [ -64.329388228421053, -36.630398335574171 ], [ -64.337786863968759, -36.623231017957011 ] ] ] } },
{ "type": "Feature", "properties": { "codigo_indec": "420070501" }, "geometry": { "type": "Polygon", "coordinates": [ [ [ -63.423116183008169, -37.168210636476971 ], [ -63.423093117772432, -37.162760240300656 ], [ -63.414930206577942, -37.162757999889237 ], [ -63.414946600651469, -37.168221754626344 ], [ -63.423116183008169, -37.168210636476971 ] ] ] } },
{ "type": "Feature", "properties": { "codigo_indec": "420070202" }, "geometry": { "type": "Polygon", "coordinates": [ [ [ -63.687299301133059, -36.854515330470015 ], [ -63.687297679873865, -36.855591870530297 ], [ -63.688665401166503, -36.855591460182779 ], [ -63.688648186499357, -36.859883897829228 ], [ -63.694124893902298, -36.859792127468836 ], [ -63.694107008768562, -36.854512519770822 ], [ -63.687299301133059, -36.854515330470015 ] ] ] } },
{ "type": "Feature", "properties": { "codigo_indec": "420140211" }, "geometry": { "type": "Polygon", "coordinates": [ [ [ -64.084515295262108, -38.966416526231399 ], [ -64.07619172285861, -38.966509234786024 ], [ -64.075704175309539, -38.96704610104868 ], [ -64.075499820437031, -38.982052428896218 ], [ -64.078772405291957, -38.981583985940958 ], [ -64.082955251852894, -38.980094640958654 ], [ -64.084515295262108, -38.966416526231399 ] ] ] } },
{ "type": "Feature", "properties": { "codigo_indec": "420070404" }, "geometry": { "type": "Polygon", "coordinates": [ [ [ -63.665909897113096, -37.135760157435712 ], [ -63.665913326339279, -37.139034840412712 ], [ -63.672799684703939, -37.139039688528129 ], [ -63.672894431313416, -37.136865977067103 ], [ -63.668655117593261, -37.136868212894377 ], [ -63.668641459780609, -37.135755384903661 ], [ -63.665909897113096, -37.135760157435712 ] ] ] } },
{ "type": "Feature", "properties": { "codigo_indec": "420070102" }, "geometry": { "type": "Polygon", "coordinates": [ [ [ -64.01368191965237, -37.147411802696062 ], [ -64.012063537934296, -37.153127969777195 ], [ -64.017420015847492, -37.15413665816618 ], [ -64.017003257310066, -37.155548618857111 ], [ -64.021776695221476, -37.15647978361946 ], [ -64.023873153042743, -37.149343505898756 ], [ -64.01368191965237, -37.147411802696062 ] ] ] } },
{ "type": "Feature", "properties": { "codigo_indec": "420210611" }, "geometry": { "type": "Polygon", "coordinates": [ [ [ -64.288799406836446, -36.612702695199907 ], [ -64.286141522468526, -36.612732064485435 ], [ -64.286250448029065, -36.618793013876662 ], [ -64.288964211201517, -36.618773457493674 ], [ -64.288799406836446, -36.612702695199907 ] ] ] } },
{ "type": "Feature", "properties": { "codigo_indec": "420210608" }, "geometry": { "type": "Polygon", "coordinates": [ [ [ -64.279706613165203, -36.611977064045838 ], [ -64.279795887411808, -36.616510497487631 ], [ -64.282076391155712, -36.616493850310057 ], [ -64.282020348626375, -36.613352977153355 ], [ -64.28342536132169, -36.613625517131219 ], [ -64.283426472721885, -36.612945260508383 ], [ -64.279706613165203, -36.611977064045838 ] ] ] } },
{ "type": "Feature", "properties": { "codigo_indec": "420210505" }, "geometry": { "type": "Polygon", "coordinates": [ [ [ -64.283106367219816, -36.597262822269215 ], [ -64.283170642923366, -36.600665118944839 ], [ -64.288605976756912, -36.600720789537206 ], [ -64.28856794840037, -36.596498936063824 ], [ -64.283106367219816, -36.597262822269215 ] ] ] } },
{ "type": "Feature", "properties": { "codigo_indec": "420560504" }, "geometry": { "type": "Polygon", "coordinates": [ [ [ -63.586041704641545, -35.237546025452119 ], [ -63.586041750788489, -35.239767184767857 ], [ -63.588803724789244, -35.239777217566548 ], [ -63.588776933626121, -35.241979821177488 ], [ -63.591599493649362, -35.241986493851918 ], [ -63.591626808989886, -35.23753570466576 ], [ -63.586041704641545, -35.237546025452119 ] ] ] } },
{ "type": "Feature", "properties": { "codigo_indec": "420210722" }, "geometry": { "type": "Polygon", "coordinates": [ [ [ -64.307238251032302, -36.633518508639845 ], [ -64.308886519921842, -36.634830386987282 ], [ -64.313266707793872, -36.631090174543502 ], [ -64.310716097378176, -36.629121329433268 ], [ -64.311407758646169, -36.62995557459648 ], [ -64.308084922788879, -36.632760163205887 ], [ -64.307801769199045, -36.632544400038746 ], [ -64.307238251032302, -36.633518508639845 ] ] ] } },
{ "type": "Feature", "properties": { "codigo_indec": "420210706" }, "geometry": { "type": "Polygon", "coordinates": [ [ [ -64.286250448029065, -36.618793013876662 ], [ -64.286325233377497, -36.623492922979615 ], [ -64.289003142727267, -36.623459336504006 ], [ -64.288964211201517, -36.618773457493674 ], [ -64.286250448029065, -36.618793013876662 ] ] ] } },
{ "type": "Feature", "properties": { "codigo_indec": "420210701" }, "geometry": { "type": "Polygon", "coordinates": [ [ [ -64.298525789023955, -36.618680650246674 ], [ -64.29859222945349, -36.622141533082853 ], [ -64.301339641643324, -36.62212217648532 ], [ -64.301331125243578, -36.62098225884553 ], [ -64.304092762035268, -36.620949525670177 ], [ -64.302980792959403, -36.618645085809348 ], [ -64.298525789023955, -36.618680650246674 ] ] ] } },
{ "type": "Feature", "properties": { "codigo_indec": "420210708" }, "geometry": { "type": "Polygon", "coordinates": [ [ [ -64.296594581329629, -36.623392437492107 ], [ -64.293886512437254, -36.625935112534727 ], [ -64.296702225755098, -36.628151380578778 ], [ -64.299486850328933, -36.625812465464357 ], [ -64.296594581329629, -36.623392437492107 ] ] ] } },
{ "type": "Feature", "properties": { "codigo_indec": "420770210" }, "geometry": { "type": "Polygon", "coordinates": [ [ [ -63.601914931701828, -37.973350276622973 ], [ -63.604085992171576, -37.972020912195696 ], [ -63.608829577072655, -37.976967978095836 ], [ -63.613024651000991, -37.974278945159213 ], [ -63.609584700075473, -37.970705167179645 ], [ -63.599338256611709, -37.970712565846959 ], [ -63.601914931701828, -37.973350276622973 ] ] ] } },
{ "type": "Feature", "properties": { "codigo_indec": "421260203" }, "geometry": { "type": "Polygon", "coordinates": [ [ [ -64.516003886341025, -35.06046542275741 ], [ -64.524109814216615, -35.060456186440554 ], [ -64.524097542385874, -35.05428682788304 ], [ -64.527976579264575, -35.054185258494776 ], [ -64.528106796375184, -35.052731282209102 ], [ -64.51496224174123, -35.051859051021317 ], [ -64.514750683986122, -35.053555357734773 ], [ -64.516001142843436, -35.053651778444511 ], [ -64.516003886341025, -35.06046542275741 ] ] ] } },
{ "type": "Feature", "properties": { "codigo_indec": "421050715" }, "geometry": { "type": "Polygon", "coordinates": [ [ [ -63.751525943145644, -35.671995135385579 ], [ -63.749682677436702, -35.673537536406116 ], [ -63.748699560999263, -35.672762260238855 ], [ -63.746765395079265, -35.67439302036194 ], [ -63.750536708156645, -35.677337948810973 ], [ -63.754303104381272, -35.674164479247835 ], [ -63.751525943145644, -35.671995135385579 ] ] ] } },
{ "type": "Feature", "properties": { "codigo_indec": "421050716" }, "geometry": { "type": "Polygon", "coordinates": [ [ [ -63.746772041831179, -35.668265947752843 ], [ -63.74301643333537, -35.671448396410788 ], [ -63.746765395079265, -35.67439302036194 ], [ -63.748699560999263, -35.672762260238855 ], [ -63.749682677436702, -35.673537536406116 ], [ -63.751525943145644, -35.671995135385579 ], [ -63.746772041831179, -35.668265947752843 ] ] ] } },
{ "type": "Feature", "properties": { "codigo_indec": "420980109" }, "geometry": { "type": "Polygon", "coordinates": [ [ [ -65.438803458308115, -36.205023234029397 ], [ -65.433243428387996, -36.208137678154969 ], [ -65.430932193276391, -36.209433434362488 ], [ -65.432495323558825, -36.211256751892911 ], [ -65.438139356981253, -36.208093174165249 ], [ -65.43889203591759, -36.208970858914746 ], [ -65.441130530151938, -36.207719668089759 ], [ -65.438803458308115, -36.205023234029397 ] ] ] } },
{ "type": "Feature", "properties": { "codigo_indec": "421540302" }, "geometry": { "type": "Polygon", "coordinates": [ [ [ -64.170318018107864, -36.984182785590683 ], [ -64.175104024229199, -37.254704822460248 ], [ -64.287197830432504, -37.254677164852794 ], [ -64.286036217086519, -37.209176492521202 ], [ -64.339641944411568, -37.207381520372081 ], [ -64.338391022309125, -37.164888639998857 ], [ -64.336189902781996, -37.125220168585038 ], [ -64.39984097809085, -37.124010880923443 ], [ -64.396991045314735, -37.075464130233328 ], [ -64.396364436498246, -37.031388886988744 ], [ -64.458064500533041, -37.030643674421995 ], [ -64.460349833847062, -36.985056193060643 ], [ -64.170318018107864, -36.984182785590683 ] ], [ [ -64.277736635065651, -37.039298712524761 ], [ -64.277759164748048, -37.026982854052072 ], [ -64.274582356747302, -37.023733760637064 ], [ -64.274591461181913, -37.021220198956343 ], [ -64.285898254297592, -37.02120390622698 ], [ -64.285903563728397, -37.023717681168861 ], [ -64.294086991112678, -37.023700491001051 ], [ -64.294140821692878, -37.039251954233116 ], [ -64.277736635065651, -37.039298712524761 ] ] ] } },
{ "type": "Feature", "properties": { "codigo_indec": "421470212" }, "geometry": { "type": "Polygon", "coordinates": [ [ [ -64.269961742303977, -35.721561603837515 ], [ -64.156340069152648, -35.722302530870628 ], [ -64.047738653584744, -35.722120981843311 ], [ -64.048521310957568, -35.810770569945532 ], [ -64.100834177846608, -35.810509350929884 ], [ -64.101402485975669, -35.771175974571989 ], [ -64.270462543715993, -35.769802352124458 ], [ -64.269961742303977, -35.721561603837515 ] ] ] } },
{ "type": "Feature", "properties": { "codigo_indec": "421470209" }, "geometry": { "type": "Polygon", "coordinates": [ [ [ -64.153903614092982, -35.57754737203998 ], [ -64.154162052638156, -35.63089439009142 ], [ -64.156340069152648, -35.722302530870628 ], [ -64.269961742303977, -35.721561603837515 ], [ -64.26841000429549, -35.5763950040635 ], [ -64.153903614092982, -35.57754737203998 ] ] ] } },
{ "type": "Feature", "properties": { "codigo_indec": "421400103" }, "geometry": { "type": "Polygon", "coordinates": [ [ [ -64.502019540461632, -36.395443940646587 ], [ -64.503284652107098, -36.530354908290491 ], [ -64.832107227358989, -36.52706778811595 ], [ -64.83028996085892, -36.435407538530441 ], [ -64.829916977246839, -36.390586905996486 ], [ -64.502019540461632, -36.395443940646587 ] ] ] } },
{ "type": "Feature", "properties": { "codigo_indec": "421330706" }, "geometry": { "type": "Polygon", "coordinates": [ [ [ -64.202878160196576, -35.360060998821197 ], [ -64.044587716788769, -35.360531518439515 ], [ -64.045364344932935, -35.450271509109143 ], [ -64.202958300034823, -35.451017888207737 ], [ -64.202878160196576, -35.360060998821197 ] ] ] } },
{ "type": "Feature", "properties": { "codigo_indec": "421260507" }, "geometry": { "type": "Polygon", "coordinates": [ [ [ -64.48910381003617, -35.628451900118904 ], [ -64.491301014718857, -35.718629187475067 ], [ -64.599130335842702, -35.718017934844248 ], [ -64.597630535611287, -35.626781414595214 ], [ -64.48910381003617, -35.628451900118904 ] ] ] } },
{ "type": "Feature", "properties": { "codigo_indec": "421260301" }, "geometry": { "type": "Polygon", "coordinates": [ [ [ -64.483503168553355, -35.26726118715635 ], [ -64.484004752941459, -35.358783001014082 ], [ -64.593249149237764, -35.358103471094928 ], [ -64.705292084069512, -35.354570236476661 ], [ -64.704285597906704, -35.30667565444471 ], [ -64.643862233131742, -35.307513654129359 ], [ -64.643012080398023, -35.265410956052349 ], [ -64.483503168553355, -35.26726118715635 ] ] ] } },
{ "type": "Feature", "properties": { "codigo_indec": "421260204" }, "geometry": { "type": "Polygon", "coordinates": [ [ [ -64.477644299195234, -35.009433291772588 ], [ -64.48126106528602, -35.086433344417465 ], [ -64.588913944242805, -35.087905354875126 ], [ -64.587685783083671, -35.010727785464603 ], [ -64.477644299195234, -35.009433291772588 ] ], [ [ -64.516003886341025, -35.06046542275741 ], [ -64.516001142843436, -35.053651778444511 ], [ -64.514750683986122, -35.053555357734773 ], [ -64.51496224174123, -35.051859051021317 ], [ -64.528106796375184, -35.052731282209102 ], [ -64.527976579264575, -35.054185258494776 ], [ -64.524097542385874, -35.05428682788304 ], [ -64.524109814216615, -35.060456186440554 ], [ -64.516003886341025, -35.06046542275741 ] ] ] } },
{ "type": "Feature", "properties": { "codigo_indec": "421260110" }, "geometry": { "type": "Polygon", "coordinates": [ [ [ -64.9258111338644, -35.137181044602038 ], [ -64.923576838375325, -35.179986762926042 ], [ -64.641499488655924, -35.178692301099275 ], [ -64.643862233131742, -35.307513654129359 ], [ -65.041738749132861, -35.301447764236009 ], [ -65.042747407685951, -35.35159466813456 ], [ -65.105426285422155, -35.353584522431369 ], [ -65.103284485270123, -35.134230372626035 ], [ -64.9258111338644, -35.137181044602038 ] ] ] } },
{ "type": "Feature", "properties": { "codigo_indec": "421190308" }, "geometry": { "type": "Polygon", "coordinates": [ [ [ -63.667280375602587, -36.175813623498534 ], [ -63.667704040186067, -36.314575812649259 ], [ -63.72491829800007, -36.316075397620232 ], [ -63.778858838630434, -36.315734353859817 ], [ -63.779715760844269, -36.357024165573343 ], [ -63.833446231622453, -36.357258638829897 ], [ -63.832124320171872, -36.17455272061531 ], [ -63.667280375602587, -36.175813623498534 ] ] ] } },
{ "type": "Feature", "properties": { "codigo_indec": "421120315" }, "geometry": { "type": "Polygon", "coordinates": [ [ [ -67.679485373776728, -37.885573941044555 ], [ -67.678598569008599, -37.970581330063489 ], [ -67.891434759143152, -37.970967528163087 ], [ -67.883346160446834, -37.961364042264599 ], [ -67.882305151039418, -37.956687455568819 ], [ -67.882492330299613, -37.954549523866099 ], [ -67.881213601993139, -37.951696377226476 ], [ -67.878841949492326, -37.948248121757715 ], [ -67.876765791835098, -37.946457110589947 ], [ -67.87458360883889, -37.945861336476767 ], [ -67.873611466559979, -37.946327235698988 ], [ -67.872261831351494, -37.949735806739632 ], [ -67.870458142476224, -37.950273467521683 ], [ -67.865383416700155, -37.949110930740304 ], [ -67.853378527595652, -37.945134412900082 ], [ -67.850567810084854, -37.944867884402527 ], [ -67.84906878263979, -37.943720389973926 ], [ -67.847469099901147, -37.944002261001856 ], [ -67.845737821827512, -37.942434983980007 ], [ -67.844921022244662, -37.940362391831904 ], [ -67.844427174721801, -37.935167877811516 ], [ -67.839511312437438, -37.929141761683987 ], [ -67.829422008519913, -37.91990346196166 ], [ -67.818665165798421, -37.914273396289971 ], [ -67.816428535616652, -37.913717903888461 ], [ -67.812335529360567, -37.909911951113934 ], [ -67.802946989760912, -37.902935101600129 ], [ -67.795939128757809, -37.900875762317668 ], [ -67.790153395974812, -37.901617031080782 ], [ -67.787578898741515, -37.901403935846687 ], [ -67.786261904870571, -37.901595094519784 ], [ -67.785579522773943, -37.902290086869606 ], [ -67.775182981598476, -37.898753956997723 ], [ -67.770163281041803, -37.894221785437622 ], [ -67.767791034972305, -37.890451398369031 ], [ -67.767492985814968, -37.888564110995922 ], [ -67.768054069511365, -37.885884691028245 ], [ -67.679485373776728, -37.885573941044555 ] ] ] } },
{ "type": "Feature", "properties": { "codigo_indec": "420980402" }, "geometry": { "type": "Polygon", "coordinates": [ [ [ -65.506240319997815, -36.337753751051295 ], [ -65.173351413832265, -36.338379445879923 ], [ -65.175081656559982, -36.430074186922624 ], [ -65.066262348512794, -36.431557069221824 ], [ -65.077153548515724, -36.975681587322555 ], [ -65.411196406173261, -36.97179810929395 ], [ -65.638820072910676, -36.968608826311339 ], [ -65.640719304358726, -36.950984888581871 ], [ -65.621947344533609, -36.422957899194557 ], [ -65.508239701221441, -36.424927306452176 ], [ -65.506240319997815, -36.337753751051295 ] ], [ [ -65.339119855369333, -36.478806162179019 ], [ -65.339169315857717, -36.473309456619376 ], [ -65.345936345890095, -36.473328714636878 ], [ -65.345929243840587, -36.478821151651601 ], [ -65.339119855369333, -36.478806162179019 ] ] ] } },
{ "type": "Feature", "properties": { "codigo_indec": "420840206" }, "geometry": { "type": "Polygon", "coordinates": [ [ [ -64.76644442460514, -38.782944709252718 ], [ -64.767175268368192, -38.83253024167977 ], [ -64.772552981944102, -38.829699952642663 ], [ -64.783859576299363, -38.825746793310969 ], [ -64.790737602270738, -38.822305239348346 ], [ -64.805942674345843, -38.817471439404706 ], [ -64.809975688196559, -38.817625188544781 ], [ -64.815052698415741, -38.818528017578664 ], [ -64.818161236569296, -38.820108818201319 ], [ -64.824225381313965, -38.825592597474028 ], [ -64.830110434416454, -38.827475727837054 ], [ -64.83542807696989, -38.8285106950159 ], [ -64.843011357374266, -38.827604222509351 ], [ -64.847863278297197, -38.826467676540446 ], [ -64.866049245263255, -38.819358448640344 ], [ -64.870190893822709, -38.819029264412819 ], [ -64.879228410599239, -38.819278459105718 ], [ -64.880489003869315, -38.819475203650761 ], [ -64.887666994246629, -38.823799892368278 ], [ -64.890199643146019, -38.824395967709613 ], [ -64.896673169777159, -38.823885303893825 ], [ -64.899573944378119, -38.82432251477443 ], [ -64.908206049133156, -38.829114522700749 ], [ -64.913989193801612, -38.831429357027886 ], [ -64.918667463362539, -38.832580701819701 ], [ -64.928402658785743, -38.830206819906394 ], [ -64.946033768332256, -38.826872251233851 ], [ -64.956420708268695, -38.823713727527995 ], [ -64.961345502677844, -38.823167614656185 ], [ -64.974134436041737, -38.822645580891027 ], [ -64.976536393700584, -38.82296840810055 ], [ -64.984308878416613, -38.821752645655422 ], [ -64.996412659245195, -38.823870483091625 ], [ -65.009713470922478, -38.820678155013717 ], [ -65.01743530010674, -38.819738994303876 ], [ -65.022512969995532, -38.820380606574204 ], [ -65.032545034452596, -38.822923234003994 ], [ -65.036933419760118, -38.823045068351277 ], [ -65.044381758305704, -38.820593071473141 ], [ -65.050834384087636, -38.819384589975968 ], [ -65.05210677507236, -38.818728346378393 ], [ -65.057292555034266, -38.818175795511195 ], [ -65.061335880338362, -38.815181740894033 ], [ -65.063528341060461, -38.814149929850245 ], [ -65.06587574970419, -38.815573936415191 ], [ -65.070621834439464, -38.815827975741378 ], [ -65.08520370070039, -38.814722512284966 ], [ -65.090983968851006, -38.812421099980455 ], [ -65.095629635254255, -38.808088369762473 ], [ -65.101244108982812, -38.807230913742771 ], [ -65.105652763495073, -38.807967353817517 ], [ -65.110149243424985, -38.807898097415801 ], [ -65.112011825561083, -38.80739882320929 ], [ -65.114803685198865, -38.807622685006159 ], [ -65.114062979608434, -38.778418161199035 ], [ -64.76644442460514, -38.782944709252718 ] ] ] } },
{ "type": "Feature", "properties": { "codigo_indec": "420210206" }, "geometry": { "type": "Polygon", "coordinates": [ [ [ -63.939513842045784, -36.445744188707479 ], [ -63.940306323347166, -36.533869983013389 ], [ -64.053612977585018, -36.53490879072249 ], [ -64.054244672023728, -36.44478692879246 ], [ -63.939513842045784, -36.445744188707479 ] ], [ [ -64.006175987977556, -36.515780638468762 ], [ -64.018578062871924, -36.51968145813133 ], [ -64.016186062429369, -36.524723301965111 ], [ -64.018550517217307, -36.525465396914768 ], [ -64.015077306665816, -36.533052566721501 ], [ -64.010151709568362, -36.531497331501733 ], [ -64.011093245337008, -36.529499320751853 ], [ -64.0036795254682, -36.527140948979635 ], [ -64.004615819383631, -36.525133892025387 ], [ -64.002096575635946, -36.524339374026482 ], [ -64.002730853360717, -36.52300752033414 ], [ -64.001557224489417, -36.522631962198062 ], [ -64.003040709812126, -36.519422249218472 ], [ -64.004258698876185, -36.519807544791433 ], [ -64.006175987977556, -36.515780638468762 ] ] ] } },
{ "type": "Feature", "properties": { "codigo_indec": "420140204" }, "geometry": { "type": "Polygon", "coordinates": [ [ [ -64.534833271206509, -38.852054454610077 ], [ -64.534369100773475, -38.785389400972733 ], [ -64.194703954361316, -38.788137590218241 ], [ -64.19778746887016, -38.934729244059575 ], [ -64.203257968967407, -38.933530116610299 ], [ -64.209466171253766, -38.930617226067184 ], [ -64.219771170077635, -38.922938844935047 ], [ -64.224460194636237, -38.920429785406021 ], [ -64.234626997343184, -38.917620723836279 ], [ -64.241583473647381, -38.914176991214426 ], [ -64.243236368543634, -38.91376954697288 ], [ -64.246041565076951, -38.914320631451453 ], [ -64.247869636980639, -38.914055362088071 ], [ -64.255966773156089, -38.908006841457656 ], [ -64.261355230442206, -38.905322079143474 ], [ -64.272516155340838, -38.903200009264204 ], [ -64.276046209066251, -38.903918719915616 ], [ -64.281075185261258, -38.903429947299387 ], [ -64.285117587448482, -38.899746980584595 ], [ -64.290227700410071, -38.898624004964667 ], [ -64.292848976206145, -38.895415326061446 ], [ -64.295478344344275, -38.89366584762066 ], [ -64.297743788785553, -38.890258204660711 ], [ -64.298931101552668, -38.889523421400241 ], [ -64.302218894883836, -38.889751425621377 ], [ -64.308055369736337, -38.891002580266601 ], [ -64.319093977262156, -38.895138678595025 ], [ -64.327943066725723, -38.894639772914275 ], [ -64.331295991470427, -38.893084487072343 ], [ -64.332542514348731, -38.891899850866793 ], [ -64.333716869098737, -38.890349382871634 ], [ -64.334643250229931, -38.887201106285623 ], [ -64.336109691252645, -38.885474636097726 ], [ -64.342114051204618, -38.880507062193708 ], [ -64.345097191121923, -38.879202820292413 ], [ -64.349191744913668, -38.875428250263241 ], [ -64.35265246719176, -38.875382556800623 ], [ -64.351911294702134, -38.876790722017063 ], [ -64.358630251947176, -38.879245248738357 ], [ -64.361645391422613, -38.8784139060512 ], [ -64.365194088366465, -38.875666929094606 ], [ -64.366223893114025, -38.874096083965235 ], [ -64.370611193761405, -38.87295493796276 ], [ -64.37597040468485, -38.874033906058926 ], [ -64.377289802370058, -38.874916939764859 ], [ -64.376712363461635, -38.877759681655583 ], [ -64.376794978015397, -38.880332375919096 ], [ -64.377453676171228, -38.881516967015187 ], [ -64.381011937965781, -38.882390520844766 ], [ -64.383789797991582, -38.8810914454101 ], [ -64.388815488705006, -38.874779325155856 ], [ -64.389290783997822, -38.873376258900777 ], [ -64.390478422421054, -38.872572983111795 ], [ -64.401113873863423, -38.873709903990253 ], [ -64.402002708298085, -38.872866388902438 ], [ -64.401780604378644, -38.871336628660721 ], [ -64.40006804013214, -38.868836193837268 ], [ -64.400199958821617, -38.867320287736298 ], [ -64.399453358545642, -38.866319263333153 ], [ -64.399618576083512, -38.864988461534374 ], [ -64.40075524531872, -38.862720707927011 ], [ -64.402608402957497, -38.862151598577654 ], [ -64.404064842673748, -38.862063427556734 ], [ -64.407131707305922, -38.86337532243224 ], [ -64.409283744121609, -38.865935687904582 ], [ -64.410193297045879, -38.868807865926435 ], [ -64.412571066282013, -38.871074006091682 ], [ -64.414403454310033, -38.870797163100605 ], [ -64.415994473225481, -38.869584770185682 ], [ -64.42097973301712, -38.865324325173368 ], [ -64.422181029450343, -38.863750788633013 ], [ -64.428166497766952, -38.860332203986957 ], [ -64.430051060114479, -38.859763079256034 ], [ -64.431567459146478, -38.860481518753936 ], [ -64.432455356885811, -38.861623850681411 ], [ -64.432152948024566, -38.862934847760975 ], [ -64.430739608159627, -38.864600215284987 ], [ -64.432144686412414, -38.867375304599214 ], [ -64.434319233503601, -38.869350046366819 ], [ -64.436064444111992, -38.869233823383844 ], [ -64.4393244936538, -38.86689052591489 ], [ -64.442300689032876, -38.862498703097408 ], [ -64.446637332094497, -38.858039335243333 ], [ -64.45448730633305, -38.857413908502387 ], [ -64.465107450783123, -38.857869241836418 ], [ -64.466910959959037, -38.857302957216469 ], [ -64.467761589758553, -38.855778380440782 ], [ -64.471107442334755, -38.853250654450541 ], [ -64.472325633632011, -38.850960730550192 ], [ -64.47551072150705, -38.849200894559914 ], [ -64.479928093697538, -38.848929710810182 ], [ -64.48588248277909, -38.853443162827773 ], [ -64.489891677728124, -38.85505334099976 ], [ -64.503769502043241, -38.855204959686432 ], [ -64.512591729151481, -38.855979703211617 ], [ -64.516249021532644, -38.855296637003605 ], [ -64.523295804088903, -38.851134498465932 ], [ -64.528969653964353, -38.848999308326462 ], [ -64.534833271206509, -38.852054454610077 ] ] ] } },
{ "type": "Feature", "properties": { "codigo_indec": "420070206" }, "geometry": { "type": "Polygon", "coordinates": [ [ [ -63.724841149922973, -36.986622208661792 ], [ -63.721338151972667, -36.897033377321705 ], [ -63.609088055956931, -36.898871439620599 ], [ -63.609510493213051, -36.988485121577511 ], [ -63.724841149922973, -36.986622208661792 ] ] ] } },
{ "type": "Feature", "properties": { "codigo_indec": "420070205" }, "geometry": { "type": "Polygon", "coordinates": [ [ [ -63.945792063769979, -36.896528571856081 ], [ -63.8374606918102, -36.898375821614536 ], [ -63.838127368115103, -36.987051164550088 ], [ -63.944256599529105, -36.987207516786668 ], [ -63.945792063769979, -36.896528571856081 ] ] ] } },
{ "type": "Feature", "properties": { "codigo_indec": "420070204" }, "geometry": { "type": "Polygon", "coordinates": [ [ [ -63.836833288811761, -36.804393601958985 ], [ -63.608652341416885, -36.805747425011695 ], [ -63.609088055956931, -36.898871439620599 ], [ -63.721338151972667, -36.897033377321705 ], [ -63.724841149922973, -36.986622208661792 ], [ -63.838127368115103, -36.987051164550088 ], [ -63.836833288811761, -36.804393601958985 ] ], [ [ -63.694497325680963, -36.851875958219139 ], [ -63.696666588955118, -36.851872987756366 ], [ -63.696687840375546, -36.853125649022978 ], [ -63.694101198298668, -36.853120519387446 ], [ -63.694124893902298, -36.859792127468836 ], [ -63.683222960834847, -36.859755699725454 ], [ -63.683200647926689, -36.847593165988371 ], [ -63.69447244624876, -36.847573684061537 ], [ -63.694497325680963, -36.851875958219139 ] ] ] } },
{ "type": "Feature", "properties": { "codigo_indec": "420770403" }, "geometry": { "type": "Polygon", "coordinates": [ [ [ -63.3842795543137, -37.79969480180398 ], [ -63.386444023811173, -37.892503462617285 ], [ -63.38537495555935, -37.979226925716368 ], [ -63.502188819197805, -37.979497347354155 ], [ -63.500102410390355, -37.89387482562028 ], [ -63.501662661894692, -37.799825734784449 ], [ -63.3842795543137, -37.79969480180398 ] ] ] } },
{ "type": "Feature", "properties": { "codigo_indec": "420700504" }, "geometry": { "type": "Polygon", "coordinates": [ [ [ -63.732650020814646, -37.527499784476554 ], [ -63.733832829965188, -37.7102961822171 ], [ -63.949702617963695, -37.710952513885857 ], [ -63.947205348233048, -37.527313514325591 ], [ -63.732650020814646, -37.527499784476554 ] ] ] } },
{ "type": "Feature", "properties": { "codigo_indec": "420700202" }, "geometry": { "type": "Polygon", "coordinates": [ [ [ -63.500116362829495, -37.257812425943719 ], [ -63.500241949924387, -37.304431960919594 ], [ -63.385510210972399, -37.304860906313671 ], [ -63.384907940919497, -37.443157299757196 ], [ -63.442171654247218, -37.443235749991764 ], [ -63.442404743338884, -37.482645257008244 ], [ -63.500750380566707, -37.4834938170169 ], [ -63.500873437846138, -37.527260899676136 ], [ -63.732650020814646, -37.527499784476554 ], [ -63.732349262405705, -37.481200801924139 ], [ -63.673646542268592, -37.481549808339892 ], [ -63.673301794627434, -37.443276313356378 ], [ -63.611687679401179, -37.443307804296722 ], [ -63.61122732660035, -37.347393241369112 ], [ -63.610443997377011, -37.305178338172801 ], [ -63.556722823643, -37.305445557341372 ], [ -63.555637922912545, -37.257702236988862 ], [ -63.500116362829495, -37.257812425943719 ] ], [ [ -63.587296321405425, -37.452869608786166 ], [ -63.589656669632838, -37.454138388933174 ], [ -63.58881153997752, -37.454945374447895 ], [ -63.599058932437835, -37.460549945737007 ], [ -63.594693455175666, -37.465595700496856 ], [ -63.593066921027884, -37.46865231546505 ], [ -63.585995611004812, -37.464503920603008 ], [ -63.584918720057168, -37.465747530010276 ], [ -63.579401095941904, -37.462414205865855 ], [ -63.587296321405425, -37.452869608786166 ] ] ] } },
{ "type": "Feature", "properties": { "codigo_indec": "420490106" }, "geometry": { "type": "Polygon", "coordinates": [ [ [ -66.02660717839683, -36.148356841051232 ], [ -66.009689786874503, -36.778457638766021 ], [ -66.456570299044358, -36.789431452072506 ], [ -66.470090093082518, -36.157057514984672 ], [ -66.02660717839683, -36.148356841051232 ] ] ] } },
{ "type": "Feature", "properties": { "codigo_indec": "420420308" }, "geometry": { "type": "Polygon", "coordinates": [ [ [ -65.688619161993259, -38.766534180592942 ], [ -65.690753654029194, -38.835090974028397 ], [ -65.699222744986628, -38.834135720757722 ], [ -65.701830896923525, -38.834930605378126 ], [ -65.703499009759227, -38.837461589605581 ], [ -65.702785952176797, -38.838599286669456 ], [ -65.705283142714663, -38.8391190682527 ], [ -65.706568030891447, -38.838257537110472 ], [ -65.709043467073911, -38.83493077622245 ], [ -65.711622171975776, -38.833068013600453 ], [ -65.717228942020739, -38.831365697885651 ], [ -65.727389842289867, -38.832754561380895 ], [ -65.738362047175144, -38.829707924840164 ], [ -65.743204932947307, -38.827218951011595 ], [ -65.746597611193266, -38.826050814976412 ], [ -65.748624949681073, -38.826703770967441 ], [ -65.749476600944462, -38.828493688531651 ], [ -65.754465138340549, -38.830400463390973 ], [ -65.759587700358225, -38.830203933583945 ], [ -65.764597817332969, -38.829173712595214 ], [ -65.76962037617092, -38.826918212414121 ], [ -65.775409403050588, -38.823425369689254 ], [ -65.785307880007366, -38.811544382812635 ], [ -65.787781650087396, -38.811112012652693 ], [ -65.790195526027503, -38.811463181298038 ], [ -65.793536723060498, -38.818630514006777 ], [ -65.796194594106183, -38.82134209033601 ], [ -65.798689765965506, -38.821585128834506 ], [ -65.801905344792104, -38.819496260973139 ], [ -65.802789227002791, -38.818403281704605 ], [ -65.802479725368556, -38.813732097545518 ], [ -65.80453980741612, -38.811942963908635 ], [ -65.806563703847331, -38.811788691580809 ], [ -65.808490436213901, -38.812444947897902 ], [ -65.814191711191199, -38.818282347894993 ], [ -65.817511981508829, -38.817796643831727 ], [ -65.819031987526699, -38.816614452711065 ], [ -65.818704701149528, -38.814001616992272 ], [ -65.819307236685844, -38.811349684719083 ], [ -65.820839501045569, -38.808654137201607 ], [ -65.820863413710867, -38.806001305717459 ], [ -65.822325786963546, -38.804724396247444 ], [ -65.823000332691308, -38.800797910847763 ], [ -65.826094297127511, -38.798338853822372 ], [ -65.827799906155178, -38.796332582969377 ], [ -65.830833788426133, -38.794792132083188 ], [ -65.833957784000972, -38.794044439602388 ], [ -65.836484972836985, -38.793768753244592 ], [ -65.841772158063677, -38.794618285905422 ], [ -65.844190231882422, -38.796873550460901 ], [ -65.844872845591993, -38.799257089981786 ], [ -65.847343413250627, -38.802656379957952 ], [ -65.849582328498272, -38.806834513831497 ], [ -65.8537497801413, -38.809699858076897 ], [ -65.855899644509293, -38.809797113708825 ], [ -65.858059686917144, -38.809119650586858 ], [ -65.859693860825743, -38.807991114960934 ], [ -65.859874734545087, -38.806752725843481 ], [ -65.858662341854355, -38.805647779882804 ], [ -65.857209832279594, -38.805182099419312 ], [ -65.856934136055244, -38.80344320865315 ], [ -65.862896929901694, -38.799167027355963 ], [ -65.865232470508445, -38.798309474743597 ], [ -65.867031252067036, -38.798225958908617 ], [ -65.87191648718985, -38.798934044472055 ], [ -65.874946254392739, -38.79762214942339 ], [ -65.877750217552418, -38.795346076581772 ], [ -65.871679991791368, -38.791195857297424 ], [ -65.872747238229522, -38.788134279439532 ], [ -65.877346685687812, -38.787332974538479 ], [ -65.893095199480314, -38.788780726714869 ], [ -65.896164049853667, -38.789715829653723 ], [ -65.903112564418024, -38.794369962175338 ], [ -65.90497769469367, -38.794056211322243 ], [ -65.908061203416111, -38.792838084580062 ], [ -65.910467526848322, -38.7900069140616 ], [ -65.910365996665973, -38.788362862276713 ], [ -65.909266110283951, -38.786659486541303 ], [ -65.908382108874889, -38.780429706021316 ], [ -65.913050009451965, -38.777014700982299 ], [ -65.916754809988291, -38.780098166456142 ], [ -65.91865598082839, -38.783135231049087 ], [ -65.923585563663437, -38.784940175330654 ], [ -65.925731951167862, -38.784991103554987 ], [ -65.927080227425876, -38.78330744071846 ], [ -65.927259963632807, -38.781978859840677 ], [ -65.925357735219748, -38.779635556935361 ], [ -65.930844952586767, -38.775954621868927 ], [ -65.940480266351756, -38.77874342776861 ], [ -65.942226760361834, -38.778564142300695 ], [ -65.944500546814169, -38.777340143247727 ], [ -65.945331071061773, -38.77477322669553 ], [ -65.948485709625373, -38.772545154492256 ], [ -65.948718033655979, -38.765478394958684 ], [ -65.688619161993259, -38.766534180592942 ] ] ] } },
{ "type": "Feature", "properties": { "codigo_indec": "420420307" }, "geometry": { "type": "Polygon", "coordinates": [ [ [ -66.069441926777984, -38.683048694247844 ], [ -65.840261908752979, -38.676911190517217 ], [ -65.837316393342675, -38.766002490713738 ], [ -65.948718033655979, -38.765478394958684 ], [ -65.948485709625373, -38.772545154492256 ], [ -65.949824009071534, -38.771685462728456 ], [ -65.950708517435601, -38.769722071853209 ], [ -65.949738528034217, -38.76641568210735 ], [ -65.952148432573324, -38.763038650097144 ], [ -65.95285159552202, -38.761025621000549 ], [ -65.951718571816656, -38.756399486158521 ], [ -65.969689508229493, -38.754180519319014 ], [ -65.985487237153066, -38.755710426560476 ], [ -65.993100263942608, -38.755607530357004 ], [ -65.995312005666221, -38.75515272936606 ], [ -66.005797771925103, -38.750387376107966 ], [ -66.011209949898216, -38.748941175927676 ], [ -66.019288015361283, -38.748512235436614 ], [ -66.023351725233567, -38.74912404787711 ], [ -66.025939167837535, -38.754852676943905 ], [ -66.027956234853846, -38.757288911043325 ], [ -66.031382020043438, -38.757936626663039 ], [ -66.03295798102225, -38.757530827202991 ], [ -66.034823861432557, -38.755985392146243 ], [ -66.033499759255477, -38.753643664899556 ], [ -66.031877179287676, -38.752495581519504 ], [ -66.030304295981097, -38.753131073373815 ], [ -66.030402063290765, -38.746311886333224 ], [ -66.030990554926404, -38.743929077007103 ], [ -66.032563416461358, -38.743703445739122 ], [ -66.036213384886381, -38.745323838582379 ], [ -66.038518622945475, -38.748714667783346 ], [ -66.045354727479591, -38.753734251637894 ], [ -66.056407802869643, -38.750788284308797 ], [ -66.058200980348261, -38.752629569009599 ], [ -66.058656842883479, -38.754412951467827 ], [ -66.061719954341854, -38.757902024128718 ], [ -66.067484601373209, -38.755678334637452 ], [ -66.069441926777984, -38.683048694247844 ] ] ] } },
{ "type": "Feature", "properties": { "codigo_indec": "420420202" }, "geometry": { "type": "Polygon", "coordinates": [ [ [ -66.544837876962873, -37.69019834102577 ], [ -65.984398229217916, -37.681355974517906 ], [ -65.656630798008564, -37.675293634507504 ], [ -65.656306682600601, -37.697019666417638 ], [ -65.674484893086245, -38.306304209584347 ], [ -66.764345282024323, -38.330638349775008 ], [ -66.769424222371029, -37.878527596028107 ], [ -66.54212917901927, -37.875662917357019 ], [ -66.544837876962873, -37.69019834102577 ] ], [ [ -65.915901047430239, -38.138051122841738 ], [ -65.918222508554237, -38.145543807629977 ], [ -65.903314158828024, -38.148527996717654 ], [ -65.901802700434601, -38.144161849933411 ], [ -65.906192785620817, -38.143395162349258 ], [ -65.9059231231697, -38.142408453253523 ], [ -65.913567894163634, -38.14087377532806 ], [ -65.912974513284368, -38.13864809502796 ], [ -65.915901047430239, -38.138051122841738 ] ] ] } },
{ "type": "Feature", "properties": { "codigo_indec": "420420107" }, "geometry": { "type": "Polygon", "coordinates": [ [ [ -66.764345282024323, -38.330638349775008 ], [ -66.76244789237785, -38.503680877042079 ], [ -66.77222043396759, -38.500148636391792 ], [ -66.773375624341284, -38.49910055053541 ], [ -66.775495140586784, -38.496050724077733 ], [ -66.776829830813341, -38.490380132594559 ], [ -66.779079708966023, -38.488563518195463 ], [ -66.7830227221245, -38.48726254240038 ], [ -66.786341270269375, -38.486780884091374 ], [ -66.791483535021982, -38.483287040889778 ], [ -66.802089657150944, -38.483737376340272 ], [ -66.809188884842683, -38.487773829958819 ], [ -66.815357763978099, -38.486992364847588 ], [ -66.836198469200212, -38.480408978079893 ], [ -66.847709624625267, -38.478155226960894 ], [ -66.856790756477977, -38.477120758476786 ], [ -66.858814080643754, -38.475488945853321 ], [ -66.862133440279621, -38.470834278477845 ], [ -66.865149728413414, -38.469618435701868 ], [ -66.867912307293949, -38.466841448611262 ], [ -66.873819049560424, -38.463766230886456 ], [ -66.875786790535571, -38.463521823958942 ], [ -66.876873058800939, -38.332571533624844 ], [ -66.764345282024323, -38.330638349775008 ] ] ] } },
{ "type": "Feature", "properties": { "codigo_indec": "420420102" }, "geometry": { "type": "Polygon", "coordinates": [ [ [ -66.994151570049311, -38.063704635783076 ], [ -66.993356226951548, -38.246160725273846 ], [ -67.105209009065049, -38.247867663579619 ], [ -67.106833039672921, -38.065161389122522 ], [ -66.994151570049311, -38.063704635783076 ] ] ] } },
{ "type": "Feature", "properties": { "codigo_indec": "420420101" }, "geometry": { "type": "Polygon", "coordinates": [ [ [ -67.110158883763106, -37.702605722909965 ], [ -66.544837876962873, -37.69019834102577 ], [ -66.54212917901927, -37.875662917357019 ], [ -66.769424222371029, -37.878527596028107 ], [ -66.764345282024323, -38.330638349775008 ], [ -66.876873058800939, -38.332571533624844 ], [ -66.878421814671682, -38.148814508592174 ], [ -66.993769355696642, -38.150138336955322 ], [ -66.994151570049311, -38.063704635783076 ], [ -67.106833039672921, -38.065161389122522 ], [ -67.110158883763106, -37.702605722909965 ] ] ] } },
{ "type": "Feature", "properties": { "codigo_indec": "420350703" }, "geometry": { "type": "Polygon", "coordinates": [ [ [ -64.050928852047591, -36.080335738297997 ], [ -63.936711163389674, -36.08098656171142 ], [ -63.937595950068271, -36.212818354890672 ], [ -63.994627559400932, -36.212355370511276 ], [ -63.993589767284242, -36.130248818797789 ], [ -64.051370602281509, -36.129752403336731 ], [ -64.050928852047591, -36.080335738297997 ] ] ] } },
{ "type": "Feature", "properties": { "codigo_indec": "420840203" }, "geometry": { "type": "Polygon", "coordinates": [ [ [ -64.532536974024126, -38.517389253247387 ], [ -64.534369100773475, -38.785389400972733 ], [ -64.76644442460514, -38.782944709252718 ], [ -65.114062979608434, -38.778418161199035 ], [ -65.107177667393429, -38.509821989957963 ], [ -64.532536974024126, -38.517389253247387 ] ] ] } },
{ "type": "Feature", "properties": { "codigo_indec": "420630105" }, "geometry": { "type": "Polygon", "coordinates": [ [ [ -67.119778483997109, -36.166825059105278 ], [ -67.11527339940649, -36.340314754983901 ], [ -67.24169582529575, -36.340671942482487 ], [ -67.24339662195527, -36.168281404195447 ], [ -67.119778483997109, -36.166825059105278 ] ] ] } },
{ "type": "Feature", "properties": { "codigo_indec": "420280401" }, "geometry": { "type": "Polygon", "coordinates": [ [ [ -63.942602143598855, -36.671776572594794 ], [ -63.608046001419375, -36.675006108093172 ], [ -63.608652341416885, -36.805747425011695 ], [ -63.836833288811761, -36.804393601958985 ], [ -63.943876769210753, -36.805099490589967 ], [ -63.942602143598855, -36.671776572594794 ] ] ] } },
{ "type": "Feature", "properties": { "codigo_indec": "421050205" }, "geometry": { "type": "Polygon", "coordinates": [ [ [ -63.827949303320807, -35.584944187193997 ], [ -63.828276228969656, -35.631819883288976 ], [ -63.830234539405801, -35.722683442602147 ], [ -63.878510102903938, -35.721382007223816 ], [ -63.878042222506402, -35.68474937031263 ], [ -63.935419932984566, -35.684314710438422 ], [ -63.934953129470813, -35.584163043627953 ], [ -63.827949303320807, -35.584944187193997 ] ] ] } },
{ "type": "Feature", "properties": { "codigo_indec": "420770303" }, "geometry": { "type": "Polygon", "coordinates": [ [ [ -63.844032984777385, -37.756552953238192 ], [ -63.732867217098551, -37.757294433698547 ], [ -63.734422454728353, -37.799728865842908 ], [ -63.613441852529839, -37.799838579120248 ], [ -63.61149143511674, -37.895153241738676 ], [ -63.788744768751286, -37.891412084900836 ], [ -63.787762438470729, -37.799027051027629 ], [ -63.844507028725694, -37.79824629268488 ], [ -63.844032984777385, -37.756552953238192 ] ] ] } },
{ "type": "Feature", "properties": { "codigo_indec": "421400222" }, "geometry": { "type": "Polygon", "coordinates": [ [ [ -64.359720763582388, -36.623125095731808 ], [ -64.336744603438689, -36.641687541516681 ], [ -64.343446712850479, -36.644857959418168 ], [ -64.348205698626202, -36.648721890750558 ], [ -64.350912630526679, -36.652611297185182 ], [ -64.355815137180571, -36.662779597899629 ], [ -64.360977432805726, -36.667878496460538 ], [ -64.367260433497322, -36.662982139293888 ], [ -64.373202817026524, -36.66772178914799 ], [ -64.378118621800766, -36.663585553029741 ], [ -64.395792294123325, -36.677727870839036 ], [ -64.387191154235552, -36.684509031212912 ], [ -64.383980349499069, -36.684780848229693 ], [ -64.381759311759041, -36.683998320351549 ], [ -64.379419126491044, -36.682232010674397 ], [ -64.379120168864318, -36.682484733223149 ], [ -64.373176025013734, -36.677758864521259 ], [ -64.371312058586199, -36.679287649538708 ], [ -64.372643298513935, -36.680346539059059 ], [ -64.370477097785553, -36.682145990519544 ], [ -64.352863910698076, -36.668095406087566 ], [ -64.354939790591672, -36.666335569911148 ], [ -64.346767281256689, -36.659775542800027 ], [ -64.344922242782943, -36.661331211157936 ], [ -64.33669821501725, -36.65476077660616 ], [ -64.330775533386017, -36.659746160609458 ], [ -64.32256487087416, -36.653138909549135 ], [ -64.280789568686615, -36.686835758619324 ], [ -64.281169285939583, -36.71437163313891 ], [ -64.395040505188618, -36.714029111614551 ], [ -64.397284560928327, -36.623158868764691 ], [ -64.359720763582388, -36.623125095731808 ] ] ] } },
{ "type": "Feature", "properties": { "codigo_indec": "421260108" }, "geometry": { "type": "Polygon", "coordinates": [ [ [ -64.588913944242805, -35.087905354875126 ], [ -64.699295512233505, -35.089315572988873 ], [ -64.698037988767524, -35.011930316030117 ], [ -64.587685783083671, -35.010727785464603 ], [ -64.588913944242805, -35.087905354875126 ] ], [ [ -64.689658065575827, -35.063367265250712 ], [ -64.688566387050315, -35.073364317316624 ], [ -64.67205622765745, -35.072161676590468 ], [ -64.673073249363327, -35.062159470637219 ], [ -64.676024190799495, -35.062358459934202 ], [ -64.676156751713407, -35.061107111419858 ], [ -64.690240274127618, -35.062089211179831 ], [ -64.690106989808328, -35.063399153558805 ], [ -64.689658065575827, -35.063367265250712 ] ] ] } },
{ "type": "Feature", "properties": { "codigo_indec": "421330302" }, "geometry": { "type": "Polygon", "coordinates": [ [ [ -64.099096433645443, -35.006148656030234 ], [ -63.928975463860453, -35.003688730447124 ], [ -63.931361350283986, -35.139986575862046 ], [ -64.101824127682605, -35.13910982572682 ], [ -64.099096433645443, -35.006148656030234 ] ], [ [ -64.0320035035177, -35.015307654938113 ], [ -64.038617416223559, -35.015293095852044 ], [ -64.038579776930391, -35.020537465481283 ], [ -64.027858440078774, -35.020507844209696 ], [ -64.027867806714241, -35.019205767177141 ], [ -64.031981082102519, -35.019213983927742 ], [ -64.0320035035177, -35.015307654938113 ] ] ] } },
{ "type": "Feature", "properties": { "codigo_indec": "421540516" }, "geometry": { "type": "Polygon", "coordinates": [ [ [ -64.592516671730863, -37.381547234186947 ], [ -64.59246248514674, -37.383690854735086 ], [ -64.598193334058251, -37.383794976142703 ], [ -64.598244535759761, -37.381651316222332 ], [ -64.592516671730863, -37.381547234186947 ] ] ] } },
{ "type": "Feature", "properties": { "codigo_indec": "421540507" }, "geometry": { "type": "Polygon", "coordinates": [ [ [ -64.584633638650374, -37.373267986401487 ], [ -64.584808912181785, -37.379410072344911 ], [ -64.592579695793944, -37.379232537089614 ], [ -64.592634925963921, -37.377183527366704 ], [ -64.599756670190416, -37.377290601094089 ], [ -64.599835733087275, -37.373948999162209 ], [ -64.584633638650374, -37.373267986401487 ] ] ] } },
{ "type": "Feature", "properties": { "codigo_indec": "421540505" }, "geometry": { "type": "Polygon", "coordinates": [ [ [ -64.605533452284661, -37.370772891055488 ], [ -64.605337832143817, -37.377374580304924 ], [ -64.609460226774601, -37.377436645345398 ], [ -64.609542201893021, -37.368563202125493 ], [ -64.606789617743758, -37.368467737763098 ], [ -64.606540001252611, -37.369604505118097 ], [ -64.605533452284661, -37.370772891055488 ] ] ] } },
{ "type": "Feature", "properties": { "codigo_indec": "421400208" }, "geometry": { "type": "Polygon", "coordinates": [ [ [ -64.377293217812564, -36.675729175320768 ], [ -64.380164671850793, -36.678020846077253 ], [ -64.381101181884802, -36.677236175164445 ], [ -64.383032102784128, -36.678776142266969 ], [ -64.384993428672914, -36.677126852761077 ], [ -64.380191052525731, -36.673295315480146 ], [ -64.377293217812564, -36.675729175320768 ] ] ] } },
{ "type": "Feature", "properties": { "codigo_indec": "421330204" }, "geometry": { "type": "Polygon", "coordinates": [ [ [ -64.233690632759618, -35.038175506324372 ], [ -64.233171505088904, -35.041038364545742 ], [ -64.238075671583786, -35.041654945769828 ], [ -64.237826583235929, -35.043048234909136 ], [ -64.241110508169342, -35.043469911188424 ], [ -64.241919666155354, -35.039205298581201 ], [ -64.233690632759618, -35.038175506324372 ] ] ] } },
{ "type": "Feature", "properties": { "codigo_indec": "421330202" }, "geometry": { "type": "Polygon", "coordinates": [ [ [ -64.238589156699547, -35.038791982334622 ], [ -64.245241997242346, -35.039618405462782 ], [ -64.246044508834899, -35.035268045760056 ], [ -64.239373033441154, -35.034432388566579 ], [ -64.238589156699547, -35.038791982334622 ] ] ] } },
{ "type": "Feature", "properties": { "codigo_indec": "421260510" }, "geometry": { "type": "Polygon", "coordinates": [ [ [ -64.552620381394192, -35.594761073084484 ], [ -64.55261737224204, -35.599064270844323 ], [ -64.556399342332725, -35.599064582931639 ], [ -64.556399391164476, -35.59476134728137 ], [ -64.552620381394192, -35.594761073084484 ] ] ] } },
{ "type": "Feature", "properties": { "codigo_indec": "421260103" }, "geometry": { "type": "Polygon", "coordinates": [ [ [ -64.676001300666442, -35.062588039418848 ], [ -64.674985384545366, -35.072373975716566 ], [ -64.681267987002471, -35.072834522084413 ], [ -64.681751336984135, -35.068513579675688 ], [ -64.680399086708178, -35.068413250115164 ], [ -64.680963735546513, -35.062957564581417 ], [ -64.676001300666442, -35.062588039418848 ] ] ] } },
{ "type": "Feature", "properties": { "codigo_indec": "421120101" }, "geometry": { "type": "Polygon", "coordinates": [ [ [ -67.624883486047722, -37.34730796177638 ], [ -67.626823134176604, -37.346330813329551 ], [ -67.62693889116828, -37.344504831857314 ], [ -67.624469612703052, -37.342372028063266 ], [ -67.623402144877133, -37.342057843749181 ], [ -67.622302893749165, -37.340397189189801 ], [ -67.622684558037122, -37.339387411990955 ], [ -67.62092049215839, -37.338028665831075 ], [ -67.621289564731626, -37.337613682176773 ], [ -67.620190798402717, -37.337020607019412 ], [ -67.618023091728588, -37.338536822792904 ], [ -67.624883486047722, -37.34730796177638 ] ] ] } },
{ "type": "Feature", "properties": { "codigo_indec": "421050906" }, "geometry": { "type": "Polygon", "coordinates": [ [ [ -63.729937556884408, -35.661277280323844 ], [ -63.731465526558964, -35.662490977779207 ], [ -63.731346229048633, -35.65617232089896 ], [ -63.729847656272163, -35.656166593830534 ], [ -63.729937556884408, -35.661277280323844 ] ] ] } },
{ "type": "Feature", "properties": { "codigo_indec": "421050806" }, "geometry": { "type": "Polygon", "coordinates": [ [ [ -63.77775368846892, -35.654420430461684 ], [ -63.772870289955293, -35.658524638368064 ], [ -63.777785950274293, -35.662417988352011 ], [ -63.77775368846892, -35.654420430461684 ] ] ] } },
{ "type": "Feature", "properties": { "codigo_indec": "421050714" }, "geometry": { "type": "Polygon", "coordinates": [ [ [ -63.754303104381272, -35.674164479247835 ], [ -63.74954162145972, -35.678166338780073 ], [ -63.749634110503536, -35.682736431432353 ], [ -63.758913944504634, -35.68224283242197 ], [ -63.75707312867128, -35.686848988016891 ], [ -63.777630948579791, -35.685923889891079 ], [ -63.778059923745467, -35.685589407970063 ], [ -63.768262957526218, -35.6772805320497 ], [ -63.760765573345822, -35.677636843107379 ], [ -63.75717896573812, -35.67478577735762 ], [ -63.756172436095909, -35.675632032244543 ], [ -63.754303104381272, -35.674164479247835 ] ] ] } },
{ "type": "Feature", "properties": { "codigo_indec": "421050710" }, "geometry": { "type": "Polygon", "coordinates": [ [ [ -63.742926060293122, -35.665247422501629 ], [ -63.746772041831179, -35.668265947752843 ], [ -63.748989037488109, -35.666388176927974 ], [ -63.748960415534995, -35.665441529122347 ], [ -63.745686948119463, -35.662875316948679 ], [ -63.742926060293122, -35.665247422501629 ] ] ] } },
{ "type": "Feature", "properties": { "codigo_indec": "421050705" }, "geometry": { "type": "Polygon", "coordinates": [ [ [ -63.745752853067401, -35.656605176092071 ], [ -63.74194932510526, -35.65993988815633 ], [ -63.745686948119463, -35.662875316948679 ], [ -63.749544637407418, -35.659577542754512 ], [ -63.745752853067401, -35.656605176092071 ] ] ] } },
{ "type": "Feature", "properties": { "codigo_indec": "421050409" }, "geometry": { "type": "Polygon", "coordinates": [ [ [ -63.762306174154212, -35.650147053468039 ], [ -63.75960314904345, -35.652457564024466 ], [ -63.762540885437467, -35.654791895378871 ], [ -63.766318006635387, -35.65157315818729 ], [ -63.765270030332822, -35.650751760340128 ], [ -63.764207220918998, -35.651651111275207 ], [ -63.762306174154212, -35.650147053468039 ] ] ] } },
{ "type": "Feature", "properties": { "codigo_indec": "421050405" }, "geometry": { "type": "Polygon", "coordinates": [ [ [ -63.747312217797145, -35.648650969941045 ], [ -63.750281790279899, -35.651013220982946 ], [ -63.753870853591209, -35.647917512984819 ], [ -63.750865927321364, -35.645536667993227 ], [ -63.747312217797145, -35.648650969941045 ] ] ] } },
{ "type": "Feature", "properties": { "codigo_indec": "421050306" }, "geometry": { "type": "Polygon", "coordinates": [ [ [ -63.761624710012931, -35.655576808766625 ], [ -63.758932761138723, -35.657878494245196 ], [ -63.761816747899147, -35.660166790769317 ], [ -63.764519481783744, -35.657874252266971 ], [ -63.761624710012931, -35.655576808766625 ] ] ] } },
{ "type": "Feature", "properties": { "codigo_indec": "421050305" }, "geometry": { "type": "Polygon", "coordinates": [ [ [ -63.764519481783744, -35.657874252266971 ], [ -63.761816747899147, -35.660166790769317 ], [ -63.764646725963324, -35.662417974703466 ], [ -63.767349712578863, -35.660116367248094 ], [ -63.764519481783744, -35.657874252266971 ] ] ] } },
{ "type": "Feature", "properties": { "codigo_indec": "420770409" }, "geometry": { "type": "Polygon", "coordinates": [ [ [ -63.434780145872651, -38.080735111597185 ], [ -63.427092428624526, -38.083953572060864 ], [ -63.428008241631318, -38.085378719918872 ], [ -63.431783767439157, -38.083813065748394 ], [ -63.43424777219186, -38.08764985525513 ], [ -63.435551841813236, -38.087101891354941 ], [ -63.435551628827184, -38.091019924224042 ], [ -63.440884668333091, -38.091037182601504 ], [ -63.440938947031455, -38.082130447371711 ], [ -63.43568262818858, -38.082137392991982 ], [ -63.434780145872651, -38.080735111597185 ] ] ] } },
{ "type": "Feature", "properties": { "codigo_indec": "420770402" }, "geometry": { "type": "Polygon", "coordinates": [ [ [ -63.423916224393778, -38.069499801813855 ], [ -63.423861853462611, -38.077866095454752 ], [ -63.419116345823518, -38.077856484621719 ], [ -63.419108744875864, -38.08349918125672 ], [ -63.425203942623384, -38.083538395327707 ], [ -63.430240256484666, -38.081437487498363 ], [ -63.428968416155229, -38.079522689588451 ], [ -63.429045275059309, -38.06952211008997 ], [ -63.423916224393778, -38.069499801813855 ] ] ] } },
{ "type": "Feature", "properties": { "codigo_indec": "420770401" }, "geometry": { "type": "Polygon", "coordinates": [ [ [ -63.435584133653542, -38.069547961159742 ], [ -63.43776934014263, -38.069532600335158 ], [ -63.437769587442638, -38.065200232360674 ], [ -63.432360648936957, -38.065208220117185 ], [ -63.432337470399126, -38.069535578875048 ], [ -63.429045275059309, -38.06952211008997 ], [ -63.428968416155229, -38.079522689588451 ], [ -63.430842434925708, -38.082382884600364 ], [ -63.435583922862861, -38.080396888274251 ], [ -63.435584133653542, -38.069547961159742 ] ] ] } },
{ "type": "Feature", "properties": { "codigo_indec": "420700401" }, "geometry": { "type": "Polygon", "coordinates": [ [ [ -63.427988816924383, -37.577813248054959 ], [ -63.4371959120067, -37.577810955220166 ], [ -63.437190101557341, -37.574185263889305 ], [ -63.439657123246207, -37.574189289030222 ], [ -63.439658893809785, -37.570586277831516 ], [ -63.425667802549924, -37.570610589645995 ], [ -63.425659668321757, -37.57240742828391 ], [ -63.428010704819613, -37.572409165533379 ], [ -63.427988816924383, -37.577813248054959 ] ] ] } },
{ "type": "Feature", "properties": { "codigo_indec": "420560601" }, "geometry": { "type": "Polygon", "coordinates": [ [ [ -63.910437800161802, -35.432750197618738 ], [ -63.914479181027268, -35.426962802628601 ], [ -63.909853298416557, -35.424801199190263 ], [ -63.911159264776813, -35.422935954701735 ], [ -63.907104400458429, -35.421054465885504 ], [ -63.905121081288087, -35.42388562910871 ], [ -63.902831945314126, -35.422796075107335 ], [ -63.901434488873853, -35.424785792463673 ], [ -63.9037206750641, -35.42588433330733 ], [ -63.900419478526636, -35.430593880015614 ], [ -63.90117280088036, -35.430944901356689 ], [ -63.902502130095563, -35.429039613258361 ], [ -63.910437800161802, -35.432750197618738 ] ] ] } },
{ "type": "Feature", "properties": { "codigo_indec": "420560512" }, "geometry": { "type": "Polygon", "coordinates": [ [ [ -63.604323626387227, -35.228556226033689 ], [ -63.591672409093476, -35.228566357152012 ], [ -63.591660634973557, -35.230728716721899 ], [ -63.597258739928272, -35.230727395650291 ], [ -63.597414019955259, -35.239795358502853 ], [ -63.597379889430989, -35.245976092545526 ], [ -63.591580794044233, -35.245959880082296 ], [ -63.591574184532504, -35.247482571474421 ], [ -63.594045783269216, -35.247477696466859 ], [ -63.594057165311234, -35.246721016344452 ], [ -63.598376143403542, -35.24673926903052 ], [ -63.604263733332552, -35.247856228453358 ], [ -63.604323626387227, -35.228556226033689 ] ] ] } },
{ "type": "Feature", "properties": { "codigo_indec": "420490101" }, "geometry": { "type": "Polygon", "coordinates": [ [ [ -66.937413528185814, -36.228553751743277 ], [ -66.933605130400295, -36.229349518082934 ], [ -66.935607108866179, -36.231906698430933 ], [ -66.937198338499769, -36.23219162775888 ], [ -66.937456540787622, -36.231225361350269 ], [ -66.940073201825442, -36.231686951516117 ], [ -66.94346498843781, -36.230466213338644 ], [ -66.941862600333195, -36.227626660128472 ], [ -66.940087422326357, -36.227996580429213 ], [ -66.939951551775962, -36.226866688856816 ], [ -66.937285874701416, -36.2274102751676 ], [ -66.937413528185814, -36.228553751743277 ] ] ] } },
{ "type": "Feature", "properties": { "codigo_indec": "420350410" }, "geometry": { "type": "Polygon", "coordinates": [ [ [ -64.293966461998465, -35.915301303891603 ], [ -64.295019324564791, -35.917600604335568 ], [ -64.301034093984313, -35.919826050651103 ], [ -64.30161820047168, -35.9188025327487 ], [ -64.302857634756052, -35.919252601704734 ], [ -64.303425678905, -35.918201813794106 ], [ -64.294220830528133, -35.914804796688983 ], [ -64.293966461998465, -35.915301303891603 ] ] ] } },
{ "type": "Feature", "properties": { "codigo_indec": "420350405" }, "geometry": { "type": "Polygon", "coordinates": [ [ [ -64.278427315957686, -35.91019538483711 ], [ -64.275673337244243, -35.915107504446539 ], [ -64.285256037214054, -35.918669029319226 ], [ -64.288674850018523, -35.912698338440798 ], [ -64.283853890794504, -35.910885846730288 ], [ -64.283240379841843, -35.911980946193083 ], [ -64.278427315957686, -35.91019538483711 ] ] ] } },
{ "type": "Feature", "properties": { "codigo_indec": "420350402" }, "geometry": { "type": "Polygon", "coordinates": [ [ [ -64.296541482979407, -35.906542924326693 ], [ -64.29048709214149, -35.904280653829886 ], [ -64.288667871633564, -35.907494266381001 ], [ -64.291129348774177, -35.908407923622981 ], [ -64.291769283586362, -35.907236562094369 ], [ -64.295431550187985, -35.908586233874296 ], [ -64.296541482979407, -35.906542924326693 ] ] ] } },
{ "type": "Feature", "properties": { "codigo_indec": "420350309" }, "geometry": { "type": "Polygon", "coordinates": [ [ [ -64.303425678905, -35.918201813794106 ], [ -64.302284422798479, -35.920285291042148 ], [ -64.304672182614283, -35.921175105006135 ], [ -64.305824465509815, -35.91909176030979 ], [ -64.303425678905, -35.918201813794106 ] ] ] } },
{ "type": "Feature", "properties": { "codigo_indec": "420350101" }, "geometry": { "type": "Polygon", "coordinates": [ [ [ -64.840103492469538, -36.047697156864224 ], [ -64.841261698449998, -36.046658495097724 ], [ -64.839895679880613, -36.045789172641868 ], [ -64.841033915270287, -36.044597120411552 ], [ -64.839012226572862, -36.043419555647191 ], [ -64.839697873177158, -36.042254672666353 ], [ -64.831208806106147, -36.036846299434075 ], [ -64.830949445929235, -36.038254101597367 ], [ -64.831768361294934, -36.038775750766177 ], [ -64.82881488116459, -36.041910039334354 ], [ -64.837312237706726, -36.047345696540674 ], [ -64.838149171782248, -36.046461653349375 ], [ -64.840103492469538, -36.047697156864224 ] ] ] } },
{ "type": "Feature", "properties": { "codigo_indec": "420280105" }, "geometry": { "type": "Polygon", "coordinates": [ [ [ -63.863354732895665, -36.502229466063483 ], [ -63.858048117006007, -36.502233373756816 ], [ -63.858056225993046, -36.504368823429537 ], [ -63.854097014853473, -36.504374223501898 ], [ -63.854086539446996, -36.506572404692193 ], [ -63.847440439179849, -36.50657424651174 ], [ -63.847432026667981, -36.508993198382569 ], [ -63.850129675047626, -36.509010332948669 ], [ -63.850128163522577, -36.510073450264066 ], [ -63.855418067407221, -36.510087622353865 ], [ -63.855406806021946, -36.516560892105616 ], [ -63.860739497027055, -36.516557584568396 ], [ -63.860758313299435, -36.507868052378051 ], [ -63.863367318388057, -36.507860771883159 ], [ -63.863354732895665, -36.502229466063483 ] ] ] } },
{ "type": "Feature", "properties": { "codigo_indec": "420210916" }, "geometry": { "type": "Polygon", "coordinates": [ [ [ -64.271106292121715, -36.638748009924129 ], [ -64.273873918873662, -36.642608471559107 ], [ -64.280529310310627, -36.646633189092242 ], [ -64.280601550311701, -36.63860615347901 ], [ -64.271106292121715, -36.638748009924129 ] ], [ [ -64.274438289265319, -36.639864039308989 ], [ -64.278590018142808, -36.639820502913786 ], [ -64.278604292224827, -36.640811830095366 ], [ -64.274454701490029, -36.640882427883852 ], [ -64.274438289265319, -36.639864039308989 ] ] ] } },
{ "type": "Feature", "properties": { "codigo_indec": "420210915" }, "geometry": { "type": "Polygon", "coordinates": [ [ [ -64.275735510949744, -36.639851291654303 ], [ -64.275735275119288, -36.64086493413236 ], [ -64.278604292224827, -36.640811830095366 ], [ -64.278590018142808, -36.639820502913786 ], [ -64.275735510949744, -36.639851291654303 ] ] ] } },
{ "type": "Feature", "properties": { "codigo_indec": "420210905" }, "geometry": { "type": "Polygon", "coordinates": [ [ [ -64.269904498743514, -36.62362046877945 ], [ -64.244807671303178, -36.623829959562663 ], [ -64.24486054806502, -36.626304028703558 ], [ -64.265078035495065, -36.626127184758587 ], [ -64.26513556663015, -36.629669026691253 ], [ -64.267443985159645, -36.629671091516286 ], [ -64.267421397893315, -36.628558004526532 ], [ -64.26957053823098, -36.628557710748744 ], [ -64.270135844031316, -36.626272827271556 ], [ -64.269904498743514, -36.62362046877945 ] ] ] } },
{ "type": "Feature", "properties": { "codigo_indec": "420210824" }, "geometry": { "type": "Polygon", "coordinates": [ [ [ -64.298125271628706, -36.632447075717131 ], [ -64.295334672918315, -36.634790372935029 ], [ -64.29908928741969, -36.637668756230966 ], [ -64.301837971767654, -36.635324774286865 ], [ -64.298125271628706, -36.632447075717131 ] ] ] } },
{ "type": "Feature", "properties": { "codigo_indec": "420210810" }, "geometry": { "type": "Polygon", "coordinates": [ [ [ -64.286966615132357, -36.631381584861984 ], [ -64.283375621516228, -36.634388849499402 ], [ -64.286455766321083, -36.636780362078589 ], [ -64.290033485359359, -36.633741279165108 ], [ -64.286966615132357, -36.631381584861984 ] ] ] } },
{ "type": "Feature", "properties": { "codigo_indec": "420210806" }, "geometry": { "type": "Polygon", "coordinates": [ [ [ -64.282946215405488, -36.626660910526226 ], [ -64.2879205209682, -36.630584380910463 ], [ -64.289782676118207, -36.6290298395433 ], [ -64.28474970201114, -36.625105601317799 ], [ -64.282946215405488, -36.626660910526226 ] ] ] } },
{ "type": "Feature", "properties": { "codigo_indec": "420210725" }, "geometry": { "type": "Polygon", "coordinates": [ [ [ -64.321084317126804, -36.632484586552884 ], [ -64.318280910335361, -36.634805723691947 ], [ -64.317437721101271, -36.634379343678198 ], [ -64.32891855180867, -36.643343999395732 ], [ -64.334788009977771, -36.638439030570495 ], [ -64.321084317126804, -36.632484586552884 ] ] ] } },
{ "type": "Feature", "properties": { "codigo_indec": "420210720" }, "geometry": { "type": "Polygon", "coordinates": [ [ [ -64.3055433293341, -36.632169903211071 ], [ -64.301837971767654, -36.635324774286865 ], [ -64.303583385897326, -36.636665140852884 ], [ -64.305161439201868, -36.635313546844927 ], [ -64.304823488677656, -36.635047440616297 ], [ -64.305313543527802, -36.634621923204975 ], [ -64.305651592630099, -36.634883524342669 ], [ -64.307238251032302, -36.633518508639845 ], [ -64.3055433293341, -36.632169903211071 ] ] ] } },
{ "type": "Feature", "properties": { "codigo_indec": "420210710" }, "geometry": { "type": "Polygon", "coordinates": [ [ [ -64.303006407918076, -36.623339790776463 ], [ -64.30351195246314, -36.623734432428321 ], [ -64.30215637365292, -36.624890955310462 ], [ -64.302903722974236, -36.625473755871312 ], [ -64.301041812876235, -36.627033016081384 ], [ -64.302836431612832, -36.62841464087046 ], [ -64.306208394790829, -36.625408164982147 ], [ -64.303006407918076, -36.623339790776463 ] ] ] } },
{ "type": "Feature", "properties": { "codigo_indec": "420210603" }, "geometry": { "type": "Polygon", "coordinates": [ [ [ -64.291474880029384, -36.608330579034089 ], [ -64.291605831447058, -36.612652871148761 ], [ -64.295672613389186, -36.612593987795201 ], [ -64.295531982362689, -36.608447258983283 ], [ -64.291474880029384, -36.608330579034089 ] ] ] } },
{ "type": "Feature", "properties": { "codigo_indec": "420210514" }, "geometry": { "type": "Polygon", "coordinates": [ [ [ -64.291383176786752, -36.605648713571036 ], [ -64.291474880029384, -36.608330579034089 ], [ -64.295531982362689, -36.608447258983283 ], [ -64.295496611193002, -36.605865313849314 ], [ -64.291383176786752, -36.605648713571036 ] ] ] } },
{ "type": "Feature", "properties": { "codigo_indec": "420210513" }, "geometry": { "type": "Polygon", "coordinates": [ [ [ -64.295473327167116, -36.604130505386451 ], [ -64.295495427698015, -36.606680725428099 ], [ -64.300830618261955, -36.606991202666322 ], [ -64.300812294668518, -36.604260830153464 ], [ -64.295473327167116, -36.604130505386451 ] ] ] } },
{ "type": "Feature", "properties": { "codigo_indec": "420210511" }, "geometry": { "type": "Polygon", "coordinates": [ [ [ -64.300814218096946, -36.598697013605388 ], [ -64.30083146113293, -36.607207461069159 ], [ -64.303290459639797, -36.607192949740018 ], [ -64.303264469298654, -36.598686880034705 ], [ -64.300814218096946, -36.598697013605388 ] ] ] } },
{ "type": "Feature", "properties": { "codigo_indec": "420210503" }, "geometry": { "type": "Polygon", "coordinates": [ [ [ -64.291140701446622, -36.596504326119046 ], [ -64.291269343852932, -36.601943865202401 ], [ -64.29545658412232, -36.602098451294061 ], [ -64.295174545081906, -36.596634193018453 ], [ -64.291140701446622, -36.596504326119046 ] ] ] } },
{ "type": "Feature", "properties": { "codigo_indec": "420210416" }, "geometry": { "type": "Polygon", "coordinates": [ [ [ -64.267786215760367, -36.614381254554473 ], [ -64.26785547670022, -36.618279176584203 ], [ -64.271522687407398, -36.61873339846629 ], [ -64.271487533815986, -36.615552283594091 ], [ -64.269793765082014, -36.615572746306405 ], [ -64.269770460249461, -36.614365039349991 ], [ -64.267786215760367, -36.614381254554473 ] ] ] } },
{ "type": "Feature", "properties": { "codigo_indec": "420210401" }, "geometry": { "type": "Polygon", "coordinates": [ [ [ -64.275486892263388, -36.573473819215593 ], [ -64.266810393164093, -36.573451573377142 ], [ -64.267115328938274, -36.595914056993571 ], [ -64.274341387358561, -36.595825210299182 ], [ -64.274410428439126, -36.598745529009946 ], [ -64.271332348223595, -36.599223503911212 ], [ -64.269583390909204, -36.600229787735266 ], [ -64.279186222288658, -36.600188662507378 ], [ -64.279374797337852, -36.602263742195028 ], [ -64.278792452110082, -36.57792312573919 ], [ -64.27543477693763, -36.577951171481615 ], [ -64.275486892263388, -36.573473819215593 ] ] ] } },
{ "type": "Feature", "properties": { "codigo_indec": "420210115" }, "geometry": { "type": "Polygon", "coordinates": [ [ [ -64.257688236961741, -36.629763049965128 ], [ -64.257624455903382, -36.635573677449123 ], [ -64.255623416473412, -36.635566912197028 ], [ -64.255567870725045, -36.638773716412075 ], [ -64.260598368273961, -36.63880224142612 ], [ -64.260567404504883, -36.629737554990569 ], [ -64.257688236961741, -36.629763049965128 ] ] ] } },
{ "type": "Feature", "properties": { "codigo_indec": "420210110" }, "geometry": { "type": "Polygon", "coordinates": [ [ [ -64.275486892263388, -36.573473819215593 ], [ -64.27543477693763, -36.577951171481615 ], [ -64.278792452110082, -36.57792312573919 ], [ -64.278772977996212, -36.573516818040559 ], [ -64.275486892263388, -36.573473819215593 ] ] ] } },
{ "type": "Feature", "properties": { "codigo_indec": "420070508" }, "geometry": { "type": "Polygon", "coordinates": [ [ [ -63.414930206577942, -37.162757999889237 ], [ -63.40946563698887, -37.162760202156917 ], [ -63.409509808143987, -37.168882147238932 ], [ -63.423119317523863, -37.168863790922472 ], [ -63.423116183008169, -37.168210636476971 ], [ -63.414946600651469, -37.168221754626344 ], [ -63.414930206577942, -37.162757999889237 ] ] ] } },
{ "type": "Feature", "properties": { "codigo_indec": "420210302" }, "geometry": { "type": "Polygon", "coordinates": [ [ [ -64.292423695229616, -36.577835394995716 ], [ -64.288210963548181, -36.57788308252011 ], [ -64.288266118156969, -36.581456453382565 ], [ -64.292437062929309, -36.581412672620658 ], [ -64.292423695229616, -36.577835394995716 ] ] ] } },
{ "type": "Feature", "properties": { "codigo_indec": "420280304" }, "geometry": { "type": "Polygon", "coordinates": [ [ [ -63.424060179316655, -36.40165734459233 ], [ -63.420563350124951, -36.400149389225859 ], [ -63.418071697699887, -36.40396488129899 ], [ -63.415761526663715, -36.402968936902788 ], [ -63.41514816334503, -36.403906103416482 ], [ -63.4209019762406, -36.406422472419074 ], [ -63.424060179316655, -36.40165734459233 ] ] ] } },
{ "type": "Feature", "properties": { "codigo_indec": "420210113" }, "geometry": { "type": "Polygon", "coordinates": [ [ [ -64.261065290247132, -36.599240789166799 ], [ -64.26101443339607, -36.601506117346688 ], [ -64.267772691696578, -36.604244563199956 ], [ -64.268417452705549, -36.601897761483905 ], [ -64.269583390909204, -36.600229787735266 ], [ -64.264262376410613, -36.600436211166596 ], [ -64.264235956444125, -36.59924647648554 ], [ -64.261065290247132, -36.599240789166799 ] ] ] } },
{ "type": "Feature", "properties": { "codigo_indec": "420770211" }, "geometry": { "type": "Polygon", "coordinates": [ [ [ -63.604558151575141, -37.976921554366974 ], [ -63.601876971213812, -37.978623334256667 ], [ -63.59868836684597, -37.975378636601235 ], [ -63.592603568674093, -37.979203929519556 ], [ -63.592612717922819, -37.980577742153962 ], [ -63.596684400034, -37.984745900845184 ], [ -63.606726240221363, -37.978312318376595 ], [ -63.605898145480609, -37.977444257691197 ], [ -63.605352108715323, -37.977788928927062 ], [ -63.604558151575141, -37.976921554366974 ] ] ] } },
{ "type": "Feature", "properties": { "codigo_indec": "420210613" }, "geometry": { "type": "Polygon", "coordinates": [ [ [ -64.297051930819606, -36.614163476025951 ], [ -64.292992836766416, -36.614123402998501 ], [ -64.293061445805336, -36.618742135324105 ], [ -64.297144913430103, -36.618701465031513 ], [ -64.297051930819606, -36.614163476025951 ] ] ] } },
{ "type": "Feature", "properties": { "codigo_indec": "421330301" }, "geometry": { "type": "Polygon", "coordinates": [ [ [ -64.0320035035177, -35.015307654938113 ], [ -64.031981082102519, -35.019213983927742 ], [ -64.027867806714241, -35.019205767177141 ], [ -64.027858440078774, -35.020507844209696 ], [ -64.038579776930391, -35.020537465481283 ], [ -64.038617416223559, -35.015293095852044 ], [ -64.0320035035177, -35.015307654938113 ] ] ] } },
{ "type": "Feature", "properties": { "codigo_indec": "421050718" }, "geometry": { "type": "Polygon", "coordinates": [ [ [ -63.731465526558964, -35.662490977779207 ], [ -63.735486230669629, -35.665558201321915 ], [ -63.738318980843403, -35.663093010224216 ], [ -63.737322434957065, -35.66231288643003 ], [ -63.738205304783797, -35.661545559931881 ], [ -63.735267055438406, -35.659246676787646 ], [ -63.731465526558964, -35.662490977779207 ] ] ] } },
{ "type": "Feature", "properties": { "codigo_indec": "421050201" }, "geometry": { "type": "Polygon", "coordinates": [ [ [ -63.593694758958542, -35.58278609664066 ], [ -63.587466345765407, -35.581107234693945 ], [ -63.586200843335234, -35.585050948740054 ], [ -63.580626473687715, -35.583538012183929 ], [ -63.58001309139371, -35.585318750472183 ], [ -63.59071662623802, -35.58812378200323 ], [ -63.591351152705464, -35.586550646910538 ], [ -63.592304429420686, -35.586763427242985 ], [ -63.593694758958542, -35.58278609664066 ] ] ] } },
{ "type": "Feature", "properties": { "codigo_indec": "420980102" }, "geometry": { "type": "Polygon", "coordinates": [ [ [ -65.434739605818109, -36.19646533297081 ], [ -65.431423833025093, -36.198346634164729 ], [ -65.435404474273426, -36.202970559175903 ], [ -65.438720317627244, -36.201093655832537 ], [ -65.434739605818109, -36.19646533297081 ] ] ] } },
{ "type": "Feature", "properties": { "codigo_indec": "421050504" }, "geometry": { "type": "Polygon", "coordinates": [ [ [ -63.83055271043893, -35.861249570549653 ], [ -63.496430530901797, -35.863033058466648 ], [ -63.496539368347058, -35.906246320584138 ], [ -63.830195518093817, -35.904569986033714 ], [ -63.83055271043893, -35.861249570549653 ] ] ] } },
{ "type": "Feature", "properties": { "codigo_indec": "420490104" }, "geometry": { "type": "Polygon", "coordinates": [ [ [ -66.03072023324053, -35.995697710859965 ], [ -66.02660717839683, -36.148356841051232 ], [ -66.470090093082518, -36.157057514984672 ], [ -66.473556775320034, -35.996339605699653 ], [ -66.03072023324053, -35.995697710859965 ] ] ] } },
{ "type": "Feature", "properties": { "codigo_indec": "421540702" }, "geometry": { "type": "Polygon", "coordinates": [ [ [ -64.523352146437304, -37.43221500413987 ], [ -64.401036582923552, -37.433731564475991 ], [ -64.400950276099906, -37.388386742540675 ], [ -64.288355671716872, -37.394161685260045 ], [ -64.288430189727393, -37.437158828564947 ], [ -64.290418583923838, -37.52620141965366 ], [ -64.181177671167831, -37.526663662495935 ], [ -64.185349325846289, -37.711226373953664 ], [ -64.527630617100812, -37.706309765930783 ], [ -64.523352146437304, -37.43221500413987 ] ], [ [ -64.352667443261524, -37.541460261193308 ], [ -64.354856825692963, -37.539652948542262 ], [ -64.355206476718223, -37.538414573457779 ], [ -64.356602284549496, -37.538479056855984 ], [ -64.356854986028139, -37.539207801847631 ], [ -64.356343294787948, -37.540484466633885 ], [ -64.357348050549859, -37.54122818318303 ], [ -64.356781736913334, -37.542544630014774 ], [ -64.350989619435722, -37.549315227140681 ], [ -64.348598231125564, -37.547952967441539 ], [ -64.347745955604651, -37.550040141811678 ], [ -64.343372515759526, -37.546082450012847 ], [ -64.349872636880903, -37.546218534428306 ], [ -64.350204437598521, -37.54579524347465 ], [ -64.348348502471239, -37.544656677550826 ], [ -64.351710705744665, -37.540978437526789 ], [ -64.352667443261524, -37.541460261193308 ] ] ] } },
{ "type": "Feature", "properties": { "codigo_indec": "421540402" }, "geometry": { "type": "Polygon", "coordinates": [ [ [ -64.339641944411568, -37.207381520372081 ], [ -64.286036217086519, -37.209176492521202 ], [ -64.287197830432504, -37.254677164852794 ], [ -64.288265643472812, -37.345348580120373 ], [ -64.288355671716872, -37.394161685260045 ], [ -64.400950276099906, -37.388386742540675 ], [ -64.401036582923552, -37.433731564475991 ], [ -64.523352146437304, -37.43221500413987 ], [ -64.523124543355522, -37.344536811761074 ], [ -64.627163724100896, -37.343600789885038 ], [ -64.625535776227338, -37.252980601399067 ], [ -64.518197496705241, -37.253217349343181 ], [ -64.51636656109001, -37.204889136154229 ], [ -64.400794581360188, -37.20707438207409 ], [ -64.339641944411568, -37.207381520372081 ] ] ] } },
{ "type": "Feature", "properties": { "codigo_indec": "421540103" }, "geometry": { "type": "Polygon", "coordinates": [ [ [ -65.077153548515724, -36.975681587322555 ], [ -65.078034668243006, -37.1591807093764 ], [ -65.080840624595794, -37.430054033447348 ], [ -65.087359142835027, -37.703056793378963 ], [ -65.656306682600601, -37.697019666417638 ], [ -65.638820072910676, -36.968608826311339 ], [ -65.411196406173261, -36.97179810929395 ], [ -65.077153548515724, -36.975681587322555 ] ] ] } },
{ "type": "Feature", "properties": { "codigo_indec": "421470213" }, "geometry": { "type": "Polygon", "coordinates": [ [ [ -64.219354673198936, -35.770358465553024 ], [ -64.101402485975669, -35.771175974571989 ], [ -64.100834177846608, -35.810509350929884 ], [ -64.219745658335469, -35.808973031204872 ], [ -64.219354673198936, -35.770358465553024 ] ] ] } },
{ "type": "Feature", "properties": { "codigo_indec": "421470208" }, "geometry": { "type": "Polygon", "coordinates": [ [ [ -63.934550051980999, -35.495630949711092 ], [ -63.934953129470813, -35.584163043627953 ], [ -63.994981422067156, -35.584379468142082 ], [ -63.99444321530806, -35.540814906336088 ], [ -64.046148381010227, -35.540488060519536 ], [ -64.045751161606091, -35.495041920545795 ], [ -63.934550051980999, -35.495630949711092 ] ] ] } },
{ "type": "Feature", "properties": { "codigo_indec": "421470204" }, "geometry": { "type": "Polygon", "coordinates": [ [ [ -64.202958300034823, -35.451017888207737 ], [ -64.045364344932935, -35.450271509109143 ], [ -64.045751161606091, -35.495041920545795 ], [ -64.202887772406243, -35.494029538516507 ], [ -64.202958300034823, -35.451017888207737 ] ] ] } },
{ "type": "Feature", "properties": { "codigo_indec": "421470107" }, "geometry": { "type": "Polygon", "coordinates": [ [ [ -64.268970457377634, -35.62937773361854 ], [ -64.270462543715993, -35.769802352124458 ], [ -64.380411730278539, -35.768296725813265 ], [ -64.377597764511563, -35.6302096723741 ], [ -64.268970457377634, -35.62937773361854 ] ], [ [ -64.361174258505514, -35.635416859019124 ], [ -64.363245792526854, -35.640608729955048 ], [ -64.352908052627924, -35.643256889639723 ], [ -64.34988798887305, -35.635771903981741 ], [ -64.362595721131669, -35.632565969111745 ], [ -64.363510066927532, -35.634822309649415 ], [ -64.361174258505514, -35.635416859019124 ] ] ] } },
{ "type": "Feature", "properties": { "codigo_indec": "421400104" }, "geometry": { "type": "Polygon", "coordinates": [ [ [ -65.012132155373806, -36.432482131849426 ], [ -65.015625339521179, -36.567385979789229 ], [ -65.068930564992243, -36.566476069025747 ], [ -65.066262348512794, -36.431557069221824 ], [ -65.012132155373806, -36.432482131849426 ] ] ] } },
{ "type": "Feature", "properties": { "codigo_indec": "421330506" }, "geometry": { "type": "Polygon", "coordinates": [ [ [ -64.483503168553355, -35.26726118715635 ], [ -64.373001656497379, -35.268137031628122 ], [ -64.373657382706455, -35.359330806542452 ], [ -64.484004752941459, -35.358783001014082 ], [ -64.483503168553355, -35.26726118715635 ] ] ] } },
{ "type": "Feature", "properties": { "codigo_indec": "421330403" }, "geometry": { "type": "Polygon", "coordinates": [ [ [ -63.931090521156008, -35.180678339920291 ], [ -63.931529820786011, -35.222652625576586 ], [ -64.100873710534771, -35.222076392509308 ], [ -64.101519753427695, -35.269858092080952 ], [ -64.152440467322108, -35.269385005481382 ], [ -64.15290726825954, -35.221696698954041 ], [ -64.201291656371481, -35.221582877232336 ], [ -64.200812841724726, -35.179327349449977 ], [ -63.931090521156008, -35.180678339920291 ] ], [ [ -64.106477914989426, -35.19663811798717 ], [ -64.09780529048021, -35.191203175272655 ], [ -64.104355031576077, -35.184290158488288 ], [ -64.113009794405201, -35.189773919297878 ], [ -64.106477914989426, -35.19663811798717 ] ] ] } },
{ "type": "Feature", "properties": { "codigo_indec": "421260508" }, "geometry": { "type": "Polygon", "coordinates": [ [ [ -64.709726929601302, -35.717290111046545 ], [ -64.491301014718857, -35.718629187475067 ], [ -64.494903651564087, -35.805037952058839 ], [ -64.711181579593188, -35.803050082112534 ], [ -64.709726929601302, -35.717290111046545 ] ] ] } },
{ "type": "Feature", "properties": { "codigo_indec": "421330208" }, "geometry": { "type": "Polygon", "coordinates": [ [ [ -64.148748271828453, -35.007060515516805 ], [ -64.099096433645443, -35.006148656030234 ], [ -64.101824127682605, -35.13910982572682 ], [ -64.151764998449664, -35.13881413179201 ], [ -64.149899820598392, -35.089345488841708 ], [ -64.148748271828453, -35.007060515516805 ] ] ] } },
{ "type": "Feature", "properties": { "codigo_indec": "421260106" }, "geometry": { "type": "Polygon", "coordinates": [ [ [ -64.699295512233505, -35.089315572988873 ], [ -64.700768029242241, -35.17922999035364 ], [ -64.923576838375325, -35.179986762926042 ], [ -64.9258111338644, -35.137181044602038 ], [ -64.873274165471486, -35.138006307623989 ], [ -64.872094923138633, -35.013713374795394 ], [ -64.808461829936505, -35.012496904737489 ], [ -64.810801142308364, -35.090906704898984 ], [ -64.699295512233505, -35.089315572988873 ] ] ] } },
{ "type": "Feature", "properties": { "codigo_indec": "421190404" }, "geometry": { "type": "Polygon", "coordinates": [ [ [ -63.386356941456619, -36.082576666429233 ], [ -63.386613257065612, -36.260793496974522 ], [ -63.497448473911966, -36.264692429878963 ], [ -63.496979978809627, -36.082457542888683 ], [ -63.386356941456619, -36.082576666429233 ] ], [ [ -63.451875602875823, -36.260310605978553 ], [ -63.451403014433815, -36.259277981460549 ], [ -63.452763607014958, -36.258915080047281 ], [ -63.451875602875823, -36.260310605978553 ] ], [ [ -63.446278707434381, -36.262060582268894 ], [ -63.443277172939659, -36.260802696535386 ], [ -63.444993477652304, -36.258145633680506 ], [ -63.443597284757843, -36.257552706188299 ], [ -63.444422931879856, -36.256282039721583 ], [ -63.445825107468721, -36.256861571324528 ], [ -63.448320120779883, -36.253000338526363 ], [ -63.450048569278039, -36.253721922859441 ], [ -63.449189982749139, -36.255068506613547 ], [ -63.451577102358648, -36.256060886411433 ], [ -63.450720853352067, -36.257421044474988 ], [ -63.45193953559194, -36.257915508784045 ], [ -63.450365207221424, -36.26040452884714 ], [ -63.447977975436338, -36.259412120831534 ], [ -63.446278707434381, -36.262060582268894 ] ] ] } },
{ "type": "Feature", "properties": { "codigo_indec": "421190307" }, "geometry": { "type": "Polygon", "coordinates": [ [ [ -63.832124320171872, -36.17455272061531 ], [ -63.833446231622453, -36.357258638829897 ], [ -63.938723159635735, -36.357644340716746 ], [ -63.937323364670981, -36.173637025937118 ], [ -63.832124320171872, -36.17455272061531 ] ] ] } },
{ "type": "Feature", "properties": { "codigo_indec": "421190102" }, "geometry": { "type": "Polygon", "coordinates": [ [ [ -63.884099588919504, -35.904212256824458 ], [ -63.884660242818903, -35.95446477344251 ], [ -63.93588157104567, -35.954073002763273 ], [ -63.935548031562526, -35.903846641549208 ], [ -63.884099588919504, -35.904212256824458 ] ] ] } },
{ "type": "Feature", "properties": { "codigo_indec": "421120322" }, "geometry": { "type": "Polygon", "coordinates": [ [ [ -67.451339869904146, -38.154270834147198 ], [ -67.450412529238761, -38.236672279172787 ], [ -67.458573045422725, -38.240246493020081 ], [ -67.46481871957522, -38.240002041335281 ], [ -67.469117566952718, -38.240497801282245 ], [ -67.473674581011011, -38.244584440214801 ], [ -67.474938377622252, -38.244946906234944 ], [ -67.477057080052489, -38.2449382715957 ], [ -67.480947617048571, -38.244010932693165 ], [ -67.482210614106904, -38.244332793327423 ], [ -67.48388704833161, -38.246027667890843 ], [ -67.487543365132638, -38.244958941091554 ], [ -67.489034896020684, -38.245142707381092 ], [ -67.493309187555383, -38.241903990103758 ], [ -67.493759674164494, -38.241033468972709 ], [ -67.497305153112777, -38.239592010658193 ], [ -67.500167996362791, -38.239397802211748 ], [ -67.502702473836777, -38.241423745156638 ], [ -67.505235041304473, -38.242242558929206 ], [ -67.509727609337091, -38.246148442212473 ], [ -67.511969194300633, -38.247245600987419 ], [ -67.515724735354397, -38.251521067958365 ], [ -67.520041056012658, -38.25376681330404 ], [ -67.524504686138854, -38.253618818598383 ], [ -67.528736654115264, -38.252365670331983 ], [ -67.531725020124441, -38.253641885036217 ], [ -67.536539967914081, -38.253632975690287 ], [ -67.542302331066324, -38.250345968443355 ], [ -67.543168940160967, -38.251217371370274 ], [ -67.545460114762093, -38.250984531560526 ], [ -67.547402431991941, -38.250058118014316 ], [ -67.546522146733452, -38.247061005914894 ], [ -67.551146208722187, -38.243869639173973 ], [ -67.552853353621188, -38.24317595260883 ], [ -67.564993609803622, -38.242041781497136 ], [ -67.577147452582949, -38.24274382965902 ], [ -67.581380189120566, -38.241993235723051 ], [ -67.583140440687941, -38.239550821048624 ], [ -67.584565918073366, -38.238396557639142 ], [ -67.58616395342402, -38.237564236766588 ], [ -67.5867311097971, -38.236727822378249 ], [ -67.588901323162219, -38.236081400478014 ], [ -67.590554901045238, -38.234788854434228 ], [ -67.590365610308467, -38.232390757286467 ], [ -67.591337382759249, -38.231652429715851 ], [ -67.591945792270693, -38.228653482150257 ], [ -67.590505270264842, -38.227137130064847 ], [ -67.59138132296097, -38.221747401341005 ], [ -67.594910514927676, -38.217731410337223 ], [ -67.596846483707836, -38.216714190393816 ], [ -67.598510547862688, -38.216709553259896 ], [ -67.600121108955818, -38.217259621921961 ], [ -67.600418019938175, -38.21960669442943 ], [ -67.601629348536648, -38.220432428816032 ], [ -67.608214893942943, -38.219909978845081 ], [ -67.621413589723886, -38.214206398913625 ], [ -67.627802504580316, -38.210271498300251 ], [ -67.628654265040083, -38.208660742377134 ], [ -67.632869424653762, -38.205192606077624 ], [ -67.636237636583061, -38.203938612713884 ], [ -67.641680968674521, -38.203466246873738 ], [ -67.642876595572389, -38.202823454495402 ], [ -67.64591104170691, -38.202348553248704 ], [ -67.646704911310252, -38.201103308397492 ], [ -67.646629137850724, -38.198753256315129 ], [ -67.64559335988767, -38.197745361988602 ], [ -67.646618452791898, -38.196631996996381 ], [ -67.651116016470297, -38.19284847020328 ], [ -67.652436160214918, -38.193307323225362 ], [ -67.653687566865912, -38.191735801605837 ], [ -67.657110697159567, -38.1899264424612 ], [ -67.658318423655913, -38.189832818081285 ], [ -67.659511498277723, -38.188590855017623 ], [ -67.660821956067522, -38.188121916335021 ], [ -67.661846247887183, -38.186738187949516 ], [ -67.662347306996551, -38.184429522094234 ], [ -67.661062682915272, -38.181258834591887 ], [ -67.663224635745181, -38.178719464362942 ], [ -67.664157273400761, -38.173188774650882 ], [ -67.665229317572567, -38.170655803164166 ], [ -67.667219705101829, -38.168618743404856 ], [ -67.668990806330129, -38.167602685875018 ], [ -67.676132963204452, -38.164960649993027 ], [ -67.676410639642853, -38.163758605371136 ], [ -67.675523928672703, -38.159663557034484 ], [ -67.67310935239901, -38.158720606221458 ], [ -67.672814242407, -38.157414127444405 ], [ -67.673346683170266, -38.155627433776161 ], [ -67.451339869904146, -38.154270834147198 ] ] ] } },
{ "type": "Feature", "properties": { "codigo_indec": "421120102" }, "geometry": { "type": "Polygon", "coordinates": [ [ [ -67.124724591910578, -36.805020738695383 ], [ -67.113021342669953, -37.523056419480646 ], [ -67.910332682174172, -37.526367038107729 ], [ -67.910452685446074, -37.439092577024411 ], [ -68.250176437695842, -37.439502342477041 ], [ -68.246580554029791, -36.807211375771097 ], [ -67.124724591910578, -36.805020738695383 ] ], [ [ -67.624883486047722, -37.34730796177638 ], [ -67.618023091728588, -37.338536822792904 ], [ -67.620190798402717, -37.337020607019412 ], [ -67.621289564731626, -37.337613682176773 ], [ -67.62092049215839, -37.338028665831075 ], [ -67.622684558037122, -37.339387411990955 ], [ -67.622302893749165, -37.340397189189801 ], [ -67.623402144877133, -37.342057843749181 ], [ -67.624469612703052, -37.342372028063266 ], [ -67.62693889116828, -37.344504831857314 ], [ -67.626823134176604, -37.346330813329551 ], [ -67.624883486047722, -37.34730796177638 ] ] ] } },
{ "type": "Feature", "properties": { "codigo_indec": "420980114" }, "geometry": { "type": "Polygon", "coordinates": [ [ [ -65.390386106302898, -35.999438371882079 ], [ -65.167085579333403, -36.001804163905483 ], [ -65.173351413832265, -36.338379445879923 ], [ -65.397495830878782, -36.338057039337698 ], [ -65.390386106302898, -35.999438371882079 ] ], [ [ -65.288828828951438, -36.192033027387176 ], [ -65.286298464690944, -36.191846741909217 ], [ -65.286338034529905, -36.189630065994379 ], [ -65.280155485227539, -36.189164983559493 ], [ -65.280176547271978, -36.187470884926448 ], [ -65.287367297526202, -36.18799604315155 ], [ -65.287364895784265, -36.185193345514051 ], [ -65.291597526150852, -36.185200444547675 ], [ -65.291538036832904, -36.191188462588798 ], [ -65.28887167261756, -36.19098340290406 ], [ -65.288828828951438, -36.192033027387176 ] ] ] } },
{ "type": "Feature", "properties": { "codigo_indec": "420350302" }, "geometry": { "type": "Polygon", "coordinates": [ [ [ -64.379526490521442, -35.806867570891157 ], [ -64.270897477436677, -35.808552892810965 ], [ -64.271895643897324, -35.901369693692764 ], [ -64.380768213179124, -35.900346233128076 ], [ -64.379526490521442, -35.806867570891157 ] ] ] } },
{ "type": "Feature", "properties": { "codigo_indec": "420070107" }, "geometry": { "type": "Polygon", "coordinates": [ [ [ -63.944256599529105, -36.987207516786668 ], [ -63.838127368115103, -36.987051164550088 ], [ -63.836203870048934, -37.077624070311394 ], [ -63.944858349067189, -37.078048377864135 ], [ -63.944256599529105, -36.987207516786668 ] ] ] } },
{ "type": "Feature", "properties": { "codigo_indec": "420840204" }, "geometry": { "type": "Polygon", "coordinates": [ [ [ -65.337748808258965, -38.774958995008532 ], [ -65.339343696352444, -38.8393431303856 ], [ -65.343064789154326, -38.840499108817014 ], [ -65.347446569493897, -38.843104424879577 ], [ -65.35357889537147, -38.844822994430039 ], [ -65.357600945671678, -38.845232522240906 ], [ -65.363113430972206, -38.844816819658554 ], [ -65.372605313088044, -38.842454077281772 ], [ -65.373515766343758, -38.84173833344866 ], [ -65.376474442731322, -38.840916431202004 ], [ -65.380932788754222, -38.838485495338446 ], [ -65.385538920852966, -38.835239950373925 ], [ -65.389884319576552, -38.833145870682671 ], [ -65.397045481104698, -38.832043553000233 ], [ -65.403894989503911, -38.829619546749029 ], [ -65.412622966223807, -38.824515732468321 ], [ -65.413811209431373, -38.824251463069672 ], [ -65.420978566407612, -38.817963639880922 ], [ -65.426420037086032, -38.815328635692012 ], [ -65.439955152675125, -38.812678404974051 ], [ -65.44642229470486, -38.810141959240148 ], [ -65.451109670935224, -38.809560540901906 ], [ -65.456712704532023, -38.807402298270127 ], [ -65.461930832823342, -38.80701207878387 ], [ -65.46667436595375, -38.805416896973092 ], [ -65.473270654206843, -38.804275783166659 ], [ -65.475663978280494, -38.803259638682803 ], [ -65.479522531871041, -38.803371473919213 ], [ -65.488795401503637, -38.800953232820717 ], [ -65.490705454389328, -38.799457240310026 ], [ -65.49218322817859, -38.796414467932337 ], [ -65.494737629572199, -38.794110486834278 ], [ -65.500843534337847, -38.790452456966221 ], [ -65.50209325668753, -38.790322668504999 ], [ -65.512417073884819, -38.786172972497454 ], [ -65.522596185115219, -38.783697259444743 ], [ -65.532825999026542, -38.782162198390523 ], [ -65.534032868987836, -38.782396721377829 ], [ -65.536876265754501, -38.781831510577994 ], [ -65.547998890946701, -38.782338972999611 ], [ -65.555731825215076, -38.782008305142448 ], [ -65.565561635306665, -38.778910464127307 ], [ -65.572089798556448, -38.778389563043554 ], [ -65.589524289190422, -38.773880514434808 ], [ -65.593838247449469, -38.773593816514406 ], [ -65.60755975917148, -38.77741507167012 ], [ -65.609374663396238, -38.777497720402167 ], [ -65.610425707877596, -38.77837951368538 ], [ -65.614223330063538, -38.779982032023739 ], [ -65.615130522115933, -38.780881323940037 ], [ -65.615655279420182, -38.78174331940572 ], [ -65.615493362600702, -38.782963376909642 ], [ -65.614365487048772, -38.784036121673374 ], [ -65.608434815300271, -38.786799884595602 ], [ -65.607125848751551, -38.787808895300273 ], [ -65.606605091836499, -38.788847571307628 ], [ -65.609632852847668, -38.791879919402064 ], [ -65.611196880109318, -38.792128350508307 ], [ -65.612628453797811, -38.791331390211106 ], [ -65.612845095994757, -38.787454149622562 ], [ -65.616308770406917, -38.785429756579404 ], [ -65.617461704744869, -38.78505069457119 ], [ -65.620568300869323, -38.785209455187157 ], [ -65.623636856709368, -38.786039109853348 ], [ -65.624704774447849, -38.788150425682247 ], [ -65.62387255989168, -38.791012305496096 ], [ -65.619485568442386, -38.799447631387345 ], [ -65.619303701485649, -38.801717059550164 ], [ -65.621028842183236, -38.804195367508441 ], [ -65.623672589307048, -38.805510074056997 ], [ -65.63513125607696, -38.803051197594435 ], [ -65.636795435038024, -38.802912254095347 ], [ -65.639445982673053, -38.80349697617789 ], [ -65.640272140785129, -38.804607508688989 ], [ -65.64059242637498, -38.806162376955086 ], [ -65.640589747433978, -38.811850926881576 ], [ -65.642284888505131, -38.813617193924088 ], [ -65.650249399514763, -38.816568907921422 ], [ -65.652337467588268, -38.819295555569468 ], [ -65.652515438104885, -38.821768779525634 ], [ -65.65350774807834, -38.824320988134573 ], [ -65.65463099308073, -38.825409776695878 ], [ -65.655641676982597, -38.825966751379489 ], [ -65.665649615212544, -38.827013724929202 ], [ -65.676869611656755, -38.830035949157207 ], [ -65.679117162984525, -38.831541973582276 ], [ -65.684171642983642, -38.833785223361296 ], [ -65.690753654029194, -38.835090974028397 ], [ -65.688687549466593, -38.768669278480601 ], [ -65.337748808258965, -38.774958995008532 ] ] ] } },
{ "type": "Feature", "properties": { "codigo_indec": "420840201" }, "geometry": { "type": "Polygon", "coordinates": [ [ [ -65.661610532119525, -37.876866269344461 ], [ -65.316045324625051, -37.882501245685411 ], [ -65.326335089568815, -38.31682099860577 ], [ -65.674549202981439, -38.308543071882539 ], [ -65.661610532119525, -37.876866269344461 ] ] ] } },
{ "type": "Feature", "properties": { "codigo_indec": "420770304" }, "geometry": { "type": "Polygon", "coordinates": [ [ [ -63.788744768751286, -37.891412084900836 ], [ -63.666029725670334, -37.894054508021938 ], [ -63.666803925706446, -37.979686645390409 ], [ -63.7356067449794, -37.97969436011735 ], [ -63.846546430604413, -37.976554239225557 ], [ -63.84607970027087, -37.93596556014424 ], [ -63.789194117838043, -37.933455295157408 ], [ -63.788744768751286, -37.891412084900836 ] ], [ [ -63.749591858667273, -37.897610197123043 ], [ -63.752322921236519, -37.89760835841976 ], [ -63.752386316103738, -37.905892177174486 ], [ -63.746866633748361, -37.905899187877161 ], [ -63.74686786315128, -37.907349453561295 ], [ -63.740996270394845, -37.907335934959583 ], [ -63.740986084160987, -37.905903514078254 ], [ -63.735531481849755, -37.90592024953957 ], [ -63.735484455281174, -37.897627752794499 ], [ -63.738221182592191, -37.897626350953615 ], [ -63.738214036121612, -37.895446346542428 ], [ -63.749581399262915, -37.895434629681901 ], [ -63.749591858667273, -37.897610197123043 ] ] ] } },
{ "type": "Feature", "properties": { "codigo_indec": "420770108" }, "geometry": { "type": "Polygon", "coordinates": [ [ [ -63.854095322430744, -37.890185470361089 ], [ -63.859444946234625, -37.893755459162868 ], [ -63.847939095499832, -37.899499782703259 ], [ -63.841552682114511, -37.89494641697334 ], [ -63.850970434827616, -37.890155462116077 ], [ -63.788744768751286, -37.891412084900836 ], [ -63.789194117838043, -37.933455295157408 ], [ -63.84607970027087, -37.93596556014424 ], [ -63.846546430604413, -37.976554239225557 ], [ -63.953352618282722, -37.976930563746826 ], [ -63.953909358463861, -38.016894775893277 ], [ -64.069403388439, -38.01590285623859 ], [ -64.069931575390413, -38.068220922265809 ], [ -64.183455624138759, -38.067004185910022 ], [ -64.296999184224859, -38.067560630307568 ], [ -64.298097579842931, -38.156275460989249 ], [ -64.530189062833969, -38.153748318679085 ], [ -64.529168175706431, -37.976912669678413 ], [ -64.295889208340512, -37.977439118839264 ], [ -64.295598295696351, -37.891413568813228 ], [ -64.068292740612179, -37.890090882841548 ], [ -63.952393380918714, -37.891085846825149 ], [ -63.854095322430744, -37.890185470361089 ] ] ] } },
{ "type": "Feature", "properties": { "codigo_indec": "420770106" }, "geometry": { "type": "Polygon", "coordinates": [ [ [ -64.293682684107139, -37.796908779147195 ], [ -64.295598295696351, -37.891413568813228 ], [ -64.295889208340512, -37.977439118839264 ], [ -64.529168175706431, -37.976912669678413 ], [ -64.528137475318573, -37.795963909744174 ], [ -64.293682684107139, -37.796908779147195 ] ] ] } },
{ "type": "Feature", "properties": { "codigo_indec": "420770103" }, "geometry": { "type": "Polygon", "coordinates": [ [ [ -64.185349325846289, -37.711226373953664 ], [ -64.184301186623543, -37.755424234355402 ], [ -64.293167538643175, -37.754281476693784 ], [ -64.293682684107139, -37.796908779147195 ], [ -64.528137475318573, -37.795963909744174 ], [ -64.527630617100812, -37.706309765930783 ], [ -64.185349325846289, -37.711226373953664 ] ] ] } },
{ "type": "Feature", "properties": { "codigo_indec": "420560602" }, "geometry": { "type": "Polygon", "coordinates": [ [ [ -63.719432952671532, -35.398335477757158 ], [ -63.720060816311268, -35.450930100167575 ], [ -63.7668495564849, -35.45181412061546 ], [ -63.934343423753077, -35.450535362647571 ], [ -63.933257315188783, -35.360723802187429 ], [ -63.933381967451176, -35.316002484819862 ], [ -63.884572568656402, -35.315374360587668 ], [ -63.885929573030452, -35.360774422282617 ], [ -63.770133186369812, -35.361174961283133 ], [ -63.771363829057769, -35.398016632436864 ], [ -63.719432952671532, -35.398335477757158 ] ], [ [ -63.910437800161802, -35.432750197618738 ], [ -63.902502130095563, -35.429039613258361 ], [ -63.90117280088036, -35.430944901356689 ], [ -63.900419478526636, -35.430593880015614 ], [ -63.9037206750641, -35.42588433330733 ], [ -63.901434488873853, -35.424785792463673 ], [ -63.902831945314126, -35.422796075107335 ], [ -63.905121081288087, -35.42388562910871 ], [ -63.907104400458429, -35.421054465885504 ], [ -63.911159264776813, -35.422935954701735 ], [ -63.909853298416557, -35.424801199190263 ], [ -63.914479181027268, -35.426962802628601 ], [ -63.910437800161802, -35.432750197618738 ] ] ] } },
{ "type": "Feature", "properties": { "codigo_indec": "420420103" }, "geometry": { "type": "Polygon", "coordinates": [ [ [ -66.993769355696642, -38.150138336955322 ], [ -66.878421814671682, -38.148814508592174 ], [ -66.877613376924089, -38.244286186248331 ], [ -66.993356226951548, -38.246160725273846 ], [ -66.993769355696642, -38.150138336955322 ] ] ] } },
{ "type": "Feature", "properties": { "codigo_indec": "420350705" }, "geometry": { "type": "Polygon", "coordinates": [ [ [ -64.166364431680492, -36.170909252763678 ], [ -64.051759114094267, -36.172531628397493 ], [ -64.052589603143474, -36.26414511719517 ], [ -64.165975658894638, -36.261631088592431 ], [ -64.166364431680492, -36.170909252763678 ] ] ] } },
{ "type": "Feature", "properties": { "codigo_indec": "420350606" }, "geometry": { "type": "Polygon", "coordinates": [ [ [ -64.49817242370959, -36.166989862484996 ], [ -64.387477424745313, -36.168325318081855 ], [ -64.389352225656125, -36.26110456267849 ], [ -64.500408895161911, -36.258903845797271 ], [ -64.49817242370959, -36.166989862484996 ] ] ] } },
{ "type": "Feature", "properties": { "codigo_indec": "420350604" }, "geometry": { "type": "Polygon", "coordinates": [ [ [ -64.273860572244487, -36.081155387530657 ], [ -64.165052854768192, -36.082304704737126 ], [ -64.166364431680492, -36.170909252763678 ], [ -64.274834795819089, -36.169701437723113 ], [ -64.273860572244487, -36.081155387530657 ] ] ] } },
{ "type": "Feature", "properties": { "codigo_indec": "420350308" }, "geometry": { "type": "Polygon", "coordinates": [ [ [ -64.384341626276807, -35.989664786607044 ], [ -64.111970334657002, -35.991894932024614 ], [ -64.113228099409611, -36.0814276714665 ], [ -64.165052854768192, -36.082304704737126 ], [ -64.273860572244487, -36.081155387530657 ], [ -64.385959539030353, -36.081988018372371 ], [ -64.384341626276807, -35.989664786607044 ] ] ] } },
{ "type": "Feature", "properties": { "codigo_indec": "421050102" }, "geometry": { "type": "Polygon", "coordinates": [ [ [ -63.7668495564849, -35.45181412061546 ], [ -63.767268639842669, -35.495997692862808 ], [ -63.934550051980999, -35.495630949711092 ], [ -63.934343423753077, -35.450535362647571 ], [ -63.7668495564849, -35.45181412061546 ] ] ] } },
{ "type": "Feature", "properties": { "codigo_indec": "420630106" }, "geometry": { "type": "Polygon", "coordinates": [ [ [ -67.24169582529575, -36.340671942482487 ], [ -67.11527339940649, -36.340314754983901 ], [ -67.113761385999965, -36.429977254649557 ], [ -67.240826990758634, -36.43043627189261 ], [ -67.24169582529575, -36.340671942482487 ] ], [ [ -67.150894142639316, -36.398960036418401 ], [ -67.149094598398349, -36.402789099977831 ], [ -67.147110370215586, -36.40165023895338 ], [ -67.148159664248197, -36.399855938628541 ], [ -67.149030450859215, -36.400325156461101 ], [ -67.149808818648836, -36.398492897854716 ], [ -67.150894142639316, -36.398960036418401 ] ] ] } },
{ "type": "Feature", "properties": { "codigo_indec": "421120314" }, "geometry": { "type": "Polygon", "coordinates": [ [ [ -67.679485373776728, -37.885573941044555 ], [ -67.454419277864829, -37.884489489235357 ], [ -67.453438205691612, -37.969656263237397 ], [ -67.566582940241688, -37.9701764652552 ], [ -67.565590169864549, -38.069980729664977 ], [ -67.677564215446537, -38.070881237246937 ], [ -67.679485373776728, -37.885573941044555 ] ] ] } },
{ "type": "Feature", "properties": { "codigo_indec": "420210104" }, "geometry": { "type": "Polygon", "coordinates": [ [ [ -64.503284652107098, -36.530354908290491 ], [ -64.502437849808274, -36.439985020554104 ], [ -64.388110262834658, -36.44173960495899 ], [ -64.389351203815139, -36.531857361215529 ], [ -64.397284560928327, -36.623158868764691 ], [ -64.503235613944099, -36.622883810855519 ], [ -64.503284652107098, -36.530354908290491 ] ] ] } },
{ "type": "Feature", "properties": { "codigo_indec": "420700102" }, "geometry": { "type": "Polygon", "coordinates": [ [ [ -64.175104024229199, -37.254704822460248 ], [ -64.003254653276102, -37.255862938138783 ], [ -64.004462229035653, -37.346679507798022 ], [ -64.177134544660106, -37.345953693620544 ], [ -64.175104024229199, -37.254704822460248 ] ] ] } },
{ "type": "Feature", "properties": { "codigo_indec": "421330604" }, "geometry": { "type": "Polygon", "coordinates": [ [ [ -64.373657382706455, -35.359330806542452 ], [ -64.263908201064197, -35.359966570554299 ], [ -64.267063796971243, -35.44989169880499 ], [ -64.374819754549648, -35.448885468900656 ], [ -64.373657382706455, -35.359330806542452 ] ], [ [ -64.288094130227236, -35.382751416175694 ], [ -64.288554777530379, -35.388683283906232 ], [ -64.287368964090518, -35.388684499053099 ], [ -64.287371738483969, -35.389464069259219 ], [ -64.281989057668383, -35.389779641734265 ], [ -64.281987522942558, -35.388684672972644 ], [ -64.2773323912145, -35.388685956448555 ], [ -64.27735148687745, -35.382742876526692 ], [ -64.288094130227236, -35.382751416175694 ] ] ] } },
{ "type": "Feature", "properties": { "codigo_indec": "420280303" }, "geometry": { "type": "Polygon", "coordinates": [ [ [ -63.547502468894344, -36.355738121989184 ], [ -63.385896632702519, -36.354575536307664 ], [ -63.384619156231295, -36.676634571729132 ], [ -63.550810646009381, -36.675459180282829 ], [ -63.547502468894344, -36.355738121989184 ] ], [ [ -63.420563350124951, -36.400149389225859 ], [ -63.426395188629378, -36.402662674062682 ], [ -63.425142900050552, -36.404559088943749 ], [ -63.428571005409303, -36.406047415448732 ], [ -63.423845440664373, -36.413386944619965 ], [ -63.414549218867194, -36.409366091936029 ], [ -63.415300810909287, -36.408211203659157 ], [ -63.413228924455183, -36.4068329830137 ], [ -63.415761526663715, -36.402968936902788 ], [ -63.418071697699887, -36.40396488129899 ], [ -63.420563350124951, -36.400149389225859 ] ] ] } },
{ "type": "Feature", "properties": { "codigo_indec": "420070409" }, "geometry": { "type": "Polygon", "coordinates": [ [ [ -63.725575894033362, -37.079296386266627 ], [ -63.556775317178271, -37.080297544784223 ], [ -63.556197115853855, -37.170585717746953 ], [ -63.728434953756107, -37.170627298948595 ], [ -63.725575894033362, -37.079296386266627 ] ], [ [ -63.660545929070217, -37.132550909190449 ], [ -63.668601407711336, -37.132570063925272 ], [ -63.668613728175814, -37.133543233095537 ], [ -63.672706672596362, -37.133538120944081 ], [ -63.672816699684127, -37.141238116080878 ], [ -63.671409981009468, -37.141242004490415 ], [ -63.671425935403811, -37.142372894199838 ], [ -63.666614606492843, -37.142395337598778 ], [ -63.666726077866571, -37.153230325076741 ], [ -63.656579745921945, -37.153241733199287 ], [ -63.656521691054046, -37.148925495551211 ], [ -63.661892818248411, -37.148919023519213 ], [ -63.661833705754113, -37.141247073286841 ], [ -63.660460731154657, -37.141251497456331 ], [ -63.660548024183996, -37.136866053018231 ], [ -63.656365099068694, -37.136864457571512 ], [ -63.656323831483235, -37.133552996667731 ], [ -63.660546208129972, -37.133546361324967 ], [ -63.660545929070217, -37.132550909190449 ] ] ] } },
{ "type": "Feature", "properties": { "codigo_indec": "420630101" }, "geometry": { "type": "Polygon", "coordinates": [ [ [ -67.150894142639316, -36.398960036418401 ], [ -67.149808818648836, -36.398492897854716 ], [ -67.149030450859215, -36.400325156461101 ], [ -67.148159664248197, -36.399855938628541 ], [ -67.147110370215586, -36.40165023895338 ], [ -67.149094598398349, -36.402789099977831 ], [ -67.150894142639316, -36.398960036418401 ] ] ] } },
{ "type": "Feature", "properties": { "codigo_indec": "420420201" }, "geometry": { "type": "Polygon", "coordinates": [ [ [ -65.915901047430239, -38.138051122841738 ], [ -65.912974513284368, -38.13864809502796 ], [ -65.913567894163634, -38.14087377532806 ], [ -65.9059231231697, -38.142408453253523 ], [ -65.906192785620817, -38.143395162349258 ], [ -65.901802700434601, -38.144161849933411 ], [ -65.903314158828024, -38.148527996717654 ], [ -65.918222508554237, -38.145543807629977 ], [ -65.915901047430239, -38.138051122841738 ] ] ] } },
{ "type": "Feature", "properties": { "codigo_indec": "421540502" }, "geometry": { "type": "Polygon", "coordinates": [ [ [ -64.584549604047325, -37.370230770023447 ], [ -64.584633638650374, -37.373267986401487 ], [ -64.599835733087275, -37.373948999162209 ], [ -64.599961696049292, -37.368387097590848 ], [ -64.592880040445664, -37.36829403460105 ], [ -64.592832616814832, -37.370077358995012 ], [ -64.584549604047325, -37.370230770023447 ] ] ] } },
{ "type": "Feature", "properties": { "codigo_indec": "421540501" }, "geometry": { "type": "Polygon", "coordinates": [ [ [ -64.599961696049292, -37.368387097590848 ], [ -64.600432932588603, -37.366415079671206 ], [ -64.605409307466772, -37.366960386444298 ], [ -64.607244619504272, -37.365837802193944 ], [ -64.606694206638593, -37.363403242196775 ], [ -64.605553528222572, -37.362065392044357 ], [ -64.605388055123896, -37.363230178964059 ], [ -64.600442039348295, -37.362734784920875 ], [ -64.599962089855296, -37.364873377803036 ], [ -64.596013604968718, -37.364299507800411 ], [ -64.596001267283285, -37.364961563153514 ], [ -64.584721100249382, -37.362754909110095 ], [ -64.584549604047325, -37.370230770023447 ], [ -64.592832616814832, -37.370077358995012 ], [ -64.592880040445664, -37.36829403460105 ], [ -64.599961696049292, -37.368387097590848 ] ] ] } },
{ "type": "Feature", "properties": { "codigo_indec": "421470202" }, "geometry": { "type": "Polygon", "coordinates": [ [ [ -64.142482609004247, -35.69505559629561 ], [ -64.141345024644878, -35.692785213208644 ], [ -64.131656009493696, -35.696275721836024 ], [ -64.132146281891877, -35.697279076368545 ], [ -64.133362492984674, -35.696878925466834 ], [ -64.134373468553676, -35.698886091005406 ], [ -64.138236156105307, -35.697625767227102 ], [ -64.137723823223524, -35.696617589401377 ], [ -64.142482609004247, -35.69505559629561 ] ] ] } },
{ "type": "Feature", "properties": { "codigo_indec": "421470201" }, "geometry": { "type": "Polygon", "coordinates": [ [ [ -64.126668995605826, -35.697901313356951 ], [ -64.141345024644878, -35.692785213208644 ], [ -64.139721953747483, -35.689543109433281 ], [ -64.137264854458792, -35.690347656145335 ], [ -64.136262184762302, -35.688340641518934 ], [ -64.131219916971332, -35.689992610431972 ], [ -64.132222687261319, -35.69199065537444 ], [ -64.124901031787743, -35.694381920488915 ], [ -64.126668995605826, -35.697901313356951 ] ] ] } },
{ "type": "Feature", "properties": { "codigo_indec": "421400218" }, "geometry": { "type": "Polygon", "coordinates": [ [ [ -64.328585520204484, -36.648276942781628 ], [ -64.334969453224659, -36.653380574945267 ], [ -64.340167664062406, -36.649682350925531 ], [ -64.333487401337848, -36.64431805569631 ], [ -64.328585520204484, -36.648276942781628 ] ] ] } },
{ "type": "Feature", "properties": { "codigo_indec": "421400201" }, "geometry": { "type": "Polygon", "coordinates": [ [ [ -64.387915978806674, -36.676179835596841 ], [ -64.38984421840803, -36.677719657278217 ], [ -64.38680967360979, -36.680278043610215 ], [ -64.389832917452054, -36.682688674713283 ], [ -64.395792294123325, -36.677727870839036 ], [ -64.390808008568698, -36.673741130077566 ], [ -64.387915978806674, -36.676179835596841 ] ] ] } },
{ "type": "Feature", "properties": { "codigo_indec": "421260501" }, "geometry": { "type": "Polygon", "coordinates": [ [ [ -64.563480014978509, -35.593692430334642 ], [ -64.563487219769883, -35.588812501919357 ], [ -64.552625164136884, -35.588826718412683 ], [ -64.552620950036655, -35.592584678840751 ], [ -64.559080945809953, -35.592585499040823 ], [ -64.559080466589009, -35.593689465981932 ], [ -64.563480014978509, -35.593692430334642 ] ] ] } },
{ "type": "Feature", "properties": { "codigo_indec": "421260407" }, "geometry": { "type": "Polygon", "coordinates": [ [ [ -64.932580694703987, -35.673010517647647 ], [ -64.932597580416228, -35.677548371093955 ], [ -64.943369911444066, -35.677535251518691 ], [ -64.943364608217237, -35.675214530057453 ], [ -64.944684478277352, -35.675217094424731 ], [ -64.94467639022983, -35.674153568181218 ], [ -64.939366672018195, -35.674138451547776 ], [ -64.939358713900617, -35.67307042033066 ], [ -64.932580694703987, -35.673010517647647 ] ] ] } },
{ "type": "Feature", "properties": { "codigo_indec": "421260401" }, "geometry": { "type": "Polygon", "coordinates": [ [ [ -64.94467639022983, -35.674153568181218 ], [ -64.944648706443431, -35.670593452489776 ], [ -64.945832390753111, -35.670657896216802 ], [ -64.945828824526771, -35.66945922360901 ], [ -64.932580133974923, -35.66931996469939 ], [ -64.932560005906154, -35.665854544468843 ], [ -64.928614734496577, -35.665842034363941 ], [ -64.928590043723347, -35.670582299011741 ], [ -64.932485973679363, -35.670585362080608 ], [ -64.932580694703987, -35.673010517647647 ], [ -64.939358713900617, -35.67307042033066 ], [ -64.939366672018195, -35.674138451547776 ], [ -64.94467639022983, -35.674153568181218 ] ] ] } },
{ "type": "Feature", "properties": { "codigo_indec": "421260202" }, "geometry": { "type": "Polygon", "coordinates": [ [ [ -64.500698733319368, -35.139849700246735 ], [ -64.496027501680942, -35.139850385972288 ], [ -64.496060587068413, -35.145357474449881 ], [ -64.500060221476886, -35.145348478273007 ], [ -64.500058702611341, -35.144235407259181 ], [ -64.5013754145089, -35.144233676950336 ], [ -64.50136312103136, -35.142061494883073 ], [ -64.500721236854844, -35.142062565822933 ], [ -64.500698733319368, -35.139849700246735 ] ] ] } },
{ "type": "Feature", "properties": { "codigo_indec": "421120307" }, "geometry": { "type": "Polygon", "coordinates": [ [ [ -67.715585796105174, -37.771212208923465 ], [ -67.714690166926104, -37.772603568318203 ], [ -67.715572752954188, -37.773225826874338 ], [ -67.717951908501732, -37.773781220416176 ], [ -67.718253110774967, -37.773065146470771 ], [ -67.719932555727951, -37.773545121588768 ], [ -67.72013756857254, -37.772474606789849 ], [ -67.715585796105174, -37.771212208923465 ] ] ] } },
{ "type": "Feature", "properties": { "codigo_indec": "421120304" }, "geometry": { "type": "MultiPolygon", "coordinates": [ [ [ [ -67.173393005841234, -38.223409758428232 ], [ -67.176183529976257, -38.223314263355725 ], [ -67.17827590362829, -38.221883446058264 ], [ -67.178535658736394, -38.221173670624836 ], [ -67.175472491538486, -38.217803676323811 ], [ -67.174521322089561, -38.217768155594918 ], [ -67.172242053934895, -38.219290858453284 ], [ -67.169091217840005, -38.219160131256928 ], [ -67.168913142220248, -38.219806013532995 ], [ -67.167088059265851, -38.22099978627935 ], [ -67.173393005841234, -38.223409758428232 ] ] ], [ [ [ -67.719720553517121, -37.768435822922434 ], [ -67.718104467223682, -37.771914210672648 ], [ -67.72013756857254, -37.772474606789849 ], [ -67.7221250915117, -37.769112379615983 ], [ -67.719720553517121, -37.768435822922434 ] ] ] ] } },
{ "type": "Feature", "properties": { "codigo_indec": "421050902" }, "geometry": { "type": "Polygon", "coordinates": [ [ [ -63.731125773231774, -35.643283036381234 ], [ -63.731245678125966, -35.649971149487271 ], [ -63.738969218812393, -35.655991371553071 ], [ -63.741856080344277, -35.653450512146826 ], [ -63.737904699708494, -35.650285689174261 ], [ -63.738901062860975, -35.649403348702251 ], [ -63.731125773231774, -35.643283036381234 ] ] ] } },
{ "type": "Feature", "properties": { "codigo_indec": "421050807" }, "geometry": { "type": "Polygon", "coordinates": [ [ [ -63.777767885303248, -35.657493329265705 ], [ -63.777814207467145, -35.669762191457053 ], [ -63.782541681963501, -35.669714226162526 ], [ -63.782361840779302, -35.657456409268214 ], [ -63.777767885303248, -35.657493329265705 ] ] ] } },
{ "type": "Feature", "properties": { "codigo_indec": "421050802" }, "geometry": { "type": "Polygon", "coordinates": [ [ [ -63.769360347590712, -35.648962417973081 ], [ -63.7745466291178, -35.653023098791557 ], [ -63.775608846855697, -35.652141665284411 ], [ -63.77775133012387, -35.65271286536273 ], [ -63.777715601598608, -35.642647281473572 ], [ -63.776732665453942, -35.642665176326162 ], [ -63.769360347590712, -35.648962417973081 ] ] ] } },
{ "type": "Feature", "properties": { "codigo_indec": "421050712" }, "geometry": { "type": "Polygon", "coordinates": [ [ [ -63.750532042228727, -35.671210661985029 ], [ -63.754303104381272, -35.674164479247835 ], [ -63.757085308822681, -35.671819543846269 ], [ -63.75333682280754, -35.668848213293622 ], [ -63.750532042228727, -35.671210661985029 ] ] ] } },
{ "type": "Feature", "properties": { "codigo_indec": "421050704" }, "geometry": { "type": "Polygon", "coordinates": [ [ [ -63.745686948119463, -35.662875316948679 ], [ -63.748960415534995, -35.665441529122347 ], [ -63.748989037488109, -35.666388176927974 ], [ -63.75017166638505, -35.666347215502263 ], [ -63.750087597953076, -35.665408541846162 ], [ -63.75227006670525, -35.663575114561958 ], [ -63.748424842751326, -35.660529745962315 ], [ -63.745686948119463, -35.662875316948679 ] ] ] } },
{ "type": "Feature", "properties": { "codigo_indec": "421050702" }, "geometry": { "type": "Polygon", "coordinates": [ [ [ -63.760579767175749, -35.668875073747529 ], [ -63.757238907663577, -35.665542012491869 ], [ -63.75333682280754, -35.668848213293622 ], [ -63.757085308822681, -35.671819543846269 ], [ -63.760579767175749, -35.668875073747529 ] ] ] } },
{ "type": "Feature", "properties": { "codigo_indec": "421050601" }, "geometry": { "type": "Polygon", "coordinates": [ [ [ -63.396631862630983, -35.786211622081012 ], [ -63.398034246536739, -35.785507705225221 ], [ -63.391153010814399, -35.77614610479651 ], [ -63.389400473325573, -35.776995503248472 ], [ -63.38939464986548, -35.784270697626901 ], [ -63.395369591418365, -35.784485941932012 ], [ -63.396631862630983, -35.786211622081012 ] ] ] } },
{ "type": "Feature", "properties": { "codigo_indec": "421050406" }, "geometry": { "type": "Polygon", "coordinates": [ [ [ -63.756555198212318, -35.645584255365492 ], [ -63.750281790279899, -35.651013220982946 ], [ -63.753197880543048, -35.6533203390239 ], [ -63.755857228931077, -35.651000151715472 ], [ -63.753913486845249, -35.649450115005948 ], [ -63.757489558005901, -35.646318009597131 ], [ -63.756555198212318, -35.645584255365492 ] ] ] } },
{ "type": "Feature", "properties": { "codigo_indec": "421050309" }, "geometry": { "type": "Polygon", "coordinates": [ [ [ -63.764646725963324, -35.662417974703466 ], [ -63.761978200318929, -35.664666094938759 ], [ -63.764722054554028, -35.666843592045659 ], [ -63.766066477644692, -35.666544170714488 ], [ -63.766087060902919, -35.665805681194456 ], [ -63.767444507890879, -35.664641464979574 ], [ -63.764646725963324, -35.662417974703466 ] ] ] } },
{ "type": "Feature", "properties": { "codigo_indec": "420980303" }, "geometry": { "type": "Polygon", "coordinates": [ [ [ -65.507142694334888, -36.259422518655917 ], [ -65.499131291734599, -36.261989155854081 ], [ -65.500115156666396, -36.265192473698413 ], [ -65.501082478898141, -36.264885604366427 ], [ -65.503025386649639, -36.269111230744414 ], [ -65.501469788496124, -36.269604913132802 ], [ -65.502194876693821, -36.27196452596538 ], [ -65.504606921030231, -36.273317303336945 ], [ -65.51240421426634, -36.270889118327766 ], [ -65.507142694334888, -36.259422518655917 ] ] ] } },
{ "type": "Feature", "properties": { "codigo_indec": "420980301" }, "geometry": { "type": "Polygon", "coordinates": [ [ [ -65.507142694334888, -36.259422518655917 ], [ -65.51240421426634, -36.270889118327766 ], [ -65.516111799376048, -36.269723626392654 ], [ -65.51372349273484, -36.264527627677062 ], [ -65.516212698027061, -36.263740173949273 ], [ -65.51235270335134, -36.255456128764692 ], [ -65.508654113741287, -36.256617040144093 ], [ -65.509131669525289, -36.257650857635717 ], [ -65.507930266175507, -36.258042442697395 ], [ -65.508383095582502, -36.259026596050511 ], [ -65.507142694334888, -36.259422518655917 ] ] ] } },
{ "type": "Feature", "properties": { "codigo_indec": "420770307" }, "geometry": { "type": "Polygon", "coordinates": [ [ [ -63.735515756825322, -37.903096032742368 ], [ -63.735531481849755, -37.90592024953957 ], [ -63.740986084160987, -37.905903514078254 ], [ -63.740996270394845, -37.907335934959583 ], [ -63.74686786315128, -37.907349453561295 ], [ -63.746863134821531, -37.905268580710072 ], [ -63.74553297046333, -37.905270120526616 ], [ -63.74552264097742, -37.903094559099301 ], [ -63.735515756825322, -37.903096032742368 ] ] ] } },
{ "type": "Feature", "properties": { "codigo_indec": "420700502" }, "geometry": { "type": "Polygon", "coordinates": [ [ [ -63.54503291790143, -37.663772801237265 ], [ -63.543470046376846, -37.664091543564027 ], [ -63.543469524259564, -37.663506032548398 ], [ -63.545281725754201, -37.662755608748014 ], [ -63.536443285901747, -37.662764898928664 ], [ -63.536424130559901, -37.669425677522042 ], [ -63.537809100097853, -37.66943659927324 ], [ -63.539227070229956, -37.668277195147972 ], [ -63.540642812118044, -37.669414686038493 ], [ -63.544965507775359, -37.669428228870302 ], [ -63.54503291790143, -37.663772801237265 ] ] ] } },
{ "type": "Feature", "properties": { "codigo_indec": "420700501" }, "geometry": { "type": "Polygon", "coordinates": [ [ [ -63.553124099110924, -37.670476116411535 ], [ -63.55315308957433, -37.662090542130045 ], [ -63.54503291790143, -37.663772801237265 ], [ -63.545007325114959, -37.666010680628872 ], [ -63.547636198663405, -37.666011354046759 ], [ -63.547644756443383, -37.670483853144319 ], [ -63.553124099110924, -37.670476116411535 ] ] ] } },
{ "type": "Feature", "properties": { "codigo_indec": "420700301" }, "geometry": { "type": "Polygon", "coordinates": [ [ [ -64.137050985862061, -37.666853438420276 ], [ -64.151329489777808, -37.656718262311024 ], [ -64.149750744108118, -37.655270139786666 ], [ -64.144797244318639, -37.658759724783664 ], [ -64.138134774216269, -37.653979252016683 ], [ -64.129290752294693, -37.663023543129121 ], [ -64.130279326235168, -37.664949042361599 ], [ -64.135685876959343, -37.665588677226069 ], [ -64.137050985862061, -37.666853438420276 ] ] ] } },
{ "type": "Feature", "properties": { "codigo_indec": "420560201" }, "geometry": { "type": "Polygon", "coordinates": [ [ [ -63.684566881776746, -35.029517188141661 ], [ -63.691216792478791, -35.029513294580923 ], [ -63.69112989051925, -35.021698860724101 ], [ -63.680589094605466, -35.021705019642965 ], [ -63.680608351675502, -35.024318653280581 ], [ -63.683226586234625, -35.024314623978604 ], [ -63.683241254396918, -35.026414528396188 ], [ -63.684547669109712, -35.026412441429933 ], [ -63.684566881776746, -35.029517188141661 ] ] ] } },
{ "type": "Feature", "properties": { "codigo_indec": "420490108" }, "geometry": { "type": "Polygon", "coordinates": [ [ [ -66.940087422326357, -36.227996580429213 ], [ -66.943401971889642, -36.227303631229553 ], [ -66.942834272330401, -36.226339356479194 ], [ -66.941829901451328, -36.22652299346376 ], [ -66.941628869122866, -36.224366290947607 ], [ -66.935653338962808, -36.22551709301753 ], [ -66.936123752983065, -36.22882518727198 ], [ -66.937413528185814, -36.228553751743277 ], [ -66.937302503138582, -36.22740563908917 ], [ -66.939951551775962, -36.226866688856816 ], [ -66.940087422326357, -36.227996580429213 ] ] ] } },
{ "type": "Feature", "properties": { "codigo_indec": "420490107" }, "geometry": { "type": "Polygon", "coordinates": [ [ [ -66.94346498843781, -36.230466213338644 ], [ -66.940073201825442, -36.231686951516117 ], [ -66.937456540787622, -36.231225361350269 ], [ -66.937198338499769, -36.23219162775888 ], [ -66.935607108866179, -36.231906698430933 ], [ -66.937315517113106, -36.234087655730654 ], [ -66.93489301920691, -36.2354583533305 ], [ -66.935764107642228, -36.236447326736979 ], [ -66.941451323429931, -36.233910996085129 ], [ -66.940845507452508, -36.232784803920097 ], [ -66.944095739312345, -36.231583184150246 ], [ -66.94346498843781, -36.230466213338644 ] ] ] } },
{ "type": "Feature", "properties": { "codigo_indec": "420350610" }, "geometry": { "type": "Polygon", "coordinates": [ [ [ -64.227575339659836, -36.228396133776975 ], [ -64.227573762822018, -36.232284218674572 ], [ -64.23978419776212, -36.232230251652958 ], [ -64.239781937532655, -36.230594777039791 ], [ -64.23450734269403, -36.230598137964179 ], [ -64.23449849446294, -36.228394893415711 ], [ -64.227575339659836, -36.228396133776975 ] ] ] } },
{ "type": "Feature", "properties": { "codigo_indec": "420350408" }, "geometry": { "type": "Polygon", "coordinates": [ [ [ -64.300858358629114, -35.912375791751984 ], [ -64.294489135034127, -35.914303981264069 ], [ -64.294220830528133, -35.914804796688983 ], [ -64.299861824681074, -35.916885313741517 ], [ -64.30226278504496, -35.912616437448101 ], [ -64.300858358629114, -35.912375791751984 ] ] ] } },
{ "type": "Feature", "properties": { "codigo_indec": "420280203" }, "geometry": { "type": "Polygon", "coordinates": [ [ [ -63.618170624906114, -36.465975016512481 ], [ -63.615260489169259, -36.472308983702568 ], [ -63.620304195810462, -36.473896259003141 ], [ -63.621559010837402, -36.471164433949014 ], [ -63.626594838827309, -36.472737772834328 ], [ -63.628249218844459, -36.469148925750574 ], [ -63.618170624906114, -36.465975016512481 ] ] ] } },
{ "type": "Feature", "properties": { "codigo_indec": "420210906" }, "geometry": { "type": "Polygon", "coordinates": [ [ [ -64.26513556663015, -36.629669026691253 ], [ -64.265229586196284, -36.635572065221474 ], [ -64.269831222056567, -36.635521868691825 ], [ -64.269915463180013, -36.627630166142737 ], [ -64.26957053823098, -36.628557710748744 ], [ -64.267421397893315, -36.628558004526532 ], [ -64.267443985159645, -36.629671091516286 ], [ -64.26513556663015, -36.629669026691253 ] ] ] } },
{ "type": "Feature", "properties": { "codigo_indec": "420210903" }, "geometry": { "type": "Polygon", "coordinates": [ [ [ -64.274324142821285, -36.623553931208882 ], [ -64.27436237034577, -36.627604571800028 ], [ -64.279995447601408, -36.627523864000011 ], [ -64.279919106262057, -36.623540247933484 ], [ -64.274324142821285, -36.623553931208882 ] ] ] } },
{ "type": "Feature", "properties": { "codigo_indec": "420210822" }, "geometry": { "type": "Polygon", "coordinates": [ [ [ -64.28986184285624, -36.639482823814092 ], [ -64.286699397756394, -36.642185483076069 ], [ -64.286982325180361, -36.642410302806645 ], [ -64.2881479346145, -36.641399900011557 ], [ -64.291481614888937, -36.644101275882946 ], [ -64.296343230397355, -36.640012709487621 ], [ -64.294658253107272, -36.63872265956239 ], [ -64.291894963036071, -36.641079776337023 ], [ -64.28986184285624, -36.639482823814092 ] ] ] } },
{ "type": "Feature", "properties": { "codigo_indec": "420210812" }, "geometry": { "type": "Polygon", "coordinates": [ [ [ -64.290773539939721, -36.628201606615015 ], [ -64.288865726696585, -36.629800559327094 ], [ -64.291930000954608, -36.632151157757825 ], [ -64.293809476373283, -36.630569770959738 ], [ -64.290773539939721, -36.628201606615015 ] ] ] } },
{ "type": "Feature", "properties": { "codigo_indec": "420210712" }, "geometry": { "type": "Polygon", "coordinates": [ [ [ -64.304695349893237, -36.626864320543753 ], [ -64.308442751244201, -36.629688247685685 ], [ -64.309869254467813, -36.62848310396496 ], [ -64.306191437717501, -36.625799869626739 ], [ -64.304695349893237, -36.626864320543753 ] ] ] } },
{ "type": "Feature", "properties": { "codigo_indec": "420210711" }, "geometry": { "type": "Polygon", "coordinates": [ [ [ -64.303286070716538, -36.623330259223138 ], [ -64.317437721101271, -36.634379343678198 ], [ -64.318280910335361, -36.634805723691947 ], [ -64.321084317126804, -36.632484586552884 ], [ -64.314848988271109, -36.629788063900968 ], [ -64.318262031150383, -36.626930492912336 ], [ -64.315328533684209, -36.624577908202284 ], [ -64.311828641298746, -36.624370678561817 ], [ -64.30948837644587, -36.62327427861365 ], [ -64.303286070716538, -36.623330259223138 ] ] ] } },
{ "type": "Feature", "properties": { "codigo_indec": "420210606" }, "geometry": { "type": "Polygon", "coordinates": [ [ [ -64.283350518070378, -36.60994375743897 ], [ -64.28342536132169, -36.613625517131219 ], [ -64.28617256054919, -36.613601998927166 ], [ -64.286141522468526, -36.612732064485435 ], [ -64.287516702814443, -36.612711294256428 ], [ -64.287470658542574, -36.611003191679835 ], [ -64.284715270955544, -36.611022117928179 ], [ -64.284691930907897, -36.609931542929488 ], [ -64.283350518070378, -36.60994375743897 ] ] ] } },
{ "type": "Feature", "properties": { "codigo_indec": "420210604" }, "geometry": { "type": "Polygon", "coordinates": [ [ [ -64.287430864542756, -36.608254495175835 ], [ -64.287516702814443, -36.612711294256428 ], [ -64.291605831447058, -36.612652871148761 ], [ -64.291474880029384, -36.608330579034089 ], [ -64.287430864542756, -36.608254495175835 ] ] ] } },
{ "type": "Feature", "properties": { "codigo_indec": "420210512" }, "geometry": { "type": "Polygon", "coordinates": [ [ [ -64.303259904119997, -36.60042579899347 ], [ -64.303286438304028, -36.606228793604309 ], [ -64.306038579247357, -36.606222904660761 ], [ -64.306145535186957, -36.604143051637259 ], [ -64.306782531198621, -36.604143095851889 ], [ -64.306858759689646, -36.600400407509078 ], [ -64.303259904119997, -36.60042579899347 ] ] ] } },
{ "type": "Feature", "properties": { "codigo_indec": "420210508" }, "geometry": { "type": "Polygon", "coordinates": [ [ [ -64.288631271700467, -36.601851940157587 ], [ -64.288678443856838, -36.605533306494415 ], [ -64.291985970585756, -36.60567988249641 ], [ -64.291925471454562, -36.601962283604138 ], [ -64.288631271700467, -36.601851940157587 ] ] ] } },
{ "type": "Feature", "properties": { "codigo_indec": "420210501" }, "geometry": { "type": "Polygon", "coordinates": [ [ [ -64.30078210941187, -36.596849448559318 ], [ -64.300814218096946, -36.598697013605388 ], [ -64.303264469298654, -36.598686880034705 ], [ -64.303259904119997, -36.60042579899347 ], [ -64.306858759689646, -36.600400407509078 ], [ -64.306909654354399, -36.6015229109248 ], [ -64.310983103709987, -36.601643797939644 ], [ -64.311660815779618, -36.597211329733781 ], [ -64.30078210941187, -36.596849448559318 ] ] ] } },
{ "type": "Feature", "properties": { "codigo_indec": "420210411" }, "geometry": { "type": "Polygon", "coordinates": [ [ [ -64.274072923864139, -36.608124799587735 ], [ -64.274142951905063, -36.613130993775144 ], [ -64.276896014953607, -36.613094259115577 ], [ -64.276834688511613, -36.610953443328157 ], [ -64.279741389939232, -36.612549715828671 ], [ -64.279702436202058, -36.611787788890332 ], [ -64.274072923864139, -36.608124799587735 ] ] ] } },
{ "type": "Feature", "properties": { "codigo_indec": "420210301" }, "geometry": { "type": "Polygon", "coordinates": [ [ [ -64.292423695229616, -36.577835394995716 ], [ -64.292437062929309, -36.581412672620658 ], [ -64.298270917143313, -36.581320420897853 ], [ -64.298276101794343, -36.584519149957934 ], [ -64.300420459798232, -36.58455425767319 ], [ -64.300295650074816, -36.577763215718392 ], [ -64.292423695229616, -36.577835394995716 ] ] ] } },
{ "type": "Feature", "properties": { "codigo_indec": "420210116" }, "geometry": { "type": "Polygon", "coordinates": [ [ [ -64.255567870725045, -36.638773716412075 ], [ -64.255502813210086, -36.641782156222284 ], [ -64.26054448080869, -36.641819859613342 ], [ -64.260598368273961, -36.63880224142612 ], [ -64.255567870725045, -36.638773716412075 ] ] ] } },
{ "type": "Feature", "properties": { "codigo_indec": "420210114" }, "geometry": { "type": "Polygon", "coordinates": [ [ [ -64.257681840689955, -36.626199431072529 ], [ -64.257688236961741, -36.629763049965128 ], [ -64.260567404504883, -36.629737554990569 ], [ -64.260579102174759, -36.640031847719655 ], [ -64.265300746310317, -36.640001602630988 ], [ -64.265078035495065, -36.626127184758587 ], [ -64.257681840689955, -36.626199431072529 ] ] ] } },
{ "type": "Feature", "properties": { "codigo_indec": "420770101" }, "geometry": { "type": "Polygon", "coordinates": [ [ [ -63.850970434827616, -37.890155462116077 ], [ -63.848126590618477, -37.891598796563997 ], [ -63.841552682114511, -37.89494641697334 ], [ -63.847939095499832, -37.899499782703259 ], [ -63.859444946234625, -37.893755459162868 ], [ -63.854095322430744, -37.890185470361089 ], [ -63.850970434827616, -37.890155462116077 ] ] ] } },
{ "type": "Feature", "properties": { "codigo_indec": "420070405" }, "geometry": { "type": "Polygon", "coordinates": [ [ [ -63.668681417084301, -37.139035292641893 ], [ -63.664636115804768, -37.139036696033287 ], [ -63.664625191185841, -37.137928426943077 ], [ -63.660571522206844, -37.137929527250201 ], [ -63.660575464889739, -37.139627718572385 ], [ -63.661818530163032, -37.139638745887567 ], [ -63.66182268487114, -37.140143307262292 ], [ -63.668695349918316, -37.140139116970069 ], [ -63.668681417084301, -37.139035292641893 ] ] ] } },
{ "type": "Feature", "properties": { "codigo_indec": "420210607" }, "geometry": { "type": "Polygon", "coordinates": [ [ [ -64.279451564986189, -36.607233998133466 ], [ -64.279489660416985, -36.61168109851242 ], [ -64.283426472721885, -36.612945260508383 ], [ -64.283311246955392, -36.608312338268817 ], [ -64.281854846139368, -36.608345404883046 ], [ -64.2818311460031, -36.60727284464739 ], [ -64.279451564986189, -36.607233998133466 ] ] ] } },
{ "type": "Feature", "properties": { "codigo_indec": "420350505" }, "geometry": { "type": "Polygon", "coordinates": [ [ [ -64.149488796492719, -35.859054247795541 ], [ -64.147669109284195, -35.862211607087886 ], [ -64.162138680022139, -35.867790978109177 ], [ -64.16395219914601, -35.864642312472697 ], [ -64.149488796492719, -35.859054247795541 ] ] ] } },
{ "type": "Feature", "properties": { "codigo_indec": "420211004" }, "geometry": { "type": "Polygon", "coordinates": [ [ [ -64.288619328299234, -36.646497436855 ], [ -64.292455537800834, -36.648859114287475 ], [ -64.294919222540869, -36.646790532694887 ], [ -64.291481614888937, -36.644101275882946 ], [ -64.288619328299234, -36.646497436855 ] ] ] } },
{ "type": "Feature", "properties": { "codigo_indec": "421330216" }, "geometry": { "type": "Polygon", "coordinates": [ [ [ -64.245987467694448, -35.044856333738565 ], [ -64.245286593802788, -35.048676429543733 ], [ -64.250327744632244, -35.048677160389587 ], [ -64.250913890746162, -35.045472721785089 ], [ -64.245987467694448, -35.044856333738565 ] ] ] } },
{ "type": "Feature", "properties": { "codigo_indec": "421330215" }, "geometry": { "type": "Polygon", "coordinates": [ [ [ -64.234786166976335, -35.041242119568395 ], [ -64.233418072878848, -35.048670865037835 ], [ -64.240111149084257, -35.048678046524287 ], [ -64.241110508169342, -35.043469911188424 ], [ -64.237826583235929, -35.043048234909136 ], [ -64.238075671583786, -35.041654945769828 ], [ -64.234786166976335, -35.041242119568395 ] ] ] } },
{ "type": "Feature", "properties": { "codigo_indec": "421051004" }, "geometry": { "type": "Polygon", "coordinates": [ [ [ -63.772891506148255, -35.66451711194658 ], [ -63.771048813991214, -35.666059863212695 ], [ -63.772895962486125, -35.667535759620023 ], [ -63.77472811996968, -35.665974764260326 ], [ -63.772891506148255, -35.66451711194658 ] ] ] } },
{ "type": "Feature", "properties": { "codigo_indec": "420770212" }, "geometry": { "type": "Polygon", "coordinates": [ [ [ -63.614851864032467, -37.973109035111598 ], [ -63.605686061660322, -37.978980204220726 ], [ -63.610744637175266, -37.984933432028505 ], [ -63.609710082979369, -37.985601466478329 ], [ -63.610326677859433, -37.98624001678327 ], [ -63.614876502228064, -37.986228834793003 ], [ -63.614851864032467, -37.973109035111598 ] ] ] } },
{ "type": "Feature", "properties": { "codigo_indec": "420490105" }, "geometry": { "type": "Polygon", "coordinates": [ [ [ -66.464326851591721, -36.425510251507902 ], [ -66.456570299044358, -36.789431452072506 ], [ -67.113059705486478, -36.802494882963231 ], [ -67.113761385999965, -36.429977254649557 ], [ -66.464326851591721, -36.425510251507902 ] ] ] } },
{ "type": "Feature", "properties": { "codigo_indec": "420140207" }, "geometry": { "type": "Polygon", "coordinates": [ [ [ -63.742977256641559, -39.053397376483446 ], [ -63.505512173274951, -39.055762265263049 ], [ -63.505509323382611, -39.14344301624098 ], [ -63.743604829123093, -39.142165209091729 ], [ -63.742977256641559, -39.053397376483446 ] ] ] } },
{ "type": "Feature", "properties": { "codigo_indec": "421470206" }, "geometry": { "type": "Polygon", "coordinates": [ [ [ -64.267528716103243, -35.493551407020696 ], [ -64.153506076453752, -35.49436510340464 ], [ -64.153903614092982, -35.57754737203998 ], [ -64.26841000429549, -35.5763950040635 ], [ -64.267528716103243, -35.493551407020696 ] ] ] } },
{ "type": "Feature", "properties": { "codigo_indec": "421400220" }, "geometry": { "type": "Polygon", "coordinates": [ [ [ -64.83028996085892, -36.435407538530441 ], [ -64.832107227358989, -36.52706778811595 ], [ -64.503284652107098, -36.530354908290491 ], [ -64.503235613944099, -36.622883810855519 ], [ -64.504288702431793, -36.801135819795483 ], [ -64.837528354630095, -36.798111531224066 ], [ -64.839374656107935, -36.889500917236809 ], [ -65.075575672945291, -36.885761542430551 ], [ -65.068930564992243, -36.566476069025747 ], [ -65.015625339521179, -36.567385979789229 ], [ -65.012132155373806, -36.432482131849426 ], [ -64.83028996085892, -36.435407538530441 ] ] ] } },
{ "type": "Feature", "properties": { "codigo_indec": "421260506" }, "geometry": { "type": "Polygon", "coordinates": [ [ [ -64.596136674504706, -35.535669850959934 ], [ -64.488021164353484, -35.536818397770858 ], [ -64.48910381003617, -35.628451900118904 ], [ -64.597630535611287, -35.626781414595214 ], [ -64.596136674504706, -35.535669850959934 ] ], [ [ -64.563487219769883, -35.588812501919357 ], [ -64.563474973594623, -35.599068041892494 ], [ -64.55750001125665, -35.599064247279998 ], [ -64.557513944009472, -35.600132337354516 ], [ -64.556397278913153, -35.60010093927972 ], [ -64.556399342332725, -35.599064582931639 ], [ -64.55261737224204, -35.599064270844323 ], [ -64.552625164136884, -35.588826718412683 ], [ -64.563487219769883, -35.588812501919357 ] ] ] } },
{ "type": "Feature", "properties": { "codigo_indec": "421260503" }, "geometry": { "type": "Polygon", "coordinates": [ [ [ -64.705898213803508, -35.48941641283551 ], [ -64.711181579593188, -35.803050082112534 ], [ -64.878927423332485, -35.801144712782701 ], [ -64.869103283229208, -35.487622789150997 ], [ -64.705898213803508, -35.48941641283551 ] ], [ [ -64.769831044106155, -35.650265439288574 ], [ -64.765795337592692, -35.648651518434662 ], [ -64.765825925469301, -35.646304156151757 ], [ -64.761919305431647, -35.644750009109572 ], [ -64.762753113580786, -35.643303109050855 ], [ -64.765834048979485, -35.644519824990105 ], [ -64.765839929726795, -35.643240153394864 ], [ -64.772411270122589, -35.645803695379044 ], [ -64.771795978088292, -35.646869873570068 ], [ -64.77396903976863, -35.647725644833365 ], [ -64.773338713202577, -35.64887278735317 ], [ -64.771138167056606, -35.648007711978117 ], [ -64.769831044106155, -35.650265439288574 ] ] ] } },
{ "type": "Feature", "properties": { "codigo_indec": "421260304" }, "geometry": { "type": "Polygon", "coordinates": [ [ [ -64.484004752941459, -35.358783001014082 ], [ -64.485241546394178, -35.447658693413388 ], [ -64.486670254490079, -35.490294831992138 ], [ -64.595402144953908, -35.490505765731761 ], [ -64.593249149237764, -35.358103471094928 ], [ -64.484004752941459, -35.358783001014082 ] ] ] } },
{ "type": "Feature", "properties": { "codigo_indec": "421260302" }, "geometry": { "type": "Polygon", "coordinates": [ [ [ -64.704285597906704, -35.30667565444471 ], [ -64.705292084069512, -35.354570236476661 ], [ -64.705898213803508, -35.48941641283551 ], [ -64.869103283229208, -35.487622789150997 ], [ -64.864906692704068, -35.352502196499479 ], [ -65.042747407685951, -35.35159466813456 ], [ -65.041738749132861, -35.301447764236009 ], [ -64.704285597906704, -35.30667565444471 ] ] ] } },
{ "type": "Feature", "properties": { "codigo_indec": "421330209" }, "geometry": { "type": "Polygon", "coordinates": [ [ [ -64.149899820598392, -35.089345488841708 ], [ -64.151764998449664, -35.13881413179201 ], [ -64.200343241020235, -35.138500118304655 ], [ -64.200812841724726, -35.179327349449977 ], [ -64.264218958557151, -35.178680260358256 ], [ -64.263352584103814, -35.088901562722555 ], [ -64.149899820598392, -35.089345488841708 ] ] ] } },
{ "type": "Feature", "properties": { "codigo_indec": "421260105" }, "geometry": { "type": "Polygon", "coordinates": [ [ [ -64.873274165471486, -35.138006307623989 ], [ -65.103284485270123, -35.134230372626035 ], [ -65.102306749717883, -35.015472322364111 ], [ -64.872094923138633, -35.013713374795394 ], [ -64.873274165471486, -35.138006307623989 ] ], [ [ -64.952805061488988, -35.047551400235946 ], [ -64.952782629028249, -35.04930878948494 ], [ -64.952314704519026, -35.049259682903951 ], [ -64.95226710860463, -35.05298624708005 ], [ -64.947842770676928, -35.052902885600737 ], [ -64.947728332311371, -35.049648114541696 ], [ -64.944239501867827, -35.049703426500997 ], [ -64.944315795734894, -35.047820323997172 ], [ -64.952805061488988, -35.047551400235946 ] ] ] } },
{ "type": "Feature", "properties": { "codigo_indec": "421190403" }, "geometry": { "type": "Polygon", "coordinates": [ [ [ -63.497096000974892, -36.128381544704347 ], [ -63.497448473911966, -36.264692429878963 ], [ -63.667525598374148, -36.265068826965162 ], [ -63.667148016879423, -36.128824837896587 ], [ -63.497096000974892, -36.128381544704347 ] ], [ [ -63.51426323593499, -36.161614974321822 ], [ -63.504743909785311, -36.1586509507584 ], [ -63.505690065127354, -36.15666606478522 ], [ -63.50321793903337, -36.15588474600478 ], [ -63.505216678724437, -36.151709988335519 ], [ -63.503957097295782, -36.151318841054589 ], [ -63.504900254902282, -36.149338400340078 ], [ -63.508634839962191, -36.15050184323443 ], [ -63.509535883464594, -36.148619591258509 ], [ -63.519050878298714, -36.151601147392064 ], [ -63.51426323593499, -36.161614974321822 ] ] ] } },
{ "type": "Feature", "properties": { "codigo_indec": "421190306" }, "geometry": { "type": "Polygon", "coordinates": [ [ [ -63.831458757979313, -36.081483717988597 ], [ -63.723717737622991, -36.081899547950215 ], [ -63.723992764335932, -36.12891889395172 ], [ -63.667148016879423, -36.128824837896587 ], [ -63.667280375602587, -36.175813623498534 ], [ -63.832124320171872, -36.17455272061531 ], [ -63.831458757979313, -36.081483717988597 ] ] ] } },
{ "type": "Feature", "properties": { "codigo_indec": "421190103" }, "geometry": { "type": "Polygon", "coordinates": [ [ [ -63.884099588919504, -35.904212256824458 ], [ -63.782484266740859, -35.904864861931664 ], [ -63.783348704866661, -35.992474479134309 ], [ -63.936131587912989, -35.992250502832967 ], [ -63.93588157104567, -35.954073002763273 ], [ -63.884660242818903, -35.95446477344251 ], [ -63.884099588919504, -35.904212256824458 ] ] ] } },
{ "type": "Feature", "properties": { "codigo_indec": "420980202" }, "geometry": { "type": "Polygon", "coordinates": [ [ [ -65.062543083759039, -36.250586798515322 ], [ -65.066262348512794, -36.431557069221824 ], [ -65.175081656559982, -36.430074186922624 ], [ -65.167085579333403, -36.001804163905483 ], [ -65.137822781936464, -36.002029972176679 ], [ -65.136736777385153, -35.977775284483968 ], [ -65.053797394191832, -35.978713442734616 ], [ -65.062543083759039, -36.250586798515322 ] ], [ [ -65.089875589956023, -36.207465382708868 ], [ -65.089823917772861, -36.198002720134006 ], [ -65.103410177497452, -36.198037680507042 ], [ -65.103465312592917, -36.201002942944442 ], [ -65.102242245436997, -36.201002786463583 ], [ -65.102235735447707, -36.20741455688183 ], [ -65.089875589956023, -36.207465382708868 ] ] ] } },
{ "type": "Feature", "properties": { "codigo_indec": "420840205" }, "geometry": { "type": "Polygon", "coordinates": [ [ [ -65.114062979608434, -38.778418161199035 ], [ -65.114803685198865, -38.807622685006159 ], [ -65.120740683257381, -38.800173004807888 ], [ -65.124302712757526, -38.798348645708892 ], [ -65.127041954297809, -38.798378151167014 ], [ -65.129297535030133, -38.797241977899901 ], [ -65.131014038222304, -38.798074469932835 ], [ -65.138634496285476, -38.804985861640702 ], [ -65.141862767808092, -38.806495909661969 ], [ -65.143673341941835, -38.80647316263574 ], [ -65.146192746331351, -38.803487487221545 ], [ -65.149684536281114, -38.801963602679159 ], [ -65.154806047267783, -38.797186067028008 ], [ -65.155974631061653, -38.792042019368097 ], [ -65.156984081859619, -38.790378347790906 ], [ -65.15945784832283, -38.788977429497074 ], [ -65.164498964381792, -38.787500260261183 ], [ -65.169149199860442, -38.788695432800154 ], [ -65.170719761320001, -38.7894812665213 ], [ -65.171482463387576, -38.790707243574303 ], [ -65.170998196198326, -38.792023461930441 ], [ -65.169036707395904, -38.79392370116031 ], [ -65.161757555922676, -38.796042602877264 ], [ -65.16094074062373, -38.796987069212449 ], [ -65.161237567662681, -38.798178237360915 ], [ -65.168645205535185, -38.80681566166934 ], [ -65.172189194957127, -38.809209888869397 ], [ -65.173649196071864, -38.809143657702919 ], [ -65.175360970158636, -38.807709992900463 ], [ -65.178893609824073, -38.800334920335835 ], [ -65.181540808861783, -38.797853811305764 ], [ -65.185543630746849, -38.796850380396599 ], [ -65.193504537370742, -38.800315078781054 ], [ -65.194384118395448, -38.801429114411356 ], [ -65.193466137695324, -38.803210842524237 ], [ -65.190916252866487, -38.806012673277408 ], [ -65.186941343979768, -38.809079277627049 ], [ -65.185427589860993, -38.811086491705829 ], [ -65.185090219954233, -38.812656008204947 ], [ -65.185991348665766, -38.815418690286471 ], [ -65.188246405403902, -38.818605140394226 ], [ -65.188356661743754, -38.819542721489164 ], [ -65.193078756387564, -38.825047692163444 ], [ -65.194313455651951, -38.825330952988772 ], [ -65.195707977734472, -38.824971241337323 ], [ -65.198113377350921, -38.823289800695086 ], [ -65.20491300923463, -38.819922304909838 ], [ -65.208097663866937, -38.819840345361996 ], [ -65.210756599352905, -38.82279039202664 ], [ -65.214801039317933, -38.82621360201238 ], [ -65.216104104031459, -38.825785473016005 ], [ -65.217615163005149, -38.823449059929366 ], [ -65.225608794411087, -38.819791087116265 ], [ -65.234639803762448, -38.818909279855944 ], [ -65.238297693207542, -38.818982729569029 ], [ -65.242603419469759, -38.818227039220837 ], [ -65.247164996173154, -38.818315074183005 ], [ -65.249348903964915, -38.818950669612278 ], [ -65.252451854999578, -38.821168484980639 ], [ -65.254183336852776, -38.821310165715538 ], [ -65.263131614249005, -38.815592903226054 ], [ -65.264000113831685, -38.813152738674368 ], [ -65.267084638418723, -38.811852474462441 ], [ -65.27522528041996, -38.812340140971259 ], [ -65.282681607610655, -38.814201247936289 ], [ -65.293656859072854, -38.819744913489671 ], [ -65.318396896442323, -38.826566718894533 ], [ -65.323878936360657, -38.828936121444222 ], [ -65.324734360661097, -38.830116597796057 ], [ -65.327569673583781, -38.831092292149862 ], [ -65.336945325728607, -38.838392722386153 ], [ -65.339343696352444, -38.8393431303856 ], [ -65.337748808258965, -38.774958995008532 ], [ -65.114062979608434, -38.778418161199035 ] ] ] } },
{ "type": "Feature", "properties": { "codigo_indec": "420350305" }, "geometry": { "type": "Polygon", "coordinates": [ [ [ -64.325891370734155, -35.90087769389234 ], [ -64.327385169818228, -35.990181639344804 ], [ -64.384341626276807, -35.989664786607044 ], [ -64.380768213179124, -35.900346233128076 ], [ -64.325891370734155, -35.90087769389234 ] ] ] } },
{ "type": "Feature", "properties": { "codigo_indec": "420350105" }, "geometry": { "type": "Polygon", "coordinates": [ [ [ -64.993349081581997, -36.071327599950635 ], [ -64.935604946125267, -36.072558941631144 ], [ -64.822006449887922, -36.0734337102895 ], [ -64.818791215645362, -35.982145077384807 ], [ -64.714295768094701, -35.985391769601456 ], [ -64.718971306071396, -36.25598392153929 ], [ -64.826730340994487, -36.254399668895147 ], [ -64.822937911936009, -36.162044666808889 ], [ -64.940012855489769, -36.161106290508165 ], [ -64.996246092895433, -36.159698469316503 ], [ -64.993349081581997, -36.071327599950635 ] ], [ [ -64.943128112725262, -36.14303395397814 ], [ -64.938208303776264, -36.141845954880601 ], [ -64.938975652597605, -36.139315976075125 ], [ -64.943288728490316, -36.141620541878616 ], [ -64.943128112725262, -36.14303395397814 ] ] ] } },
{ "type": "Feature", "properties": { "codigo_indec": "420350104" }, "geometry": { "type": "Polygon", "coordinates": [ [ [ -64.930352689189306, -35.800464232310659 ], [ -64.711181579593188, -35.803050082112534 ], [ -64.714295768094701, -35.985391769601456 ], [ -64.818791215645362, -35.982145077384807 ], [ -64.822006449887922, -36.0734337102895 ], [ -64.935604946125267, -36.072558941631144 ], [ -64.993349081581997, -36.071327599950635 ], [ -64.987534799835558, -35.893221011411796 ], [ -64.929946626358074, -35.894762908364726 ], [ -64.930352689189306, -35.800464232310659 ] ], [ [ -64.840103492469538, -36.047697156864224 ], [ -64.838149171782248, -36.046461653349375 ], [ -64.837312237706726, -36.047345696540674 ], [ -64.82881488116459, -36.041910039334354 ], [ -64.831768361294934, -36.038775750766177 ], [ -64.830949445929235, -36.038254101597367 ], [ -64.831208806106147, -36.036846299434075 ], [ -64.839697873177158, -36.042254672666353 ], [ -64.839012226572862, -36.043419555647191 ], [ -64.841033915270287, -36.044597120411552 ], [ -64.839895679880613, -36.045789172641868 ], [ -64.841261698449998, -36.046658495097724 ], [ -64.840103492469538, -36.047697156864224 ] ] ] } },
{ "type": "Feature", "properties": { "codigo_indec": "420280104" }, "geometry": { "type": "Polygon", "coordinates": [ [ [ -63.779715760844269, -36.357024165573343 ], [ -63.725352084440416, -36.356762440493725 ], [ -63.725896221382314, -36.447233841069639 ], [ -63.664284103382279, -36.447593205111694 ], [ -63.663798684892392, -36.626486420199306 ], [ -63.726991777373875, -36.627096743740303 ], [ -63.727276896955345, -36.673964060796841 ], [ -63.782898168746897, -36.673436448771049 ], [ -63.779715760844269, -36.357024165573343 ] ], [ [ -63.748471659522174, -36.50644037078898 ], [ -63.747828234357435, -36.507847219013073 ], [ -63.747713389908988, -36.511809237335463 ], [ -63.739681203846537, -36.511873465791929 ], [ -63.73964469350539, -36.505647206421678 ], [ -63.735421098830308, -36.504481421642211 ], [ -63.736170438324784, -36.502797359096469 ], [ -63.748471659522174, -36.50644037078898 ] ] ] } },
{ "type": "Feature", "properties": { "codigo_indec": "420140103" }, "geometry": { "type": "Polygon", "coordinates": [ [ [ -63.615720797048503, -38.25057242532403 ], [ -63.387048117173919, -38.250361865433014 ], [ -63.386422566201006, -38.61112958745175 ], [ -63.617586270633609, -38.610676980465279 ], [ -63.615720797048503, -38.25057242532403 ] ] ] } },
{ "type": "Feature", "properties": { "codigo_indec": "420070507" }, "geometry": { "type": "Polygon", "coordinates": [ [ [ -63.500000971807829, -37.21655267505799 ], [ -63.385563348696891, -37.216980991560789 ], [ -63.385716149693046, -37.257956937818072 ], [ -63.500116362829495, -37.257812425943719 ], [ -63.500000971807829, -37.21655267505799 ] ] ] } },
{ "type": "Feature", "properties": { "codigo_indec": "420840102" }, "geometry": { "type": "Polygon", "coordinates": [ [ [ -65.656306682600601, -37.697019666417638 ], [ -65.087359142835027, -37.703056793378963 ], [ -64.527630617100812, -37.706309765930783 ], [ -64.530189062833969, -38.153748318679085 ], [ -64.527737702669128, -38.237143360763845 ], [ -64.531912599025986, -38.424568580436855 ], [ -64.532536974024126, -38.517389253247387 ], [ -65.107177667393429, -38.509821989957963 ], [ -65.102475863802411, -38.321596051053405 ], [ -65.326335089568815, -38.31682099860577 ], [ -65.316045324625051, -37.882501245685411 ], [ -65.661610532119525, -37.876866269344461 ], [ -65.656306682600601, -37.697019666417638 ] ], [ [ -64.64778030069165, -38.31855451087344 ], [ -64.647905825017759, -38.329338787153191 ], [ -64.644321440368657, -38.329297402289264 ], [ -64.64419932867456, -38.332935302343849 ], [ -64.646507664244339, -38.334416793508773 ], [ -64.645610742812693, -38.335906301059907 ], [ -64.644169031598835, -38.334560931018039 ], [ -64.644208337195153, -38.341195915870614 ], [ -64.637036402981451, -38.341067724706072 ], [ -64.637009039753124, -38.319330637433673 ], [ -64.644397715513591, -38.31937123917124 ], [ -64.644412056839272, -38.318601202522771 ], [ -64.64778030069165, -38.31855451087344 ] ] ] } },
{ "type": "Feature", "properties": { "codigo_indec": "420770405" }, "geometry": { "type": "Polygon", "coordinates": [ [ [ -63.502458862787321, -38.069763984233923 ], [ -63.502734549656033, -38.161457233560498 ], [ -63.557986182588827, -38.161268721010131 ], [ -63.558202410050356, -38.069918178417637 ], [ -63.502458862787321, -38.069763984233923 ] ] ] } },
{ "type": "Feature", "properties": { "codigo_indec": "420770205" }, "geometry": { "type": "Polygon", "coordinates": [ [ [ -63.613441852529839, -37.799838579120248 ], [ -63.501662661894692, -37.799825734784449 ], [ -63.500102410390355, -37.89387482562028 ], [ -63.61149143511674, -37.895153241738676 ], [ -63.613441852529839, -37.799838579120248 ] ] ] } },
{ "type": "Feature", "properties": { "codigo_indec": "420420306" }, "geometry": { "type": "Polygon", "coordinates": [ [ [ -66.29839170767471, -38.68872416031185 ], [ -66.069441926777984, -38.683048694247844 ], [ -66.067484601373209, -38.755678334637452 ], [ -66.070567059313845, -38.754955864001673 ], [ -66.071963910915684, -38.754045191148819 ], [ -66.071570437466306, -38.75170782210278 ], [ -66.075246079866531, -38.749160715101794 ], [ -66.074735539188922, -38.744945232032087 ], [ -66.077781310836116, -38.740056324206776 ], [ -66.076392751912749, -38.737629542087753 ], [ -66.076119255048042, -38.734602979019861 ], [ -66.078454482647174, -38.732457492427642 ], [ -66.082173583894232, -38.731274867841265 ], [ -66.083800906363422, -38.731282720883421 ], [ -66.091114729569185, -38.73318247639552 ], [ -66.092214474876826, -38.734289618048948 ], [ -66.094015271874994, -38.734977308035319 ], [ -66.102152621259052, -38.733213889557391 ], [ -66.108826078430596, -38.735203175483697 ], [ -66.111212059155989, -38.734885644535268 ], [ -66.112134083348181, -38.736127889605157 ], [ -66.114570276670619, -38.736634488329628 ], [ -66.114378596330027, -38.740845987493458 ], [ -66.1130352453402, -38.742356159004181 ], [ -66.103325473846184, -38.7450315556178 ], [ -66.102217158196396, -38.746217100799235 ], [ -66.102440492693518, -38.747550110178629 ], [ -66.103600680414388, -38.748418373152852 ], [ -66.107436876161643, -38.748338341145526 ], [ -66.112041356437132, -38.744870388396556 ], [ -66.115062734102466, -38.744286428249445 ], [ -66.122386450814119, -38.743981721443227 ], [ -66.121931095766811, -38.741698632269987 ], [ -66.12060011893935, -38.740222676492614 ], [ -66.122283751024028, -38.739405689858899 ], [ -66.128505240264346, -38.738872039662155 ], [ -66.129369935250182, -38.740019625175172 ], [ -66.129538941135607, -38.741253554415053 ], [ -66.131165710739424, -38.742404783277905 ], [ -66.135995115444175, -38.74159753980998 ], [ -66.138960101223304, -38.740278863410246 ], [ -66.139371489412923, -38.738900126780372 ], [ -66.133979989494364, -38.735771592672435 ], [ -66.134628130497902, -38.733347653628243 ], [ -66.140667600115336, -38.732678443074825 ], [ -66.147406033379767, -38.733611493708217 ], [ -66.148798871266322, -38.734208771716922 ], [ -66.155191040597529, -38.733128490401207 ], [ -66.164941628406339, -38.735993245948102 ], [ -66.16621824200007, -38.737225554623116 ], [ -66.167605373414133, -38.74020527127098 ], [ -66.172710894070562, -38.742049013557782 ], [ -66.173636070588429, -38.744115011403473 ], [ -66.176997249119012, -38.746271923556279 ], [ -66.179144957962009, -38.74609299328678 ], [ -66.180427762680395, -38.745046076527217 ], [ -66.178987435517584, -38.741742303357391 ], [ -66.176902768654926, -38.739448399736403 ], [ -66.176499935978129, -38.738169851701464 ], [ -66.179639537433246, -38.73574638121385 ], [ -66.181225916624527, -38.735437655655083 ], [ -66.186439520269985, -38.735717718276334 ], [ -66.194214272341497, -38.738893945102724 ], [ -66.201539756778558, -38.737489787190775 ], [ -66.203517123384529, -38.736166667991739 ], [ -66.208106386559052, -38.736262182373842 ], [ -66.214957750189924, -38.738015381913016 ], [ -66.220066286252035, -38.738622934801811 ], [ -66.234481104412794, -38.737874259632434 ], [ -66.242736282264005, -38.735321618299892 ], [ -66.251392500120204, -38.734974527524926 ], [ -66.25731364232665, -38.738456803330109 ], [ -66.258065625104024, -38.740472968136082 ], [ -66.257944711274959, -38.742031641990003 ], [ -66.263984875064111, -38.743229751643561 ], [ -66.272296702742835, -38.741323483217684 ], [ -66.278218008394745, -38.74371020688757 ], [ -66.284078914480489, -38.749623454298366 ], [ -66.290701192973941, -38.752976206978531 ], [ -66.295753540317875, -38.752796882876758 ], [ -66.29552488066787, -38.748955501503026 ], [ -66.293204149596477, -38.746155317026187 ], [ -66.295763567907031, -38.742680742534382 ], [ -66.297215767449316, -38.741996945956892 ], [ -66.29839170767471, -38.68872416031185 ] ] ] } },
{ "type": "Feature", "properties": { "codigo_indec": "420350704" }, "geometry": { "type": "Polygon", "coordinates": [ [ [ -64.051370602281509, -36.129752403336731 ], [ -63.993589767284242, -36.130248818797789 ], [ -63.994627559400932, -36.212355370511276 ], [ -63.937595950068271, -36.212818354890672 ], [ -63.937963903724111, -36.265164980384306 ], [ -64.052589603143474, -36.26414511719517 ], [ -64.051370602281509, -36.129752403336731 ] ], [ [ -64.033680809609791, -36.2141930304591 ], [ -64.024415080100823, -36.209580229231854 ], [ -64.028246009340052, -36.204570575769047 ], [ -64.037451399262466, -36.209137036220966 ], [ -64.036085255112127, -36.21097076156255 ], [ -64.038454899334951, -36.21214044536076 ], [ -64.037575297966768, -36.213301877718401 ], [ -64.035222530037601, -36.212123443132889 ], [ -64.033680809609791, -36.2141930304591 ] ] ] } },
{ "type": "Feature", "properties": { "codigo_indec": "420770207" }, "geometry": { "type": "Polygon", "coordinates": [ [ [ -63.7356067449794, -37.97969436011735 ], [ -63.61483627701616, -37.979652608812323 ], [ -63.614876502228064, -37.986228834793003 ], [ -63.608647807853785, -37.986246409089254 ], [ -63.608624319024152, -37.989159823446592 ], [ -63.602239298262823, -37.989164866639548 ], [ -63.602246942936951, -37.984386604486296 ], [ -63.598600764422869, -37.986703636439344 ], [ -63.592612717922819, -37.980577742153962 ], [ -63.592606651585939, -37.979631843175348 ], [ -63.502188819197805, -37.979497347354155 ], [ -63.502458862787321, -38.069763984233923 ], [ -63.73621257475142, -38.070231858910283 ], [ -63.7356067449794, -37.97969436011735 ] ] ] } },
{ "type": "Feature", "properties": { "codigo_indec": "420770206" }, "geometry": { "type": "Polygon", "coordinates": [ [ [ -63.61149143511674, -37.895153241738676 ], [ -63.500102410390355, -37.89387482562028 ], [ -63.502188819197805, -37.979497347354155 ], [ -63.592606651585939, -37.979631843175348 ], [ -63.592603568674093, -37.979203929519556 ], [ -63.597636937255601, -37.976041717465833 ], [ -63.592562278282585, -37.970718127286133 ], [ -63.609584700075473, -37.970705167179645 ], [ -63.613024651000991, -37.974278945159213 ], [ -63.614851864032467, -37.973109035111598 ], [ -63.61483627701616, -37.979652608812323 ], [ -63.666803925706446, -37.979686645390409 ], [ -63.666029725670334, -37.894054508021938 ], [ -63.61149143511674, -37.895153241738676 ] ] ] } }
]
}
