{
"type": "FeatureCollection",
"name": "74",
"crs": { "type": "name", "properties": { "name": "urn:ogc:def:crs:OGC:1.3:CRS84" } },
"features": [
{ "type": "Feature", "properties": { "codigo_indec": "740561902" }, "geometry": { "type": "Polygon", "coordinates": [ [ [ -66.222885919053439, -33.862108656805447 ], [ -66.22189344909205, -33.860699523244612 ], [ -66.221399991004731, -33.842218625677027 ], [ -66.218479128912549, -33.834398360599707 ], [ -66.215803290159769, -33.832523334134535 ], [ -66.21266755553772, -33.83137930124321 ], [ -66.201995914698784, -33.829801493333605 ], [ -66.196180654969751, -33.829508861110057 ], [ -66.192462190194689, -33.829677000393879 ], [ -66.189715407137498, -33.830817215124561 ], [ -66.181146325788632, -33.836090668018741 ], [ -66.177429965939723, -33.836123118270145 ], [ -66.1704835087357, -33.833522919449585 ], [ -66.166604419148854, -33.833149568718667 ], [ -66.159813913111222, -33.837129902182859 ], [ -66.153558857547324, -33.841821421502381 ], [ -66.149140671256092, -33.843819277450763 ], [ -66.143818710445046, -33.843388347047387 ], [ -66.141164999951556, -33.841011313101184 ], [ -66.138049554640361, -33.831904634947534 ], [ -66.127754910312674, -33.825086446750305 ], [ -66.121325795194224, -33.821892414072671 ], [ -66.118676023781546, -33.813614188941536 ], [ -66.115971995009332, -33.810767837373902 ], [ -66.081141378313134, -33.791443679804495 ], [ -66.04474271631949, -34.098896132636938 ], [ -66.046579419089454, -34.13816989638616 ], [ -66.093982718375486, -34.140536273140505 ], [ -66.107933436750315, -34.142314299148673 ], [ -66.117538911516064, -34.149499522114127 ], [ -66.123319610885318, -34.15219837641834 ], [ -66.128718982192936, -34.158836944549336 ], [ -66.136526080466396, -34.173405860046948 ], [ -66.1352001440994, -34.180227208342139 ], [ -66.13677929659822, -34.189172877309474 ], [ -66.137513839828387, -34.213963324919156 ], [ -66.142285608099002, -34.226750136784261 ], [ -66.148655372135153, -34.233864401630363 ], [ -66.148882714150815, -34.245858515153877 ], [ -66.149914465052845, -34.25377236993203 ], [ -66.151014647607838, -34.272526548508637 ], [ -66.153946463456492, -34.278409627727953 ], [ -66.154306315275235, -34.288131727572761 ], [ -66.16281842605045, -34.304883850639428 ], [ -66.165371640523389, -34.314760698689305 ], [ -66.170899768446574, -34.341955314350237 ], [ -66.195803597057306, -34.337180748261304 ], [ -66.202384773931229, -34.32513979084105 ], [ -66.242573990674416, -34.315420934994933 ], [ -66.27508537195267, -34.308496467334294 ], [ -66.286643792553647, -34.300347610276617 ], [ -66.300709228632229, -34.296834170108596 ], [ -66.299315638269704, -34.28213888340823 ], [ -66.300578028721404, -34.280580731279528 ], [ -66.296759474614504, -34.269411607004713 ], [ -66.283834391449503, -34.22396651195254 ], [ -66.256523341015949, -34.120921831241681 ], [ -66.253878168992827, -34.101774713765671 ], [ -66.261126031968686, -34.098405892661539 ], [ -66.266444464689059, -34.09504084311466 ], [ -66.263990726738285, -34.076934702650497 ], [ -66.264033534999783, -34.072399981609188 ], [ -66.265324452286961, -34.063400055024161 ], [ -66.260062195136683, -34.059701552182062 ], [ -66.255998463934588, -34.052799934843989 ], [ -66.2526545665729, -34.048290234983064 ], [ -66.256886436647108, -34.041970816363452 ], [ -66.257797823075677, -34.035374274148182 ], [ -66.260923137733087, -34.030467904805754 ], [ -66.262300896150592, -34.025150491845622 ], [ -66.235856237898801, -34.029562923384027 ], [ -66.205379369505295, -34.037961207255172 ], [ -66.203785448490379, -34.032577253753843 ], [ -66.202861241818695, -34.018469909483052 ], [ -66.204378185474212, -34.003163968358244 ], [ -66.202232140770349, -33.98144063531636 ], [ -66.202221456831595, -33.972357712538425 ], [ -66.199701050211146, -33.963454673142003 ], [ -66.198084264819045, -33.954441933164645 ], [ -66.197589965419709, -33.945359746401429 ], [ -66.198282912024723, -33.936302684049103 ], [ -66.197853596323, -33.92722036675832 ], [ -66.197283486150624, -33.922695549338208 ], [ -66.194354563203476, -33.909199620469664 ], [ -66.194398383937255, -33.904687328853342 ], [ -66.198049411650175, -33.891482906395787 ], [ -66.201553512346862, -33.88292155534004 ], [ -66.204043833678384, -33.878986713845144 ], [ -66.218155330192488, -33.865335649251186 ], [ -66.222885919053439, -33.862108656805447 ] ] ] } },
{ "type": "Feature", "properties": { "codigo_indec": "740561802" }, "geometry": { "type": "Polygon", "coordinates": [ [ [ -66.569146057623612, -33.762340445800163 ], [ -66.530979909717658, -33.763524774648154 ], [ -66.524498774760104, -33.764548699610991 ], [ -66.518597089109491, -33.76726476798715 ], [ -66.459530199814083, -33.80204177075079 ], [ -66.454553352518886, -33.80438169845678 ], [ -66.45139705337597, -33.804866601712938 ], [ -66.446745043361986, -33.803806185224609 ], [ -66.440454282383641, -33.799568982341718 ], [ -66.426210830309643, -33.78872826641129 ], [ -66.421586996853478, -33.786566901170268 ], [ -66.417974499679559, -33.786398880361574 ], [ -66.414497754193874, -33.786951540561489 ], [ -66.411604821841948, -33.789363864457918 ], [ -66.411283777784519, -33.79335430671231 ], [ -66.415192308708626, -33.806693193359266 ], [ -66.420739681889259, -33.830750250600616 ], [ -66.420356378687671, -33.836859534317931 ], [ -66.417543707264883, -33.838311564524965 ], [ -66.410079757313511, -33.840311000303174 ], [ -66.404193304261923, -33.844121438096536 ], [ -66.431890255159303, -33.948596769702583 ], [ -66.436922198101129, -33.970098470378908 ], [ -66.43808586460672, -34.004992294266856 ], [ -66.44532509878735, -34.059422390966382 ], [ -66.446316649703704, -34.063124008903145 ], [ -66.478972471128898, -34.064961873984387 ], [ -66.494177670086401, -34.063427710565755 ], [ -66.503325955920687, -34.058472854875241 ], [ -66.508409724127205, -34.063184854881612 ], [ -66.512228223961941, -34.067712601480849 ], [ -66.513457447917361, -34.070357904359845 ], [ -66.516267077311383, -34.071441464921371 ], [ -66.518180395585674, -34.073871988218322 ], [ -66.520661338166022, -34.074325777884198 ], [ -66.525324241866812, -34.076365874819757 ], [ -66.527463262821257, -34.078880927685667 ], [ -66.530433472797384, -34.076105028356523 ], [ -66.533955936345038, -34.074183089183613 ], [ -66.536666016563316, -34.071016013881895 ], [ -66.538177825483132, -34.070252137742486 ], [ -66.540148582761759, -34.070117280976817 ], [ -66.543049210399019, -34.068008496849878 ], [ -66.544845132959708, -34.069339284501233 ], [ -66.547277588116287, -34.068990412012802 ], [ -66.550286815108564, -34.066538401948314 ], [ -66.55346000602637, -34.064757201902978 ], [ -66.563992283222561, -34.066066088047457 ], [ -66.567595631188055, -34.058580526776751 ], [ -66.574812002006652, -34.054147642671261 ], [ -66.705430071976451, -34.050217552566565 ], [ -66.703064951741183, -34.049392708592634 ], [ -66.699128575482746, -34.046805319094979 ], [ -66.698618425174601, -34.043364491415538 ], [ -66.702931633446681, -34.040455106959492 ], [ -66.702266634413462, -34.037619182099334 ], [ -66.700477615253064, -34.035366621225613 ], [ -66.700744951000374, -34.032980628129984 ], [ -66.702437729634482, -34.032430068681855 ], [ -66.702473340179608, -34.030838715795781 ], [ -66.704448059432337, -34.030345115403044 ], [ -66.70451631258004, -34.029105160173494 ], [ -66.705620832614429, -34.029116856986995 ], [ -66.705604627279769, -34.026178055247883 ], [ -66.707080734759259, -34.024979594271421 ], [ -66.706899440748984, -34.022375295987757 ], [ -66.699430672668797, -34.01994788378807 ], [ -66.698270934701185, -34.018466993835915 ], [ -66.696140524422134, -34.013453187531269 ], [ -66.694234292387861, -34.011678983309253 ], [ -66.692926387393314, -34.009590359980962 ], [ -66.691158061706417, -34.011457409574689 ], [ -66.689835858050586, -34.010937452026944 ], [ -66.688172956782466, -34.007768960939032 ], [ -66.686650132048243, -34.002823695693735 ], [ -66.684996211009718, -34.001413043909338 ], [ -66.682082981931373, -34.000883819996972 ], [ -66.679995672501633, -33.999065316135564 ], [ -66.680507416988945, -33.997408220042871 ], [ -66.679282114405254, -33.996788444044398 ], [ -66.676248968749007, -33.996809662259949 ], [ -66.672775717249621, -33.995922689921976 ], [ -66.671496291116227, -33.99460446249747 ], [ -66.668547316820877, -33.989125824324567 ], [ -66.666046327638881, -33.987268755667763 ], [ -66.661833154823071, -33.985452409481034 ], [ -66.665647948386422, -33.980937799680106 ], [ -66.666786269324646, -33.977735779284053 ], [ -66.66988178196921, -33.975059508165607 ], [ -66.67097765880186, -33.970960674061168 ], [ -66.669142599439937, -33.963578260636467 ], [ -66.665721783713465, -33.960905792572206 ], [ -66.665315608468035, -33.959109468153876 ], [ -66.666600410875887, -33.955996799716793 ], [ -66.673891909257364, -33.952206796972327 ], [ -66.676653279732122, -33.950167748794286 ], [ -66.678026778311121, -33.948077692235536 ], [ -66.677487191663616, -33.946191988773954 ], [ -66.675259230704498, -33.945897714241333 ], [ -66.675145048427098, -33.944451408004603 ], [ -66.654063453529375, -33.938885654429534 ], [ -66.634013126625845, -33.915947660997588 ], [ -66.588111411588912, -33.855876575129017 ], [ -66.582632544058541, -33.839120504405642 ], [ -66.578744813979839, -33.832949758150981 ], [ -66.583215393426428, -33.830688372344923 ], [ -66.580896903735464, -33.804532110787768 ], [ -66.576997462334248, -33.799979590390251 ], [ -66.573504350188799, -33.797597773253322 ], [ -66.571974015320095, -33.793998702027181 ], [ -66.574341441128865, -33.787117934338163 ], [ -66.574360129375961, -33.784661136591907 ], [ -66.571577859431756, -33.780693730997243 ], [ -66.570030067927547, -33.77521497924068 ], [ -66.569099466326719, -33.768764193657333 ], [ -66.569146057623612, -33.762340445800163 ] ] ] } },
{ "type": "Feature", "properties": { "codigo_indec": "740561401" }, "geometry": { "type": "Polygon", "coordinates": [ [ [ -66.334267755511377, -33.296679195089439 ], [ -66.333429987627824, -33.299417885586244 ], [ -66.334434271399232, -33.299518874197872 ], [ -66.334223163474377, -33.300470659011786 ], [ -66.335386295457226, -33.300692932232643 ], [ -66.336123235182328, -33.296872548805361 ], [ -66.334267755511377, -33.296679195089439 ] ] ] } },
{ "type": "Feature", "properties": { "codigo_indec": "740560716" }, "geometry": { "type": "Polygon", "coordinates": [ [ [ -66.309608525861137, -33.280703077112491 ], [ -66.309362324025685, -33.282421296981283 ], [ -66.316945766375412, -33.282970220039147 ], [ -66.317203461812781, -33.280760567714317 ], [ -66.315933635606768, -33.280633064982894 ], [ -66.315834174439445, -33.28133208158507 ], [ -66.309608525861137, -33.280703077112491 ] ] ] } },
{ "type": "Feature", "properties": { "codigo_indec": "740560203" }, "geometry": { "type": "Polygon", "coordinates": [ [ [ -66.525850903237, -33.143555137624858 ], [ -66.528503587073843, -33.140433250088641 ], [ -66.530362774917592, -33.141723711448009 ], [ -66.533420963616337, -33.137905728795388 ], [ -66.529735107906731, -33.134918989963502 ], [ -66.52755794675187, -33.137326595584021 ], [ -66.52575437551134, -33.135905117906908 ], [ -66.524527120659442, -33.13677586737488 ], [ -66.518763787022664, -33.123514287841907 ], [ -66.505792685634574, -33.138895558933591 ], [ -66.519670389794783, -33.140988856097138 ], [ -66.521569502466406, -33.140895263207298 ], [ -66.523016491524004, -33.142273215753391 ], [ -66.525850903237, -33.143555137624858 ] ] ] } },
{ "type": "Feature", "properties": { "codigo_indec": "740490304" }, "geometry": { "type": "Polygon", "coordinates": [ [ [ -65.017377433558067, -32.399191817586782 ], [ -65.006709975340939, -32.399360671135234 ], [ -65.005632765852411, -32.410123036253559 ], [ -65.004955485612754, -32.410816509984187 ], [ -65.009688479071286, -32.410078331602399 ], [ -65.009003736600675, -32.411700523893835 ], [ -65.014191661264576, -32.410672699689009 ], [ -65.0145951378462, -32.40704649332708 ], [ -65.017359811833956, -32.406459431289491 ], [ -65.017377433558067, -32.399191817586782 ] ] ] } },
{ "type": "Feature", "properties": { "codigo_indec": "740630503" }, "geometry": { "type": "Polygon", "coordinates": [ [ [ -65.628990917235953, -32.88243967528993 ], [ -65.636304218421145, -32.881491842596581 ], [ -65.637613653565964, -32.8807427350023 ], [ -65.637569367081895, -32.874557032282901 ], [ -65.630897078071058, -32.875028941301345 ], [ -65.630417002942551, -32.878706406908869 ], [ -65.628990917235953, -32.88243967528993 ] ] ] } },
{ "type": "Feature", "properties": { "codigo_indec": "740351210" }, "geometry": { "type": "Polygon", "coordinates": [ [ [ -65.46302357968186, -33.688638122045958 ], [ -65.459848755141152, -33.689286931777858 ], [ -65.460088385213183, -33.69020306370188 ], [ -65.456851100195735, -33.690910124310363 ], [ -65.457594982178776, -33.693532425888883 ], [ -65.46410726577804, -33.692145392511449 ], [ -65.46302357968186, -33.688638122045958 ] ] ] } },
{ "type": "Feature", "properties": { "codigo_indec": "740070507" }, "geometry": { "type": "Polygon", "coordinates": [ [ [ -66.137841007958556, -32.59305811530858 ], [ -66.135160579452389, -32.581428639775247 ], [ -66.111069808103395, -32.582011317606614 ], [ -66.10739099470382, -32.596221359438132 ], [ -66.113094330464079, -32.597577973981238 ], [ -66.120472930823667, -32.594933542232233 ], [ -66.120318276499958, -32.59677773738067 ], [ -66.12541103731995, -32.59554188968923 ], [ -66.125565025690221, -32.593296416778109 ], [ -66.137841007958556, -32.59305811530858 ] ] ] } },
{ "type": "Feature", "properties": { "codigo_indec": "740561509" }, "geometry": { "type": "Polygon", "coordinates": [ [ [ -66.311974110596026, -33.312736536751636 ], [ -66.309050888044169, -33.312072130397517 ], [ -66.308679700659667, -33.313393935823569 ], [ -66.309214339415846, -33.313505309731141 ], [ -66.308391341884814, -33.316131087245445 ], [ -66.310376893243543, -33.316563431514972 ], [ -66.311210685794904, -33.313969171091721 ], [ -66.311938786399068, -33.31412512982542 ], [ -66.311974110596026, -33.312736536751636 ] ] ] } },
{ "type": "Feature", "properties": { "codigo_indec": "740561505" }, "geometry": { "type": "Polygon", "coordinates": [ [ [ -66.325364109428477, -33.31537551516216 ], [ -66.320538422705596, -33.314297091423548 ], [ -66.319203585637155, -33.318565216701401 ], [ -66.323013833587964, -33.319429945062112 ], [ -66.323793666409244, -33.31685828347004 ], [ -66.324803977484564, -33.31708556079888 ], [ -66.325364109428477, -33.31537551516216 ] ] ] } },
{ "type": "Feature", "properties": { "codigo_indec": "740561503" }, "geometry": { "type": "Polygon", "coordinates": [ [ [ -66.338182101395589, -33.319159668040051 ], [ -66.33591608086536, -33.319152291201014 ], [ -66.334227619369784, -33.318525707732107 ], [ -66.333965035817471, -33.320775967083698 ], [ -66.336461077465913, -33.321941343715707 ], [ -66.338119829731284, -33.32180610475654 ], [ -66.338182101395589, -33.319159668040051 ] ] ] } },
{ "type": "Feature", "properties": { "codigo_indec": "740561501" }, "geometry": { "type": "Polygon", "coordinates": [ [ [ -66.349635165903933, -33.323095108913698 ], [ -66.349269653333138, -33.333099641419402 ], [ -66.359663322941515, -33.334178975399276 ], [ -66.363979590867643, -33.337006508650532 ], [ -66.36278598734269, -33.336045266270062 ], [ -66.359496598016548, -33.331506149835079 ], [ -66.356283049657847, -33.328364239109291 ], [ -66.354582830934618, -33.32889204495347 ], [ -66.35466292782823, -33.326791035698307 ], [ -66.349635165903933, -33.323095108913698 ] ] ] } },
{ "type": "Feature", "properties": { "codigo_indec": "740561412" }, "geometry": { "type": "Polygon", "coordinates": [ [ [ -66.329688814297313, -33.305292951768372 ], [ -66.326328243995974, -33.304652650932553 ], [ -66.325237424493665, -33.308009562342946 ], [ -66.32813270594832, -33.309818727497252 ], [ -66.329688814297313, -33.305292951768372 ] ] ] } },
{ "type": "Feature", "properties": { "codigo_indec": "740560905" }, "geometry": { "type": "Polygon", "coordinates": [ [ [ -66.304342373150561, -33.273503027530417 ], [ -66.306936207586745, -33.277806451150468 ], [ -66.309459360424071, -33.27645676483872 ], [ -66.307603404013477, -33.272926973543306 ], [ -66.306217170147406, -33.272470563134384 ], [ -66.304342373150561, -33.273503027530417 ] ] ] } },
{ "type": "Feature", "properties": { "codigo_indec": "740560901" }, "geometry": { "type": "Polygon", "coordinates": [ [ [ -66.298482309891995, -33.267354573819588 ], [ -66.296852632849394, -33.266281023362666 ], [ -66.296684550339435, -33.272119499145717 ], [ -66.297735944145359, -33.273555089694391 ], [ -66.299083363306153, -33.272866614851011 ], [ -66.298759713838933, -33.272385019588427 ], [ -66.302367956769103, -33.27055950675723 ], [ -66.298438197978172, -33.268585409113307 ], [ -66.298482309891995, -33.267354573819588 ] ] ] } },
{ "type": "Feature", "properties": { "codigo_indec": "740560815" }, "geometry": { "type": "Polygon", "coordinates": [ [ [ -66.31066015628258, -33.269993576014869 ], [ -66.309707366246457, -33.268413587665002 ], [ -66.30583844054614, -33.270055120167257 ], [ -66.307625108254371, -33.272994542258637 ], [ -66.31066015628258, -33.269993576014869 ] ] ] } },
{ "type": "Feature", "properties": { "codigo_indec": "740560808" }, "geometry": { "type": "Polygon", "coordinates": [ [ [ -66.301558258713897, -33.262947179766101 ], [ -66.297955219868911, -33.267008709188445 ], [ -66.298482309891995, -33.267354573819588 ], [ -66.29845759383511, -33.267976760133251 ], [ -66.30116274779536, -33.26810097394398 ], [ -66.301258504238888, -33.266292967233049 ], [ -66.303115663803453, -33.265625753083377 ], [ -66.301558258713897, -33.262947179766101 ] ] ] } },
{ "type": "Feature", "properties": { "codigo_indec": "740560804" }, "geometry": { "type": "Polygon", "coordinates": [ [ [ -66.310870156860773, -33.261102947791066 ], [ -66.304566309428196, -33.261483709521102 ], [ -66.304500648476875, -33.262665010760166 ], [ -66.305061489660346, -33.262686176923495 ], [ -66.305091768389488, -33.263677899744941 ], [ -66.306528175130211, -33.263944857097144 ], [ -66.306951602606645, -33.263799551168596 ], [ -66.306668111625072, -33.263295335840027 ], [ -66.308444578867451, -33.262601192088717 ], [ -66.308725299503877, -33.263078361266459 ], [ -66.310721310323942, -33.262257411037147 ], [ -66.310870156860773, -33.261102947791066 ] ] ] } },
{ "type": "Feature", "properties": { "codigo_indec": "740560708" }, "geometry": { "type": "Polygon", "coordinates": [ [ [ -66.327470187298871, -33.27045084270781 ], [ -66.323919171390429, -33.270189655367005 ], [ -66.320680464742352, -33.271676727647268 ], [ -66.32094229969961, -33.272099819020312 ], [ -66.324190814074257, -33.272537698425332 ], [ -66.323923905048531, -33.27365190921428 ], [ -66.327008214403847, -33.273932356872891 ], [ -66.327470187298871, -33.27045084270781 ] ] ] } },
{ "type": "Feature", "properties": { "codigo_indec": "740560514" }, "geometry": { "type": "Polygon", "coordinates": [ [ [ -66.271462390385466, -33.298676081341512 ], [ -66.272410628800742, -33.299769486366074 ], [ -66.275310766913051, -33.300993819428534 ], [ -66.27612134156503, -33.301821519854386 ], [ -66.278131781867927, -33.301789987677672 ], [ -66.27863938672543, -33.301031482170629 ], [ -66.280316169616498, -33.289842992806648 ], [ -66.276735342132199, -33.291397313569682 ], [ -66.274184149296346, -33.291804193277137 ], [ -66.273892065064928, -33.296249874463747 ], [ -66.27140950345175, -33.29546639442637 ], [ -66.270947748420028, -33.296305917923597 ], [ -66.27200778149691, -33.29797161766826 ], [ -66.273588585013272, -33.297914049935478 ], [ -66.271462390385466, -33.298676081341512 ] ] ] } },
{ "type": "Feature", "properties": { "codigo_indec": "740560509" }, "geometry": { "type": "Polygon", "coordinates": [ [ [ -66.253008245992788, -33.274411531920705 ], [ -66.251036415754328, -33.276466745622059 ], [ -66.251342852627744, -33.27664645314713 ], [ -66.250282019934744, -33.277293261268944 ], [ -66.24687879107222, -33.282840601397567 ], [ -66.244989160707362, -33.281775905068933 ], [ -66.242698709509568, -33.285197585854746 ], [ -66.244863358443268, -33.285738828125567 ], [ -66.24528780408852, -33.286842490725562 ], [ -66.24493257887616, -33.288421047233825 ], [ -66.248360249127472, -33.287593760573387 ], [ -66.250981830259704, -33.289274546083249 ], [ -66.252802581670423, -33.289640525133926 ], [ -66.252756636766136, -33.290461103193344 ], [ -66.250450167791087, -33.290127660332303 ], [ -66.249479547872596, -33.290467724149707 ], [ -66.250642164331708, -33.29250758001244 ], [ -66.250286459840993, -33.29389230050176 ], [ -66.252128776895788, -33.294258245470381 ], [ -66.253032746880365, -33.293133877878375 ], [ -66.252373396833846, -33.292522109356227 ], [ -66.252875362115304, -33.291610441615106 ], [ -66.254819973808665, -33.292093350802936 ], [ -66.256489434035814, -33.293014088602391 ], [ -66.255267559369969, -33.29555920290602 ], [ -66.255797194038635, -33.296775315097101 ], [ -66.256756339924607, -33.297084399731752 ], [ -66.259790434322355, -33.290176111151979 ], [ -66.250918940589273, -33.285118149925218 ], [ -66.255323122501068, -33.278694065893326 ], [ -66.252928687645166, -33.277531345670965 ], [ -66.254286189499652, -33.27554949111309 ], [ -66.253008245992788, -33.274411531920705 ] ] ] } },
{ "type": "Feature", "properties": { "codigo_indec": "740561405" }, "geometry": { "type": "Polygon", "coordinates": [ [ [ -66.323250609330259, -33.29555876262318 ], [ -66.322820910006556, -33.299865153780623 ], [ -66.327569715562888, -33.302124828596412 ], [ -66.328876050096525, -33.296157111082046 ], [ -66.323250609330259, -33.29555876262318 ] ] ] } },
{ "type": "Feature", "properties": { "codigo_indec": "740561402" }, "geometry": { "type": "Polygon", "coordinates": [ [ [ -66.335386295457226, -33.300692932232643 ], [ -66.334223163474377, -33.300470659011786 ], [ -66.334434271399232, -33.299518874197872 ], [ -66.333429987627824, -33.299417885586244 ], [ -66.332561156298894, -33.303179999255512 ], [ -66.334819710112001, -33.303448930692177 ], [ -66.335386295457226, -33.300692932232643 ] ] ] } },
{ "type": "Feature", "properties": { "codigo_indec": "740561310" }, "geometry": { "type": "Polygon", "coordinates": [ [ [ -66.345274206724895, -33.310682919947531 ], [ -66.342405131860843, -33.310181440883433 ], [ -66.341629977902173, -33.313109349003405 ], [ -66.344457662051653, -33.313985134525595 ], [ -66.345274206724895, -33.310682919947531 ] ] ] } },
{ "type": "Feature", "properties": { "codigo_indec": "740561309" }, "geometry": { "type": "Polygon", "coordinates": [ [ [ -66.343249182039884, -33.306351710387666 ], [ -66.342405131860843, -33.310181440883433 ], [ -66.345274206724895, -33.310682919947531 ], [ -66.346313492513829, -33.306699350339791 ], [ -66.343249182039884, -33.306351710387666 ] ] ] } },
{ "type": "Feature", "properties": { "codigo_indec": "740561307" }, "geometry": { "type": "Polygon", "coordinates": [ [ [ -66.342772776646854, -33.308773891162446 ], [ -66.336760981022451, -33.307766984025086 ], [ -66.335935010742674, -33.311488426696251 ], [ -66.338178951906059, -33.312086428726246 ], [ -66.339087480171642, -33.309604482163941 ], [ -66.342405131860843, -33.310181440883433 ], [ -66.342772776646854, -33.308773891162446 ] ] ] } },
{ "type": "Feature", "properties": { "codigo_indec": "740561304" }, "geometry": { "type": "Polygon", "coordinates": [ [ [ -66.335125573479274, -33.302005503095373 ], [ -66.33403766132993, -33.307436224894737 ], [ -66.336760981022451, -33.307766984025086 ], [ -66.33813380115285, -33.302475216532038 ], [ -66.335125573479274, -33.302005503095373 ] ] ] } },
{ "type": "Feature", "properties": { "codigo_indec": "740561218" }, "geometry": { "type": "Polygon", "coordinates": [ [ [ -66.364775773438097, -33.322501584693029 ], [ -66.364693818623238, -33.322808377100898 ], [ -66.362111447147441, -33.322288481583151 ], [ -66.363109678129959, -33.323448661560427 ], [ -66.361680269183807, -33.328402739252532 ], [ -66.362842823764694, -33.32967514417826 ], [ -66.356283049657847, -33.328364239109291 ], [ -66.359496598016548, -33.331506149835079 ], [ -66.36278598734269, -33.336045266270062 ], [ -66.363979590867643, -33.337006508650532 ], [ -66.369111546314684, -33.335147549029941 ], [ -66.369327999119179, -33.336805887902464 ], [ -66.369897118733064, -33.337399263921426 ], [ -66.372359811682657, -33.338077136810668 ], [ -66.373813070218759, -33.340069860155168 ], [ -66.376032461060817, -33.340973796522796 ], [ -66.381309429265329, -33.331725115844677 ], [ -66.382648274230121, -33.330251356491843 ], [ -66.387059807559567, -33.327780771102944 ], [ -66.390264345364272, -33.327455177443817 ], [ -66.389128815655738, -33.326908750723291 ], [ -66.388469481196921, -33.327176792615369 ], [ -66.364775773438097, -33.322501584693029 ] ] ] } },
{ "type": "Feature", "properties": { "codigo_indec": "740561217" }, "geometry": { "type": "Polygon", "coordinates": [ [ [ -66.361675235013848, -33.31158296875082 ], [ -66.360954334772089, -33.321007035839131 ], [ -66.360422827887618, -33.321031119535064 ], [ -66.361006992561073, -33.322057273906864 ], [ -66.364693818623238, -33.322808377100898 ], [ -66.365992075192253, -33.318012431843279 ], [ -66.364724327011331, -33.317885424531397 ], [ -66.364887561347501, -33.31195676716596 ], [ -66.361675235013848, -33.31158296875082 ] ] ] } },
{ "type": "Feature", "properties": { "codigo_indec": "740561215" }, "geometry": { "type": "Polygon", "coordinates": [ [ [ -66.358147346343756, -33.314126752822752 ], [ -66.352228684150973, -33.313048198500773 ], [ -66.351356570726907, -33.31582316351998 ], [ -66.356979280606168, -33.317362437191044 ], [ -66.35707530854387, -33.315892513952903 ], [ -66.358023372984718, -33.315979948040145 ], [ -66.358147346343756, -33.314126752822752 ] ] ] } },
{ "type": "Feature", "properties": { "codigo_indec": "740561110" }, "geometry": { "type": "Polygon", "coordinates": [ [ [ -66.342941696532662, -33.2963760582074 ], [ -66.342626589048876, -33.297476912880775 ], [ -66.345483641129931, -33.297757524121714 ], [ -66.344904046825349, -33.299850908989185 ], [ -66.346598893916493, -33.299449477787178 ], [ -66.347135433471379, -33.296661952265019 ], [ -66.342941696532662, -33.2963760582074 ] ] ] } },
{ "type": "Feature", "properties": { "codigo_indec": "740561016" }, "geometry": { "type": "Polygon", "coordinates": [ [ [ -66.330100863017179, -33.289256405243009 ], [ -66.324059690682773, -33.289339924771035 ], [ -66.323250609330259, -33.29555876262318 ], [ -66.328876050096525, -33.296157111082046 ], [ -66.330100863017179, -33.289256405243009 ] ] ] } },
{ "type": "Feature", "properties": { "codigo_indec": "740561015" }, "geometry": { "type": "Polygon", "coordinates": [ [ [ -66.315779113940991, -33.292124732090329 ], [ -66.315425634544169, -33.294587076870627 ], [ -66.323250609330259, -33.29555876262318 ], [ -66.323605241651819, -33.292740250336301 ], [ -66.318269039680672, -33.29189748190754 ], [ -66.318094089924273, -33.292502021267815 ], [ -66.315779113940991, -33.292124732090329 ] ] ] } },
{ "type": "Feature", "properties": { "codigo_indec": "740561005" }, "geometry": { "type": "Polygon", "coordinates": [ [ [ -66.316945766375412, -33.282970220039147 ], [ -66.316528043153468, -33.286203628839836 ], [ -66.320675524224555, -33.286472503413009 ], [ -66.321090213801128, -33.283184991350709 ], [ -66.316945766375412, -33.282970220039147 ] ] ] } },
{ "type": "Feature", "properties": { "codigo_indec": "740560909" }, "geometry": { "type": "Polygon", "coordinates": [ [ [ -66.298655366662459, -33.276415566789488 ], [ -66.298525704377994, -33.27853020498425 ], [ -66.300459309157063, -33.279729224801848 ], [ -66.302461488774043, -33.27745225785516 ], [ -66.301983477561564, -33.276574328893489 ], [ -66.298655366662459, -33.276415566789488 ] ] ] } },
{ "type": "Feature", "properties": { "codigo_indec": "740560907" }, "geometry": { "type": "Polygon", "coordinates": [ [ [ -66.299083363306153, -33.272866614851011 ], [ -66.296776016090121, -33.274567213191489 ], [ -66.296661207360174, -33.276325670071579 ], [ -66.297334902252814, -33.276364634055327 ], [ -66.297381823140384, -33.275165351039377 ], [ -66.298737108448435, -33.275202675191352 ], [ -66.298655366662459, -33.276415566789488 ], [ -66.301983477561564, -33.276574328893489 ], [ -66.302035036414935, -33.275961093918966 ], [ -66.2988066441265, -33.274345957427862 ], [ -66.299781642488739, -33.273825171622121 ], [ -66.299083363306153, -33.272866614851011 ] ] ] } },
{ "type": "Feature", "properties": { "codigo_indec": "740560505" }, "geometry": { "type": "Polygon", "coordinates": [ [ [ -66.223252866576104, -33.269748467755953 ], [ -66.224912016706128, -33.271129487240977 ], [ -66.227816196687485, -33.272463127254142 ], [ -66.23016735507241, -33.271629292861412 ], [ -66.22798996338949, -33.268080862743602 ], [ -66.223252866576104, -33.269748467755953 ] ] ] } },
{ "type": "Feature", "properties": { "codigo_indec": "740560406" }, "geometry": { "type": "Polygon", "coordinates": [ [ [ -66.189643518841251, -33.250788744134283 ], [ -66.193188622959639, -33.251333287320676 ], [ -66.194681658957236, -33.253183825936311 ], [ -66.199466140156318, -33.253631571346723 ], [ -66.199909948656568, -33.252954630147372 ], [ -66.19659198761677, -33.252058281122757 ], [ -66.196442235834226, -33.24987655255336 ], [ -66.197422076514485, -33.244199183127137 ], [ -66.194330979472241, -33.243834378855325 ], [ -66.192453029889421, -33.247425823480476 ], [ -66.191300558389116, -33.247914486566827 ], [ -66.190183873741574, -33.24759160907341 ], [ -66.1895383601736, -33.248056938622966 ], [ -66.188669499870727, -33.246958259895791 ], [ -66.187159173752633, -33.248213820300251 ], [ -66.186573012254414, -33.250108142860562 ], [ -66.185182614259759, -33.249754073546285 ], [ -66.183815123513199, -33.250085200397699 ], [ -66.182851374115472, -33.245907523247453 ], [ -66.181902132669933, -33.244804406600245 ], [ -66.180837316320549, -33.244882598701217 ], [ -66.177465683824437, -33.246384176984684 ], [ -66.176601786854661, -33.247670242917245 ], [ -66.172861585267995, -33.248734923812314 ], [ -66.171015688613991, -33.252758785910139 ], [ -66.174971607424141, -33.253492626788884 ], [ -66.177608210560919, -33.251861431495037 ], [ -66.181585267106399, -33.251134377201844 ], [ -66.186914148580684, -33.252830579332063 ], [ -66.189643518841251, -33.250788744134283 ] ] ] } },
{ "type": "Feature", "properties": { "codigo_indec": "740560403" }, "geometry": { "type": "Polygon", "coordinates": [ [ [ -66.224803077640928, -33.216007988517447 ], [ -66.225686338535269, -33.215348190306422 ], [ -66.22830287748593, -33.215054891410823 ], [ -66.229686893745466, -33.214137176770969 ], [ -66.230211844505575, -33.211841524695281 ], [ -66.229319199160471, -33.20990463923485 ], [ -66.228132861573172, -33.209474030706168 ], [ -66.225954507169689, -33.210131696765998 ], [ -66.22284610129978, -33.209916399203372 ], [ -66.223513228891477, -33.211804146314698 ], [ -66.218029132327729, -33.212756093316429 ], [ -66.21824800585415, -33.218828276001481 ], [ -66.21981537740335, -33.217171002466735 ], [ -66.223205398378582, -33.216245291839769 ], [ -66.22279894582077, -33.215646427687368 ], [ -66.224803077640928, -33.216007988517447 ] ] ] } },
{ "type": "Feature", "properties": { "codigo_indec": "740560706" }, "geometry": { "type": "Polygon", "coordinates": [ [ [ -66.311344724655967, -33.268571792215013 ], [ -66.310826696774043, -33.268528006700116 ], [ -66.309459360424071, -33.27645676483872 ], [ -66.310128469859322, -33.27747394113193 ], [ -66.317483893348225, -33.278163154673244 ], [ -66.318576257785836, -33.269337893525964 ], [ -66.315292925379936, -33.268877414174703 ], [ -66.315127425833808, -33.269865121336153 ], [ -66.311377344266091, -33.269446294225745 ], [ -66.311344724655967, -33.268571792215013 ] ] ] } },
{ "type": "Feature", "properties": { "codigo_indec": "740560702" }, "geometry": { "type": "Polygon", "coordinates": [ [ [ -66.331821058171357, -33.26863604310865 ], [ -66.331869298485188, -33.271458021894603 ], [ -66.337210923169252, -33.271907988826477 ], [ -66.33736896596389, -33.269044879937645 ], [ -66.338136639541901, -33.269110416900766 ], [ -66.338492276224784, -33.26670209210743 ], [ -66.333392637066567, -33.26630111989769 ], [ -66.333377703468813, -33.268726550323564 ], [ -66.331821058171357, -33.26863604310865 ] ] ] } },
{ "type": "Feature", "properties": { "codigo_indec": "740560205" }, "geometry": { "type": "Polygon", "coordinates": [ [ [ -66.318998070521431, -33.266532734704356 ], [ -66.318343073187734, -33.27088929831492 ], [ -66.318173660167076, -33.272269229048689 ], [ -66.322754237263752, -33.270088997239569 ], [ -66.32297570261585, -33.266833529338285 ], [ -66.318998070521431, -33.266532734704356 ] ] ] } },
{ "type": "Feature", "properties": { "codigo_indec": "740490103" }, "geometry": { "type": "Polygon", "coordinates": [ [ [ -65.378222077711172, -32.030578523991331 ], [ -65.379647491557904, -32.020525997890573 ], [ -65.367952176590151, -32.02038709332632 ], [ -65.367263319033398, -32.029748775770273 ], [ -65.378222077711172, -32.030578523991331 ] ] ] } },
{ "type": "Feature", "properties": { "codigo_indec": "740420403" }, "geometry": { "type": "Polygon", "coordinates": [ [ [ -65.949817642835541, -35.148750555233242 ], [ -65.933340718916455, -35.147692525364619 ], [ -65.933260343741182, -35.148688485241792 ], [ -65.933830991360878, -35.148702318620153 ], [ -65.933841076063757, -35.156580215197863 ], [ -65.935869251085037, -35.155950353697882 ], [ -65.942070090183819, -35.156147269565949 ], [ -65.942072345515783, -35.152965468796936 ], [ -65.949946543259898, -35.153306987706166 ], [ -65.949817642835541, -35.148750555233242 ] ] ] } },
{ "type": "Feature", "properties": { "codigo_indec": "740420405" }, "geometry": { "type": "Polygon", "coordinates": [ [ [ -65.949968106661757, -35.153937948945142 ], [ -65.950247157525126, -35.155267570339824 ], [ -65.950971505345152, -35.155281386018544 ], [ -65.950965439111499, -35.156245838936108 ], [ -65.950232859563542, -35.15621849943745 ], [ -65.950226781784252, -35.157187458959875 ], [ -65.948810544130467, -35.157853875196032 ], [ -65.952446076432963, -35.157995067448894 ], [ -65.952379801437147, -35.154011029635356 ], [ -65.949968106661757, -35.153937948945142 ] ] ] } },
{ "type": "Feature", "properties": { "codigo_indec": "740420306" }, "geometry": { "type": "Polygon", "coordinates": [ [ [ -65.255765336962952, -35.103576143393312 ], [ -65.252846518543947, -35.103125545802619 ], [ -65.251922149310701, -35.101961621026639 ], [ -65.245999384118633, -35.101393138445793 ], [ -65.245514649648783, -35.104603404997732 ], [ -65.249875939743603, -35.105036072891707 ], [ -65.24971693679484, -35.110118652544969 ], [ -65.251118545040484, -35.118771171520159 ], [ -65.264344500219465, -35.120100521546156 ], [ -65.265192005662811, -35.110930011253181 ], [ -65.25654269995141, -35.110066066247349 ], [ -65.255765336962952, -35.103576143393312 ] ] ] } },
{ "type": "Feature", "properties": { "codigo_indec": "740420102" }, "geometry": { "type": "Polygon", "coordinates": [ [ [ -66.591899687155276, -34.773497992187437 ], [ -66.588786153493004, -34.770398750959728 ], [ -66.579674150806582, -34.776022147945426 ], [ -66.58279708599585, -34.779310869031519 ], [ -66.591899687155276, -34.773497992187437 ] ] ] } },
{ "type": "Feature", "properties": { "codigo_indec": "740560711" }, "geometry": { "type": "Polygon", "coordinates": [ [ [ -66.323923905048531, -33.27365190921428 ], [ -66.323258626011466, -33.277350329237038 ], [ -66.331983320644369, -33.278188393689241 ], [ -66.331920635521314, -33.274388186845947 ], [ -66.323923905048531, -33.27365190921428 ] ] ] } },
{ "type": "Feature", "properties": { "codigo_indec": "740351703" }, "geometry": { "type": "Polygon", "coordinates": [ [ [ -65.431602083313848, -33.821471703605262 ], [ -65.430703135838115, -33.816946330567234 ], [ -65.41463005997943, -33.82188365325851 ], [ -65.415452531668805, -33.826021111120873 ], [ -65.431602083313848, -33.821471703605262 ] ] ] } },
{ "type": "Feature", "properties": { "codigo_indec": "740351701" }, "geometry": { "type": "Polygon", "coordinates": [ [ [ -65.502507914316794, -33.675879474139329 ], [ -65.498883307999009, -33.677050388628309 ], [ -65.493634148384999, -33.679859905739917 ], [ -65.491893943361191, -33.681457547436189 ], [ -65.489980716100078, -33.682211487649816 ], [ -65.484623408056578, -33.689036633129561 ], [ -65.483341347778165, -33.689261177505571 ], [ -65.479816883201153, -33.692023201705034 ], [ -65.47594167788759, -33.693449324776942 ], [ -65.474923990143722, -33.694968642808746 ], [ -65.473204347325193, -33.696182937928874 ], [ -65.467967009873135, -33.698500045427849 ], [ -65.463698270213541, -33.701123159566606 ], [ -65.460268817707387, -33.70145081704797 ], [ -65.458263403633367, -33.70002208317463 ], [ -65.456502894907743, -33.700393005762677 ], [ -65.45642662627759, -33.700086139993829 ], [ -65.450455508419608, -33.703611865489563 ], [ -65.448218260588291, -33.705562782387588 ], [ -65.44524907323337, -33.705572023244677 ], [ -65.440786957311687, -33.707080044797138 ], [ -65.438585079729009, -33.708106848360821 ], [ -65.437799779468008, -33.70942856579375 ], [ -65.436107608946756, -33.710029403570097 ], [ -65.433279129233185, -33.710354542876999 ], [ -65.429714319677018, -33.710279535147016 ], [ -65.429622404489109, -33.709904964832738 ], [ -65.427829346796301, -33.711068695521838 ], [ -65.42617564359773, -33.711142164370195 ], [ -65.421410210851505, -33.713549627028691 ], [ -65.417823557403565, -33.713496711980447 ], [ -65.416226082813793, -33.714021089811169 ], [ -65.41275299879166, -33.716695766948611 ], [ -65.407720617833689, -33.718601063269581 ], [ -65.410004751210707, -33.725355615879387 ], [ -65.413278850057111, -33.740886925996243 ], [ -65.417526359836245, -33.757486542283019 ], [ -65.451064770884571, -33.729070031077129 ], [ -65.453251264293087, -33.731806934575786 ], [ -65.463884521290808, -33.722792919168754 ], [ -65.465784589106619, -33.729134585428319 ], [ -65.469850598872114, -33.727236300921206 ], [ -65.467255415816823, -33.719417651441418 ], [ -65.474073699089828, -33.714145711949229 ], [ -65.480250998362095, -33.713067450146319 ], [ -65.479301896994528, -33.709452708411554 ], [ -65.481149255311252, -33.709902245880713 ], [ -65.498283152218775, -33.706569634562577 ], [ -65.491939686409538, -33.684680826599255 ], [ -65.494190895680362, -33.682386565922812 ], [ -65.502829119938525, -33.677215083617497 ], [ -65.503151970385332, -33.67686026366237 ], [ -65.502507914316794, -33.675879474139329 ] ] ] } },
{ "type": "Feature", "properties": { "codigo_indec": "740351601" }, "geometry": { "type": "Polygon", "coordinates": [ [ [ -65.159348865120037, -33.86785006901048 ], [ -65.193523610494907, -33.850341079951015 ], [ -65.191664071950001, -33.847588282398618 ], [ -65.180183851730817, -33.852993700543813 ], [ -65.170117865377975, -33.83827668088022 ], [ -65.15303348264969, -33.845543925196388 ], [ -65.160262627207516, -33.857858504079623 ], [ -65.154791118729079, -33.860430990668505 ], [ -65.159348865120037, -33.86785006901048 ] ] ] } },
{ "type": "Feature", "properties": { "codigo_indec": "740351505" }, "geometry": { "type": "Polygon", "coordinates": [ [ [ -65.382481530488022, -33.722998734997454 ], [ -65.380454075428176, -33.716114247057163 ], [ -65.37580316578206, -33.717019429023338 ], [ -65.372878798275025, -33.719713778040294 ], [ -65.373067309483247, -33.720124940988278 ], [ -65.37155524513156, -33.722199839441188 ], [ -65.378413323821533, -33.725714534216692 ], [ -65.375295401622623, -33.729404174015151 ], [ -65.375275149530623, -33.732198876577307 ], [ -65.390480296080483, -33.729682906311616 ], [ -65.388760993815993, -33.727920891137813 ], [ -65.38242454378387, -33.725306421723147 ], [ -65.382971923615841, -33.72344745409108 ], [ -65.382481530488022, -33.722998734997454 ] ] ] } },
{ "type": "Feature", "properties": { "codigo_indec": "740280408" }, "geometry": { "type": "Polygon", "coordinates": [ [ [ -65.296398134840999, -32.731823925356451 ], [ -65.294251579384579, -32.733128322357139 ], [ -65.298068317958496, -32.737527441585179 ], [ -65.296085298200339, -32.738711055940684 ], [ -65.297625371559107, -32.741632141358679 ], [ -65.304968691528998, -32.742633371564338 ], [ -65.310582989853373, -32.738534650611555 ], [ -65.308053075844882, -32.73491846904853 ], [ -65.30664737545392, -32.735280393855646 ], [ -65.302377113805989, -32.730513825187266 ], [ -65.297727669314298, -32.733350723419591 ], [ -65.296398134840999, -32.731823925356451 ] ] ] } },
{ "type": "Feature", "properties": { "codigo_indec": "740280405" }, "geometry": { "type": "Polygon", "coordinates": [ [ [ -65.288369840892614, -32.735254610074307 ], [ -65.286398051175766, -32.727655708978808 ], [ -65.285740455044788, -32.726511330108316 ], [ -65.282200871711368, -32.728592044854238 ], [ -65.284355089058025, -32.737684339333398 ], [ -65.288369840892614, -32.735254610074307 ] ] ] } },
{ "type": "Feature", "properties": { "codigo_indec": "740280402" }, "geometry": { "type": "Polygon", "coordinates": [ [ [ -65.292290759739799, -32.727121048316477 ], [ -65.297727669314298, -32.733350723419591 ], [ -65.302377113805989, -32.730513825187266 ], [ -65.296563431474439, -32.724020744792469 ], [ -65.293318706928503, -32.725616519706882 ], [ -65.291110165097322, -32.723309256020563 ], [ -65.290405625706711, -32.723711030177995 ], [ -65.293006483100029, -32.726656208856262 ], [ -65.292290759739799, -32.727121048316477 ] ] ] } },
{ "type": "Feature", "properties": { "codigo_indec": "740560304" }, "geometry": { "type": "Polygon", "coordinates": [ [ [ -66.321033078963083, -33.166968418718746 ], [ -66.317498913703247, -33.1746775425067 ], [ -66.322042152023926, -33.176126540660157 ], [ -66.32765455366777, -33.175999191758827 ], [ -66.327565568135014, -33.172974404300803 ], [ -66.32204976885663, -33.173078957596132 ], [ -66.318942066558108, -33.172018505881979 ], [ -66.321033078963083, -33.166968418718746 ] ] ] } },
{ "type": "Feature", "properties": { "codigo_indec": "740490412" }, "geometry": { "type": "Polygon", "coordinates": [ [ [ -65.004630368172826, -32.346693489689351 ], [ -64.996137295500205, -32.347708236607112 ], [ -64.996586447565392, -32.351765001555982 ], [ -64.996229765773265, -32.353281545773086 ], [ -65.0048769428833, -32.353277932648808 ], [ -65.004630368172826, -32.346693489689351 ] ] ] } },
{ "type": "Feature", "properties": { "codigo_indec": "740490411" }, "geometry": { "type": "Polygon", "coordinates": [ [ [ -64.995918276869688, -32.337724542299057 ], [ -64.991497957164697, -32.33813563040264 ], [ -64.991196170752147, -32.337574156027067 ], [ -64.990219560576378, -32.337525765692156 ], [ -64.9894608172646, -32.33674872650856 ], [ -64.985753299631014, -32.335388949390989 ], [ -64.983919446249999, -32.333881860227642 ], [ -64.98247025124374, -32.333834111974532 ], [ -64.981711050129292, -32.333106617344015 ], [ -64.980463238654309, -32.333096539881232 ], [ -64.97892739040833, -32.332254544878509 ], [ -64.978266090517337, -32.332506178869863 ], [ -64.977219847866323, -32.331100049292026 ], [ -64.97679091200348, -32.331466272990959 ], [ -64.975152883958557, -32.330979579739306 ], [ -64.972739542794216, -32.333317926621035 ], [ -64.963089784923199, -32.348996336621489 ], [ -64.965087760581369, -32.349612381373824 ], [ -64.965638990034009, -32.349012759172822 ], [ -64.966322434828996, -32.349162635257905 ], [ -64.967447825386529, -32.348513606595063 ], [ -64.969133564936584, -32.348797907680975 ], [ -64.969326799208574, -32.348384701194924 ], [ -64.970780710228397, -32.348973666461461 ], [ -64.972717842136717, -32.348398839529956 ], [ -64.977855831679435, -32.348688551216739 ], [ -64.978589980621308, -32.348581784847681 ], [ -64.976900474311137, -32.348157814438601 ], [ -64.97937671075195, -32.347812683408762 ], [ -64.981004651884746, -32.349228003603223 ], [ -64.985747861073222, -32.347539459829548 ], [ -64.985767975457193, -32.348116715971585 ], [ -64.987333985587313, -32.348187909667857 ], [ -64.990039050068631, -32.347560366901199 ], [ -64.990701289405607, -32.348187848045036 ], [ -64.991808022367465, -32.348007339878905 ], [ -64.992041366756084, -32.348996577975043 ], [ -64.994012505294464, -32.34869671583386 ], [ -64.994182633179548, -32.349401407060043 ], [ -64.996454100406893, -32.349320312028986 ], [ -64.995744879185523, -32.345008995787559 ], [ -64.997149739089394, -32.339704579750176 ], [ -64.995911970634083, -32.339257403374965 ], [ -64.995918276869688, -32.337724542299057 ] ] ] } },
{ "type": "Feature", "properties": { "codigo_indec": "740490402" }, "geometry": { "type": "Polygon", "coordinates": [ [ [ -65.010413878139062, -32.316707372584879 ], [ -65.008546560837871, -32.316561967229084 ], [ -65.007257082245673, -32.316984654230623 ], [ -65.006022024955712, -32.31655563426385 ], [ -65.00400913896479, -32.317098828354112 ], [ -65.003057901226597, -32.316207635242684 ], [ -64.997443063508797, -32.314057647879437 ], [ -64.995129875051944, -32.314390919966939 ], [ -64.993440139024173, -32.31547754730471 ], [ -64.990936028168107, -32.315547721514641 ], [ -64.984568783843955, -32.321858241728663 ], [ -64.980541905777088, -32.325130550324651 ], [ -64.98140469687651, -32.326084316373688 ], [ -64.981655078360276, -32.327434397452414 ], [ -64.982832527925822, -32.328268961848238 ], [ -64.982269860918564, -32.328963251569895 ], [ -64.983376694742262, -32.329229162650641 ], [ -64.984907636590776, -32.328844735341448 ], [ -64.988523901064411, -32.331222739142476 ], [ -64.991998693649549, -32.330091847000418 ], [ -64.998713138192315, -32.330113751441075 ], [ -64.998396870778222, -32.328695550066776 ], [ -65.000879765220517, -32.327930743988382 ], [ -65.002179042568685, -32.327841837038441 ], [ -65.002864824272606, -32.328496493114834 ], [ -65.007879798281508, -32.328531517516588 ], [ -65.007781528930522, -32.32561369513698 ], [ -65.01028758086197, -32.325389913301748 ], [ -65.013693370913302, -32.325926050818325 ], [ -65.014149560743107, -32.324743858710093 ], [ -65.013539848438668, -32.323679576629154 ], [ -65.014050892641308, -32.319639370066874 ], [ -65.01195025062384, -32.319460631091552 ], [ -65.011881308548283, -32.318964146889385 ], [ -65.010580434378994, -32.318724016302781 ], [ -65.010413878139062, -32.316707372584879 ] ] ] } },
{ "type": "Feature", "properties": { "codigo_indec": "740350819" }, "geometry": { "type": "Polygon", "coordinates": [ [ [ -65.442026445093262, -33.667601808119173 ], [ -65.436705996032416, -33.668749707168502 ], [ -65.437806537799617, -33.672365476410064 ], [ -65.446288487322391, -33.670492454290262 ], [ -65.445513283609984, -33.667793304566423 ], [ -65.442266032469078, -33.668486421492865 ], [ -65.442026445093262, -33.667601808119173 ] ] ] } },
{ "type": "Feature", "properties": { "codigo_indec": "740280301" }, "geometry": { "type": "Polygon", "coordinates": [ [ [ -64.979131071740753, -32.678607818297962 ], [ -64.983206753086108, -32.678338858276 ], [ -64.984979204991461, -32.679516356817885 ], [ -64.986126154430934, -32.681328958484656 ], [ -64.987799448359354, -32.681617477545522 ], [ -64.991396631351947, -32.678873830643312 ], [ -64.995560761050044, -32.678321155369574 ], [ -64.995059956632787, -32.677582287845979 ], [ -64.995445240799398, -32.677450123513424 ], [ -64.993009457571475, -32.674572318476891 ], [ -64.990644404249707, -32.674661514622066 ], [ -64.98836680404743, -32.672902958047572 ], [ -64.982454339065612, -32.675352759061049 ], [ -64.978690856012221, -32.675367263887175 ], [ -64.979131071740753, -32.678607818297962 ] ] ] } },
{ "type": "Feature", "properties": { "codigo_indec": "740280205" }, "geometry": { "type": "Polygon", "coordinates": [ [ [ -64.983053642489281, -32.613471603284438 ], [ -64.982297672768667, -32.615787286478799 ], [ -64.982196623917048, -32.620245235797675 ], [ -64.975412745038184, -32.620217119727386 ], [ -64.975422057699419, -32.62220537979718 ], [ -64.977712032863309, -32.621804766190479 ], [ -64.979549328623648, -32.622329154128373 ], [ -64.979621862230928, -32.622744512243926 ], [ -64.981257925366435, -32.622694678876663 ], [ -64.982274223834949, -32.622567669015382 ], [ -64.982566911785938, -32.621889278823708 ], [ -64.983551317685354, -32.622226360969862 ], [ -64.98844762323462, -32.621472426637943 ], [ -64.992804941985483, -32.622697658576804 ], [ -64.993074380544286, -32.613619969337407 ], [ -64.983053642489281, -32.613471603284438 ] ] ] } },
{ "type": "Feature", "properties": { "codigo_indec": "740351609" }, "geometry": { "type": "Polygon", "coordinates": [ [ [ -65.178381049410802, -33.862691032127522 ], [ -65.181103605284889, -33.866441427266174 ], [ -65.184510969675244, -33.864688033661537 ], [ -65.181731157833582, -33.860982407721231 ], [ -65.178381049410802, -33.862691032127522 ] ] ] } },
{ "type": "Feature", "properties": { "codigo_indec": "740351310" }, "geometry": { "type": "Polygon", "coordinates": [ [ [ -65.508492809231399, -33.695278041341012 ], [ -65.507121245022475, -33.695588124487323 ], [ -65.506036717571789, -33.697098418716422 ], [ -65.503571627095454, -33.695776764760808 ], [ -65.50413321973349, -33.697996863934904 ], [ -65.503493483029914, -33.698111497750702 ], [ -65.504300650308522, -33.699832215107172 ], [ -65.503794741768218, -33.700118684075484 ], [ -65.505580547105524, -33.702357209797448 ], [ -65.509795785210571, -33.699921758410014 ], [ -65.508492809231399, -33.695278041341012 ] ] ] } },
{ "type": "Feature", "properties": { "codigo_indec": "740351307" }, "geometry": { "type": "Polygon", "coordinates": [ [ [ -65.49347990907296, -33.690989077319244 ], [ -65.4983023700552, -33.706511111156026 ], [ -65.498283152218775, -33.706569634562577 ], [ -65.50288299812452, -33.703915101639922 ], [ -65.500996910757578, -33.701770796636694 ], [ -65.502065702243087, -33.701144015796089 ], [ -65.499762751298135, -33.698357901493132 ], [ -65.501440398887624, -33.697354933087425 ], [ -65.495724147333235, -33.690371670664021 ], [ -65.49347990907296, -33.690989077319244 ] ] ] } },
{ "type": "Feature", "properties": { "codigo_indec": "740351303" }, "geometry": { "type": "Polygon", "coordinates": [ [ [ -65.505089091154289, -33.683188007538099 ], [ -65.502813946450203, -33.683598102138866 ], [ -65.501569905441613, -33.682862823374634 ], [ -65.500658984219754, -33.683269357665743 ], [ -65.501399665394331, -33.687599856133865 ], [ -65.50343483708113, -33.687211363380847 ], [ -65.503620430790008, -33.687757555246172 ], [ -65.505220014861877, -33.688570870351043 ], [ -65.506486400737487, -33.688246863940194 ], [ -65.505089091154289, -33.683188007538099 ] ] ] } },
{ "type": "Feature", "properties": { "codigo_indec": "740351216" }, "geometry": { "type": "Polygon", "coordinates": [ [ [ -65.448313529784627, -33.696565650342734 ], [ -65.448903075801212, -33.698831195532541 ], [ -65.450333586344485, -33.703701478927492 ], [ -65.453290234647724, -33.701830340828693 ], [ -65.451497166731428, -33.695858577502584 ], [ -65.448313529784627, -33.696565650342734 ] ] ] } },
{ "type": "Feature", "properties": { "codigo_indec": "740351109" }, "geometry": { "type": "Polygon", "coordinates": [ [ [ -65.468869802476348, -33.68544030557355 ], [ -65.469365582185603, -33.687245559998182 ], [ -65.472629179497972, -33.686605899238714 ], [ -65.471882034998771, -33.684010716030144 ], [ -65.469682457122545, -33.68437995220927 ], [ -65.469930654428254, -33.685232993661103 ], [ -65.468869802476348, -33.68544030557355 ] ] ] } },
{ "type": "Feature", "properties": { "codigo_indec": "740351106" }, "geometry": { "type": "Polygon", "coordinates": [ [ [ -65.469487095822373, -33.6797540962502 ], [ -65.464152708589509, -33.680912128390041 ], [ -65.46492599607177, -33.683597627662579 ], [ -65.471440442823891, -33.682156116403803 ], [ -65.470922859263752, -33.680386837930854 ], [ -65.469705402131169, -33.680643072904616 ], [ -65.469487095822373, -33.6797540962502 ] ] ] } },
{ "type": "Feature", "properties": { "codigo_indec": "740351101" }, "geometry": { "type": "Polygon", "coordinates": [ [ [ -65.501196048525571, -33.672903527347003 ], [ -65.490161881168163, -33.67527018878306 ], [ -65.489264113948181, -33.678016254363619 ], [ -65.487017337223804, -33.680923508744719 ], [ -65.487184129529084, -33.681438092460127 ], [ -65.485034988351501, -33.681961077911986 ], [ -65.486544483074965, -33.686542793717116 ], [ -65.489967183021818, -33.682220447434908 ], [ -65.491893943361191, -33.681457547436189 ], [ -65.493634148384999, -33.679859905739917 ], [ -65.498883307999009, -33.677050388628309 ], [ -65.502507914316794, -33.675879474139329 ], [ -65.501196048525571, -33.672903527347003 ] ] ] } },
{ "type": "Feature", "properties": { "codigo_indec": "740350908" }, "geometry": { "type": "Polygon", "coordinates": [ [ [ -65.46118977655631, -33.674867788862684 ], [ -65.455869234983098, -33.675998478846424 ], [ -65.456677041490067, -33.678720244686843 ], [ -65.46200060538537, -33.67756248754997 ], [ -65.46118977655631, -33.674867788862684 ] ] ] } },
{ "type": "Feature", "properties": { "codigo_indec": "740350814" }, "geometry": { "type": "Polygon", "coordinates": [ [ [ -65.450077173817562, -33.663936969007459 ], [ -65.451175567674341, -33.663725475369034 ], [ -65.451937436809104, -33.666424533005362 ], [ -65.457295455156157, -33.665249093889884 ], [ -65.456484883591514, -33.662554361584291 ], [ -65.450077173817562, -33.663936969007459 ] ] ] } },
{ "type": "Feature", "properties": { "codigo_indec": "740350811" }, "geometry": { "type": "Polygon", "coordinates": [ [ [ -65.439485727343452, -33.662428860935584 ], [ -65.429605872994586, -33.664651096828443 ], [ -65.429706156293847, -33.664976122240475 ], [ -65.430618568776026, -33.664772969095928 ], [ -65.432199763438803, -33.669856041207986 ], [ -65.440962992922024, -33.667817885769736 ], [ -65.439485727343452, -33.662428860935584 ] ] ] } },
{ "type": "Feature", "properties": { "codigo_indec": "740350712" }, "geometry": { "type": "Polygon", "coordinates": [ [ [ -65.470715324581761, -33.668057060847225 ], [ -65.468789775828895, -33.66162514742701 ], [ -65.465628349885819, -33.662454484806823 ], [ -65.46751949930831, -33.668746554730703 ], [ -65.470715324581761, -33.668057060847225 ] ] ] } },
{ "type": "Feature", "properties": { "codigo_indec": "740350707" }, "geometry": { "type": "Polygon", "coordinates": [ [ [ -65.459693591044342, -33.658056093697581 ], [ -65.460488247983818, -33.660719182979271 ], [ -65.461755172885972, -33.661134918292333 ], [ -65.46198646697016, -33.662082568847929 ], [ -65.46596433582954, -33.663479213573559 ], [ -65.464065771421062, -33.657114958341388 ], [ -65.459693591044342, -33.658056093697581 ] ] ] } },
{ "type": "Feature", "properties": { "codigo_indec": "740350603" }, "geometry": { "type": "Polygon", "coordinates": [ [ [ -65.810426683946346, -33.770065905208639 ], [ -65.783145618829465, -33.668720594061661 ], [ -65.713078820247958, -33.667586072031135 ], [ -65.583871857595028, -33.692525650339448 ], [ -65.58836453111347, -33.707682503605398 ], [ -65.561252896233896, -33.716753575708537 ], [ -65.521186121463472, -33.745112033058192 ], [ -65.530502913563211, -33.777671394901915 ], [ -65.538869031950725, -33.80451956468255 ], [ -65.713306287849491, -33.783289218369887 ], [ -65.810426683946346, -33.770065905208639 ] ] ] } },
{ "type": "Feature", "properties": { "codigo_indec": "740350303" }, "geometry": { "type": "Polygon", "coordinates": [ [ [ -65.18996445129298, -32.996440540966958 ], [ -65.154901329275063, -32.999003186698047 ], [ -65.056166184400325, -33.0162651426864 ], [ -65.015706699883467, -33.023819233525337 ], [ -65.016756781295456, -33.026361061535439 ], [ -65.022364954097824, -33.033410706048848 ], [ -65.031015638421124, -33.04130424172741 ], [ -65.03148900289365, -33.04866962750372 ], [ -65.03800463991243, -33.052993714941323 ], [ -65.04471548765278, -33.054668204870346 ], [ -65.043073199511738, -33.064208248925297 ], [ -65.046650100372005, -33.071358412875291 ], [ -65.049525641244159, -33.084773857570845 ], [ -65.163944896804594, -33.086030959432883 ], [ -65.163345413333587, -33.105786028011963 ], [ -65.196668654757048, -33.107172875715904 ], [ -65.198703397656246, -33.085709215195209 ], [ -65.198401106332156, -33.043452303717423 ], [ -65.202235315993548, -33.043264997324435 ], [ -65.18996445129298, -32.996440540966958 ] ] ] } },
{ "type": "Feature", "properties": { "codigo_indec": "740561803" }, "geometry": { "type": "Polygon", "coordinates": [ [ [ -66.705430071976451, -34.050217552566565 ], [ -66.574812002006652, -34.054147642671261 ], [ -66.567595631188055, -34.058580526776751 ], [ -66.563992283222561, -34.066066088047457 ], [ -66.55346000602637, -34.064757201902978 ], [ -66.550286815108564, -34.066538401948314 ], [ -66.547277588116287, -34.068990412012802 ], [ -66.544845132959708, -34.069339284501233 ], [ -66.543049210399019, -34.068008496849878 ], [ -66.540148582761759, -34.070117280976817 ], [ -66.538177825483132, -34.070252137742486 ], [ -66.536666016563316, -34.071016013881895 ], [ -66.533955936345038, -34.074183089183613 ], [ -66.530433472797384, -34.076105028356523 ], [ -66.527463262821257, -34.078880927685667 ], [ -66.525324241866812, -34.076365874819757 ], [ -66.520661338166022, -34.074325777884198 ], [ -66.518180395585674, -34.073871988218322 ], [ -66.516267077311383, -34.071441464921371 ], [ -66.513457447917361, -34.070357904359845 ], [ -66.512228223961941, -34.067712601480849 ], [ -66.508409724127205, -34.063184854881612 ], [ -66.503325955920687, -34.058472854875241 ], [ -66.494177670086401, -34.063427710565755 ], [ -66.478972471128898, -34.064961873984387 ], [ -66.446316649703704, -34.063124008903145 ], [ -66.452395136985828, -34.08584687809963 ], [ -66.464039288966688, -34.123409728546214 ], [ -66.463851365331308, -34.124230805345292 ], [ -66.472088636025461, -34.15473770681001 ], [ -66.472064220646118, -34.176653156972492 ], [ -66.472750456751186, -34.189812312061207 ], [ -66.473587327820141, -34.255536510877761 ], [ -66.499318176915111, -34.257886431218331 ], [ -66.539108633191333, -34.260341193264686 ], [ -66.564027081649655, -34.278763401729599 ], [ -66.614366698200598, -34.282059641513527 ], [ -66.665363749082474, -34.283204144000592 ], [ -66.749449270768736, -34.280226171461933 ], [ -66.783519143218086, -34.276736259671559 ], [ -66.78356129074443, -34.270159839769605 ], [ -66.789252095345873, -34.264746112208705 ], [ -66.79602952485898, -34.261236166105917 ], [ -66.800133875885791, -34.257828964340177 ], [ -66.799709609695071, -34.255731328772292 ], [ -66.797844778432349, -34.254558058960797 ], [ -66.794161027757937, -34.255348222551312 ], [ -66.789079963387351, -34.253871086746862 ], [ -66.785936798564933, -34.251799885821825 ], [ -66.785966645691246, -34.248004534498861 ], [ -66.784696105382579, -34.245033335883569 ], [ -66.784169937802361, -34.240092170427843 ], [ -66.784558890555388, -34.234924287228615 ], [ -66.783481076368702, -34.231640828906983 ], [ -66.780687125052395, -34.230847329390976 ], [ -66.773976633593236, -34.230804229770925 ], [ -66.764695283060675, -34.227612670044586 ], [ -66.757998622402241, -34.228479090879723 ], [ -66.754318617333254, -34.232648538087389 ], [ -66.749623386852846, -34.235287082772068 ], [ -66.74536033463886, -34.234961498817462 ], [ -66.743360129391959, -34.232449528766594 ], [ -66.743564056014577, -34.23064535407898 ], [ -66.746131398533691, -34.22885837225428 ], [ -66.748062552176549, -34.225402993472123 ], [ -66.747105804610214, -34.222136489975291 ], [ -66.743514268100483, -34.220657368596306 ], [ -66.737492602338548, -34.222045934404861 ], [ -66.731809380926506, -34.220867500372457 ], [ -66.728775484418904, -34.221728442715857 ], [ -66.723492741523813, -34.221363073991874 ], [ -66.720702630233163, -34.217092999990292 ], [ -66.725245189851762, -34.216592949261553 ], [ -66.724996951943893, -34.214850067046349 ], [ -66.720718721417342, -34.214203684059726 ], [ -66.718329750106264, -34.213045783206113 ], [ -66.717467360668891, -34.210197665825511 ], [ -66.719441373623582, -34.208184830573288 ], [ -66.727989711501223, -34.207967621434094 ], [ -66.728310476551187, -34.206784786645123 ], [ -66.726077789722638, -34.204859853483448 ], [ -66.725348962197273, -34.201474620880617 ], [ -66.72323492068125, -34.200396318004543 ], [ -66.723937337467902, -34.199116587421393 ], [ -66.726419418539336, -34.197569407112049 ], [ -66.724958013996186, -34.196045543455227 ], [ -66.722772751080086, -34.196139570194241 ], [ -66.720602985799516, -34.194867730792119 ], [ -66.720474147972254, -34.192475067825264 ], [ -66.717573550376656, -34.190076109124213 ], [ -66.718459338132973, -34.187073513542927 ], [ -66.724642849562926, -34.185518160625918 ], [ -66.729617346103737, -34.182784249900493 ], [ -66.728906867203236, -34.179317783992303 ], [ -66.725372153935538, -34.17598973790097 ], [ -66.722391127470814, -34.170783251159065 ], [ -66.71754580014111, -34.167899896104352 ], [ -66.718438130613109, -34.164094935489132 ], [ -66.716472679718578, -34.158981503619508 ], [ -66.720021718214241, -34.155819072582105 ], [ -66.719434031853538, -34.154610025178599 ], [ -66.714451781622358, -34.1543371280695 ], [ -66.712918543819839, -34.15221403575805 ], [ -66.710704725538321, -34.152326036021819 ], [ -66.710356316061223, -34.147946843483403 ], [ -66.711153103972336, -34.146310544738078 ], [ -66.714134937696869, -34.145680226439573 ], [ -66.715844798841871, -34.146900793220922 ], [ -66.724532595324547, -34.146912930454683 ], [ -66.728911663570145, -34.141072443062669 ], [ -66.73183236154776, -34.139675798712076 ], [ -66.732746339583102, -34.137542846543802 ], [ -66.731900903396721, -34.136308349104063 ], [ -66.728017549086189, -34.136372003148544 ], [ -66.721764649572464, -34.132208000388708 ], [ -66.720178605522818, -34.128624893316719 ], [ -66.719982761461836, -34.124384549703898 ], [ -66.724453584224378, -34.121455470251298 ], [ -66.723300803131266, -34.119735918212193 ], [ -66.722822120663253, -34.115389060906004 ], [ -66.718059163432827, -34.112257284533179 ], [ -66.716400309668288, -34.10897203046958 ], [ -66.715912246085765, -34.106356050259599 ], [ -66.714255222725953, -34.103264572392703 ], [ -66.711092899080057, -34.101250058849374 ], [ -66.710998804478066, -34.099393532983036 ], [ -66.713047228047458, -34.098137603007125 ], [ -66.711990736401475, -34.097174628058148 ], [ -66.712445307917918, -34.095815248723099 ], [ -66.713720114016084, -34.095032566849113 ], [ -66.712889284633846, -34.093193841108189 ], [ -66.711366944460678, -34.092233561844225 ], [ -66.709399245623487, -34.089188881432896 ], [ -66.709001165549566, -34.086928433201422 ], [ -66.710352560665058, -34.082354566173478 ], [ -66.709957573906436, -34.082086401049722 ], [ -66.714795626257811, -34.07408464203457 ], [ -66.715911858243587, -34.071233930074499 ], [ -66.715084859929931, -34.069183337294071 ], [ -66.712278153876525, -34.066472613559178 ], [ -66.711739993068733, -34.064943188978582 ], [ -66.714454323035639, -34.057300784340619 ], [ -66.714005865512846, -34.056455983381966 ], [ -66.711991389885299, -34.05549855942143 ], [ -66.71150545536878, -34.05308085326957 ], [ -66.710672242675145, -34.05187315911715 ], [ -66.708172533148854, -34.050503786094779 ], [ -66.706931108726408, -34.04903698202574 ], [ -66.705430071976451, -34.050217552566565 ] ] ] } },
{ "type": "Feature", "properties": { "codigo_indec": "740561904" }, "geometry": { "type": "Polygon", "coordinates": [ [ [ -66.300709228632229, -34.296834170108596 ], [ -66.286643792553647, -34.300347610276617 ], [ -66.27508537195267, -34.308496467334294 ], [ -66.242573990674416, -34.315420934994933 ], [ -66.202384773931229, -34.32513979084105 ], [ -66.195803597057306, -34.337180748261304 ], [ -66.149670881983809, -34.346021732390525 ], [ -66.150186332439318, -34.347093861379953 ], [ -66.121337646065612, -34.350537948954624 ], [ -66.054896128750244, -34.357044866670989 ], [ -66.059235370114465, -34.671664270564705 ], [ -66.121968275595208, -34.670220428933014 ], [ -66.242609753303114, -34.668958322510747 ], [ -66.242177743091645, -34.648911350847477 ], [ -66.286153738182918, -34.608652669820842 ], [ -66.298779620065929, -34.586762513952465 ], [ -66.300164155366176, -34.482880754862506 ], [ -66.298831808682394, -34.409121961946269 ], [ -66.300709228632229, -34.296834170108596 ] ] ] } },
{ "type": "Feature", "properties": { "codigo_indec": "740561703" }, "geometry": { "type": "Polygon", "coordinates": [ [ [ -66.747344661073541, -33.398673420498682 ], [ -66.588732998722264, -33.367741339049367 ], [ -66.58755049264154, -33.420373391802535 ], [ -66.560499499619581, -33.423726291381897 ], [ -66.530966114869656, -33.423247644972058 ], [ -66.522923881911552, -33.468546507977045 ], [ -66.520529427234734, -33.548838533536816 ], [ -66.519783338894854, -33.556856733276575 ], [ -66.518151918164335, -33.560916180417991 ], [ -66.519375645997741, -33.564305503880242 ], [ -66.540222808320735, -33.599346219608066 ], [ -66.558070856693334, -33.627968518386538 ], [ -66.565867351524375, -33.6422499838324 ], [ -66.570013795519003, -33.648668118012118 ], [ -66.574275941417682, -33.65415244649688 ], [ -66.577955211351096, -33.649776236462628 ], [ -66.580358005370201, -33.647997913739736 ], [ -66.582768354852035, -33.647355480487995 ], [ -66.583811102892909, -33.645331055776474 ], [ -66.585103870682815, -33.644022183314242 ], [ -66.588025367477485, -33.643670236752421 ], [ -66.596481256960502, -33.64438704686183 ], [ -66.603433491452535, -33.645867939018977 ], [ -66.609472488539652, -33.646216974060593 ], [ -66.618422938775737, -33.648201044542638 ], [ -66.626694344090339, -33.648655252985449 ], [ -66.643431513818115, -33.646676002193189 ], [ -66.657261368645507, -33.639535021283557 ], [ -66.661763135144341, -33.636229328465575 ], [ -66.668534641086723, -33.633794752335604 ], [ -66.674866898809128, -33.633129263966609 ], [ -66.687385325071631, -33.629048369971891 ], [ -66.694734016860551, -33.628529478465389 ], [ -66.730062901225011, -33.629281614767933 ], [ -66.769399633821749, -33.631946137186873 ], [ -66.775968630834512, -33.629845042538435 ], [ -66.781205474899011, -33.628842902206635 ], [ -66.786641485866269, -33.629313312551176 ], [ -66.794991809097169, -33.631725657234767 ], [ -66.799218756009893, -33.63516487344954 ], [ -66.803104627933621, -33.641883288581923 ], [ -66.805684918618084, -33.644931767557381 ], [ -66.805608456710615, -33.560542246077922 ], [ -66.804353903739369, -33.54369570334719 ], [ -66.798936813747531, -33.540611364333337 ], [ -66.789871650722915, -33.541503469612337 ], [ -66.775885935230164, -33.540280116160673 ], [ -66.764669677834576, -33.486697407411675 ], [ -66.747344661073541, -33.398673420498682 ] ], [ [ -66.643142835163928, -33.490849776610915 ], [ -66.649469631372796, -33.498024929984155 ], [ -66.651004422586894, -33.497124309604096 ], [ -66.656223287396301, -33.503511529219907 ], [ -66.651332057348057, -33.504231556855046 ], [ -66.641048122285909, -33.492424877739019 ], [ -66.643142835163928, -33.490849776610915 ] ] ] } },
{ "type": "Feature", "properties": { "codigo_indec": "740490213" }, "geometry": { "type": "Polygon", "coordinates": [ [ [ -65.290158668663651, -32.372537596682371 ], [ -65.301275974162564, -32.400458843189966 ], [ -65.302593089075984, -32.408865791283326 ], [ -65.310853982637497, -32.41181933098958 ], [ -65.312728667259307, -32.415179510261623 ], [ -65.303838361025157, -32.413160418602999 ], [ -65.303853322901475, -32.415365238004277 ], [ -65.289869299659472, -32.414272753386548 ], [ -65.252845001727479, -32.413422933075026 ], [ -65.23594784333595, -32.412185430469691 ], [ -65.217498948473406, -32.412207472133943 ], [ -65.177069179772417, -32.414907562797197 ], [ -65.177213111701491, -32.430670573529994 ], [ -65.178030837005039, -32.436050156633705 ], [ -65.184350870186407, -32.461569264530567 ], [ -65.424402875295854, -32.525701074786518 ], [ -65.423934264959456, -32.521158737428436 ], [ -65.419786447625043, -32.517374964691591 ], [ -65.412819655419241, -32.514682544788101 ], [ -65.410152096557823, -32.511266046613535 ], [ -65.407268834067764, -32.508723150901552 ], [ -65.407387231781186, -32.505274600892712 ], [ -65.409000666937914, -32.503045904359311 ], [ -65.410674642934936, -32.493968836785498 ], [ -65.410510281631886, -32.490212362142586 ], [ -65.40962631318277, -32.486682452974435 ], [ -65.404082775789149, -32.483942118729239 ], [ -65.401179077521206, -32.479419683810455 ], [ -65.399399597774803, -32.473847523627995 ], [ -65.390743009691576, -32.463616355493365 ], [ -65.387940276336309, -32.456938956492266 ], [ -65.387667256502638, -32.451310811273089 ], [ -65.389610037451021, -32.448267872225038 ], [ -65.394720001641176, -32.44627264917137 ], [ -65.404740557443233, -32.446627000699145 ], [ -65.41242851519219, -32.44550888099662 ], [ -65.421810024386218, -32.442269976062505 ], [ -65.426293034326406, -32.437944097807545 ], [ -65.429031203171547, -32.434137674866882 ], [ -65.428103708938778, -32.431153218336526 ], [ -65.424164080749563, -32.428682539452318 ], [ -65.421379800566825, -32.42138823033541 ], [ -65.417126904847422, -32.415236789616308 ], [ -65.412969558165827, -32.412065904446067 ], [ -65.406397532214854, -32.408383064801313 ], [ -65.406860458952011, -32.405864876647989 ], [ -65.409296346184902, -32.403563349246227 ], [ -65.407228572678449, -32.400365980993335 ], [ -65.404376185382162, -32.399329055416679 ], [ -65.404557617567562, -32.396786998081602 ], [ -65.407918975666647, -32.395553918514501 ], [ -65.40887366126951, -32.393394214862518 ], [ -65.406523115138768, -32.390407415137432 ], [ -65.405773818632795, -32.386760838569856 ], [ -65.406514150638316, -32.384464877229718 ], [ -65.40519679227225, -32.38278142314757 ], [ -65.402779239665534, -32.381962932201098 ], [ -65.397770665810569, -32.382466626885986 ], [ -65.394044398788779, -32.380708405104883 ], [ -65.387257607723228, -32.380955143410482 ], [ -65.374541420215635, -32.379995464496773 ], [ -65.367746915637753, -32.378681099196641 ], [ -65.364951001479952, -32.376949227326485 ], [ -65.360887537051184, -32.371892460594566 ], [ -65.359327134908867, -32.36828207681841 ], [ -65.349385560846343, -32.36926367028375 ], [ -65.349418810530082, -32.35980004418812 ], [ -65.290158668663651, -32.372537596682371 ] ] ] } },
{ "type": "Feature", "properties": { "codigo_indec": "740420406" }, "geometry": { "type": "Polygon", "coordinates": [ [ [ -65.737610478607721, -35.422717868052963 ], [ -65.737963179133715, -35.538054599403459 ], [ -65.699592966294276, -35.537838943678835 ], [ -65.642412019692387, -35.585852604582584 ], [ -65.642367341462531, -35.614499915430727 ], [ -65.639059462896441, -35.703333654688002 ], [ -65.676308619320736, -35.703813618770333 ], [ -65.675989017055443, -35.711798038256589 ], [ -65.739346280758241, -35.71345705659769 ], [ -65.807730376402105, -35.714581641158496 ], [ -65.807311692801392, -35.734710916093618 ], [ -65.912952317663752, -35.737181533434018 ], [ -65.916451017926306, -35.63918780248337 ], [ -65.944027782127961, -35.639978880578802 ], [ -65.947509851832095, -35.620945220709466 ], [ -65.953432391043776, -35.620150013117602 ], [ -65.954550524928791, -35.6143686570881 ], [ -65.957020512019255, -35.608542710195628 ], [ -65.961919524476599, -35.599558464755638 ], [ -65.973683420591911, -35.590706388656486 ], [ -65.945885871286336, -35.590156336459749 ], [ -65.918510139417549, -35.590217546376849 ], [ -65.926120250208783, -35.362127381639311 ], [ -65.917283092982444, -35.339552331933966 ], [ -65.913505585760817, -35.333474704054403 ], [ -65.915759708064883, -35.291726386953414 ], [ -65.928893969751343, -35.291951142613989 ], [ -65.930480139829285, -35.24650634432529 ], [ -65.820529226647537, -35.244171424526307 ], [ -65.814227972030722, -35.424500431156794 ], [ -65.737610478607721, -35.422717868052963 ] ] ] } },
{ "type": "Feature", "properties": { "codigo_indec": "740420401" }, "geometry": { "type": "Polygon", "coordinates": [ [ [ -66.49489417606955, -35.167350129656839 ], [ -66.404531478017248, -35.168897901411398 ], [ -66.328698915307655, -35.167099355337108 ], [ -66.325130573985334, -35.176514602937011 ], [ -66.324777951931708, -35.203772380226532 ], [ -66.326326963801748, -35.206670556016924 ], [ -66.328177495433138, -35.208053629857297 ], [ -66.328188003531537, -35.213394082816336 ], [ -66.323995732789257, -35.250112611569335 ], [ -66.323605173261029, -35.25690075318812 ], [ -66.32460673903212, -35.276587817909785 ], [ -66.320824980952224, -35.293123906356819 ], [ -66.321231341402111, -35.302064064723112 ], [ -66.325201665342647, -35.311292116243621 ], [ -66.325344535289645, -35.316077804055517 ], [ -66.324456419556427, -35.321551270138016 ], [ -66.317694787608474, -35.328338216345763 ], [ -66.315765672997784, -35.332863438022855 ], [ -66.314534193662823, -35.337936623430629 ], [ -66.315975502471318, -35.342971289073461 ], [ -66.32144477540345, -35.351830432875637 ], [ -66.322121783642913, -35.35747543690691 ], [ -66.313792196864725, -35.394217246042899 ], [ -66.312519407725176, -35.40810536745655 ], [ -66.312362171800928, -35.422991025231582 ], [ -66.313570395159161, -35.439968661884521 ], [ -66.318786488865655, -35.449346679243718 ], [ -66.324642767488811, -35.463531221848015 ], [ -66.327967052658266, -35.480484855221825 ], [ -66.327397544976009, -35.505114563178786 ], [ -66.330781046126972, -35.516443717012848 ], [ -66.339293354980441, -35.59408470086106 ], [ -66.343636810814473, -35.599561245136421 ], [ -66.350204205220351, -35.604305647069779 ], [ -66.349411198623827, -35.612919747628162 ], [ -66.350949844625973, -35.624050659720972 ], [ -66.353472039476856, -35.634047538089845 ], [ -66.358987274009536, -35.645315281673064 ], [ -66.360044847689366, -35.709942662167897 ], [ -66.352304021018, -35.709961063513198 ], [ -66.353446604250038, -35.714081030931332 ], [ -66.35427504549871, -35.721482533678319 ], [ -66.357485042308824, -35.738033854663797 ], [ -66.35850917692261, -35.747020944127598 ], [ -66.365891620543195, -35.759102707177632 ], [ -66.369140664403432, -35.770079178751651 ], [ -66.372792029412622, -35.775826979632384 ], [ -66.375459578938489, -35.781582244602049 ], [ -66.396066460888306, -35.799117718524428 ], [ -66.40637019817612, -35.812976191775583 ], [ -66.412487163181609, -35.819034316616481 ], [ -66.418560063948419, -35.826007045736461 ], [ -66.427214654182137, -35.841072547888352 ], [ -66.433703026987274, -35.855694593374835 ], [ -66.437981366673839, -35.868183865544054 ], [ -66.441884721716733, -35.877713750140387 ], [ -66.443602005291709, -35.879852380176487 ], [ -66.446240407725611, -35.8803473038136 ], [ -66.449389779482232, -35.879641605534523 ], [ -66.464224557464988, -35.88979625974482 ], [ -66.48275767512898, -35.897739724277933 ], [ -66.575010216315604, -35.895697713734954 ], [ -66.621020508556143, -35.883265903359181 ], [ -66.61958364185854, -35.881849372777523 ], [ -66.619460935157406, -35.876046049967584 ], [ -66.620572433855898, -35.869479313301447 ], [ -66.619154315385785, -35.864034145608052 ], [ -66.619773389345724, -35.859646431242275 ], [ -66.621333884869586, -35.857804351403196 ], [ -66.621922886769838, -35.855611294371357 ], [ -66.62205756310847, -35.851239587994819 ], [ -66.621811312061098, -35.849474433215562 ], [ -66.619753485756462, -35.846064858899624 ], [ -66.614868877443811, -35.843516910100966 ], [ -66.611027664401902, -35.838426464210713 ], [ -66.608856480636476, -35.832394653711852 ], [ -66.60615540315338, -35.828672653887459 ], [ -66.602557831344214, -35.824901012905784 ], [ -66.60185550668038, -35.823120067742032 ], [ -66.601968772868986, -35.817968885557882 ], [ -66.597528478418013, -35.811650774251433 ], [ -66.595483030794924, -35.810367634949543 ], [ -66.594544257507309, -35.809110535785003 ], [ -66.593851519359603, -35.80597311291595 ], [ -66.591388417551642, -35.801303271183251 ], [ -66.591745149725924, -35.797939858598063 ], [ -66.58917076078977, -35.794626891809102 ], [ -66.588579492145612, -35.792827288356115 ], [ -66.589445796285446, -35.784684753995904 ], [ -66.583380061060765, -35.776508436164285 ], [ -66.583579124125819, -35.775371892144022 ], [ -66.582662920037023, -35.772956470653831 ], [ -66.580636468661922, -35.771073639428835 ], [ -66.579756373864726, -35.769424084828877 ], [ -66.579596731184282, -35.766473247621569 ], [ -66.580277520353349, -35.764667456501577 ], [ -66.580716080302381, -35.760726856999661 ], [ -66.581870640646869, -35.759838047468492 ], [ -66.582250279000874, -35.758826804686144 ], [ -66.58228431327592, -35.754392462943862 ], [ -66.580380346825009, -35.746470607020051 ], [ -66.582652868964232, -35.738970172057243 ], [ -66.579088988927111, -35.735697784880585 ], [ -66.578332400312163, -35.720109626777614 ], [ -66.579239262157557, -35.717140115495972 ], [ -66.579027503101344, -35.709255091156102 ], [ -66.579543071953651, -35.706440669487066 ], [ -66.57825467274661, -35.700935639779601 ], [ -66.5760024254771, -35.6965753064406 ], [ -66.571735080134985, -35.693116767105728 ], [ -66.567139423210278, -35.690826759644658 ], [ -66.565504762748091, -35.689320322539153 ], [ -66.564623006246535, -35.684908254558458 ], [ -66.560834115762248, -35.680599880603005 ], [ -66.561233054340221, -35.678020394997603 ], [ -66.560509229306732, -35.675211809276178 ], [ -66.559888739613186, -35.673353576068898 ], [ -66.558117047203709, -35.672320835601475 ], [ -66.559007430264273, -35.66695415113945 ], [ -66.558897162850172, -35.664998906808577 ], [ -66.560129610743772, -35.66158637791208 ], [ -66.555930708572575, -35.658072852410854 ], [ -66.556536419749719, -35.656240473458368 ], [ -66.558940701901477, -35.654210489957336 ], [ -66.558830773350749, -35.652696863149707 ], [ -66.555100951287216, -35.649875103876148 ], [ -66.552473950045965, -35.645615148334649 ], [ -66.547237589316936, -35.641583320382999 ], [ -66.547482543518896, -35.6398607730546 ], [ -66.546981068575448, -35.637154720558534 ], [ -66.547501545199964, -35.634957751044531 ], [ -66.550875390066523, -35.631093923251925 ], [ -66.554350269808609, -35.631118540213599 ], [ -66.556122637423215, -35.62999729588514 ], [ -66.55657622106898, -35.628544147228588 ], [ -66.560874830689656, -35.623634788457771 ], [ -66.561077976169429, -35.620321651194963 ], [ -66.563876939060933, -35.616505195137613 ], [ -66.563510156686533, -35.614569164747849 ], [ -66.562809083784629, -35.613752278908827 ], [ -66.563182548759585, -35.611920939913297 ], [ -66.562005441115929, -35.609709291709407 ], [ -66.562147765764593, -35.607572597799326 ], [ -66.563066832149289, -35.606432695526429 ], [ -66.565807360744913, -35.605369868815281 ], [ -66.566062282810094, -35.603958170129829 ], [ -66.565448451634424, -35.602983164226828 ], [ -66.56325833570753, -35.602263384850424 ], [ -66.562874332725514, -35.601007894234634 ], [ -66.563523717396038, -35.599977400521716 ], [ -66.56775782313197, -35.599488861240538 ], [ -66.56841727538783, -35.598332114647128 ], [ -66.566612674538106, -35.594365967777783 ], [ -66.567491784369466, -35.589548992529181 ], [ -66.566209353494358, -35.58801833961482 ], [ -66.564869092673462, -35.588065186142749 ], [ -66.563717838293726, -35.587529807342968 ], [ -66.56454554556656, -35.585984741653149 ], [ -66.566698682007711, -35.58464975319734 ], [ -66.56904612846931, -35.581159744996796 ], [ -66.569212888670833, -35.579779995680028 ], [ -66.568201566667852, -35.578347221502924 ], [ -66.565957448624204, -35.578091900558846 ], [ -66.564317040880255, -35.577004532592078 ], [ -66.563392282582839, -35.575706504078575 ], [ -66.563274800055353, -35.573895473377299 ], [ -66.562381033102326, -35.571894289968668 ], [ -66.560890415603879, -35.571301880857355 ], [ -66.557188666430363, -35.571197374058677 ], [ -66.554055255616717, -35.569521907592105 ], [ -66.548950801855469, -35.56874311582547 ], [ -66.547443025226443, -35.567226800127074 ], [ -66.546823861477677, -35.564579830536807 ], [ -66.543716165729506, -35.562967064803225 ], [ -66.539765351036422, -35.562259282116315 ], [ -66.537370346429327, -35.55956161408735 ], [ -66.537246687363123, -35.554253582466281 ], [ -66.533550586509108, -35.547388657211506 ], [ -66.532034814581721, -35.542469807894513 ], [ -66.531040847055209, -35.541406160534642 ], [ -66.529534270741806, -35.54162008218163 ], [ -66.52887711238543, -35.542722539815941 ], [ -66.527037345668447, -35.543000981466854 ], [ -66.525857153660013, -35.542118362981228 ], [ -66.524898071730448, -35.539625967092029 ], [ -66.523031991069189, -35.538390293686362 ], [ -66.523592583306822, -35.535571326718376 ], [ -66.525211376601959, -35.535248835918182 ], [ -66.526116325469943, -35.534523858581217 ], [ -66.526048445307282, -35.533415566349312 ], [ -66.523162424713774, -35.529183035341156 ], [ -66.523274685716814, -35.528218165644354 ], [ -66.525473493322536, -35.527253236233094 ], [ -66.52638134195719, -35.525297979434818 ], [ -66.525985036031045, -35.523699913701641 ], [ -66.523434662878159, -35.521867863864017 ], [ -66.522513463437875, -35.520492879008472 ], [ -66.523834858952355, -35.517711163335392 ], [ -66.522955921693068, -35.514772251762494 ], [ -66.522527838346932, -35.509952180163253 ], [ -66.520694807572639, -35.506039470638932 ], [ -66.520614322049397, -35.504669848320745 ], [ -66.522236049415966, -35.503617335985048 ], [ -66.523139940021636, -35.501504387047397 ], [ -66.52228513915108, -35.494599650187716 ], [ -66.522381349268187, -35.489457330160121 ], [ -66.522062707563592, -35.487899463218355 ], [ -66.520568552611095, -35.485616619826899 ], [ -66.520085416883845, -35.482464156477199 ], [ -66.518172972485004, -35.480223641141698 ], [ -66.518670363357899, -35.476174667643591 ], [ -66.518175456521092, -35.467731604095405 ], [ -66.5191282624492, -35.465559879344816 ], [ -66.51780717363259, -35.463988275532444 ], [ -66.518341738688932, -35.461881440401235 ], [ -66.522197998464733, -35.461107725293452 ], [ -66.523626223387069, -35.4592313356939 ], [ -66.521358726374515, -35.455243871943395 ], [ -66.520395468573369, -35.449777114909175 ], [ -66.522364736953676, -35.447704623601581 ], [ -66.52709481839031, -35.445493895457773 ], [ -66.528160371774575, -35.443375679593373 ], [ -66.527797217248732, -35.441313279610917 ], [ -66.523409375600508, -35.435951586779311 ], [ -66.522644693057188, -35.433079732209222 ], [ -66.522993745617512, -35.431284620784361 ], [ -66.52074750271963, -35.426192930018914 ], [ -66.522135558582292, -35.419886793576168 ], [ -66.521716567365161, -35.413818288816067 ], [ -66.519576439837948, -35.411876179225715 ], [ -66.518125531879932, -35.409665189554339 ], [ -66.519852661647846, -35.407314361648787 ], [ -66.519995840168107, -35.406038390973322 ], [ -66.517657596073576, -35.404493673386867 ], [ -66.515227249119647, -35.403598246740501 ], [ -66.510311026848797, -35.397774109157282 ], [ -66.50807040412225, -35.397247272833212 ], [ -66.506644824130859, -35.395473167699492 ], [ -66.509535336093919, -35.393018452634379 ], [ -66.511015660767683, -35.390817502471123 ], [ -66.511115625866367, -35.388780111249012 ], [ -66.51265439692753, -35.388007474953099 ], [ -66.512629390784468, -35.386664623619417 ], [ -66.510246176913611, -35.38354715207813 ], [ -66.509991606495149, -35.380258428441145 ], [ -66.505164303550259, -35.374726603900804 ], [ -66.505965463747103, -35.370852098851785 ], [ -66.504451014363042, -35.366649280792139 ], [ -66.502813653446665, -35.365223010029055 ], [ -66.5024770857585, -35.361515487413101 ], [ -66.504716994813663, -35.355904460237056 ], [ -66.504463994548345, -35.351489052981833 ], [ -66.499411589612976, -35.347021461063946 ], [ -66.499479918723736, -35.344718304916952 ], [ -66.497029050649047, -35.342840140049169 ], [ -66.496108278037752, -35.335723481833398 ], [ -66.497970045744054, -35.329469662217349 ], [ -66.497994774950669, -35.327225265736573 ], [ -66.496347174841375, -35.323973755992306 ], [ -66.49735455021856, -35.323253063880621 ], [ -66.499592640594571, -35.323712525252475 ], [ -66.500879939829673, -35.322467879082495 ], [ -66.497546741478857, -35.320516754453415 ], [ -66.495710216630386, -35.318717141935004 ], [ -66.495037788203163, -35.311234390501276 ], [ -66.493897359879711, -35.309039818182299 ], [ -66.496084625685242, -35.304393540757296 ], [ -66.497893636007916, -35.301754232120373 ], [ -66.505116773538219, -35.301251083367418 ], [ -66.507668536836093, -35.299212413467089 ], [ -66.508662395544874, -35.297274890975878 ], [ -66.508653624586799, -35.294994569484558 ], [ -66.509532082909345, -35.292196755920408 ], [ -66.516273763823691, -35.286566414210498 ], [ -66.516263008982548, -35.284439324526197 ], [ -66.51411390331765, -35.283119017188824 ], [ -66.511786950913447, -35.280163510549762 ], [ -66.511841951619857, -35.277986566385103 ], [ -66.513706715533317, -35.276081362612878 ], [ -66.516916663444022, -35.275297052535457 ], [ -66.51864478402581, -35.273536569176571 ], [ -66.514199105487577, -35.270513554685166 ], [ -66.51266317141237, -35.266585761518797 ], [ -66.509637239035598, -35.264678708066441 ], [ -66.508066130439403, -35.261224199155016 ], [ -66.503480598271395, -35.253627099142484 ], [ -66.500043623680142, -35.252217242100016 ], [ -66.499295213818726, -35.246641070039516 ], [ -66.49735992156134, -35.245040155217659 ], [ -66.490901772576393, -35.244498681566469 ], [ -66.487905891774233, -35.241883401248508 ], [ -66.482692369121196, -35.239966432128014 ], [ -66.484347399212865, -35.237922798701085 ], [ -66.486239089828402, -35.233669914825434 ], [ -66.488400414815729, -35.226784003378548 ], [ -66.486193648530445, -35.223291184805532 ], [ -66.487108234286183, -35.218262540021804 ], [ -66.483903874676557, -35.215958946010815 ], [ -66.481059572900662, -35.214618270163996 ], [ -66.480732441242978, -35.211757811914914 ], [ -66.481274632826981, -35.207325564414425 ], [ -66.489551261591487, -35.206697498043368 ], [ -66.491524596102352, -35.203854783926168 ], [ -66.491521381757806, -35.200587431776604 ], [ -66.492775153839744, -35.19818025835729 ], [ -66.495418367619692, -35.195402351116527 ], [ -66.496431588398465, -35.190936552726541 ], [ -66.493367886292916, -35.187699727695673 ], [ -66.490590865232761, -35.183713545303291 ], [ -66.492901667692877, -35.1786746570886 ], [ -66.492491542885972, -35.176202131283965 ], [ -66.493959838189397, -35.174844133494446 ], [ -66.495341180401255, -35.170922142930998 ], [ -66.49489417606955, -35.167350129656839 ] ] ] } },
{ "type": "Feature", "properties": { "codigo_indec": "740420101" }, "geometry": { "type": "Polygon", "coordinates": [ [ [ -66.694441459062531, -34.664837628853789 ], [ -66.380476849102152, -34.667596410379915 ], [ -66.366644596592238, -34.69837735188446 ], [ -66.307505797241078, -34.834771558516032 ], [ -66.281963298413743, -34.871899070100596 ], [ -66.237558278278271, -34.943226634068473 ], [ -66.226984274501376, -35.037657648623252 ], [ -66.19211015579377, -35.073263537716322 ], [ -66.190124592244388, -35.153087037501002 ], [ -66.268648802719213, -35.1555072443768 ], [ -66.301223883588193, -35.166954463236713 ], [ -66.320239584231132, -35.167329324245955 ], [ -66.320457435472662, -35.166900605108133 ], [ -66.404531478017248, -35.168897901411398 ], [ -66.49489417606955, -35.167350129656839 ], [ -66.493322802503627, -35.162520809327603 ], [ -66.492789022686651, -35.155456409784428 ], [ -66.490010434524208, -35.154678998787524 ], [ -66.484670452792898, -35.151784611579785 ], [ -66.481985123769093, -35.147712206501652 ], [ -66.477754372998831, -35.144375935592457 ], [ -66.47649739922791, -35.140523099856068 ], [ -66.477633415947167, -35.13634987369192 ], [ -66.47966654756884, -35.135030375585345 ], [ -66.482958564989303, -35.129978738741968 ], [ -66.487438623971173, -35.129672370320385 ], [ -66.487564650618367, -35.131028399568542 ], [ -66.48874408051887, -35.131023649014864 ], [ -66.489109207913899, -35.129242004031404 ], [ -66.486967427924426, -35.127465949074626 ], [ -66.486532788782682, -35.123100635760593 ], [ -66.485082185413205, -35.121294727832286 ], [ -66.487845649025715, -35.118813925736426 ], [ -66.488649733446991, -35.115227801304961 ], [ -66.490871621222141, -35.112118162128041 ], [ -66.493844716843043, -35.10992029956838 ], [ -66.494385083828462, -35.108128905831471 ], [ -66.496749923967982, -35.106050626807018 ], [ -66.493342837849852, -35.103995926458403 ], [ -66.493051140126795, -35.10063505211356 ], [ -66.490916283727998, -35.096700276212609 ], [ -66.486919924059805, -35.096432463451606 ], [ -66.486517870762668, -35.09382915220921 ], [ -66.490400638650911, -35.092547102095125 ], [ -66.491083083236262, -35.090223341823346 ], [ -66.493688640849996, -35.090402046755585 ], [ -66.495466282972757, -35.091945132547451 ], [ -66.498416763599707, -35.09202768303723 ], [ -66.50118955340902, -35.093985720574914 ], [ -66.506087216036377, -35.088381465183538 ], [ -66.504675410084104, -35.088391856066885 ], [ -66.504606826855877, -35.087049117395011 ], [ -66.502322749274242, -35.085634453815231 ], [ -66.502763221045413, -35.081914522022075 ], [ -66.511306269517817, -35.08167149033001 ], [ -66.51277144103544, -35.078379849614727 ], [ -66.514234127877685, -35.076458267300779 ], [ -66.513017083841532, -35.071641145283031 ], [ -66.510577293925806, -35.070263345336592 ], [ -66.514150268342576, -35.068332860116641 ], [ -66.519839782310882, -35.063941515023252 ], [ -66.519563918648132, -35.060197539864134 ], [ -66.517469849717003, -35.057980126884807 ], [ -66.514366325526069, -35.056898170975536 ], [ -66.512784285955277, -35.051947372454379 ], [ -66.5137191832425, -35.050708549283407 ], [ -66.517383271383807, -35.05250922499139 ], [ -66.523093178555172, -35.051943921051191 ], [ -66.525462046459268, -35.047864029566313 ], [ -66.518871858859285, -35.041339476708224 ], [ -66.521021516828611, -35.038995730080231 ], [ -66.523163422911537, -35.035025014222377 ], [ -66.52368680694326, -35.026450766376243 ], [ -66.521472490326062, -35.022863847708507 ], [ -66.520899490829237, -35.018900291356474 ], [ -66.526562473174437, -35.016937913040501 ], [ -66.528682134162523, -35.013895595039926 ], [ -66.537881173432936, -35.015793116817896 ], [ -66.539353043414764, -35.013023893298758 ], [ -66.536631654637233, -35.009425976441428 ], [ -66.530936648300681, -35.005043326561278 ], [ -66.534734445861474, -34.99776612261757 ], [ -66.533189619447953, -34.993915051284617 ], [ -66.53440848418758, -34.98132203528052 ], [ -66.541156714005098, -34.97413524637863 ], [ -66.543967530212157, -34.969462586068879 ], [ -66.54464729273532, -34.966696827607549 ], [ -66.541070647341755, -34.963544483099163 ], [ -66.535979526784118, -34.961489387702088 ], [ -66.530355388134737, -34.957809421553414 ], [ -66.524284105407091, -34.951742471207865 ], [ -66.524103623869848, -34.94230581958027 ], [ -66.526793350867393, -34.939680186464592 ], [ -66.528912936297644, -34.936078980096759 ], [ -66.530625209597105, -34.931717848834367 ], [ -66.535883163495086, -34.926070158336174 ], [ -66.534924371160159, -34.923361226281678 ], [ -66.536452484696667, -34.923160692553544 ], [ -66.537796356723973, -34.919463595443972 ], [ -66.535956709822628, -34.919286939967655 ], [ -66.536433440816339, -34.91644999017516 ], [ -66.5432294129551, -34.915671653703299 ], [ -66.543049384151089, -34.914090532846153 ], [ -66.545213142926002, -34.913238052300919 ], [ -66.546395859152838, -34.914201726132283 ], [ -66.545064981701117, -34.916069056310249 ], [ -66.546193493285557, -34.917929849185676 ], [ -66.548368095953123, -34.917874986454507 ], [ -66.550523952951096, -34.915832623830219 ], [ -66.549919616279254, -34.913410643274837 ], [ -66.55085225457799, -34.912148991587024 ], [ -66.553752038704644, -34.910116717331 ], [ -66.55393689513761, -34.90790748817281 ], [ -66.552483303691375, -34.907341726775257 ], [ -66.551154078540819, -34.908600683843581 ], [ -66.549113103148628, -34.908145710436742 ], [ -66.548930220662029, -34.90614997352489 ], [ -66.552653513427401, -34.900900570476779 ], [ -66.552939062203293, -34.890042096884684 ], [ -66.547634331567778, -34.887298856297008 ], [ -66.546407699098296, -34.885014855166602 ], [ -66.544194758208491, -34.883686222362293 ], [ -66.5434917600424, -34.881165484128189 ], [ -66.545832127163081, -34.874480225897237 ], [ -66.55010004403222, -34.869899968158919 ], [ -66.549720915707482, -34.865931065956751 ], [ -66.553385814231191, -34.85795066824231 ], [ -66.555026599885537, -34.850290386774056 ], [ -66.557476607074378, -34.847967113760909 ], [ -66.559920971384628, -34.84362019326737 ], [ -66.558948878046493, -34.839721636969784 ], [ -66.561218310586256, -34.835821679207911 ], [ -66.560716762296508, -34.831181817693192 ], [ -66.563461960682574, -34.826161892052198 ], [ -66.580043450643203, -34.814334296189593 ], [ -66.588124634056925, -34.810707954357788 ], [ -66.593916207548929, -34.805645534060915 ], [ -66.593183422495457, -34.803657024075186 ], [ -66.591248866104678, -34.803616861530188 ], [ -66.591653362326127, -34.802109564555295 ], [ -66.60075890030005, -34.80171791892905 ], [ -66.60100279244935, -34.798809713559045 ], [ -66.596549879847089, -34.794640128005874 ], [ -66.593697445388145, -34.789232170391379 ], [ -66.599640110249638, -34.782654383591911 ], [ -66.603466542850441, -34.77663215971198 ], [ -66.607185858931643, -34.772093149222613 ], [ -66.609671988456583, -34.771107213312312 ], [ -66.614135270201203, -34.770494364229933 ], [ -66.617449743590555, -34.766344683538094 ], [ -66.625886780981631, -34.768009755973473 ], [ -66.628978039764206, -34.765483429430375 ], [ -66.640964569918424, -34.763879526599808 ], [ -66.649277109065196, -34.756592745264555 ], [ -66.651117889122474, -34.752824080952884 ], [ -66.650449755645226, -34.746657567712958 ], [ -66.647752765497358, -34.744607734351774 ], [ -66.644430835850045, -34.7404608821534 ], [ -66.641037111336018, -34.739699078636001 ], [ -66.63902223601751, -34.737190246702269 ], [ -66.63910304061892, -34.732439428828279 ], [ -66.637006618170119, -34.729232399036796 ], [ -66.63826868759655, -34.72723368972008 ], [ -66.637040655680039, -34.724418721988641 ], [ -66.63851378931156, -34.718642017545996 ], [ -66.642299086514726, -34.71297932072838 ], [ -66.652165073726337, -34.708879598789892 ], [ -66.65527712602254, -34.706253331650892 ], [ -66.660337930076906, -34.703021511922593 ], [ -66.669099532061921, -34.694518524986208 ], [ -66.671783922095926, -34.695148262881808 ], [ -66.676908533542885, -34.694218499343251 ], [ -66.676255541710006, -34.692094804723951 ], [ -66.676273098950418, -34.689557246386634 ], [ -66.678496711372901, -34.689233902000183 ], [ -66.686293737152766, -34.691844887454153 ], [ -66.689677889014433, -34.689995928728202 ], [ -66.690804387600807, -34.68536533304988 ], [ -66.689117695514156, -34.681656576241032 ], [ -66.689672536261497, -34.675532877957572 ], [ -66.691078770824575, -34.670449982670959 ], [ -66.694441459062531, -34.664837628853789 ] ], [ [ -66.588786153493004, -34.770398750959728 ], [ -66.591899687155276, -34.773497992187437 ], [ -66.58279708599585, -34.779310869031519 ], [ -66.579674150806582, -34.776022147945426 ], [ -66.588786153493004, -34.770398750959728 ] ] ] } },
{ "type": "Feature", "properties": { "codigo_indec": "740350406" }, "geometry": { "type": "Polygon", "coordinates": [ [ [ -65.549558081411334, -33.6195493829428 ], [ -65.578372960592588, -33.610928195450192 ], [ -65.577992358378879, -33.607216900233112 ], [ -65.577230365627656, -33.604942318561598 ], [ -65.57775384203741, -33.603650339547372 ], [ -65.580339508440517, -33.60257724149735 ], [ -65.583567481512873, -33.602912717668048 ], [ -65.58255451651128, -33.598478036353384 ], [ -65.583726877627456, -33.59664726917724 ], [ -65.586673223390477, -33.594998237179126 ], [ -65.461877293863949, -33.616381580613535 ], [ -65.435102355060721, -33.621676126370794 ], [ -65.372851727573291, -33.632091240707773 ], [ -65.37437074346785, -33.638143919969608 ], [ -65.383006292598026, -33.640896509629357 ], [ -65.394157994966136, -33.643458001117374 ], [ -65.424829310937398, -33.649284345828931 ], [ -65.424668370170764, -33.648765197124369 ], [ -65.446333991996454, -33.644450951196177 ], [ -65.445112044931918, -33.637913617844717 ], [ -65.450770453618972, -33.636694715933643 ], [ -65.451924844015593, -33.642050644043742 ], [ -65.466297555193051, -33.638317912837245 ], [ -65.465950722701962, -33.636445659466474 ], [ -65.468720958647765, -33.635537991688174 ], [ -65.47108281304763, -33.640596904595583 ], [ -65.485720228200563, -33.637034339171883 ], [ -65.485228897878173, -33.634922620036846 ], [ -65.491029986335406, -33.633598784177337 ], [ -65.495115266442141, -33.63307008029355 ], [ -65.495704908018141, -33.634997340867244 ], [ -65.5149273083737, -33.631742927605735 ], [ -65.517792345573184, -33.630144824818046 ], [ -65.521320306865675, -33.623148795406173 ], [ -65.523953025250151, -33.620120650541764 ], [ -65.524368992680806, -33.620415262617101 ], [ -65.525897366610081, -33.617315204496201 ], [ -65.536405429797398, -33.622588680063444 ], [ -65.541529663888539, -33.622607780899962 ], [ -65.549558081411334, -33.6195493829428 ] ] ] } },
{ "type": "Feature", "properties": { "codigo_indec": "740280201" }, "geometry": { "type": "Polygon", "coordinates": [ [ [ -65.184350870186407, -32.461569264530567 ], [ -65.080166238021022, -32.432339238322797 ], [ -65.076524005774544, -32.432141263688898 ], [ -65.080136540204649, -32.453321755976184 ], [ -65.084924603838289, -32.498559035649649 ], [ -65.088989064941771, -32.542604898162402 ], [ -65.091270421820923, -32.557603048040292 ], [ -65.093542678908051, -32.557164098585652 ], [ -65.097020538649545, -32.571886713466562 ], [ -65.096155097185374, -32.592339833195027 ], [ -65.065759946524977, -32.599186698093725 ], [ -65.065064088345522, -32.616182751549523 ], [ -65.063338143044618, -32.627179412552771 ], [ -65.061091185339649, -32.628073327696001 ], [ -65.061443138055893, -32.642840945736673 ], [ -65.064683872564828, -32.656570622621324 ], [ -65.064311858429789, -32.666188724801536 ], [ -65.06091235629934, -32.679336777734271 ], [ -65.100207178646485, -32.679439903683459 ], [ -65.13500918824036, -32.67862970402674 ], [ -65.166949366648453, -32.678543778950583 ], [ -65.166488369032564, -32.689721580334989 ], [ -65.251268259605197, -32.690504216170872 ], [ -65.212093616272341, -32.628070190159477 ], [ -65.205680265914197, -32.573296717800602 ], [ -65.201625344833431, -32.533943194626595 ], [ -65.200498300695898, -32.531997364407943 ], [ -65.194230061412583, -32.502340738237329 ], [ -65.191219934510357, -32.491802963990338 ], [ -65.184350870186407, -32.461569264530567 ] ] ] } },
{ "type": "Feature", "properties": { "codigo_indec": "740210302" }, "geometry": { "type": "Polygon", "coordinates": [ [ [ -65.766471002198529, -32.890413760477571 ], [ -65.7584893939013, -32.891715067545384 ], [ -65.75011911755638, -32.892424481944857 ], [ -65.743626723792929, -32.894178650069435 ], [ -65.732506609376955, -32.906458881379635 ], [ -65.723691749014677, -32.912133856819921 ], [ -65.718651050831227, -32.916486769097062 ], [ -65.713449469294432, -32.917529924361503 ], [ -65.709057953940729, -32.920094088019084 ], [ -65.701242162324107, -32.923506556638252 ], [ -65.677540768373674, -32.921720935969432 ], [ -65.672827403541902, -32.926428992518083 ], [ -65.668285396723235, -32.927345752219033 ], [ -65.664771276061501, -32.926430186469275 ], [ -65.661904083205911, -32.928320501941052 ], [ -65.658598698225788, -32.928739814965176 ], [ -65.65582262588471, -32.927064091567054 ], [ -65.651486567275583, -32.927895147205476 ], [ -65.642911202687159, -32.927370508027607 ], [ -65.641878456575711, -32.929608228135969 ], [ -65.639507926667235, -32.930164962871167 ], [ -65.638506427587075, -32.931920345278598 ], [ -65.633955178316455, -32.93687534855448 ], [ -65.63299751010166, -32.937034841826531 ], [ -65.631726213479666, -32.936111389659388 ], [ -65.630321315672745, -32.935823212802148 ], [ -65.628867893923925, -32.938194827207184 ], [ -65.626666929940271, -32.939040356764949 ], [ -65.625311106375946, -32.943589770409616 ], [ -65.622584225896162, -32.944848419848796 ], [ -65.621675159605516, -32.943614881570461 ], [ -65.615362826147603, -32.9461789133072 ], [ -65.607999121282717, -32.947598709369252 ], [ -65.605599167561735, -32.948605541839882 ], [ -65.600623457368769, -32.949247959059079 ], [ -65.595128722907972, -32.951123791500528 ], [ -65.587993267228811, -32.952750528582087 ], [ -65.582221897906408, -32.953651069784847 ], [ -65.581970272476411, -32.957689725593994 ], [ -65.580449644138426, -32.960353579967112 ], [ -65.575413847809969, -32.962762064025497 ], [ -65.575381282398936, -32.969569574884652 ], [ -65.574536089809314, -32.97071632933951 ], [ -65.572955330972889, -32.971333087446411 ], [ -65.574360629736418, -32.984993675953774 ], [ -65.575992520515328, -32.995548746819715 ], [ -65.576377458560842, -33.003439639625988 ], [ -65.577311373436615, -33.006188379094951 ], [ -65.577285567452876, -33.011598285756691 ], [ -65.578919409098773, -33.011779632977266 ], [ -65.607006860558002, -33.031581627420969 ], [ -65.610302228564578, -33.033755955521656 ], [ -65.612259193753189, -33.03420386725012 ], [ -65.620479023216987, -33.044490067079771 ], [ -65.605931027373984, -33.044819152285953 ], [ -65.598314253321249, -33.054744687081858 ], [ -65.608423038859144, -33.062909802737693 ], [ -65.612654529063562, -33.064329604851963 ], [ -65.628981155694674, -33.065781323736608 ], [ -65.640741139148872, -33.061956647005765 ], [ -65.646432164049031, -33.050634511930575 ], [ -65.65022819213587, -33.05049643894872 ], [ -65.653656096128742, -33.047300590565158 ], [ -65.658538400220877, -33.04514554818541 ], [ -65.664161530715887, -33.040954547478378 ], [ -65.664823803685778, -33.039220623468687 ], [ -65.666594441153833, -33.038084761103306 ], [ -65.668541365614075, -33.034884527331435 ], [ -65.673038929841738, -33.033002894945803 ], [ -65.677602563666753, -33.029092519559498 ], [ -65.681350439202319, -33.022731864907726 ], [ -65.680541773658206, -33.020664977482994 ], [ -65.682470721818575, -33.019245263929726 ], [ -65.685607388711702, -33.020542590841231 ], [ -65.692800317898218, -33.018071897072851 ], [ -65.69352936136228, -33.015386714835955 ], [ -65.699662263466806, -33.010514571304341 ], [ -65.702631382978453, -33.011495484108316 ], [ -65.70384026419346, -33.013225056857451 ], [ -65.706065114533558, -33.012774972527886 ], [ -65.710678238416307, -33.010148364066602 ], [ -65.712494202061194, -33.007050811323012 ], [ -65.714789822567397, -33.00449983846292 ], [ -65.723772286101365, -32.999687073425562 ], [ -65.722223936425706, -32.996099487890753 ], [ -65.724906168852485, -32.993770092353962 ], [ -65.732882096919482, -32.989572084084315 ], [ -65.734739527490945, -32.982939715557087 ], [ -65.737809519829767, -32.983094975529085 ], [ -65.737154672769478, -32.979338119029691 ], [ -65.739645184617018, -32.978238782628019 ], [ -65.741787460449245, -32.964443057789964 ], [ -65.744114495036811, -32.960521035526028 ], [ -65.745435128397716, -32.959689680540798 ], [ -65.744674517771571, -32.958254458217354 ], [ -65.745495030308106, -32.956515891052049 ], [ -65.744841986497107, -32.95394477148772 ], [ -65.747867150576752, -32.947882603460464 ], [ -65.744842496837677, -32.93980641419396 ], [ -65.745290298033822, -32.937467462409813 ], [ -65.747382378258862, -32.934081382183578 ], [ -65.749030690644929, -32.932547333558077 ], [ -65.751963730795666, -32.931353950309088 ], [ -65.757039116764687, -32.927716608986344 ], [ -65.764399509065768, -32.924024776801602 ], [ -65.766199962673568, -32.922387090853199 ], [ -65.767609097003216, -32.920121980056571 ], [ -65.768680191605526, -32.914213415344733 ], [ -65.76769084015281, -32.902128971843936 ], [ -65.766773748711685, -32.898254513054646 ], [ -65.767036928542879, -32.894688824065582 ], [ -65.766471002198529, -32.890413760477571 ] ], [ [ -65.622385918517139, -33.047958236775017 ], [ -65.622262082110055, -33.046244703694896 ], [ -65.623595991009367, -33.045378631218007 ], [ -65.623549204318394, -33.044422727726406 ], [ -65.633315153497676, -33.04517314433852 ], [ -65.638512613011883, -33.060958381082891 ], [ -65.629804550413709, -33.064138241154545 ], [ -65.613322218687586, -33.062852955267829 ], [ -65.609033071376331, -33.061167005431869 ], [ -65.602505358379972, -33.055497474468282 ], [ -65.600512861822125, -33.054526332757042 ], [ -65.600704882686841, -33.054089642374421 ], [ -65.602635698315694, -33.053892934513321 ], [ -65.60783231159661, -33.05425651977631 ], [ -65.60838284230104, -33.046594129896597 ], [ -65.622385918517139, -33.047958236775017 ] ] ] } },
{ "type": "Feature", "properties": { "codigo_indec": "740140505" }, "geometry": { "type": "Polygon", "coordinates": [ [ [ -66.987342174882315, -33.064228114265454 ], [ -66.978456782576117, -33.060051541450271 ], [ -66.971408409626633, -33.055386681290514 ], [ -66.971384930452302, -33.044229355215151 ], [ -66.954785803381284, -33.043428837238395 ], [ -66.937351212283446, -33.038768937482594 ], [ -66.930522394717684, -33.038076218866472 ], [ -66.929779501815602, -33.039452224293356 ], [ -66.927824959280088, -33.040129468463306 ], [ -66.921295995487583, -33.039452047230135 ], [ -66.914622145370984, -33.037693395970422 ], [ -66.897274560667839, -33.034704245004548 ], [ -66.889816239738295, -33.032557687706927 ], [ -66.88120994931451, -33.02768685639888 ], [ -66.866680166094497, -33.021950558394408 ], [ -66.863557679207219, -33.02140417678698 ], [ -66.846764191305084, -33.020734834602436 ], [ -66.818414119373429, -33.016217432625197 ], [ -66.814180033938641, -33.005290222438752 ], [ -66.803519094517895, -32.986366230716001 ], [ -66.762568671849905, -32.964667918881077 ], [ -66.745648122372572, -32.953887142388901 ], [ -66.737864036518829, -32.949573867487494 ], [ -66.718419182732944, -32.945571138525814 ], [ -66.619247671751211, -33.047678055158528 ], [ -66.593839610527354, -33.067227619247454 ], [ -66.52759749634258, -33.116615685800923 ], [ -66.569330722123496, -33.113772165412826 ], [ -66.6046827318753, -33.111946629024231 ], [ -66.805138683302232, -33.103888312362081 ], [ -66.997368150647091, -33.110558643581008 ], [ -66.99847132423956, -33.086138798094929 ], [ -66.999064738260273, -33.083208322961468 ], [ -67.001043056844949, -33.079396679245022 ], [ -67.000320227948549, -33.074907955630451 ], [ -66.996850463414532, -33.069679352266192 ], [ -66.988947884165029, -33.066582124706116 ], [ -66.987342174882315, -33.064228114265454 ] ] ] } },
{ "type": "Feature", "properties": { "codigo_indec": "740350204" }, "geometry": { "type": "Polygon", "coordinates": [ [ [ -65.377299317622104, -33.190822967090561 ], [ -65.366983344644225, -33.194927432747711 ], [ -65.365427173831677, -33.196952675966152 ], [ -65.355768818151532, -33.197489115042046 ], [ -65.334895361200992, -33.197681365451736 ], [ -65.302950628745435, -33.19700165007751 ], [ -65.297860273513066, -33.227443250671797 ], [ -65.291742050367006, -33.270095449318561 ], [ -65.293622805597252, -33.297438408259111 ], [ -65.297033971505158, -33.315543955287303 ], [ -65.301474477252953, -33.328993876923626 ], [ -65.310068070307608, -33.345167058027791 ], [ -65.318539088094084, -33.363683110841805 ], [ -65.321073147528395, -33.367700092780439 ], [ -65.337703970080938, -33.427894785315502 ], [ -65.370358820413188, -33.418643195029837 ], [ -65.368233652043955, -33.434473386051373 ], [ -65.37934260528877, -33.432473845055036 ], [ -65.428460303328293, -33.426272514778788 ], [ -65.470109932478707, -33.423107990239494 ], [ -65.487093258404016, -33.420267203857648 ], [ -65.483012294311678, -33.389081822393734 ], [ -65.481844211736956, -33.376274134014963 ], [ -65.480720459311769, -33.362839977027555 ], [ -65.480380697166524, -33.350856152261741 ], [ -65.478325299666594, -33.33026822438034 ], [ -65.477582525506278, -33.315699509124357 ], [ -65.475875906286163, -33.303443853959159 ], [ -65.47394310624216, -33.293621569281342 ], [ -65.473917017059335, -33.288576897273941 ], [ -65.472542743223514, -33.28012288906443 ], [ -65.47331301563689, -33.272065656928604 ], [ -65.474794869357808, -33.267924461510574 ], [ -65.474628050290718, -33.261278791945585 ], [ -65.475639985378976, -33.254020478021971 ], [ -65.483805964308175, -33.233565169252863 ], [ -65.49779224908859, -33.214079576408409 ], [ -65.48098091565295, -33.217337608788142 ], [ -65.474237111905154, -33.220370329664441 ], [ -65.460592993244802, -33.224617202974102 ], [ -65.452140121999918, -33.226690076290581 ], [ -65.446730692725524, -33.225823115666543 ], [ -65.439129154539884, -33.226388660314001 ], [ -65.435819159465126, -33.223118821043585 ], [ -65.427136291431466, -33.218855022548844 ], [ -65.422782740903486, -33.218208271292497 ], [ -65.415831346665499, -33.221097098169757 ], [ -65.411332848325031, -33.220066074640791 ], [ -65.408578364089095, -33.217722308922077 ], [ -65.381705317694482, -33.203219764931376 ], [ -65.380865232442744, -33.201818067471294 ], [ -65.377299317622104, -33.190822967090561 ] ] ] } },
{ "type": "Feature", "properties": { "codigo_indec": "740140402" }, "geometry": { "type": "Polygon", "coordinates": [ [ [ -66.331077121789718, -32.721161094187352 ], [ -66.32045847862473, -32.724254499987424 ], [ -66.298309798860956, -32.737731116545085 ], [ -66.262135322717938, -32.742816475136138 ], [ -66.260177499154679, -32.743753824274194 ], [ -66.258549667366836, -32.743513730851888 ], [ -66.256815897792919, -32.739815773437897 ], [ -66.252960688026818, -32.73854318293882 ], [ -66.250945762926207, -32.737190157373817 ], [ -66.247527147122909, -32.733617158889437 ], [ -66.245083012097894, -32.733238733296822 ], [ -66.229457745941261, -32.734841794315898 ], [ -66.231504976054666, -32.735424143340957 ], [ -66.226423873046443, -32.742768848633752 ], [ -66.224034128031207, -32.751398004990143 ], [ -66.225109146942273, -32.763041652528464 ], [ -66.221974044141291, -32.773718955294022 ], [ -66.22488046939867, -32.801535873445459 ], [ -66.220972557765577, -32.813301024655466 ], [ -66.213465252290362, -32.824206592077289 ], [ -66.201142480812933, -32.834231352813312 ], [ -66.190026657149147, -32.841750852766694 ], [ -66.165308901695909, -32.857173405487266 ], [ -66.179541597899757, -32.858407148975452 ], [ -66.210747022214164, -32.857970749900836 ], [ -66.237003700074737, -32.858784887069838 ], [ -66.235073413458764, -32.864135573377638 ], [ -66.234058711017269, -32.871364545337045 ], [ -66.235649985672083, -32.874093685340497 ], [ -66.235757154320623, -32.883295244010426 ], [ -66.237904767209287, -32.890157547974994 ], [ -66.243284264239293, -32.89350148258999 ], [ -66.244531931004289, -32.896375436327077 ], [ -66.246923698431644, -32.898417568838923 ], [ -66.24834525867071, -32.900339857536437 ], [ -66.251676740477151, -32.901996810049106 ], [ -66.253508157692821, -32.904215769598956 ], [ -66.253974936159665, -32.906721512209479 ], [ -66.256066380579938, -32.911951535712618 ], [ -66.256023392682224, -32.916514153392484 ], [ -66.268543566510886, -32.921492233525647 ], [ -66.271219296509429, -32.921590149950603 ], [ -66.274516445314632, -32.925581919808529 ], [ -66.27731195014384, -32.925476563448157 ], [ -66.278048056715633, -32.927526257492346 ], [ -66.277445145256138, -32.92875839467969 ], [ -66.279269065489743, -32.929060904634724 ], [ -66.2804904437685, -32.930699232008465 ], [ -66.279525207832876, -32.933162987634681 ], [ -66.27843448473817, -32.933985953318427 ], [ -66.280141792300768, -32.935420320599789 ], [ -66.283185798990885, -32.936026603364013 ], [ -66.285986568241384, -32.937458407242602 ], [ -66.28708622887018, -32.938582987419579 ], [ -66.289141634488502, -32.935192434753162 ], [ -66.290008805368572, -32.93224192574467 ], [ -66.292319260019582, -32.930081522571548 ], [ -66.2970209864949, -32.929249906197619 ], [ -66.300667811346202, -32.927135758015382 ], [ -66.302273720314801, -32.926983106851253 ], [ -66.304506253241641, -32.92795150437999 ], [ -66.305668033523133, -32.929229056938716 ], [ -66.310223400558769, -32.931697457152872 ], [ -66.316197109718772, -32.931533708554127 ], [ -66.319852765922434, -32.93197524655141 ], [ -66.324488353331404, -32.939429209850495 ], [ -66.328154008770056, -32.940307791765058 ], [ -66.329093802551071, -32.941423402735694 ], [ -66.33045976435821, -32.942109582403234 ], [ -66.333383947509404, -32.942692414573358 ], [ -66.334951323081881, -32.945023570950966 ], [ -66.337764923902697, -32.946724677397604 ], [ -66.340361842733628, -32.949760793262506 ], [ -66.343018405867156, -32.951579424930031 ], [ -66.344070711146301, -32.953361852197553 ], [ -66.348356738309533, -32.954743065425816 ], [ -66.349806601331508, -32.958990418139443 ], [ -66.352681115576203, -32.961033648229716 ], [ -66.353275924017154, -32.962677525246626 ], [ -66.354476035885625, -32.963219638944757 ], [ -66.357306395817872, -32.962868938416413 ], [ -66.358421385850363, -32.963514950170456 ], [ -66.359331643007366, -32.96576652208924 ], [ -66.363845098745784, -32.966975225261322 ], [ -66.365797276810753, -32.968290476041012 ], [ -66.367679150496912, -32.968113632490123 ], [ -66.371348020635182, -32.970654515042234 ], [ -66.372575026843847, -32.969906980280449 ], [ -66.390197260356658, -32.861308861269158 ], [ -66.369733750153117, -32.822958928869603 ], [ -66.362921251109086, -32.783087747344162 ], [ -66.356236479584126, -32.773061978243561 ], [ -66.3558728155528, -32.769514811312199 ], [ -66.353409434340861, -32.765978089607692 ], [ -66.35163978761635, -32.760369960297623 ], [ -66.350235664955235, -32.75948571353377 ], [ -66.338424415766525, -32.734671633167252 ], [ -66.331077121789718, -32.721161094187352 ] ], [ [ -66.311016157643607, -32.924495556550944 ], [ -66.291330544486271, -32.928541954269363 ], [ -66.292814980489425, -32.92720399501593 ], [ -66.292845182929568, -32.924201320196026 ], [ -66.294451127860953, -32.92326430518677 ], [ -66.295538468718263, -32.921507964940126 ], [ -66.29448603787678, -32.920892795684857 ], [ -66.29462297258307, -32.920274819745984 ], [ -66.296834913317866, -32.919953997309904 ], [ -66.297870377658896, -32.921885645025938 ], [ -66.312751731019134, -32.915632190026379 ], [ -66.31233533166575, -32.915020086182849 ], [ -66.324745150899673, -32.910205031992753 ], [ -66.332383148675163, -32.922425302840956 ], [ -66.327493551339685, -32.92213163775147 ], [ -66.327923270653272, -32.925592969730751 ], [ -66.311016157643607, -32.924495556550944 ] ] ] } },
{ "type": "Feature", "properties": { "codigo_indec": "740140301" }, "geometry": { "type": "Polygon", "coordinates": [ [ [ -66.524930978850264, -32.447494346354127 ], [ -66.446765203991447, -32.446105124497763 ], [ -66.321744896497336, -32.447992490217665 ], [ -66.321023083383935, -32.448373067393007 ], [ -66.237899913554088, -32.449806447985765 ], [ -66.227141382743554, -32.45037187252678 ], [ -66.228361454719504, -32.489235105401193 ], [ -66.229596636243073, -32.510563659508634 ], [ -66.229841927792748, -32.545257733843997 ], [ -66.233235587372093, -32.547384098124958 ], [ -66.275210603318769, -32.532979617401388 ], [ -66.286911679486224, -32.538783211344672 ], [ -66.304693878197583, -32.53454379153419 ], [ -66.320070471197184, -32.531538878599832 ], [ -66.334317252145723, -32.536303568072348 ], [ -66.349722983994155, -32.543746080341016 ], [ -66.348489308029585, -32.549583732669873 ], [ -66.396587158981106, -32.542655678321566 ], [ -66.415147362665337, -32.541319819790459 ], [ -66.428878074880231, -32.534695598090281 ], [ -66.444628017263412, -32.531083564799317 ], [ -66.457127519481375, -32.524302809779428 ], [ -66.470147890436323, -32.519295284702601 ], [ -66.47383157094778, -32.513943200413969 ], [ -66.480796117699853, -32.505774116835553 ], [ -66.487920814016661, -32.505327382994523 ], [ -66.493704753124703, -32.491269314554614 ], [ -66.496201802070317, -32.482431493301419 ], [ -66.495747186753505, -32.479069804117657 ], [ -66.501972824160134, -32.474680720832154 ], [ -66.506630961077406, -32.473990265196022 ], [ -66.51820391679766, -32.468735623323695 ], [ -66.52343558765871, -32.458776825388327 ], [ -66.525043093571952, -32.456741220029336 ], [ -66.524930978850264, -32.447494346354127 ] ] ] } },
{ "type": "Feature", "properties": { "codigo_indec": "740140201" }, "geometry": { "type": "Polygon", "coordinates": [ [ [ -66.648680747592323, -32.451007088706305 ], [ -66.648066573272928, -32.462146624259141 ], [ -66.648154181336977, -32.473634201091038 ], [ -66.65015252381815, -32.476013474946278 ], [ -66.650305445487561, -32.485075042086201 ], [ -66.648425755194452, -32.490368855764295 ], [ -66.64676627878417, -32.500445157382899 ], [ -66.64757314788875, -32.506500592919799 ], [ -66.64678456726854, -32.508574104729355 ], [ -66.648612182907655, -32.514119308555195 ], [ -66.648101908954956, -32.516421330346077 ], [ -66.646336155399837, -32.518779401273328 ], [ -66.645399433648976, -32.523225190251011 ], [ -66.644640207804827, -32.533161537666601 ], [ -66.643108536540268, -32.535189232338034 ], [ -66.640953934488451, -32.536074900601129 ], [ -66.639371677307679, -32.538869269372313 ], [ -66.639473500045142, -32.550230408711201 ], [ -66.634068243457037, -32.559392185606235 ], [ -66.632610604862322, -32.56865114133052 ], [ -66.636202410152094, -32.58606766016657 ], [ -66.635321527342882, -32.587266886988353 ], [ -66.654537476245565, -32.587127681391067 ], [ -66.654860123240809, -32.597076380202765 ], [ -66.701961248729631, -32.594044778950398 ], [ -66.702101487197581, -32.598710326903046 ], [ -66.711354423669306, -32.598559086498291 ], [ -66.737163625685511, -32.594523951509899 ], [ -66.754558772260836, -32.604799268566921 ], [ -66.776109114088101, -32.616169130146069 ], [ -66.800643566870519, -32.619211628964557 ], [ -66.826194069856257, -32.619307628403433 ], [ -66.868290742342737, -32.621304898275469 ], [ -66.870853108256171, -32.635321908466238 ], [ -66.890993116373011, -32.63230873426712 ], [ -66.894425366018751, -32.632410566720097 ], [ -66.896833919219375, -32.633240968252515 ], [ -66.898363975941763, -32.634397709402606 ], [ -66.908224977189064, -32.633208678185412 ], [ -66.909132171307306, -32.623865188159712 ], [ -66.890971679157261, -32.59276090153805 ], [ -66.886888202098902, -32.585323796004701 ], [ -66.886675116536495, -32.583963746140697 ], [ -66.900644507671956, -32.55721489624942 ], [ -66.903381800946761, -32.550405500742819 ], [ -66.905965151602445, -32.548182269192942 ], [ -66.90875646224471, -32.546800566327946 ], [ -66.919560697177715, -32.536749277242947 ], [ -66.933125990784546, -32.528899291090632 ], [ -66.937985847970126, -32.519007620825221 ], [ -66.940349142466175, -32.507826985644243 ], [ -66.944581100553194, -32.482574802670051 ], [ -66.94563311632038, -32.479410954904289 ], [ -66.955871779035988, -32.465542121530262 ], [ -66.963581992039423, -32.462196648145124 ], [ -66.966504178026184, -32.460204034971412 ], [ -66.967988788022097, -32.458303568223222 ], [ -66.648680747592323, -32.451007088706305 ] ] ] } },
{ "type": "Feature", "properties": { "codigo_indec": "740070203" }, "geometry": { "type": "Polygon", "coordinates": [ [ [ -66.579350125154818, -32.249506291302865 ], [ -66.574403321800787, -32.250047392506161 ], [ -66.564102310727606, -32.248339868957913 ], [ -66.545627227966833, -32.250855773725242 ], [ -66.536719066421185, -32.252701973871503 ], [ -66.529520129317575, -32.253359079745785 ], [ -66.525610249986698, -32.256224992496293 ], [ -66.506270832735098, -32.266980906096776 ], [ -66.491371573394773, -32.273270959515351 ], [ -66.489740132532958, -32.273362964083169 ], [ -66.471051604137131, -32.284751231085181 ], [ -66.455617109957714, -32.287513166209294 ], [ -66.445143062329549, -32.29155888151319 ], [ -66.434945161391113, -32.304715129284659 ], [ -66.4255456259299, -32.312660160152681 ], [ -66.419852363527141, -32.331309673398408 ], [ -66.418376349440251, -32.337726106827219 ], [ -66.371878110934034, -32.343237224945625 ], [ -66.315538960489164, -32.337033270388481 ], [ -66.267721659937422, -32.34217115297492 ], [ -66.22942356158552, -32.33830588322045 ], [ -66.196461937530614, -32.344863273777818 ], [ -66.198457741088305, -32.345500405781117 ], [ -66.200237940069215, -32.347107249812176 ], [ -66.203085381773676, -32.348513965445342 ], [ -66.20391690610046, -32.349815679076933 ], [ -66.203219721068919, -32.355146251660123 ], [ -66.203249646980936, -32.368523908316178 ], [ -66.197221931634985, -32.375670950277218 ], [ -66.19758163012726, -32.37737923078447 ], [ -66.200075536748017, -32.380693789708289 ], [ -66.200909330938075, -32.382906293485462 ], [ -66.203999999531959, -32.386819491076395 ], [ -66.205193393743741, -32.390541833545974 ], [ -66.20639396349884, -32.39737522765521 ], [ -66.206989039685752, -32.398478909259943 ], [ -66.21340782647556, -32.405912236819447 ], [ -66.213256174534536, -32.426175005256574 ], [ -66.217708557576401, -32.432871948655247 ], [ -66.212695918740778, -32.434354882909915 ], [ -66.211939562725917, -32.440573761140321 ], [ -66.212333095021691, -32.444008783704241 ], [ -66.211576247478419, -32.450060826900874 ], [ -66.211591158242939, -32.456440705289587 ], [ -66.210066451945266, -32.465118113220576 ], [ -66.209896244481996, -32.474280185444705 ], [ -66.208738604124065, -32.475098194182486 ], [ -66.208163734700136, -32.477227275958462 ], [ -66.208746907807821, -32.478696162193323 ], [ -66.208170511301489, -32.480171477115924 ], [ -66.204898602315112, -32.483450195286878 ], [ -66.204709995045761, -32.485903258920516 ], [ -66.206649233565841, -32.489498065706314 ], [ -66.205890902816151, -32.495225406292214 ], [ -66.20628034899525, -32.496861439575035 ], [ -66.207636197168313, -32.498820509124258 ], [ -66.208563443061379, -32.50408066540146 ], [ -66.206367757149764, -32.504850769759003 ], [ -66.208846451912578, -32.507971228429227 ], [ -66.211451260064294, -32.512610864298146 ], [ -66.212221502485946, -32.514309355734099 ], [ -66.21240426199536, -32.517352433808647 ], [ -66.229850881734137, -32.532056237624694 ], [ -66.229596636243073, -32.510563659508634 ], [ -66.228361454719504, -32.489235105401193 ], [ -66.227141382743554, -32.45037187252678 ], [ -66.237899913554088, -32.449806447985765 ], [ -66.321023083383935, -32.448373067393007 ], [ -66.321744896497336, -32.447992490217665 ], [ -66.446765203991447, -32.446105124497763 ], [ -66.524930978850264, -32.447494346354127 ], [ -66.524777604282889, -32.444884446515296 ], [ -66.526030674827467, -32.444121756783865 ], [ -66.541212459786706, -32.439927462486949 ], [ -66.555465972204914, -32.419400397611341 ], [ -66.561603301221751, -32.411320629281313 ], [ -66.570782322412413, -32.404106019966228 ], [ -66.581343342605692, -32.393845499337836 ], [ -66.583252804733547, -32.390802308224423 ], [ -66.58804135442756, -32.379837383803533 ], [ -66.590636785873983, -32.37001875956927 ], [ -66.591094860719735, -32.366526851064314 ], [ -66.591486899715136, -32.344734246735136 ], [ -66.591073808870519, -32.334704199257942 ], [ -66.581391945678163, -32.322156195808795 ], [ -66.581250493786484, -32.317052914814987 ], [ -66.579850826376259, -32.313628173347972 ], [ -66.578314025148728, -32.307404087911806 ], [ -66.578367987447805, -32.269079061323609 ], [ -66.579350125154818, -32.249506291302865 ] ] ] } },
{ "type": "Feature", "properties": { "codigo_indec": "740070202" }, "geometry": { "type": "Polygon", "coordinates": [ [ [ -66.20590539089811, -32.022087904546581 ], [ -66.200263104956989, -32.037747918043685 ], [ -66.19877738478543, -32.044689701193676 ], [ -66.197554975849997, -32.04738351948756 ], [ -66.182181557118, -32.053056391585521 ], [ -66.181029832574367, -32.055650747599984 ], [ -66.170528212904884, -32.058600703828667 ], [ -66.15869810069168, -32.060717285847041 ], [ -66.164495090624257, -32.073529114674855 ], [ -66.166418407597675, -32.081394876658592 ], [ -66.166548725890593, -32.090466879892851 ], [ -66.160837278396627, -32.097039404539622 ], [ -66.153137865824505, -32.104813485298529 ], [ -66.157586468111745, -32.127226838472602 ], [ -66.165512011831026, -32.154365378866579 ], [ -66.16972391849616, -32.166254488651617 ], [ -66.167479235387603, -32.179441711020303 ], [ -66.154772227589405, -32.22872268358244 ], [ -66.153766977020126, -32.241303819564131 ], [ -66.149884340897373, -32.257977953761134 ], [ -66.15677167694561, -32.280992053855591 ], [ -66.159944058100407, -32.295209113196961 ], [ -66.168004313871165, -32.325069928220529 ], [ -66.173504623978161, -32.349568101494611 ], [ -66.22942356158552, -32.33830588322045 ], [ -66.267721659937422, -32.34217115297492 ], [ -66.315538960489164, -32.337033270388481 ], [ -66.371878110934034, -32.343237224945625 ], [ -66.414584675330005, -32.338374365671434 ], [ -66.407644040548476, -32.259672637334965 ], [ -66.399591961338359, -32.234295340237146 ], [ -66.394413176527863, -32.227255193049288 ], [ -66.38857598439958, -32.215496027065932 ], [ -66.382279841190595, -32.206488387787488 ], [ -66.375944080343615, -32.159794872695478 ], [ -66.368808182016991, -32.118640026372468 ], [ -66.362039425237839, -32.113185657738363 ], [ -66.330464938308779, -32.044220955547765 ], [ -66.330746756489418, -32.042357987691368 ], [ -66.329657989119042, -32.038415412406735 ], [ -66.327411498588617, -32.03412862297138 ], [ -66.251273772258784, -31.936621854910971 ], [ -66.240887057291246, -31.941074451390669 ], [ -66.228662737545477, -31.944889224450392 ], [ -66.20590539089811, -32.022087904546581 ] ] ] } },
{ "type": "Feature", "properties": { "codigo_indec": "740490106" }, "geometry": { "type": "Polygon", "coordinates": [ [ [ -65.715558841800203, -32.211178619020835 ], [ -65.608420756917397, -32.165649657978484 ], [ -65.582183874103379, -32.154067950259339 ], [ -65.584318328166361, -32.161411022074255 ], [ -65.587984907993757, -32.20117367525674 ], [ -65.565069601021449, -32.205907930894725 ], [ -65.555098656544445, -32.207185328345886 ], [ -65.53480324035894, -32.207662369527391 ], [ -65.537529459348875, -32.271995878625425 ], [ -65.555326554350572, -32.272555764709367 ], [ -65.715309027275723, -32.281084087557247 ], [ -65.715558841800203, -32.211178619020835 ] ] ] } },
{ "type": "Feature", "properties": { "codigo_indec": "740420103" }, "geometry": { "type": "Polygon", "coordinates": [ [ [ -66.321308267752741, -34.668501373155408 ], [ -66.121968275595208, -34.670220428933014 ], [ -66.008687937100902, -34.672800635176102 ], [ -65.799208339434585, -34.673171934837015 ], [ -65.800210942152859, -34.772388671426121 ], [ -65.862385452392786, -34.779113751342919 ], [ -65.908348788370361, -34.784980175503108 ], [ -65.907439444352889, -34.809218488507142 ], [ -65.912704125527995, -34.809569422417184 ], [ -65.911312157454631, -34.938040714765258 ], [ -65.911712908702611, -34.99559463267564 ], [ -65.90853851063018, -35.064953363621804 ], [ -65.937567282808985, -35.066558195822608 ], [ -65.934665819808174, -35.147715781111366 ], [ -65.949817642835541, -35.148750555233242 ], [ -65.949833750125336, -35.149327433044164 ], [ -66.004389765066293, -35.150194031390939 ], [ -66.010091132633278, -35.151491650549715 ], [ -66.032418514633619, -35.150446662059181 ], [ -66.064340258917397, -35.150226603581388 ], [ -66.144995876386417, -35.151315179451814 ], [ -66.190124592244388, -35.153087037501002 ], [ -66.19211015579377, -35.073263537716322 ], [ -66.226984274501376, -35.037657648623252 ], [ -66.237558278278271, -34.943226634068473 ], [ -66.281963298413743, -34.871899070100596 ], [ -66.307505797241078, -34.834771558516032 ], [ -66.366644596592238, -34.69837735188446 ], [ -66.380476849102152, -34.667596410379915 ], [ -66.321308267752741, -34.668501373155408 ] ] ] } },
{ "type": "Feature", "properties": { "codigo_indec": "740070505" }, "geometry": { "type": "Polygon", "coordinates": [ [ [ -66.059677336041673, -32.512616601852329 ], [ -66.057971973942287, -32.50445658311596 ], [ -66.052201927127953, -32.504941544568759 ], [ -66.045079087272086, -32.508249204470616 ], [ -66.041910638090428, -32.508629033847853 ], [ -66.040912606842028, -32.507858367991602 ], [ -66.04008260443878, -32.507998406060203 ], [ -66.039417887049197, -32.508913890037533 ], [ -66.036345016414941, -32.508914815233197 ], [ -66.035430165410475, -32.509830350038079 ], [ -66.030197767310852, -32.512365624940514 ], [ -66.026958380679289, -32.516451274454923 ], [ -66.017404290041867, -32.519266408048985 ], [ -66.015909119321151, -32.52039378877334 ], [ -66.015992041143974, -32.522855544674961 ], [ -66.012336227111021, -32.524830779255289 ], [ -66.011338489235413, -32.525813775654996 ], [ -66.01100606251056, -32.527432437870203 ], [ -66.010258406534703, -32.528280141421334 ], [ -66.010258534121888, -32.529402813827197 ], [ -66.010990472303007, -32.530520915489724 ], [ -66.010227153713473, -32.534281254029736 ], [ -66.012154247040627, -32.536909666141227 ], [ -66.013072838654026, -32.539921397411526 ], [ -66.014683355440241, -32.542162051414351 ], [ -66.015298662204287, -32.54514674665689 ], [ -66.014577689131883, -32.547067543677784 ], [ -66.01297820449976, -32.548100213781645 ], [ -66.012491329270688, -32.549592646164101 ], [ -66.012707153244804, -32.551202233675198 ], [ -66.011339167865856, -32.552392663422083 ], [ -66.009124626416082, -32.552951923368681 ], [ -66.008914464215138, -32.55416027187465 ], [ -66.010069870032893, -32.555702162036205 ], [ -66.008946841426436, -32.558547239360493 ], [ -66.011316230895972, -32.560512842708498 ], [ -66.011492164776101, -32.562401972523858 ], [ -66.009085903028122, -32.564895480338379 ], [ -66.013612628437656, -32.572032337542254 ], [ -66.055656557579624, -32.645241493911229 ], [ -66.06427044188375, -32.678033139411653 ], [ -66.08439507904211, -32.681023954503516 ], [ -66.128904093212739, -32.693389296767201 ], [ -66.144734470827615, -32.698326980766311 ], [ -66.149215142891023, -32.700909664437184 ], [ -66.146525619672715, -32.698040859652288 ], [ -66.146372610366654, -32.695768705101386 ], [ -66.145473962836761, -32.694002379629353 ], [ -66.145769678354071, -32.692234664997763 ], [ -66.144424027323907, -32.690973812985213 ], [ -66.14248267064805, -32.690597310356303 ], [ -66.141583753344975, -32.688578473834774 ], [ -66.141330641956273, -32.685282968832922 ], [ -66.139632636945876, -32.68188988850018 ], [ -66.141020907486805, -32.679868478728629 ], [ -66.14107234021958, -32.678673639068613 ], [ -66.139923340908368, -32.675149190654118 ], [ -66.141700545677125, -32.668001039623263 ], [ -66.145147746692928, -32.665386609292142 ], [ -66.146187509729899, -32.660700944218462 ], [ -66.147469761338812, -32.659319805212149 ], [ -66.148765237287776, -32.656292988700514 ], [ -66.148760227240842, -32.653267705455917 ], [ -66.147876539741077, -32.650644727064446 ], [ -66.14875203060032, -32.648317238813625 ], [ -66.150214563655936, -32.646521061393422 ], [ -66.149072093445426, -32.64529156613704 ], [ -66.148264511946678, -32.640305970691635 ], [ -66.145803983292836, -32.634569353005453 ], [ -66.144105108606652, -32.631798498437618 ], [ -66.143517205209974, -32.629003811446019 ], [ -66.143762874183381, -32.626032331591048 ], [ -66.141239285251146, -32.622112669384087 ], [ -66.140912362613165, -32.620877665902348 ], [ -66.141313802551778, -32.618676991947865 ], [ -66.140678007714882, -32.615805692252671 ], [ -66.137317200627407, -32.631977433461643 ], [ -66.120491025261273, -32.632314820599341 ], [ -66.105145503774182, -32.604893430874178 ], [ -66.10739099470382, -32.596221359438132 ], [ -66.105438681525754, -32.595979544672517 ], [ -66.100441671599128, -32.592602132861884 ], [ -66.096274489700576, -32.587952439524152 ], [ -66.096273135399429, -32.58668550150977 ], [ -66.09493773950993, -32.585415069513523 ], [ -66.090773591751983, -32.583163805361814 ], [ -66.089277445928133, -32.583448924220789 ], [ -66.087777801895669, -32.582886395259244 ], [ -66.087110223702652, -32.580912056072435 ], [ -66.085445152285814, -32.579925797099584 ], [ -66.084442701145747, -32.578519764533887 ], [ -66.083608451623448, -32.574710480734289 ], [ -66.084104487548942, -32.572739852113713 ], [ -66.08060614011471, -32.56977993357274 ], [ -66.078941716881445, -32.569217403238831 ], [ -66.078442769564617, -32.567950772522444 ], [ -66.075777873854861, -32.567952407338112 ], [ -66.074281118883391, -32.567249944320515 ], [ -66.071782052866268, -32.564852769826572 ], [ -66.072113807103548, -32.56358563589535 ], [ -66.071776890710723, -32.558369262802984 ], [ -66.070748701959175, -32.55750868350863 ], [ -66.07278282217878, -32.554716634887868 ], [ -66.071106734703449, -32.552449715228811 ], [ -66.071438338860716, -32.551038302064221 ], [ -66.07110462322116, -32.549771544387148 ], [ -66.06960478295683, -32.54808161784392 ], [ -66.068938078933826, -32.546391218896495 ], [ -66.068270437753711, -32.543429359577772 ], [ -66.069266558613762, -32.540894917755701 ], [ -66.068764703713668, -32.538920375898385 ], [ -66.067432226022561, -32.536526968786148 ], [ -66.065435834103425, -32.535959924926466 ], [ -66.064769298125341, -32.534269500395354 ], [ -66.06360298223025, -32.53328719471196 ], [ -66.065264710108664, -32.531171753251989 ], [ -66.065262467273342, -32.528069753135412 ], [ -66.062933551689113, -32.527367579002309 ], [ -66.060768040686753, -32.52426664060318 ], [ -66.05910476379195, -32.523983383352942 ], [ -66.057773663333137, -32.522996590459265 ], [ -66.057602701076718, -32.517784577342269 ], [ -66.059765426025649, -32.517075697562589 ], [ -66.059677336041673, -32.512616601852329 ] ] ] } },
{ "type": "Feature", "properties": { "codigo_indec": "740630301" }, "geometry": { "type": "Polygon", "coordinates": [ [ [ -65.658284407232756, -32.447637800294139 ], [ -65.646018482209783, -32.462293399170399 ], [ -65.63340707575162, -32.495581269195398 ], [ -65.633968619540255, -32.503396492088413 ], [ -65.642217073927625, -32.523840110423251 ], [ -65.642507112334997, -32.525856319570678 ], [ -65.641690230262284, -32.533221189108509 ], [ -65.646701470232017, -32.531125301514336 ], [ -65.649136374570332, -32.535239530346139 ], [ -65.646174791905068, -32.536498172840112 ], [ -65.646248796888258, -32.537986246110862 ], [ -65.64543869599558, -32.540964202359014 ], [ -65.646496715069418, -32.542635392248016 ], [ -65.644276418560523, -32.542795951935794 ], [ -65.640839921298536, -32.540256815169862 ], [ -65.640460868539492, -32.54388070860761 ], [ -65.636344357834361, -32.550275695155143 ], [ -65.63139517999879, -32.560311099626951 ], [ -65.629936026457955, -32.566889455920382 ], [ -65.630869599028728, -32.588542737611199 ], [ -65.630445301535588, -32.592008635206177 ], [ -65.626931678861723, -32.60065934089112 ], [ -65.627412388804714, -32.608699654461908 ], [ -65.622825210796151, -32.623496783266859 ], [ -65.622443692305467, -32.631250450335109 ], [ -65.624257293564995, -32.651797084543247 ], [ -65.623260907899819, -32.656830196883213 ], [ -65.620000690475806, -32.666540883372946 ], [ -65.620014396900658, -32.674007135412744 ], [ -65.619000526285475, -32.67927458698577 ], [ -65.620054955501843, -32.68394415756535 ], [ -65.626996746602046, -32.69089015203847 ], [ -65.64094973477016, -32.678924527574459 ], [ -65.644319172804032, -32.678190208504233 ], [ -65.648005803993996, -32.678800246151717 ], [ -65.649645499623105, -32.678011324979565 ], [ -65.65032142121494, -32.674875236584498 ], [ -65.651919097921237, -32.67252619705809 ], [ -65.65431100294397, -32.670851106014261 ], [ -65.654323519263016, -32.667600447690489 ], [ -65.664394239593577, -32.667853213049376 ], [ -65.674211348721769, -32.665300166301222 ], [ -65.675941887488804, -32.662838444132142 ], [ -65.704344514321377, -32.649454881218787 ], [ -65.703952656764883, -32.647884960324433 ], [ -65.706750192854983, -32.643071816152876 ], [ -65.706754944601144, -32.641615543590142 ], [ -65.707952586811444, -32.640387482174525 ], [ -65.710735614040729, -32.639943063016517 ], [ -65.711951860052338, -32.632885355260939 ], [ -65.719376479722115, -32.630435948483694 ], [ -65.723759562388238, -32.626744081390086 ], [ -65.72637331450899, -32.625735361414179 ], [ -65.733364210232267, -32.623689953131489 ], [ -65.735970378051022, -32.624290599390513 ], [ -65.737252702583277, -32.623950632508738 ], [ -65.739503851065209, -32.62021315273951 ], [ -65.743993270845891, -32.618937421795721 ], [ -65.74641485487949, -32.616958532108363 ], [ -65.746421603055822, -32.614564456033072 ], [ -65.747534203538535, -32.611996769434413 ], [ -65.747469709975945, -32.610301388529066 ], [ -65.748855574435396, -32.608085911959002 ], [ -65.748722138555692, -32.606273167808745 ], [ -65.751072908805398, -32.604699820066678 ], [ -65.755351108538619, -32.60436105844785 ], [ -65.757010826338686, -32.603196538480077 ], [ -65.758563696934885, -32.603127394042204 ], [ -65.759303937628175, -32.602186505671234 ], [ -65.758922883161745, -32.599282200494343 ], [ -65.759602005239728, -32.598278071188069 ], [ -65.762030624235038, -32.597326859166522 ], [ -65.765139809659061, -32.597828662330969 ], [ -65.766331653286741, -32.597276319573695 ], [ -65.766965429186129, -32.596263048208975 ], [ -65.767096913904354, -32.593819597599207 ], [ -65.76835645428973, -32.591770484369121 ], [ -65.773673532410257, -32.589967690988452 ], [ -65.77353059117786, -32.587510210104028 ], [ -65.772646828930434, -32.5863408692287 ], [ -65.773365627643642, -32.58216713939165 ], [ -65.775214201460642, -32.579753811154148 ], [ -65.776030570203005, -32.576959890558534 ], [ -65.775576662888355, -32.572130287640199 ], [ -65.776116990253769, -32.570039223899876 ], [ -65.775942664080105, -32.568411279433626 ], [ -65.778932057640958, -32.565278529192121 ], [ -65.778567071009718, -32.563221926459555 ], [ -65.777514421772963, -32.561520293130108 ], [ -65.776008324199196, -32.560201081948811 ], [ -65.773979093098632, -32.557329924199983 ], [ -65.772533885432765, -32.557246161228406 ], [ -65.77085475023749, -32.559132252256354 ], [ -65.769079942949233, -32.558849466076104 ], [ -65.768118874646717, -32.556818787402413 ], [ -65.766606105910881, -32.556103615235969 ], [ -65.764763908589643, -32.553110920326965 ], [ -65.76040235130472, -32.548684165921003 ], [ -65.757538781911194, -32.549535328215342 ], [ -65.748970931995004, -32.545672599322124 ], [ -65.745272991501025, -32.545092558274007 ], [ -65.742416721244339, -32.543377944534946 ], [ -65.740399316952676, -32.543373795806076 ], [ -65.736870028236197, -32.54250980818091 ], [ -65.733337009795264, -32.542930691525989 ], [ -65.730484096628544, -32.541973274803631 ], [ -65.728454689583799, -32.533587241706847 ], [ -65.729257013342504, -32.531379708191366 ], [ -65.726635448958703, -32.522703799539059 ], [ -65.724695411914226, -32.521040364093935 ], [ -65.718264960568277, -32.512256684847102 ], [ -65.714308632563913, -32.504700173366942 ], [ -65.713582297472811, -32.502200691851037 ], [ -65.713323595047484, -32.497375770814543 ], [ -65.707247362136641, -32.495057824288772 ], [ -65.700533677715669, -32.494956361274639 ], [ -65.699844720641764, -32.493354123191367 ], [ -65.7008581576316, -32.49175593906503 ], [ -65.694639662292445, -32.489238661993078 ], [ -65.691876369752933, -32.487577224757445 ], [ -65.685466607966447, -32.485911175678403 ], [ -65.68307995662569, -32.484624710414728 ], [ -65.680766613062161, -32.480673727379617 ], [ -65.672433335557031, -32.480841683546323 ], [ -65.672000880668662, -32.478347230582131 ], [ -65.670754059385857, -32.477473790788665 ], [ -65.667314925098225, -32.473226541790311 ], [ -65.667105195033841, -32.470236697324545 ], [ -65.664938241736948, -32.460072763429558 ], [ -65.660041523307839, -32.451957426884427 ], [ -65.658284407232756, -32.447637800294139 ] ] ] } },
{ "type": "Feature", "properties": { "codigo_indec": "740561514" }, "geometry": { "type": "Polygon", "coordinates": [ [ [ -66.308828677679188, -33.321381969827925 ], [ -66.308318515736659, -33.322897967109419 ], [ -66.314098545511655, -33.32421338418186 ], [ -66.314554786865756, -33.322661435337587 ], [ -66.308828677679188, -33.321381969827925 ] ] ] } },
{ "type": "Feature", "properties": { "codigo_indec": "740560315" }, "geometry": { "type": "Polygon", "coordinates": [ [ [ -66.318068208357417, -33.183129015929119 ], [ -66.315995146652739, -33.182877326308734 ], [ -66.315453143144907, -33.184231168216449 ], [ -66.313563969058521, -33.183681429298709 ], [ -66.312786485935447, -33.182903462189451 ], [ -66.311626790144246, -33.183194896912447 ], [ -66.310241906732585, -33.182724992073311 ], [ -66.308650654510757, -33.18684946479906 ], [ -66.31580492108553, -33.188882761740672 ], [ -66.318068208357417, -33.183129015929119 ] ] ] } },
{ "type": "Feature", "properties": { "codigo_indec": "740560104" }, "geometry": { "type": "Polygon", "coordinates": [ [ [ -66.929036290813571, -33.433617074118885 ], [ -66.933900791415425, -33.435514398080592 ], [ -66.933969634244917, -33.434161529933135 ], [ -66.931990158757031, -33.433319933117929 ], [ -66.931979943798112, -33.432364348914234 ], [ -66.930167089201291, -33.431764893124324 ], [ -66.931079495272982, -33.429855739577242 ], [ -66.924378027046231, -33.427318366901417 ], [ -66.921074991948544, -33.433478113058683 ], [ -66.927825807502202, -33.436069382953228 ], [ -66.929036290813571, -33.433617074118885 ] ] ] } },
{ "type": "Feature", "properties": { "codigo_indec": "740210304" }, "geometry": { "type": "Polygon", "coordinates": [ [ [ -65.62212090322565, -33.046713140528354 ], [ -65.622420778177258, -33.049824782512744 ], [ -65.621488035296721, -33.050124012515845 ], [ -65.620977196641093, -33.055654153569023 ], [ -65.62222664608683, -33.055797701350052 ], [ -65.622525621976465, -33.052854682767055 ], [ -65.626274947612956, -33.052397108117226 ], [ -65.626659631156258, -33.045599727745234 ], [ -65.622944807283389, -33.045566013922468 ], [ -65.62212090322565, -33.046713140528354 ] ] ] } },
{ "type": "Feature", "properties": { "codigo_indec": "740350901" }, "geometry": { "type": "Polygon", "coordinates": [ [ [ -65.463125144041371, -33.669696726801618 ], [ -65.459896740399657, -33.670403912485568 ], [ -65.461483326241961, -33.675779647311941 ], [ -65.464660644167992, -33.675081216183635 ], [ -65.463125144041371, -33.669696726801618 ] ] ] } },
{ "type": "Feature", "properties": { "codigo_indec": "740280203" }, "geometry": { "type": "Polygon", "coordinates": [ [ [ -64.9976296341775, -32.498385320234135 ], [ -64.995999713778417, -32.494734003663254 ], [ -64.985352131212238, -32.495207644893512 ], [ -64.985282464216581, -32.496911276013172 ], [ -64.984391837142866, -32.49710697058611 ], [ -64.9848531126772, -32.497719333066883 ], [ -64.982358946756406, -32.500237439192603 ], [ -64.982458536721268, -32.500842375873084 ], [ -64.971179415221712, -32.50227901182808 ], [ -64.971461397795011, -32.50671761512001 ], [ -64.966325318092956, -32.507572697321919 ], [ -64.966066955836979, -32.509459605009191 ], [ -64.967874435941908, -32.509361736597413 ], [ -64.970760277179878, -32.510115745473648 ], [ -64.973690943510945, -32.509972876766923 ], [ -64.974909267778187, -32.510451687022879 ], [ -64.975656553470927, -32.510241369433039 ], [ -64.975665602497529, -32.50944345073566 ], [ -64.979339701268103, -32.509662667452503 ], [ -64.991114762289044, -32.508197729802426 ], [ -64.991535789945971, -32.510279496981767 ], [ -64.994774662709816, -32.50969227108849 ], [ -64.995413313439556, -32.507524302584244 ], [ -64.995188062133153, -32.502662398482023 ], [ -64.9976296341775, -32.498385320234135 ] ] ] } },
{ "type": "Feature", "properties": { "codigo_indec": "740561515" }, "geometry": { "type": "Polygon", "coordinates": [ [ [ -66.307633971951347, -33.324459475175253 ], [ -66.309070407412875, -33.320646544132238 ], [ -66.30840133993587, -33.320494930512517 ], [ -66.308839617270863, -33.319154928046132 ], [ -66.308186686264861, -33.319007781209052 ], [ -66.308595586143682, -33.317712933451531 ], [ -66.307913102294762, -33.317556842248926 ], [ -66.306013124586897, -33.323945044084859 ], [ -66.307633971951347, -33.324459475175253 ] ] ] } },
{ "type": "Feature", "properties": { "codigo_indec": "740561511" }, "geometry": { "type": "Polygon", "coordinates": [ [ [ -66.311048650711342, -33.316724044202466 ], [ -66.309524601437474, -33.321533514191415 ], [ -66.312276101521221, -33.322139733474152 ], [ -66.313343410905532, -33.318778492358604 ], [ -66.315630069230906, -33.319300154943377 ], [ -66.315921950140378, -33.318343690247858 ], [ -66.311582520612276, -33.317367368872965 ], [ -66.311728432724593, -33.316875616854659 ], [ -66.311048650711342, -33.316724044202466 ] ] ] } },
{ "type": "Feature", "properties": { "codigo_indec": "740561510" }, "geometry": { "type": "Polygon", "coordinates": [ [ [ -66.308391341884814, -33.316131087245445 ], [ -66.307913102294762, -33.317556842248926 ], [ -66.308595586143682, -33.317712933451531 ], [ -66.308186686264861, -33.319007781209052 ], [ -66.308839617270863, -33.319154928046132 ], [ -66.30840133993587, -33.320494930512517 ], [ -66.309070407412875, -33.320646544132238 ], [ -66.308828677679188, -33.321381969827925 ], [ -66.309524601437474, -33.321533514191415 ], [ -66.311048650711342, -33.316724044202466 ], [ -66.308391341884814, -33.316131087245445 ] ] ] } },
{ "type": "Feature", "properties": { "codigo_indec": "740561417" }, "geometry": { "type": "Polygon", "coordinates": [ [ [ -66.315055328580826, -33.302080547338221 ], [ -66.313448046695768, -33.306755042121566 ], [ -66.314832095809322, -33.307188832301648 ], [ -66.313937620976361, -33.309282869781818 ], [ -66.315122782844327, -33.309640520475504 ], [ -66.316327278947895, -33.307915352866878 ], [ -66.318162777175502, -33.308465167153102 ], [ -66.319096038179637, -33.308205810430707 ], [ -66.319831040571799, -33.307320326542417 ], [ -66.32249001952097, -33.309148264377363 ], [ -66.323321947252481, -33.306892035929259 ], [ -66.314609347266341, -33.301225130759605 ], [ -66.315055328580826, -33.302080547338221 ] ] ] } },
{ "type": "Feature", "properties": { "codigo_indec": "740561408" }, "geometry": { "type": "Polygon", "coordinates": [ [ [ -66.315093193772015, -33.297680506310243 ], [ -66.314609347266341, -33.301225130759605 ], [ -66.321691080726652, -33.305778251284792 ], [ -66.322820910006556, -33.299865153780623 ], [ -66.315093193772015, -33.297680506310243 ] ] ] } },
{ "type": "Feature", "properties": { "codigo_indec": "740560902" }, "geometry": { "type": "Polygon", "coordinates": [ [ [ -66.301596385521052, -33.270917525755607 ], [ -66.298759713838933, -33.272385019588427 ], [ -66.299781642488739, -33.273825171622121 ], [ -66.2988066441265, -33.274345957427862 ], [ -66.302035036414935, -33.275961093918966 ], [ -66.302734351894145, -33.275648329923499 ], [ -66.300989760393833, -33.273209142595199 ], [ -66.302655957141042, -33.272371087572438 ], [ -66.301596385521052, -33.270917525755607 ] ] ] } },
{ "type": "Feature", "properties": { "codigo_indec": "740560725" }, "geometry": { "type": "Polygon", "coordinates": [ [ [ -66.330969572722779, -33.284047185125637 ], [ -66.330439369904809, -33.287208807443776 ], [ -66.334713197487019, -33.287508434318653 ], [ -66.335036962186081, -33.284442022160839 ], [ -66.330969572722779, -33.284047185125637 ] ] ] } },
{ "type": "Feature", "properties": { "codigo_indec": "740561302" }, "geometry": { "type": "Polygon", "coordinates": [ [ [ -66.340209002230281, -33.305990404300879 ], [ -66.339530463201683, -33.30822829301885 ], [ -66.342772776646854, -33.308773891162446 ], [ -66.343249182039884, -33.306351710387666 ], [ -66.340209002230281, -33.305990404300879 ] ] ] } },
{ "type": "Feature", "properties": { "codigo_indec": "740561212" }, "geometry": { "type": "Polygon", "coordinates": [ [ [ -66.349828664656172, -33.313059487124022 ], [ -66.347873357897697, -33.312835062584604 ], [ -66.348101420735063, -33.312126648184666 ], [ -66.345055048443157, -33.311612202865533 ], [ -66.344457662051653, -33.313985134525595 ], [ -66.349180011957344, -33.315337914250186 ], [ -66.349828664656172, -33.313059487124022 ] ] ] } },
{ "type": "Feature", "properties": { "codigo_indec": "740561114" }, "geometry": { "type": "Polygon", "coordinates": [ [ [ -66.346598893916493, -33.299449477787178 ], [ -66.341734218835398, -33.300603508247711 ], [ -66.34138990582899, -33.301794602144078 ], [ -66.342816254899333, -33.302047639204936 ], [ -66.343104974805527, -33.301059561026499 ], [ -66.346043224541233, -33.30147968674153 ], [ -66.346598893916493, -33.299449477787178 ] ] ] } },
{ "type": "Feature", "properties": { "codigo_indec": "740561109" }, "geometry": { "type": "Polygon", "coordinates": [ [ [ -66.346602594783505, -33.293597905520308 ], [ -66.345278844504421, -33.29346634589146 ], [ -66.344391622538879, -33.296502784803309 ], [ -66.347135433471379, -33.296661952265019 ], [ -66.347335410149853, -33.294970841987436 ], [ -66.346242947133035, -33.294960365879639 ], [ -66.346602594783505, -33.293597905520308 ] ] ] } },
{ "type": "Feature", "properties": { "codigo_indec": "740561014" }, "geometry": { "type": "Polygon", "coordinates": [ [ [ -66.324059690682773, -33.289339924771035 ], [ -66.317239644707783, -33.291503396780698 ], [ -66.316071228261066, -33.292002269638431 ], [ -66.318094089924273, -33.292502021267815 ], [ -66.318269039680672, -33.29189748190754 ], [ -66.323605241651819, -33.292740250336301 ], [ -66.324059690682773, -33.289339924771035 ] ] ] } },
{ "type": "Feature", "properties": { "codigo_indec": "740561001" }, "geometry": { "type": "Polygon", "coordinates": [ [ [ -66.335687720381529, -33.287582444741901 ], [ -66.333027522865862, -33.288865405836276 ], [ -66.332774223211274, -33.291426710210217 ], [ -66.337072523427466, -33.291753238319622 ], [ -66.337566956506976, -33.28772161596445 ], [ -66.335687720381529, -33.287582444741901 ] ] ] } },
{ "type": "Feature", "properties": { "codigo_indec": "740560501" }, "geometry": { "type": "Polygon", "coordinates": [ [ [ -66.232462850460394, -33.262969323227665 ], [ -66.237057564840313, -33.259448776021692 ], [ -66.238436588154869, -33.257458031150392 ], [ -66.238451421142329, -33.260942827051636 ], [ -66.24025420761879, -33.261840992879172 ], [ -66.240865564706851, -33.262678331446985 ], [ -66.245443460714597, -33.263823472913323 ], [ -66.245573929412529, -33.261546585378568 ], [ -66.246588869210498, -33.26085482542949 ], [ -66.246405346852754, -33.257604791109372 ], [ -66.245094778296547, -33.257143038324969 ], [ -66.244849995667536, -33.255953360320042 ], [ -66.244074880762653, -33.255075788268925 ], [ -66.243108714951731, -33.25495595980901 ], [ -66.24315076477815, -33.253671045023971 ], [ -66.239869669571732, -33.25367290872974 ], [ -66.240291619383072, -33.24806390908676 ], [ -66.232513652895534, -33.247709021588463 ], [ -66.232462850460394, -33.262969323227665 ] ] ] } },
{ "type": "Feature", "properties": { "codigo_indec": "740560407" }, "geometry": { "type": "Polygon", "coordinates": [ [ [ -66.193188622959639, -33.251333287320676 ], [ -66.189643518841251, -33.250788744134283 ], [ -66.187887165179148, -33.252436900386009 ], [ -66.186718313845716, -33.25283538170337 ], [ -66.181314337495664, -33.251148297067886 ], [ -66.177608210560919, -33.251861431495037 ], [ -66.175030611508276, -33.253483527373128 ], [ -66.171015688613991, -33.252758785910139 ], [ -66.170387890699033, -33.254130138423079 ], [ -66.173737762222288, -33.254977551966306 ], [ -66.173670034066333, -33.257357971479998 ], [ -66.172077565001004, -33.259339280546882 ], [ -66.17289697129911, -33.261254123935757 ], [ -66.175484965633814, -33.259330010505622 ], [ -66.176571668179108, -33.256704705910167 ], [ -66.1776103773405, -33.256910603475646 ], [ -66.182862310295619, -33.255023076150117 ], [ -66.185719152753023, -33.254824990327926 ], [ -66.188979709511671, -33.252737293866396 ], [ -66.197629354391552, -33.256438597696174 ], [ -66.199466140156318, -33.253631571346723 ], [ -66.194681658957236, -33.253183825936311 ], [ -66.193188622959639, -33.251333287320676 ] ] ] } },
{ "type": "Feature", "properties": { "codigo_indec": "740560404" }, "geometry": { "type": "Polygon", "coordinates": [ [ [ -66.238920582132636, -33.215440697004212 ], [ -66.238346496548459, -33.21635245697972 ], [ -66.234998371779, -33.216841203985858 ], [ -66.235145016004807, -33.217526175239243 ], [ -66.23378848891484, -33.217686518822013 ], [ -66.233585359661944, -33.216934028818159 ], [ -66.230158377256672, -33.217026070928853 ], [ -66.228993545443302, -33.216654038342959 ], [ -66.225814268197169, -33.21712870286666 ], [ -66.224803077640928, -33.216007988517447 ], [ -66.222970400409125, -33.215578497350783 ], [ -66.222667727280722, -33.21571879400836 ], [ -66.223205398378582, -33.216245291839769 ], [ -66.220482443470246, -33.216899329391978 ], [ -66.218784794706707, -33.217925690577708 ], [ -66.21824800585415, -33.218828276001481 ], [ -66.218406670218442, -33.223322684681932 ], [ -66.222930513881579, -33.222056870612022 ], [ -66.223095487284994, -33.223656989410749 ], [ -66.224403104352945, -33.223203816905965 ], [ -66.227684956424241, -33.223932692467244 ], [ -66.227973043336789, -33.224364952929825 ], [ -66.227799810738972, -33.225821421299493 ], [ -66.225893616989921, -33.22817818070201 ], [ -66.226271550565684, -33.233294305159603 ], [ -66.225362135905968, -33.233237349348578 ], [ -66.225002048615764, -33.234022428274294 ], [ -66.231509994822687, -33.237400652998787 ], [ -66.239438986007841, -33.2354381018895 ], [ -66.244302481044727, -33.225983963492055 ], [ -66.245484120622933, -33.222704171901711 ], [ -66.244876990189368, -33.21848568499221 ], [ -66.239061802378544, -33.219051503485211 ], [ -66.238920582132636, -33.215440697004212 ] ] ] } },
{ "type": "Feature", "properties": { "codigo_indec": "740560317" }, "geometry": { "type": "Polygon", "coordinates": [ [ [ -66.296925971306578, -33.178425054569807 ], [ -66.288535564698435, -33.178318551574939 ], [ -66.287949356508221, -33.177751871359 ], [ -66.288050496277592, -33.178351232406037 ], [ -66.284520895801251, -33.183530290073527 ], [ -66.309526875619284, -33.191310428563128 ], [ -66.310982609131528, -33.18751538631922 ], [ -66.308650654510757, -33.18684946479906 ], [ -66.309298914389359, -33.185184321239056 ], [ -66.307446023676349, -33.185040139597241 ], [ -66.300574468276892, -33.182437640385551 ], [ -66.2962190040801, -33.179427565917436 ], [ -66.296925971306578, -33.178425054569807 ] ] ] } },
{ "type": "Feature", "properties": { "codigo_indec": "740490306" }, "geometry": { "type": "Polygon", "coordinates": [ [ [ -65.018562998499036, -32.438664130801939 ], [ -65.016078047580748, -32.428581751922515 ], [ -65.009250078362399, -32.431224321477643 ], [ -65.006261968764008, -32.433932936235976 ], [ -64.999077320501229, -32.436797554065258 ], [ -64.999806737080263, -32.442718493423769 ], [ -65.003215136766428, -32.441961038431963 ], [ -65.001806599467514, -32.445543151215546 ], [ -65.01377334675297, -32.441300258665784 ], [ -65.015213057854183, -32.442380039534477 ], [ -65.014531255166588, -32.440052827729829 ], [ -65.018562998499036, -32.438664130801939 ] ] ] } },
{ "type": "Feature", "properties": { "codigo_indec": "740560615" }, "geometry": { "type": "Polygon", "coordinates": [ [ [ -66.348764978014543, -33.283912874842073 ], [ -66.347178545939173, -33.283827152909922 ], [ -66.347105047783018, -33.285599059365516 ], [ -66.346285964988226, -33.285466099565838 ], [ -66.345892009911765, -33.288329868008695 ], [ -66.349661266946626, -33.288603334696525 ], [ -66.348281992226191, -33.287313370115008 ], [ -66.348764978014543, -33.283912874842073 ] ] ] } },
{ "type": "Feature", "properties": { "codigo_indec": "740351504" }, "geometry": { "type": "Polygon", "coordinates": [ [ [ -65.381059630316017, -33.718172822438333 ], [ -65.382481530488022, -33.722998734997454 ], [ -65.382971923615841, -33.72344745409108 ], [ -65.38242454378387, -33.725306421723147 ], [ -65.388760993815993, -33.727920891137813 ], [ -65.385394878760039, -33.724473781447273 ], [ -65.389383986436357, -33.722604817932186 ], [ -65.385636382463304, -33.717077747816468 ], [ -65.381059630316017, -33.718172822438333 ] ] ] } },
{ "type": "Feature", "properties": { "codigo_indec": "740351003" }, "geometry": { "type": "Polygon", "coordinates": [ [ [ -65.468050313508087, -33.670533938245171 ], [ -65.463663903538034, -33.671493178572142 ], [ -65.464156970245142, -33.673271398223555 ], [ -65.468589125236477, -33.67233938475718 ], [ -65.468050313508087, -33.670533938245171 ] ] ] } },
{ "type": "Feature", "properties": { "codigo_indec": "740350708" }, "geometry": { "type": "Polygon", "coordinates": [ [ [ -65.461935399457758, -33.64993374218232 ], [ -65.464865778290786, -33.659805090745202 ], [ -65.466992532757445, -33.659345464971381 ], [ -65.466456610346697, -33.657526497330146 ], [ -65.474936149910846, -33.655710084642401 ], [ -65.477901425503546, -33.656957790417849 ], [ -65.463491849686861, -33.650138851032963 ], [ -65.461935399457758, -33.64993374218232 ] ] ] } },
{ "type": "Feature", "properties": { "codigo_indec": "740280404" }, "geometry": { "type": "Polygon", "coordinates": [ [ [ -65.28776435346019, -32.725535496418132 ], [ -65.285855958146598, -32.726741918308285 ], [ -65.288369840892614, -32.735254610074307 ], [ -65.290363050550297, -32.734134293091017 ], [ -65.291132105584424, -32.735026805424816 ], [ -65.294251579384579, -32.733128322357139 ], [ -65.28776435346019, -32.725535496418132 ] ] ] } },
{ "type": "Feature", "properties": { "codigo_indec": "740560305" }, "geometry": { "type": "Polygon", "coordinates": [ [ [ -66.328943333156658, -33.175860546689023 ], [ -66.323305015776157, -33.176226957060464 ], [ -66.321224044807266, -33.17597086602828 ], [ -66.319914808062833, -33.178598025780566 ], [ -66.316384642997377, -33.177132855964466 ], [ -66.314313188686924, -33.180293862341891 ], [ -66.320693921062329, -33.180552591661474 ], [ -66.325653418671223, -33.183560227720157 ], [ -66.324958360727692, -33.184806313317594 ], [ -66.327420778505939, -33.184493302226713 ], [ -66.323875408581003, -33.178993526198944 ], [ -66.32736847485927, -33.179079063145586 ], [ -66.32927796537281, -33.178614188615853 ], [ -66.328943333156658, -33.175860546689023 ] ] ] } },
{ "type": "Feature", "properties": { "codigo_indec": "740560302" }, "geometry": { "type": "Polygon", "coordinates": [ [ [ -66.322136012779765, -33.162948731410609 ], [ -66.31503049176672, -33.162755021840759 ], [ -66.314371106054367, -33.16423088237373 ], [ -66.314611653891944, -33.165546680428903 ], [ -66.313654998606481, -33.165589667841388 ], [ -66.313617493976011, -33.167100021791939 ], [ -66.31755834865136, -33.166630194173855 ], [ -66.317528366145083, -33.167978233166245 ], [ -66.319973518678367, -33.168936736301632 ], [ -66.322070541574462, -33.164833344055182 ], [ -66.321748931059787, -33.164834175429554 ], [ -66.322136012779765, -33.162948731410609 ] ] ] } },
{ "type": "Feature", "properties": { "codigo_indec": "740280309" }, "geometry": { "type": "Polygon", "coordinates": [ [ [ -65.36948757223189, -32.912873430675816 ], [ -65.366896832469607, -32.913784545194652 ], [ -65.366422131724988, -32.912893998349688 ], [ -65.361232326554713, -32.914743053083946 ], [ -65.365988206412723, -32.922778567253701 ], [ -65.373123105846361, -32.919933732554654 ], [ -65.372124529600043, -32.917899971064102 ], [ -65.3711063964505, -32.918260027664452 ], [ -65.370344415230377, -32.916790983609616 ], [ -65.371317453249077, -32.916381114573575 ], [ -65.36948757223189, -32.912873430675816 ] ] ] } },
{ "type": "Feature", "properties": { "codigo_indec": "740280308" }, "geometry": { "type": "Polygon", "coordinates": [ [ [ -65.377615628215651, -32.90812630556659 ], [ -65.374173845964904, -32.909245225343987 ], [ -65.374515594809779, -32.910049420096392 ], [ -65.366422131724988, -32.912893998349688 ], [ -65.366896832469607, -32.913784545194652 ], [ -65.371748608585264, -32.912095855525209 ], [ -65.373336702709267, -32.915034245166126 ], [ -65.377735041517198, -32.913212307356332 ], [ -65.379929209182691, -32.912817459781373 ], [ -65.377615628215651, -32.90812630556659 ] ] ] } },
{ "type": "Feature", "properties": { "codigo_indec": "740280106" }, "geometry": { "type": "Polygon", "coordinates": [ [ [ -65.244809759431504, -32.557830209672751 ], [ -65.240630664805977, -32.558463280889583 ], [ -65.240081139527206, -32.559551025571558 ], [ -65.243814368046046, -32.565430123786967 ], [ -65.244610116574165, -32.565137345405631 ], [ -65.244809759431504, -32.557830209672751 ] ] ] } },
{ "type": "Feature", "properties": { "codigo_indec": "740070410" }, "geometry": { "type": "Polygon", "coordinates": [ [ [ -65.808356389468585, -32.233388493442199 ], [ -65.808636638563172, -32.237618288563731 ], [ -65.806213957295753, -32.238042944386109 ], [ -65.806402602223685, -32.240396890195932 ], [ -65.805030771991284, -32.240593173588017 ], [ -65.805344866076084, -32.250035328670585 ], [ -65.807607821800417, -32.250025267991333 ], [ -65.810137445328508, -32.244253173617864 ], [ -65.819164666693311, -32.242949810468872 ], [ -65.818923806722324, -32.240005140384568 ], [ -65.824121764855292, -32.239241455873938 ], [ -65.824065043353215, -32.234263524219386 ], [ -65.81222931417787, -32.235784036973918 ], [ -65.811038108230477, -32.233333915393885 ], [ -65.808356389468585, -32.233388493442199 ] ] ] } },
{ "type": "Feature", "properties": { "codigo_indec": "740070409" }, "geometry": { "type": "Polygon", "coordinates": [ [ [ -65.794525842783116, -32.239629656458831 ], [ -65.794947874604063, -32.244233946769128 ], [ -65.793932179762152, -32.247622998232536 ], [ -65.793623543716393, -32.248023787783232 ], [ -65.793590025645571, -32.247595386280778 ], [ -65.789232890653139, -32.248102209482226 ], [ -65.788724235764235, -32.250094298936325 ], [ -65.805344866076084, -32.250035328670585 ], [ -65.804942959387375, -32.238239381559119 ], [ -65.794525842783116, -32.239629656458831 ] ] ] } },
{ "type": "Feature", "properties": { "codigo_indec": "740351606" }, "geometry": { "type": "Polygon", "coordinates": [ [ [ -65.189368144192528, -33.85272989363515 ], [ -65.193111402857966, -33.857694773373517 ], [ -65.190877259758196, -33.858843085714092 ], [ -65.192261856717153, -33.860700278140754 ], [ -65.198356793759359, -33.857499112130689 ], [ -65.193523610494907, -33.850341079951015 ], [ -65.189368144192528, -33.85272989363515 ] ] ] } },
{ "type": "Feature", "properties": { "codigo_indec": "740351405" }, "geometry": { "type": "Polygon", "coordinates": [ [ [ -65.43975078283502, -33.694710476426387 ], [ -65.433537455476227, -33.697706875171932 ], [ -65.437741654368608, -33.709243482041778 ], [ -65.438912911227263, -33.707873932963651 ], [ -65.443260218093741, -33.706198674150237 ], [ -65.441402110140487, -33.700370728130508 ], [ -65.438443797645093, -33.701222812629609 ], [ -65.437936512786578, -33.699615731847381 ], [ -65.43900889386893, -33.699332107282309 ], [ -65.437979044882027, -33.695982643648584 ], [ -65.43975078283502, -33.694710476426387 ] ] ] } },
{ "type": "Feature", "properties": { "codigo_indec": "740351402" }, "geometry": { "type": "Polygon", "coordinates": [ [ [ -65.438403948229123, -33.690354337149948 ], [ -65.434893550459151, -33.691154243460552 ], [ -65.433836306971685, -33.687498086700536 ], [ -65.433217981083189, -33.687634993825327 ], [ -65.435120763478352, -33.69475250389057 ], [ -65.425633779872896, -33.698549402916768 ], [ -65.426247819504098, -33.700693455766917 ], [ -65.436627533325961, -33.696485869073115 ], [ -65.43975078283502, -33.694710476426387 ], [ -65.438403948229123, -33.690354337149948 ] ] ] } },
{ "type": "Feature", "properties": { "codigo_indec": "740351305" }, "geometry": { "type": "Polygon", "coordinates": [ [ [ -65.501399665394331, -33.687599856133865 ], [ -65.49878134930718, -33.68858098314746 ], [ -65.499960797295131, -33.693030468600725 ], [ -65.502709068775204, -33.692446528824277 ], [ -65.502382211081667, -33.691146961799085 ], [ -65.503078726228125, -33.690996499179832 ], [ -65.502617010203451, -33.689236592618371 ], [ -65.501714029132103, -33.688723571065353 ], [ -65.501399665394331, -33.687599856133865 ] ] ] } },
{ "type": "Feature", "properties": { "codigo_indec": "740351218" }, "geometry": { "type": "Polygon", "coordinates": [ [ [ -65.439769247641522, -33.694773669303764 ], [ -65.443260218093741, -33.706198674150237 ], [ -65.44524907323337, -33.705572023244677 ], [ -65.447444198362163, -33.705577353637452 ], [ -65.444020252968983, -33.693711000290172 ], [ -65.439769247641522, -33.694773669303764 ] ] ] } },
{ "type": "Feature", "properties": { "codigo_indec": "740351111" }, "geometry": { "type": "Polygon", "coordinates": [ [ [ -65.47897479333534, -33.680542759593948 ], [ -65.47468798602894, -33.681462237161348 ], [ -65.476286910522845, -33.686765705919285 ], [ -65.478400792237608, -33.686305834503329 ], [ -65.477618673552897, -33.68366996697403 ], [ -65.478695795785171, -33.683440109217379 ], [ -65.478399179590113, -33.682555325610515 ], [ -65.479506023028819, -33.682312062661886 ], [ -65.47897479333534, -33.680542759593948 ] ] ] } },
{ "type": "Feature", "properties": { "codigo_indec": "740351104" }, "geometry": { "type": "Polygon", "coordinates": [ [ [ -65.478174108374603, -33.67786173684928 ], [ -65.473911661609151, -33.678785799225572 ], [ -65.47468798602894, -33.681462237161348 ], [ -65.47897479333534, -33.680542759593948 ], [ -65.478174108374603, -33.67786173684928 ] ] ] } },
{ "type": "Feature", "properties": { "codigo_indec": "740351019" }, "geometry": { "type": "Polygon", "coordinates": [ [ [ -65.483364438644855, -33.670075992853761 ], [ -65.485637872736575, -33.676247671932821 ], [ -65.490294132555604, -33.675243687342395 ], [ -65.490123634065071, -33.668503782187052 ], [ -65.483364438644855, -33.670075992853761 ] ] ] } },
{ "type": "Feature", "properties": { "codigo_indec": "740351018" }, "geometry": { "type": "Polygon", "coordinates": [ [ [ -65.484167831193147, -33.67277052057149 ], [ -65.480321431654616, -33.673597370126473 ], [ -65.481381000869078, -33.677167508421824 ], [ -65.485637872736575, -33.676247671932821 ], [ -65.484167831193147, -33.67277052057149 ] ] ] } },
{ "type": "Feature", "properties": { "codigo_indec": "740351017" }, "geometry": { "type": "Polygon", "coordinates": [ [ [ -65.477106604079722, -33.674287030721182 ], [ -65.478174108374603, -33.67786173684928 ], [ -65.481381000869078, -33.677167508421824 ], [ -65.480321431654616, -33.673597370126473 ], [ -65.477106604079722, -33.674287030721182 ] ] ] } },
{ "type": "Feature", "properties": { "codigo_indec": "740350913" }, "geometry": { "type": "Polygon", "coordinates": [ [ [ -65.461743086264903, -33.684278007353647 ], [ -65.458565406421627, -33.684976358854357 ], [ -65.459848755141152, -33.689286931777858 ], [ -65.46302357968186, -33.688638122045958 ], [ -65.461743086264903, -33.684278007353647 ] ] ] } },
{ "type": "Feature", "properties": { "codigo_indec": "740350905" }, "geometry": { "type": "Polygon", "coordinates": [ [ [ -65.444904285726281, -33.681187790054487 ], [ -65.43637037303219, -33.683421095080334 ], [ -65.437365907458698, -33.686626171773547 ], [ -65.448111164367518, -33.684353110982762 ], [ -65.447556505983073, -33.682552017584264 ], [ -65.445442733385448, -33.682984314836951 ], [ -65.444904285726281, -33.681187790054487 ] ] ] } },
{ "type": "Feature", "properties": { "codigo_indec": "740350806" }, "geometry": { "type": "Polygon", "coordinates": [ [ [ -65.437957997066889, -33.653636178002003 ], [ -65.440476401176099, -33.662203450399524 ], [ -65.446817092548145, -33.660766946693556 ], [ -65.445501149912587, -33.6562397028638 ], [ -65.437957997066889, -33.653636178002003 ] ] ] } },
{ "type": "Feature", "properties": { "codigo_indec": "740350804" }, "geometry": { "type": "Polygon", "coordinates": [ [ [ -65.424829310937398, -33.649284345828931 ], [ -65.429605872994586, -33.664651096828443 ], [ -65.438252116749752, -33.662707253525177 ], [ -65.43778416311909, -33.660888474680206 ], [ -65.436418382696402, -33.66118427920059 ], [ -65.435398317206406, -33.658069228072236 ], [ -65.438966480041955, -33.657296604526501 ], [ -65.437952724169989, -33.653618122727089 ], [ -65.424829310937398, -33.649284345828931 ] ] ] } },
{ "type": "Feature", "properties": { "codigo_indec": "740350801" }, "geometry": { "type": "Polygon", "coordinates": [ [ [ -65.443160210424196, -33.648101566163639 ], [ -65.445271705593328, -33.655454311725386 ], [ -65.446410486842922, -33.655234025169946 ], [ -65.446674342985673, -33.65611874049079 ], [ -65.449834764661915, -33.655438640626663 ], [ -65.449026921758062, -33.652788947424014 ], [ -65.451553075246252, -33.652232193368597 ], [ -65.450151458365099, -33.647172687718218 ], [ -65.443160210424196, -33.648101566163639 ] ] ] } },
{ "type": "Feature", "properties": { "codigo_indec": "740210306" }, "geometry": { "type": "Polygon", "coordinates": [ [ [ -65.608100717826034, -33.049861766600159 ], [ -65.608042732821673, -33.052075162236761 ], [ -65.621193017807684, -33.053387131561848 ], [ -65.621395077658789, -33.051205724397462 ], [ -65.608100717826034, -33.049861766600159 ] ] ] } },
{ "type": "Feature", "properties": { "codigo_indec": "740350815" }, "geometry": { "type": "Polygon", "coordinates": [ [ [ -65.451972563528273, -33.666411165292963 ], [ -65.45276421671285, -33.669096825542006 ], [ -65.458076453824575, -33.667939182514161 ], [ -65.457295455156157, -33.665249093889884 ], [ -65.451972563528273, -33.666411165292963 ] ] ] } },
{ "type": "Feature", "properties": { "codigo_indec": "740630502" }, "geometry": { "type": "Polygon", "coordinates": [ [ [ -65.61424476903062, -32.770431769029102 ], [ -65.609750550828409, -32.773091395407754 ], [ -65.603075315847946, -32.778309304136663 ], [ -65.59293102597745, -32.779223536326839 ], [ -65.578383739685478, -32.784612661757997 ], [ -65.567595105384072, -32.787231382278826 ], [ -65.553560632963823, -32.79892222229396 ], [ -65.533715364541408, -32.817988322562371 ], [ -65.530797173077616, -32.821597707167484 ], [ -65.529070253980407, -32.827087021729078 ], [ -65.520535187590227, -32.839394221297987 ], [ -65.505937735468365, -32.851762672033708 ], [ -65.506303327455768, -32.853260911184442 ], [ -65.512208326858868, -32.857143279724191 ], [ -65.510667959738598, -32.860423902326644 ], [ -65.51167583859872, -32.861712739238534 ], [ -65.510957425948945, -32.869000039036408 ], [ -65.51314670781619, -32.871150074039271 ], [ -65.513968523437555, -32.875724796920373 ], [ -65.510052539764075, -32.87956871421639 ], [ -65.508516422787451, -32.88199271644271 ], [ -65.508506170389182, -32.883850137383561 ], [ -65.509855132682048, -32.884856296231717 ], [ -65.509338067998726, -32.886571968838837 ], [ -65.507804670133069, -32.887995105418128 ], [ -65.507962250910964, -32.890421242769072 ], [ -65.511507351477661, -32.892436868849416 ], [ -65.5125140185243, -32.894014227004362 ], [ -65.512677191837639, -32.895444023833555 ], [ -65.508931770088495, -32.898715988078685 ], [ -65.508239656490403, -32.901143289529408 ], [ -65.509421328917554, -32.902004525233004 ], [ -65.510780786792694, -32.901153258108806 ], [ -65.511300584181711, -32.899437594506097 ], [ -65.512991967202097, -32.899444193782202 ], [ -65.512642750408787, -32.901733094997191 ], [ -65.513130907417889, -32.905305639767647 ], [ -65.518683245116151, -32.912328660646686 ], [ -65.529015901123387, -32.91265655301472 ], [ -65.531725411901576, -32.913234788497228 ], [ -65.536330298645993, -32.909609175570147 ], [ -65.538328660602261, -32.909720264223914 ], [ -65.541338453269788, -32.906994749083466 ], [ -65.543081774422717, -32.90784420202322 ], [ -65.547457379918043, -32.907120740640316 ], [ -65.550698834725452, -32.907659913955868 ], [ -65.550939923618429, -32.909662507049923 ], [ -65.554407375282267, -32.915256303429352 ], [ -65.554398926774127, -32.916942410967764 ], [ -65.556887273149258, -32.919056674028091 ], [ -65.558114436683937, -32.923276359838837 ], [ -65.559860336277026, -32.923701799882437 ], [ -65.560478986007837, -32.925074525920444 ], [ -65.560463360039421, -32.928234847726955 ], [ -65.561080423240298, -32.929395670486869 ], [ -65.567572070967103, -32.930153166734648 ], [ -65.568314870975144, -32.931314388936137 ], [ -65.567806822537705, -32.932998767601291 ], [ -65.565304536026389, -32.934148742367263 ], [ -65.565420888803317, -32.936047174407683 ], [ -65.568798358713494, -32.934688326956859 ], [ -65.570177430372851, -32.933638116811657 ], [ -65.572798186327219, -32.933962689847021 ], [ -65.572908631985158, -32.937123441771739 ], [ -65.576517215416416, -32.939980509825155 ], [ -65.574516110818138, -32.940289298457344 ], [ -65.571397286376992, -32.93954377446024 ], [ -65.570017634686053, -32.94069768735455 ], [ -65.569888553011936, -32.941959588158191 ], [ -65.573503315124768, -32.943549909701424 ], [ -65.578497324159912, -32.944094335928561 ], [ -65.582221897906408, -32.953651069784847 ], [ -65.587993267228811, -32.952750528582087 ], [ -65.595128722907972, -32.951123791500528 ], [ -65.600623457368769, -32.949247959059079 ], [ -65.605599167561735, -32.948605541839882 ], [ -65.607999121282717, -32.947598709369252 ], [ -65.615362826147603, -32.9461789133072 ], [ -65.621675159605516, -32.943614881570461 ], [ -65.622584225896162, -32.944848419848796 ], [ -65.625311106375946, -32.943589770409616 ], [ -65.626666929940271, -32.939040356764949 ], [ -65.628867893923925, -32.938194827207184 ], [ -65.630321315672745, -32.935823212802148 ], [ -65.631726213479666, -32.936111389659388 ], [ -65.63299751010166, -32.937034841826531 ], [ -65.633955178316455, -32.93687534855448 ], [ -65.631963736630851, -32.929750743747874 ], [ -65.626708693893008, -32.926552229541365 ], [ -65.626826273126369, -32.922738474167446 ], [ -65.621114635114452, -32.920205603249578 ], [ -65.62063286598773, -32.917233104391222 ], [ -65.625373874211263, -32.910940140901253 ], [ -65.624273816980008, -32.905012786786948 ], [ -65.624601151472206, -32.90153327366928 ], [ -65.629075358457555, -32.897439457529522 ], [ -65.629036748999226, -32.894522394481022 ], [ -65.631812344713481, -32.893362916118591 ], [ -65.635752761970977, -32.890254625462475 ], [ -65.636454586412626, -32.888502889397657 ], [ -65.635304119264987, -32.886939623460528 ], [ -65.629310370224658, -32.883996031003782 ], [ -65.628853860583419, -32.882633131175275 ], [ -65.630417002942551, -32.878706406908869 ], [ -65.630897078071058, -32.875028941301345 ], [ -65.629584148359513, -32.874055746300535 ], [ -65.629153658055159, -32.866453241408905 ], [ -65.634394306247771, -32.858651020843979 ], [ -65.634873096863899, -32.855870705203678 ], [ -65.633145023880843, -32.847452875482169 ], [ -65.629806054836791, -32.840572151404587 ], [ -65.63027159831023, -32.828112128251874 ], [ -65.629956114083981, -32.825640553889983 ], [ -65.62797253149219, -32.823046811411558 ], [ -65.626808769273282, -32.811488120280586 ], [ -65.625260381405212, -32.806424977846184 ], [ -65.624935964215055, -32.800409685127065 ], [ -65.624223466598934, -32.798468898692782 ], [ -65.621961647397526, -32.795581165917582 ], [ -65.620675272566231, -32.79242133153069 ], [ -65.618901506416861, -32.78967478232191 ], [ -65.617944407984993, -32.78569537254829 ], [ -65.617005626711645, -32.777459983228077 ], [ -65.61424476903062, -32.770431769029102 ] ] ] } },
{ "type": "Feature", "properties": { "codigo_indec": "740420301" }, "geometry": { "type": "Polygon", "coordinates": [ [ [ -65.57994919849375, -35.132223117280397 ], [ -65.570883338059801, -35.133854356575007 ], [ -65.571155207072678, -35.144779730951598 ], [ -65.572527162201283, -35.144730497400289 ], [ -65.572538400866108, -35.146253824071714 ], [ -65.561591712055105, -35.146318368536889 ], [ -65.561579577461998, -35.14448857836927 ], [ -65.527470970499323, -35.144986809988872 ], [ -65.529621761155965, -35.286830203827748 ], [ -65.53311335810406, -35.375998200454312 ], [ -65.650717591692739, -35.371848211772544 ], [ -65.678156229735734, -35.371978486321119 ], [ -65.704393996821977, -35.390626285044711 ], [ -65.724422740050201, -35.407082171468161 ], [ -65.737610478607721, -35.422717868052963 ], [ -65.814227972030722, -35.424500431156794 ], [ -65.820529226647537, -35.244171424526307 ], [ -65.930480139829285, -35.24650634432529 ], [ -65.934138525908068, -35.16200205491846 ], [ -65.933830991360878, -35.148702318620153 ], [ -65.872208136397163, -35.146908865354611 ], [ -65.645184233316144, -35.137564891266514 ], [ -65.591390221486265, -35.132757976846193 ], [ -65.57994919849375, -35.132223117280397 ] ] ] } },
{ "type": "Feature", "properties": { "codigo_indec": "740210407" }, "geometry": { "type": "Polygon", "coordinates": [ [ [ -66.027582093641598, -33.372479255939545 ], [ -66.004401155301451, -33.386385252844924 ], [ -65.982116071376282, -33.398866971796664 ], [ -65.976404516091407, -33.402788059119587 ], [ -65.975775272949576, -33.462244887150021 ], [ -65.961921428155861, -33.465766699533056 ], [ -65.963823942680023, -33.566467195966396 ], [ -66.10368618126293, -33.567961767055394 ], [ -66.126391955629416, -33.3416861122084 ], [ -66.037425731762042, -33.367080463129987 ], [ -66.027582093641598, -33.372479255939545 ] ] ] } },
{ "type": "Feature", "properties": { "codigo_indec": "740210310" }, "geometry": { "type": "Polygon", "coordinates": [ [ [ -65.811441509870861, -32.994516856753904 ], [ -65.806405982131935, -32.996312501556346 ], [ -65.804684507851249, -32.999393549478548 ], [ -65.802659361271552, -33.000634676037393 ], [ -65.781691712398612, -33.009260346468494 ], [ -65.772566173791915, -33.014365552441227 ], [ -65.772637030933808, -33.016989546591013 ], [ -65.770143296739221, -33.018035426255445 ], [ -65.767639436648253, -33.0218989588436 ], [ -65.753279908255692, -33.021389003870169 ], [ -65.735254676661029, -33.022700064808809 ], [ -65.733418776878935, -33.020130905765171 ], [ -65.726046098291732, -33.021332194269675 ], [ -65.724034552594532, -33.024564755709662 ], [ -65.705054823872757, -33.023709840169296 ], [ -65.703687282913663, -33.025365670742893 ], [ -65.697895742790735, -33.027204712787835 ], [ -65.692674118219983, -33.028224372099757 ], [ -65.686463503865511, -33.033425066040927 ], [ -65.679769660569704, -33.035878632114333 ], [ -65.673564071207224, -33.039365522073069 ], [ -65.670052766093548, -33.040798949995946 ], [ -65.665389539862204, -33.045317394787375 ], [ -65.651966361714017, -33.048873798684298 ], [ -65.65022819213587, -33.05049643894872 ], [ -65.646432164049031, -33.050634511930575 ], [ -65.645987708586532, -33.051336548246674 ], [ -65.656891526327641, -33.052264170344834 ], [ -65.65932798838152, -33.056260705381327 ], [ -65.659005836306989, -33.059974672914045 ], [ -65.661428214102145, -33.062835031253385 ], [ -65.660622075426403, -33.065718156332217 ], [ -65.657009258825624, -33.070221084089795 ], [ -65.655731237428043, -33.072534828859524 ], [ -65.658946901783921, -33.07733598595874 ], [ -65.660798426174054, -33.079063205520953 ], [ -65.675030474347011, -33.088230406593915 ], [ -65.677501802966788, -33.090504494299445 ], [ -65.678291734913699, -33.092720105527135 ], [ -65.677591921794743, -33.104696809809759 ], [ -65.687623399898627, -33.11795414793859 ], [ -65.701902651036491, -33.128511428174953 ], [ -65.716382411053743, -33.141100747637005 ], [ -65.735044044981464, -33.152809211559621 ], [ -65.744802028430357, -33.157089888042677 ], [ -65.74985919838899, -33.159841165639847 ], [ -65.752211334825802, -33.160152428950553 ], [ -65.756361810570141, -33.163352459885331 ], [ -65.760331539020285, -33.168080299952827 ], [ -65.763046174991558, -33.168238775638137 ], [ -65.799036458908944, -33.176367318077205 ], [ -65.814413885997155, -33.179127694532667 ], [ -65.819299282181703, -33.179743494202683 ], [ -65.823098873995093, -33.179140337685261 ], [ -65.825632266248405, -33.180361138071298 ], [ -65.826171039346931, -33.181732398135352 ], [ -65.828162449891778, -33.181888443048393 ], [ -65.841542039063569, -33.189060774217616 ], [ -65.844016566412407, -33.19203482987664 ], [ -65.845452099099106, -33.195918213347184 ], [ -65.851795253678247, -33.196074699473307 ], [ -65.854608495015299, -33.197218601268617 ], [ -65.856065405891087, -33.19656660023913 ], [ -65.857282088683078, -33.195242579413176 ], [ -65.858749686136633, -33.187900329245636 ], [ -65.860571265632387, -33.187081882424145 ], [ -65.863727034446867, -33.186783324578656 ], [ -65.864940633506762, -33.185558404463947 ], [ -65.866884800311652, -33.185150248131634 ], [ -65.867857062805555, -33.183929549129957 ], [ -65.867616190055543, -33.181887056995691 ], [ -65.867982900514889, -33.180458331454922 ], [ -65.872963393629846, -33.176789288297662 ], [ -65.876118898308476, -33.176386725169856 ], [ -65.878185265670879, -33.174653086264584 ], [ -65.879644641829714, -33.171796271434054 ], [ -65.884018568225869, -33.165984768225989 ], [ -65.884997728401046, -33.161188884570855 ], [ -65.886941853502307, -33.158233242273575 ], [ -65.893011355845175, -33.154257802912468 ], [ -65.894607762106233, -33.127993925842361 ], [ -65.891793078748748, -33.122847553196991 ], [ -65.887531049965759, -33.116523149816558 ], [ -65.883342953877104, -33.111465496818894 ], [ -65.874438517027272, -33.095276534241691 ], [ -65.875107732241503, -33.082221121939568 ], [ -65.872922933659083, -33.076538427262733 ], [ -65.872403913254132, -33.076258381091826 ], [ -65.869892994066461, -33.066810838160642 ], [ -65.868106271661176, -33.062138327839719 ], [ -65.860635107459899, -33.056805857941406 ], [ -65.857593740421535, -33.047118504591069 ], [ -65.856949668357501, -33.046513649426196 ], [ -65.855790909071814, -33.043117530190571 ], [ -65.855264065137831, -33.039591390968432 ], [ -65.852645109996132, -33.034065593763309 ], [ -65.85038410856815, -33.027521277879799 ], [ -65.848192580852825, -33.024349254172748 ], [ -65.846571090833407, -33.018121221754917 ], [ -65.842602544974397, -33.009374554206211 ], [ -65.840232701219747, -33.007572703151872 ], [ -65.836572104792268, -33.00650398842923 ], [ -65.832350048381144, -33.006710283062674 ], [ -65.828008912927416, -33.006230998297958 ], [ -65.820315468099068, -33.001892123196285 ], [ -65.811441509870861, -32.994516856753904 ] ] ] } },
{ "type": "Feature", "properties": { "codigo_indec": "740630304" }, "geometry": { "type": "Polygon", "coordinates": [ [ [ -65.425415209086012, -32.535548036076769 ], [ -65.428682208939819, -32.624706817998465 ], [ -65.432656630796032, -32.623448913420908 ], [ -65.435681091780609, -32.623710511798997 ], [ -65.457177304645114, -32.622538360615621 ], [ -65.463010734374578, -32.625710423303907 ], [ -65.476855753584729, -32.626039378439827 ], [ -65.482668965154303, -32.627330371479168 ], [ -65.514178021346396, -32.639187555496662 ], [ -65.51650641146928, -32.638236216590457 ], [ -65.521372024340096, -32.638115093483179 ], [ -65.526556728633679, -32.639627091590874 ], [ -65.529796433602002, -32.637100934999083 ], [ -65.532734061266666, -32.636787284042477 ], [ -65.535175693512471, -32.635010947355092 ], [ -65.536942858399144, -32.632267238842097 ], [ -65.539168328924774, -32.631563069147326 ], [ -65.543138155898333, -32.632019417633025 ], [ -65.54720318965137, -32.629978224372863 ], [ -65.549978808568795, -32.626845712165483 ], [ -65.555992937370874, -32.623282785119954 ], [ -65.561504967607547, -32.623716943608201 ], [ -65.567170959472222, -32.625382239304287 ], [ -65.572091605123447, -32.625854471564516 ], [ -65.577573297881344, -32.624858595076724 ], [ -65.58246206967894, -32.623021907850216 ], [ -65.594731012951115, -32.624356070800857 ], [ -65.601408999063551, -32.620829167104908 ], [ -65.606558154675525, -32.618983346195719 ], [ -65.613253724582819, -32.619220556502427 ], [ -65.614721074547703, -32.61743965404694 ], [ -65.617969465905034, -32.616489241046381 ], [ -65.624499216535938, -32.618127527570202 ], [ -65.627412388804714, -32.608699654461908 ], [ -65.626931678861723, -32.60065934089112 ], [ -65.630445301535588, -32.592008635206177 ], [ -65.630869599028728, -32.588542737611199 ], [ -65.629936026457955, -32.566889455920382 ], [ -65.63139517999879, -32.560311099626951 ], [ -65.638476064089033, -32.546368314956773 ], [ -65.636676859522638, -32.546363129013237 ], [ -65.634155326485086, -32.547271078291956 ], [ -65.630377930230011, -32.54741332565078 ], [ -65.621567285829471, -32.546318561936566 ], [ -65.614020362990459, -32.54477169147691 ], [ -65.611501272626242, -32.545070523083332 ], [ -65.583450289194346, -32.543001422739671 ], [ -65.574095885806017, -32.543425461691278 ], [ -65.572650281372376, -32.544637895334127 ], [ -65.569227847990419, -32.54569476928642 ], [ -65.559155229617446, -32.545966446524339 ], [ -65.549809172500417, -32.544102818072339 ], [ -65.542976881408237, -32.543622797113073 ], [ -65.540826996292182, -32.541937745866782 ], [ -65.538853484208573, -32.5411685615273 ], [ -65.532382351122706, -32.540382701714307 ], [ -65.52897473274804, -32.538543979683482 ], [ -65.525382573056206, -32.537917296800359 ], [ -65.523554208893984, -32.536413510385771 ], [ -65.518779714415444, -32.535948974566622 ], [ -65.513016364034669, -32.534299165832408 ], [ -65.507643458671396, -32.533800328810457 ], [ -65.503885759674489, -32.531882911163734 ], [ -65.46825300825725, -32.532832901403893 ], [ -65.467397171498376, -32.528595666519188 ], [ -65.464472593419856, -32.525923149191406 ], [ -65.456240845312152, -32.525721011698742 ], [ -65.425415209086012, -32.535548036076769 ] ] ] } },
{ "type": "Feature", "properties": { "codigo_indec": "740560408" }, "geometry": { "type": "Polygon", "coordinates": [ [ [ -66.22483779949566, -33.250540753780037 ], [ -66.206373800992921, -33.252222761269813 ], [ -66.203502907919869, -33.253246343226913 ], [ -66.199466140156318, -33.253631571346723 ], [ -66.197629354391552, -33.256438597696174 ], [ -66.188979709511671, -33.252737293866396 ], [ -66.185719152753023, -33.254824990327926 ], [ -66.182862310295619, -33.255023076150117 ], [ -66.1776103773405, -33.256910603475646 ], [ -66.176571668179108, -33.256704705910167 ], [ -66.175704375944434, -33.25903216022266 ], [ -66.173851184556668, -33.260770417433996 ], [ -66.17289697129911, -33.261254123935757 ], [ -66.17261933945457, -33.260605330615618 ], [ -66.171526809445965, -33.261706840250618 ], [ -66.167364331019513, -33.262578084373807 ], [ -66.165021590535687, -33.263798425996548 ], [ -66.163290541590229, -33.266456032615672 ], [ -66.162430997394637, -33.270311655187051 ], [ -66.161070923029456, -33.273442102141054 ], [ -66.158621517854357, -33.275244014918833 ], [ -66.157250425026362, -33.275340428484981 ], [ -66.136542977871912, -33.270879255074497 ], [ -66.133531969312003, -33.270697689859837 ], [ -66.126391955629416, -33.3416861122084 ], [ -66.259725702429662, -33.303655618804513 ], [ -66.260006844778118, -33.302509961603505 ], [ -66.253173895001467, -33.299255661863207 ], [ -66.247709429660787, -33.292824522361606 ], [ -66.244686686121838, -33.290711676159596 ], [ -66.237376651277202, -33.284170985613763 ], [ -66.226525188071278, -33.277546195621973 ], [ -66.224080682969444, -33.276581369220878 ], [ -66.222229921727433, -33.274808471751697 ], [ -66.218398012599465, -33.273769366196085 ], [ -66.214488221876749, -33.274862642817283 ], [ -66.212723346609422, -33.274108301987845 ], [ -66.211469730413683, -33.271698567057655 ], [ -66.21022749553957, -33.270650268679184 ], [ -66.207230055367347, -33.269456125650287 ], [ -66.204278977032729, -33.269699942768248 ], [ -66.204185339419183, -33.267513629805883 ], [ -66.20643389852961, -33.267509916870701 ], [ -66.207519478796854, -33.265894181338069 ], [ -66.209256974157825, -33.265381844950944 ], [ -66.20911596629098, -33.264759953212412 ], [ -66.210344388831487, -33.264564029403225 ], [ -66.210227803620072, -33.26405931026185 ], [ -66.210736614736675, -33.263648204437104 ], [ -66.212369121740707, -33.263018789675854 ], [ -66.213515542900467, -33.263318874582474 ], [ -66.21555816424268, -33.261444454757012 ], [ -66.217319150164599, -33.262888516026131 ], [ -66.217813230173434, -33.261963474259076 ], [ -66.217113378369646, -33.261054045320357 ], [ -66.218029031150579, -33.260268019350114 ], [ -66.222183365045623, -33.258543048008875 ], [ -66.223761041824531, -33.258576284602015 ], [ -66.224851508561215, -33.257988253708902 ], [ -66.224474373708787, -33.257393854713072 ], [ -66.225385375754755, -33.255881964909221 ], [ -66.225286524205259, -33.254998539579034 ], [ -66.224484107333922, -33.25490531871791 ], [ -66.22446888628707, -33.255247968354055 ], [ -66.223928706740082, -33.255938694672984 ], [ -66.223520838930582, -33.255912379331399 ], [ -66.2244172779547, -33.255000111250325 ], [ -66.223335535241489, -33.254785665690939 ], [ -66.22304162674412, -33.254204637055913 ], [ -66.22483779949566, -33.250540753780037 ] ] ] } },
{ "type": "Feature", "properties": { "codigo_indec": "740560102" }, "geometry": { "type": "Polygon", "coordinates": [ [ [ -66.997368150647091, -33.110558643581008 ], [ -66.805138683302232, -33.103888312362081 ], [ -66.761368567377204, -33.105673605027846 ], [ -66.76591487488389, -33.118791486183561 ], [ -66.766214395994453, -33.124596120451599 ], [ -66.782036205417469, -33.142809795036463 ], [ -66.784679970501386, -33.147540207188683 ], [ -66.78624083916759, -33.152502803306923 ], [ -66.796300739136072, -33.159376849278139 ], [ -66.81283760021347, -33.200541402116855 ], [ -66.812646769187154, -33.202521684962008 ], [ -66.821376295449909, -33.210808773573255 ], [ -66.820747707252167, -33.217868009037701 ], [ -66.819770070388216, -33.220867792911356 ], [ -66.823401352686233, -33.228047653289899 ], [ -66.829663508472066, -33.232856685071852 ], [ -66.832479957772151, -33.235713987435247 ], [ -66.835932367170088, -33.241961488127039 ], [ -66.822868369473952, -33.261045384809009 ], [ -66.841758275693877, -33.300945349210387 ], [ -66.855092107421683, -33.302481687229772 ], [ -66.867515914805793, -33.305050760493067 ], [ -66.876754783203197, -33.305810869810237 ], [ -66.883143311915347, -33.308461380525998 ], [ -66.885680518418212, -33.308772400724209 ], [ -66.894519439037381, -33.305539996637407 ], [ -66.897844105620564, -33.305687319503868 ], [ -66.907200468649776, -33.302729771225643 ], [ -66.908125311168803, -33.308051397287393 ], [ -66.917318622745242, -33.314141694906937 ], [ -66.921985211832222, -33.346848118665044 ], [ -66.923227670103614, -33.360240860486009 ], [ -66.926601834195182, -33.371192423723343 ], [ -66.930747437428522, -33.372513772746778 ], [ -66.931990158757031, -33.433319933117929 ], [ -66.933969634244917, -33.434161529933135 ], [ -66.933900791415425, -33.435514398080592 ], [ -66.932119102724485, -33.434820072702777 ], [ -66.932068615136558, -33.438395162974999 ], [ -66.937612141380541, -33.438655397515852 ], [ -66.977161790982549, -33.432273532181156 ], [ -67.028507990614756, -33.424727019882404 ], [ -67.025360669469748, -33.411941924400686 ], [ -67.025150266318533, -33.410045879245764 ], [ -67.025684804485323, -33.407508076339546 ], [ -67.023908541769487, -33.400873734858308 ], [ -67.02328490026008, -33.39581210075432 ], [ -67.030062097527207, -33.394489332076034 ], [ -67.032304567402875, -33.392572909252301 ], [ -67.031705888336489, -33.389886725149367 ], [ -67.030816474803373, -33.378498356876158 ], [ -67.028231712741984, -33.36728178763515 ], [ -67.026310917880693, -33.364290958982998 ], [ -67.023642961987207, -33.361937357663628 ], [ -67.018210848226943, -33.349161721877302 ], [ -67.016690166075648, -33.343561908008205 ], [ -67.011305161695589, -33.330488005330366 ], [ -67.015207752665788, -33.326660546847975 ], [ -67.016200669775301, -33.261107735863831 ], [ -67.015500456370731, -33.252530387617533 ], [ -67.014197897893652, -33.248222430881682 ], [ -67.009151677759945, -33.236046996525701 ], [ -66.996913496659332, -33.214097317169745 ], [ -66.997377260668159, -33.198955871029789 ], [ -66.998288179998156, -33.1894502786648 ], [ -66.999113274630631, -33.185386483247079 ], [ -66.993472926515949, -33.16967622853651 ], [ -66.989511034416211, -33.14885828974775 ], [ -66.989315243134854, -33.143112136238166 ], [ -66.992580754656004, -33.132352582637282 ], [ -66.997368150647091, -33.110558643581008 ] ] ] } },
{ "type": "Feature", "properties": { "codigo_indec": "740490107" }, "geometry": { "type": "Polygon", "coordinates": [ [ [ -65.494777820237204, -32.115229395031747 ], [ -65.506457307491203, -32.208609976973065 ], [ -65.501228025453244, -32.208643562527072 ], [ -65.470505828301711, -32.210921860204088 ], [ -65.466809181669433, -32.209580717135658 ], [ -65.452518363565957, -32.20263911198758 ], [ -65.447741485314225, -32.202456019702815 ], [ -65.420464680803562, -32.192996093195454 ], [ -65.4177879044138, -32.19284853246333 ], [ -65.415909501209697, -32.193475620532304 ], [ -65.414035724263215, -32.193376775146298 ], [ -65.41222201671188, -32.192182527798572 ], [ -65.410343852096815, -32.192768954440965 ], [ -65.406974596917124, -32.191887498970537 ], [ -65.405270585262116, -32.190558401009447 ], [ -65.403828144395519, -32.190186391967728 ], [ -65.400015240047637, -32.191489456474528 ], [ -65.398883094038666, -32.192714998437644 ], [ -65.39684639321159, -32.193205784219487 ], [ -65.393850763617209, -32.192370849882991 ], [ -65.392824882734473, -32.193150469452419 ], [ -65.411483758128668, -32.266038334768197 ], [ -65.415845355269866, -32.265283065514168 ], [ -65.419615570705247, -32.266553895013281 ], [ -65.428681777869684, -32.26701905634684 ], [ -65.430572772560993, -32.266730013563865 ], [ -65.43353672665225, -32.265422257220735 ], [ -65.441047824639412, -32.265058941750461 ], [ -65.449414723293046, -32.267963299769505 ], [ -65.457402263077583, -32.267822021102532 ], [ -65.537529459348875, -32.271995878625425 ], [ -65.53480324035894, -32.207662369527391 ], [ -65.555098656544445, -32.207185328345886 ], [ -65.565069601021449, -32.205907930894725 ], [ -65.587984907993757, -32.20117367525674 ], [ -65.584318328166361, -32.161411022074255 ], [ -65.582183874103379, -32.154067950259339 ], [ -65.494777820237204, -32.115229395031747 ] ] ] } },
{ "type": "Feature", "properties": { "codigo_indec": "740420602" }, "geometry": { "type": "Polygon", "coordinates": [ [ [ -65.260264714996751, -35.552370164241353 ], [ -65.145138068557685, -35.553582658106414 ], [ -65.114702421399713, -35.554512135518081 ], [ -65.112576159773127, -35.810910177602644 ], [ -65.113265342625553, -35.999516832520762 ], [ -65.285725643211848, -35.998315595121419 ], [ -65.396876491239183, -35.99985870421424 ], [ -65.390131195237885, -35.978884766051245 ], [ -65.383692460414906, -35.978464340674748 ], [ -65.37229573366244, -35.628852458324154 ], [ -65.341760692311979, -35.61612576183424 ], [ -65.317481784242474, -35.607595330751408 ], [ -65.293069535966623, -35.596621300466524 ], [ -65.261209240417756, -35.583740297994012 ], [ -65.259768542487976, -35.579941609393366 ], [ -65.260264714996751, -35.552370164241353 ] ], [ [ -65.325045612072358, -35.719313577494226 ], [ -65.324798216762503, -35.721128219974453 ], [ -65.327965728666612, -35.721650654245089 ], [ -65.325328228677549, -35.732653735102673 ], [ -65.310147335475946, -35.729323141900842 ], [ -65.311342116312503, -35.724706553305566 ], [ -65.307500291439425, -35.723877882735302 ], [ -65.309397177164882, -35.716669733163428 ], [ -65.313831193726728, -35.717672958969359 ], [ -65.314006246951308, -35.716912396051491 ], [ -65.325045612072358, -35.719313577494226 ] ] ] } },
{ "type": "Feature", "properties": { "codigo_indec": "740350402" }, "geometry": { "type": "Polygon", "coordinates": [ [ [ -65.1354762987161, -33.36302566524278 ], [ -65.133292174943151, -33.410442554968448 ], [ -65.126810805318172, -33.421089787416165 ], [ -65.118583826477561, -33.585855146438121 ], [ -65.151546351826866, -33.589903626031088 ], [ -65.157582143017024, -33.589566214050407 ], [ -65.163798332913572, -33.591461071790668 ], [ -65.170036026142995, -33.599855962876298 ], [ -65.174636703525408, -33.603776942471264 ], [ -65.180105139599959, -33.605422577865504 ], [ -65.187024943960125, -33.605995655448915 ], [ -65.208855954565394, -33.600457396663707 ], [ -65.233393491503662, -33.605588474835578 ], [ -65.26664954443828, -33.61343531396529 ], [ -65.267753124949309, -33.609718411539724 ], [ -65.268460484269909, -33.609528761363919 ], [ -65.258694316090811, -33.566871814901639 ], [ -65.257678739628474, -33.559698282515036 ], [ -65.256482475417727, -33.500696858589137 ], [ -65.255834244150648, -33.488102468373711 ], [ -65.248563019021802, -33.47910143066828 ], [ -65.23733047007677, -33.466568518800955 ], [ -65.211760565522482, -33.435682790952832 ], [ -65.204606117579985, -33.427815905550375 ], [ -65.19255042425921, -33.41297011933252 ], [ -65.176408178688092, -33.395071295776404 ], [ -65.150386064544122, -33.363917482106586 ], [ -65.1354762987161, -33.36302566524278 ] ] ] } },
{ "type": "Feature", "properties": { "codigo_indec": "740280302" }, "geometry": { "type": "Polygon", "coordinates": [ [ [ -65.06091235629934, -32.679336777734271 ], [ -64.995408708819909, -32.678094521662615 ], [ -64.991396631351947, -32.678873830643312 ], [ -64.987799448359354, -32.681617477545522 ], [ -64.986126154430934, -32.681328958484656 ], [ -64.984979204991461, -32.679516356817885 ], [ -64.983081851713465, -32.678306287731964 ], [ -64.977211122895866, -32.678921288107141 ], [ -64.974700604349422, -32.67796757561409 ], [ -64.972539030179533, -32.677967925496162 ], [ -64.968315990752529, -32.681084578341803 ], [ -64.964360964370158, -32.682201609785899 ], [ -64.959492827701709, -32.682521992259367 ], [ -64.955407459633236, -32.683601591492739 ], [ -64.952619531980076, -32.684957884907867 ], [ -64.9496850878527, -32.684933350521128 ], [ -64.946576176233421, -32.686147062814619 ], [ -64.92950458627142, -32.682693463659909 ], [ -64.924151038847228, -32.680582874303802 ], [ -64.918779498780452, -32.679986685561488 ], [ -64.915558813641468, -32.678299841483188 ], [ -64.915423096815687, -32.679164257568466 ], [ -64.921715716476228, -32.685836651995608 ], [ -64.922668098277711, -32.692873234702411 ], [ -64.928564507852272, -32.698022598315148 ], [ -64.942558722630366, -32.70382179708691 ], [ -64.947453008241524, -32.708416330432826 ], [ -64.94959760523318, -32.715841408807748 ], [ -64.951947340325631, -32.72057672421198 ], [ -64.955527175115577, -32.758187451319252 ], [ -64.956756718656237, -32.764157594648623 ], [ -64.957415010814003, -32.771538556685563 ], [ -64.956562624083588, -32.780791374250143 ], [ -64.959454554351296, -32.787717533037423 ], [ -64.961354381278568, -32.800130922132276 ], [ -64.961136585514794, -32.802793473374123 ], [ -64.964114906409208, -32.811564090348547 ], [ -64.964659017904168, -32.815283359187823 ], [ -64.964719733172998, -32.825237986552416 ], [ -64.963795203143263, -32.831514770945084 ], [ -64.996869327616707, -32.826577230887047 ], [ -64.999982131806817, -32.825159506752804 ], [ -65.008074913625109, -32.823159129869282 ], [ -65.009048969700615, -32.821990195961206 ], [ -65.016857792418079, -32.820762413506515 ], [ -65.020811452369585, -32.821735624523974 ], [ -65.025290805018443, -32.821026723216676 ], [ -65.02862979734806, -32.821088743502656 ], [ -65.030502915884199, -32.821175396388107 ], [ -65.030036368218077, -32.826275114248979 ], [ -65.03051928261398, -32.834411719542345 ], [ -65.036799421614063, -32.834631522862402 ], [ -65.039008216360713, -32.833327587743653 ], [ -65.041140536651241, -32.829196357101644 ], [ -65.042620519444142, -32.827620783057554 ], [ -65.049293872457568, -32.828731087118101 ], [ -65.052260045880999, -32.8249621402881 ], [ -65.074197533962817, -32.820554931683638 ], [ -65.076252645043269, -32.818279911535932 ], [ -65.11136792555979, -32.80324195964841 ], [ -65.127431911530294, -32.80501398834781 ], [ -65.156675531176461, -32.806954572555576 ], [ -65.162032437309819, -32.809821764615286 ], [ -65.210874744803334, -32.81866439938085 ], [ -65.212715997788067, -32.813302049688048 ], [ -65.21717136638965, -32.81085490496185 ], [ -65.220303642727472, -32.795744416238804 ], [ -65.231914184946461, -32.793165245533068 ], [ -65.232298123898701, -32.79041298750532 ], [ -65.234155540413141, -32.785122515288592 ], [ -65.23708124371835, -32.781574245085309 ], [ -65.236776659817508, -32.774742196355625 ], [ -65.238359426691062, -32.773119794770075 ], [ -65.24646023685915, -32.756961113175578 ], [ -65.246126735426103, -32.75379871986393 ], [ -65.246988563625919, -32.75155871775511 ], [ -65.249918744269493, -32.747599877159871 ], [ -65.249304507617708, -32.745459214991655 ], [ -65.25079326471419, -32.735856190810225 ], [ -65.249587939498809, -32.73264800640068 ], [ -65.249365570963633, -32.727358300826673 ], [ -65.250539084238156, -32.724159833892905 ], [ -65.253449628318208, -32.724028420401694 ], [ -65.253390182433407, -32.720601663320011 ], [ -65.255984291217231, -32.715851673756823 ], [ -65.261905625095253, -32.708528900488403 ], [ -65.251268259605197, -32.690504216170872 ], [ -65.166488369032564, -32.689721580334989 ], [ -65.166949366648453, -32.678543778950583 ], [ -65.13500918824036, -32.67862970402674 ], [ -65.100207178646485, -32.679439903683459 ], [ -65.06091235629934, -32.679336777734271 ] ] ] } },
{ "type": "Feature", "properties": { "codigo_indec": "740280110" }, "geometry": { "type": "Polygon", "coordinates": [ [ [ -65.428682208939819, -32.624706817998465 ], [ -65.426732504293156, -32.625504964966737 ], [ -65.426070294816071, -32.627837373670317 ], [ -65.421335096479567, -32.627220512570396 ], [ -65.418802520956035, -32.628741725310761 ], [ -65.416140498737207, -32.628030550079657 ], [ -65.411174803627532, -32.628043431720094 ], [ -65.409517784395433, -32.629266485403015 ], [ -65.403092978003357, -32.624339822292157 ], [ -65.401951100571964, -32.620998059867837 ], [ -65.393957711315011, -32.622109420863055 ], [ -65.392849391778938, -32.624110372168992 ], [ -65.386200336541776, -32.615151119908759 ], [ -65.381545258973091, -32.615416831283056 ], [ -65.373131451822175, -32.616885482153691 ], [ -65.363341016149477, -32.61975326108611 ], [ -65.309328728343786, -32.639598348243169 ], [ -65.317949341037007, -32.640429957752595 ], [ -65.318670988484186, -32.641885616253191 ], [ -65.319852621274038, -32.647694472567373 ], [ -65.319172236780631, -32.664692334232925 ], [ -65.317533390223758, -32.667478697332783 ], [ -65.315772178137806, -32.668122837812327 ], [ -65.314844435715656, -32.670254799272179 ], [ -65.314818592968081, -32.673640531279432 ], [ -65.315431637480145, -32.676082967370995 ], [ -65.31801898411301, -32.677580348157164 ], [ -65.318413421744992, -32.681446260718431 ], [ -65.318185733030901, -32.68334760217251 ], [ -65.316585045483961, -32.686323505197954 ], [ -65.314791179988575, -32.688401144196604 ], [ -65.316294105861218, -32.695816764478664 ], [ -65.315835963913187, -32.699258736314086 ], [ -65.313956908970923, -32.700934638863082 ], [ -65.313578059977559, -32.705147979552159 ], [ -65.314863410804946, -32.707210866542482 ], [ -65.317743019078975, -32.708259002865375 ], [ -65.315884208474188, -32.710056769265613 ], [ -65.316278373880408, -32.712213962275406 ], [ -65.319470137542268, -32.71501755127057 ], [ -65.320199258224051, -32.716622008408038 ], [ -65.325774171004795, -32.719573588692334 ], [ -65.326340778577446, -32.721177136137392 ], [ -65.329284060714158, -32.723771751970347 ], [ -65.32901789259482, -32.726552043905052 ], [ -65.330734498164205, -32.728094093248629 ], [ -65.331541381075695, -32.730397708570841 ], [ -65.33193650938739, -32.732487227430994 ], [ -65.331101052221783, -32.734362795604952 ], [ -65.331584080805285, -32.735753974028079 ], [ -65.334119868751472, -32.737994642756483 ], [ -65.338308191444881, -32.739689455843596 ], [ -65.33994213318384, -32.741645719695072 ], [ -65.345702916177672, -32.742095209219208 ], [ -65.350573817127525, -32.745722791556986 ], [ -65.350626858499993, -32.746868211949845 ], [ -65.349841207194572, -32.747797387241711 ], [ -65.346168397150109, -32.748116414010632 ], [ -65.343820544494335, -32.749632505732073 ], [ -65.343307924606734, -32.751875024483276 ], [ -65.343753402043433, -32.752968400511243 ], [ -65.356867909247583, -32.757378019311084 ], [ -65.359728204529702, -32.76030061113191 ], [ -65.367645323539577, -32.76536772691302 ], [ -65.369767631747962, -32.76632970078159 ], [ -65.371474241037959, -32.766464509698864 ], [ -65.371965838272118, -32.767508424458619 ], [ -65.369591912722967, -32.770440512593161 ], [ -65.370229808528123, -32.770790870324078 ], [ -65.387156598529188, -32.773548317821692 ], [ -65.392234377594107, -32.773933729497365 ], [ -65.396112778117256, -32.773334827667377 ], [ -65.399584831176, -32.774830285571745 ], [ -65.403916948599345, -32.773814030263978 ], [ -65.406081942769973, -32.774063260233127 ], [ -65.409609734189686, -32.778462145025443 ], [ -65.415360845923558, -32.782443024129748 ], [ -65.433455053766494, -32.782215084390089 ], [ -65.433959861700771, -32.767812850485356 ], [ -65.433433450082688, -32.711878260385767 ], [ -65.430263385993669, -32.637080974104499 ], [ -65.428682208939819, -32.624706817998465 ] ] ] } },
{ "type": "Feature", "properties": { "codigo_indec": "740280109" }, "geometry": { "type": "Polygon", "coordinates": [ [ [ -65.236323680217012, -32.552503957028904 ], [ -65.255578631052003, -32.549882756642489 ], [ -65.256059025334537, -32.548433847446773 ], [ -65.25633157708539, -32.545721312574052 ], [ -65.255158516815527, -32.544352786466604 ], [ -65.20372183392152, -32.555403556163078 ], [ -65.211749318810391, -32.626625317693957 ], [ -65.212093616272341, -32.628070190159477 ], [ -65.215754208145626, -32.634134459863169 ], [ -65.256837645308806, -32.699441515107033 ], [ -65.270240848675471, -32.723550199150388 ], [ -65.27189198224265, -32.727437049057038 ], [ -65.276645035982952, -32.742540739462477 ], [ -65.284355089058025, -32.737684339333398 ], [ -65.282200871711368, -32.728592044854238 ], [ -65.289994126900893, -32.724150527627373 ], [ -65.281652553149513, -32.714157395142358 ], [ -65.317743019078975, -32.708259002865375 ], [ -65.314863410804946, -32.707210866542482 ], [ -65.313578059977559, -32.705147979552159 ], [ -65.313512386377298, -32.7025823046393 ], [ -65.313956908970923, -32.700934638863082 ], [ -65.315835963913187, -32.699258736314086 ], [ -65.316294105861218, -32.695816764478664 ], [ -65.314791179988575, -32.688401144196604 ], [ -65.316585045483961, -32.686323505197954 ], [ -65.318185733030901, -32.68334760217251 ], [ -65.318413421744992, -32.681446260718431 ], [ -65.31801898411301, -32.677580348157164 ], [ -65.315431637480145, -32.676082967370995 ], [ -65.314818592968081, -32.673640531279432 ], [ -65.314844435715656, -32.670254799272179 ], [ -65.315772178137806, -32.668122837812327 ], [ -65.317533390223758, -32.667478697332783 ], [ -65.319172236780631, -32.664692334232925 ], [ -65.319852621274038, -32.647694472567373 ], [ -65.318670988484186, -32.641885616253191 ], [ -65.317949341037007, -32.640429957752595 ], [ -65.309328728343786, -32.639598348243169 ], [ -65.309273259918484, -32.636762191610806 ], [ -65.308600422655886, -32.634873931294877 ], [ -65.30715712515412, -32.633405217970818 ], [ -65.305355809615506, -32.632421427085667 ], [ -65.305703911730362, -32.629776856176683 ], [ -65.304909842286705, -32.626012362786888 ], [ -65.303273351410894, -32.624749926576747 ], [ -65.295353426486272, -32.625814828987181 ], [ -65.290297060957869, -32.621471709282126 ], [ -65.281910682673029, -32.620589961264955 ], [ -65.279864243926681, -32.619681049841226 ], [ -65.278565828006251, -32.618835015116012 ], [ -65.277016067979901, -32.615129125046828 ], [ -65.275451099191699, -32.612996597866562 ], [ -65.273804782787067, -32.613032175024436 ], [ -65.272459632874302, -32.611396817840976 ], [ -65.271907707137771, -32.609166414578318 ], [ -65.268286541858728, -32.605439374371628 ], [ -65.267263023535421, -32.600307225933257 ], [ -65.259908398828983, -32.601174832771633 ], [ -65.256220323000676, -32.599520969199759 ], [ -65.25425085038367, -32.59680418534338 ], [ -65.254307332754138, -32.589663029984912 ], [ -65.252884091294348, -32.581476116960992 ], [ -65.254242079868277, -32.576962131186193 ], [ -65.258672744569807, -32.56655559813256 ], [ -65.259470149025375, -32.561844366281996 ], [ -65.254877355758225, -32.55937810533819 ], [ -65.254625988528019, -32.560161101179652 ], [ -65.255103429317572, -32.561011536832986 ], [ -65.245822164136328, -32.563449414991268 ], [ -65.245852360854641, -32.564612797870289 ], [ -65.245053638141854, -32.564626037316224 ], [ -65.2448783927926, -32.569020802709872 ], [ -65.242828068553479, -32.569391692706503 ], [ -65.239046176553842, -32.564851306965068 ], [ -65.237529758419456, -32.565054018392836 ], [ -65.237017506038882, -32.563301600473558 ], [ -65.227182490463719, -32.565040419439228 ], [ -65.226703683937444, -32.563757053562639 ], [ -65.22340034780558, -32.564349847128327 ], [ -65.223096192783913, -32.563193785486028 ], [ -65.226217060000153, -32.562455603500446 ], [ -65.225686206101059, -32.561036657274499 ], [ -65.233953120228165, -32.559279387494719 ], [ -65.233234528714277, -32.557074842645711 ], [ -65.236791082624819, -32.556402170880695 ], [ -65.236323680217012, -32.552503957028904 ] ], [ [ -65.302517866182811, -32.657229498231679 ], [ -65.309020317123512, -32.657184311898305 ], [ -65.308869273359491, -32.663653166252004 ], [ -65.307529103445191, -32.666030768973769 ], [ -65.305017854024683, -32.666129598983538 ], [ -65.30203008947943, -32.663759587463076 ], [ -65.302517866182811, -32.657229498231679 ] ] ] } },
{ "type": "Feature", "properties": { "codigo_indec": "740140504" }, "geometry": { "type": "Polygon", "coordinates": [ [ [ -66.550102315197023, -32.850816524926984 ], [ -66.550908625402229, -32.857264503862901 ], [ -66.551672957660969, -32.872873711333405 ], [ -66.551040288767723, -32.879418171350061 ], [ -66.552402550312109, -32.881972924645794 ], [ -66.550597791618657, -32.889942684328794 ], [ -66.550786360720181, -32.89321493585102 ], [ -66.549464350403923, -32.89720164703629 ], [ -66.550362301866116, -32.906300097251126 ], [ -66.551723221411336, -32.908142528883133 ], [ -66.550238823352856, -32.913554598971366 ], [ -66.552195587253522, -32.931710131509227 ], [ -66.553138057400005, -32.934108912555736 ], [ -66.551286162872984, -32.94152430503658 ], [ -66.552246992335057, -32.943422581881421 ], [ -66.549441223109326, -32.950544600297064 ], [ -66.545789836382298, -32.974585484978256 ], [ -66.541880103047404, -32.987302436353879 ], [ -66.5401480875164, -32.99101126390331 ], [ -66.538119046674723, -33.000014097247693 ], [ -66.539202947230066, -33.00669072225417 ], [ -66.538856860546929, -33.01093001591066 ], [ -66.539651912060876, -33.015836112681406 ], [ -66.539858503114729, -33.037876218583129 ], [ -66.541378684316939, -33.042702501012677 ], [ -66.542149198570613, -33.049209096024839 ], [ -66.541312521432971, -33.052886966206358 ], [ -66.54125423403913, -33.056922114719477 ], [ -66.538747369552198, -33.065485135922629 ], [ -66.538618469826957, -33.0706927266991 ], [ -66.536932150362233, -33.077358685195776 ], [ -66.53473405292263, -33.081795229989602 ], [ -66.532099942412245, -33.085453669633452 ], [ -66.529409473016159, -33.091808220370972 ], [ -66.52704641954314, -33.09565023673796 ], [ -66.519469156845773, -33.110915368686562 ], [ -66.517332737264525, -33.113367715509796 ], [ -66.517774446956651, -33.116521640069259 ], [ -66.52759749634258, -33.116615685800923 ], [ -66.593839610527354, -33.067227619247454 ], [ -66.619247671751211, -33.047678055158528 ], [ -66.718419182732944, -32.945571138525814 ], [ -66.729601896416199, -32.935461895320465 ], [ -66.744413087527121, -32.891666664787323 ], [ -66.748454291367565, -32.878176222667562 ], [ -66.745737711532087, -32.865438413500534 ], [ -66.721828247935989, -32.861642881151198 ], [ -66.713614599948414, -32.861892877285925 ], [ -66.704376245481882, -32.863279702101856 ], [ -66.699851074683409, -32.860482874314634 ], [ -66.695290806325403, -32.858628319542255 ], [ -66.69269402269974, -32.855437285653345 ], [ -66.686955021436248, -32.853056956331244 ], [ -66.685799481854517, -32.853166987365604 ], [ -66.683722784263765, -32.851564360098479 ], [ -66.643474301445067, -32.853058192442766 ], [ -66.550102315197023, -32.850816524926984 ] ] ] } },
{ "type": "Feature", "properties": { "codigo_indec": "740350302" }, "geometry": { "type": "Polygon", "coordinates": [ [ [ -65.18996445129298, -32.996440540966958 ], [ -65.202235315993548, -33.043264997324435 ], [ -65.198401106332156, -33.043452303717423 ], [ -65.198703397656246, -33.085709215195209 ], [ -65.196668654757048, -33.107172875715904 ], [ -65.186859900897659, -33.106983038053116 ], [ -65.192550075387814, -33.118817786750725 ], [ -65.193219631023425, -33.125566263812061 ], [ -65.196797090874938, -33.132198269308581 ], [ -65.199646633797968, -33.139682035285801 ], [ -65.205736254776227, -33.152505994216327 ], [ -65.216887266722622, -33.173196642839947 ], [ -65.220419795485526, -33.185314007681399 ], [ -65.224445799728912, -33.19569421595817 ], [ -65.301359922378197, -33.196771833951381 ], [ -65.334895361200992, -33.197681365451736 ], [ -65.355768818151532, -33.197489115042046 ], [ -65.365427173831677, -33.196952675966152 ], [ -65.366983344644225, -33.194927432747711 ], [ -65.377299317622104, -33.190822967090561 ], [ -65.375678515774993, -33.186130890396896 ], [ -65.374489752014, -33.185169196641773 ], [ -65.37118635870452, -33.184904606344297 ], [ -65.369900399228371, -33.180678482602332 ], [ -65.365284208913522, -33.175141572667904 ], [ -65.365328445604248, -33.168632031435898 ], [ -65.367068557022762, -33.160332359754683 ], [ -65.370787216239876, -33.155229933518989 ], [ -65.373699383527153, -33.14364509674072 ], [ -65.374353985614022, -33.138243085636333 ], [ -65.376943928316948, -33.133820018449597 ], [ -65.376815171162534, -33.129671847491238 ], [ -65.374730096909019, -33.127141326463907 ], [ -65.370612800496474, -33.124109129565689 ], [ -65.287867356589231, -33.031336019342618 ], [ -65.279965633217216, -32.984522258159949 ], [ -65.196281467934256, -32.995976449712991 ], [ -65.18996445129298, -32.996440540966958 ] ] ] } },
{ "type": "Feature", "properties": { "codigo_indec": "740350301" }, "geometry": { "type": "Polygon", "coordinates": [ [ [ -65.279965633217216, -32.984522258159949 ], [ -65.287867356589231, -33.031336019342618 ], [ -65.370612800496474, -33.124109129565689 ], [ -65.374730096909019, -33.127141326463907 ], [ -65.376815171162534, -33.129671847491238 ], [ -65.376943928316948, -33.133820018449597 ], [ -65.374353985614022, -33.138243085636333 ], [ -65.373699383527153, -33.14364509674072 ], [ -65.370787216239876, -33.155229933518989 ], [ -65.367068557022762, -33.160332359754683 ], [ -65.365328445604248, -33.168632031435898 ], [ -65.365284208913522, -33.175141572667904 ], [ -65.369900399228371, -33.180678482602332 ], [ -65.37118635870452, -33.184904606344297 ], [ -65.374489752014, -33.185169196641773 ], [ -65.375678515774993, -33.186130890396896 ], [ -65.377299317622104, -33.190822967090561 ], [ -65.484134905932521, -33.134932112109489 ], [ -65.496360048959644, -32.998156264761491 ], [ -65.492063295222778, -32.995934291310562 ], [ -65.489106953854204, -32.995092698759542 ], [ -65.474075174934441, -32.987190325857256 ], [ -65.463056807395631, -32.982982256692907 ], [ -65.315217024753565, -32.979973351535875 ], [ -65.279965633217216, -32.984522258159949 ] ] ] } },
{ "type": "Feature", "properties": { "codigo_indec": "740350104" }, "geometry": { "type": "Polygon", "coordinates": [ [ [ -65.614862033966716, -33.27541134047155 ], [ -65.615627977565609, -33.275760838115218 ], [ -65.614686234094464, -33.277556672170228 ], [ -65.619159102856827, -33.280167145637066 ], [ -65.614670989759816, -33.28530160980462 ], [ -65.607400772687882, -33.281072767606886 ], [ -65.611138546344378, -33.276355475894206 ], [ -65.61198895850778, -33.277020830072253 ], [ -65.612146195757461, -33.276660669294643 ], [ -65.605632994964921, -33.271356633988397 ], [ -65.571304288847628, -33.270927433925856 ], [ -65.569674299731602, -33.270078781047772 ], [ -65.558437623169127, -33.253877693948638 ], [ -65.55395151374438, -33.246044553800147 ], [ -65.553463314510807, -33.243401024515563 ], [ -65.528700123999045, -33.22561064443574 ], [ -65.524445433967969, -33.223340374047673 ], [ -65.520893473481621, -33.223060765305654 ], [ -65.515065809487851, -33.21965255963795 ], [ -65.512204432276121, -33.219641374630669 ], [ -65.50181068003765, -33.217143246012604 ], [ -65.49779224908859, -33.214079576408409 ], [ -65.546808459885114, -33.424822927991102 ], [ -65.560396786141339, -33.423185827812567 ], [ -65.559934011294402, -33.427534429822529 ], [ -65.557214651863816, -33.432623322360456 ], [ -65.558218623942849, -33.439276225613355 ], [ -65.55549513903442, -33.443499516216214 ], [ -65.552575157559886, -33.450855097271599 ], [ -65.552444656861866, -33.455322056137732 ], [ -65.552868600355382, -33.457072689616595 ], [ -65.556392399643599, -33.462657233154097 ], [ -65.557849728070025, -33.465881147773864 ], [ -65.557907004469129, -33.469961085200907 ], [ -65.658197340920466, -33.469173730099904 ], [ -65.659251611487221, -33.466422236000582 ], [ -65.659774348546662, -33.463412316907501 ], [ -65.659440552005023, -33.460057434650764 ], [ -65.657187993216496, -33.455714510519933 ], [ -65.656198404534678, -33.45504007509151 ], [ -65.656124245559241, -33.452709221252881 ], [ -65.653150451098085, -33.451316974676153 ], [ -65.652747774930646, -33.448453251217018 ], [ -65.651452303925481, -33.446303795534625 ], [ -65.648109634518278, -33.443116194719131 ], [ -65.644439865893659, -33.438448931187963 ], [ -65.644570509221211, -33.435419907055163 ], [ -65.648683746174399, -33.428750714391484 ], [ -65.649538403618408, -33.417424415941838 ], [ -65.650170247695641, -33.414022621462578 ], [ -65.651222418355175, -33.413033812466971 ], [ -65.650126089928122, -33.409618129219425 ], [ -65.652085027891275, -33.404980339573299 ], [ -65.650014904000329, -33.401823384491607 ], [ -65.651153116702119, -33.400113526440087 ], [ -65.650560601615538, -33.39842584407058 ], [ -65.649237880966254, -33.397903685062175 ], [ -65.650054718060403, -33.39591342708723 ], [ -65.648610264693488, -33.395602797023571 ], [ -65.650402923259918, -33.39216820577321 ], [ -65.651109167253978, -33.389591578172436 ], [ -65.652677440175083, -33.388473467557709 ], [ -65.653800169607848, -33.3838332900335 ], [ -65.655215141432933, -33.380677067890758 ], [ -65.654722704976948, -33.378831895540216 ], [ -65.654884298589025, -33.377371727564039 ], [ -65.654200965450372, -33.375571102181539 ], [ -65.652059648705446, -33.374929479405409 ], [ -65.651440759478376, -33.373156067501803 ], [ -65.652112250105475, -33.370489166389689 ], [ -65.651848529798315, -33.367905294858986 ], [ -65.652976608967009, -33.367272813172953 ], [ -65.652983035652909, -33.366330641139008 ], [ -65.650097818725698, -33.365028722292593 ], [ -65.651246250561684, -33.361308272583173 ], [ -65.648384752730252, -33.357495373481406 ], [ -65.648084752831096, -33.353283964305142 ], [ -65.646972473180838, -33.351369374624653 ], [ -65.647314694179258, -33.348426559533145 ], [ -65.648814004952172, -33.345581689570835 ], [ -65.646857791113959, -33.344516738665718 ], [ -65.646872387534344, -33.342231172499368 ], [ -65.64832679770916, -33.34118040313902 ], [ -65.648495356136848, -33.339999756996463 ], [ -65.646238408283949, -33.338293793443555 ], [ -65.646228972659344, -33.337306491391956 ], [ -65.648066707935001, -33.335738382819443 ], [ -65.648948806860076, -33.33407287892458 ], [ -65.648391866829726, -33.331001280672197 ], [ -65.645991674157969, -33.329583424664015 ], [ -65.645378480388516, -33.327174343559903 ], [ -65.644206501345337, -33.326170191181085 ], [ -65.643662662170158, -33.32455021933584 ], [ -65.645801758301531, -33.322766614668872 ], [ -65.647620090951051, -33.321942292048234 ], [ -65.647128402738048, -33.320696655881768 ], [ -65.645651971892192, -33.319308461127463 ], [ -65.647307681453938, -33.317514432546673 ], [ -65.646187711091756, -33.311637164370744 ], [ -65.651019368913609, -33.307746790643513 ], [ -65.652617890412472, -33.305398026087644 ], [ -65.655106560420506, -33.303975880593775 ], [ -65.656139258383391, -33.302806627995153 ], [ -65.656393776686471, -33.301563087141076 ], [ -65.655017605353621, -33.298615462412329 ], [ -65.657009251275937, -33.297250501530819 ], [ -65.656926798424962, -33.29568595012983 ], [ -65.654948493159537, -33.292989114432466 ], [ -65.656047882968338, -33.291206937986679 ], [ -65.654342053811447, -33.289547717689004 ], [ -65.654181520938849, -33.288059584013169 ], [ -65.65545459184375, -33.283045553585225 ], [ -65.655015684958599, -33.282052543814011 ], [ -65.653441375513566, -33.281795708479514 ], [ -65.650974514629738, -33.279913417084259 ], [ -65.652602072179846, -33.276879482928244 ], [ -65.65188734978733, -33.271021392690535 ], [ -65.652930600175324, -33.270487838838108 ], [ -65.652936075023277, -33.269103850122512 ], [ -65.647999520441843, -33.26826047131852 ], [ -65.647511365327176, -33.26687508417055 ], [ -65.649985894050914, -33.266052573652765 ], [ -65.652196037930253, -33.266257134624382 ], [ -65.652625154934157, -33.264950968034853 ], [ -65.651477441118942, -33.263428506340176 ], [ -65.651608287470921, -33.262910434521828 ], [ -65.650028151854144, -33.262184691411598 ], [ -65.644961244118605, -33.262494914754093 ], [ -65.640927426847611, -33.265395601825993 ], [ -65.624439995436347, -33.270251764808322 ], [ -65.618316994812261, -33.272640469521498 ], [ -65.616386301919121, -33.273558697269685 ], [ -65.614862033966716, -33.27541134047155 ] ] ] } },
{ "type": "Feature", "properties": { "codigo_indec": "740350101" }, "geometry": { "type": "Polygon", "coordinates": [ [ [ -65.463056807395631, -32.982982256692907 ], [ -65.474075174934441, -32.987190325857256 ], [ -65.489106953854204, -32.995092698759542 ], [ -65.492063295222778, -32.995934291310562 ], [ -65.496698798318818, -32.998328946833453 ], [ -65.512069623040517, -33.022617627687602 ], [ -65.513332043833898, -33.023691024596125 ], [ -65.529806883902097, -33.05344130756955 ], [ -65.534178711760745, -33.060413990983996 ], [ -65.53824432714309, -33.068737866360273 ], [ -65.543460366012837, -33.077895341156655 ], [ -65.54731110257238, -33.096600645665497 ], [ -65.5594702732554, -33.142556169209222 ], [ -65.626384675077688, -33.142292452597204 ], [ -65.626974294881833, -33.1397245203908 ], [ -65.624675274919639, -33.139758189242031 ], [ -65.622647059426214, -33.13912090782533 ], [ -65.621996115062331, -33.138465238861343 ], [ -65.621803351412268, -33.137806450009066 ], [ -65.623296685877946, -33.135069960488266 ], [ -65.622999355837976, -33.134428889895155 ], [ -65.621402982167368, -33.133707237526124 ], [ -65.620852720626786, -33.132078086341139 ], [ -65.622387089606676, -33.130378627604067 ], [ -65.62657974481435, -33.130395772289553 ], [ -65.626495326329319, -33.127555319969773 ], [ -65.62723611358831, -33.124690288199169 ], [ -65.628766128975229, -33.123328854152767 ], [ -65.629407152790236, -33.12122991392561 ], [ -65.629037719258378, -33.119898878149613 ], [ -65.629386150706239, -33.119214659359862 ], [ -65.629033321646787, -33.117121776342699 ], [ -65.62662644558435, -33.114296924237202 ], [ -65.625767272864152, -33.110985281073866 ], [ -65.624134165319632, -33.110177895280152 ], [ -65.626481139928828, -33.106857849758384 ], [ -65.625722902421856, -33.105025217811125 ], [ -65.623820929451369, -33.104487516160404 ], [ -65.622507746388095, -33.103428610776042 ], [ -65.622433761849507, -33.101940657277666 ], [ -65.625499432240503, -33.10088144515953 ], [ -65.626096843721498, -33.096411030189401 ], [ -65.627125520768573, -33.093799310513603 ], [ -65.629363569267767, -33.094608458150887 ], [ -65.629674746208153, -33.095758993793389 ], [ -65.632174764253008, -33.09348520648178 ], [ -65.633535515594247, -33.093399048420046 ], [ -65.635111231902243, -33.097673010434839 ], [ -65.635990800527523, -33.098040752443332 ], [ -65.637842926314377, -33.096351034592914 ], [ -65.638841301458811, -33.093860852356642 ], [ -65.640276234573037, -33.09199857262184 ], [ -65.638580774014528, -33.091430133576743 ], [ -65.639203751804104, -33.088388846636718 ], [ -65.648976427361859, -33.081289139887545 ], [ -65.652148794068822, -33.078029517674828 ], [ -65.65321433191167, -33.074642246884444 ], [ -65.656126077771518, -33.072206812398136 ], [ -65.657009258825624, -33.070221084089795 ], [ -65.659084305424628, -33.068089838553199 ], [ -65.660622075426403, -33.065718156332217 ], [ -65.661428214102145, -33.062835031253385 ], [ -65.659005836306989, -33.059974672914045 ], [ -65.65932798838152, -33.056260705381327 ], [ -65.656891526327641, -33.052264170344834 ], [ -65.645987708586532, -33.051336548246674 ], [ -65.640741139148872, -33.061956647005765 ], [ -65.628981155694674, -33.065781323736608 ], [ -65.612654529063562, -33.064329604851963 ], [ -65.608423038859144, -33.062909802737693 ], [ -65.603920037163817, -33.059383620505756 ], [ -65.598314253321249, -33.054744687081858 ], [ -65.605931027373984, -33.044819152285953 ], [ -65.620479023216987, -33.044490067079771 ], [ -65.612259193753189, -33.03420386725012 ], [ -65.610302228564578, -33.033755955521656 ], [ -65.607006860558002, -33.031581627420969 ], [ -65.578919409098773, -33.011779632977266 ], [ -65.577285567452876, -33.011598285756691 ], [ -65.577311373436615, -33.006188379094951 ], [ -65.576377458560842, -33.003439639625988 ], [ -65.575992520515328, -32.995548746819715 ], [ -65.574352952071763, -32.984921516264983 ], [ -65.463056807395631, -32.982982256692907 ] ] ] } },
{ "type": "Feature", "properties": { "codigo_indec": "740280401" }, "geometry": { "type": "Polygon", "coordinates": [ [ [ -65.317743019078975, -32.708259002865375 ], [ -65.281652553149513, -32.714157395142358 ], [ -65.289994126900893, -32.724150527627373 ], [ -65.291110165097322, -32.723309256020563 ], [ -65.293318706928503, -32.725616519706882 ], [ -65.296563431474439, -32.724020744792469 ], [ -65.30664737545392, -32.735280393855646 ], [ -65.308053075844882, -32.73491846904853 ], [ -65.310582989853373, -32.738534650611555 ], [ -65.304968691528998, -32.742633371564338 ], [ -65.297625371559107, -32.741632141358679 ], [ -65.290888019227083, -32.742946734689646 ], [ -65.290096845813011, -32.740462621410266 ], [ -65.285746063724105, -32.741524435397494 ], [ -65.277271701963329, -32.745533436799789 ], [ -65.284375862160132, -32.765776406174176 ], [ -65.292758284185624, -32.793834696251544 ], [ -65.328737711978491, -32.858723479353891 ], [ -65.347603188294855, -32.891702702255188 ], [ -65.371672483239891, -32.887304080820911 ], [ -65.368185778910316, -32.874149159252219 ], [ -65.365299869610837, -32.856655607182645 ], [ -65.366571586222946, -32.837798985315537 ], [ -65.36405425503996, -32.82721855153693 ], [ -65.359968637097452, -32.826945258087086 ], [ -65.356484246707439, -32.825124036651367 ], [ -65.354890702754489, -32.823231326091381 ], [ -65.353991410843804, -32.819854409174326 ], [ -65.355027407370287, -32.816505503066523 ], [ -65.356693151660821, -32.814661120970975 ], [ -65.358832463102885, -32.813400725645714 ], [ -65.359973283135446, -32.809542860252378 ], [ -65.360684599503543, -32.790719363481941 ], [ -65.360026941204779, -32.778579329210793 ], [ -65.361607397096591, -32.774737194475769 ], [ -65.358473659334166, -32.774897015180329 ], [ -65.358746773820016, -32.769555921902743 ], [ -65.365133574120591, -32.769286382848925 ], [ -65.369591912722967, -32.770440512593161 ], [ -65.371965838272118, -32.767508424458619 ], [ -65.371474241037959, -32.766464509698864 ], [ -65.369767631747962, -32.76632970078159 ], [ -65.367645323539577, -32.76536772691302 ], [ -65.359728204529702, -32.76030061113191 ], [ -65.356867909247583, -32.757378019311084 ], [ -65.343753402043433, -32.752968400511243 ], [ -65.343307924606734, -32.751875024483276 ], [ -65.343820544494335, -32.749632505732073 ], [ -65.346168397150109, -32.748116414010632 ], [ -65.349841207194572, -32.747797387241711 ], [ -65.350626858499993, -32.746868211949845 ], [ -65.350573817127525, -32.745722791556986 ], [ -65.345702916177672, -32.742095209219208 ], [ -65.33994213318384, -32.741645719695072 ], [ -65.338308191444881, -32.739689455843596 ], [ -65.334119868751472, -32.737994642756483 ], [ -65.331584080805285, -32.735753974028079 ], [ -65.331101052221783, -32.734362795604952 ], [ -65.33193650938739, -32.732487227430994 ], [ -65.331541381075695, -32.730397708570841 ], [ -65.330734498164205, -32.728094093248629 ], [ -65.32901789259482, -32.726552043905052 ], [ -65.329284060714158, -32.723771751970347 ], [ -65.326340778577446, -32.721177136137392 ], [ -65.325774171004795, -32.719573588692334 ], [ -65.320199258224051, -32.716622008408038 ], [ -65.319470137542268, -32.71501755127057 ], [ -65.316278373880408, -32.712213962275406 ], [ -65.315884208474188, -32.710056769265613 ], [ -65.317743019078975, -32.708259002865375 ] ] ] } },
{ "type": "Feature", "properties": { "codigo_indec": "740140401" }, "geometry": { "type": "Polygon", "coordinates": [ [ [ -66.451273378439595, -32.668784539960498 ], [ -66.447707421637304, -32.668797312633956 ], [ -66.43424508014914, -32.680269323923334 ], [ -66.425557723485042, -32.675127765505692 ], [ -66.422835543727984, -32.674952116856673 ], [ -66.420302158358027, -32.675817256140824 ], [ -66.418487062030152, -32.67754108720225 ], [ -66.417761755132403, -32.679766227480343 ], [ -66.419033135509466, -32.684888224704771 ], [ -66.396014755132782, -32.695084719035762 ], [ -66.367902964049691, -32.709611238604808 ], [ -66.345938146926457, -32.722329266093091 ], [ -66.335601777815839, -32.729480867718841 ], [ -66.350235664955235, -32.75948571353377 ], [ -66.35163978761635, -32.760369960297623 ], [ -66.353409434340861, -32.765978089607692 ], [ -66.3558728155528, -32.769514811312199 ], [ -66.356236479584126, -32.773061978243561 ], [ -66.362921251109086, -32.783087747344162 ], [ -66.369733750153117, -32.822958928869603 ], [ -66.390197260356658, -32.861308861269158 ], [ -66.380996706174102, -32.919558992541859 ], [ -66.552195587253522, -32.931710131509227 ], [ -66.550238823352856, -32.913554598971366 ], [ -66.551723221411336, -32.908142528883133 ], [ -66.550362301866116, -32.906300097251126 ], [ -66.549464350403923, -32.89720164703629 ], [ -66.550786360720181, -32.89321493585102 ], [ -66.550597791618657, -32.889942684328794 ], [ -66.552402550312109, -32.881972924645794 ], [ -66.551040288767723, -32.879418171350061 ], [ -66.551672957660969, -32.872873711333405 ], [ -66.550908625402229, -32.857264503862901 ], [ -66.550081618421601, -32.852656045563108 ], [ -66.549879675827455, -32.838532083213444 ], [ -66.549069176820325, -32.836132655551658 ], [ -66.548819170792655, -32.832387255971817 ], [ -66.545846742663215, -32.830096450305454 ], [ -66.545732840768167, -32.827189013561195 ], [ -66.5448654227134, -32.825488607292996 ], [ -66.54460230381909, -32.823497027464988 ], [ -66.54317732250901, -32.821415815952946 ], [ -66.540238983866658, -32.818056223517139 ], [ -66.533541519972417, -32.815479069144949 ], [ -66.530563252907868, -32.812493613727938 ], [ -66.533828050545779, -32.789725603320989 ], [ -66.522658604178986, -32.78961942279205 ], [ -66.525172827096497, -32.766038643171058 ], [ -66.522597586151761, -32.76503049501359 ], [ -66.517459291955817, -32.765552261432255 ], [ -66.512963789783271, -32.764186643204589 ], [ -66.510742088522889, -32.764786329728871 ], [ -66.504172800328647, -32.765155579555895 ], [ -66.496684284423452, -32.765280165809948 ], [ -66.493935657997412, -32.76470041966661 ], [ -66.488417261304605, -32.765024120313527 ], [ -66.4856998759671, -32.761833656547452 ], [ -66.485050017192094, -32.757611717669221 ], [ -66.482227764502625, -32.755688465928756 ], [ -66.480695569364684, -32.741614306434272 ], [ -66.474924551700582, -32.733277527976163 ], [ -66.4745905758069, -32.729139976611123 ], [ -66.471309666933962, -32.717380605437263 ], [ -66.469413457769875, -32.713771879634407 ], [ -66.46759788260924, -32.705144824337232 ], [ -66.469438073944289, -32.698614097458425 ], [ -66.469436793782236, -32.69429492037083 ], [ -66.462359239847402, -32.684569218847763 ], [ -66.461023527740807, -32.681413638976672 ], [ -66.459310274605102, -32.679467718392729 ], [ -66.459092913303138, -32.677620005876527 ], [ -66.455629945220281, -32.672785927230656 ], [ -66.451273378439595, -32.668784539960498 ] ] ] } },
{ "type": "Feature", "properties": { "codigo_indec": "740070411" }, "geometry": { "type": "Polygon", "coordinates": [ [ [ -65.823672360143505, -32.221962614089442 ], [ -65.82472106988557, -32.226901354670389 ], [ -65.823980688018054, -32.227112245579242 ], [ -65.824121764855292, -32.239241455873938 ], [ -65.818923806722324, -32.240005140384568 ], [ -65.819164666693311, -32.242949810468872 ], [ -65.810137445328508, -32.244253173617864 ], [ -65.807607821800417, -32.250025267991333 ], [ -65.782641131060728, -32.250083980608238 ], [ -65.781113156517435, -32.242298959380037 ], [ -65.778545023086764, -32.241343103661734 ], [ -65.777718405528361, -32.238749025241226 ], [ -65.715558841800203, -32.211178619020835 ], [ -65.715309027275723, -32.281084087557247 ], [ -65.720817454008966, -32.281371427037229 ], [ -65.742727794938503, -32.279343878581479 ], [ -65.75971907561977, -32.284661762276386 ], [ -65.78747877929861, -32.312080411541274 ], [ -65.830454351375252, -32.357139321480936 ], [ -65.886481083043648, -32.397299211841009 ], [ -65.896181376295715, -32.405310717762383 ], [ -65.896956833422649, -32.405766743977111 ], [ -65.898467048225044, -32.40507361296968 ], [ -65.900493923228112, -32.405760568740064 ], [ -65.901549081860963, -32.405626133132785 ], [ -65.900739137071042, -32.402667717719936 ], [ -65.900597521571129, -32.400949748437341 ], [ -65.900986243174941, -32.400260205922372 ], [ -65.902526643533818, -32.401036922583046 ], [ -65.90552104124346, -32.403978948585241 ], [ -65.908927807529508, -32.401366345095369 ], [ -65.913471907117312, -32.395733526911854 ], [ -65.916538256236379, -32.389982340186378 ], [ -65.91705175865107, -32.386307988007253 ], [ -65.920266717575458, -32.38314937529146 ], [ -65.921482649476189, -32.381098621695564 ], [ -65.921667991354752, -32.378749636784271 ], [ -65.920457143544965, -32.375038110235344 ], [ -65.922951003792789, -32.372677029803341 ], [ -65.923976682672645, -32.369178795542908 ], [ -65.925077522118741, -32.367853856062929 ], [ -65.926130620365342, -32.363133721764598 ], [ -65.928328323643271, -32.361849969811587 ], [ -65.928376721330366, -32.361106038201136 ], [ -65.931185817854683, -32.359074113485264 ], [ -65.934091995431586, -32.354850876446825 ], [ -65.939635547711717, -32.350047217244963 ], [ -65.950635197906522, -32.351544431312142 ], [ -65.958176418653707, -32.337425419468509 ], [ -65.960986434195476, -32.323800525958369 ], [ -65.972836866845654, -32.285306772193451 ], [ -65.989811650153626, -32.283988175130837 ], [ -65.991680242458983, -32.281341587211031 ], [ -66.00425397716036, -32.278929526637519 ], [ -66.006648939595962, -32.259969455022208 ], [ -66.004233825271868, -32.244995427308822 ], [ -66.017269394853386, -32.244173693241869 ], [ -66.016057595687471, -32.216890268314266 ], [ -66.024636086203202, -32.204872530340964 ], [ -66.023166298703785, -32.159850718146657 ], [ -65.99711099019882, -32.16553863793149 ], [ -65.997405050105556, -32.170548124239083 ], [ -65.941543041294054, -32.183543039903597 ], [ -65.940295078819616, -32.186604047375056 ], [ -65.938751319024419, -32.187847784415311 ], [ -65.936696532170259, -32.188099274861088 ], [ -65.931702888385217, -32.190220400116182 ], [ -65.927663118015616, -32.192774737003326 ], [ -65.913298449247733, -32.198541683981617 ], [ -65.904630803578499, -32.201222782868619 ], [ -65.899343409129486, -32.201498239894903 ], [ -65.888112304062773, -32.203107515802664 ], [ -65.885989181738736, -32.206739835153918 ], [ -65.883038673398573, -32.210267648020306 ], [ -65.878880922074487, -32.214109865131995 ], [ -65.872092371826909, -32.217723861092914 ], [ -65.869568265719437, -32.217319986160021 ], [ -65.866677521783231, -32.215572009662665 ], [ -65.861734360520359, -32.215566700051788 ], [ -65.86052406392831, -32.216237203064331 ], [ -65.838522814080733, -32.219696425481295 ], [ -65.837312156738506, -32.220443356894393 ], [ -65.823672360143505, -32.221962614089442 ] ] ] } },
{ "type": "Feature", "properties": { "codigo_indec": "740070307" }, "geometry": { "type": "Polygon", "coordinates": [ [ [ -65.990964129962208, -32.062290775736045 ], [ -65.988167180021421, -32.071646834331268 ], [ -65.99172294804994, -32.073509354477679 ], [ -65.998758059401794, -32.082239133968926 ], [ -66.000381337069669, -32.08616200657238 ], [ -66.000143007257847, -32.089922546338073 ], [ -65.996170144943932, -32.100433048659781 ], [ -65.986105202334272, -32.10252453449209 ], [ -65.980082765480489, -32.099831839492936 ], [ -65.962537029145153, -32.103800320495154 ], [ -65.962207599007627, -32.106212552272574 ], [ -65.953104657847717, -32.109789674745358 ], [ -65.946938857292722, -32.117678027814222 ], [ -65.92647185721529, -32.124516990842046 ], [ -65.930012220064413, -32.1337173759674 ], [ -65.940344249425422, -32.139633970836812 ], [ -65.946689256516549, -32.146021546061405 ], [ -65.957269974657748, -32.146756018037912 ], [ -65.966271099439851, -32.148566844630587 ], [ -65.975415188370647, -32.152216728348115 ], [ -65.986847126739988, -32.155807591065198 ], [ -65.993703052837787, -32.157336665880514 ], [ -66.004179424487234, -32.157584748004382 ], [ -66.021363952843174, -32.159251339770734 ], [ -66.038168983294412, -32.164577009060899 ], [ -66.046226466166161, -32.164867405879967 ], [ -66.053161214413052, -32.166893724871827 ], [ -66.059533033368822, -32.170971515150789 ], [ -66.064671936580538, -32.177543081326881 ], [ -66.071067652806818, -32.180055657254343 ], [ -66.083906499572677, -32.18649111061405 ], [ -66.091556691166659, -32.188334480542068 ], [ -66.102747486256277, -32.18868209284534 ], [ -66.11955048570303, -32.190786539079369 ], [ -66.145684976627706, -32.191823249622523 ], [ -66.162486709639026, -32.198309202406925 ], [ -66.167479235387603, -32.179441711020303 ], [ -66.16972391849616, -32.166254488651617 ], [ -66.165512011831026, -32.154365378866579 ], [ -66.157586468111745, -32.127226838472602 ], [ -66.153137865824505, -32.104813485298529 ], [ -66.160837278396627, -32.097039404539622 ], [ -66.166548725890593, -32.090466879892851 ], [ -66.166418407597675, -32.081394876658592 ], [ -66.164495090624257, -32.073529114674855 ], [ -66.15869810069168, -32.060717285847041 ], [ -66.170528212904884, -32.058600703828667 ], [ -66.181029832574367, -32.055650747599984 ], [ -66.182181557118, -32.053056391585521 ], [ -66.197554975849997, -32.04738351948756 ], [ -66.19877738478543, -32.044689701193676 ], [ -66.200263104956989, -32.037747918043685 ], [ -66.20590539089811, -32.022087904546581 ], [ -66.183820035308841, -32.023839794122189 ], [ -66.170195306714845, -32.021762088376875 ], [ -66.151227682913202, -32.017637767399933 ], [ -66.122678210659316, -32.029820566363917 ], [ -66.109255358189259, -32.02796608244725 ], [ -66.100593176660226, -32.02778386775487 ], [ -66.089354306400821, -32.034037357648224 ], [ -66.078260259651742, -32.031866805436856 ], [ -66.056045573130561, -32.03343420125686 ], [ -66.040876346927277, -32.036587334185413 ], [ -66.009089295939816, -32.040327111231228 ], [ -66.007158642978041, -32.060243782896919 ], [ -65.990964129962208, -32.062290775736045 ] ] ] } },
{ "type": "Feature", "properties": { "codigo_indec": "740070306" }, "geometry": { "type": "Polygon", "coordinates": [ [ [ -65.842130121164246, -32.057882125886614 ], [ -65.841619103021458, -32.065610001906137 ], [ -65.828431386251722, -32.065683016555759 ], [ -65.828369533377398, -32.070448993621746 ], [ -65.826245137155723, -32.072339896627753 ], [ -65.824860314690468, -32.080693239295165 ], [ -65.830548670697141, -32.08620199639266 ], [ -65.827545594754127, -32.111601780952228 ], [ -65.819457142095388, -32.167429882485891 ], [ -65.816746526288071, -32.190823004248628 ], [ -65.804780300526801, -32.220027570812739 ], [ -65.822923384121935, -32.218417543230984 ], [ -65.823672360143505, -32.221962614089442 ], [ -65.837312156738506, -32.220443356894393 ], [ -65.838522814080733, -32.219696425481295 ], [ -65.86052406392831, -32.216237203064331 ], [ -65.861734360520359, -32.215566700051788 ], [ -65.866677521783231, -32.215572009662665 ], [ -65.869568265719437, -32.217319986160021 ], [ -65.872092371826909, -32.217723861092914 ], [ -65.878880922074487, -32.214109865131995 ], [ -65.883038673398573, -32.210267648020306 ], [ -65.885989181738736, -32.206739835153918 ], [ -65.888112304062773, -32.203107515802664 ], [ -65.899343409129486, -32.201498239894903 ], [ -65.904630803578499, -32.201222782868619 ], [ -65.913298449247733, -32.198541683981617 ], [ -65.927663118015616, -32.192774737003326 ], [ -65.931702888385217, -32.190220400116182 ], [ -65.936696532170259, -32.188099274861088 ], [ -65.938751319024419, -32.187847784415311 ], [ -65.940295078819616, -32.186604047375056 ], [ -65.941543041294054, -32.183543039903597 ], [ -65.997405050105556, -32.170548124239083 ], [ -65.99711099019882, -32.16553863793149 ], [ -66.023166298703785, -32.159850718146657 ], [ -66.021363952843174, -32.159251339770734 ], [ -66.004179424487234, -32.157584748004382 ], [ -65.993703052837787, -32.157336665880514 ], [ -65.986847126739988, -32.155807591065198 ], [ -65.975415188370647, -32.152216728348115 ], [ -65.966271099439851, -32.148566844630587 ], [ -65.957269974657748, -32.146756018037912 ], [ -65.946689256516549, -32.146021546061405 ], [ -65.940344249425422, -32.139633970836812 ], [ -65.930012220064413, -32.1337173759674 ], [ -65.92647185721529, -32.124516990842046 ], [ -65.946938857292722, -32.117678027814222 ], [ -65.953104657847717, -32.109789674745358 ], [ -65.962207599007627, -32.106212552272574 ], [ -65.962537029145153, -32.103800320495154 ], [ -65.980082765480489, -32.099831839492936 ], [ -65.986105202334272, -32.10252453449209 ], [ -65.996170144943932, -32.100433048659781 ], [ -66.000143007257847, -32.089922546338073 ], [ -66.000381337069669, -32.08616200657238 ], [ -65.998758059401794, -32.082239133968926 ], [ -65.99172294804994, -32.073509354477679 ], [ -65.988167180021421, -32.071646834331268 ], [ -65.990964129962208, -32.062290775736045 ], [ -65.976432703823775, -32.059854014937649 ], [ -65.972737291377953, -32.058572700869959 ], [ -65.956704268467035, -32.059627867530928 ], [ -65.949223147942661, -32.058799933454956 ], [ -65.949256637495537, -32.022091583388679 ], [ -65.947726343074521, -31.990716663543093 ], [ -65.921144013946616, -31.998156479365235 ], [ -65.893523463873777, -32.007370938455288 ], [ -65.890813622338641, -32.009970381700789 ], [ -65.889277726158141, -32.013193050267695 ], [ -65.889098898752252, -32.016669401084606 ], [ -65.890086458914311, -32.020651783305844 ], [ -65.889207386352496, -32.023270795834058 ], [ -65.889494447530112, -32.026634820798904 ], [ -65.887298250563063, -32.028499646907207 ], [ -65.885100557147311, -32.03149170209926 ], [ -65.884451974178532, -32.033732123228766 ], [ -65.883677941409402, -32.034687339279856 ], [ -65.881453023030133, -32.036006437222532 ], [ -65.878215793569893, -32.036219804905919 ], [ -65.875679081288993, -32.037065048707213 ], [ -65.874410227618156, -32.03783935855413 ], [ -65.87221207338736, -32.040700421560331 ], [ -65.866935689807349, -32.045181515299909 ], [ -65.863865552980457, -32.044930257309097 ], [ -65.859471928430793, -32.046422472779433 ], [ -65.857714253714704, -32.04816551962471 ], [ -65.84775260163623, -32.05338896593635 ], [ -65.842130121164246, -32.057882125886614 ] ] ] } },
{ "type": "Feature", "properties": { "codigo_indec": "740630305" }, "geometry": { "type": "Polygon", "coordinates": [ [ [ -65.624499216535938, -32.618127527570202 ], [ -65.617969465905034, -32.616489241046381 ], [ -65.614721074547703, -32.61743965404694 ], [ -65.613253724582819, -32.619220556502427 ], [ -65.606558154675525, -32.618983346195719 ], [ -65.601408999063551, -32.620829167104908 ], [ -65.594731012951115, -32.624356070800857 ], [ -65.58246206967894, -32.623021907850216 ], [ -65.577573297881344, -32.624858595076724 ], [ -65.572091605123447, -32.625854471564516 ], [ -65.567170959472222, -32.625382239304287 ], [ -65.561504967607547, -32.623716943608201 ], [ -65.555992937370874, -32.623282785119954 ], [ -65.549978808568795, -32.626845712165483 ], [ -65.54720318965137, -32.629978224372863 ], [ -65.543138155898333, -32.632019417633025 ], [ -65.539168328924774, -32.631563069147326 ], [ -65.536942858399144, -32.632267238842097 ], [ -65.535175693512471, -32.635010947355092 ], [ -65.532734061266666, -32.636787284042477 ], [ -65.529796433602002, -32.637100934999083 ], [ -65.526556728633679, -32.639627091590874 ], [ -65.521372024340096, -32.638115093483179 ], [ -65.51650641146928, -32.638236216590457 ], [ -65.514178021346396, -32.639187555496662 ], [ -65.482668965154303, -32.627330371479168 ], [ -65.476855753584729, -32.626039378439827 ], [ -65.463010734374578, -32.625710423303907 ], [ -65.457177304645114, -32.622538360615621 ], [ -65.435681091780609, -32.623710511798997 ], [ -65.432656630796032, -32.623448913420908 ], [ -65.428682208939819, -32.624706817998465 ], [ -65.430263385993669, -32.637080974104499 ], [ -65.433433450082688, -32.711878260385767 ], [ -65.433926231565806, -32.764273555792606 ], [ -65.451634703382666, -32.758906073747518 ], [ -65.453708842695121, -32.757395777319459 ], [ -65.461766526448343, -32.741276750669918 ], [ -65.46271253072976, -32.735203363255891 ], [ -65.463337507244447, -32.734169086782458 ], [ -65.465521972079884, -32.732812345270524 ], [ -65.474467752062594, -32.731380395201683 ], [ -65.484761295339055, -32.727419571372167 ], [ -65.501788570147141, -32.728561415981318 ], [ -65.503700467332948, -32.72813618203584 ], [ -65.504220070194648, -32.726772158989363 ], [ -65.513511465550195, -32.719915034243627 ], [ -65.519842367708634, -32.716900693417053 ], [ -65.528416530150807, -32.706067676549331 ], [ -65.533928761739844, -32.704848434945966 ], [ -65.539225742044351, -32.702942861641503 ], [ -65.542354195525334, -32.702746922982612 ], [ -65.550580366130703, -32.704151773794216 ], [ -65.552964390299735, -32.704070122955464 ], [ -65.558066346709424, -32.701613013711402 ], [ -65.560345908408934, -32.701070982452158 ], [ -65.571958622062695, -32.696259950845729 ], [ -65.574992856901105, -32.695630053729104 ], [ -65.579991387905707, -32.6922564566418 ], [ -65.588234042623128, -32.689993435460266 ], [ -65.597563482838467, -32.686637779754179 ], [ -65.607319520629076, -32.68492838863574 ], [ -65.620054955501843, -32.68394415756535 ], [ -65.619000526285475, -32.67927458698577 ], [ -65.620014396900658, -32.674007135412744 ], [ -65.620000690475806, -32.666540883372946 ], [ -65.623260907899819, -32.656830196883213 ], [ -65.624257293564995, -32.651797084543247 ], [ -65.622443692305467, -32.631250450335109 ], [ -65.622825210796151, -32.623496783266859 ], [ -65.624499216535938, -32.618127527570202 ] ] ] } },
{ "type": "Feature", "properties": { "codigo_indec": "740350716" }, "geometry": { "type": "Polygon", "coordinates": [ [ [ -65.463385800155336, -33.66679031324152 ], [ -65.458076453824575, -33.667939182514161 ], [ -65.458833211433642, -33.670633666991705 ], [ -65.464177868311182, -33.669466888359388 ], [ -65.463385800155336, -33.66679031324152 ] ] ] } },
{ "type": "Feature", "properties": { "codigo_indec": "740490416" }, "geometry": { "type": "Polygon", "coordinates": [ [ [ -65.016251944242981, -32.34956194048516 ], [ -65.01611645107559, -32.350548259686128 ], [ -65.009245321167285, -32.350629730183421 ], [ -65.00926095578123, -32.350169979653352 ], [ -65.00708870872289, -32.350161915171086 ], [ -65.007082884073938, -32.351424266291033 ], [ -65.004826955706363, -32.351537234780515 ], [ -65.005335298697929, -32.365021822358429 ], [ -65.00682892745489, -32.365182377425732 ], [ -65.008133196512901, -32.366387409298859 ], [ -65.011001888377379, -32.366869814046879 ], [ -65.01487546818295, -32.368500672631441 ], [ -65.017989106990413, -32.368448314915454 ], [ -65.018966418400339, -32.36944780458338 ], [ -65.028620214718401, -32.355938239996853 ], [ -65.022586063345429, -32.355945722408649 ], [ -65.022160614513993, -32.35155107985338 ], [ -65.01713338654389, -32.351548072918852 ], [ -65.016997507933965, -32.349869827257649 ], [ -65.016251944242981, -32.34956194048516 ] ] ] } },
{ "type": "Feature", "properties": { "codigo_indec": "740210303" }, "geometry": { "type": "Polygon", "coordinates": [ [ [ -65.635287160655054, -33.051152439541632 ], [ -65.633315153497676, -33.04517314433852 ], [ -65.623549204318394, -33.044422727726406 ], [ -65.623595991009367, -33.045378631218007 ], [ -65.626659631156258, -33.045599727745234 ], [ -65.626274947612956, -33.052397108117226 ], [ -65.635287160655054, -33.051152439541632 ] ] ] } },
{ "type": "Feature", "properties": { "codigo_indec": "740561508" }, "geometry": { "type": "Polygon", "coordinates": [ [ [ -66.310376893243543, -33.316563431514972 ], [ -66.311728432724593, -33.316875616854659 ], [ -66.311582520612276, -33.317367368872965 ], [ -66.315921950140378, -33.318343690247858 ], [ -66.316490122373281, -33.316579566363338 ], [ -66.310780396192328, -33.315273097814384 ], [ -66.310376893243543, -33.316563431514972 ] ] ] } },
{ "type": "Feature", "properties": { "codigo_indec": "740561415" }, "geometry": { "type": "Polygon", "coordinates": [ [ [ -66.319096038179637, -33.308205810430707 ], [ -66.3212640551058, -33.308651037385559 ], [ -66.320126991432005, -33.311174017935592 ], [ -66.31808163720703, -33.310516575359728 ], [ -66.31661757458906, -33.313960018696214 ], [ -66.318637037660849, -33.314860990142137 ], [ -66.319039155022068, -33.313962840534082 ], [ -66.321906053831043, -33.314604616513613 ], [ -66.322856145474844, -33.311613261507397 ], [ -66.321628254350088, -33.311332433727678 ], [ -66.32249001952097, -33.309148264377363 ], [ -66.319831040571799, -33.307320326542417 ], [ -66.319096038179637, -33.308205810430707 ] ] ] } },
{ "type": "Feature", "properties": { "codigo_indec": "740560809" }, "geometry": { "type": "Polygon", "coordinates": [ [ [ -66.301570527763801, -33.262613545463083 ], [ -66.303652796437021, -33.266544108520819 ], [ -66.30444043561819, -33.266190545486772 ], [ -66.304702269880721, -33.266640720751013 ], [ -66.306553728839575, -33.265883305986961 ], [ -66.306270343448929, -33.265410646842689 ], [ -66.307583163590223, -33.264857409835827 ], [ -66.306951602606645, -33.263799551168596 ], [ -66.306109813695585, -33.26400449392348 ], [ -66.301570527763801, -33.262613545463083 ] ] ] } },
{ "type": "Feature", "properties": { "codigo_indec": "740560807" }, "geometry": { "type": "Polygon", "coordinates": [ [ [ -66.29696734435592, -33.262119709181938 ], [ -66.296852632849394, -33.266281023362666 ], [ -66.297955219868911, -33.267008709188445 ], [ -66.300360911687008, -33.264316053056461 ], [ -66.29696734435592, -33.262119709181938 ] ] ] } },
{ "type": "Feature", "properties": { "codigo_indec": "740560805" }, "geometry": { "type": "Polygon", "coordinates": [ [ [ -66.307194188856627, -33.261048969068362 ], [ -66.304323116324795, -33.260988406220946 ], [ -66.300601405210145, -33.260893770967542 ], [ -66.301570527763801, -33.262613545463083 ], [ -66.305091768389488, -33.263677899744941 ], [ -66.305061489660346, -33.262686176923495 ], [ -66.304500648476875, -33.262665010760166 ], [ -66.304566309428196, -33.261483709521102 ], [ -66.307083236890989, -33.261545141788709 ], [ -66.307194188856627, -33.261048969068362 ] ] ] } },
{ "type": "Feature", "properties": { "codigo_indec": "740560723" }, "geometry": { "type": "Polygon", "coordinates": [ [ [ -66.335564371235904, -33.279896384754522 ], [ -66.33531753102038, -33.282015881549221 ], [ -66.333588653806814, -33.281862747881178 ], [ -66.333478176756159, -33.28315688326601 ], [ -66.338042194835865, -33.283595370289028 ], [ -66.338348336749434, -33.280168343943444 ], [ -66.335564371235904, -33.279896384754522 ] ] ] } },
{ "type": "Feature", "properties": { "codigo_indec": "740561704" }, "geometry": { "type": "Polygon", "coordinates": [ [ [ -66.649469631372796, -33.498024929984155 ], [ -66.643142835163928, -33.490849776610915 ], [ -66.641048122285909, -33.492424877739019 ], [ -66.651332057348057, -33.504231556855046 ], [ -66.656223287396301, -33.503511529219907 ], [ -66.651004422586894, -33.497124309604096 ], [ -66.649469631372796, -33.498024929984155 ] ] ] } },
{ "type": "Feature", "properties": { "codigo_indec": "740560507" }, "geometry": { "type": "Polygon", "coordinates": [ [ [ -66.237057564840313, -33.259448776021692 ], [ -66.23046919678319, -33.264974665936585 ], [ -66.231713079599615, -33.266586281738078 ], [ -66.235451382076192, -33.274797659411554 ], [ -66.238356052228482, -33.274233111234935 ], [ -66.239759552468854, -33.273270172090214 ], [ -66.239900963859839, -33.271011305134962 ], [ -66.240787120509296, -33.269291978049644 ], [ -66.243126264414187, -33.269039476407023 ], [ -66.243416667476581, -33.266356544231357 ], [ -66.245092749641259, -33.266024154840579 ], [ -66.246085369190013, -33.265007854660325 ], [ -66.245443460714597, -33.263823472913323 ], [ -66.240865564706851, -33.262678331446985 ], [ -66.24025420761879, -33.261840992879172 ], [ -66.238451421142329, -33.260942827051636 ], [ -66.238436588154869, -33.257458031150392 ], [ -66.237057564840313, -33.259448776021692 ] ] ] } },
{ "type": "Feature", "properties": { "codigo_indec": "740561303" }, "geometry": { "type": "Polygon", "coordinates": [ [ [ -66.341051004839684, -33.30299920444012 ], [ -66.33813380115285, -33.302475216532038 ], [ -66.336760981022451, -33.307766984025086 ], [ -66.339530463201683, -33.30822829301885 ], [ -66.341051004839684, -33.30299920444012 ] ] ] } },
{ "type": "Feature", "properties": { "codigo_indec": "740561219" }, "geometry": { "type": "Polygon", "coordinates": [ [ [ -66.349180011957344, -33.315337914250186 ], [ -66.348593405134409, -33.318373527566422 ], [ -66.349349335983717, -33.318750086401145 ], [ -66.348885317884523, -33.318864093324187 ], [ -66.348500959243353, -33.322129050503079 ], [ -66.35466292782823, -33.326791035698307 ], [ -66.354582830934618, -33.32889204495347 ], [ -66.356283049657847, -33.328364239109291 ], [ -66.362842823764694, -33.32967514417826 ], [ -66.361680269183807, -33.328402739252532 ], [ -66.363109678129959, -33.323448661560427 ], [ -66.362111447147441, -33.322288481583151 ], [ -66.361006992561073, -33.322057273906864 ], [ -66.360422827887618, -33.321031119535064 ], [ -66.360954334772089, -33.321007035839131 ], [ -66.361217187473713, -33.317688297216527 ], [ -66.357076096533547, -33.317402732055307 ], [ -66.349180011957344, -33.315337914250186 ] ] ] } },
{ "type": "Feature", "properties": { "codigo_indec": "740561213" }, "geometry": { "type": "Polygon", "coordinates": [ [ [ -66.353058372176903, -33.310417606912935 ], [ -66.350159787570107, -33.309929915249711 ], [ -66.349180011957344, -33.315337914250186 ], [ -66.351356570726907, -33.31582316351998 ], [ -66.353058372176903, -33.310417606912935 ] ] ] } },
{ "type": "Feature", "properties": { "codigo_indec": "740561211" }, "geometry": { "type": "Polygon", "coordinates": [ [ [ -66.349989075970015, -33.31154881349655 ], [ -66.345274206724895, -33.310682919947531 ], [ -66.345055048443157, -33.311612202865533 ], [ -66.348101420735063, -33.312126648184666 ], [ -66.347873357897697, -33.312835062584604 ], [ -66.349828664656172, -33.313059487124022 ], [ -66.349989075970015, -33.31154881349655 ] ] ] } },
{ "type": "Feature", "properties": { "codigo_indec": "740561209" }, "geometry": { "type": "Polygon", "coordinates": [ [ [ -66.346313492513829, -33.306699350339791 ], [ -66.346001432066174, -33.307890365814664 ], [ -66.347271748153659, -33.308031082234258 ], [ -66.347057391522583, -33.309487806511243 ], [ -66.350159787570107, -33.309929915249711 ], [ -66.350443956888995, -33.307147599353499 ], [ -66.346313492513829, -33.306699350339791 ] ] ] } },
{ "type": "Feature", "properties": { "codigo_indec": "740561208" }, "geometry": { "type": "Polygon", "coordinates": [ [ [ -66.34387415023464, -33.303487318946935 ], [ -66.343249182039884, -33.306351710387666 ], [ -66.346313492513829, -33.306699350339791 ], [ -66.347149518755842, -33.302928220042666 ], [ -66.345733666982767, -33.302621106056456 ], [ -66.345362219917604, -33.303726631382219 ], [ -66.34387415023464, -33.303487318946935 ] ] ] } },
{ "type": "Feature", "properties": { "codigo_indec": "740561121" }, "geometry": { "type": "Polygon", "coordinates": [ [ [ -66.357393964722746, -33.304504073718867 ], [ -66.355715421232304, -33.303643329018861 ], [ -66.350474243576173, -33.302639383643367 ], [ -66.3500353692245, -33.304322153629364 ], [ -66.352240729009637, -33.306029011258637 ], [ -66.356034036342535, -33.306744009322053 ], [ -66.356236868343544, -33.305792212956966 ], [ -66.357166105423218, -33.305897740633085 ], [ -66.357393964722746, -33.304504073718867 ] ] ] } },
{ "type": "Feature", "properties": { "codigo_indec": "740561118" }, "geometry": { "type": "Polygon", "coordinates": [ [ [ -66.356501832805918, -33.293060485266956 ], [ -66.350785735963925, -33.292607903283063 ], [ -66.350093266692454, -33.293953281107932 ], [ -66.346602594783505, -33.293597905520308 ], [ -66.346242947133035, -33.294960365879639 ], [ -66.347335410149853, -33.294970841987436 ], [ -66.345733666982767, -33.302621106056456 ], [ -66.349261172476432, -33.30337311629166 ], [ -66.3500353692245, -33.304322153629364 ], [ -66.351882449358527, -33.297027285824242 ], [ -66.352341831637318, -33.297125163274096 ], [ -66.356501832805918, -33.293060485266956 ] ] ] } },
{ "type": "Feature", "properties": { "codigo_indec": "740561116" }, "geometry": { "type": "Polygon", "coordinates": [ [ [ -66.341051004839684, -33.30299920444012 ], [ -66.341734218835398, -33.300603508247711 ], [ -66.342573606404045, -33.300402839271207 ], [ -66.338830268126372, -33.300016385864524 ], [ -66.33813380115285, -33.302475216532038 ], [ -66.341051004839684, -33.30299920444012 ] ] ] } },
{ "type": "Feature", "properties": { "codigo_indec": "740561115" }, "geometry": { "type": "Polygon", "coordinates": [ [ [ -66.342184323636985, -33.299010897855077 ], [ -66.335823775666739, -33.29857743460807 ], [ -66.335125573479274, -33.302005503095373 ], [ -66.33813380115285, -33.302475216532038 ], [ -66.338830268126372, -33.300016385864524 ], [ -66.341802936146891, -33.300328323021411 ], [ -66.342184323636985, -33.299010897855077 ] ] ] } },
{ "type": "Feature", "properties": { "codigo_indec": "740561113" }, "geometry": { "type": "Polygon", "coordinates": [ [ [ -66.342626589048876, -33.297476912880775 ], [ -66.341802936146891, -33.300328323021411 ], [ -66.344904046825349, -33.299850908989185 ], [ -66.345483641129931, -33.297757524121714 ], [ -66.342626589048876, -33.297476912880775 ] ] ] } },
{ "type": "Feature", "properties": { "codigo_indec": "740561011" }, "geometry": { "type": "Polygon", "coordinates": [ [ [ -66.302602895980954, -33.287324773593504 ], [ -66.301563267339489, -33.293282565869461 ], [ -66.30157950889938, -33.295662827867623 ], [ -66.301951740053553, -33.294634066768062 ], [ -66.302816774015852, -33.294077460122921 ], [ -66.315425634544169, -33.294587076870627 ], [ -66.316222380332064, -33.288517087402468 ], [ -66.303460972734911, -33.287881692407787 ], [ -66.302602895980954, -33.287324773593504 ] ] ] } },
{ "type": "Feature", "properties": { "codigo_indec": "740561003" }, "geometry": { "type": "Polygon", "coordinates": [ [ [ -66.324390986635009, -33.286755892155824 ], [ -66.324059690682773, -33.289339924771035 ], [ -66.330100863017179, -33.289256405243009 ], [ -66.330439369904809, -33.287208807443776 ], [ -66.324390986635009, -33.286755892155824 ] ] ] } },
{ "type": "Feature", "properties": { "codigo_indec": "740561002" }, "geometry": { "type": "Polygon", "coordinates": [ [ [ -66.330439369904809, -33.287208807443776 ], [ -66.32974572833939, -33.291168801296145 ], [ -66.332774223211274, -33.291426710210217 ], [ -66.333027522865862, -33.288865405836276 ], [ -66.335687720381529, -33.287582444741901 ], [ -66.330439369904809, -33.287208807443776 ] ] ] } },
{ "type": "Feature", "properties": { "codigo_indec": "740560910" }, "geometry": { "type": "Polygon", "coordinates": [ [ [ -66.302461488774043, -33.27745225785516 ], [ -66.299235373739108, -33.281242409628646 ], [ -66.302475774240946, -33.283150533193044 ], [ -66.303405574909036, -33.278076591333004 ], [ -66.302461488774043, -33.27745225785516 ] ] ] } },
{ "type": "Feature", "properties": { "codigo_indec": "740560603" }, "geometry": { "type": "Polygon", "coordinates": [ [ [ -66.344362435071204, -33.269936354541599 ], [ -66.339225994403165, -33.270482437625823 ], [ -66.339113836213542, -33.272011008748429 ], [ -66.341597727358931, -33.272464040728323 ], [ -66.344391900198289, -33.271973959447493 ], [ -66.344362435071204, -33.269936354541599 ] ] ] } },
{ "type": "Feature", "properties": { "codigo_indec": "740560512" }, "geometry": { "type": "Polygon", "coordinates": [ [ [ -66.265080362586076, -33.282144928219523 ], [ -66.264507753755936, -33.285378498779039 ], [ -66.26232357459196, -33.284625756593051 ], [ -66.256756339924607, -33.297084399731752 ], [ -66.258354466220041, -33.297441739913168 ], [ -66.259858764207507, -33.296929182577649 ], [ -66.262601749157056, -33.294168936192435 ], [ -66.267850279031109, -33.295433542730962 ], [ -66.269386263523899, -33.297400284608244 ], [ -66.271462390385466, -33.298676081341512 ], [ -66.273588585013272, -33.297914049935478 ], [ -66.27200778149691, -33.29797161766826 ], [ -66.270947748420028, -33.296305917923597 ], [ -66.27140950345175, -33.29546639442637 ], [ -66.268417889361132, -33.294093397121024 ], [ -66.269600645773096, -33.288559332266857 ], [ -66.269172940588859, -33.288244688305397 ], [ -66.270356668687214, -33.284806903379781 ], [ -66.265080362586076, -33.282144928219523 ] ] ] } },
{ "type": "Feature", "properties": { "codigo_indec": "740560713" }, "geometry": { "type": "Polygon", "coordinates": [ [ [ -66.310128469859322, -33.27747394113193 ], [ -66.309608525861137, -33.280703077112491 ], [ -66.315834174439445, -33.28133208158507 ], [ -66.315933635606768, -33.280633064982894 ], [ -66.317203461812781, -33.280760567714317 ], [ -66.317483893348225, -33.278163154673244 ], [ -66.310128469859322, -33.27747394113193 ] ] ] } },
{ "type": "Feature", "properties": { "codigo_indec": "740490401" }, "geometry": { "type": "Polygon", "coordinates": [ [ [ -65.038858598937367, -32.316990336407507 ], [ -65.034547416416785, -32.317985389113794 ], [ -65.033478758373874, -32.316872602156138 ], [ -65.031478987913346, -32.316446988166838 ], [ -65.029682668917232, -32.316113079066213 ], [ -65.028722780578917, -32.316506960260227 ], [ -65.027072700731196, -32.315655650928591 ], [ -65.024458165702029, -32.315874423053167 ], [ -65.020552544002243, -32.315190425842943 ], [ -65.017992446331874, -32.316022654860923 ], [ -65.013596470214836, -32.315762942238209 ], [ -65.010413878139062, -32.316707372584879 ], [ -65.010580434378994, -32.318724016302781 ], [ -65.011881308548283, -32.318964146889385 ], [ -65.01195025062384, -32.319460631091552 ], [ -65.014050892641308, -32.319639370066874 ], [ -65.013539848438668, -32.323679576629154 ], [ -65.014149560743107, -32.324743858710093 ], [ -65.013693370913302, -32.325926050818325 ], [ -65.02195098264545, -32.326603495546543 ], [ -65.022898627248864, -32.326867826919909 ], [ -65.02272695372659, -32.329008075556359 ], [ -65.029023725783773, -32.330098173783007 ], [ -65.029899073653823, -32.324699107603571 ], [ -65.036868548262987, -32.326177213153905 ], [ -65.037841918160765, -32.323511041459327 ], [ -65.038858598937367, -32.316990336407507 ] ] ] } },
{ "type": "Feature", "properties": { "codigo_indec": "740560705" }, "geometry": { "type": "Polygon", "coordinates": [ [ [ -66.315768141341735, -33.262988544863923 ], [ -66.312125850237948, -33.262619054958158 ], [ -66.311344724655967, -33.268571792215013 ], [ -66.312586991188837, -33.268546134410478 ], [ -66.316849138530628, -33.265136190188002 ], [ -66.316960947845388, -33.264148616955012 ], [ -66.315507191493296, -33.265035914766464 ], [ -66.315768141341735, -33.262988544863923 ] ] ] } },
{ "type": "Feature", "properties": { "codigo_indec": "740560704" }, "geometry": { "type": "Polygon", "coordinates": [ [ [ -66.319450577343602, -33.263321759490744 ], [ -66.315768141341735, -33.262988544863923 ], [ -66.315507191493296, -33.265035914766464 ], [ -66.316960947845388, -33.264148616955012 ], [ -66.316849138530628, -33.265136190188002 ], [ -66.312586991188837, -33.268546134410478 ], [ -66.311489700432332, -33.268593969912565 ], [ -66.311377344266091, -33.269446294225745 ], [ -66.315127425833808, -33.269865121336153 ], [ -66.315292925379936, -33.268877414174703 ], [ -66.318576257785836, -33.269337893525964 ], [ -66.319450577343602, -33.263321759490744 ] ] ] } },
{ "type": "Feature", "properties": { "codigo_indec": "740490208" }, "geometry": { "type": "Polygon", "coordinates": [ [ [ -65.205605833965691, -32.342140817379935 ], [ -65.205456418184554, -32.341310280769008 ], [ -65.19886086197846, -32.342143249295702 ], [ -65.201014632217436, -32.347260720602904 ], [ -65.199885769777211, -32.347285125845197 ], [ -65.202293090796744, -32.351069616761585 ], [ -65.20568129103863, -32.351131577540663 ], [ -65.205988741487701, -32.34816230209244 ], [ -65.205683119928551, -32.34818742990435 ], [ -65.204505494770672, -32.342251108972391 ], [ -65.205605833965691, -32.342140817379935 ] ] ] } },
{ "type": "Feature", "properties": { "codigo_indec": "740420404" }, "geometry": { "type": "Polygon", "coordinates": [ [ [ -65.949946543259898, -35.153306987706166 ], [ -65.942072345515783, -35.152965468796936 ], [ -65.942070090183819, -35.156147269565949 ], [ -65.935869251085037, -35.155950353697882 ], [ -65.933841076063757, -35.156580215197863 ], [ -65.933858645429595, -35.161992888852602 ], [ -65.948714418578462, -35.162369645652007 ], [ -65.948810544130467, -35.157853875196032 ], [ -65.950226781784252, -35.157187458959875 ], [ -65.950232859563542, -35.15621849943745 ], [ -65.950965439111499, -35.156245838936108 ], [ -65.950971505345152, -35.155281386018544 ], [ -65.950247157525126, -35.155267570339824 ], [ -65.949946543259898, -35.153306987706166 ] ] ] } },
{ "type": "Feature", "properties": { "codigo_indec": "740420204" }, "geometry": { "type": "Polygon", "coordinates": [ [ [ -65.53200395070121, -34.770715657437151 ], [ -65.517886615975257, -34.768078043423593 ], [ -65.515166714095855, -34.777410314605476 ], [ -65.529699075504908, -34.780333793186159 ], [ -65.53200395070121, -34.770715657437151 ] ] ] } },
{ "type": "Feature", "properties": { "codigo_indec": "740351604" }, "geometry": { "type": "Polygon", "coordinates": [ [ [ -65.189285430608066, -33.852621167468186 ], [ -65.179295695065392, -33.857734278096586 ], [ -65.181731157833582, -33.860982407721231 ], [ -65.189703399133109, -33.857275748869675 ], [ -65.187142400159146, -33.853855657100176 ], [ -65.189285430608066, -33.852621167468186 ] ] ] } },
{ "type": "Feature", "properties": { "codigo_indec": "740350103" }, "geometry": { "type": "Polygon", "coordinates": [ [ [ -65.61317066836547, -33.277412213043263 ], [ -65.611138546344378, -33.276355475894206 ], [ -65.607400772687882, -33.281072767606886 ], [ -65.614670989759816, -33.28530160980462 ], [ -65.619159102856827, -33.280167145637066 ], [ -65.614686234094464, -33.277556672170228 ], [ -65.615627977565609, -33.275760838115218 ], [ -65.614862033966716, -33.27541134047155 ], [ -65.61317066836547, -33.277412213043263 ] ] ] } },
{ "type": "Feature", "properties": { "codigo_indec": "740280406" }, "geometry": { "type": "Polygon", "coordinates": [ [ [ -65.294544535223451, -32.738936832471751 ], [ -65.290363050550297, -32.734134293091017 ], [ -65.27797453658242, -32.741403266022118 ], [ -65.276645035982952, -32.742540739462477 ], [ -65.277271701963329, -32.745533436799789 ], [ -65.285746063724105, -32.741524435397494 ], [ -65.290096845813011, -32.740462621410266 ], [ -65.290888019227083, -32.742946734689646 ], [ -65.297625371559107, -32.741632141358679 ], [ -65.296085298200339, -32.738711055940684 ], [ -65.294544535223451, -32.738936832471751 ] ] ] } },
{ "type": "Feature", "properties": { "codigo_indec": "740280310" }, "geometry": { "type": "Polygon", "coordinates": [ [ [ -65.375929962902518, -32.919853103137413 ], [ -65.371748608585264, -32.912095855525209 ], [ -65.36948757223189, -32.912873430675816 ], [ -65.371317453249077, -32.916381114573575 ], [ -65.370312792535913, -32.916727707654388 ], [ -65.3711063964505, -32.918260027664452 ], [ -65.372124529600043, -32.917899971064102 ], [ -65.373123105846361, -32.919933732554654 ], [ -65.373817268251585, -32.919657695442289 ], [ -65.374212027939535, -32.920529780489623 ], [ -65.375929962902518, -32.919853103137413 ] ] ] } },
{ "type": "Feature", "properties": { "codigo_indec": "740560312" }, "geometry": { "type": "Polygon", "coordinates": [ [ [ -66.320409469272093, -33.180467667760759 ], [ -66.319717549059149, -33.181853471790852 ], [ -66.32169043031233, -33.182569705516848 ], [ -66.319522224474525, -33.189337622314852 ], [ -66.321203583365929, -33.188729193801301 ], [ -66.323261093128636, -33.189084525347319 ], [ -66.324103435282211, -33.186323304435469 ], [ -66.325653418671223, -33.183560227720157 ], [ -66.320409469272093, -33.180467667760759 ] ] ] } },
{ "type": "Feature", "properties": { "codigo_indec": "740560307" }, "geometry": { "type": "Polygon", "coordinates": [ [ [ -66.314544472108906, -33.173751837359013 ], [ -66.310302955747943, -33.171905088096338 ], [ -66.304281819552855, -33.170806413645437 ], [ -66.304176724236214, -33.172195206856827 ], [ -66.306294659832716, -33.172329770194033 ], [ -66.306179265082093, -33.173831295822943 ], [ -66.310162623915261, -33.174678000947161 ], [ -66.313417562569342, -33.176441584763367 ], [ -66.314544472108906, -33.173751837359013 ] ] ] } },
{ "type": "Feature", "properties": { "codigo_indec": "740560303" }, "geometry": { "type": "Polygon", "coordinates": [ [ [ -66.313617493976011, -33.167100021791939 ], [ -66.315330696249987, -33.167257991763734 ], [ -66.313968002217649, -33.170692202130581 ], [ -66.309032242155752, -33.169545933257808 ], [ -66.30818325784611, -33.171265675017324 ], [ -66.306474393121476, -33.1708325940047 ], [ -66.304281819552855, -33.170806413645437 ], [ -66.309610786983825, -33.171721973527468 ], [ -66.313580633135103, -33.173307953530241 ], [ -66.314714387896245, -33.173296076574395 ], [ -66.315735559287219, -33.171039374943938 ], [ -66.318735715547447, -33.172028050740053 ], [ -66.321033078963083, -33.166968418718746 ], [ -66.319973518678367, -33.168936736301632 ], [ -66.317528366145083, -33.167978233166245 ], [ -66.31755834865136, -33.166630194173855 ], [ -66.313617493976011, -33.167100021791939 ] ] ] } },
{ "type": "Feature", "properties": { "codigo_indec": "740560610" }, "geometry": { "type": "Polygon", "coordinates": [ [ [ -66.348845895491721, -33.283340113240733 ], [ -66.352149506859703, -33.283326290053651 ], [ -66.351817920229436, -33.285630890973707 ], [ -66.352550860099257, -33.285696436476861 ], [ -66.352489186270958, -33.286377341061325 ], [ -66.354204764183606, -33.286530249179577 ], [ -66.354139563054787, -33.286999281801513 ], [ -66.354739185408974, -33.286614379848302 ], [ -66.354908852624547, -33.284770064895113 ], [ -66.355246857540166, -33.284733034211349 ], [ -66.355017973971073, -33.283881648857395 ], [ -66.353270415366964, -33.282439512976943 ], [ -66.349097850975085, -33.281238609442816 ], [ -66.348845895491721, -33.283340113240733 ] ] ] } },
{ "type": "Feature", "properties": { "codigo_indec": "740490417" }, "geometry": { "type": "Polygon", "coordinates": [ [ [ -65.0048769428833, -32.353277932648808 ], [ -64.996229765773265, -32.353281545773086 ], [ -64.99417291878882, -32.362994605539178 ], [ -64.995061602640604, -32.362852908807596 ], [ -64.996966876531758, -32.36373371876514 ], [ -64.998945047467288, -32.363546553428613 ], [ -64.999955229378898, -32.364190273883082 ], [ -65.002355553004193, -32.36377646629419 ], [ -65.003633889929006, -32.364674757549849 ], [ -65.005335298697929, -32.365021822358429 ], [ -65.0048769428833, -32.353277932648808 ] ] ] } },
{ "type": "Feature", "properties": { "codigo_indec": "740490415" }, "geometry": { "type": "Polygon", "coordinates": [ [ [ -65.018214099889121, -32.347629527278116 ], [ -65.01623822346393, -32.348376080286911 ], [ -65.016256397164739, -32.349886592019367 ], [ -65.016997507933965, -32.349869827257649 ], [ -65.01713338654389, -32.351548072918852 ], [ -65.022160614513993, -32.35155107985338 ], [ -65.022586063345429, -32.355945722408649 ], [ -65.028620214718401, -32.355938239996853 ], [ -65.029410433337134, -32.347846927135926 ], [ -65.018214099889121, -32.347629527278116 ] ] ] } },
{ "type": "Feature", "properties": { "codigo_indec": "740561013" }, "geometry": { "type": "Polygon", "coordinates": [ [ [ -66.324390986635009, -33.286755892155824 ], [ -66.320675524224555, -33.286472503413009 ], [ -66.320164546053832, -33.290594267636408 ], [ -66.324059690682773, -33.289339924771035 ], [ -66.324390986635009, -33.286755892155824 ] ] ] } },
{ "type": "Feature", "properties": { "codigo_indec": "740490410" }, "geometry": { "type": "Polygon", "coordinates": [ [ [ -65.007225338761842, -32.341786078675611 ], [ -65.005614039145755, -32.341493856336783 ], [ -65.004336825147064, -32.341975215527953 ], [ -65.001644408193016, -32.341958444271178 ], [ -64.996096620637729, -32.344177712363638 ], [ -64.995744879185523, -32.345008995787559 ], [ -64.996137295500205, -32.347708236607112 ], [ -65.004630368172826, -32.346693489689351 ], [ -65.004509648444213, -32.345592447796271 ], [ -65.007836599939154, -32.345145261039626 ], [ -65.007225338761842, -32.341786078675611 ] ] ] } },
{ "type": "Feature", "properties": { "codigo_indec": "740280105" }, "geometry": { "type": "Polygon", "coordinates": [ [ [ -65.233953120228165, -32.559279387494719 ], [ -65.225686206101059, -32.561036657274499 ], [ -65.226217060000153, -32.562455603500446 ], [ -65.223096192783913, -32.563193785486028 ], [ -65.22340034780558, -32.564349847128327 ], [ -65.226703683937444, -32.563757053562639 ], [ -65.227182490463719, -32.565040419439228 ], [ -65.237017506038882, -32.563301600473558 ], [ -65.237529758419456, -32.565054018392836 ], [ -65.239046176553842, -32.564851306965068 ], [ -65.242828068553479, -32.569391692706503 ], [ -65.243987873746519, -32.569182264956154 ], [ -65.242981536639022, -32.565700131080135 ], [ -65.243814368046046, -32.565430123786967 ], [ -65.240081139527206, -32.559551025571558 ], [ -65.23932911787449, -32.559713292963721 ], [ -65.238724527443338, -32.558807926224638 ], [ -65.233953120228165, -32.559279387494719 ] ] ] } },
{ "type": "Feature", "properties": { "codigo_indec": "740070508" }, "geometry": { "type": "Polygon", "coordinates": [ [ [ -66.10739099470382, -32.596221359438132 ], [ -66.107284960944639, -32.596631739242461 ], [ -66.109960558878839, -32.598157865772016 ], [ -66.109961875097042, -32.599235436966666 ], [ -66.110657440905911, -32.599627080560147 ], [ -66.112380228633356, -32.599400117806901 ], [ -66.115307375922754, -32.601737464664325 ], [ -66.124287308866286, -32.599456532583382 ], [ -66.124570932860209, -32.600416598178803 ], [ -66.127936108108969, -32.599642233982912 ], [ -66.127633725657233, -32.598623582267102 ], [ -66.132191656646469, -32.597694591840003 ], [ -66.139146619129619, -32.598715058063938 ], [ -66.137841007958556, -32.59305811530858 ], [ -66.125565025690221, -32.593296416778109 ], [ -66.12541103731995, -32.59554188968923 ], [ -66.120318276499958, -32.59677773738067 ], [ -66.120472930823667, -32.594933542232233 ], [ -66.113094330464079, -32.597577973981238 ], [ -66.10739099470382, -32.596221359438132 ] ] ] } },
{ "type": "Feature", "properties": { "codigo_indec": "740070413" }, "geometry": { "type": "Polygon", "coordinates": [ [ [ -65.950635197906522, -32.351544431312142 ], [ -65.939635547711717, -32.350047217244963 ], [ -65.934091995431586, -32.354850876446825 ], [ -65.932810199657624, -32.357036991049995 ], [ -65.941101449118904, -32.362523890618085 ], [ -65.937632393653047, -32.36648098542652 ], [ -65.933640715354144, -32.372710161520317 ], [ -65.94755735880679, -32.37859172757183 ], [ -65.951944304249139, -32.372087228524528 ], [ -65.954644058398102, -32.365221266964511 ], [ -65.960514928604596, -32.36407799594901 ], [ -65.960995625085019, -32.358085891312037 ], [ -65.959808358664475, -32.352088749822997 ], [ -65.950635197906522, -32.351544431312142 ] ] ] } },
{ "type": "Feature", "properties": { "codigo_indec": "740350817" }, "geometry": { "type": "Polygon", "coordinates": [ [ [ -65.451937436809104, -33.666424533005362 ], [ -65.448757817089373, -33.667095582007079 ], [ -65.450289737076986, -33.67247121536608 ], [ -65.453553307885656, -33.671768945058318 ], [ -65.451937436809104, -33.666424533005362 ] ] ] } },
{ "type": "Feature", "properties": { "codigo_indec": "740351607" }, "geometry": { "type": "Polygon", "coordinates": [ [ [ -65.192261856717153, -33.860700278140754 ], [ -65.189703399133109, -33.857275748869675 ], [ -65.185045973605654, -33.859277964923351 ], [ -65.18780692358807, -33.862987901097569 ], [ -65.192261856717153, -33.860700278140754 ] ] ] } },
{ "type": "Feature", "properties": { "codigo_indec": "740351409" }, "geometry": { "type": "Polygon", "coordinates": [ [ [ -65.426279578415333, -33.700783759018123 ], [ -65.429021506062995, -33.710235764589285 ], [ -65.431756325584118, -33.709391896954955 ], [ -65.43059262363964, -33.705509843576699 ], [ -65.429936171729807, -33.70568261964398 ], [ -65.429637883099886, -33.704707561041459 ], [ -65.428187635160754, -33.705025417236797 ], [ -65.426863613130791, -33.700547557098552 ], [ -65.426279578415333, -33.700783759018123 ] ] ] } },
{ "type": "Feature", "properties": { "codigo_indec": "740351408" }, "geometry": { "type": "Polygon", "coordinates": [ [ [ -65.435065943961732, -33.701892596422297 ], [ -65.432126812672138, -33.702271298693148 ], [ -65.432622950660758, -33.703918921009894 ], [ -65.429637883099886, -33.704707561041459 ], [ -65.429936171729807, -33.70568261964398 ], [ -65.431411110421266, -33.705301747619423 ], [ -65.431778169699157, -33.70648447646348 ], [ -65.436385219814724, -33.705513869017508 ], [ -65.435065943961732, -33.701892596422297 ] ] ] } },
{ "type": "Feature", "properties": { "codigo_indec": "740351406" }, "geometry": { "type": "Polygon", "coordinates": [ [ [ -65.426279578415333, -33.700783759018123 ], [ -65.428318138215033, -33.70038750821459 ], [ -65.42888266286883, -33.702283390338465 ], [ -65.430429183880392, -33.702488872889894 ], [ -65.430536679788517, -33.702953670601296 ], [ -65.43182974499301, -33.70233754962409 ], [ -65.435065943961732, -33.701892596422297 ], [ -65.433537455476227, -33.697706875171932 ], [ -65.426279578415333, -33.700783759018123 ] ] ] } },
{ "type": "Feature", "properties": { "codigo_indec": "740351306" }, "geometry": { "type": "Polygon", "coordinates": [ [ [ -65.49878134930718, -33.68858098314746 ], [ -65.495724147333235, -33.690371670664021 ], [ -65.500864677229856, -33.696658405462927 ], [ -65.499960797295131, -33.693030468600725 ], [ -65.49878134930718, -33.68858098314746 ] ] ] } },
{ "type": "Feature", "properties": { "codigo_indec": "740351302" }, "geometry": { "type": "Polygon", "coordinates": [ [ [ -65.499956664712272, -33.678844343024913 ], [ -65.494190895680362, -33.682386565922812 ], [ -65.491939686409538, -33.684680826599255 ], [ -65.49347990907296, -33.690989077319244 ], [ -65.495740351009587, -33.690367228978012 ], [ -65.500052751504128, -33.687860375143181 ], [ -65.501399665394331, -33.687599856133865 ], [ -65.499956664712272, -33.678844343024913 ] ] ] } },
{ "type": "Feature", "properties": { "codigo_indec": "740351214" }, "geometry": { "type": "Polygon", "coordinates": [ [ [ -65.458704719068109, -33.693289363499076 ], [ -65.461441538341759, -33.701501012919401 ], [ -65.463698270213541, -33.701123159566606 ], [ -65.466287089567572, -33.699804569728371 ], [ -65.46410726577804, -33.692145392511449 ], [ -65.458704719068109, -33.693289363499076 ] ] ] } },
{ "type": "Feature", "properties": { "codigo_indec": "740351203" }, "geometry": { "type": "Polygon", "coordinates": [ [ [ -65.452644091663615, -33.688056150522357 ], [ -65.44948800125961, -33.688718300164354 ], [ -65.447249716556499, -33.689204165930555 ], [ -65.447532380356392, -33.690116006176353 ], [ -65.449608629006121, -33.689674491847306 ], [ -65.449762795727111, -33.690022279295725 ], [ -65.4499383100015, -33.689558757058279 ], [ -65.45290237219443, -33.688994917760603 ], [ -65.452644091663615, -33.688056150522357 ] ] ] } },
{ "type": "Feature", "properties": { "codigo_indec": "740351112" }, "geometry": { "type": "Polygon", "coordinates": [ [ [ -65.485034988351501, -33.681961077911986 ], [ -65.477618673552897, -33.68366996697403 ], [ -65.478400792237608, -33.686305834503329 ], [ -65.480565823137397, -33.685855157419226 ], [ -65.481943057469636, -33.690431861789158 ], [ -65.483341347778165, -33.689261177505571 ], [ -65.484623408056578, -33.689036633129561 ], [ -65.486574435003462, -33.686493332198644 ], [ -65.485034988351501, -33.681961077911986 ] ] ] } },
{ "type": "Feature", "properties": { "codigo_indec": "740351107" }, "geometry": { "type": "Polygon", "coordinates": [ [ [ -65.46812244774118, -33.682899192665744 ], [ -65.46492599607177, -33.683597627662579 ], [ -65.466217425607113, -33.687957757912024 ], [ -65.469365582185603, -33.687245559998182 ], [ -65.46812244774118, -33.682899192665744 ] ] ] } },
{ "type": "Feature", "properties": { "codigo_indec": "740351016" }, "geometry": { "type": "Polygon", "coordinates": [ [ [ -65.477373444779261, -33.675185215937908 ], [ -65.469861100715804, -33.676798573250124 ], [ -65.470666881629555, -33.679484178523971 ], [ -65.478174108374603, -33.67786173684928 ], [ -65.477373444779261, -33.675185215937908 ] ] ] } },
{ "type": "Feature", "properties": { "codigo_indec": "740351014" }, "geometry": { "type": "Polygon", "coordinates": [ [ [ -65.467315914450964, -33.676408972307101 ], [ -65.465169869814886, -33.676868516622356 ], [ -65.466250305052796, -33.680456901185956 ], [ -65.468377617885608, -33.679988242614385 ], [ -65.467315914450964, -33.676408972307101 ] ] ] } },
{ "type": "Feature", "properties": { "codigo_indec": "740351006" }, "geometry": { "type": "Polygon", "coordinates": [ [ [ -65.482582443232516, -33.667417611213104 ], [ -65.477727269287882, -33.668384405295498 ], [ -65.478225483339344, -33.670248241605876 ], [ -65.473939153297692, -33.671172207245995 ], [ -65.4741631781243, -33.672011615670861 ], [ -65.483364438644855, -33.670075992853761 ], [ -65.482582443232516, -33.667417611213104 ] ] ] } },
{ "type": "Feature", "properties": { "codigo_indec": "740350916" }, "geometry": { "type": "Polygon", "coordinates": [ [ [ -65.454218715139348, -33.685917399860486 ], [ -65.448930130985076, -33.686989324441953 ], [ -65.44948800125961, -33.688718300164354 ], [ -65.454720151862944, -33.687632580114233 ], [ -65.454218715139348, -33.685917399860486 ] ] ] } },
{ "type": "Feature", "properties": { "codigo_indec": "740350813" }, "geometry": { "type": "Polygon", "coordinates": [ [ [ -65.446835407142189, -33.664643755309243 ], [ -65.447659086557778, -33.667352130450737 ], [ -65.451937436809104, -33.666424533005362 ], [ -65.451175567674341, -33.663725475369034 ], [ -65.446835407142189, -33.664643755309243 ] ] ] } },
{ "type": "Feature", "properties": { "codigo_indec": "740350810" }, "geometry": { "type": "Polygon", "coordinates": [ [ [ -65.444781695907878, -33.661249173911465 ], [ -65.439485727343452, -33.662428860935584 ], [ -65.440962992922024, -33.667817885769736 ], [ -65.442026445093262, -33.667601808119173 ], [ -65.441458626642614, -33.665787100974875 ], [ -65.44473534487183, -33.665107660256758 ], [ -65.443970958989752, -33.66241756331123 ], [ -65.445066825960268, -33.662179065588674 ], [ -65.444781695907878, -33.661249173911465 ] ] ] } },
{ "type": "Feature", "properties": { "codigo_indec": "740350809" }, "geometry": { "type": "Polygon", "coordinates": [ [ [ -65.446817092548145, -33.660766946693556 ], [ -65.444781695907878, -33.661249173911465 ], [ -65.445066825960268, -33.662179065588674 ], [ -65.443970958989752, -33.66241756331123 ], [ -65.44473534487183, -33.665107660256758 ], [ -65.450077173817562, -33.663936969007459 ], [ -65.449336544075308, -33.661301103422957 ], [ -65.447085725174375, -33.661750853940106 ], [ -65.446817092548145, -33.660766946693556 ] ] ] } },
{ "type": "Feature", "properties": { "codigo_indec": "740350803" }, "geometry": { "type": "Polygon", "coordinates": [ [ [ -65.430251653597239, -33.650918746781151 ], [ -65.431853973263102, -33.651516645811476 ], [ -65.437952724169989, -33.653618122727089 ], [ -65.436568046327139, -33.64897326584331 ], [ -65.433564747262508, -33.649550067930249 ], [ -65.430251653597239, -33.650918746781151 ] ] ] } },
{ "type": "Feature", "properties": { "codigo_indec": "740350706" }, "geometry": { "type": "Polygon", "coordinates": [ [ [ -65.460488247983818, -33.660719182979271 ], [ -65.459418955878391, -33.657148819381064 ], [ -65.45412779578534, -33.658491439886816 ], [ -65.453514626758462, -33.658276862853874 ], [ -65.453847281369491, -33.66023022176573 ], [ -65.462303063958885, -33.663183856030827 ], [ -65.461755172885972, -33.661134918292333 ], [ -65.460488247983818, -33.660719182979271 ] ] ] } },
{ "type": "Feature", "properties": { "codigo_indec": "740350702" }, "geometry": { "type": "Polygon", "coordinates": [ [ [ -65.46042036014164, -33.645252512695272 ], [ -65.454011216338898, -33.646648852644482 ], [ -65.457009381628481, -33.656723538707666 ], [ -65.459163079563226, -33.656259657744521 ], [ -65.459693591044342, -33.658056093697581 ], [ -65.464065771421062, -33.657114958341388 ], [ -65.46042036014164, -33.645252512695272 ] ] ] } },
{ "type": "Feature", "properties": { "codigo_indec": "740070402" }, "geometry": { "type": "Polygon", "coordinates": [ [ [ -65.822923384121935, -32.218417543230984 ], [ -65.802806799556066, -32.220204865077619 ], [ -65.803278168793483, -32.227915872008431 ], [ -65.806952484577749, -32.227479662231239 ], [ -65.811405714170817, -32.233857499828424 ], [ -65.81222931417787, -32.235784036973918 ], [ -65.824065043353215, -32.234263524219386 ], [ -65.823980688018054, -32.227112245579242 ], [ -65.82472106988557, -32.226901354670389 ], [ -65.822923384121935, -32.218417543230984 ] ] ] } },
{ "type": "Feature", "properties": { "codigo_indec": "740210308" }, "geometry": { "type": "Polygon", "coordinates": [ [ [ -65.635287160655054, -33.051152439541632 ], [ -65.622525621976465, -33.052854682767055 ], [ -65.62222664608683, -33.055797701350052 ], [ -65.620977196641093, -33.055654153569023 ], [ -65.620521792846276, -33.063222207523204 ], [ -65.618775950313477, -33.063320574242852 ], [ -65.629941134929183, -33.064125121592731 ], [ -65.638120214048485, -33.061340449042028 ], [ -65.638512613011883, -33.060958381082891 ], [ -65.635287160655054, -33.051152439541632 ] ] ] } },
{ "type": "Feature", "properties": { "codigo_indec": "740210113" }, "geometry": { "type": "Polygon", "coordinates": [ [ [ -66.149588580143387, -33.190000446064715 ], [ -66.151360301570421, -33.1929151357078 ], [ -66.153101752889086, -33.193774079520274 ], [ -66.154851217118164, -33.193073138471199 ], [ -66.15699020215375, -33.194328257526855 ], [ -66.158226003176352, -33.192753317712416 ], [ -66.153080087887176, -33.185943291435308 ], [ -66.151095711713907, -33.18558956444457 ], [ -66.148659402404377, -33.185885533483727 ], [ -66.151082820110105, -33.18901133659471 ], [ -66.149588580143387, -33.190000446064715 ] ] ] } },
{ "type": "Feature", "properties": { "codigo_indec": "740350818" }, "geometry": { "type": "Polygon", "coordinates": [ [ [ -65.448757817089373, -33.667095582007079 ], [ -65.445513283609984, -33.667793304566423 ], [ -65.447074607531988, -33.67317812365264 ], [ -65.450289737076986, -33.67247121536608 ], [ -65.448757817089373, -33.667095582007079 ] ] ] } },
{ "type": "Feature", "properties": { "codigo_indec": "740210102" }, "geometry": { "type": "Polygon", "coordinates": [ [ [ -66.096267666098896, -32.810077619618305 ], [ -66.094287217730198, -32.810331603673504 ], [ -66.091456079005368, -32.808832366317802 ], [ -66.089702221643407, -32.808766007211496 ], [ -66.088444412784966, -32.808234896463972 ], [ -66.086869937532626, -32.805959194928839 ], [ -66.085245859857594, -32.804765552318585 ], [ -66.084357265767991, -32.805054699603318 ], [ -66.08656105936042, -32.809498598434381 ], [ -66.086011777460698, -32.81013918683233 ], [ -66.089469574104314, -32.811020433703028 ], [ -66.091226234822727, -32.813787396336807 ], [ -66.090260296459618, -32.816858395885333 ], [ -66.091387198875935, -32.817168665926566 ], [ -66.094082204198045, -32.815904285540455 ], [ -66.095521541022379, -32.813802227145317 ], [ -66.09731728528557, -32.813016362292842 ], [ -66.096464502022101, -32.811898909777966 ], [ -66.096267666098896, -32.810077619618305 ] ] ] } },
{ "type": "Feature", "properties": { "codigo_indec": "740210307" }, "geometry": { "type": "Polygon", "coordinates": [ [ [ -65.608042732821673, -33.052075162236761 ], [ -65.607679648789698, -33.056690522690673 ], [ -65.61889877813077, -33.057802789735447 ], [ -65.618805352353434, -33.058983679400505 ], [ -65.617991898961705, -33.058909057863509 ], [ -65.617904086226744, -33.060026847570214 ], [ -65.620826148840749, -33.060292738120069 ], [ -65.621193017807684, -33.053387131561848 ], [ -65.608042732821673, -33.052075162236761 ] ] ] } },
{ "type": "Feature", "properties": { "codigo_indec": "740351611" }, "geometry": { "type": "Polygon", "coordinates": [ [ [ -65.188946911579322, -33.862427452448522 ], [ -65.179960467293, -33.867037841802933 ], [ -65.184733459185779, -33.87339814646122 ], [ -65.193703058542596, -33.868899996341113 ], [ -65.188946911579322, -33.862427452448522 ] ] ] } },
{ "type": "Feature", "properties": { "codigo_indec": "740561602" }, "geometry": { "type": "Polygon", "coordinates": [ [ [ -66.117339517117315, -33.432055364687571 ], [ -66.081141378313134, -33.791443679804495 ], [ -66.115971995009332, -33.810767837373902 ], [ -66.118676023781546, -33.813614188941536 ], [ -66.121325795194224, -33.821892414072671 ], [ -66.127754910312674, -33.825086446750305 ], [ -66.138049554640361, -33.831904634947534 ], [ -66.141164999951556, -33.841011313101184 ], [ -66.143818710445046, -33.843388347047387 ], [ -66.149140671256092, -33.843819277450763 ], [ -66.153558857547324, -33.841821421502381 ], [ -66.159813913111222, -33.837129902182859 ], [ -66.166604419148854, -33.833149568718667 ], [ -66.1704835087357, -33.833522919449585 ], [ -66.177429965939723, -33.836123118270145 ], [ -66.181146325788632, -33.836090668018741 ], [ -66.189715407137498, -33.830817215124561 ], [ -66.192462190194689, -33.829677000393879 ], [ -66.196180654969751, -33.829508861110057 ], [ -66.201995914698784, -33.829801493333605 ], [ -66.21266755553772, -33.83137930124321 ], [ -66.215803290159769, -33.832523334134535 ], [ -66.218479128912549, -33.834398360599707 ], [ -66.221399991004731, -33.842218625677027 ], [ -66.22189344909205, -33.860699523244612 ], [ -66.226839902719078, -33.867740628700346 ], [ -66.237806461541126, -33.879291310970004 ], [ -66.246259890496717, -33.893676885126609 ], [ -66.248586846241039, -33.895515868520199 ], [ -66.25314154103765, -33.896615492285378 ], [ -66.258323827281117, -33.898750406934482 ], [ -66.263144465818044, -33.898339017992051 ], [ -66.267177476449817, -33.895855603028842 ], [ -66.269863344810204, -33.890490075150716 ], [ -66.27128140557997, -33.889382570182462 ], [ -66.271983678168723, -33.887555395839243 ], [ -66.271874362913636, -33.885468562617191 ], [ -66.270421214633046, -33.883141268020822 ], [ -66.269099197865415, -33.878658976069865 ], [ -66.275514815931103, -33.869575248917833 ], [ -66.280655018267211, -33.869090339098555 ], [ -66.284460418265041, -33.869419694630508 ], [ -66.295577464808673, -33.871363411806087 ], [ -66.299649632407551, -33.872985375155778 ], [ -66.304254455626761, -33.876183592385523 ], [ -66.310628756723915, -33.882879684245083 ], [ -66.313032475350099, -33.883982499526304 ], [ -66.316810796447427, -33.884085535971444 ], [ -66.320648093027614, -33.883336344998092 ], [ -66.324630551805726, -33.881689616977752 ], [ -66.329064487776677, -33.881542624750317 ], [ -66.332990676326432, -33.879386405241078 ], [ -66.333958837571316, -33.87819374822498 ], [ -66.322340172632863, -33.842460345583753 ], [ -66.283883208307643, -33.73562561164119 ], [ -66.278698364877755, -33.722334803611119 ], [ -66.275887782536131, -33.720655181649931 ], [ -66.281443260568892, -33.714597630796113 ], [ -66.281030596265538, -33.712110239737754 ], [ -66.281147588622986, -33.707457874434191 ], [ -66.282331606418552, -33.70419149017679 ], [ -66.288450014703855, -33.694354740807036 ], [ -66.288240458020468, -33.675196803177215 ], [ -66.290403485511888, -33.67147274424768 ], [ -66.295000828206142, -33.6678555567293 ], [ -66.294147973265211, -33.65883732180297 ], [ -66.294359633308545, -33.644213228083615 ], [ -66.302314355186965, -33.559147551608639 ], [ -66.303499888182131, -33.540941505265558 ], [ -66.303671873235032, -33.524694347953414 ], [ -66.225397467363464, -33.525019301188671 ], [ -66.222952521355381, -33.514001679910727 ], [ -66.221499515117415, -33.504514942071346 ], [ -66.218626681605159, -33.497289199076214 ], [ -66.211734354025111, -33.494086954744603 ], [ -66.208785268368558, -33.491594518100989 ], [ -66.207468924440164, -33.485592047958029 ], [ -66.206350782585062, -33.472349334768182 ], [ -66.210518483207053, -33.464106150083872 ], [ -66.210103507980392, -33.455960827214298 ], [ -66.194130546466951, -33.455946293099615 ], [ -66.187435483038215, -33.457502854127746 ], [ -66.184898756390083, -33.460874170886086 ], [ -66.169466687099629, -33.460129858238538 ], [ -66.156817748818355, -33.460655911727578 ], [ -66.156561371797167, -33.446685791379274 ], [ -66.151861504841534, -33.446736716672902 ], [ -66.149581828901901, -33.442267495553445 ], [ -66.146481991851672, -33.439156126725543 ], [ -66.1432895830647, -33.433565350312541 ], [ -66.140755006400283, -33.425575448076316 ], [ -66.117339517117315, -33.432055364687571 ] ] ] } },
{ "type": "Feature", "properties": { "codigo_indec": "740561702" }, "geometry": { "type": "Polygon", "coordinates": [ [ [ -66.747344661073541, -33.398673420498682 ], [ -66.764669677834576, -33.486697407411675 ], [ -66.775885935230164, -33.540280116160673 ], [ -66.789871650722915, -33.541503469612337 ], [ -66.798936813747531, -33.540611364333337 ], [ -66.804353903739369, -33.54369570334719 ], [ -66.805608456710615, -33.560542246077922 ], [ -66.805684918618084, -33.644931767557381 ], [ -66.80851886872378, -33.648285057356077 ], [ -66.823381840826087, -33.65145506864723 ], [ -66.826552507552336, -33.653286586681453 ], [ -66.829445297834994, -33.65591775380414 ], [ -66.8322539935386, -33.657634349315899 ], [ -66.835656125900258, -33.658274031822181 ], [ -66.84539784429073, -33.658122144397069 ], [ -66.858874240725527, -33.655716787687567 ], [ -66.862623833067616, -33.654433027867988 ], [ -66.865938083741312, -33.650325870412516 ], [ -66.866818079498373, -33.639983512007397 ], [ -66.871136976393785, -33.633768567783811 ], [ -66.875227255419972, -33.631116191286878 ], [ -66.87620547566803, -33.629270113444669 ], [ -66.873248921865041, -33.62410714211309 ], [ -66.873620901041264, -33.619587770739344 ], [ -66.878271463883749, -33.616737503209684 ], [ -66.883094578172859, -33.609441207060506 ], [ -66.885192372470428, -33.602267930158284 ], [ -66.8855109070265, -33.598384487645731 ], [ -66.880370672925096, -33.587913615677927 ], [ -66.880293995039509, -33.584871429307171 ], [ -66.881548870306446, -33.581161630894805 ], [ -66.885092014853086, -33.575037348145216 ], [ -66.886396926469942, -33.569406834603591 ], [ -66.891016860343839, -33.558631665971909 ], [ -66.890107227096209, -33.54054851898178 ], [ -66.885613842351276, -33.536208189149789 ], [ -66.881627486762639, -33.527951318355925 ], [ -66.882314217005487, -33.51766414678486 ], [ -66.885404753545913, -33.511732368493703 ], [ -66.886408393215902, -33.500915474379376 ], [ -66.878782214167089, -33.489285540311435 ], [ -66.875378443473096, -33.466725401600797 ], [ -66.876147301930757, -33.45921441471237 ], [ -66.875947842394581, -33.451412742207459 ], [ -66.878632226172854, -33.426172289480235 ], [ -66.834003040232119, -33.416324132185537 ], [ -66.747344661073541, -33.398673420498682 ] ] ] } },
{ "type": "Feature", "properties": { "codigo_indec": "740490102" }, "geometry": { "type": "Polygon", "coordinates": [ [ [ -65.490397759710831, -32.038622488931786 ], [ -65.472107312020142, -31.967756109552067 ], [ -65.343657171516583, -32.026350784792804 ], [ -65.338610865088654, -32.029250876092668 ], [ -65.33615757251205, -32.033656824985911 ], [ -65.329879591676431, -32.035513049369534 ], [ -65.353717113668765, -32.045037944272345 ], [ -65.374127015048813, -32.054442307211239 ], [ -65.407709109259059, -32.066800390323358 ], [ -65.411264145129408, -32.069378038407088 ], [ -65.412333421786414, -32.070677069647971 ], [ -65.432558024982512, -32.082830687883103 ], [ -65.454752580135889, -32.097298165882492 ], [ -65.465267764276632, -32.102604931496636 ], [ -65.466721808963413, -32.102611061969448 ], [ -65.494777820237204, -32.115229395031747 ], [ -65.492451385983514, -32.092359709830589 ], [ -65.495701568501929, -32.088855700326583 ], [ -65.496753028910149, -32.085451104583669 ], [ -65.492728761353916, -32.065636163384383 ], [ -65.492116189462038, -32.059587167730015 ], [ -65.491090431005205, -32.058374646090108 ], [ -65.489851654749174, -32.048801598513954 ], [ -65.490642457399375, -32.04605429422547 ], [ -65.490397759710831, -32.038622488931786 ] ], [ [ -65.378222077711172, -32.030578523991331 ], [ -65.367263319033398, -32.029748775770273 ], [ -65.367952176590151, -32.02038709332632 ], [ -65.379647491557904, -32.020525997890573 ], [ -65.378222077711172, -32.030578523991331 ] ] ] } },
{ "type": "Feature", "properties": { "codigo_indec": "740420307" }, "geometry": { "type": "Polygon", "coordinates": [ [ [ -65.53311335810406, -35.375998200454312 ], [ -65.422129486261511, -35.378839731586773 ], [ -65.37273250021039, -35.375727222516964 ], [ -65.374149471116766, -35.433391069818157 ], [ -65.372998054340002, -35.480676174870226 ], [ -65.258262079524812, -35.483270134092301 ], [ -65.26032982145891, -35.550685176434463 ], [ -65.259768542487976, -35.579941609393366 ], [ -65.261209240417756, -35.583740297994012 ], [ -65.293069535966623, -35.596621300466524 ], [ -65.317481784242474, -35.607595330751408 ], [ -65.341760692311979, -35.61612576183424 ], [ -65.37229573366244, -35.628852458324154 ], [ -65.375121636461003, -35.708940148273086 ], [ -65.639059462896441, -35.703333654688002 ], [ -65.642367341462531, -35.614499915430727 ], [ -65.642412019692387, -35.585852604582584 ], [ -65.699592966294276, -35.537838943678835 ], [ -65.737963179133715, -35.538054599403459 ], [ -65.737610478607721, -35.422717868052963 ], [ -65.724422740050201, -35.407082171468161 ], [ -65.704393996821977, -35.390626285044711 ], [ -65.678156229735734, -35.371978486321119 ], [ -65.650717591692739, -35.371848211772544 ], [ -65.53311335810406, -35.375998200454312 ] ], [ [ -65.415728957508918, -35.681254500134152 ], [ -65.415295680000497, -35.667206141164158 ], [ -65.423985188382915, -35.667175920630598 ], [ -65.423959012070313, -35.6700508431245 ], [ -65.429861208884532, -35.670236656699458 ], [ -65.430237043521984, -35.681071678841612 ], [ -65.415728957508918, -35.681254500134152 ] ] ] } },
{ "type": "Feature", "properties": { "codigo_indec": "740420303" }, "geometry": { "type": "Polygon", "coordinates": [ [ [ -65.382399050876089, -35.117600320210379 ], [ -65.359719123788452, -35.115125618473435 ], [ -65.360171822952992, -35.13859453696417 ], [ -65.373934965421498, -35.143515655039288 ], [ -65.37273250021039, -35.375727222516964 ], [ -65.422129486261511, -35.378839731586773 ], [ -65.53311335810406, -35.375998200454312 ], [ -65.529621761155965, -35.286830203827748 ], [ -65.527470970499323, -35.144986809988872 ], [ -65.561579577461998, -35.14448857836927 ], [ -65.561447188185085, -35.133879165604121 ], [ -65.519321927273708, -35.132583701819946 ], [ -65.506411945754706, -35.13147272121018 ], [ -65.480408523315887, -35.12893939197744 ], [ -65.395327123897857, -35.119067098470524 ], [ -65.391319218490992, -35.127325917878743 ], [ -65.389448462606694, -35.128452205410575 ], [ -65.385260315949495, -35.137192117884034 ], [ -65.374311980576309, -35.133323395383243 ], [ -65.377289950574877, -35.127317742910947 ], [ -65.375273591108581, -35.126653890173188 ], [ -65.376483238731808, -35.124122828591666 ], [ -65.37873469026637, -35.124882507886987 ], [ -65.382399050876089, -35.117600320210379 ] ] ] } },
{ "type": "Feature", "properties": { "codigo_indec": "740351804" }, "geometry": { "type": "Polygon", "coordinates": [ [ [ -66.054896128750244, -34.357044866670989 ], [ -65.990398791103175, -34.35964404203817 ], [ -65.922806610149536, -34.360242099719528 ], [ -65.903997610185272, -34.353535317551156 ], [ -65.90287369157852, -34.35260140044241 ], [ -65.882068436823303, -34.345709347990301 ], [ -65.797698788489427, -34.345779310098585 ], [ -65.797511644803592, -34.333203365150474 ], [ -65.761014908156753, -34.340024876445028 ], [ -65.607657161068914, -34.371054810346017 ], [ -65.566669595483461, -34.379750931305196 ], [ -65.453115509456467, -34.401314297625376 ], [ -65.453657562465125, -34.464274172101319 ], [ -65.453328993269892, -34.483784514588947 ], [ -65.566116871834168, -34.484142348101763 ], [ -65.566261381865132, -34.545035547659111 ], [ -65.626363990716527, -34.545274808173964 ], [ -65.737861255027227, -34.543798230154444 ], [ -65.798502877142013, -34.544125191894622 ], [ -65.801009903189595, -34.541267201294417 ], [ -65.812984715139351, -34.53407452453866 ], [ -65.843512684803557, -34.517760599343099 ], [ -65.862497564877728, -34.516413234282879 ], [ -65.874003376004083, -34.512887433935724 ], [ -65.886321732818686, -34.503709176342227 ], [ -65.893813300196982, -34.501602001131879 ], [ -65.893344798618458, -34.629859520048193 ], [ -65.962330205599656, -34.629134110189689 ], [ -66.007516563452768, -34.629721123140975 ], [ -66.008687937100902, -34.672800635176102 ], [ -66.059235370114465, -34.671664270564705 ], [ -66.054896128750244, -34.357044866670989 ] ] ] } },
{ "type": "Feature", "properties": { "codigo_indec": "740351801" }, "geometry": { "type": "Polygon", "coordinates": [ [ [ -65.630789778527756, -34.182815861987422 ], [ -65.568383028538761, -34.195287225200559 ], [ -65.568838874919877, -34.196316530076871 ], [ -65.528751120117818, -34.204115735711987 ], [ -65.527278001976612, -34.200265212249199 ], [ -65.525706047564654, -34.198104582499255 ], [ -65.522488506926507, -34.198227324642041 ], [ -65.517669581222535, -34.202350819686771 ], [ -65.497182693121587, -34.205919586374947 ], [ -65.504298940487558, -34.231208205032097 ], [ -65.512749020240349, -34.23441529962502 ], [ -65.521590801975265, -34.244285310466573 ], [ -65.525004492386103, -34.255449929103804 ], [ -65.52462639230167, -34.266694444170284 ], [ -65.522516551089254, -34.274970843177449 ], [ -65.51842677365768, -34.287093244478719 ], [ -65.518208491710595, -34.306780619201362 ], [ -65.520533096224753, -34.313018925706878 ], [ -65.48211437176262, -34.321922299583505 ], [ -65.451672021323077, -34.328271346293 ], [ -65.448830579675146, -34.358994054189274 ], [ -65.452880923126557, -34.376360862760407 ], [ -65.453115509456467, -34.401314297625376 ], [ -65.566669595483461, -34.379750931305196 ], [ -65.607657161068914, -34.371054810346017 ], [ -65.761014908156753, -34.340024876445028 ], [ -65.797511644803592, -34.333203365150474 ], [ -65.797698788489427, -34.345779310098585 ], [ -65.882068436823303, -34.345709347990301 ], [ -65.90287369157852, -34.35260140044241 ], [ -65.903997610185272, -34.353535317551156 ], [ -65.922806610149536, -34.360242099719528 ], [ -65.990398791103175, -34.35964404203817 ], [ -66.054896128750244, -34.357044866670989 ], [ -66.054364735504109, -34.304209215865583 ], [ -66.053858136319789, -34.293409623331414 ], [ -65.985602626454963, -34.293898403340009 ], [ -65.906950989929626, -34.292380969502695 ], [ -65.870521528645952, -34.290297004329531 ], [ -65.842167343952013, -34.284800745830609 ], [ -65.839906624625726, -34.292857111291283 ], [ -65.827533168145933, -34.29781652366151 ], [ -65.825499379415461, -34.28722117503694 ], [ -65.794964930079402, -34.188243914948927 ], [ -65.772075803607152, -34.188996852449215 ], [ -65.761527996959146, -34.193993654287965 ], [ -65.731235474744381, -34.204081906515349 ], [ -65.64207727238815, -34.22116735222518 ], [ -65.630789778527756, -34.182815861987422 ] ] ] } },
{ "type": "Feature", "properties": { "codigo_indec": "740350605" }, "geometry": { "type": "Polygon", "coordinates": [ [ [ -65.603148173827236, -33.796804934079411 ], [ -65.538869031950725, -33.80451956468255 ], [ -65.556202755940092, -33.869733276923967 ], [ -65.564521510298306, -33.868230332641637 ], [ -65.578360175863523, -33.9133418288908 ], [ -65.554298076186228, -33.91801720316019 ], [ -65.567245178780837, -33.962319498270944 ], [ -65.570533176924314, -33.965229424028998 ], [ -65.575754340488871, -33.965648711335099 ], [ -65.579334662685142, -33.971354141555942 ], [ -65.572715996007418, -33.978764417311972 ], [ -65.608249561755287, -34.106280557017762 ], [ -65.64207727238815, -34.22116735222518 ], [ -65.731235474744381, -34.204081906515349 ], [ -65.761527996959146, -34.193993654287965 ], [ -65.772075803607152, -34.188996852449215 ], [ -65.794964930079402, -34.188243914948927 ], [ -65.7817683653508, -34.139643570275524 ], [ -65.737898754211443, -33.992772596947511 ], [ -65.722633587356896, -33.936587180861274 ], [ -65.734657313138825, -33.90994165184275 ], [ -65.733181786031707, -33.896789478369044 ], [ -65.730797631051004, -33.882255915324713 ], [ -65.671323617426324, -33.894494311991458 ], [ -65.665978141126104, -33.870787394830536 ], [ -65.658032632743456, -33.844783048885319 ], [ -65.652198433591536, -33.823372965058851 ], [ -65.613535290653786, -33.831272636466494 ], [ -65.609587273753846, -33.815726508622845 ], [ -65.603148173827236, -33.796804934079411 ] ] ] } },
{ "type": "Feature", "properties": { "codigo_indec": "740280303" }, "geometry": { "type": "Polygon", "coordinates": [ [ [ -65.261905625095253, -32.708528900488403 ], [ -65.255984291217231, -32.715851673756823 ], [ -65.253390182433407, -32.720601663320011 ], [ -65.253449628318208, -32.724028420401694 ], [ -65.250539084238156, -32.724159833892905 ], [ -65.249365570963633, -32.727358300826673 ], [ -65.249587939498809, -32.73264800640068 ], [ -65.25079326471419, -32.735856190810225 ], [ -65.249304507617708, -32.745459214991655 ], [ -65.249918744269493, -32.747599877159871 ], [ -65.246988563625919, -32.75155871775511 ], [ -65.246126735426103, -32.75379871986393 ], [ -65.24646023685915, -32.756961113175578 ], [ -65.238359426691062, -32.773119794770075 ], [ -65.236776659817508, -32.774742196355625 ], [ -65.23708124371835, -32.781574245085309 ], [ -65.234155540413141, -32.785122515288592 ], [ -65.232298123898701, -32.79041298750532 ], [ -65.231914184946461, -32.793165245533068 ], [ -65.220303642727472, -32.795744416238804 ], [ -65.21717136638965, -32.81085490496185 ], [ -65.212715997788067, -32.813302049688048 ], [ -65.210874744803334, -32.81866439938085 ], [ -65.214796453779016, -32.849291596556945 ], [ -65.220910881567605, -32.881176516046992 ], [ -65.22962031892888, -32.916922595897397 ], [ -65.241871627040211, -32.914053593315238 ], [ -65.246699163959278, -32.913609408379259 ], [ -65.25121342046252, -32.912279535678245 ], [ -65.280096765822492, -32.906665055440854 ], [ -65.282651686128119, -32.903650158783357 ], [ -65.292784059489378, -32.902021775196573 ], [ -65.306787493035515, -32.898727977148582 ], [ -65.325450467217664, -32.895687748942514 ], [ -65.346788302190632, -32.890972605090681 ], [ -65.347603188294855, -32.891702702255188 ], [ -65.328737711978491, -32.858723479353891 ], [ -65.292758284185624, -32.793834696251544 ], [ -65.284375862160132, -32.765776406174176 ], [ -65.280162909160808, -32.754521824635987 ], [ -65.27189198224265, -32.727437049057038 ], [ -65.270240848675471, -32.723550199150388 ], [ -65.261905625095253, -32.708528900488403 ] ] ] } },
{ "type": "Feature", "properties": { "codigo_indec": "740210202" }, "geometry": { "type": "Polygon", "coordinates": [ [ [ -66.00490965778512, -32.965845962912532 ], [ -66.002799530741967, -32.957672275747449 ], [ -65.999438520039249, -32.952848299203097 ], [ -65.997355715014194, -32.952235127443849 ], [ -65.989487095535154, -32.951671160644153 ], [ -65.986123752973413, -32.950742097781074 ], [ -65.983503133218662, -32.953122224874058 ], [ -65.980265080296064, -32.953910728599176 ], [ -65.979172131491694, -32.95129566801981 ], [ -65.975405281583321, -32.950041642361128 ], [ -65.964095882975187, -32.949908160036699 ], [ -65.954207030255446, -32.948187218423641 ], [ -65.951646749574778, -32.951256488377588 ], [ -65.946226859218612, -32.951867418253947 ], [ -65.943261133797208, -32.952821891351412 ], [ -65.932157061284386, -32.953010216993924 ], [ -65.928331373030247, -32.94588477708708 ], [ -65.929622633565501, -32.942562802569185 ], [ -65.927552981905066, -32.939820496681747 ], [ -65.924998601158492, -32.938263582140337 ], [ -65.923750399345366, -32.934895030076838 ], [ -65.920506804272435, -32.94202985010682 ], [ -65.921766789696576, -32.94717024799705 ], [ -65.919964462439268, -32.953503435444112 ], [ -65.911165700652219, -32.955684070529955 ], [ -65.89830215252114, -32.955602126712932 ], [ -65.892491252697027, -32.958424036158291 ], [ -65.88788778542596, -32.959786038203987 ], [ -65.884252548746971, -32.964944850580757 ], [ -65.884001325581735, -32.968930047725571 ], [ -65.881531011489841, -32.970451569338323 ], [ -65.874330768628113, -32.971287603470365 ], [ -65.872473615386738, -32.975852729866276 ], [ -65.874156002926725, -32.981377221626218 ], [ -65.874035108168258, -32.983640313155433 ], [ -65.84870510272647, -32.978057853658726 ], [ -65.844422218792971, -32.978661224849965 ], [ -65.839759527240517, -32.977767175640764 ], [ -65.836887210497622, -32.979192617808565 ], [ -65.833324797982456, -32.979178897297992 ], [ -65.830739179283228, -32.980252925273028 ], [ -65.830413648092602, -32.981253346412764 ], [ -65.826514539589425, -32.981045113016542 ], [ -65.824624158451385, -32.98212899449203 ], [ -65.823604580219353, -32.983755086762542 ], [ -65.821611969851133, -32.985086738820087 ], [ -65.820161785541629, -32.985337128377161 ], [ -65.8189984352327, -32.986579762062448 ], [ -65.814312860867005, -32.993984662965431 ], [ -65.811441509870861, -32.994516856753904 ], [ -65.820315468099068, -33.001892123196285 ], [ -65.828008912927416, -33.006230998297958 ], [ -65.832350048381144, -33.006710283062674 ], [ -65.836572104792268, -33.00650398842923 ], [ -65.840232701219747, -33.007572703151872 ], [ -65.842602544974397, -33.009374554206211 ], [ -65.846571090833407, -33.018121221754917 ], [ -65.848192580852825, -33.024349254172748 ], [ -65.85038410856815, -33.027521277879799 ], [ -65.852645109996132, -33.034065593763309 ], [ -65.855264065137831, -33.039591390968432 ], [ -65.855790909071814, -33.043117530190571 ], [ -65.856949668357501, -33.046513649426196 ], [ -65.857593740421535, -33.047118504591069 ], [ -65.860635107459899, -33.056805857941406 ], [ -65.868106271661176, -33.062138327839719 ], [ -65.869892994066461, -33.066810838160642 ], [ -65.872403913254132, -33.076258381091826 ], [ -65.872922933659083, -33.076538427262733 ], [ -65.875107732241503, -33.082221121939568 ], [ -65.874438517027272, -33.095276534241691 ], [ -65.883342953877104, -33.111465496818894 ], [ -65.887531049965759, -33.116523149816558 ], [ -65.891793078748748, -33.122847553196991 ], [ -65.894607762106233, -33.127993925842361 ], [ -65.893011355845175, -33.154257802912468 ], [ -65.886941853502307, -33.158233242273575 ], [ -65.884997728401046, -33.161188884570855 ], [ -65.884018568225869, -33.165984768225989 ], [ -65.879644641829714, -33.171796271434054 ], [ -65.878185265670879, -33.174653086264584 ], [ -65.876118898308476, -33.176386725169856 ], [ -65.872963393629846, -33.176789288297662 ], [ -65.867982900514889, -33.180458331454922 ], [ -65.867616190055543, -33.181887056995691 ], [ -65.867857062805555, -33.183929549129957 ], [ -65.866884800311652, -33.185150248131634 ], [ -65.864940633506762, -33.185558404463947 ], [ -65.863727034446867, -33.186783324578656 ], [ -65.860278850954543, -33.187212293648521 ], [ -65.891603821902933, -33.191792329589049 ], [ -65.89082624497577, -33.189713349739385 ], [ -65.891066718489498, -33.188198790111663 ], [ -65.896943145330553, -33.185886554912408 ], [ -65.900783301518871, -33.182359715737725 ], [ -65.900786934269235, -33.179136318852152 ], [ -65.901988724140736, -33.178330293449342 ], [ -65.912416916145233, -33.177431906873736 ], [ -65.913618872845944, -33.176323715877217 ], [ -65.914940393628896, -33.173502457206638 ], [ -65.91817469144334, -33.174509966028673 ], [ -65.918894622368796, -33.172797299219368 ], [ -65.91662061057967, -33.171082658943206 ], [ -65.915181475573149, -33.170878815287566 ], [ -65.916862678261538, -33.167354489272846 ], [ -65.915188074152269, -33.164026261820659 ], [ -65.916989464629452, -33.160799557493853 ], [ -65.916631679269983, -33.159388230857573 ], [ -65.913396962303395, -33.156663029279173 ], [ -65.9123225578914, -33.153740918228543 ], [ -65.917234045092982, -33.154348387235828 ], [ -65.917594741345255, -33.152635483026302 ], [ -65.916999435677099, -33.150214144863192 ], [ -65.916041453477433, -33.148802412780441 ], [ -65.914484386078001, -33.149004225904676 ], [ -65.913764549408342, -33.147993875915297 ], [ -65.912087110547304, -33.147992703307352 ], [ -65.91136552381667, -33.151422988826475 ], [ -65.906333443289753, -33.151013561714201 ], [ -65.906217576623433, -33.146577332031441 ], [ -65.90802071966057, -33.141642111711263 ], [ -65.909579428481109, -33.139727233437739 ], [ -65.909822014329976, -33.138316316958708 ], [ -65.911260262466058, -33.136198456493339 ], [ -65.912384876479763, -33.131483585268249 ], [ -65.910797461905787, -33.130197596746093 ], [ -65.911594642460813, -33.128705921208862 ], [ -65.914035536415483, -33.128401065458895 ], [ -65.913978048766566, -33.126913289884889 ], [ -65.912328978932209, -33.125726459829835 ], [ -65.906587575750251, -33.126137050723308 ], [ -65.905490201088412, -33.125207515137369 ], [ -65.90628517810444, -33.123310124356891 ], [ -65.90475939340952, -33.122226977026891 ], [ -65.905862254576874, -33.120483105000815 ], [ -65.907815084196841, -33.120484564940163 ], [ -65.910503152262692, -33.119251251366293 ], [ -65.910384746969541, -33.117145791445168 ], [ -65.908310055347215, -33.115909008489432 ], [ -65.908737231801112, -33.114678556341083 ], [ -65.91050883039189, -33.113651948646719 ], [ -65.912890182921501, -33.113549944967644 ], [ -65.914721082438433, -33.114836076865735 ], [ -65.916736076061639, -33.114116111367338 ], [ -65.91796094741575, -33.110420116112429 ], [ -65.923090359062343, -33.110270104655527 ], [ -65.926451260029154, -33.107751991007824 ], [ -65.929505161627219, -33.107086526421817 ], [ -65.930056914036484, -33.103696590079956 ], [ -65.932132497693345, -33.103796920274711 ], [ -65.933290947039978, -33.105443078110405 ], [ -65.93555148869055, -33.105394676079449 ], [ -65.936510658229466, -33.101211457422593 ], [ -65.935246387413642, -33.097779981715064 ], [ -65.936513892830774, -33.096712163367052 ], [ -65.936516718466862, -33.092780913794101 ], [ -65.936051572840455, -33.091653596763351 ], [ -65.932313948735214, -33.090695860152991 ], [ -65.930912673489402, -33.088224532684251 ], [ -65.931315262026132, -33.087043575195501 ], [ -65.934853418666464, -33.085922902157918 ], [ -65.934854372657583, -33.084629014190938 ], [ -65.930715363118424, -33.083729626639304 ], [ -65.928980960645845, -33.082826986116714 ], [ -65.92978264553723, -33.081479451217831 ], [ -65.931185969790107, -33.081142109227223 ], [ -65.933520571405936, -33.081481500183273 ], [ -65.933722361620084, -33.080187718231343 ], [ -65.930213261260604, -33.078693547652648 ], [ -65.928342765466212, -33.077353513594709 ], [ -65.929940204149062, -33.075253540264811 ], [ -65.929662682809607, -33.074085726654388 ], [ -65.930357273277068, -33.072625417371412 ], [ -65.929734752816032, -33.070993052076169 ], [ -65.931121583640902, -33.070993825758713 ], [ -65.932715230716326, -33.070120079220885 ], [ -65.932022764989824, -33.068893436981703 ], [ -65.932995390521, -33.067843521437815 ], [ -65.934936992819573, -33.06696993246814 ], [ -65.936805481591776, -33.067205326686434 ], [ -65.938331751935308, -33.066795832190955 ], [ -65.939026259950708, -33.065164155930695 ], [ -65.939444369235545, -33.060552329280512 ], [ -65.93750550726169, -33.057810301461039 ], [ -65.940626188884778, -33.054660493924303 ], [ -65.940557455836796, -33.053375582862465 ], [ -65.94153030978238, -33.051568195848652 ], [ -65.942866197554622, -33.051230688820496 ], [ -65.94283745604524, -33.050144163907824 ], [ -65.940474593664618, -33.049223355787582 ], [ -65.942847044004949, -33.047732201714915 ], [ -65.941381537633703, -33.045833506249238 ], [ -65.942251918137174, -33.045049459052848 ], [ -65.945112582470728, -33.045871270351128 ], [ -65.964059057592692, -33.047388464897715 ], [ -65.994432678792535, -33.048367321593425 ], [ -65.996584825601389, -33.044143073612112 ], [ -65.994353338771916, -33.033354494172286 ], [ -65.994353597536687, -33.029296968012844 ], [ -65.995410969386796, -33.022660696206557 ], [ -66.000227433992976, -33.018504063051211 ], [ -65.999523790847292, -33.006525307235329 ], [ -65.997996258858777, -33.002864486132594 ], [ -66.002578723660648, -32.996327316787578 ], [ -66.002343271813245, -32.994447323458388 ], [ -66.001051236537947, -32.992269788706956 ], [ -66.002845895337259, -32.986021128096766 ], [ -66.00150568862631, -32.975701426314309 ], [ -66.00490965778512, -32.965845962912532 ] ] ] } },
{ "type": "Feature", "properties": { "codigo_indec": "740210112" }, "geometry": { "type": "Polygon", "coordinates": [ [ [ -66.205839789030989, -33.064030891857037 ], [ -66.191444971764511, -33.063918568576916 ], [ -66.183281594837467, -33.064719789675024 ], [ -66.176801578152791, -33.068002190387936 ], [ -66.172017352755446, -33.069329820886971 ], [ -66.168499245882487, -33.069208390737693 ], [ -66.16432854934105, -33.067992199242425 ], [ -66.162387265527059, -33.066358218606752 ], [ -66.159804416593275, -33.068164886564745 ], [ -66.158335849504581, -33.067346243821838 ], [ -66.158006048807778, -33.068559402574564 ], [ -66.155686563462012, -33.067976236953214 ], [ -66.153203014905301, -33.068484245435414 ], [ -66.151775696720463, -33.063589943359752 ], [ -66.148845922522099, -33.064540224058206 ], [ -66.146667485205114, -33.060124637595827 ], [ -66.14448759116604, -33.05959970656815 ], [ -66.142529648459288, -33.057253115660167 ], [ -66.143632013320513, -33.055295232206859 ], [ -66.14383801182791, -33.05193177282996 ], [ -66.141307914548165, -33.051546947118617 ], [ -66.140720682854564, -33.049212289223291 ], [ -66.138775113277333, -33.047717698293887 ], [ -66.135612347910097, -33.048334311422089 ], [ -66.134069157534753, -33.047362176811411 ], [ -66.131927170846211, -33.046868542293538 ], [ -66.131171179095929, -33.047861175580366 ], [ -66.131431056713282, -33.049831048779787 ], [ -66.129088187393023, -33.052944251983327 ], [ -66.122171564137645, -33.054921363216067 ], [ -66.119724960611933, -33.054910210453002 ], [ -66.117747155366843, -33.057179788427909 ], [ -66.111978902951364, -33.05748265063712 ], [ -66.110087249792969, -33.058201160546361 ], [ -66.104481058635983, -33.06207413695477 ], [ -66.099281864721902, -33.0592967391146 ], [ -66.097842534171605, -33.06248978002089 ], [ -66.094119321541356, -33.060468401389876 ], [ -66.093365642192737, -33.061627610822299 ], [ -66.089175550072568, -33.061040084665649 ], [ -66.087496009765019, -33.062659767579724 ], [ -66.086056045319197, -33.065694879938718 ], [ -66.084133681432419, -33.065493316460042 ], [ -66.080651868676952, -33.06964779260035 ], [ -66.079082478370736, -33.063071136450695 ], [ -66.078016531545686, -33.062521790546278 ], [ -66.077846535575091, -33.064036698197263 ], [ -66.07546685341724, -33.067446462759463 ], [ -66.073171231586485, -33.069129439393357 ], [ -66.071191214053826, -33.073855317259408 ], [ -66.070447868780192, -33.078422676276496 ], [ -66.069858814207706, -33.078418499354662 ], [ -66.069527524026057, -33.08273766026587 ], [ -66.068486995676153, -33.087575665803577 ], [ -66.067930582649439, -33.095276176708346 ], [ -66.065842890832656, -33.100425790351316 ], [ -66.067724544067133, -33.102480571760402 ], [ -66.07053074497675, -33.108448014425377 ], [ -66.066795153626472, -33.116583049893578 ], [ -66.069582238071774, -33.118200004140554 ], [ -66.068983507301127, -33.1198638988215 ], [ -66.062862385953935, -33.123415165869531 ], [ -66.063874853822824, -33.130614393296078 ], [ -66.070486518530018, -33.130205082281712 ], [ -66.071309184096123, -33.133752636909819 ], [ -66.061870841640314, -33.13435728368195 ], [ -66.063217042028356, -33.139825157234071 ], [ -66.067011266915571, -33.143664229644294 ], [ -66.07666738519886, -33.15512771325173 ], [ -66.079952846452571, -33.161017954873657 ], [ -66.09029851149009, -33.167042940483263 ], [ -66.098839497693959, -33.173496789381304 ], [ -66.103140676938409, -33.177347858874555 ], [ -66.107880794028588, -33.180332813218072 ], [ -66.112907096854897, -33.184651767554108 ], [ -66.124543889624334, -33.199621556659871 ], [ -66.154212639871631, -33.235595492684141 ], [ -66.18082552902915, -33.236551459231698 ], [ -66.229018514749683, -33.165467524614037 ], [ -66.225345194119015, -33.146007567197401 ], [ -66.209773545545218, -33.122023687176146 ], [ -66.205209942683709, -33.096000394209256 ], [ -66.208895266814523, -33.082559514462481 ], [ -66.204983134847851, -33.069807466923557 ], [ -66.205839789030989, -33.064030891857037 ] ], [ [ -66.151360301570421, -33.1929151357078 ], [ -66.149588580143387, -33.190000446064715 ], [ -66.151082820110105, -33.18901133659471 ], [ -66.148659402404377, -33.185885533483727 ], [ -66.151095711713907, -33.18558956444457 ], [ -66.153080087887176, -33.185943291435308 ], [ -66.158226003176352, -33.192753317712416 ], [ -66.15699020215375, -33.194328257526855 ], [ -66.154851217118164, -33.193073138471199 ], [ -66.153101752889086, -33.193774079520274 ], [ -66.151360301570421, -33.1929151357078 ] ] ] } },
{ "type": "Feature", "properties": { "codigo_indec": "740210406" }, "geometry": { "type": "Polygon", "coordinates": [ [ [ -65.976404516091407, -33.402788059119587 ], [ -65.79642560864859, -33.496165299399557 ], [ -65.79774168133666, -33.498254664588949 ], [ -65.796698896287225, -33.498947191893066 ], [ -65.800124675637164, -33.504393933463824 ], [ -65.792233541901126, -33.508803305542045 ], [ -65.787976438460348, -33.502367676823361 ], [ -65.782693020177348, -33.505324791375877 ], [ -65.781797914568685, -33.503912212358912 ], [ -65.755068637451274, -33.517850573190067 ], [ -65.665801485980481, -33.566161092542352 ], [ -65.680464302807707, -33.566226858742361 ], [ -65.680339320343435, -33.565802789087556 ], [ -65.700657219743832, -33.566358480115639 ], [ -65.719467372787463, -33.566154600992533 ], [ -65.742566800704054, -33.56494707546274 ], [ -65.848041996806174, -33.565112472565616 ], [ -65.963823942680023, -33.566467195966396 ], [ -65.961921428155861, -33.465766699533056 ], [ -65.975775272949576, -33.462244887150021 ], [ -65.976404516091407, -33.402788059119587 ] ] ] } },
{ "type": "Feature", "properties": { "codigo_indec": "740280411" }, "geometry": { "type": "Polygon", "coordinates": [ [ [ -65.378477282662388, -32.909870811994153 ], [ -65.384346279081214, -32.921765799621625 ], [ -65.382510584856064, -32.922469060932933 ], [ -65.386432241394175, -32.928168872572954 ], [ -65.388007196796039, -32.92963278544898 ], [ -65.400592786920356, -32.937759186779161 ], [ -65.40631379287062, -32.940906262109351 ], [ -65.413250863111969, -32.94133125394751 ], [ -65.417086889720494, -32.942579982423311 ], [ -65.433727236485964, -32.95829139315844 ], [ -65.438166474743142, -32.960295100752425 ], [ -65.443441531063272, -32.961657687534974 ], [ -65.448936569051597, -32.962069766036777 ], [ -65.454413525980939, -32.961516741799009 ], [ -65.461197435925811, -32.959287513276564 ], [ -65.466596376745002, -32.958327866447775 ], [ -65.472112567115346, -32.958315231675513 ], [ -65.477516210784273, -32.959253141885256 ], [ -65.483502940122492, -32.961559257518211 ], [ -65.486922194722212, -32.963994325923927 ], [ -65.522110611068982, -32.984141918155174 ], [ -65.574352952071763, -32.984921516264983 ], [ -65.572955330972889, -32.971333087446411 ], [ -65.574536089809314, -32.97071632933951 ], [ -65.575381282398936, -32.969569574884652 ], [ -65.575413847809969, -32.962762064025497 ], [ -65.580449644138426, -32.960353579967112 ], [ -65.581970272476411, -32.957689725593994 ], [ -65.582221897906408, -32.953651069784847 ], [ -65.578497324159912, -32.944094335928561 ], [ -65.573503315124768, -32.943549909701424 ], [ -65.569888553011936, -32.941959588158191 ], [ -65.570017634686053, -32.94069768735455 ], [ -65.571397286376992, -32.93954377446024 ], [ -65.574516110818138, -32.940289298457344 ], [ -65.576517215416416, -32.939980509825155 ], [ -65.572908631985158, -32.937123441771739 ], [ -65.572798186327219, -32.933962689847021 ], [ -65.570177430372851, -32.933638116811657 ], [ -65.568798358713494, -32.934688326956859 ], [ -65.565420888803317, -32.936047174407683 ], [ -65.565304536026389, -32.934148742367263 ], [ -65.567806822537705, -32.932998767601291 ], [ -65.568314870975144, -32.931314388936137 ], [ -65.567572070967103, -32.930153166734648 ], [ -65.561080423240298, -32.929395670486869 ], [ -65.560463360039421, -32.928234847726955 ], [ -65.560478986007837, -32.925074525920444 ], [ -65.559860336277026, -32.923701799882437 ], [ -65.558114436683937, -32.923276359838837 ], [ -65.556887273149258, -32.919056674028091 ], [ -65.554398926774127, -32.916942410967764 ], [ -65.554407375282267, -32.915256303429352 ], [ -65.550939923618429, -32.909662507049923 ], [ -65.550698834725452, -32.907659913955868 ], [ -65.547457379918043, -32.907120740640316 ], [ -65.543081774422717, -32.90784420202322 ], [ -65.541338453269788, -32.906994749083466 ], [ -65.538328660602261, -32.909720264223914 ], [ -65.536330298645993, -32.909609175570147 ], [ -65.531725411901576, -32.913234788497228 ], [ -65.529015901123387, -32.91265655301472 ], [ -65.518683245116151, -32.912328660646686 ], [ -65.513130907417889, -32.905305639767647 ], [ -65.512642750408787, -32.901733094997191 ], [ -65.512991967202097, -32.899444193782202 ], [ -65.511300584181711, -32.899437594506097 ], [ -65.510780786792694, -32.901153258108806 ], [ -65.509421328917554, -32.902004525233004 ], [ -65.508239656490403, -32.901143289529408 ], [ -65.508931770088495, -32.898715988078685 ], [ -65.512677191837639, -32.895444023833555 ], [ -65.512631270298897, -32.895047106243616 ], [ -65.508916762298284, -32.895140774979403 ], [ -65.506153197387292, -32.894318380625883 ], [ -65.496290825004294, -32.892962592153694 ], [ -65.48857284790175, -32.895568671645329 ], [ -65.441445918858136, -32.907783086208127 ], [ -65.436515471132907, -32.908211797088661 ], [ -65.397768515941607, -32.90836927724402 ], [ -65.38604265514924, -32.909881145251589 ], [ -65.378477282662388, -32.909870811994153 ] ] ] } },
{ "type": "Feature", "properties": { "codigo_indec": "740140501" }, "geometry": { "type": "Polygon", "coordinates": [ [ [ -67.110366135419994, -32.839034051590005 ], [ -67.102846399005202, -32.846097199596301 ], [ -67.087679584249301, -32.857301986316116 ], [ -67.083392327753472, -32.861184640696521 ], [ -67.063455693507819, -32.876899837820673 ], [ -67.055434878835513, -32.884640660685257 ], [ -67.050139856891235, -32.888251187512047 ], [ -67.047942593792826, -32.890870825066635 ], [ -67.045953736347101, -32.899412389603675 ], [ -66.987249938464927, -32.89711718772908 ], [ -66.983520406852222, -32.894978143309771 ], [ -66.987122805289943, -32.950891572210345 ], [ -66.992557422175608, -32.955861563879687 ], [ -66.995809812878363, -32.960501598839222 ], [ -66.998755647787732, -32.965432513956102 ], [ -67.000057906707397, -32.968997037890894 ], [ -67.002098579777467, -32.971635965225609 ], [ -67.00292482555048, -32.975889506284631 ], [ -67.001092462296228, -32.978451296186925 ], [ -67.000012712221462, -32.983729936274734 ], [ -67.000703679446872, -32.985473548691999 ], [ -67.000903607061261, -32.987784607848454 ], [ -66.99960667920071, -32.992077703248121 ], [ -66.99982443574693, -32.994073051616901 ], [ -66.998883589884102, -32.996032593592993 ], [ -66.998702545852112, -32.997769663041709 ], [ -66.997671770696712, -32.999112304478693 ], [ -67.000305255374442, -33.003734575242426 ], [ -67.001903791723393, -33.004578293717962 ], [ -67.002415448406694, -33.006769629619022 ], [ -67.001805944296351, -33.013906329774592 ], [ -66.999228088279423, -33.018520741935397 ], [ -66.996018256516336, -33.021922962057296 ], [ -66.992944123363714, -33.028619433516496 ], [ -66.987565853800092, -33.045423174811006 ], [ -66.987262312428868, -33.053238073256395 ], [ -66.985254206856936, -33.057022700782142 ], [ -66.981855015067794, -33.06138176391579 ], [ -66.987342174882315, -33.064228114265454 ], [ -66.988947884165029, -33.066582124706116 ], [ -66.996850463414532, -33.069679352266192 ], [ -67.000320227948549, -33.074907955630451 ], [ -67.001043056844949, -33.079396679245022 ], [ -66.999064738260273, -33.083208322961468 ], [ -66.99847132423956, -33.086138798094929 ], [ -66.997368150647091, -33.110558643581008 ], [ -67.182050887507117, -33.116683801684147 ], [ -67.181497918953085, -33.108791180972119 ], [ -67.1793962648335, -33.104235550490522 ], [ -67.179335151759346, -33.099660587110392 ], [ -67.18064949905478, -33.096217612709111 ], [ -67.181253071654226, -33.090491333940598 ], [ -67.18116893392866, -33.084199058465089 ], [ -67.177725954604625, -33.080801091917422 ], [ -67.172923309939364, -33.077411315719417 ], [ -67.172885383498311, -33.074553635308185 ], [ -67.174902295584658, -33.072817118923581 ], [ -67.174849095845545, -33.068814562905509 ], [ -67.176152906807644, -33.064799212809369 ], [ -67.178146654683971, -33.061345334078595 ], [ -67.183510893926368, -33.056146462734553 ], [ -67.186853355049521, -33.052111639269135 ], [ -67.191559960044785, -33.048636213588537 ], [ -67.194222095827428, -33.044607693252146 ], [ -67.18466861911304, -33.041263723512863 ], [ -67.18120698867196, -33.0361484525449 ], [ -67.181449005536777, -33.003544461263253 ], [ -67.185484240492272, -33.000643629126245 ], [ -67.189496225890224, -32.996029854415134 ], [ -67.191469984064696, -32.991435421963821 ], [ -67.191354739943037, -32.982857808435426 ], [ -67.19469411809942, -32.978818291887698 ], [ -67.199388866210711, -32.974770184882196 ], [ -67.199303813100485, -32.968477834081376 ], [ -67.200561452923779, -32.961032052401883 ], [ -67.199781902231962, -32.953601327681433 ], [ -67.205794148302175, -32.94667773726735 ], [ -67.208429415537509, -32.940936114014647 ], [ -67.208336047486839, -32.934071306844267 ], [ -67.210994139993147, -32.930042452955632 ], [ -67.210053261966223, -32.910599427129881 ], [ -67.218118518443077, -32.905372919657701 ], [ -67.224859884895906, -32.902448957689728 ], [ -67.230219936847533, -32.897820677862057 ], [ -67.229422888946033, -32.889249731523584 ], [ -67.227973899517877, -32.882398226161598 ], [ -67.224482146107192, -32.874994188213009 ], [ -67.227122046706711, -32.869820122129838 ], [ -67.226988139768494, -32.860097562594852 ], [ -67.222913392131829, -32.859564938960773 ], [ -67.216791026254171, -32.857911574329307 ], [ -67.210006127283052, -32.857404858283978 ], [ -67.207958547922658, -32.856279595398043 ], [ -67.205856638729927, -32.847581250158619 ], [ -67.197928718604373, -32.841039529938946 ], [ -67.190845955919386, -32.839119062995167 ], [ -67.176524252493365, -32.823367944528798 ], [ -67.17487028220485, -32.816765558345395 ], [ -67.17556517746543, -32.810141107067892 ], [ -67.174696143702619, -32.803531328918197 ], [ -67.177029776569441, -32.802184022704679 ], [ -67.174696207591879, -32.790547893773272 ], [ -67.168268461386958, -32.79082441172622 ], [ -67.162120886851426, -32.794794682118464 ], [ -67.157825220610292, -32.798373369374431 ], [ -67.154876121331526, -32.800023536534766 ], [ -67.146120010952671, -32.80797071180784 ], [ -67.137858023911306, -32.814177157364213 ], [ -67.126570112089126, -32.825865197732242 ], [ -67.110366135419994, -32.839034051590005 ] ] ] } },
{ "type": "Feature", "properties": { "codigo_indec": "740070502" }, "geometry": { "type": "Polygon", "coordinates": [ [ [ -66.173504623978161, -32.349568101494611 ], [ -66.101946526093428, -32.363979847995637 ], [ -66.050124015650198, -32.374949533682162 ], [ -65.999203007779428, -32.377628723608325 ], [ -65.958075800591956, -32.371340949280778 ], [ -65.952332725066753, -32.370991728635474 ], [ -65.961990427191793, -32.380053257253763 ], [ -66.011028904823448, -32.431120810918848 ], [ -66.050352583011076, -32.470824562432 ], [ -66.058622781447156, -32.474229608621314 ], [ -66.070545570696922, -32.478114552523429 ], [ -66.075528899435938, -32.480415636702475 ], [ -66.141516999958156, -32.524215237382869 ], [ -66.137675535983902, -32.498645975294089 ], [ -66.136956085790018, -32.47678383833707 ], [ -66.131451975959834, -32.440958513356051 ], [ -66.136283377246798, -32.423896632316307 ], [ -66.144418173939414, -32.408052666753399 ], [ -66.159603398538835, -32.376391485954066 ], [ -66.170514783895811, -32.365461326464718 ], [ -66.172850856168125, -32.361905184870196 ], [ -66.174501135020151, -32.358169595560994 ], [ -66.174660402739605, -32.355355859610057 ], [ -66.173504623978161, -32.349568101494611 ] ] ] } },
{ "type": "Feature", "properties": { "codigo_indec": "740490104" }, "geometry": { "type": "Polygon", "coordinates": [ [ [ -65.329879591676431, -32.035513049369534 ], [ -65.319511228183046, -32.038578012942686 ], [ -65.31355495515345, -32.041215193207059 ], [ -65.325273135030685, -32.056617476721073 ], [ -65.329759319216635, -32.058918285555066 ], [ -65.333334471571789, -32.062756199951139 ], [ -65.336549359957132, -32.068129670441309 ], [ -65.337720268615925, -32.07868666294361 ], [ -65.340195060251602, -32.083614289957531 ], [ -65.346888254915811, -32.093063576279341 ], [ -65.349233545533778, -32.099942710594092 ], [ -65.353857531902349, -32.110891452595219 ], [ -65.355762244704536, -32.117272227306813 ], [ -65.358200157367406, -32.123209292863997 ], [ -65.359440910559044, -32.128004017102505 ], [ -65.363722836478033, -32.136308434683016 ], [ -65.363741402424012, -32.140885043466199 ], [ -65.367515302090908, -32.144614766526701 ], [ -65.371213623894931, -32.145115644162161 ], [ -65.37850004128579, -32.149493686876717 ], [ -65.384974489614336, -32.151369449006538 ], [ -65.387897925585094, -32.154070915948132 ], [ -65.389685521241773, -32.164986523743167 ], [ -65.388897097860095, -32.179068422030845 ], [ -65.390483898459394, -32.186781721416047 ], [ -65.392824882734473, -32.193150469452419 ], [ -65.393850763617209, -32.192370849882991 ], [ -65.39684639321159, -32.193205784219487 ], [ -65.398883094038666, -32.192714998437644 ], [ -65.400015240047637, -32.191489456474528 ], [ -65.403828144395519, -32.190186391967728 ], [ -65.405270585262116, -32.190558401009447 ], [ -65.406974596917124, -32.191887498970537 ], [ -65.410343852096815, -32.192768954440965 ], [ -65.41222201671188, -32.192182527798572 ], [ -65.414035724263215, -32.193376775146298 ], [ -65.415909501209697, -32.193475620532304 ], [ -65.4177879044138, -32.19284853246333 ], [ -65.420464680803562, -32.192996093195454 ], [ -65.447741485314225, -32.202456019702815 ], [ -65.452518363565957, -32.20263911198758 ], [ -65.466809181669433, -32.209580717135658 ], [ -65.470505828301711, -32.210921860204088 ], [ -65.501228025453244, -32.208643562527072 ], [ -65.506457307491203, -32.208609976973065 ], [ -65.494777820237204, -32.115229395031747 ], [ -65.466721808963413, -32.102611061969448 ], [ -65.465267764276632, -32.102604931496636 ], [ -65.454752580135889, -32.097298165882492 ], [ -65.432558024982512, -32.082830687883103 ], [ -65.412333421786414, -32.070677069647971 ], [ -65.411264145129408, -32.069378038407088 ], [ -65.407709109259059, -32.066800390323358 ], [ -65.374127015048813, -32.054442307211239 ], [ -65.353717113668765, -32.045037944272345 ], [ -65.329879591676431, -32.035513049369534 ] ] ] } },
{ "type": "Feature", "properties": { "codigo_indec": "740351008" }, "geometry": { "type": "Polygon", "coordinates": [ [ [ -65.483364438644855, -33.670075992853761 ], [ -65.4800876853717, -33.67077899682095 ], [ -65.480861247815241, -33.673486943203351 ], [ -65.484167831193147, -33.67277052057149 ], [ -65.483364438644855, -33.670075992853761 ] ] ] } },
{ "type": "Feature", "properties": { "codigo_indec": "740561201" }, "geometry": { "type": "Polygon", "coordinates": [ [ [ -66.375546884832289, -33.309792665694971 ], [ -66.384292664892683, -33.312754807697615 ], [ -66.387979939089604, -33.31304539245523 ], [ -66.395119045128212, -33.311408989391857 ], [ -66.395626557032244, -33.309653716987007 ], [ -66.37615334423981, -33.307234725786003 ], [ -66.375546884832289, -33.309792665694971 ] ] ] } },
{ "type": "Feature", "properties": { "codigo_indec": "740351806" }, "geometry": { "type": "Polygon", "coordinates": [ [ [ -65.800804312301238, -34.598945843266321 ], [ -65.672467536249727, -34.599777623721543 ], [ -65.672393897511711, -34.618527298981 ], [ -65.800597857014381, -34.61804701153536 ], [ -65.800804312301238, -34.598945843266321 ] ] ] } },
{ "type": "Feature", "properties": { "codigo_indec": "740280306" }, "geometry": { "type": "Polygon", "coordinates": [ [ [ -65.037913657332339, -32.945785294814399 ], [ -65.042420596536672, -32.946807207531279 ], [ -65.042575918423324, -32.942566213829643 ], [ -65.043973962061983, -32.942572410842949 ], [ -65.042254419706168, -32.936184690075429 ], [ -65.032080860588124, -32.935930480457998 ], [ -65.032538422186832, -32.939324164278069 ], [ -65.033655459794502, -32.939355349124547 ], [ -65.034599382172146, -32.944001546130181 ], [ -65.037524842542865, -32.943920428792538 ], [ -65.037913657332339, -32.945785294814399 ] ] ] } },
{ "type": "Feature", "properties": { "codigo_indec": "740561513" }, "geometry": { "type": "Polygon", "coordinates": [ [ [ -66.316938420264293, -33.31804807313582 ], [ -66.315422759877904, -33.322866608299385 ], [ -66.318437727553402, -33.323544151440977 ], [ -66.319120231000198, -33.321477679648119 ], [ -66.31833554337264, -33.321285843449914 ], [ -66.319217025987271, -33.318569690295149 ], [ -66.316938420264293, -33.31804807313582 ] ] ] } },
{ "type": "Feature", "properties": { "codigo_indec": "740561418" }, "geometry": { "type": "Polygon", "coordinates": [ [ [ -66.314609347266341, -33.301225130759605 ], [ -66.30411781294147, -33.297734897240652 ], [ -66.302109350181553, -33.296752512198069 ], [ -66.301577398730956, -33.295829634378272 ], [ -66.300383832004144, -33.29686489020434 ], [ -66.300756252095411, -33.297450048335911 ], [ -66.300262311587218, -33.298217627237534 ], [ -66.293955421477847, -33.299301135309875 ], [ -66.293986641879016, -33.301406364513632 ], [ -66.292335242169415, -33.305260213215007 ], [ -66.29624842903452, -33.305855036441656 ], [ -66.298438926800642, -33.305069886844983 ], [ -66.298712830209126, -33.303522936722182 ], [ -66.301501957274567, -33.301208032834275 ], [ -66.310983224231705, -33.301319912469026 ], [ -66.314724518064082, -33.302649411052037 ], [ -66.315055328580826, -33.302080547338221 ], [ -66.314609347266341, -33.301225130759605 ] ] ] } },
{ "type": "Feature", "properties": { "codigo_indec": "740560904" }, "geometry": { "type": "Polygon", "coordinates": [ [ [ -66.307625108254371, -33.272994542258637 ], [ -66.309522141703255, -33.275996776379294 ], [ -66.310623579688453, -33.270273173490054 ], [ -66.308344642781051, -33.272339076402503 ], [ -66.307625108254371, -33.272994542258637 ] ] ] } },
{ "type": "Feature", "properties": { "codigo_indec": "740560814" }, "geometry": { "type": "Polygon", "coordinates": [ [ [ -66.310052731866705, -33.26743445522348 ], [ -66.310013725958257, -33.267786189327644 ], [ -66.308317448537281, -33.267655162279276 ], [ -66.307745109968948, -33.266660275666482 ], [ -66.304770972703395, -33.267880297957475 ], [ -66.30583844054614, -33.270055120167257 ], [ -66.309707366246457, -33.268413587665002 ], [ -66.31066015628258, -33.269993576014869 ], [ -66.310826696774043, -33.268528006700116 ], [ -66.311344724655967, -33.268571792215013 ], [ -66.311472667359965, -33.26757516750957 ], [ -66.310052731866705, -33.26743445522348 ] ] ] } },
{ "type": "Feature", "properties": { "codigo_indec": "740560726" }, "geometry": { "type": "Polygon", "coordinates": [ [ [ -66.330969572722779, -33.284047185125637 ], [ -66.324821823984081, -33.283517915785623 ], [ -66.324390986635009, -33.286755892155824 ], [ -66.330439369904809, -33.287208807443776 ], [ -66.330969572722779, -33.284047185125637 ] ] ] } },
{ "type": "Feature", "properties": { "codigo_indec": "740560714" }, "geometry": { "type": "Polygon", "coordinates": [ [ [ -66.306936207586745, -33.277806451150468 ], [ -66.305061021154017, -33.279528674842723 ], [ -66.303902637897849, -33.281348299118314 ], [ -66.304565858889106, -33.28145036353142 ], [ -66.305189707028873, -33.280263188502765 ], [ -66.309608525861137, -33.280703077112491 ], [ -66.310128469859322, -33.27747394113193 ], [ -66.309459360424071, -33.27645676483872 ], [ -66.306936207586745, -33.277806451150468 ] ] ] } },
{ "type": "Feature", "properties": { "codigo_indec": "740560513" }, "geometry": { "type": "Polygon", "coordinates": [ [ [ -66.270356668687214, -33.284806903379781 ], [ -66.269172940588859, -33.288244688305397 ], [ -66.269600645773096, -33.288559332266857 ], [ -66.268417889361132, -33.294093397121024 ], [ -66.273892065064928, -33.296249874463747 ], [ -66.274184149296346, -33.291804193277137 ], [ -66.276735342132199, -33.291397313569682 ], [ -66.280316169616498, -33.289842992806648 ], [ -66.270356668687214, -33.284806903379781 ] ] ] } },
{ "type": "Feature", "properties": { "codigo_indec": "740561306" }, "geometry": { "type": "Polygon", "coordinates": [ [ [ -66.331909134509829, -33.308920595680668 ], [ -66.331390435004167, -33.310184256652988 ], [ -66.335935010742674, -33.311488426696251 ], [ -66.336227857975757, -33.310148720376837 ], [ -66.331909134509829, -33.308920595680668 ] ] ] } },
{ "type": "Feature", "properties": { "codigo_indec": "740561301" }, "geometry": { "type": "Polygon", "coordinates": [ [ [ -66.34387415023464, -33.303487318946935 ], [ -66.341051004839684, -33.30299920444012 ], [ -66.340209002230281, -33.305990404300879 ], [ -66.343249182039884, -33.306351710387666 ], [ -66.34387415023464, -33.303487318946935 ] ] ] } },
{ "type": "Feature", "properties": { "codigo_indec": "740561205" }, "geometry": { "type": "Polygon", "coordinates": [ [ [ -66.354237417860261, -33.306564310744967 ], [ -66.353704804747281, -33.308287932773268 ], [ -66.356014904666552, -33.308641985683138 ], [ -66.355451709825587, -33.310762417178324 ], [ -66.355123940776622, -33.310700240637935 ], [ -66.354546923628007, -33.312730544492439 ], [ -66.352228684150973, -33.313048198500773 ], [ -66.357215354513897, -33.314025749004287 ], [ -66.357917493324408, -33.311093448216099 ], [ -66.357227400104151, -33.311054861023834 ], [ -66.357669578589892, -33.306919637502673 ], [ -66.354237417860261, -33.306564310744967 ] ] ] } },
{ "type": "Feature", "properties": { "codigo_indec": "740561202" }, "geometry": { "type": "Polygon", "coordinates": [ [ [ -66.363022008357405, -33.307481156103236 ], [ -66.370443167829393, -33.308423992366578 ], [ -66.375546884832289, -33.309792665694971 ], [ -66.37615334423981, -33.307234725786003 ], [ -66.36544224659022, -33.305918758396714 ], [ -66.365405816394443, -33.306838523288945 ], [ -66.363265368448381, -33.306610376534493 ], [ -66.363022008357405, -33.307481156103236 ] ] ] } },
{ "type": "Feature", "properties": { "codigo_indec": "740561122" }, "geometry": { "type": "Polygon", "coordinates": [ [ [ -66.357560134802569, -33.30378229498185 ], [ -66.357166105423218, -33.305897740633085 ], [ -66.356236868343544, -33.305792212956966 ], [ -66.356034036342535, -33.306744009322053 ], [ -66.36300590176846, -33.30748120315711 ], [ -66.363265368448381, -33.306610376534493 ], [ -66.365405816394443, -33.306838523288945 ], [ -66.36544224659022, -33.305918758396714 ], [ -66.357560134802569, -33.30378229498185 ] ] ] } },
{ "type": "Feature", "properties": { "codigo_indec": "740561120" }, "geometry": { "type": "Polygon", "coordinates": [ [ [ -66.357393964722746, -33.304504073718867 ], [ -66.357560134802569, -33.30378229498185 ], [ -66.356435480674804, -33.301824489089888 ], [ -66.350854950656498, -33.301182182600897 ], [ -66.350474243576173, -33.302639383643367 ], [ -66.355715421232304, -33.303643329018861 ], [ -66.357393964722746, -33.304504073718867 ] ] ] } },
{ "type": "Feature", "properties": { "codigo_indec": "740561107" }, "geometry": { "type": "Polygon", "coordinates": [ [ [ -66.342389777868121, -33.293199341851896 ], [ -66.336933843136947, -33.292682291599704 ], [ -66.336338817331438, -33.295695341233504 ], [ -66.341539824747329, -33.296181560553642 ], [ -66.342389777868121, -33.293199341851896 ] ] ] } },
{ "type": "Feature", "properties": { "codigo_indec": "740560602" }, "geometry": { "type": "Polygon", "coordinates": [ [ [ -66.344124604618202, -33.25992438873201 ], [ -66.339890578693883, -33.261942166958974 ], [ -66.339225994403165, -33.270482437625823 ], [ -66.344362435071204, -33.269936354541599 ], [ -66.344124604618202, -33.25992438873201 ] ] ] } },
{ "type": "Feature", "properties": { "codigo_indec": "740560707" }, "geometry": { "type": "Polygon", "coordinates": [ [ [ -66.322754237263752, -33.270088997239569 ], [ -66.318173660167076, -33.272269229048689 ], [ -66.317923094783197, -33.274952224600426 ], [ -66.322476061197207, -33.275440903476351 ], [ -66.32293441473746, -33.272383182696636 ], [ -66.32094229969961, -33.272099819020312 ], [ -66.320680464742352, -33.271676727647268 ], [ -66.323273509121393, -33.270466333627667 ], [ -66.322754237263752, -33.270088997239569 ] ] ] } },
{ "type": "Feature", "properties": { "codigo_indec": "740560701" }, "geometry": { "type": "Polygon", "coordinates": [ [ [ -66.331770087462132, -33.265800545813597 ], [ -66.331821058171357, -33.26863604310865 ], [ -66.333377703468813, -33.268726550323564 ], [ -66.333392637066567, -33.26630111989769 ], [ -66.338492276224784, -33.26670209210743 ], [ -66.338136639541901, -33.269110416900766 ], [ -66.33736896596389, -33.269044879937645 ], [ -66.337210923169252, -33.271907988826477 ], [ -66.339113836213542, -33.272011008748429 ], [ -66.339890578693883, -33.261942166958974 ], [ -66.331770087462132, -33.265800545813597 ] ] ] } },
{ "type": "Feature", "properties": { "codigo_indec": "740560614" }, "geometry": { "type": "Polygon", "coordinates": [ [ [ -66.348845895491721, -33.283340113240733 ], [ -66.348358103442806, -33.286880375044703 ], [ -66.350024059948893, -33.287376098785899 ], [ -66.350523313648864, -33.283362443349233 ], [ -66.348845895491721, -33.283340113240733 ] ] ] } },
{ "type": "Feature", "properties": { "codigo_indec": "740560611" }, "geometry": { "type": "Polygon", "coordinates": [ [ [ -66.355246857540166, -33.284733034211349 ], [ -66.354908852624547, -33.284770064895113 ], [ -66.354448328406633, -33.28702995870897 ], [ -66.351807357471372, -33.288349331094004 ], [ -66.349871708521434, -33.288206025989012 ], [ -66.350018363933017, -33.288638394754265 ], [ -66.355672213061695, -33.289028077481412 ], [ -66.355246857540166, -33.284733034211349 ] ] ] } },
{ "type": "Feature", "properties": { "codigo_indec": "740420308" }, "geometry": { "type": "Polygon", "coordinates": [ [ [ -65.415728957508918, -35.681254500134152 ], [ -65.430237043521984, -35.681071678841612 ], [ -65.429861208884532, -35.670236656699458 ], [ -65.423959012070313, -35.6700508431245 ], [ -65.423985188382915, -35.667175920630598 ], [ -65.415295680000497, -35.667206141164158 ], [ -65.415728957508918, -35.681254500134152 ] ] ] } },
{ "type": "Feature", "properties": { "codigo_indec": "740560712" }, "geometry": { "type": "Polygon", "coordinates": [ [ [ -66.32293441473746, -33.272383182696636 ], [ -66.322476061197207, -33.275440903476351 ], [ -66.317923094783197, -33.274952224600426 ], [ -66.317483893348225, -33.278163154673244 ], [ -66.323011389046655, -33.278712434635459 ], [ -66.324190814074257, -33.272537698425332 ], [ -66.32293441473746, -33.272383182696636 ] ] ] } },
{ "type": "Feature", "properties": { "codigo_indec": "740420207" }, "geometry": { "type": "Polygon", "coordinates": [ [ [ -65.264706202237903, -34.75436403008387 ], [ -65.264917113938594, -34.749358059078553 ], [ -65.251702484125119, -34.749106311202397 ], [ -65.25139214277705, -34.752939832242888 ], [ -65.245899996881917, -34.7528022849718 ], [ -65.245579260598376, -34.755946157693245 ], [ -65.262370256010911, -34.756680004461572 ], [ -65.262598472673048, -34.754351284700221 ], [ -65.264706202237903, -34.75436403008387 ] ] ] } },
{ "type": "Feature", "properties": { "codigo_indec": "740350407" }, "geometry": { "type": "Polygon", "coordinates": [ [ [ -65.541529663888539, -33.622607780899962 ], [ -65.536405429797398, -33.622588680063444 ], [ -65.525897366610081, -33.617315204496201 ], [ -65.524368992680806, -33.620415262617101 ], [ -65.523953025250151, -33.620120650541764 ], [ -65.521320306865675, -33.623148795406173 ], [ -65.517792345573184, -33.630144824818046 ], [ -65.5149273083737, -33.631742927605735 ], [ -65.495704908018141, -33.634997340867244 ], [ -65.495115266442141, -33.63307008029355 ], [ -65.491029986335406, -33.633598784177337 ], [ -65.485228897878173, -33.634922620036846 ], [ -65.485720228200563, -33.637034339171883 ], [ -65.47108281304763, -33.640596904595583 ], [ -65.468720958647765, -33.635537991688174 ], [ -65.465950722701962, -33.636445659466474 ], [ -65.466297555193051, -33.638317912837245 ], [ -65.451924844015593, -33.642050644043742 ], [ -65.450770453618972, -33.636694715933643 ], [ -65.445112044931918, -33.637913617844717 ], [ -65.446333991996454, -33.644450951196177 ], [ -65.424668370170764, -33.648765197124369 ], [ -65.424829310937398, -33.649284345828931 ], [ -65.430251653597239, -33.650918746781151 ], [ -65.434935830805003, -33.649240794136212 ], [ -65.457442677741923, -33.64608695534163 ], [ -65.481350510633106, -33.639121254157835 ], [ -65.516106247811678, -33.631963923752807 ], [ -65.541529663888539, -33.622607780899962 ] ] ] } },
{ "type": "Feature", "properties": { "codigo_indec": "740560311" }, "geometry": { "type": "Polygon", "coordinates": [ [ [ -66.318564931165454, -33.180386744897234 ], [ -66.311763783995758, -33.180246173795645 ], [ -66.305224443671563, -33.178296789496038 ], [ -66.303771394312676, -33.180567982676088 ], [ -66.311626790144246, -33.183194896912447 ], [ -66.312786485935447, -33.182903462189451 ], [ -66.313563969058521, -33.183681429298709 ], [ -66.315453143144907, -33.184231168216449 ], [ -66.315995146652739, -33.182877326308734 ], [ -66.318068208357417, -33.183129015929119 ], [ -66.318564931165454, -33.180386744897234 ] ] ] } },
{ "type": "Feature", "properties": { "codigo_indec": "740560310" }, "geometry": { "type": "Polygon", "coordinates": [ [ [ -66.305224443671563, -33.178296789496038 ], [ -66.298271151320137, -33.175919770392404 ], [ -66.2962190040801, -33.179427565917436 ], [ -66.300848400861412, -33.182585750232171 ], [ -66.301703252292967, -33.180158254593579 ], [ -66.303723579528494, -33.180694329735218 ], [ -66.305224443671563, -33.178296789496038 ] ] ] } },
{ "type": "Feature", "properties": { "codigo_indec": "740560309" }, "geometry": { "type": "Polygon", "coordinates": [ [ [ -66.291194100424534, -33.17329018912065 ], [ -66.290126859550085, -33.173152925152053 ], [ -66.289105848626861, -33.17648237764454 ], [ -66.287949356508221, -33.177751871359 ], [ -66.288251091541653, -33.178215521159537 ], [ -66.296925971306578, -33.178425054569807 ], [ -66.298271151320137, -33.175919770392404 ], [ -66.311763783995758, -33.180246173795645 ], [ -66.314313188686924, -33.180293862341891 ], [ -66.316384642997377, -33.177132855964466 ], [ -66.313694033680321, -33.176549086018966 ], [ -66.309328040622432, -33.17440056676709 ], [ -66.304170378596808, -33.173462036173881 ], [ -66.293575089892045, -33.174339525048083 ], [ -66.290989486047465, -33.173827147547421 ], [ -66.291194100424534, -33.17329018912065 ] ] ] } },
{ "type": "Feature", "properties": { "codigo_indec": "740561012" }, "geometry": { "type": "Polygon", "coordinates": [ [ [ -66.316528043153468, -33.286203628839836 ], [ -66.316222380332064, -33.288517087402468 ], [ -66.315779113940991, -33.292124732090329 ], [ -66.320164546053832, -33.290594267636408 ], [ -66.320434119324361, -33.288713675704187 ], [ -66.320675524224555, -33.286472503413009 ], [ -66.316528043153468, -33.286203628839836 ] ] ] } },
{ "type": "Feature", "properties": { "codigo_indec": "740490414" }, "geometry": { "type": "Polygon", "coordinates": [ [ [ -65.028759712948954, -32.343630907584405 ], [ -65.016043741764221, -32.343036417139842 ], [ -65.016105003051791, -32.347680721734996 ], [ -65.029410433337134, -32.347846927135926 ], [ -65.028759712948954, -32.343630907584405 ] ] ] } },
{ "type": "Feature", "properties": { "codigo_indec": "740560609" }, "geometry": { "type": "Polygon", "coordinates": [ [ [ -66.344418766513911, -33.280183230370888 ], [ -66.344123791354278, -33.283659829494347 ], [ -66.348764978014543, -33.283912874842073 ], [ -66.349097850975085, -33.281238609442816 ], [ -66.344418766513911, -33.280183230370888 ] ] ] } },
{ "type": "Feature", "properties": { "codigo_indec": "740070510" }, "geometry": { "type": "Polygon", "coordinates": [ [ [ -66.140678007714882, -32.615805692252671 ], [ -66.140235667356208, -32.613984689459173 ], [ -66.139486087393848, -32.613268647494031 ], [ -66.135074886531712, -32.613052544447115 ], [ -66.132210371137262, -32.612248542232479 ], [ -66.124481098980951, -32.60863598484827 ], [ -66.118709515331219, -32.604660420907052 ], [ -66.118451974800749, -32.605269333899372 ], [ -66.118949291484455, -32.606734180125784 ], [ -66.112100920655507, -32.610351917853095 ], [ -66.108201584438788, -32.610359845930759 ], [ -66.120491025261273, -32.632314820599341 ], [ -66.137317200627407, -32.631977433461643 ], [ -66.140678007714882, -32.615805692252671 ] ] ] } },
{ "type": "Feature", "properties": { "codigo_indec": "740070504" }, "geometry": { "type": "Polygon", "coordinates": [ [ [ -66.058622781447156, -32.474229608621314 ], [ -66.058548303770351, -32.47831908979034 ], [ -66.051690398627173, -32.480396121994488 ], [ -66.047665406074302, -32.473575954905293 ], [ -66.037336886520251, -32.475518210066241 ], [ -66.038124778424248, -32.477123093135269 ], [ -66.041515837531762, -32.477388037338123 ], [ -66.046335829803411, -32.494632342148172 ], [ -66.051935130945225, -32.49436413978141 ], [ -66.05745505519684, -32.503185355088405 ], [ -66.059081770540004, -32.501038440236812 ], [ -66.062470347978675, -32.500175633530596 ], [ -66.063903252148705, -32.498813273179508 ], [ -66.063588121348388, -32.497068548273845 ], [ -66.064145782022521, -32.495702115003034 ], [ -66.063479882025945, -32.494458038318911 ], [ -66.067138401068533, -32.488540659590271 ], [ -66.064578598232544, -32.483438089407294 ], [ -66.066683724927472, -32.481552331498236 ], [ -66.068890998939921, -32.477709680532591 ], [ -66.058622781447156, -32.474229608621314 ] ] ] } },
{ "type": "Feature", "properties": { "codigo_indec": "740070407" }, "geometry": { "type": "Polygon", "coordinates": [ [ [ -65.8035445016897, -32.233565971222596 ], [ -65.80370148736236, -32.237038086105692 ], [ -65.80490067000369, -32.236927220025557 ], [ -65.805030771991284, -32.240593173588017 ], [ -65.806402602223685, -32.240396890195932 ], [ -65.806213957295753, -32.238042944386109 ], [ -65.808636638563172, -32.237618288563731 ], [ -65.808356389468585, -32.233388493442199 ], [ -65.8035445016897, -32.233565971222596 ] ] ] } },
{ "type": "Feature", "properties": { "codigo_indec": "740351403" }, "geometry": { "type": "Polygon", "coordinates": [ [ [ -65.439769247641522, -33.694773669303764 ], [ -65.437979044882027, -33.695982643648584 ], [ -65.43900889386893, -33.699332107282309 ], [ -65.439965056518716, -33.699088516723272 ], [ -65.439563241459595, -33.69784705135914 ], [ -65.440562558136733, -33.697599143968731 ], [ -65.439769247641522, -33.694773669303764 ] ] ] } },
{ "type": "Feature", "properties": { "codigo_indec": "740351401" }, "geometry": { "type": "Polygon", "coordinates": [ [ [ -65.43740567323799, -33.686730032267754 ], [ -65.433189063572527, -33.687522166188877 ], [ -65.433836306971685, -33.687498086700536 ], [ -65.434893550459151, -33.691154243460552 ], [ -65.438501187291806, -33.690327732281034 ], [ -65.43740567323799, -33.686730032267754 ] ] ] } },
{ "type": "Feature", "properties": { "codigo_indec": "740351308" }, "geometry": { "type": "Polygon", "coordinates": [ [ [ -65.499960797295131, -33.693030468600725 ], [ -65.500864677229856, -33.696658405462927 ], [ -65.501440398887624, -33.697354933087425 ], [ -65.502498496792143, -33.697169870232784 ], [ -65.502778165517725, -33.698239347520811 ], [ -65.50413321973349, -33.697996863934904 ], [ -65.502709068775204, -33.692446528824277 ], [ -65.499960797295131, -33.693030468600725 ] ] ] } },
{ "type": "Feature", "properties": { "codigo_indec": "740351213" }, "geometry": { "type": "Polygon", "coordinates": [ [ [ -65.471233007445164, -33.689615657751759 ], [ -65.463810798885305, -33.691256068607103 ], [ -65.466287089567572, -33.699804569728371 ], [ -65.467967009873135, -33.698500045427849 ], [ -65.473204347325193, -33.696182937928874 ], [ -65.471233007445164, -33.689615657751759 ] ] ] } },
{ "type": "Feature", "properties": { "codigo_indec": "740351204" }, "geometry": { "type": "Polygon", "coordinates": [ [ [ -65.449889283619314, -33.690482638374554 ], [ -65.449608629006121, -33.689674491847306 ], [ -65.447532380356392, -33.690116006176353 ], [ -65.44779669536473, -33.690946623246212 ], [ -65.449889283619314, -33.690482638374554 ] ] ] } },
{ "type": "Feature", "properties": { "codigo_indec": "740351201" }, "geometry": { "type": "Polygon", "coordinates": [ [ [ -65.459085684250709, -33.686709635885393 ], [ -65.454720151862944, -33.687632580114233 ], [ -65.455811547861984, -33.691144463809238 ], [ -65.460088385213183, -33.69020306370188 ], [ -65.459085684250709, -33.686709635885393 ] ] ] } },
{ "type": "Feature", "properties": { "codigo_indec": "740351114" }, "geometry": { "type": "Polygon", "coordinates": [ [ [ -65.472629179497972, -33.686605899238714 ], [ -65.469365582185603, -33.687245559998182 ], [ -65.470120683087643, -33.68985431436419 ], [ -65.471233007445164, -33.689615657751759 ], [ -65.473204347325193, -33.696182937928874 ], [ -65.476915655333045, -33.692908007269111 ], [ -65.475215105391285, -33.68700007269198 ], [ -65.47287991559557, -33.687490500166774 ], [ -65.472629179497972, -33.686605899238714 ] ] ] } },
{ "type": "Feature", "properties": { "codigo_indec": "740351010" }, "geometry": { "type": "Polygon", "coordinates": [ [ [ -65.473939153297692, -33.671172207245995 ], [ -65.472854030518207, -33.671411006268492 ], [ -65.474171931964463, -33.675888379335994 ], [ -65.477373444779261, -33.675185215937908 ], [ -65.476387229325994, -33.671552244412318 ], [ -65.4741631781243, -33.672011615670861 ], [ -65.473939153297692, -33.671172207245995 ] ] ] } },
{ "type": "Feature", "properties": { "codigo_indec": "740351007" }, "geometry": { "type": "Polygon", "coordinates": [ [ [ -65.49010873664254, -33.666916964449875 ], [ -65.485506504634841, -33.666618407944412 ], [ -65.482582443232516, -33.667417611213104 ], [ -65.483364438644855, -33.670075992853761 ], [ -65.489917549028959, -33.66871029203093 ], [ -65.49010873664254, -33.666916964449875 ] ] ] } },
{ "type": "Feature", "properties": { "codigo_indec": "740351005" }, "geometry": { "type": "Polygon", "coordinates": [ [ [ -65.485506504634841, -33.666618407944412 ], [ -65.483438638015087, -33.665329559551381 ], [ -65.480380940062275, -33.66594333148327 ], [ -65.479780007258839, -33.666810814655157 ], [ -65.478858419672491, -33.666315579165357 ], [ -65.470701819381929, -33.668061510838747 ], [ -65.471769012096303, -33.671631764877894 ], [ -65.478225483339344, -33.670248241605876 ], [ -65.477727269287882, -33.668384405295498 ], [ -65.485506504634841, -33.666618407944412 ] ] ] } },
{ "type": "Feature", "properties": { "codigo_indec": "740351001" }, "geometry": { "type": "Polygon", "coordinates": [ [ [ -65.469635127864478, -33.664423630758861 ], [ -65.470715324581761, -33.668057060847225 ], [ -65.478858419672491, -33.666315579165357 ], [ -65.479780007258839, -33.666810814655157 ], [ -65.480380940062275, -33.66594333148327 ], [ -65.483438638015087, -33.665329559551381 ], [ -65.481774152770114, -33.661959750320932 ], [ -65.473513317361281, -33.66407958399779 ], [ -65.469635127864478, -33.664423630758861 ] ] ] } },
{ "type": "Feature", "properties": { "codigo_indec": "740350714" }, "geometry": { "type": "Polygon", "coordinates": [ [ [ -65.458541177191933, -33.661742961811186 ], [ -65.460165650278995, -33.667488527079023 ], [ -65.463385800155336, -33.66679031324152 ], [ -65.462303063958885, -33.663183856030827 ], [ -65.458541177191933, -33.661742961811186 ] ] ] } },
{ "type": "Feature", "properties": { "codigo_indec": "740350704" }, "geometry": { "type": "Polygon", "coordinates": [ [ [ -65.449834764661915, -33.655438640626663 ], [ -65.450386752930982, -33.657217179923251 ], [ -65.456721104817333, -33.655847753269903 ], [ -65.456212200430812, -33.654055907216033 ], [ -65.449834764661915, -33.655438640626663 ] ] ] } },
{ "type": "Feature", "properties": { "codigo_indec": "740350701" }, "geometry": { "type": "Polygon", "coordinates": [ [ [ -65.470790359270509, -33.642150859462284 ], [ -65.46042036014164, -33.645252512695272 ], [ -65.461935399457758, -33.64993374218232 ], [ -65.463491849686861, -33.650138851032963 ], [ -65.477990529588482, -33.656931119700289 ], [ -65.477903739181613, -33.655682082817918 ], [ -65.4718110532732, -33.645784037029969 ], [ -65.470790359270509, -33.642150859462284 ] ] ] } },
{ "type": "Feature", "properties": { "codigo_indec": "740070305" }, "geometry": { "type": "Polygon", "coordinates": [ [ [ -65.820686010002092, -32.052731319247229 ], [ -65.819602386092782, -32.053198723531139 ], [ -65.818865670417978, -32.058973769553454 ], [ -65.810406831294003, -32.057906281622635 ], [ -65.809763577370063, -32.064276602905849 ], [ -65.810294245661652, -32.066279414404221 ], [ -65.81160327957754, -32.0683149458822 ], [ -65.823837353289832, -32.079744923602505 ], [ -65.824950621448522, -32.07221186190614 ], [ -65.825482888306084, -32.070783229556859 ], [ -65.82649281853098, -32.070175895458917 ], [ -65.825864387481175, -32.063677498531391 ], [ -65.82645906553104, -32.058605632970952 ], [ -65.825170029018622, -32.058482117180525 ], [ -65.825357443201511, -32.05737765776658 ], [ -65.822017025328392, -32.057106977311093 ], [ -65.820686010002092, -32.052731319247229 ] ] ] } },
{ "type": "Feature", "properties": { "codigo_indec": "740350816" }, "geometry": { "type": "Polygon", "coordinates": [ [ [ -65.458076453824575, -33.667939182514161 ], [ -65.45276421671285, -33.669096825542006 ], [ -65.453553307885656, -33.671768945058318 ], [ -65.458833211433642, -33.670633666991705 ], [ -65.458076453824575, -33.667939182514161 ] ] ] } },
{ "type": "Feature", "properties": { "codigo_indec": "740351209" }, "geometry": { "type": "Polygon", "coordinates": [ [ [ -65.456851100195735, -33.690910124310363 ], [ -65.4504519273206, -33.692315309692802 ], [ -65.451497166731428, -33.695858577502584 ], [ -65.458941453386856, -33.694237038983154 ], [ -65.458704719068109, -33.693289363499076 ], [ -65.457594982178776, -33.693532425888883 ], [ -65.456851100195735, -33.690910124310363 ] ] ] } },
{ "type": "Feature", "properties": { "codigo_indec": "740630401" }, "geometry": { "type": "Polygon", "coordinates": [ [ [ -65.896956833422649, -32.405766743977111 ], [ -65.894642837022644, -32.40749170458426 ], [ -65.899039938371203, -32.408464697679179 ], [ -65.899412952898516, -32.41239216645684 ], [ -65.902944300525277, -32.413026168498412 ], [ -65.900824319909688, -32.414683757772579 ], [ -65.898157439797927, -32.415736690485794 ], [ -65.894192215316608, -32.415611685610408 ], [ -65.893652065600605, -32.418411196604588 ], [ -65.894951680439931, -32.420761371455782 ], [ -65.89412360430029, -32.422018633077691 ], [ -65.892344281031072, -32.420759170580993 ], [ -65.890063469922339, -32.421032237837998 ], [ -65.891363698142783, -32.425041686174758 ], [ -65.890384372532864, -32.426010228878212 ], [ -65.891357898288931, -32.429879616965856 ], [ -65.893270870288916, -32.430652255597153 ], [ -65.892006515989195, -32.432089482424331 ], [ -65.890042675468322, -32.438170138934098 ], [ -65.888579140561262, -32.445797714108764 ], [ -65.885873927666651, -32.451111141593216 ], [ -65.885624507166483, -32.452815232605708 ], [ -65.883760789746333, -32.454783860550272 ], [ -65.883985427822722, -32.460000716802213 ], [ -65.882930233513761, -32.461708563746292 ], [ -65.882840405222353, -32.46331360165906 ], [ -65.884466047504176, -32.466773327709028 ], [ -65.887559781299743, -32.470229842023045 ], [ -65.887340709483794, -32.471036714686115 ], [ -65.884457928830287, -32.473130675997197 ], [ -65.887717026818791, -32.474238271353322 ], [ -65.888491948294302, -32.482043619090106 ], [ -65.892135213822442, -32.491402453081136 ], [ -65.893546167473247, -32.497188375675428 ], [ -65.89373042882022, -32.503370016409171 ], [ -65.895126372494701, -32.510873725944187 ], [ -65.893172207056736, -32.516489962077372 ], [ -65.888310383937608, -32.523505827964968 ], [ -65.884251653329017, -32.528299439670292 ], [ -65.877150400817911, -32.533337960460798 ], [ -65.869581329425642, -32.53558469698033 ], [ -65.862785386159189, -32.538454024825363 ], [ -65.856778408758501, -32.540309424711793 ], [ -65.850534780268816, -32.543489815794231 ], [ -65.849425376829785, -32.543222478485994 ], [ -65.845277505102288, -32.54395236246976 ], [ -65.838582796403713, -32.54598639033145 ], [ -65.834673355067437, -32.548659480688492 ], [ -65.831326474422511, -32.549286253666679 ], [ -65.818488600263336, -32.556193736028384 ], [ -65.807208777321037, -32.560595463196982 ], [ -65.806582869904574, -32.561992195767388 ], [ -65.809329044599195, -32.565012704104603 ], [ -65.809484764045095, -32.568169021054644 ], [ -65.810166329155919, -32.570681389767678 ], [ -65.8109270706628, -32.572274101731594 ], [ -65.813197987821965, -32.573594032746378 ], [ -65.813493761052939, -32.57604719470897 ], [ -65.811315724376271, -32.583740256303848 ], [ -65.808175229258467, -32.601792716933865 ], [ -65.808765094636385, -32.602438354801777 ], [ -65.803601181997308, -32.60970285315728 ], [ -65.804717304386628, -32.614551396021625 ], [ -65.803154018943701, -32.615653575335799 ], [ -65.802368741653225, -32.617852563415667 ], [ -65.803489703409554, -32.62050089897204 ], [ -65.802358409287237, -32.622555066637929 ], [ -65.802092829419109, -32.624610590600888 ], [ -65.802518816896722, -32.628357943649647 ], [ -65.801296567161856, -32.631732987260158 ], [ -65.80224676718052, -32.633348579973777 ], [ -65.802414289001305, -32.635918766941522 ], [ -65.803620352890647, -32.63996039605653 ], [ -65.807024852515696, -32.646422035523521 ], [ -65.807015595070993, -32.650732269450678 ], [ -65.808424401512241, -32.65361093036168 ], [ -65.810117038728933, -32.655890357224131 ], [ -65.813086498458134, -32.658049935741403 ], [ -65.816340301037826, -32.659371256512628 ], [ -65.817600272864709, -32.666199142616449 ], [ -65.821694592320156, -32.671232132090822 ], [ -65.823243810494844, -32.674944911382134 ], [ -65.82564750963175, -32.677941991126943 ], [ -65.827759350895505, -32.683093737037161 ], [ -65.828309478696241, -32.692319090539378 ], [ -65.826460854648431, -32.695666434549821 ], [ -65.825460939407208, -32.699858040017382 ], [ -65.825456744528083, -32.702013141204169 ], [ -65.820768058304992, -32.709432173593676 ], [ -65.817100713566333, -32.711234821215285 ], [ -65.816840278700653, -32.712109106318628 ], [ -65.818039932996228, -32.714870105069537 ], [ -65.818844699599737, -32.719095809563377 ], [ -65.822666884453568, -32.724087759312617 ], [ -65.831206019975383, -32.729829943124663 ], [ -65.833413160432315, -32.733322529090785 ], [ -65.833997280797036, -32.736190753548449 ], [ -65.836501795737732, -32.736194045037195 ], [ -65.839301908031189, -32.7379424813615 ], [ -65.839689307599798, -32.737582292024491 ], [ -65.839935596375128, -32.741554653125782 ], [ -65.840959476438442, -32.743278227736702 ], [ -65.840775025139266, -32.746501615357644 ], [ -65.841249690480467, -32.751100947807743 ], [ -65.839898156473339, -32.755030689405679 ], [ -65.838656315221371, -32.770556539057758 ], [ -65.840621500056812, -32.780274957900176 ], [ -65.840359114567818, -32.780761545719763 ], [ -65.84150988957461, -32.787931575361377 ], [ -65.843883453666322, -32.790396213748359 ], [ -65.845188270913937, -32.795158838713384 ], [ -65.847028501276071, -32.799074499491432 ], [ -65.84879725663582, -32.804311041238073 ], [ -65.848820869600843, -32.80928396518491 ], [ -65.850930371075563, -32.813677787822684 ], [ -65.853347061637976, -32.814839329645238 ], [ -65.853171671497066, -32.817598333220616 ], [ -65.852133914281836, -32.818764816010329 ], [ -65.857784025963582, -32.826480909380443 ], [ -65.86038064302187, -32.837493591554697 ], [ -65.862926092773307, -32.842248359336374 ], [ -65.864548632253559, -32.846461057737415 ], [ -65.862910854782669, -32.848686468308209 ], [ -65.863825106128033, -32.851586424359169 ], [ -65.870160133587959, -32.864284537483641 ], [ -65.86804652129257, -32.864832360381634 ], [ -65.868654185632707, -32.871176424918254 ], [ -65.873868679964048, -32.869148469392933 ], [ -65.886640569048595, -32.868443847082709 ], [ -65.893116148318526, -32.865676833461833 ], [ -65.9010986412286, -32.859723186133543 ], [ -65.903062048176167, -32.857006106455501 ], [ -65.909835730956573, -32.853922857280061 ], [ -65.912851943911775, -32.850223524226038 ], [ -65.91691563057833, -32.848445433998513 ], [ -65.921285031743196, -32.845039837243668 ], [ -65.934631103756942, -32.846359492265115 ], [ -65.947323729271019, -32.846929040523641 ], [ -65.952230637511988, -32.84480299979451 ], [ -65.955156109193297, -32.842202679189072 ], [ -65.958852737751585, -32.840454651467752 ], [ -65.966514145495495, -32.839911407300029 ], [ -65.969523517848728, -32.840151126809353 ], [ -65.974814141022435, -32.837677136111097 ], [ -65.979292464353875, -32.836370491384223 ], [ -65.983506698182993, -32.83295817980737 ], [ -65.98636394053689, -32.831524818716588 ], [ -65.988332354505232, -32.827160781631598 ], [ -65.991939675459648, -32.82461826577854 ], [ -65.996147401107791, -32.824217208427861 ], [ -66.006821211215211, -32.820750035156166 ], [ -66.0141683752001, -32.820826063997693 ], [ -66.01627471183393, -32.82028929466086 ], [ -66.019531920066953, -32.820883952786488 ], [ -66.031489385791971, -32.819858083403012 ], [ -66.035186470302378, -32.81863529127213 ], [ -66.036655686487478, -32.814297676133847 ], [ -66.044388893617011, -32.807924633233121 ], [ -66.045591829227789, -32.806066689188654 ], [ -66.051270645577091, -32.803494633403623 ], [ -66.058517493640522, -32.799235406695665 ], [ -66.062123000293681, -32.798579933352158 ], [ -66.070978165458897, -32.800852034509241 ], [ -66.084758427607028, -32.805865962950882 ], [ -66.084357265767991, -32.805054699603318 ], [ -66.085245859857594, -32.804765552318585 ], [ -66.086869937532626, -32.805959194928839 ], [ -66.088444412784966, -32.808234896463972 ], [ -66.091456079005368, -32.808832366317802 ], [ -66.094287217730198, -32.810331603673504 ], [ -66.096267666098896, -32.810077619618305 ], [ -66.095947257580505, -32.807521534403818 ], [ -66.09694682024427, -32.80619075055909 ], [ -66.100857345047572, -32.80617413639586 ], [ -66.103555471676941, -32.803399192532694 ], [ -66.104161298900578, -32.798745891629082 ], [ -66.104017650705956, -32.794575621860901 ], [ -66.102228227291491, -32.788846750423602 ], [ -66.091997542299268, -32.77212799478032 ], [ -66.084530633847308, -32.748463335707719 ], [ -66.082816323535283, -32.740840492652211 ], [ -66.075099338883078, -32.721395350108018 ], [ -66.072175107443542, -32.716302364691998 ], [ -66.069764435908951, -32.709405584937869 ], [ -66.064432995594089, -32.685400130526439 ], [ -66.063697290132765, -32.677934242122127 ], [ -66.06427044188375, -32.678033139411653 ], [ -66.055656557579624, -32.645241493911229 ], [ -66.013612628437656, -32.572032337542254 ], [ -66.004770204736928, -32.558087579471113 ], [ -65.984510836690745, -32.523049482939328 ], [ -65.966595624942002, -32.485172568175074 ], [ -65.9319698776861, -32.418649625086807 ], [ -65.92233496363923, -32.412723995020833 ], [ -65.903866690185822, -32.407846256551558 ], [ -65.899333714117134, -32.40716188706039 ], [ -65.896956833422649, -32.405766743977111 ] ] ] } },
{ "type": "Feature", "properties": { "codigo_indec": "740561705" }, "geometry": { "type": "Polygon", "coordinates": [ [ [ -66.390264345364272, -33.327455177443817 ], [ -66.387059807559567, -33.327780771102944 ], [ -66.385250575263314, -33.328507692289328 ], [ -66.382132210205214, -33.330748836731928 ], [ -66.37338286866138, -33.344980473486373 ], [ -66.382155249206079, -33.351395853471132 ], [ -66.386230217288642, -33.356396239418352 ], [ -66.402071591900963, -33.367985811858858 ], [ -66.404226011007239, -33.372631145850733 ], [ -66.407873567933919, -33.377095726177743 ], [ -66.408846878630243, -33.402513455867705 ], [ -66.423296481349581, -33.430126302112789 ], [ -66.431612207973032, -33.469420997967006 ], [ -66.43761006760792, -33.478064324625855 ], [ -66.467678865342847, -33.510204510929626 ], [ -66.496652506538993, -33.539442925452676 ], [ -66.510408146353427, -33.55207678247654 ], [ -66.515729773800714, -33.557441682564381 ], [ -66.518151918164335, -33.560916180417991 ], [ -66.519783338894854, -33.556856733276575 ], [ -66.520529427234734, -33.548838533536816 ], [ -66.522923881911552, -33.468546507977045 ], [ -66.530966114869656, -33.423247644972058 ], [ -66.560499499619581, -33.423726291381897 ], [ -66.58755049264154, -33.420373391802535 ], [ -66.588732998722264, -33.367741339049367 ], [ -66.390264345364272, -33.327455177443817 ] ] ] } },
{ "type": "Feature", "properties": { "codigo_indec": "740560401" }, "geometry": { "type": "Polygon", "coordinates": [ [ [ -66.288767346600892, -33.118993896718941 ], [ -66.24497724836813, -33.118641356168716 ], [ -66.209085756380475, -33.1189141260108 ], [ -66.209773545545218, -33.122023687176146 ], [ -66.225345194119015, -33.146007567197401 ], [ -66.229018514749683, -33.165467524614037 ], [ -66.18082552902915, -33.236551459231698 ], [ -66.154212639871631, -33.235595492684141 ], [ -66.137868050004343, -33.215873202128854 ], [ -66.13859228299701, -33.219388810830822 ], [ -66.133531969312003, -33.270697689859837 ], [ -66.136542977871912, -33.270879255074497 ], [ -66.157250425026362, -33.275340428484981 ], [ -66.158621517854357, -33.275244014918833 ], [ -66.161070923029456, -33.273442102141054 ], [ -66.162430997394637, -33.270311655187051 ], [ -66.163290541590229, -33.266456032615672 ], [ -66.165021590535687, -33.263798425996548 ], [ -66.167364331019513, -33.262578084373807 ], [ -66.171526809445965, -33.261706840250618 ], [ -66.17261933945457, -33.260605330615618 ], [ -66.172077565001004, -33.259339280546882 ], [ -66.173670034066333, -33.257357971479998 ], [ -66.173737762222288, -33.254977551966306 ], [ -66.170387890699033, -33.254130138423079 ], [ -66.172861585267995, -33.248734923812314 ], [ -66.176601786854661, -33.247670242917245 ], [ -66.177465683824437, -33.246384176984684 ], [ -66.180837316320549, -33.244882598701217 ], [ -66.181902132669933, -33.244804406600245 ], [ -66.182851374115472, -33.245907523247453 ], [ -66.183815123513199, -33.250085200397699 ], [ -66.185182614259759, -33.249754073546285 ], [ -66.186573012254414, -33.250108142860562 ], [ -66.187159173752633, -33.248213820300251 ], [ -66.188669499870727, -33.246958259895791 ], [ -66.1895383601736, -33.248056938622966 ], [ -66.190183873741574, -33.24759160907341 ], [ -66.191300558389116, -33.247914486566827 ], [ -66.192453029889421, -33.247425823480476 ], [ -66.194330979472241, -33.243834378855325 ], [ -66.197422076514485, -33.244199183127137 ], [ -66.196442235834226, -33.24987655255336 ], [ -66.19659198761677, -33.252058281122757 ], [ -66.199909948656568, -33.252954630147372 ], [ -66.199466140156318, -33.253631571346723 ], [ -66.200077915893388, -33.253671162316031 ], [ -66.203502907919869, -33.253246343226913 ], [ -66.206373800992921, -33.252222761269813 ], [ -66.22483779949566, -33.250540753780037 ], [ -66.225627749578351, -33.24892989930828 ], [ -66.23248950918412, -33.24770906672255 ], [ -66.240291619383072, -33.24806390908676 ], [ -66.239869669571732, -33.25367290872974 ], [ -66.24315076477815, -33.253671045023971 ], [ -66.243108714951731, -33.25495595980901 ], [ -66.244074880762653, -33.255075788268925 ], [ -66.244849995667536, -33.255953360320042 ], [ -66.245094778296547, -33.257143038324969 ], [ -66.246405346852754, -33.257604791109372 ], [ -66.246588869210498, -33.26085482542949 ], [ -66.245573929412529, -33.261546585378568 ], [ -66.245409975177807, -33.262403463002791 ], [ -66.245457885108436, -33.264184098610862 ], [ -66.246011226504791, -33.265359639120412 ], [ -66.244567535081814, -33.266273138685136 ], [ -66.243416667476581, -33.266356544231357 ], [ -66.243423108395177, -33.26867824167801 ], [ -66.242635597346521, -33.269175680127567 ], [ -66.240787120509296, -33.269291978049644 ], [ -66.239900963859839, -33.271011305134962 ], [ -66.239659222345608, -33.274852733424403 ], [ -66.246228337757344, -33.274839896378417 ], [ -66.250557367723303, -33.272225525061728 ], [ -66.254286189499652, -33.27554949111309 ], [ -66.252928687645166, -33.277531345670965 ], [ -66.260128390907084, -33.281055397788762 ], [ -66.261115865298876, -33.280115629611728 ], [ -66.278396763278636, -33.288873545507663 ], [ -66.284304401712447, -33.287331908985813 ], [ -66.284200603985795, -33.286773135163557 ], [ -66.28169147981076, -33.286855485393865 ], [ -66.283724006910504, -33.285462350691375 ], [ -66.283788167875684, -33.283726563923267 ], [ -66.287635453398678, -33.277631706574759 ], [ -66.286809351853037, -33.276943866510813 ], [ -66.286816503771206, -33.275848366622412 ], [ -66.296684550339435, -33.272119499145717 ], [ -66.297019004717569, -33.260735577206809 ], [ -66.300601405210145, -33.260893770967542 ], [ -66.298164836892823, -33.256837773490922 ], [ -66.290366902445214, -33.249936172486684 ], [ -66.289590495228325, -33.228447447733096 ], [ -66.291471210047249, -33.227009449187662 ], [ -66.294359112350335, -33.216412886940446 ], [ -66.29463549981169, -33.207661802163166 ], [ -66.293565238752066, -33.205139732907881 ], [ -66.289044794057133, -33.200335540199383 ], [ -66.287084588506289, -33.196972437976505 ], [ -66.285746380618534, -33.196867320080251 ], [ -66.284911204361592, -33.195620457568999 ], [ -66.284502484865868, -33.189445126698153 ], [ -66.283493966908054, -33.187621595948265 ], [ -66.284698371640673, -33.182871682772308 ], [ -66.28508454524696, -33.182920389587977 ], [ -66.288050496277592, -33.178351232406037 ], [ -66.288045160920817, -33.177539762779283 ], [ -66.289105848626861, -33.17648237764454 ], [ -66.290126859550085, -33.173152925152053 ], [ -66.290866635774051, -33.173151199203147 ], [ -66.292084478453447, -33.171822926796878 ], [ -66.293095868561977, -33.16967913735661 ], [ -66.292836281267029, -33.167380546112078 ], [ -66.28544277367638, -33.152845093952585 ], [ -66.28726179865906, -33.137882515618045 ], [ -66.287328154896656, -33.132756466299192 ], [ -66.288767346600892, -33.118993896718941 ] ], [ [ -66.238920582132636, -33.215440697004212 ], [ -66.239061802378544, -33.219051503485211 ], [ -66.244876990189368, -33.21848568499221 ], [ -66.245484120622933, -33.222704171901711 ], [ -66.244302481044727, -33.225983963492055 ], [ -66.239438986007841, -33.2354381018895 ], [ -66.231509994822687, -33.237400652998787 ], [ -66.225023506359889, -33.234022389461387 ], [ -66.218806942922157, -33.234362577985721 ], [ -66.218029132327729, -33.212756093316429 ], [ -66.223513228891477, -33.211804146314698 ], [ -66.22284610129978, -33.209916399203372 ], [ -66.225954507169689, -33.210131696765998 ], [ -66.231167922510934, -33.207290959861467 ], [ -66.236405188991313, -33.213448362394359 ], [ -66.234955760820981, -33.215948658272666 ], [ -66.238920582132636, -33.215440697004212 ] ] ] } },
{ "type": "Feature", "properties": { "codigo_indec": "740560202" }, "geometry": { "type": "Polygon", "coordinates": [ [ [ -66.517774446956651, -33.116521640069259 ], [ -66.416918355356501, -33.117553570304885 ], [ -66.362417202919033, -33.118621135386903 ], [ -66.288767346600892, -33.118993896718941 ], [ -66.287328154896656, -33.132756466299192 ], [ -66.28726179865906, -33.137882515618045 ], [ -66.28544277367638, -33.152845093952585 ], [ -66.292836281267029, -33.167380546112078 ], [ -66.293095868561977, -33.16967913735661 ], [ -66.292740447354149, -33.170802524705003 ], [ -66.290866635774051, -33.173151199203147 ], [ -66.293705150584117, -33.17395601834329 ], [ -66.29780537220303, -33.173725375465679 ], [ -66.297370699472751, -33.171210818878983 ], [ -66.304243844064572, -33.17067576760445 ], [ -66.30818325784611, -33.171265675017324 ], [ -66.309032242155752, -33.169545933257808 ], [ -66.313968002217649, -33.170692202130581 ], [ -66.315330696249987, -33.167257991763734 ], [ -66.313617493976011, -33.167100021791939 ], [ -66.313654998606481, -33.165589667841388 ], [ -66.314611653891944, -33.165546680428903 ], [ -66.314371106054367, -33.16423088237373 ], [ -66.31503049176672, -33.162755021840759 ], [ -66.315975829476855, -33.162554264281368 ], [ -66.320580457211534, -33.16337651997727 ], [ -66.32137654161923, -33.158996967374961 ], [ -66.313051736985429, -33.157228398895406 ], [ -66.309072800987039, -33.155132986219762 ], [ -66.307507889532843, -33.153626597103496 ], [ -66.30481308701485, -33.153155347006326 ], [ -66.303437631212802, -33.152162382560604 ], [ -66.303468077161696, -33.146995852569241 ], [ -66.310418941244208, -33.14777217666127 ], [ -66.312737897760101, -33.148839339590651 ], [ -66.313975624560044, -33.151022726601695 ], [ -66.310629629230789, -33.154331153514896 ], [ -66.313614780595458, -33.155797868877805 ], [ -66.31893253949076, -33.156803227883238 ], [ -66.319208876735033, -33.155409472624342 ], [ -66.326006924481518, -33.156676712967887 ], [ -66.32515729025252, -33.161728163328675 ], [ -66.322784092727716, -33.161351136786827 ], [ -66.322039089229065, -33.165027279580492 ], [ -66.318942066558108, -33.172018505881979 ], [ -66.32204976885663, -33.173078957596132 ], [ -66.327565568135014, -33.172974404300803 ], [ -66.327683367255361, -33.175818786814617 ], [ -66.328943333156658, -33.175860546689023 ], [ -66.32927796537281, -33.178614188615853 ], [ -66.32736847485927, -33.179079063145586 ], [ -66.323875408581003, -33.178993526198944 ], [ -66.328431855426345, -33.186050483364582 ], [ -66.331267017105759, -33.185763461546536 ], [ -66.331545647211101, -33.187142234971816 ], [ -66.332255522096986, -33.187000587537817 ], [ -66.332478556165626, -33.188559835625256 ], [ -66.334279270634951, -33.18834763511925 ], [ -66.338663085246779, -33.183642730446486 ], [ -66.343233232527083, -33.180785527081277 ], [ -66.348413291681396, -33.182430163108179 ], [ -66.347177267709384, -33.198676709835702 ], [ -66.344702014922035, -33.197849571058541 ], [ -66.340645616982599, -33.194420974100396 ], [ -66.337976961357299, -33.193449966653638 ], [ -66.316040860207011, -33.191875620691768 ], [ -66.315993999419959, -33.19450403043858 ], [ -66.308621266530423, -33.19452252903077 ], [ -66.309212909696441, -33.19122555269233 ], [ -66.284577627027389, -33.183665407294072 ], [ -66.283493966908054, -33.187621595948265 ], [ -66.284502484865868, -33.189445126698153 ], [ -66.284911204361592, -33.195620457568999 ], [ -66.285746380618534, -33.196867320080251 ], [ -66.287084588506289, -33.196972437976505 ], [ -66.289044794057133, -33.200335540199383 ], [ -66.293565238752066, -33.205139732907881 ], [ -66.29463549981169, -33.207661802163166 ], [ -66.294359112350335, -33.216412886940446 ], [ -66.291471210047249, -33.227009449187662 ], [ -66.289590495228325, -33.228447447733096 ], [ -66.290366902445214, -33.249936172486684 ], [ -66.298164836892823, -33.256837773490922 ], [ -66.300601405210145, -33.260893770967542 ], [ -66.30954201095021, -33.261092736579968 ], [ -66.30982150384645, -33.25894164334219 ], [ -66.319795475043321, -33.259304095689032 ], [ -66.318998070521431, -33.266532734704356 ], [ -66.32297570261585, -33.266833529338285 ], [ -66.322754237263752, -33.270088997239569 ], [ -66.352214781921205, -33.256137419893484 ], [ -66.352333075627556, -33.259540748599242 ], [ -66.354973425051824, -33.259609878144502 ], [ -66.359250861819859, -33.289274749540574 ], [ -66.360424104298332, -33.289366023876738 ], [ -66.359977136814834, -33.289015684273444 ], [ -66.387843943888683, -33.261076029800918 ], [ -66.406641507822329, -33.241423526229504 ], [ -66.407102289733757, -33.240137191980693 ], [ -66.414735387748848, -33.232538255939694 ], [ -66.422925583318658, -33.223386144062346 ], [ -66.427114966593876, -33.219580458248139 ], [ -66.430390552902892, -33.215980662763513 ], [ -66.430872839801353, -33.21480235929026 ], [ -66.45371403858978, -33.192288464002267 ], [ -66.465444298127451, -33.187443934567554 ], [ -66.476874805745354, -33.177978554866066 ], [ -66.519249342300711, -33.140922988738353 ], [ -66.505792685634574, -33.138895558933591 ], [ -66.518763787022664, -33.123514287841907 ], [ -66.517774446956651, -33.116521640069259 ] ] ] } },
{ "type": "Feature", "properties": { "codigo_indec": "740420205" }, "geometry": { "type": "Polygon", "coordinates": [ [ [ -65.115620371481441, -34.670589042797019 ], [ -65.116488410465863, -35.035149051129949 ], [ -65.115262729924609, -35.09594881191471 ], [ -65.136057812629218, -35.090280662409626 ], [ -65.245888474870981, -35.102122535351157 ], [ -65.245999384118633, -35.101393138445793 ], [ -65.251922149310701, -35.101961621026639 ], [ -65.252159291643423, -35.102715704649604 ], [ -65.253741112882224, -35.103347377913565 ], [ -65.429151910502043, -35.122795956325881 ], [ -65.480408523315887, -35.12893939197744 ], [ -65.519321927273708, -35.132583701819946 ], [ -65.570853141657125, -35.133858756426015 ], [ -65.57994919849375, -35.132223117280397 ], [ -65.579999849788692, -35.122357948529697 ], [ -65.602735353913346, -35.122569800516473 ], [ -65.606205495232885, -35.014007082041033 ], [ -65.628262191864707, -35.014157764247848 ], [ -65.62507746131898, -34.912431488709572 ], [ -65.506696911264712, -34.91307676470116 ], [ -65.507634709153137, -34.672816233612963 ], [ -65.249802746130257, -34.67168246995211 ], [ -65.115620371481441, -34.670589042797019 ] ], [ [ -65.264929854526542, -34.751309654751594 ], [ -65.271724062123013, -34.751472164974977 ], [ -65.271771348544959, -34.756970952799826 ], [ -65.26458926755312, -34.756774551719147 ], [ -65.264382938167202, -34.760027334642196 ], [ -65.256711255246927, -34.760201586250034 ], [ -65.256624421592591, -34.761359345166113 ], [ -65.251597959408414, -34.761297004908059 ], [ -65.251250325001379, -34.766531951623755 ], [ -65.240094047021429, -34.766057205991899 ], [ -65.240132910481591, -34.76181640591188 ], [ -65.24254915424352, -34.761853995865224 ], [ -65.24295382932381, -34.752820060443433 ], [ -65.25139214277705, -34.752939832242888 ], [ -65.251702484125119, -34.749106311202397 ], [ -65.264917113938594, -34.749358059078553 ], [ -65.264929854526542, -34.751309654751594 ] ] ] } },
{ "type": "Feature", "properties": { "codigo_indec": "740351803" }, "geometry": { "type": "Polygon", "coordinates": [ [ [ -65.453115509456467, -34.401314297625376 ], [ -65.328423363247282, -34.426064613310707 ], [ -65.252200694443729, -34.43969377607921 ], [ -65.251552590487748, -34.470266532062169 ], [ -65.157964456771666, -34.46997762324861 ], [ -65.157844943556682, -34.45207443859691 ], [ -65.11550861100126, -34.451870120671209 ], [ -65.115417952727569, -34.560936519124432 ], [ -65.201730506630739, -34.561531435823852 ], [ -65.452895805717645, -34.560062390933474 ], [ -65.453657562465125, -34.464274172101319 ], [ -65.453115509456467, -34.401314297625376 ] ] ] } },
{ "type": "Feature", "properties": { "codigo_indec": "740351705" }, "geometry": { "type": "Polygon", "coordinates": [ [ [ -65.552010602829725, -33.853977204023444 ], [ -65.518301428112352, -33.860372733015168 ], [ -65.52372126121675, -33.876846874647455 ], [ -65.282292112383189, -33.924891189434319 ], [ -65.282785189538444, -33.960882454825487 ], [ -65.28238136989215, -33.970318905854917 ], [ -65.269469041877201, -33.974245628099155 ], [ -65.264595086917879, -33.976984223347486 ], [ -65.265372575349488, -33.982519607939707 ], [ -65.26164082507664, -33.987635850584262 ], [ -65.263832799953221, -33.991349662214262 ], [ -65.282465208302355, -33.994146228293232 ], [ -65.282668083014201, -34.051739819846546 ], [ -65.282977903333716, -34.052246465778715 ], [ -65.114817419759888, -34.052272903378793 ], [ -65.115218307903802, -34.197926737781941 ], [ -65.195880354110301, -34.198306200794654 ], [ -65.205864470125945, -34.233564526971563 ], [ -65.399183099120023, -34.214592719793124 ], [ -65.40073783696883, -34.222600968531168 ], [ -65.405599981634495, -34.2252704755252 ], [ -65.427734079376606, -34.225704801529886 ], [ -65.441806856908386, -34.225400056572312 ], [ -65.443184241364776, -34.223891827713643 ], [ -65.443958832033815, -34.221623605556566 ], [ -65.444739176348406, -34.218471949773424 ], [ -65.445178263430321, -34.213155182030555 ], [ -65.449894396784913, -34.205865380695286 ], [ -65.455450464348587, -34.201540500291337 ], [ -65.459882176282008, -34.20075776924422 ], [ -65.464020838152507, -34.198265279028824 ], [ -65.467948481383644, -34.199102729452058 ], [ -65.470004404948028, -34.201712420082053 ], [ -65.47495579956049, -34.202400812654538 ], [ -65.479236427137437, -34.205434534749081 ], [ -65.4810894851868, -34.207587927066889 ], [ -65.483898500794766, -34.208244341239457 ], [ -65.517669581222535, -34.202350819686771 ], [ -65.522488506926507, -34.198227324642041 ], [ -65.525706047564654, -34.198104582499255 ], [ -65.527278001976612, -34.200265212249199 ], [ -65.528751120117818, -34.204115735711987 ], [ -65.568838874919877, -34.196316530076871 ], [ -65.568383028538761, -34.195287225200559 ], [ -65.630789778527756, -34.182815861987422 ], [ -65.608249561755287, -34.106280557017762 ], [ -65.572715996007418, -33.978764417311972 ], [ -65.579334662685142, -33.971354141555942 ], [ -65.575754340488871, -33.965648711335099 ], [ -65.570533176924314, -33.965229424028998 ], [ -65.567245178780837, -33.962319498270944 ], [ -65.554298076186228, -33.91801720316019 ], [ -65.578360175863523, -33.9133418288908 ], [ -65.564521510298306, -33.868230332641637 ], [ -65.556202755940092, -33.869733276923967 ], [ -65.552010602829725, -33.853977204023444 ] ] ] } },
{ "type": "Feature", "properties": { "codigo_indec": "740350405" }, "geometry": { "type": "Polygon", "coordinates": [ [ [ -65.560396786141339, -33.423185827812567 ], [ -65.486279245739553, -33.432516590005143 ], [ -65.483590592955352, -33.458895193040703 ], [ -65.481061245729961, -33.497058080573211 ], [ -65.478402786380201, -33.523594182910294 ], [ -65.478645206231576, -33.535216640093481 ], [ -65.477906620467422, -33.545252664677598 ], [ -65.471518772439154, -33.562982212803206 ], [ -65.463760793678702, -33.581936090098672 ], [ -65.457394757912994, -33.596563453002148 ], [ -65.445895254187249, -33.619543149682983 ], [ -65.461877293863949, -33.616381580613535 ], [ -65.586673223390477, -33.594998237179126 ], [ -65.587742540899939, -33.593852288158523 ], [ -65.588007779549571, -33.592446704115652 ], [ -65.587498386067963, -33.590826667470871 ], [ -65.586210835198955, -33.58974047011607 ], [ -65.58195814063464, -33.588103328474432 ], [ -65.580419028896969, -33.586155209645348 ], [ -65.5806875010136, -33.584100511412011 ], [ -65.581472971819366, -33.582052069280493 ], [ -65.58742878129739, -33.578289924670919 ], [ -65.591045030073914, -33.577760976405564 ], [ -65.593524457154203, -33.572152272331394 ], [ -65.593535590294806, -33.569776631943682 ], [ -65.592513357197959, -33.567284894954476 ], [ -65.592706716386942, -33.566244199787349 ], [ -65.588749556412722, -33.559843378484992 ], [ -65.588760964626289, -33.557436179737287 ], [ -65.589803184067733, -33.554513986945771 ], [ -65.592893336403563, -33.552292757196987 ], [ -65.593110034153042, -33.549710419756138 ], [ -65.591689530540592, -33.546099389645022 ], [ -65.592108657238228, -33.544550038238796 ], [ -65.594160552011118, -33.544385478511956 ], [ -65.595200810605832, -33.541810338246478 ], [ -65.59500236390079, -33.53992085912347 ], [ -65.597267792937998, -33.538377512826919 ], [ -65.598510039887657, -33.536321412807361 ], [ -65.598933742103753, -33.533744236538773 ], [ -65.602447761259512, -33.528080049071747 ], [ -65.606160724681359, -33.524138429516746 ], [ -65.611720520083324, -33.520545103099835 ], [ -65.617876747274494, -33.520735550376813 ], [ -65.623222666137551, -33.518520481973859 ], [ -65.629188944722259, -33.515270205648392 ], [ -65.641083948551781, -33.517541196434351 ], [ -65.643957967777794, -33.516859770174612 ], [ -65.64807469609255, -33.514292971120511 ], [ -65.650774362395595, -33.506736218239915 ], [ -65.650989195887561, -33.504158256103139 ], [ -65.64977494283815, -33.499687414086964 ], [ -65.647723610010317, -33.49933448379614 ], [ -65.647320253543512, -33.497958399596101 ], [ -65.64753028800375, -33.496584060148038 ], [ -65.652269614295093, -33.491440305838061 ], [ -65.652483612481873, -33.489723359577781 ], [ -65.655156273159434, -33.488008770374137 ], [ -65.655575996919907, -33.485949781856 ], [ -65.653946093543794, -33.483190852844324 ], [ -65.654568932842523, -33.48078531683479 ], [ -65.655603221193658, -33.47907064541608 ], [ -65.657249362965828, -33.477700266718109 ], [ -65.658079169727202, -33.475295282608919 ], [ -65.656858846895275, -33.472370720338141 ], [ -65.658197340920466, -33.469173730099904 ], [ -65.557907004469129, -33.469961085200907 ], [ -65.557849728070025, -33.465881147773864 ], [ -65.556392399643599, -33.462657233154097 ], [ -65.552868600355382, -33.457072689616595 ], [ -65.552444656861866, -33.455322056137732 ], [ -65.552575157559886, -33.450855097271599 ], [ -65.55549513903442, -33.443499516216214 ], [ -65.558218623942849, -33.439276225613355 ], [ -65.557214651863816, -33.432623322360456 ], [ -65.559934011294402, -33.427534429822529 ], [ -65.560396786141339, -33.423185827812567 ] ] ] } },
{ "type": "Feature", "properties": { "codigo_indec": "740350403" }, "geometry": { "type": "Polygon", "coordinates": [ [ [ -65.486279245739553, -33.432516590005143 ], [ -65.485776149785622, -33.432582125149359 ], [ -65.487093258404016, -33.420267203857648 ], [ -65.470109932478707, -33.423107990239494 ], [ -65.428460303328293, -33.426272514778788 ], [ -65.37934260528877, -33.432473845055036 ], [ -65.368233652043955, -33.434473386051373 ], [ -65.370358820413188, -33.418643195029837 ], [ -65.291053081200815, -33.440633283993392 ], [ -65.287428130393565, -33.439751493393445 ], [ -65.225638252157793, -33.452566654413701 ], [ -65.255834244150648, -33.488102468373711 ], [ -65.256482475417727, -33.500696858589137 ], [ -65.257678739628474, -33.559698282515036 ], [ -65.258694316090811, -33.566871814901639 ], [ -65.268460484269909, -33.609528761363919 ], [ -65.271368156432501, -33.608752549553508 ], [ -65.27926013167118, -33.610439623009832 ], [ -65.278045424973513, -33.614295724534671 ], [ -65.279629452990093, -33.6146159979657 ], [ -65.279148460153905, -33.616411807434844 ], [ -65.362722633631861, -33.63583954556406 ], [ -65.37437074346785, -33.638143919969608 ], [ -65.372851727573291, -33.632091240707773 ], [ -65.445895254187249, -33.619543149682983 ], [ -65.457394757912994, -33.596563453002148 ], [ -65.463760793678702, -33.581936090098672 ], [ -65.471518772439154, -33.562982212803206 ], [ -65.477906620467422, -33.545252664677598 ], [ -65.478645206231576, -33.535216640093481 ], [ -65.478402786380201, -33.523594182910294 ], [ -65.481061245729961, -33.497058080573211 ], [ -65.483590592955352, -33.458895193040703 ], [ -65.486279245739553, -33.432516590005143 ] ] ] } },
{ "type": "Feature", "properties": { "codigo_indec": "740350401" }, "geometry": { "type": "Polygon", "coordinates": [ [ [ -65.302950628745435, -33.19700165007751 ], [ -65.222033219100652, -33.195661127060141 ], [ -65.215052249907771, -33.194729205962247 ], [ -65.142105810485617, -33.202808549942347 ], [ -65.138563437207111, -33.295824683160369 ], [ -65.1354762987161, -33.36302566524278 ], [ -65.150386064544122, -33.363917482106586 ], [ -65.176408178688092, -33.395071295776404 ], [ -65.19255042425921, -33.41297011933252 ], [ -65.225638252157793, -33.452566654413701 ], [ -65.287428130393565, -33.439751493393445 ], [ -65.291053081200815, -33.440633283993392 ], [ -65.337703970080938, -33.427894785315502 ], [ -65.321073147528395, -33.367700092780439 ], [ -65.318539088094084, -33.363683110841805 ], [ -65.310068070307608, -33.345167058027791 ], [ -65.301474477252953, -33.328993876923626 ], [ -65.297033971505158, -33.315543955287303 ], [ -65.293622805597252, -33.297438408259111 ], [ -65.291742050367006, -33.270095449318561 ], [ -65.297860273513066, -33.227443250671797 ], [ -65.302950628745435, -33.19700165007751 ] ] ] } },
{ "type": "Feature", "properties": { "codigo_indec": "740280204" }, "geometry": { "type": "Polygon", "coordinates": [ [ [ -65.093542678908051, -32.557164098585652 ], [ -65.062650554997632, -32.56173453252044 ], [ -65.054454304129607, -32.562520731375777 ], [ -65.052099048526344, -32.555127181869395 ], [ -65.029150324193651, -32.557557919297146 ], [ -65.026704499104099, -32.558512826298163 ], [ -65.011846751853909, -32.558721514084063 ], [ -65.001093519355337, -32.558203715058369 ], [ -65.000012372787836, -32.549845534141589 ], [ -64.981361339130203, -32.549997862522176 ], [ -64.982317536692221, -32.567619930887496 ], [ -64.983763426806462, -32.571125636240076 ], [ -64.986461648069522, -32.580935144179222 ], [ -64.965848959319075, -32.578391278943165 ], [ -64.95392430667475, -32.58136728583515 ], [ -64.944964854260306, -32.582532179261065 ], [ -64.879554245347649, -32.58182617972556 ], [ -64.888081556318767, -32.592645262984739 ], [ -64.894731076130896, -32.599101248090356 ], [ -64.904094395077138, -32.605630185591075 ], [ -64.913815620472519, -32.607774932078442 ], [ -64.921995096134026, -32.611713547342063 ], [ -64.924367062004251, -32.617148385581437 ], [ -64.923983260794557, -32.623848974168617 ], [ -64.919642105827478, -32.630001617121536 ], [ -64.919004227704463, -32.632317907855899 ], [ -64.917142798872703, -32.635137594063998 ], [ -64.916801864941931, -32.638227351875408 ], [ -64.917966430512962, -32.642623975972334 ], [ -64.919465449003724, -32.644697183022082 ], [ -64.920323417640489, -32.649348116957398 ], [ -64.922441954947431, -32.650655696510874 ], [ -64.922414160359395, -32.652972724304668 ], [ -64.921757610622819, -32.656835205286363 ], [ -64.916937088825833, -32.669439448958698 ], [ -64.915558813641468, -32.678299841483188 ], [ -64.918779498780452, -32.679986685561488 ], [ -64.924151038847228, -32.680582874303802 ], [ -64.92950458627142, -32.682693463659909 ], [ -64.946576176233421, -32.686147062814619 ], [ -64.9496850878527, -32.684933350521128 ], [ -64.952619531980076, -32.684957884907867 ], [ -64.955407459633236, -32.683601591492739 ], [ -64.959492827701709, -32.682521992259367 ], [ -64.964360964370158, -32.682201609785899 ], [ -64.968315990752529, -32.681084578341803 ], [ -64.972539030179533, -32.677967925496162 ], [ -64.974700604349422, -32.67796757561409 ], [ -64.977211122895866, -32.678921288107141 ], [ -64.979131071740753, -32.678607818297962 ], [ -64.978690856012221, -32.675367263887175 ], [ -64.982454339065612, -32.675352759061049 ], [ -64.98836680404743, -32.672902958047572 ], [ -64.990644404249707, -32.674661514622066 ], [ -64.993009457571475, -32.674572318476891 ], [ -64.995445240799398, -32.677450123513424 ], [ -64.995059956632787, -32.677582287845979 ], [ -64.995408708819909, -32.678094521662615 ], [ -65.06091235629934, -32.679336777734271 ], [ -65.064311858429789, -32.666188724801536 ], [ -65.064683872564828, -32.656570622621324 ], [ -65.061443138055893, -32.642840945736673 ], [ -65.061091185339649, -32.628073327696001 ], [ -65.063338143044618, -32.627179412552771 ], [ -65.065064088345522, -32.616182751549523 ], [ -65.065759946524977, -32.599186698093725 ], [ -65.096155097185374, -32.592339833195027 ], [ -65.097020538649545, -32.571886713466562 ], [ -65.093542678908051, -32.557164098585652 ] ], [ [ -64.975422057699419, -32.62220537979718 ], [ -64.975421599518498, -32.613359980943834 ], [ -64.993074380544286, -32.613619969337407 ], [ -64.992804941985483, -32.622697658576804 ], [ -64.98844762323462, -32.621472426637943 ], [ -64.983551317685354, -32.622226360969862 ], [ -64.982566911785938, -32.621889278823708 ], [ -64.982274223834949, -32.622567669015382 ], [ -64.981257925366435, -32.622694678876663 ], [ -64.979621862230928, -32.622744512243926 ], [ -64.979549328623648, -32.622329154128373 ], [ -64.977712032863309, -32.621804766190479 ], [ -64.975422057699419, -32.62220537979718 ] ] ] } },
{ "type": "Feature", "properties": { "codigo_indec": "740210404" }, "geometry": { "type": "Polygon", "coordinates": [ [ [ -65.862102380004927, -33.203948906959369 ], [ -65.861367953610497, -33.207189509019088 ], [ -65.852461321200565, -33.204974744278481 ], [ -65.846559222125904, -33.200621672114032 ], [ -65.828977392876126, -33.206702897453816 ], [ -65.824821711548822, -33.209149592145913 ], [ -65.798433643014945, -33.216029766144302 ], [ -65.663517874593282, -33.258894901096596 ], [ -65.65807036055034, -33.26192305209819 ], [ -65.651608287470921, -33.262910434521828 ], [ -65.651477441118942, -33.263428506340176 ], [ -65.652625154934157, -33.264950968034853 ], [ -65.652196037930253, -33.266257134624382 ], [ -65.649985894050914, -33.266052573652765 ], [ -65.647511365327176, -33.26687508417055 ], [ -65.647999520441843, -33.26826047131852 ], [ -65.652936075023277, -33.269103850122512 ], [ -65.652930600175324, -33.270487838838108 ], [ -65.65188734978733, -33.271021392690535 ], [ -65.652602072179846, -33.276879482928244 ], [ -65.650974514629738, -33.279913417084259 ], [ -65.653441375513566, -33.281795708479514 ], [ -65.655015684958599, -33.282052543814011 ], [ -65.65545459184375, -33.283045553585225 ], [ -65.654351224614572, -33.28654081153713 ], [ -65.654342053811447, -33.289547717689004 ], [ -65.656047882968338, -33.291206937986679 ], [ -65.654948493159537, -33.292989114432466 ], [ -65.656926798424962, -33.29568595012983 ], [ -65.657009251275937, -33.297250501530819 ], [ -65.655017605353621, -33.298615462412329 ], [ -65.656393776686471, -33.301563087141076 ], [ -65.656139258383391, -33.302806627995153 ], [ -65.655106560420506, -33.303975880593775 ], [ -65.652617890412472, -33.305398026087644 ], [ -65.651019368913609, -33.307746790643513 ], [ -65.646187711091756, -33.311637164370744 ], [ -65.647307681453938, -33.317514432546673 ], [ -65.645651971892192, -33.319308461127463 ], [ -65.647128402738048, -33.320696655881768 ], [ -65.647620090951051, -33.321942292048234 ], [ -65.645801758301531, -33.322766614668872 ], [ -65.643662662170158, -33.32455021933584 ], [ -65.644206501345337, -33.326170191181085 ], [ -65.645378480388516, -33.327174343559903 ], [ -65.645991674157969, -33.329583424664015 ], [ -65.648391866829726, -33.331001280672197 ], [ -65.648948806860076, -33.33407287892458 ], [ -65.648066707935001, -33.335738382819443 ], [ -65.646228972659344, -33.337306491391956 ], [ -65.646238408283949, -33.338293793443555 ], [ -65.648495356136848, -33.339999756996463 ], [ -65.64832679770916, -33.34118040313902 ], [ -65.646872387534344, -33.342231172499368 ], [ -65.646857791113959, -33.344516738665718 ], [ -65.648814004952172, -33.345581689570835 ], [ -65.647314694179258, -33.348426559533145 ], [ -65.646972473180838, -33.351369374624653 ], [ -65.648084752831096, -33.353283964305142 ], [ -65.648384752730252, -33.357495373481406 ], [ -65.651246250561684, -33.361308272583173 ], [ -65.650097818725698, -33.365028722292593 ], [ -65.652983035652909, -33.366330641139008 ], [ -65.652976608967009, -33.367272813172953 ], [ -65.651848529798315, -33.367905294858986 ], [ -65.652112250105475, -33.370489166389689 ], [ -65.651440759478376, -33.373156067501803 ], [ -65.652059648705446, -33.374929479405409 ], [ -65.654200965450372, -33.375571102181539 ], [ -65.654884298589025, -33.377371727564039 ], [ -65.654722704976948, -33.378831895540216 ], [ -65.655215141432933, -33.380677067890758 ], [ -65.653800169607848, -33.3838332900335 ], [ -65.652677440175083, -33.388473467557709 ], [ -65.651109167253978, -33.389591578172436 ], [ -65.650402923259918, -33.39216820577321 ], [ -65.648610264693488, -33.395602797023571 ], [ -65.650054718060403, -33.39591342708723 ], [ -65.649237880966254, -33.397903685062175 ], [ -65.650560601615538, -33.39842584407058 ], [ -65.651153116702119, -33.400113526440087 ], [ -65.650014904000329, -33.401823384491607 ], [ -65.652085027891275, -33.404980339573299 ], [ -65.650126089928122, -33.409618129219425 ], [ -65.651222418355175, -33.413033812466971 ], [ -65.650170247695641, -33.414022621462578 ], [ -65.649538403618408, -33.417424415941838 ], [ -65.648683746174399, -33.428750714391484 ], [ -65.644570509221211, -33.435419907055163 ], [ -65.644439865893659, -33.438448931187963 ], [ -65.648109634518278, -33.443116194719131 ], [ -65.651452303925481, -33.446303795534625 ], [ -65.652747774930646, -33.448453251217018 ], [ -65.653150451098085, -33.451316974676153 ], [ -65.656124245559241, -33.452709221252881 ], [ -65.656198404534678, -33.45504007509151 ], [ -65.657187993216496, -33.455714510519933 ], [ -65.659440552005023, -33.460057434650764 ], [ -65.659774348546662, -33.463412316907501 ], [ -65.659251611487221, -33.466422236000582 ], [ -65.656858846895275, -33.472370720338141 ], [ -65.658079169727202, -33.475295282608919 ], [ -65.657249362965828, -33.477700266718109 ], [ -65.655603221193658, -33.47907064541608 ], [ -65.654568932842523, -33.48078531683479 ], [ -65.653946093543794, -33.483190852844324 ], [ -65.655575996919907, -33.485949781856 ], [ -65.655156273159434, -33.488008770374137 ], [ -65.652483612481873, -33.489723359577781 ], [ -65.652269614295093, -33.491440305838061 ], [ -65.64753028800375, -33.496584060148038 ], [ -65.647320253543512, -33.497958399596101 ], [ -65.647723610010317, -33.49933448379614 ], [ -65.64977494283815, -33.499687414086964 ], [ -65.650989195887561, -33.504158256103139 ], [ -65.650774362395595, -33.506736218239915 ], [ -65.64807469609255, -33.514292971120511 ], [ -65.643957967777794, -33.516859770174612 ], [ -65.641083948551781, -33.517541196434351 ], [ -65.629188944722259, -33.515270205648392 ], [ -65.623222666137551, -33.518520481973859 ], [ -65.617876747274494, -33.520735550376813 ], [ -65.611720520083324, -33.520545103099835 ], [ -65.606160724681359, -33.524138429516746 ], [ -65.602447761259512, -33.528080049071747 ], [ -65.598933742103753, -33.533744236538773 ], [ -65.598510039887657, -33.536321412807361 ], [ -65.597267792937998, -33.538377512826919 ], [ -65.59500236390079, -33.53992085912347 ], [ -65.595200810605832, -33.541810338246478 ], [ -65.594160552011118, -33.544385478511956 ], [ -65.592108657238228, -33.544550038238796 ], [ -65.591689530540592, -33.546099389645022 ], [ -65.593110034153042, -33.549710419756138 ], [ -65.592893336403563, -33.552292757196987 ], [ -65.589803184067733, -33.554513986945771 ], [ -65.588760964626289, -33.557436179737287 ], [ -65.588749556412722, -33.559843378484992 ], [ -65.592706716386942, -33.566244199787349 ], [ -65.665801485980481, -33.566161092542352 ], [ -65.755068637451274, -33.517850573190067 ], [ -65.781797914568685, -33.503912212358912 ], [ -65.781345008652437, -33.503199148872341 ], [ -65.787464008881201, -33.499571833213786 ], [ -65.789134141969271, -33.497600177858985 ], [ -65.792471482688299, -33.49591530745802 ], [ -65.7958064298831, -33.495195057622787 ], [ -65.79642560864859, -33.496165299399557 ], [ -65.876251566691053, -33.454765245943264 ], [ -65.872739444242967, -33.449428664714176 ], [ -65.852884032997508, -33.430883079739097 ], [ -65.852303192603642, -33.419873681317256 ], [ -65.854284814986357, -33.416287596332189 ], [ -65.854508132953939, -33.414538724200874 ], [ -65.850560746236326, -33.412415235080218 ], [ -65.851549793373593, -33.410852118541385 ], [ -65.85308883798352, -33.409839632133718 ], [ -65.859343688130309, -33.411046030501929 ], [ -65.861651600724798, -33.409849475656451 ], [ -65.861218436579861, -33.405065914539762 ], [ -65.863963929583662, -33.404054635469308 ], [ -65.864844433982086, -33.402951116268568 ], [ -65.863750848441441, -33.401106112156334 ], [ -65.86090098078995, -33.398528831017863 ], [ -65.860792714542114, -33.397329557375663 ], [ -65.861562872536467, -33.396316098238763 ], [ -65.863759466282787, -33.395583710100979 ], [ -65.865077892826363, -33.394480667606871 ], [ -65.860473068930702, -33.390517468353735 ], [ -65.858498549654144, -33.390240238927227 ], [ -65.860587202136131, -33.388033634952102 ], [ -65.863114674029632, -33.38692745595138 ], [ -65.865089836640479, -33.386749294658024 ], [ -65.866739162619822, -33.385276927713271 ], [ -65.870032217830712, -33.384175934837351 ], [ -65.871570849408371, -33.382978381210393 ], [ -65.871900661361011, -33.381599242421188 ], [ -65.869487956367934, -33.381596728996733 ], [ -65.866195826267756, -33.380398576265819 ], [ -65.863672999627298, -33.380395831101147 ], [ -65.862682991446988, -33.381219722812467 ], [ -65.860488067851435, -33.381127113135172 ], [ -65.860490716961934, -33.379468133873267 ], [ -65.862581598435071, -33.37735616478502 ], [ -65.864886174179745, -33.375974705826849 ], [ -65.865876814730029, -33.374686461267736 ], [ -65.865220739829567, -33.373306269373053 ], [ -65.860811772941105, -33.373567382648751 ], [ -65.859647538105321, -33.372502158060399 ], [ -65.859550060930644, -33.367962379880652 ], [ -65.859233102467954, -33.366275986491381 ], [ -65.857965816776527, -33.364227859091507 ], [ -65.857968709794349, -33.362447156562915 ], [ -65.856594057513107, -33.360403399279498 ], [ -65.85511236083164, -33.359779558800589 ], [ -65.854690769412457, -33.358088521508201 ], [ -65.856070750600537, -33.356845887622264 ], [ -65.858823892095927, -33.356849048355997 ], [ -65.862106478974525, -33.358362957512931 ], [ -65.863592414067057, -33.358008457327735 ], [ -65.862541077372001, -33.351871743182492 ], [ -65.862759674362849, -33.347783114472882 ], [ -65.862126947225292, -33.34537958111261 ], [ -65.862238852120925, -33.342535074977029 ], [ -65.863301960582334, -33.339335475408561 ], [ -65.865744448188252, -33.336669323667373 ], [ -65.8672316300284, -33.33347014478607 ], [ -65.869138977586502, -33.332935700343313 ], [ -65.87277326302744, -33.328467400210862 ], [ -65.87105933982636, -33.325373046585646 ], [ -65.870808989491394, -33.323988785943726 ], [ -65.86890772481469, -33.322390910520618 ], [ -65.866758783215062, -33.319512426247876 ], [ -65.863714665072408, -33.319189045726461 ], [ -65.862575441772748, -33.318020180261541 ], [ -65.866254596897534, -33.317384038041858 ], [ -65.867649769990521, -33.316213412933607 ], [ -65.869679592349627, -33.316111871110095 ], [ -65.871200098427153, -33.315473299133401 ], [ -65.873487648542806, -33.311643719103188 ], [ -65.881233112518615, -33.303455532263207 ], [ -65.882880741007455, -33.303880863168075 ], [ -65.884148466842774, -33.303350088464505 ], [ -65.884532728152479, -33.301010709839758 ], [ -65.883016282815987, -33.296857271988586 ], [ -65.879594574468584, -33.29642572831996 ], [ -65.878706892641333, -33.297808872013462 ], [ -65.874023662284969, -33.291736220247181 ], [ -65.871111658928868, -33.289817262504847 ], [ -65.869342332844184, -33.28662362979388 ], [ -65.869601729186144, -33.283643999353821 ], [ -65.867957919383926, -33.280977932298363 ], [ -65.867454726195547, -33.278317572036009 ], [ -65.862393114880888, -33.273416188921075 ], [ -65.863028735390216, -33.271924682483352 ], [ -65.868102619696941, -33.268630177836705 ], [ -65.870056021557971, -33.26684248472521 ], [ -65.873257933556403, -33.262567518605785 ], [ -65.877558854486793, -33.258793963122088 ], [ -65.875961449288567, -33.257620249642713 ], [ -65.875964417823766, -33.255519433777437 ], [ -65.876865063791385, -33.254181394546713 ], [ -65.882660810823268, -33.251585767834996 ], [ -65.887459866878146, -33.247731183371677 ], [ -65.888957425385783, -33.247227610771013 ], [ -65.889958416985152, -33.244794070563266 ], [ -65.891357169943575, -33.243875626442723 ], [ -65.893654134992232, -33.24328703665266 ], [ -65.895123625203155, -33.241485001817601 ], [ -65.892987621940776, -33.24210982321889 ], [ -65.889930492074285, -33.241390350633878 ], [ -65.887584910182738, -33.240162020553235 ], [ -65.88569600925311, -33.238465212883419 ], [ -65.87974825883424, -33.227387435771178 ], [ -65.878532362555248, -33.222242377709264 ], [ -65.874569746826339, -33.212004778864817 ], [ -65.87165802859333, -33.206177177982894 ], [ -65.862102380004927, -33.203948906959369 ] ] ] } },
{ "type": "Feature", "properties": { "codigo_indec": "740210403" }, "geometry": { "type": "Polygon", "coordinates": [ [ [ -65.895123625203155, -33.241485001817601 ], [ -65.893654134992232, -33.24328703665266 ], [ -65.891357169943575, -33.243875626442723 ], [ -65.889958416985152, -33.244794070563266 ], [ -65.888957425385783, -33.247227610771013 ], [ -65.887459866878146, -33.247731183371677 ], [ -65.882660810823268, -33.251585767834996 ], [ -65.876865063791385, -33.254181394546713 ], [ -65.875964417823766, -33.255519433777437 ], [ -65.875961449288567, -33.257620249642713 ], [ -65.877558854486793, -33.258793963122088 ], [ -65.873257933556403, -33.262567518605785 ], [ -65.870056021557971, -33.26684248472521 ], [ -65.868102619696941, -33.268630177836705 ], [ -65.863028735390216, -33.271924682483352 ], [ -65.862393114880888, -33.273416188921075 ], [ -65.867454726195547, -33.278317572036009 ], [ -65.867957919383926, -33.280977932298363 ], [ -65.869601729186144, -33.283643999353821 ], [ -65.869342332844184, -33.28662362979388 ], [ -65.871111658928868, -33.289817262504847 ], [ -65.874023662284969, -33.291736220247181 ], [ -65.878706892641333, -33.297808872013462 ], [ -65.879594574468584, -33.29642572831996 ], [ -65.883016282815987, -33.296857271988586 ], [ -65.884532728152479, -33.301010709839758 ], [ -65.884148466842774, -33.303350088464505 ], [ -65.882880741007455, -33.303880863168075 ], [ -65.881233112518615, -33.303455532263207 ], [ -65.873487648542806, -33.311643719103188 ], [ -65.871200098427153, -33.315473299133401 ], [ -65.869679592349627, -33.316111871110095 ], [ -65.867649769990521, -33.316213412933607 ], [ -65.866254596897534, -33.317384038041858 ], [ -65.862575441772748, -33.318020180261541 ], [ -65.863714665072408, -33.319189045726461 ], [ -65.866758783215062, -33.319512426247876 ], [ -65.86890772481469, -33.322390910520618 ], [ -65.870808989491394, -33.323988785943726 ], [ -65.87105933982636, -33.325373046585646 ], [ -65.87277326302744, -33.328467400210862 ], [ -65.869138977586502, -33.332935700343313 ], [ -65.8672316300284, -33.33347014478607 ], [ -65.865744448188252, -33.336669323667373 ], [ -65.863301960582334, -33.339335475408561 ], [ -65.862238852120925, -33.342535074977029 ], [ -65.862126947225292, -33.34537958111261 ], [ -65.862759674362849, -33.347783114472882 ], [ -65.862541077372001, -33.351871743182492 ], [ -65.863592414067057, -33.358008457327735 ], [ -65.862106478974525, -33.358362957512931 ], [ -65.858823892095927, -33.356849048355997 ], [ -65.856070750600537, -33.356845887622264 ], [ -65.854690769412457, -33.358088521508201 ], [ -65.85511236083164, -33.359779558800589 ], [ -65.856594057513107, -33.360403399279498 ], [ -65.857968709794349, -33.362447156562915 ], [ -65.857965816776527, -33.364227859091507 ], [ -65.859233102467954, -33.366275986491381 ], [ -65.859550060930644, -33.367962379880652 ], [ -65.859647538105321, -33.372502158060399 ], [ -65.860811772941105, -33.373567382648751 ], [ -65.865220739829567, -33.373306269373053 ], [ -65.865876814730029, -33.374686461267736 ], [ -65.864886174179745, -33.375974705826849 ], [ -65.862581598435071, -33.37735616478502 ], [ -65.860490716961934, -33.379468133873267 ], [ -65.860488067851435, -33.381127113135172 ], [ -65.862682991446988, -33.381219722812467 ], [ -65.863672999627298, -33.380395831101147 ], [ -65.866195826267756, -33.380398576265819 ], [ -65.869487956367934, -33.381596728996733 ], [ -65.871900661361011, -33.381599242421188 ], [ -65.871570849408371, -33.382978381210393 ], [ -65.870032217830712, -33.384175934837351 ], [ -65.866739162619822, -33.385276927713271 ], [ -65.865089836640479, -33.386749294658024 ], [ -65.863114674029632, -33.38692745595138 ], [ -65.860587202136131, -33.388033634952102 ], [ -65.858498549654144, -33.390240238927227 ], [ -65.860473068930702, -33.390517468353735 ], [ -65.865077892826363, -33.394480667606871 ], [ -65.863759466282787, -33.395583710100979 ], [ -65.861562872536467, -33.396316098238763 ], [ -65.860792714542114, -33.397329557375663 ], [ -65.86090098078995, -33.398528831017863 ], [ -65.863750848441441, -33.401106112156334 ], [ -65.864844433982086, -33.402951116268568 ], [ -65.863963929583662, -33.404054635469308 ], [ -65.861218436579861, -33.405065914539762 ], [ -65.861651600724798, -33.409849475656451 ], [ -65.859343688130309, -33.411046030501929 ], [ -65.85308883798352, -33.409839632133718 ], [ -65.851549793373593, -33.410852118541385 ], [ -65.850560746236326, -33.412415235080218 ], [ -65.854508132953939, -33.414538724200874 ], [ -65.854284814986357, -33.416287596332189 ], [ -65.852303192603642, -33.419873681317256 ], [ -65.852884032997508, -33.430883079739097 ], [ -65.872739444242967, -33.449428664714176 ], [ -65.876251566691053, -33.454765245943264 ], [ -65.976404516091407, -33.402788059119587 ], [ -65.982116071376282, -33.398866971796664 ], [ -66.004401155301451, -33.386385252844924 ], [ -66.027582093641598, -33.372479255939545 ], [ -66.006224533071773, -33.29637570115009 ], [ -65.973481710075262, -33.301724223443969 ], [ -65.971175098546055, -33.246962774326434 ], [ -65.925397500379233, -33.241989221661456 ], [ -65.918948491000066, -33.242341334938359 ], [ -65.902831776489592, -33.240192898288512 ], [ -65.898591115418611, -33.239973119309326 ], [ -65.895123625203155, -33.241485001817601 ] ] ] } },
{ "type": "Feature", "properties": { "codigo_indec": "740140203" }, "geometry": { "type": "Polygon", "coordinates": [ [ [ -66.635321527342882, -32.587266886988353 ], [ -66.618744344891397, -32.587029502005166 ], [ -66.618636295106072, -32.589131028023061 ], [ -66.56168812692998, -32.591454424337968 ], [ -66.566148305962187, -32.636299191740527 ], [ -66.53874397613906, -32.630468465218605 ], [ -66.52475179045075, -32.634919066226296 ], [ -66.495544304223841, -32.647936763240907 ], [ -66.476719562848004, -32.655543484315857 ], [ -66.455223870019665, -32.665240064903024 ], [ -66.455773257790781, -32.666365212431202 ], [ -66.454044268514536, -32.666497719653989 ], [ -66.452423391842331, -32.667459389538912 ], [ -66.452430048546404, -32.668780375192704 ], [ -66.451273378439595, -32.668784539960498 ], [ -66.455629945220281, -32.672785927230656 ], [ -66.459092913303138, -32.677620005876527 ], [ -66.459310274605102, -32.679467718392729 ], [ -66.461023527740807, -32.681413638976672 ], [ -66.462359239847402, -32.684569218847763 ], [ -66.469436793782236, -32.69429492037083 ], [ -66.469438073944289, -32.698614097458425 ], [ -66.46759788260924, -32.705144824337232 ], [ -66.46877521426741, -32.711042098344329 ], [ -66.469413457769875, -32.713771879634407 ], [ -66.471309666933962, -32.717380605437263 ], [ -66.4745905758069, -32.729139976611123 ], [ -66.474924551700582, -32.733277527976163 ], [ -66.480695569364684, -32.741614306434272 ], [ -66.482227764502625, -32.755688465928756 ], [ -66.485050017192094, -32.757611717669221 ], [ -66.4856998759671, -32.761833656547452 ], [ -66.488417261304605, -32.765024120313527 ], [ -66.493935657997412, -32.76470041966661 ], [ -66.496684284423452, -32.765280165809948 ], [ -66.504172800328647, -32.765155579555895 ], [ -66.510742088522889, -32.764786329728871 ], [ -66.512963789783271, -32.764186643204589 ], [ -66.517459291955817, -32.765552261432255 ], [ -66.522597586151761, -32.76503049501359 ], [ -66.525172827096497, -32.766038643171058 ], [ -66.522658604178986, -32.78961942279205 ], [ -66.533828050545779, -32.789725603320989 ], [ -66.530563252907868, -32.812493613727938 ], [ -66.533541519972417, -32.815479069144949 ], [ -66.540238983866658, -32.818056223517139 ], [ -66.54460230381909, -32.823497027464988 ], [ -66.5448654227134, -32.825488607292996 ], [ -66.545732840768167, -32.827189013561195 ], [ -66.545846742663215, -32.830096450305454 ], [ -66.548819170792655, -32.832387255971817 ], [ -66.549069176820325, -32.836132655551658 ], [ -66.549879675827455, -32.838532083213444 ], [ -66.550102315197023, -32.850816524926984 ], [ -66.643474301445067, -32.853058192442766 ], [ -66.683722784263765, -32.851564360098479 ], [ -66.685799481854517, -32.853166987365604 ], [ -66.686955021436248, -32.853056956331244 ], [ -66.69269402269974, -32.855437285653345 ], [ -66.695290806325403, -32.858628319542255 ], [ -66.699851074683409, -32.860482874314634 ], [ -66.704376245481882, -32.863279702101856 ], [ -66.713614599948414, -32.861892877285925 ], [ -66.721828247935989, -32.861642881151198 ], [ -66.745737711532087, -32.865438413500534 ], [ -66.748388647715956, -32.877676192606202 ], [ -66.750313008683619, -32.871767786562287 ], [ -66.747507787832305, -32.865662281986992 ], [ -66.739366957257602, -32.857338693712471 ], [ -66.739526649270374, -32.852121607123181 ], [ -66.73843863974956, -32.847155335664908 ], [ -66.735947640696779, -32.843013318763887 ], [ -66.729301772213503, -32.837858608129586 ], [ -66.726433952792092, -32.831622199980465 ], [ -66.724498113836333, -32.825691403003127 ], [ -66.715370998510267, -32.817818185789712 ], [ -66.713006321456433, -32.813544212924107 ], [ -66.684310534789716, -32.811910006250578 ], [ -66.654195985914043, -32.807774471645466 ], [ -66.656079381408958, -32.802534870184708 ], [ -66.654572384417051, -32.796487965642058 ], [ -66.654165410814841, -32.792301778192588 ], [ -66.655384291681813, -32.769266394712979 ], [ -66.6561243176848, -32.742838568332502 ], [ -66.654939087413254, -32.735419349679603 ], [ -66.648175751684278, -32.715955404074286 ], [ -66.646556652729288, -32.709232613973647 ], [ -66.638443392809179, -32.695067951864296 ], [ -66.634417249897893, -32.692347217455662 ], [ -66.63675481411029, -32.686659181896445 ], [ -66.637760428773404, -32.66011702353719 ], [ -66.637599331236189, -32.649811373537453 ], [ -66.638750113844054, -32.631397210572686 ], [ -66.626027460562241, -32.634193459878666 ], [ -66.63346365473295, -32.613858716483726 ], [ -66.631610297929598, -32.605955543958537 ], [ -66.631249819198842, -32.598987128364698 ], [ -66.634124115692117, -32.588896019070454 ], [ -66.635321527342882, -32.587266886988353 ] ] ] } },
{ "type": "Feature", "properties": { "codigo_indec": "740140102" }, "geometry": { "type": "Polygon", "coordinates": [ [ [ -66.967988788022097, -32.458303568223222 ], [ -66.966504178026184, -32.460204034971412 ], [ -66.963581992039423, -32.462196648145124 ], [ -66.955871779035988, -32.465542121530262 ], [ -66.94563311632038, -32.479410954904289 ], [ -66.944581100553194, -32.482574802670051 ], [ -66.940349142466175, -32.507826985644243 ], [ -66.937985847970126, -32.519007620825221 ], [ -66.933125990784546, -32.528899291090632 ], [ -66.919560697177715, -32.536749277242947 ], [ -66.90875646224471, -32.546800566327946 ], [ -66.905965151602445, -32.548182269192942 ], [ -66.903381800946761, -32.550405500742819 ], [ -66.900644507671956, -32.55721489624942 ], [ -66.886675116536495, -32.583963746140697 ], [ -66.886888202098902, -32.585323796004701 ], [ -66.890971679157261, -32.59276090153805 ], [ -66.909132171307306, -32.623865188159712 ], [ -66.908224977189064, -32.633208678185412 ], [ -66.908480874009925, -32.635068800145532 ], [ -66.907585821180248, -32.63745120500348 ], [ -66.902718344326729, -32.641688135381195 ], [ -66.895346823757706, -32.649229393136281 ], [ -66.89163652765528, -32.652051015990793 ], [ -66.889300941095968, -32.656215318934407 ], [ -66.885381081598808, -32.668911641566993 ], [ -66.884148323982927, -32.674443118862442 ], [ -66.882098663349964, -32.679858600401822 ], [ -66.88166882190491, -32.687381614764476 ], [ -66.881874451846599, -32.695553868587048 ], [ -66.88096777299738, -32.699324737017541 ], [ -66.879548126317289, -32.700547454382111 ], [ -66.86013210953486, -32.712016188630272 ], [ -66.855996946076289, -32.715128216811891 ], [ -66.84568547846078, -32.734597734750537 ], [ -66.853033106012646, -32.739065332215297 ], [ -66.856660467306526, -32.739342654068693 ], [ -66.859979894714996, -32.740325288004733 ], [ -66.86385903377473, -32.745956600002849 ], [ -66.867199978238432, -32.74802540285711 ], [ -66.877258784555238, -32.752364558169099 ], [ -66.880715663040988, -32.755586316325441 ], [ -66.883406982019523, -32.755819839187417 ], [ -66.886342370265297, -32.758607803856684 ], [ -66.888746690773161, -32.757869440664585 ], [ -66.891646748747505, -32.758159913162366 ], [ -66.89404570828188, -32.759026452523031 ], [ -66.895250763917147, -32.761614645736735 ], [ -66.894822637512164, -32.764687874239264 ], [ -66.895972339335088, -32.768931006867078 ], [ -66.898348858057659, -32.770983307520098 ], [ -66.902405746298925, -32.773230850883586 ], [ -66.904763645407286, -32.775526608772559 ], [ -66.90730850272486, -32.779930854796604 ], [ -66.909367089668038, -32.781890565284527 ], [ -66.912369702513161, -32.783257288190377 ], [ -66.915718860446347, -32.781975031812941 ], [ -66.920116712444624, -32.779147656899084 ], [ -66.922636960891609, -32.779016411764161 ], [ -66.924625057566388, -32.78032268432392 ], [ -66.925824343627738, -32.785588532758716 ], [ -66.927800977162079, -32.787057134797692 ], [ -66.930492029215372, -32.787163403556619 ], [ -66.933462420368116, -32.786419974388011 ], [ -66.937818063894966, -32.787487458874217 ], [ -66.940656188468651, -32.789648185306532 ], [ -66.946741426168003, -32.797518869043749 ], [ -66.949743246627847, -32.800214626992997 ], [ -66.960809368481975, -32.80373681853689 ], [ -67.069014585882343, -32.460416824122639 ], [ -66.967988788022097, -32.458303568223222 ] ] ] } },
{ "type": "Feature", "properties": { "codigo_indec": "740070401" }, "geometry": { "type": "Polygon", "coordinates": [ [ [ -65.716004914550453, -32.05364473857091 ], [ -65.715558841800203, -32.211178619020835 ], [ -65.777718405528361, -32.238749025241226 ], [ -65.772657086686905, -32.22284606916174 ], [ -65.804780300526801, -32.220027570812739 ], [ -65.816746526288071, -32.190823004248628 ], [ -65.819457142095388, -32.167429882485891 ], [ -65.827545594754127, -32.111601780952228 ], [ -65.830548670697141, -32.08620199639266 ], [ -65.811233526230552, -32.067868000389971 ], [ -65.809763577370063, -32.064276602905849 ], [ -65.810261240860058, -32.059182124933095 ], [ -65.728203544624762, -32.051777682834526 ], [ -65.721724406691891, -32.052277656492002 ], [ -65.717802657194028, -32.05355406354164 ], [ -65.716004914550453, -32.05364473857091 ] ] ] } },
{ "type": "Feature", "properties": { "codigo_indec": "740070301" }, "geometry": { "type": "Polygon", "coordinates": [ [ [ -66.005399273821467, -31.899511889429714 ], [ -65.979086912100158, -31.936692822676207 ], [ -65.979015844424552, -31.946933076630376 ], [ -65.975155838970338, -31.954949626275297 ], [ -65.974574226553614, -31.963981301004463 ], [ -65.976999964771679, -31.982852436466043 ], [ -65.971296632310512, -31.983739570255253 ], [ -65.969738303179199, -31.984622994512488 ], [ -65.947726343074521, -31.990716663543093 ], [ -65.949256637495537, -32.022091583388679 ], [ -65.949223147942661, -32.058799933454956 ], [ -65.956704268467035, -32.059627867530928 ], [ -65.972737291377953, -32.058572700869959 ], [ -65.976432703823775, -32.059854014937649 ], [ -65.990964129962208, -32.062290775736045 ], [ -66.007158642978041, -32.060243782896919 ], [ -66.009089295939816, -32.040327111231228 ], [ -66.040876346927277, -32.036587334185413 ], [ -66.056045573130561, -32.03343420125686 ], [ -66.078260259651742, -32.031866805436856 ], [ -66.089354306400821, -32.034037357648224 ], [ -66.100593176660226, -32.02778386775487 ], [ -66.109255358189259, -32.02796608244725 ], [ -66.122678210659316, -32.029820566363917 ], [ -66.151227682913202, -32.017637767399933 ], [ -66.170195306714845, -32.021762088376875 ], [ -66.183820035308841, -32.023839794122189 ], [ -66.20590539089811, -32.022087904546581 ], [ -66.228662737545477, -31.944889224450392 ], [ -66.213324757585553, -31.949673042821914 ], [ -66.207690383430176, -31.953424955791252 ], [ -66.205183547554128, -31.953429031280997 ], [ -66.204549734224216, -31.95022406661549 ], [ -66.198898839873493, -31.946490467705971 ], [ -66.19701885321588, -31.946493398226558 ], [ -66.167578406498393, -31.959364127293725 ], [ -66.163815257452086, -31.959369038353273 ], [ -66.162540109456842, -31.947078794726153 ], [ -66.138719597086251, -31.947639126623805 ], [ -66.133709774583565, -31.95192366736082 ], [ -66.122435011986553, -31.958347021621023 ], [ -66.106141109477562, -31.964241589364356 ], [ -66.09109507148905, -31.969064511998706 ], [ -66.068525238012526, -31.973889934076748 ], [ -66.054729210364187, -31.973896632032123 ], [ -66.052217565662616, -31.966412545918722 ], [ -66.051586282298487, -31.958395573481006 ], [ -66.052835797539956, -31.951446484464764 ], [ -66.052205773142546, -31.945566828580706 ], [ -66.047816943299523, -31.941293890157603 ], [ -66.04530856271208, -31.94289555559477 ], [ -66.035903389155877, -31.935417890322462 ], [ -66.028380341761661, -31.931140610852722 ], [ -66.018977515497696, -31.922593006683503 ], [ -66.017720532104605, -31.915644572642968 ], [ -66.013960661336853, -31.90815982718258 ], [ -66.009572567347533, -31.902280275866168 ], [ -66.005399273821467, -31.899511889429714 ] ] ] } },
{ "type": "Feature", "properties": { "codigo_indec": "740070102" }, "geometry": { "type": "Polygon", "coordinates": [ [ [ -66.80753886231426, -31.892992156340075 ], [ -66.785534699597378, -31.971031403405338 ], [ -66.7778938334218, -31.994836015941633 ], [ -66.774618736790558, -32.007102278902273 ], [ -66.777747170493271, -32.053263270321573 ], [ -66.783063666305011, -32.072654761426968 ], [ -66.792157232268139, -32.110265158883799 ], [ -66.775676500842337, -32.112441246891962 ], [ -66.765859941700541, -32.117199212822179 ], [ -66.755587475884013, -32.123014214546011 ], [ -66.742171465478364, -32.134699335697974 ], [ -66.717247335603105, -32.163744687984902 ], [ -66.69867868745331, -32.176184760842574 ], [ -66.683108104829259, -32.183939329479017 ], [ -66.676997121913459, -32.188512580519799 ], [ -66.664418823054447, -32.199589853405939 ], [ -66.656756675244296, -32.205540956286413 ], [ -66.632374385399089, -32.214939924204629 ], [ -66.594148473756604, -32.231289544051684 ], [ -66.579961943108444, -32.236409844807262 ], [ -66.578367987447805, -32.269079061323609 ], [ -66.578314025148728, -32.307404087911806 ], [ -66.579850826376259, -32.313628173347972 ], [ -66.581250493786484, -32.317052914814987 ], [ -66.581391945678163, -32.322156195808795 ], [ -66.591073808870519, -32.334704199257942 ], [ -66.591486899715136, -32.344734246735136 ], [ -66.591094860719735, -32.366526851064314 ], [ -66.588871661791984, -32.377191392583562 ], [ -66.583252804733547, -32.390802308224423 ], [ -66.581343342605692, -32.393845499337836 ], [ -66.570782322412413, -32.404106019966228 ], [ -66.561603301221751, -32.411320629281313 ], [ -66.555465972204914, -32.419400397611341 ], [ -66.541212459786706, -32.439927462486949 ], [ -66.526030674827467, -32.444121756783865 ], [ -66.524777604282889, -32.444884446515296 ], [ -66.524930978850264, -32.447494346354127 ], [ -66.66937514532259, -32.451584102725526 ], [ -66.967988788022097, -32.458303568223222 ], [ -66.974495279939575, -32.45215788732515 ], [ -66.994169475990716, -32.43182856927416 ], [ -66.999678866434593, -32.41947223870595 ], [ -67.003337583805518, -32.39801418606617 ], [ -67.007826143718091, -32.390909010590299 ], [ -67.008527198671771, -32.388964737743329 ], [ -67.005837443394412, -32.386470471758734 ], [ -66.987964164554484, -32.379988776335722 ], [ -66.938496815409465, -32.366390149351446 ], [ -66.941282577273256, -32.353519921335526 ], [ -66.941901607271504, -32.331756818051481 ], [ -66.94182038705739, -32.321861032981246 ], [ -66.940198292074129, -32.318266239445961 ], [ -66.940153981084407, -32.278238975861896 ], [ -66.93949716260191, -32.275015675946158 ], [ -66.954571690717827, -32.251196181921195 ], [ -66.956759518500078, -32.245814335556943 ], [ -66.958046658181075, -32.245367242747228 ], [ -66.962510390277615, -32.233737055184911 ], [ -66.967417470974056, -32.224258451176318 ], [ -66.974514547916186, -32.215587876635254 ], [ -66.981034108157758, -32.206100812956514 ], [ -66.988483760975114, -32.197183257662843 ], [ -66.99575231184825, -32.188807735168027 ], [ -67.001053043258622, -32.184338374134029 ], [ -66.987572118126252, -32.173894039876437 ], [ -66.984652382378769, -32.169813893241184 ], [ -66.971593373546028, -32.162038162113674 ], [ -66.960239656707259, -32.154180487333996 ], [ -66.962056390745119, -32.153062052815358 ], [ -66.963717093036323, -32.148955501790212 ], [ -66.962524025491945, -32.120135772707108 ], [ -66.963600057008236, -32.100771548167813 ], [ -66.96346154846637, -32.07975276986857 ], [ -66.96554007061394, -32.076224618285153 ], [ -66.968395123948952, -32.0727851844565 ], [ -66.969206361289821, -32.061340229470879 ], [ -66.975463464941058, -32.050011268210618 ], [ -66.96552072208631, -32.032038699271197 ], [ -66.962681752686436, -32.028561455900636 ], [ -66.961850553931868, -32.026259256323257 ], [ -66.96153659148527, -32.020016940911226 ], [ -66.960380152298853, -32.01594973880114 ], [ -66.959285849576375, -32.004374870918944 ], [ -66.957085780941824, -32.001172189022206 ], [ -66.954978900783431, -31.993162352512353 ], [ -66.954637018625093, -31.988759796034834 ], [ -66.95774969505554, -31.970101310972591 ], [ -66.957052396080854, -31.963050223646537 ], [ -66.955638872921767, -31.957555562840376 ], [ -66.952859021924169, -31.952111720404744 ], [ -66.947789097054113, -31.948659805620963 ], [ -66.932490913861443, -31.932464453647924 ], [ -66.929978500462042, -31.928952414611526 ], [ -66.927992544667802, -31.924146933385824 ], [ -66.924230679862646, -31.919354347260285 ], [ -66.917210943738453, -31.911965527193111 ], [ -66.915234281125635, -31.908259929606345 ], [ -66.907896428556541, -31.901147899126798 ], [ -66.892359260974672, -31.876697764009069 ], [ -66.80753886231426, -31.892992156340075 ] ] ] } },
{ "type": "Feature", "properties": { "codigo_indec": "740420501" }, "geometry": { "type": "Polygon", "coordinates": [ [ [ -66.35296934738048, -35.71236100323447 ], [ -66.331955267595632, -35.726151664016676 ], [ -66.324765805965527, -35.732372018720085 ], [ -66.298089279597278, -35.752787201311122 ], [ -66.286081319010947, -35.755704918240028 ], [ -66.284367514790588, -35.755708981809683 ], [ -66.273111281907717, -35.758853448245787 ], [ -66.242614763964141, -35.762370676989718 ], [ -65.956808068566545, -35.75712337409378 ], [ -66.036119661522619, -35.815518720616197 ], [ -66.044288718338251, -35.81081590822091 ], [ -66.051934218094701, -35.810632596039767 ], [ -66.057789728126494, -35.813896998144465 ], [ -66.062063432053236, -35.817256572546164 ], [ -66.067121559726999, -35.821980967099222 ], [ -66.07096852787069, -35.82676444787117 ], [ -66.130148689533868, -35.827102477645781 ], [ -66.132545409975975, -35.849180664030897 ], [ -66.128482618032834, -35.924511559578917 ], [ -66.127862692611146, -35.998796833813977 ], [ -66.368441182403672, -35.999015646530282 ], [ -66.473126440369157, -35.999955213856424 ], [ -66.634789232017624, -36.00007382323745 ], [ -66.634524096410473, -35.995704324243853 ], [ -66.635917895054689, -35.994570422228662 ], [ -66.63511578473431, -35.992042250329334 ], [ -66.633601170475643, -35.990545225501506 ], [ -66.632681231529233, -35.988522339624694 ], [ -66.631100424664908, -35.986705698230416 ], [ -66.629098054724295, -35.985553642346062 ], [ -66.624924973393618, -35.980159121911939 ], [ -66.623550988364485, -35.976047693254252 ], [ -66.624559040521675, -35.972415036161706 ], [ -66.622786283243897, -35.971149022031589 ], [ -66.618805941397724, -35.969700623095655 ], [ -66.618306411865376, -35.967486191738622 ], [ -66.618840704391815, -35.965631425590715 ], [ -66.618204673600161, -35.963679050668027 ], [ -66.619412224645728, -35.959319916337563 ], [ -66.621585859003417, -35.954491637336275 ], [ -66.621843747682632, -35.952746432718513 ], [ -66.615967678822599, -35.946130199282045 ], [ -66.61704479231804, -35.944254623633853 ], [ -66.620682546676235, -35.94316340919913 ], [ -66.623294383766805, -35.939869412898702 ], [ -66.624995032040133, -35.939103540244751 ], [ -66.625903912235898, -35.938066900616448 ], [ -66.626451980968298, -35.936951027177692 ], [ -66.62695462242408, -35.931838447535085 ], [ -66.627953491604117, -35.930634594626532 ], [ -66.62832373493282, -35.928411131928101 ], [ -66.627239075225745, -35.924009799405454 ], [ -66.627743538575785, -35.916689185275359 ], [ -66.627211424331549, -35.915245492877702 ], [ -66.627273036579155, -35.913226416507499 ], [ -66.623288941174508, -35.909525082571456 ], [ -66.618030714869604, -35.906105052341481 ], [ -66.617453113101931, -35.900912422308323 ], [ -66.620180078952117, -35.898690351384097 ], [ -66.623191007013077, -35.897034521735378 ], [ -66.625126809313613, -35.896709029579789 ], [ -66.626115014613347, -35.895257403523082 ], [ -66.624827796396247, -35.89142936132469 ], [ -66.625861175893647, -35.88868873749886 ], [ -66.624039162695027, -35.885494331524164 ], [ -66.621020508556143, -35.883265903359181 ], [ -66.575010216315604, -35.895697713734954 ], [ -66.48275767512898, -35.897739724277933 ], [ -66.464224557464988, -35.88979625974482 ], [ -66.449389779482232, -35.879641605534523 ], [ -66.446240407725611, -35.8803473038136 ], [ -66.443602005291709, -35.879852380176487 ], [ -66.441884721716733, -35.877713750140387 ], [ -66.437981366673839, -35.868183865544054 ], [ -66.433703026987274, -35.855694593374835 ], [ -66.427214654182137, -35.841072547888352 ], [ -66.418560063948419, -35.826007045736461 ], [ -66.412487163181609, -35.819034316616481 ], [ -66.40637019817612, -35.812976191775583 ], [ -66.396066460888306, -35.799117718524428 ], [ -66.375459578938489, -35.781582244602049 ], [ -66.372792029412622, -35.775826979632384 ], [ -66.369140664403432, -35.770079178751651 ], [ -66.365891620543195, -35.759102707177632 ], [ -66.35850917692261, -35.747020944127598 ], [ -66.357485042308824, -35.738033854663797 ], [ -66.35296934738048, -35.71236100323447 ] ] ] } },
{ "type": "Feature", "properties": { "codigo_indec": "740561701" }, "geometry": { "type": "Polygon", "coordinates": [ [ [ -67.117335164354046, -33.411724614002011 ], [ -66.977161790982549, -33.432273532181156 ], [ -66.937612141380541, -33.438655397515852 ], [ -66.931783526346678, -33.438383781926547 ], [ -66.926214272720188, -33.437217403880688 ], [ -66.878632226172854, -33.426172289480235 ], [ -66.875947842394581, -33.451412742207459 ], [ -66.876147301930757, -33.45921441471237 ], [ -66.875378443473096, -33.466725401600797 ], [ -66.878782214167089, -33.489285540311435 ], [ -66.886408393215902, -33.500915474379376 ], [ -66.885404753545913, -33.511732368493703 ], [ -66.882314217005487, -33.51766414678486 ], [ -66.881627486762639, -33.527951318355925 ], [ -66.885613842351276, -33.536208189149789 ], [ -66.890107227096209, -33.54054851898178 ], [ -66.891016860343839, -33.558631665971909 ], [ -66.886396926469942, -33.569406834603591 ], [ -66.885092014853086, -33.575037348145216 ], [ -66.881548870306446, -33.581161630894805 ], [ -66.880293995039509, -33.584871429307171 ], [ -66.880370672925096, -33.587913615677927 ], [ -66.8855109070265, -33.598384487645731 ], [ -66.885192372470428, -33.602267930158284 ], [ -66.883094578172859, -33.609441207060506 ], [ -66.878271463883749, -33.616737503209684 ], [ -66.873620901041264, -33.619587770739344 ], [ -66.873248921865041, -33.62410714211309 ], [ -66.87620547566803, -33.629270113444669 ], [ -66.875227255419972, -33.631116191286878 ], [ -66.871136976393785, -33.633768567783811 ], [ -66.866818079498373, -33.639983512007397 ], [ -66.865938083741312, -33.650325870412516 ], [ -66.862623833067616, -33.654433027867988 ], [ -66.858874240725527, -33.655716787687567 ], [ -66.84539784429073, -33.658122144397069 ], [ -66.835656125900258, -33.658274031822181 ], [ -66.8322539935386, -33.657634349315899 ], [ -66.829445297834994, -33.65591775380414 ], [ -66.826552507552336, -33.653286586681453 ], [ -66.823381840826087, -33.65145506864723 ], [ -66.80851886872378, -33.648285057356077 ], [ -66.806423144201759, -33.671784027412336 ], [ -66.809109620927558, -33.678000645468778 ], [ -66.819427372337657, -33.683197667350377 ], [ -66.821830375677308, -33.688388109865336 ], [ -66.822007558834315, -33.699917629190978 ], [ -66.832750437800229, -33.714721045444477 ], [ -66.836163288636612, -33.740707245399221 ], [ -66.840525568501604, -33.74899875812892 ], [ -66.852667505415099, -33.765422475731647 ], [ -66.880183872384251, -33.788033334513592 ], [ -66.880072612162465, -33.777157262654086 ], [ -66.882926041633269, -33.76854085428846 ], [ -66.885118025659509, -33.767294573067005 ], [ -66.888786933599533, -33.766655169958945 ], [ -66.893160595251118, -33.762940872257602 ], [ -66.912865811423359, -33.749287382199853 ], [ -66.926039230549122, -33.743662929771823 ], [ -66.934064152684826, -33.738076139412314 ], [ -66.941371756465671, -33.734333410603242 ], [ -66.957403200191209, -33.721931409695621 ], [ -66.958791101852881, -33.714550685782022 ], [ -66.961675739888676, -33.709614951441431 ], [ -66.971856642752613, -33.700326195702189 ], [ -66.971766771663141, -33.692343894414961 ], [ -66.979050703585131, -33.686760035467181 ], [ -66.98197515476086, -33.685506245228758 ], [ -66.98564680528311, -33.685477010821472 ], [ -66.990703158548868, -33.678071108488766 ], [ -66.995779850709596, -33.672503949509483 ], [ -66.995737358964348, -33.668817047979765 ], [ -66.999361302941168, -33.664492022207313 ], [ -66.999325758653697, -33.661418101382893 ], [ -66.99633161234857, -33.656533451563106 ], [ -67.000635484465363, -33.647898102684856 ], [ -67.00204000932132, -33.642360350227818 ], [ -67.001990251137485, -33.63806496174584 ], [ -66.996084055299306, -33.635042968767863 ], [ -66.996781514014529, -33.631967632602333 ], [ -67.000408249177909, -33.62825107914616 ], [ -67.002597721211416, -33.627007263776122 ], [ -67.002562164506656, -33.623937834570455 ], [ -67.004748750960573, -33.622689497435978 ], [ -67.008374811992041, -33.618977225528972 ], [ -67.011296553435898, -33.617722777860955 ], [ -67.015631477781199, -33.614315526177194 ], [ -67.017744758420264, -33.611909094455477 ], [ -67.025549387676506, -33.60766602994935 ], [ -67.030566783139335, -33.609413870743197 ], [ -67.034073986106421, -33.604006965312365 ], [ -67.036893057669658, -33.600999297789606 ], [ -67.036122191291938, -33.596223126964851 ], [ -67.044573281027553, -33.586595817525449 ], [ -67.050194864686176, -33.579381044906754 ], [ -67.050864871110392, -33.57578725279069 ], [ -67.062246367737515, -33.572706009858557 ], [ -67.064330671199471, -33.567905468765211 ], [ -67.06427205219147, -33.563127843063498 ], [ -67.061394049632312, -33.561363008938386 ], [ -67.057114003486006, -33.561399635273119 ], [ -67.060629577729173, -33.557186438340914 ], [ -67.065581406613632, -33.553560309338536 ], [ -67.064816813132197, -33.549383762027119 ], [ -67.071191754865694, -33.545745163390585 ], [ -67.07333138314479, -33.545726632948998 ], [ -67.07967862083197, -33.539694265163874 ], [ -67.088937369239744, -33.538418651501289 ], [ -67.089553080500153, -33.530646508172921 ], [ -67.093658618940424, -33.516870903781388 ], [ -67.093523316998372, -33.506116748676831 ], [ -67.096332339012989, -33.50250830424735 ], [ -67.099873947697304, -33.500687357942184 ], [ -67.104105391572361, -33.497061596021894 ], [ -67.104067514415249, -33.494077839144929 ], [ -67.106906114689096, -33.492857973215749 ], [ -67.106875717556534, -33.490469165595563 ], [ -67.111842019799568, -33.488630639531912 ], [ -67.113911370164303, -33.483234372582295 ], [ -67.11671882159105, -33.479625485344783 ], [ -67.118105743121518, -33.476624375408711 ], [ -67.118052074329981, -33.472446219996371 ], [ -67.12658270232636, -33.470574909121915 ], [ -67.132941484723034, -33.466333805624636 ], [ -67.1336073793846, -33.46274409649287 ], [ -67.129975037282293, -33.457399569494555 ], [ -67.129200630574985, -33.452628454578637 ], [ -67.13200380054856, -33.449019261899871 ], [ -67.133381995828003, -33.445423040264409 ], [ -67.135487927493003, -33.44301017703107 ], [ -67.137612080733675, -33.441796163041694 ], [ -67.140461447063743, -33.44176998875605 ], [ -67.141862685307487, -33.439967531774634 ], [ -67.141706192234977, -33.428019018457356 ], [ -67.142347981981828, -33.422635397125809 ], [ -67.147218105721265, -33.413629093129735 ], [ -67.149330861849094, -33.411819968921122 ], [ -67.152131864404012, -33.408205836348976 ], [ -67.151629685424979, -33.404771102069994 ], [ -67.150604472137758, -33.403852021810884 ], [ -67.117335164354046, -33.411724614002011 ] ] ] } },
{ "type": "Feature", "properties": { "codigo_indec": "740630202" }, "geometry": { "type": "Polygon", "coordinates": [ [ [ -65.537529459348875, -32.271995878625425 ], [ -65.457402263077583, -32.267822021102532 ], [ -65.449414723293046, -32.267963299769505 ], [ -65.441047824639412, -32.265058941750461 ], [ -65.43353672665225, -32.265422257220735 ], [ -65.430572772560993, -32.266730013563865 ], [ -65.428681777869684, -32.26701905634684 ], [ -65.419615570705247, -32.266553895013281 ], [ -65.415845355269866, -32.265283065514168 ], [ -65.41217286672476, -32.265743962129548 ], [ -65.406367101468518, -32.268237233452574 ], [ -65.406633047592678, -32.270997872071177 ], [ -65.406036620363508, -32.275792434650469 ], [ -65.408134665119405, -32.278800636954912 ], [ -65.407526305932279, -32.281760064758721 ], [ -65.404706036066116, -32.284902957809827 ], [ -65.404246141447189, -32.290297812843356 ], [ -65.404516792479228, -32.292337062415868 ], [ -65.405637220600354, -32.293902382696736 ], [ -65.407465716132748, -32.294749612043972 ], [ -65.409442215649918, -32.294880610081734 ], [ -65.409139685132658, -32.297737765889508 ], [ -65.407966055328814, -32.300257187300303 ], [ -65.408249997579688, -32.304352493523766 ], [ -65.41155478460378, -32.312975202681557 ], [ -65.412850716450322, -32.31372969494452 ], [ -65.414414048228849, -32.312537623160019 ], [ -65.416274641367423, -32.316315579530645 ], [ -65.417119794111485, -32.321558681351384 ], [ -65.416166058136298, -32.325377710208542 ], [ -65.415397996061969, -32.326320995750137 ], [ -65.411209307009628, -32.327392642281353 ], [ -65.414713144882541, -32.331660709202232 ], [ -65.414335708253546, -32.335432792449652 ], [ -65.41466715152707, -32.338806883454424 ], [ -65.417660116555567, -32.349542557207144 ], [ -65.418243940434508, -32.35417573881481 ], [ -65.419584664938967, -32.355917784199264 ], [ -65.418941186637795, -32.358525386323343 ], [ -65.416956836893618, -32.361469456531132 ], [ -65.413147852602378, -32.361077563887292 ], [ -65.408507260372303, -32.364401369669125 ], [ -65.403551280057385, -32.371610037555143 ], [ -65.402935526174161, -32.376377360102431 ], [ -65.410232792089161, -32.37805288292661 ], [ -65.407232749652863, -32.382236439156408 ], [ -65.405773818632795, -32.386760838569856 ], [ -65.406523115138768, -32.390407415137432 ], [ -65.40887366126951, -32.393394214862518 ], [ -65.407918975666647, -32.395553918514501 ], [ -65.404557617567562, -32.396786998081602 ], [ -65.404376185382162, -32.399329055416679 ], [ -65.407228572678449, -32.400365980993335 ], [ -65.409296346184902, -32.403563349246227 ], [ -65.406860458952011, -32.405864876647989 ], [ -65.406397532214854, -32.408383064801313 ], [ -65.412969558165827, -32.412065904446067 ], [ -65.417126904847422, -32.415236789616308 ], [ -65.421379800566825, -32.42138823033541 ], [ -65.422179746703478, -32.423483939633101 ], [ -65.423532036336951, -32.422741689826736 ], [ -65.428863780092186, -32.421900301429638 ], [ -65.448041972254586, -32.429934633670634 ], [ -65.457742014131071, -32.429841499983603 ], [ -65.461128797753602, -32.429337531242219 ], [ -65.466291918991004, -32.431861845964775 ], [ -65.472525078982386, -32.439670133019575 ], [ -65.477854273980469, -32.440751884449099 ], [ -65.505848454679978, -32.453281817441322 ], [ -65.508018186694414, -32.453745692502849 ], [ -65.509368419057651, -32.454810506756218 ], [ -65.509246515106284, -32.458169017560571 ], [ -65.510277559735314, -32.459760095708653 ], [ -65.514135699508117, -32.459775042275005 ], [ -65.51570152856732, -32.459339221487753 ], [ -65.517781582130965, -32.459703392493978 ], [ -65.518701394258855, -32.463241736479105 ], [ -65.519948667931445, -32.46421586950963 ], [ -65.520563257371577, -32.466161462253957 ], [ -65.520746335078073, -32.47075652516893 ], [ -65.519694035731902, -32.472610098351446 ], [ -65.521040006654246, -32.47455847492764 ], [ -65.523226831819002, -32.474918454691512 ], [ -65.523944805972334, -32.476954593884585 ], [ -65.526963073707023, -32.478025515892888 ], [ -65.53612887995628, -32.479385183855612 ], [ -65.53800790823766, -32.478598563624509 ], [ -65.551254890041534, -32.477054914209688 ], [ -65.564296857259919, -32.474363946707776 ], [ -65.571501433110271, -32.47208923413239 ], [ -65.572652186415624, -32.471123772676862 ], [ -65.574634219536321, -32.470950136731965 ], [ -65.573771159054232, -32.450928500795207 ], [ -65.577208617910244, -32.448149185010358 ], [ -65.579540806857821, -32.447462648350644 ], [ -65.57983405786166, -32.443279523183307 ], [ -65.579444601748847, -32.438981398371332 ], [ -65.577026454914289, -32.428517532699054 ], [ -65.578959064562753, -32.425620374567309 ], [ -65.574990827849732, -32.424448302472157 ], [ -65.573353697777833, -32.423279512507669 ], [ -65.568042762619214, -32.417219693981828 ], [ -65.549375020771677, -32.393068553240361 ], [ -65.547395137032581, -32.39207854961569 ], [ -65.537837463174114, -32.384320359437439 ], [ -65.532747228110011, -32.382218546857729 ], [ -65.529486788086416, -32.363368775172987 ], [ -65.537529459348875, -32.271995878625425 ] ] ] } },
{ "type": "Feature", "properties": { "codigo_indec": "740351211" }, "geometry": { "type": "Polygon", "coordinates": [ [ [ -65.466217425607113, -33.687957757912024 ], [ -65.46302357968186, -33.688638122045958 ], [ -65.463810798885305, -33.691256068607103 ], [ -65.465908788532829, -33.690778312010892 ], [ -65.465695610684804, -33.689934430420884 ], [ -65.466748548023006, -33.689709080865107 ], [ -65.466217425607113, -33.687957757912024 ] ] ] } },
{ "type": "Feature", "properties": { "codigo_indec": "740560402" }, "geometry": { "type": "Polygon", "coordinates": [ [ [ -66.224803077640928, -33.216007988517447 ], [ -66.225814268197169, -33.21712870286666 ], [ -66.228993545443302, -33.216654038342959 ], [ -66.230158377256672, -33.217026070928853 ], [ -66.233585359661944, -33.216934028818159 ], [ -66.23378848891484, -33.217686518822013 ], [ -66.235145016004807, -33.217526175239243 ], [ -66.234998371779, -33.216841203985858 ], [ -66.238346496548459, -33.21635245697972 ], [ -66.238920582132636, -33.215440697004212 ], [ -66.234955760820981, -33.215948658272666 ], [ -66.236405188991313, -33.213448362394359 ], [ -66.231167922510934, -33.207290959861467 ], [ -66.227148785902216, -33.20948484726884 ], [ -66.229069375137371, -33.20973378704312 ], [ -66.229911152380097, -33.210678960517029 ], [ -66.230244186416641, -33.212927945046431 ], [ -66.229686893745466, -33.214137176770969 ], [ -66.22830287748593, -33.215054891410823 ], [ -66.225686338535269, -33.215348190306422 ], [ -66.224803077640928, -33.216007988517447 ] ] ] } },
{ "type": "Feature", "properties": { "codigo_indec": "740420208" }, "geometry": { "type": "Polygon", "coordinates": [ [ [ -65.26458926755312, -34.756774551719147 ], [ -65.245579260598376, -34.755946157693245 ], [ -65.245899996881917, -34.7528022849718 ], [ -65.24295382932381, -34.752820060443433 ], [ -65.24254915424352, -34.761853995865224 ], [ -65.240132910481591, -34.76181640591188 ], [ -65.240094047021429, -34.766057205991899 ], [ -65.251250325001379, -34.766531951623755 ], [ -65.251597959408414, -34.761297004908059 ], [ -65.256624421592591, -34.761359345166113 ], [ -65.256711255246927, -34.760201586250034 ], [ -65.264382938167202, -34.760027334642196 ], [ -65.26458926755312, -34.756774551719147 ] ] ] } },
{ "type": "Feature", "properties": { "codigo_indec": "740351002" }, "geometry": { "type": "Polygon", "coordinates": [ [ [ -65.467514191563993, -33.668733008394156 ], [ -65.463125144041371, -33.669696726801618 ], [ -65.463663903538034, -33.671493178572142 ], [ -65.468050313508087, -33.670533938245171 ], [ -65.467514191563993, -33.668733008394156 ] ] ] } },
{ "type": "Feature", "properties": { "codigo_indec": "740280407" }, "geometry": { "type": "Polygon", "coordinates": [ [ [ -65.294251579384579, -32.733128322357139 ], [ -65.291132105584424, -32.735026805424816 ], [ -65.294544535223451, -32.738936832471751 ], [ -65.296085298200339, -32.738711055940684 ], [ -65.298068317958496, -32.737527441585179 ], [ -65.294251579384579, -32.733128322357139 ] ] ] } },
{ "type": "Feature", "properties": { "codigo_indec": "740561506" }, "geometry": { "type": "Polygon", "coordinates": [ [ [ -66.320538422705596, -33.314297091423548 ], [ -66.319039155022068, -33.313962840534082 ], [ -66.318637037660849, -33.314860990142137 ], [ -66.317136575779926, -33.314197625937879 ], [ -66.316083964269652, -33.317856400449202 ], [ -66.319203585637155, -33.318565216701401 ], [ -66.320538422705596, -33.314297091423548 ] ] ] } },
{ "type": "Feature", "properties": { "codigo_indec": "740561504" }, "geometry": { "type": "Polygon", "coordinates": [ [ [ -66.325364109428477, -33.31537551516216 ], [ -66.324803977484564, -33.31708556079888 ], [ -66.323793666409244, -33.31685828347004 ], [ -66.323013833587964, -33.319429945062112 ], [ -66.319217025987271, -33.318569690295149 ], [ -66.31833554337264, -33.321285843449914 ], [ -66.319120231000198, -33.321477679648119 ], [ -66.318437727553402, -33.323544151440977 ], [ -66.314554786865756, -33.322661435337587 ], [ -66.314098545511655, -33.32421338418186 ], [ -66.308318515736659, -33.322897967109419 ], [ -66.307633971951347, -33.324459475175253 ], [ -66.306013124586897, -33.323945044084859 ], [ -66.303961518622458, -33.330049570751562 ], [ -66.305852109836422, -33.331654328780552 ], [ -66.308570839769843, -33.332783650542083 ], [ -66.324338046740891, -33.337706913552111 ], [ -66.331487029285213, -33.320101877135585 ], [ -66.333965035817471, -33.320775967083698 ], [ -66.334112980686911, -33.319441165080619 ], [ -66.328315344208022, -33.317720993432616 ], [ -66.328996629454679, -33.316118806641285 ], [ -66.325364109428477, -33.31537551516216 ] ] ] } },
{ "type": "Feature", "properties": { "codigo_indec": "740561416" }, "geometry": { "type": "Polygon", "coordinates": [ [ [ -66.319096038179637, -33.308205810430707 ], [ -66.318162777175502, -33.308465167153102 ], [ -66.316327278947895, -33.307915352866878 ], [ -66.315122782844327, -33.309640520475504 ], [ -66.313937620976361, -33.309282869781818 ], [ -66.313396441277533, -33.310339139139693 ], [ -66.315926894807092, -33.311527386107464 ], [ -66.315692651167581, -33.312082481670267 ], [ -66.316970733029962, -33.312881675121837 ], [ -66.31808163720703, -33.310516575359728 ], [ -66.320126991432005, -33.311174017935592 ], [ -66.3212640551058, -33.308651037385559 ], [ -66.319096038179637, -33.308205810430707 ] ] ] } },
{ "type": "Feature", "properties": { "codigo_indec": "740561411" }, "geometry": { "type": "Polygon", "coordinates": [ [ [ -66.326328243995974, -33.304652650932553 ], [ -66.334285526284631, -33.3062634440358 ], [ -66.334551899889092, -33.305018482525888 ], [ -66.326881527588938, -33.303294248008271 ], [ -66.326328243995974, -33.304652650932553 ] ] ] } },
{ "type": "Feature", "properties": { "codigo_indec": "740560813" }, "geometry": { "type": "Polygon", "coordinates": [ [ [ -66.304801725480701, -33.268236367622606 ], [ -66.302483618099956, -33.268305143120386 ], [ -66.302367956769103, -33.27055950675723 ], [ -66.307321964039247, -33.273017832784305 ], [ -66.304801725480701, -33.268236367622606 ] ] ] } },
{ "type": "Feature", "properties": { "codigo_indec": "740560810" }, "geometry": { "type": "Polygon", "coordinates": [ [ [ -66.310721310323942, -33.262257411037147 ], [ -66.308725299503877, -33.263078361266459 ], [ -66.308444578867451, -33.262601192088717 ], [ -66.306668111625072, -33.263295335840027 ], [ -66.309237970273742, -33.267702466034265 ], [ -66.310013725958257, -33.267786189327644 ], [ -66.310721310323942, -33.262257411037147 ] ] ] } },
{ "type": "Feature", "properties": { "codigo_indec": "740560802" }, "geometry": { "type": "Polygon", "coordinates": [ [ [ -66.314986978042427, -33.259145058412628 ], [ -66.30982150384645, -33.25894164334219 ], [ -66.30954201095021, -33.261092736579968 ], [ -66.312348680795651, -33.261148832521123 ], [ -66.312125850237948, -33.262619054958158 ], [ -66.314477093744514, -33.262856571735171 ], [ -66.314986978042427, -33.259145058412628 ] ] ] } },
{ "type": "Feature", "properties": { "codigo_indec": "740560801" }, "geometry": { "type": "Polygon", "coordinates": [ [ [ -66.317651488706588, -33.25922844390827 ], [ -66.314986978042427, -33.259145058412628 ], [ -66.314477093744514, -33.262856571735171 ], [ -66.317107634877672, -33.263160954531017 ], [ -66.317651488706588, -33.25922844390827 ] ] ] } },
{ "type": "Feature", "properties": { "codigo_indec": "740560721" }, "geometry": { "type": "Polygon", "coordinates": [ [ [ -66.331983320644369, -33.278188393689241 ], [ -66.329070508393812, -33.2778850756252 ], [ -66.328043099822239, -33.283730355869913 ], [ -66.330969572722779, -33.284047185125637 ], [ -66.331983320644369, -33.278188393689241 ] ] ] } },
{ "type": "Feature", "properties": { "codigo_indec": "740560717" }, "geometry": { "type": "Polygon", "coordinates": [ [ [ -66.323011389046655, -33.278712434635459 ], [ -66.317483893348225, -33.278163154673244 ], [ -66.317099719203227, -33.28175713432239 ], [ -66.322507998290078, -33.281937071179044 ], [ -66.323011389046655, -33.278712434635459 ] ] ] } },
{ "type": "Feature", "properties": { "codigo_indec": "740560715" }, "geometry": { "type": "Polygon", "coordinates": [ [ [ -66.309608525861137, -33.280703077112491 ], [ -66.305189707028873, -33.280263188502765 ], [ -66.304565858889106, -33.28145036353142 ], [ -66.303902637897849, -33.281348299118314 ], [ -66.30348948059482, -33.282936179126295 ], [ -66.309197289688925, -33.28356677861526 ], [ -66.309608525861137, -33.280703077112491 ] ] ] } },
{ "type": "Feature", "properties": { "codigo_indec": "740560510" }, "geometry": { "type": "Polygon", "coordinates": [ [ [ -66.26232357459196, -33.284625756593051 ], [ -66.253547743426694, -33.280951781850895 ], [ -66.250918940589273, -33.285118149925218 ], [ -66.259578083661381, -33.290068359064023 ], [ -66.26232357459196, -33.284625756593051 ] ] ] } },
{ "type": "Feature", "properties": { "codigo_indec": "740560506" }, "geometry": { "type": "Polygon", "coordinates": [ [ [ -66.23046919678319, -33.264974665936585 ], [ -66.225640621138922, -33.26437491791485 ], [ -66.226093352493152, -33.26513597779644 ], [ -66.22372626387093, -33.265983288889679 ], [ -66.224984598273338, -33.26804125553187 ], [ -66.227389061577341, -33.267103688767676 ], [ -66.23016735507241, -33.271629292861412 ], [ -66.227816196687485, -33.272463127254142 ], [ -66.224912016706128, -33.271129487240977 ], [ -66.223317965981678, -33.270023349564639 ], [ -66.222816533147508, -33.269104581295089 ], [ -66.220063250718155, -33.269019321429148 ], [ -66.217405655968506, -33.273978481476071 ], [ -66.219144131075964, -33.273817643170581 ], [ -66.221635964712149, -33.274448878250958 ], [ -66.224080682969444, -33.276581369220878 ], [ -66.226525188071278, -33.277546195621973 ], [ -66.232191713242173, -33.281164816215494 ], [ -66.236710276670038, -33.276914108602185 ], [ -66.235982009974506, -33.276532298759925 ], [ -66.234211163190693, -33.271612724483127 ], [ -66.23046919678319, -33.264974665936585 ] ] ] } },
{ "type": "Feature", "properties": { "codigo_indec": "740561406" }, "geometry": { "type": "Polygon", "coordinates": [ [ [ -66.315425634544169, -33.294587076870627 ], [ -66.315093193772015, -33.297680506310243 ], [ -66.322820910006556, -33.299865153780623 ], [ -66.323250609330259, -33.29555876262318 ], [ -66.315425634544169, -33.294587076870627 ] ] ] } },
{ "type": "Feature", "properties": { "codigo_indec": "740561308" }, "geometry": { "type": "Polygon", "coordinates": [ [ [ -66.342405131860843, -33.310181440883433 ], [ -66.339087480171642, -33.309604482163941 ], [ -66.338178951906059, -33.312086428726246 ], [ -66.341629977902173, -33.313109349003405 ], [ -66.342405131860843, -33.310181440883433 ] ] ] } },
{ "type": "Feature", "properties": { "codigo_indec": "740561216" }, "geometry": { "type": "Polygon", "coordinates": [ [ [ -66.361675235013848, -33.31158296875082 ], [ -66.357917493324408, -33.311093448216099 ], [ -66.357215354513897, -33.314025749004287 ], [ -66.358147346343756, -33.314126752822752 ], [ -66.358023372984718, -33.315979948040145 ], [ -66.35707530854387, -33.315892513952903 ], [ -66.356979280606168, -33.317362437191044 ], [ -66.361217187473713, -33.317688297216527 ], [ -66.361675235013848, -33.31158296875082 ] ] ] } },
{ "type": "Feature", "properties": { "codigo_indec": "740561214" }, "geometry": { "type": "Polygon", "coordinates": [ [ [ -66.353704804747281, -33.308287932773268 ], [ -66.352332277602841, -33.312772909214587 ], [ -66.354546923628007, -33.312730544492439 ], [ -66.356014904666552, -33.308641985683138 ], [ -66.353704804747281, -33.308287932773268 ] ] ] } },
{ "type": "Feature", "properties": { "codigo_indec": "740561210" }, "geometry": { "type": "Polygon", "coordinates": [ [ [ -66.346001432066174, -33.307890365814664 ], [ -66.345274206724895, -33.310682919947531 ], [ -66.349989075970015, -33.31154881349655 ], [ -66.350159787570107, -33.309929915249711 ], [ -66.347057391522583, -33.309487806511243 ], [ -66.347271748153659, -33.308031082234258 ], [ -66.346001432066174, -33.307890365814664 ] ] ] } },
{ "type": "Feature", "properties": { "codigo_indec": "740561017" }, "geometry": { "type": "Polygon", "coordinates": [ [ [ -66.32974572833939, -33.291168801296145 ], [ -66.329096689907033, -33.294871706818142 ], [ -66.330791025892282, -33.295052042550353 ], [ -66.330864762542703, -33.293965384174733 ], [ -66.336567762107094, -33.294504572478765 ], [ -66.337072523427466, -33.291753238319622 ], [ -66.32974572833939, -33.291168801296145 ] ] ] } },
{ "type": "Feature", "properties": { "codigo_indec": "740560607" }, "geometry": { "type": "Polygon", "coordinates": [ [ [ -66.338425539570451, -33.279311585141393 ], [ -66.338160343080617, -33.282220063628905 ], [ -66.344327144304543, -33.282820750999754 ], [ -66.344423255989284, -33.280643049147244 ], [ -66.338425539570451, -33.279311585141393 ] ] ] } },
{ "type": "Feature", "properties": { "codigo_indec": "740560405" }, "geometry": { "type": "Polygon", "coordinates": [ [ [ -66.225002048615764, -33.234022428274294 ], [ -66.225362135905968, -33.233237349348578 ], [ -66.226271550565684, -33.233294305159603 ], [ -66.225893616989921, -33.22817818070201 ], [ -66.227799810738972, -33.225821421299493 ], [ -66.227973043336789, -33.224364952929825 ], [ -66.227684956424241, -33.223932692467244 ], [ -66.224403104352945, -33.223203816905965 ], [ -66.223095487284994, -33.223656989410749 ], [ -66.222930513881579, -33.222056870612022 ], [ -66.218406670218442, -33.223322684681932 ], [ -66.218806942922157, -33.234362577985721 ], [ -66.225002048615764, -33.234022428274294 ] ] ] } },
{ "type": "Feature", "properties": { "codigo_indec": "740560318" }, "geometry": { "type": "Polygon", "coordinates": [ [ [ -66.31580492108553, -33.188882761740672 ], [ -66.310982609131528, -33.18751538631922 ], [ -66.308621266530423, -33.19452252903077 ], [ -66.315993999419959, -33.19450403043858 ], [ -66.316040860207011, -33.191875620691768 ], [ -66.337976961357299, -33.193449966653638 ], [ -66.340645616982599, -33.194420974100396 ], [ -66.344702014922035, -33.197849571058541 ], [ -66.347177267709384, -33.198676709835702 ], [ -66.348413291681396, -33.182430163108179 ], [ -66.343233232527083, -33.180785527081277 ], [ -66.338663085246779, -33.183642730446486 ], [ -66.334279270634951, -33.18834763511925 ], [ -66.323261093128636, -33.189084525347319 ], [ -66.321203583365929, -33.188729193801301 ], [ -66.319522224474525, -33.189337622314852 ], [ -66.31580492108553, -33.188882761740672 ] ] ] } },
{ "type": "Feature", "properties": { "codigo_indec": "740560612" }, "geometry": { "type": "Polygon", "coordinates": [ [ [ -66.352489186270958, -33.286377341061325 ], [ -66.352365382939283, -33.287626447658234 ], [ -66.348729974672565, -33.287258016342065 ], [ -66.348358103442806, -33.286880375044703 ], [ -66.348281992226191, -33.287313370115008 ], [ -66.350018363933017, -33.288638394754265 ], [ -66.349871708521434, -33.288206025989012 ], [ -66.352732178891827, -33.288071713378002 ], [ -66.354219567301527, -33.286872825843162 ], [ -66.354204764183606, -33.286530249179577 ], [ -66.352489186270958, -33.286377341061325 ] ] ] } },
{ "type": "Feature", "properties": { "codigo_indec": "740560608" }, "geometry": { "type": "Polygon", "coordinates": [ [ [ -66.344327144304543, -33.282820750999754 ], [ -66.338160343080617, -33.282220063628905 ], [ -66.337840056364854, -33.285462292866278 ], [ -66.340459718845366, -33.284152290843735 ], [ -66.343843911200651, -33.284147483845757 ], [ -66.344327144304543, -33.282820750999754 ] ] ] } },
{ "type": "Feature", "properties": { "codigo_indec": "740490209" }, "geometry": { "type": "Polygon", "coordinates": [ [ [ -65.20788905625453, -32.341893671603621 ], [ -65.204505494770672, -32.342251108972391 ], [ -65.205683119928551, -32.34818742990435 ], [ -65.205988741487701, -32.34816230209244 ], [ -65.205660164373427, -32.351117918497003 ], [ -65.207226463080076, -32.351186385504718 ], [ -65.207896704326842, -32.348025511819138 ], [ -65.207444423624892, -32.345682671537155 ], [ -65.208589747828071, -32.345595180314767 ], [ -65.208253575374513, -32.343640816151911 ], [ -65.20788905625453, -32.341893671603621 ] ] ] } },
{ "type": "Feature", "properties": { "codigo_indec": "740490204" }, "geometry": { "type": "Polygon", "coordinates": [ [ [ -65.21280445832889, -32.334214600863817 ], [ -65.21289911301163, -32.335549760731382 ], [ -65.208069156089152, -32.336155259089331 ], [ -65.208949714478692, -32.34176506689289 ], [ -65.213372452362961, -32.341301277158522 ], [ -65.216368725447268, -32.341504780720221 ], [ -65.216517386720938, -32.342434491518624 ], [ -65.217082241358867, -32.342523663267976 ], [ -65.217144928870283, -32.338944161968804 ], [ -65.218618289227123, -32.338989365583593 ], [ -65.218587854516628, -32.337586977473443 ], [ -65.214508773248426, -32.337638293992484 ], [ -65.214198864282508, -32.3341691891249 ], [ -65.21280445832889, -32.334214600863817 ] ] ] } },
{ "type": "Feature", "properties": { "codigo_indec": "740351603" }, "geometry": { "type": "Polygon", "coordinates": [ [ [ -65.181731157833582, -33.860982407721231 ], [ -65.179295695065392, -33.857734278096586 ], [ -65.170247111099258, -33.862343548516435 ], [ -65.170577513257271, -33.862819067952394 ], [ -65.175148783247707, -33.860559895596801 ], [ -65.177205396181762, -33.86330072769227 ], [ -65.181731157833582, -33.860982407721231 ] ] ] } },
{ "type": "Feature", "properties": { "codigo_indec": "740351506" }, "geometry": { "type": "Polygon", "coordinates": [ [ [ -65.274354537727561, -33.75966694648919 ], [ -65.172054093873101, -33.841106944375042 ], [ -65.180183851730817, -33.852993700543813 ], [ -65.191664071950001, -33.847588282398618 ], [ -65.193523610494907, -33.850341079951015 ], [ -65.21933605300805, -33.835267013664179 ], [ -65.229331308224843, -33.831390230901761 ], [ -65.233566368712161, -33.830433964934983 ], [ -65.237079628052641, -33.830766778111354 ], [ -65.241208162336321, -33.832378937878438 ], [ -65.244625138835715, -33.834766422657196 ], [ -65.247224045967712, -33.835602705174026 ], [ -65.247490108415676, -33.833287408066717 ], [ -65.253558931166083, -33.828902307551111 ], [ -65.254468930145393, -33.825179996991871 ], [ -65.253957202733844, -33.823779534295099 ], [ -65.25273441774273, -33.823100492667514 ], [ -65.251745729874798, -33.820349345236018 ], [ -65.252543725321871, -33.818325745553366 ], [ -65.253989849530498, -33.816599058697804 ], [ -65.256978824340962, -33.814741921251041 ], [ -65.259035176203227, -33.814249435730297 ], [ -65.261854499991983, -33.815460867800539 ], [ -65.264683392582427, -33.81493234032412 ], [ -65.266734468530345, -33.816319384748745 ], [ -65.266769415109948, -33.817919807839679 ], [ -65.267692070903848, -33.81991767013519 ], [ -65.270267578196851, -33.82189376299128 ], [ -65.272329350484483, -33.822685768617667 ], [ -65.277140672928525, -33.822457128146851 ], [ -65.278366198811568, -33.82122470176602 ], [ -65.280120659276236, -33.820671499038959 ], [ -65.283995967104019, -33.820955502882143 ], [ -65.288013938789561, -33.823904231714316 ], [ -65.290421400070429, -33.82373780142386 ], [ -65.290774180969407, -33.82516424901943 ], [ -65.29035032155798, -33.826130955707647 ], [ -65.291095713054119, -33.82743344644944 ], [ -65.293619104065954, -33.828615408574485 ], [ -65.299743437643713, -33.823718964645877 ], [ -65.303150196566847, -33.819537123764221 ], [ -65.304585230223537, -33.819058396398226 ], [ -65.305490954386997, -33.819252821942349 ], [ -65.306217752420352, -33.818197611959469 ], [ -65.303530571890505, -33.814585351128756 ], [ -65.302433171416141, -33.814060767997837 ], [ -65.301954273786976, -33.813183571631676 ], [ -65.302439194103897, -33.812320843338583 ], [ -65.297186535604681, -33.810794480419986 ], [ -65.293024720716076, -33.807971436680894 ], [ -65.291348141174637, -33.807961815971268 ], [ -65.288877781018925, -33.803056781620654 ], [ -65.288900932748291, -33.800257653024289 ], [ -65.288104558817864, -33.795362237048813 ], [ -65.283970167707551, -33.789045598901652 ], [ -65.284039980599488, -33.780657214068029 ], [ -65.280719793084614, -33.777144452094035 ], [ -65.280772378959554, -33.7708520300164 ], [ -65.278286080588586, -33.768042749164387 ], [ -65.276651413947263, -33.763137828338039 ], [ -65.274354537727561, -33.75966694648919 ] ] ] } },
{ "type": "Feature", "properties": { "codigo_indec": "740350404" }, "geometry": { "type": "Polygon", "coordinates": [ [ [ -65.271368156432501, -33.608752549553508 ], [ -65.267753124949309, -33.609718411539724 ], [ -65.265376723834365, -33.617719180344835 ], [ -65.278108464402564, -33.620304985740098 ], [ -65.279629452990093, -33.6146159979657 ], [ -65.278045424973513, -33.614295724534671 ], [ -65.27926013167118, -33.610439623009832 ], [ -65.271368156432501, -33.608752549553508 ] ] ] } },
{ "type": "Feature", "properties": { "codigo_indec": "740560313" }, "geometry": { "type": "Polygon", "coordinates": [ [ [ -66.324958360727692, -33.184806313317594 ], [ -66.323261093128636, -33.189084525347319 ], [ -66.332478556165626, -33.188559835625256 ], [ -66.332255522096986, -33.187000587537817 ], [ -66.331545647211101, -33.187142234971816 ], [ -66.331267017105759, -33.185763461546536 ], [ -66.328431855426345, -33.186050483364582 ], [ -66.327420778505939, -33.184493302226713 ], [ -66.324958360727692, -33.184806313317594 ] ] ] } },
{ "type": "Feature", "properties": { "codigo_indec": "740490419" }, "geometry": { "type": "Polygon", "coordinates": [ [ [ -64.97895674714718, -32.348792147461346 ], [ -64.972717842136717, -32.348398839529956 ], [ -64.970780710228397, -32.348973666461461 ], [ -64.969326799208574, -32.348384701194924 ], [ -64.969133564936584, -32.348797907680975 ], [ -64.967447825386529, -32.348513606595063 ], [ -64.966322434828996, -32.349162635257905 ], [ -64.965638990034009, -32.349012759172822 ], [ -64.965087760581369, -32.349612381373824 ], [ -64.963089784923199, -32.348996336621489 ], [ -64.958841530961934, -32.355886443248131 ], [ -64.959714690749493, -32.356403112357789 ], [ -64.962153949497235, -32.355832592062008 ], [ -64.963177589904987, -32.356197185650657 ], [ -64.963791629567353, -32.355683751231204 ], [ -64.965454525944992, -32.355652317751172 ], [ -64.967284287465105, -32.354959474371 ], [ -64.971238246809122, -32.355474202640174 ], [ -64.973729976482815, -32.353776750529001 ], [ -64.978131683389563, -32.352969393992112 ], [ -64.978097408078924, -32.352238732464052 ], [ -64.979323252997474, -32.352099876814712 ], [ -64.97895674714718, -32.348792147461346 ] ] ] } },
{ "type": "Feature", "properties": { "codigo_indec": "740490409" }, "geometry": { "type": "Polygon", "coordinates": [ [ [ -65.008325868466613, -32.336077868832014 ], [ -65.005653342053918, -32.335957644453501 ], [ -65.004372120328441, -32.336569722249834 ], [ -65.003585500671747, -32.336387677655104 ], [ -65.003307324693111, -32.337057256922527 ], [ -65.002308364976912, -32.336625555376578 ], [ -65.001473520896084, -32.337691989285304 ], [ -65.000566507401814, -32.337833589606348 ], [ -64.99719143568926, -32.338090845650548 ], [ -64.995918276869688, -32.337724542299057 ], [ -64.995911970634083, -32.339257403374965 ], [ -64.997149739089394, -32.339704579750176 ], [ -64.996096620637729, -32.344177712363638 ], [ -65.001644408193016, -32.341958444271178 ], [ -65.004336825147064, -32.341975215527953 ], [ -65.005614039145755, -32.341493856336783 ], [ -65.007225338761842, -32.341786078675611 ], [ -65.007309546294863, -32.339424251822784 ], [ -65.008430303871634, -32.339406014714278 ], [ -65.008325868466613, -32.336077868832014 ] ] ] } },
{ "type": "Feature", "properties": { "codigo_indec": "740490405" }, "geometry": { "type": "Polygon", "coordinates": [ [ [ -65.014809243695652, -32.336638134115418 ], [ -65.01667813240968, -32.336431794606654 ], [ -65.018068039032016, -32.336812323710575 ], [ -65.019648241596244, -32.338014877564682 ], [ -65.022457272164345, -32.338289155743588 ], [ -65.023264640384852, -32.339016781848038 ], [ -65.024400851317623, -32.338547664451362 ], [ -65.024739492366308, -32.338910969192348 ], [ -65.02805931841074, -32.339098899270347 ], [ -65.028381439618002, -32.334051767818032 ], [ -65.017802638867749, -32.333604658965328 ], [ -65.017759359708904, -32.334415866157407 ], [ -65.014879855526132, -32.334041745794487 ], [ -65.014809243695652, -32.336638134115418 ] ] ] } },
{ "type": "Feature", "properties": { "codigo_indec": "740490404" }, "geometry": { "type": "Polygon", "coordinates": [ [ [ -65.015226490598209, -32.326059757159349 ], [ -65.014879855526132, -32.334041745794487 ], [ -65.017759359708904, -32.334415866157407 ], [ -65.017802638867749, -32.333604658965328 ], [ -65.028381439618002, -32.334051767818032 ], [ -65.029023725783773, -32.330098173783007 ], [ -65.02272695372659, -32.329008075556359 ], [ -65.022898627248864, -32.326867826919909 ], [ -65.015226490598209, -32.326059757159349 ] ] ] } },
{ "type": "Feature", "properties": { "codigo_indec": "740280107" }, "geometry": { "type": "Polygon", "coordinates": [ [ [ -65.249847027677205, -32.556422145281374 ], [ -65.244772099670314, -32.557559471165277 ], [ -65.244610116574165, -32.565137345405631 ], [ -65.242981536639022, -32.565700131080135 ], [ -65.243987873746519, -32.569182264956154 ], [ -65.2448783927926, -32.569020802709872 ], [ -65.245053638141854, -32.564626037316224 ], [ -65.245852360854641, -32.564612797870289 ], [ -65.245822164136328, -32.563449414991268 ], [ -65.255103429317572, -32.561011536832986 ], [ -65.254625988528019, -32.560161101179652 ], [ -65.254877355758225, -32.55937810533819 ], [ -65.250932515194862, -32.558407867248313 ], [ -65.249393074613792, -32.557235481444089 ], [ -65.249847027677205, -32.556422145281374 ] ] ] } },
{ "type": "Feature", "properties": { "codigo_indec": "740210309" }, "geometry": { "type": "Polygon", "coordinates": [ [ [ -65.60783231159661, -33.05425651977631 ], [ -65.602635698315694, -33.053892934513321 ], [ -65.600704882686841, -33.054089642374421 ], [ -65.600512861822125, -33.054526332757042 ], [ -65.602505358379972, -33.055497474468282 ], [ -65.608040413583566, -33.060451578772678 ], [ -65.610317492368964, -33.06189235269089 ], [ -65.613560311765212, -33.062889759588614 ], [ -65.620521792846276, -33.063222207523204 ], [ -65.620826148840749, -33.060292738120069 ], [ -65.617904086226744, -33.060026847570214 ], [ -65.617991898961705, -33.058909057863509 ], [ -65.618805352353434, -33.058983679400505 ], [ -65.61889877813077, -33.057802789735447 ], [ -65.607679648789698, -33.056690522690673 ], [ -65.60783231159661, -33.05425651977631 ] ] ] } },
{ "type": "Feature", "properties": { "codigo_indec": "740070509" }, "geometry": { "type": "Polygon", "coordinates": [ [ [ -66.124287308866286, -32.599456532583382 ], [ -66.115307375922754, -32.601737464664325 ], [ -66.112380228633356, -32.599400117806901 ], [ -66.110657440905911, -32.599627080560147 ], [ -66.109961875097042, -32.599235436966666 ], [ -66.109960558878839, -32.598157865772016 ], [ -66.107284960944639, -32.596631739242461 ], [ -66.105145503774182, -32.604893430874178 ], [ -66.108201584438788, -32.610359845930759 ], [ -66.112100920655507, -32.610351917853095 ], [ -66.118949291484455, -32.606734180125784 ], [ -66.118451974800749, -32.605269333899372 ], [ -66.118709515331219, -32.604660420907052 ], [ -66.124481098980951, -32.60863598484827 ], [ -66.132210371137262, -32.612248542232479 ], [ -66.135074886531712, -32.613052544447115 ], [ -66.139486087393848, -32.613268647494031 ], [ -66.140235667356208, -32.613984689459173 ], [ -66.140678007714882, -32.615805692252671 ], [ -66.141820016821725, -32.610294827555187 ], [ -66.139146619129619, -32.598715058063938 ], [ -66.132191656646469, -32.597694591840003 ], [ -66.127633725657233, -32.598623582267102 ], [ -66.127936108108969, -32.599642233982912 ], [ -66.124570932860209, -32.600416598178803 ], [ -66.124287308866286, -32.599456532583382 ] ] ] } },
{ "type": "Feature", "properties": { "codigo_indec": "740351410" }, "geometry": { "type": "Polygon", "coordinates": [ [ [ -65.436385219814724, -33.705513869017508 ], [ -65.431778169699157, -33.70648447646348 ], [ -65.431411110421266, -33.705301747619423 ], [ -65.43059262363964, -33.705509843576699 ], [ -65.431756325584118, -33.709391896954955 ], [ -65.429622404489109, -33.709904964832738 ], [ -65.429714319677018, -33.710279535147016 ], [ -65.433279129233185, -33.710354542876999 ], [ -65.437799779468008, -33.70942856579375 ], [ -65.436385219814724, -33.705513869017508 ] ] ] } },
{ "type": "Feature", "properties": { "codigo_indec": "740351404" }, "geometry": { "type": "Polygon", "coordinates": [ [ [ -65.440562558136733, -33.697599143968731 ], [ -65.439563241459595, -33.69784705135914 ], [ -65.439965056518716, -33.699088516723272 ], [ -65.437936512786578, -33.699615731847381 ], [ -65.438443797645093, -33.701222812629609 ], [ -65.441402110140487, -33.700370728130508 ], [ -65.440562558136733, -33.697599143968731 ] ] ] } },
{ "type": "Feature", "properties": { "codigo_indec": "740351311" }, "geometry": { "type": "Polygon", "coordinates": [ [ [ -65.502498496792143, -33.697169870232784 ], [ -65.499762751298135, -33.698357901493132 ], [ -65.502065702243087, -33.701144015796089 ], [ -65.500996910757578, -33.701770796636694 ], [ -65.50288299812452, -33.703915101639922 ], [ -65.505580547105524, -33.702357209797448 ], [ -65.503794741768218, -33.700118684075484 ], [ -65.504300650308522, -33.699832215107172 ], [ -65.503493483029914, -33.698111497750702 ], [ -65.502778165517725, -33.698239347520811 ], [ -65.502498496792143, -33.697169870232784 ] ] ] } },
{ "type": "Feature", "properties": { "codigo_indec": "740351309" }, "geometry": { "type": "Polygon", "coordinates": [ [ [ -65.50760970032654, -33.692209210075823 ], [ -65.506265660513222, -33.69242923745675 ], [ -65.505510178479057, -33.693458506141276 ], [ -65.503735915900549, -33.692527290275052 ], [ -65.502999043770473, -33.693597188512683 ], [ -65.503571627095454, -33.695776764760808 ], [ -65.506036717571789, -33.697098418716422 ], [ -65.507121245022475, -33.695588124487323 ], [ -65.508492809231399, -33.695278041341012 ], [ -65.50760970032654, -33.692209210075823 ] ] ] } },
{ "type": "Feature", "properties": { "codigo_indec": "740351217" }, "geometry": { "type": "Polygon", "coordinates": [ [ [ -65.445051413807889, -33.697308350647987 ], [ -65.447444198362163, -33.705577353637452 ], [ -65.448218260588291, -33.705562782387588 ], [ -65.450333586344485, -33.703701478927492 ], [ -65.448313529784627, -33.696565650342734 ], [ -65.445051413807889, -33.697308350647987 ] ] ] } },
{ "type": "Feature", "properties": { "codigo_indec": "740351205" }, "geometry": { "type": "Polygon", "coordinates": [ [ [ -65.453131970790452, -33.68978029207647 ], [ -65.45290237219443, -33.688994917760603 ], [ -65.4499383100015, -33.689558757058279 ], [ -65.449762795727111, -33.690022279295725 ], [ -65.449889283619314, -33.690482638374554 ], [ -65.453131970790452, -33.68978029207647 ] ] ] } },
{ "type": "Feature", "properties": { "codigo_indec": "740351202" }, "geometry": { "type": "Polygon", "coordinates": [ [ [ -65.454720151862944, -33.687632580114233 ], [ -65.452644091663615, -33.688056150522357 ], [ -65.453662352751607, -33.691608298742359 ], [ -65.455811547861984, -33.691144463809238 ], [ -65.454720151862944, -33.687632580114233 ] ] ] } },
{ "type": "Feature", "properties": { "codigo_indec": "740350915" }, "geometry": { "type": "Polygon", "coordinates": [ [ [ -65.453424173944697, -33.68323174229662 ], [ -65.448111164367518, -33.684353110982762 ], [ -65.448930130985076, -33.686989324441953 ], [ -65.454218715139348, -33.685917399860486 ], [ -65.453424173944697, -33.68323174229662 ] ] ] } },
{ "type": "Feature", "properties": { "codigo_indec": "740350914" }, "geometry": { "type": "Polygon", "coordinates": [ [ [ -65.457735831972769, -33.68226803535314 ], [ -65.453424173944697, -33.68323174229662 ], [ -65.454720151862944, -33.687632580114233 ], [ -65.459085684250709, -33.686709635885393 ], [ -65.457735831972769, -33.68226803535314 ] ] ] } },
{ "type": "Feature", "properties": { "codigo_indec": "740350906" }, "geometry": { "type": "Polygon", "coordinates": [ [ [ -65.444653506585396, -33.680357226651047 ], [ -65.445442733385448, -33.682984314836951 ], [ -65.447556505983073, -33.682552017584264 ], [ -65.448111164367518, -33.684353110982762 ], [ -65.454536542163225, -33.682979712293495 ], [ -65.453195467102702, -33.678474990492468 ], [ -65.444653506585396, -33.680357226651047 ] ] ] } },
{ "type": "Feature", "properties": { "codigo_indec": "740350904" }, "geometry": { "type": "Polygon", "coordinates": [ [ [ -65.45141267171735, -33.6722327827692 ], [ -65.44276882788327, -33.674118949328729 ], [ -65.444653506585396, -33.680357226651047 ], [ -65.453195467102702, -33.678474990492468 ], [ -65.45141267171735, -33.6722327827692 ] ] ] } },
{ "type": "Feature", "properties": { "codigo_indec": "740350903" }, "geometry": { "type": "Polygon", "coordinates": [ [ [ -65.454557446809986, -33.671557005372314 ], [ -65.45141267171735, -33.6722327827692 ], [ -65.452952817107033, -33.677626447883462 ], [ -65.456157141775279, -33.676941879346558 ], [ -65.454557446809986, -33.671557005372314 ] ] ] } },
{ "type": "Feature", "properties": { "codigo_indec": "740350808" }, "geometry": { "type": "Polygon", "coordinates": [ [ [ -65.45600482876965, -33.66088435455444 ], [ -65.453847281369491, -33.66023022176573 ], [ -65.449336544075308, -33.661301103422957 ], [ -65.450077173817562, -33.663936969007459 ], [ -65.456484883591514, -33.662554361584291 ], [ -65.45600482876965, -33.66088435455444 ] ] ] } },
{ "type": "Feature", "properties": { "codigo_indec": "740350713" }, "geometry": { "type": "Polygon", "coordinates": [ [ [ -65.46198646697016, -33.662082568847929 ], [ -65.464177868311182, -33.669466888359388 ], [ -65.467514191563993, -33.668733008394156 ], [ -65.46596433582954, -33.663479213573559 ], [ -65.46198646697016, -33.662082568847929 ] ] ] } },
{ "type": "Feature", "properties": { "codigo_indec": "740070304" }, "geometry": { "type": "Polygon", "coordinates": [ [ [ -65.841619103021458, -32.065610001906137 ], [ -65.842154605386497, -32.057498886789297 ], [ -65.824429617679257, -32.051104280999986 ], [ -65.820686010002092, -32.052731319247229 ], [ -65.822017025328392, -32.057106977311093 ], [ -65.825357443201511, -32.05737765776658 ], [ -65.825170029018622, -32.058482117180525 ], [ -65.82645906553104, -32.058605632970952 ], [ -65.825864387481175, -32.063677498531391 ], [ -65.82649281853098, -32.070175895458917 ], [ -65.825482888306084, -32.070783229556859 ], [ -65.824950621448522, -32.07221186190614 ], [ -65.823837353289832, -32.079744923602505 ], [ -65.824860314690468, -32.080693239295165 ], [ -65.826245137155723, -32.072339896627753 ], [ -65.828369533377398, -32.070448993621746 ], [ -65.828431386251722, -32.065683016555759 ], [ -65.841619103021458, -32.065610001906137 ] ] ] } },
{ "type": "Feature", "properties": { "codigo_indec": "740210106" }, "geometry": { "type": "Polygon", "coordinates": [ [ [ -66.070329768236405, -33.034290574122032 ], [ -66.068339043183343, -33.038204934641762 ], [ -66.070612437610961, -33.039741017975494 ], [ -66.071328192254768, -33.041196809304274 ], [ -66.071048374145562, -33.042693742264674 ], [ -66.067937163897639, -33.048096479646041 ], [ -66.066468649150139, -33.049337066588436 ], [ -66.066547112196545, -33.050455094996707 ], [ -66.067415376559637, -33.051802624492375 ], [ -66.068923169296511, -33.052843228429658 ], [ -66.072931751341599, -33.051434345278686 ], [ -66.074106092023101, -33.050568050623546 ], [ -66.074103917079825, -33.047971243528117 ], [ -66.073221377771802, -33.045622914439029 ], [ -66.071750868975172, -33.044262246796251 ], [ -66.073953087956255, -33.043643316640463 ], [ -66.074832596000604, -33.042407503648981 ], [ -66.074682262386588, -33.038697218239236 ], [ -66.073653635812306, -33.03758426577059 ], [ -66.07321258007039, -33.034987711528686 ], [ -66.070329768236405, -33.034290574122032 ] ] ] } },
{ "type": "Feature", "properties": { "codigo_indec": "740351612" }, "geometry": { "type": "Polygon", "coordinates": [ [ [ -65.198356793759359, -33.857499112130689 ], [ -65.188946911579322, -33.862427452448522 ], [ -65.193703058542596, -33.868899996341113 ], [ -65.202982903625156, -33.864349098073355 ], [ -65.198356793759359, -33.857499112130689 ] ] ] } },
{ "type": "Feature", "properties": { "codigo_indec": "740140303" }, "geometry": { "type": "Polygon", "coordinates": [ [ [ -66.229838454188979, -32.545983640433626 ], [ -66.230393929739535, -32.600862241926848 ], [ -66.231472588623419, -32.625734472246414 ], [ -66.230978313611402, -32.635541665636822 ], [ -66.23113187681848, -32.653814843819852 ], [ -66.233814281835066, -32.666731564629934 ], [ -66.235302548114106, -32.679357385528441 ], [ -66.234440753169011, -32.693322119075134 ], [ -66.231524850737998, -32.702863197163694 ], [ -66.226049679068367, -32.712877725966329 ], [ -66.220917165844639, -32.724996901952423 ], [ -66.217654378319665, -32.731093683403287 ], [ -66.229457745941261, -32.734841794315898 ], [ -66.245083012097894, -32.733238733296822 ], [ -66.247527147122909, -32.733617158889437 ], [ -66.250945762926207, -32.737190157373817 ], [ -66.252960688026818, -32.73854318293882 ], [ -66.256815897792919, -32.739815773437897 ], [ -66.258549667366836, -32.743513730851888 ], [ -66.260177499154679, -32.743753824274194 ], [ -66.262135322717938, -32.742816475136138 ], [ -66.298309798860956, -32.737731116545085 ], [ -66.32045847862473, -32.724254499987424 ], [ -66.331077121789718, -32.721161094187352 ], [ -66.32644861233679, -32.71264754541361 ], [ -66.312850491716361, -32.66403010090432 ], [ -66.261268314385291, -32.59441306253354 ], [ -66.257402905445815, -32.582748113997269 ], [ -66.250439934638251, -32.558757991110873 ], [ -66.229838454188979, -32.545983640433626 ] ] ] } },
{ "type": "Feature", "properties": { "codigo_indec": "740630101" }, "geometry": { "type": "Polygon", "coordinates": [ [ [ -65.720817454008966, -32.281371427037229 ], [ -65.690359675068862, -32.279789946515656 ], [ -65.688479003046979, -32.28419950759411 ], [ -65.689070074094346, -32.293750746194981 ], [ -65.689531268253674, -32.296272335816916 ], [ -65.690462341204508, -32.29800151620239 ], [ -65.689180489961203, -32.30728210546885 ], [ -65.689633159174463, -32.312324116907249 ], [ -65.691625333278708, -32.323740892794518 ], [ -65.693177548877244, -32.326395875813326 ], [ -65.691606442492912, -32.32931377461162 ], [ -65.693611752259883, -32.33701073564356 ], [ -65.694373713555706, -32.342585500599569 ], [ -65.693588050118549, -32.344044455658505 ], [ -65.694363012214225, -32.345768708170667 ], [ -65.69481839155587, -32.349349819270927 ], [ -65.692515779806214, -32.352500404366317 ], [ -65.691123991161234, -32.35643771378178 ], [ -65.691237959831426, -32.359634745398239 ], [ -65.692113148445543, -32.360809177482984 ], [ -65.691215141449263, -32.366348315536179 ], [ -65.690454952143497, -32.368050782854667 ], [ -65.691957110842694, -32.369226752203325 ], [ -65.692706466641738, -32.370720996827004 ], [ -65.697223231077146, -32.371263962665004 ], [ -65.697590517962738, -32.374245167112662 ], [ -65.696827173917455, -32.376908039181551 ], [ -65.696071799326759, -32.377970298806773 ], [ -65.694689284090714, -32.378287083791172 ], [ -65.694308096722509, -32.379458449344618 ], [ -65.695684555632539, -32.380954193236654 ], [ -65.697567090008789, -32.381278848149371 ], [ -65.697185580890746, -32.382553923621465 ], [ -65.693282645090321, -32.385741228439358 ], [ -65.691023610074751, -32.385947625596245 ], [ -65.69001266204539, -32.387117431371593 ], [ -65.688632272298236, -32.387542365250468 ], [ -65.687378497904746, -32.38668709957831 ], [ -65.68549331140899, -32.387106237461822 ], [ -65.685236903591829, -32.389026344740884 ], [ -65.684228142872811, -32.390299810888514 ], [ -65.682575842187461, -32.395516842636745 ], [ -65.680920392049643, -32.402329949929381 ], [ -65.679196777389407, -32.404300421963519 ], [ -65.681013168596778, -32.4069291441457 ], [ -65.681946540837842, -32.409790070493678 ], [ -65.682010959375233, -32.412639781501355 ], [ -65.681182058211348, -32.415581918405991 ], [ -65.673367332719906, -32.426919495952113 ], [ -65.671140033939551, -32.43273451566693 ], [ -65.658284407232756, -32.447637800294139 ], [ -65.660041523307839, -32.451957426884427 ], [ -65.664938241736948, -32.460072763429558 ], [ -65.667105195033841, -32.470236697324545 ], [ -65.667314925098225, -32.473226541790311 ], [ -65.670754059385857, -32.477473790788665 ], [ -65.672000880668662, -32.478347230582131 ], [ -65.672433335557031, -32.480841683546323 ], [ -65.680766613062161, -32.480673727379617 ], [ -65.68307995662569, -32.484624710414728 ], [ -65.685466607966447, -32.485911175678403 ], [ -65.691876369752933, -32.487577224757445 ], [ -65.694639662292445, -32.489238661993078 ], [ -65.7008581576316, -32.49175593906503 ], [ -65.699844720641764, -32.493354123191367 ], [ -65.700533677715669, -32.494956361274639 ], [ -65.707247362136641, -32.495057824288772 ], [ -65.713323595047484, -32.497375770814543 ], [ -65.713582297472811, -32.502200691851037 ], [ -65.714308632563913, -32.504700173366942 ], [ -65.718264960568277, -32.512256684847102 ], [ -65.724695411914226, -32.521040364093935 ], [ -65.726635448958703, -32.522703799539059 ], [ -65.729257013342504, -32.531379708191366 ], [ -65.728454689583799, -32.533587241706847 ], [ -65.730484096628544, -32.541973274803631 ], [ -65.733337009795264, -32.542930691525989 ], [ -65.736870028236197, -32.54250980818091 ], [ -65.740399316952676, -32.543373795806076 ], [ -65.742416721244339, -32.543377944534946 ], [ -65.745272991501025, -32.545092558274007 ], [ -65.748970931995004, -32.545672599322124 ], [ -65.757538781911194, -32.549535328215342 ], [ -65.76040235130472, -32.548684165921003 ], [ -65.764763908589643, -32.553110920326965 ], [ -65.766606105910881, -32.556103615235969 ], [ -65.768118874646717, -32.556818787402413 ], [ -65.769079942949233, -32.558849466076104 ], [ -65.77085475023749, -32.559132252256354 ], [ -65.772533885432765, -32.557246161228406 ], [ -65.773979093098632, -32.557329924199983 ], [ -65.775785502214447, -32.55988507660166 ], [ -65.783627892958222, -32.553158326125853 ], [ -65.788478767591556, -32.552693167906384 ], [ -65.795416620483309, -32.555657843321903 ], [ -65.802109547345552, -32.557629837980905 ], [ -65.804230203077125, -32.558043449230873 ], [ -65.806682260458643, -32.556608970598212 ], [ -65.80807273161831, -32.558658047735904 ], [ -65.807208777321037, -32.560595463196982 ], [ -65.818488600263336, -32.556193736028384 ], [ -65.831326474422511, -32.549286253666679 ], [ -65.834673355067437, -32.548659480688492 ], [ -65.838582796403713, -32.54598639033145 ], [ -65.845277505102288, -32.54395236246976 ], [ -65.849425376829785, -32.543222478485994 ], [ -65.850534780268816, -32.543489815794231 ], [ -65.856778408758501, -32.540309424711793 ], [ -65.862785386159189, -32.538454024825363 ], [ -65.869581329425642, -32.53558469698033 ], [ -65.877150400817911, -32.533337960460798 ], [ -65.884251653329017, -32.528299439670292 ], [ -65.888310383937608, -32.523505827964968 ], [ -65.893172207056736, -32.516489962077372 ], [ -65.895126372494701, -32.510873725944187 ], [ -65.89373042882022, -32.503370016409171 ], [ -65.893546167473247, -32.497188375675428 ], [ -65.892135213822442, -32.491402453081136 ], [ -65.888491948294302, -32.482043619090106 ], [ -65.887717026818791, -32.474238271353322 ], [ -65.884457928830287, -32.473130675997197 ], [ -65.887340709483794, -32.471036714686115 ], [ -65.887559781299743, -32.470229842023045 ], [ -65.884466047504176, -32.466773327709028 ], [ -65.882840405222353, -32.46331360165906 ], [ -65.882930233513761, -32.461708563746292 ], [ -65.883985427822722, -32.460000716802213 ], [ -65.883760789746333, -32.454783860550272 ], [ -65.885624507166483, -32.452815232605708 ], [ -65.885873927666651, -32.451111141593216 ], [ -65.888579140561262, -32.445797714108764 ], [ -65.890042675468322, -32.438170138934098 ], [ -65.892006515989195, -32.432089482424331 ], [ -65.893270870288916, -32.430652255597153 ], [ -65.891357898288931, -32.429879616965856 ], [ -65.890384372532864, -32.426010228878212 ], [ -65.891363698142783, -32.425041686174758 ], [ -65.890063469922339, -32.421032237837998 ], [ -65.892344281031072, -32.420759170580993 ], [ -65.89412360430029, -32.422018633077691 ], [ -65.894951680439931, -32.420761371455782 ], [ -65.893652065600605, -32.418411196604588 ], [ -65.894192215316608, -32.415611685610408 ], [ -65.898157439797927, -32.415736690485794 ], [ -65.900824319909688, -32.414683757772579 ], [ -65.902944300525277, -32.413026168498412 ], [ -65.899412952898516, -32.41239216645684 ], [ -65.899039938371203, -32.408464697679179 ], [ -65.894642837022644, -32.40749170458426 ], [ -65.896956833422649, -32.405766743977111 ], [ -65.886481083043648, -32.397299211841009 ], [ -65.830454351375252, -32.357139321480936 ], [ -65.78747877929861, -32.312080411541274 ], [ -65.75971907561977, -32.284661762276386 ], [ -65.742727794938503, -32.279343878581479 ], [ -65.720817454008966, -32.281371427037229 ] ] ] } },
{ "type": "Feature", "properties": { "codigo_indec": "740561801" }, "geometry": { "type": "Polygon", "coordinates": [ [ [ -66.638323130383071, -33.759121647967397 ], [ -66.609000475531218, -33.760797922164151 ], [ -66.569146057623612, -33.762340445800163 ], [ -66.569099466326719, -33.768764193657333 ], [ -66.570030067927547, -33.77521497924068 ], [ -66.571577859431756, -33.780693730997243 ], [ -66.574360129375961, -33.784661136591907 ], [ -66.574341441128865, -33.787117934338163 ], [ -66.571974015320095, -33.793998702027181 ], [ -66.573504350188799, -33.797597773253322 ], [ -66.576997462334248, -33.799979590390251 ], [ -66.580896903735464, -33.804532110787768 ], [ -66.583215393426428, -33.830688372344923 ], [ -66.578744813979839, -33.832949758150981 ], [ -66.582632544058541, -33.839120504405642 ], [ -66.588111411588912, -33.855876575129017 ], [ -66.634013126625845, -33.915947660997588 ], [ -66.648326109945941, -33.932555784522201 ], [ -66.654063453529375, -33.938885654429534 ], [ -66.675145048427098, -33.944451408004603 ], [ -66.685753808089572, -33.938046103936777 ], [ -66.692381549338094, -33.937395980536017 ], [ -66.695311102348228, -33.935535872430293 ], [ -66.718145156793582, -33.934791778670323 ], [ -66.725432207772357, -33.925540094844159 ], [ -66.732003390606224, -33.918744356086307 ], [ -66.733445125327151, -33.915053088057384 ], [ -66.732678349426507, -33.91137495927255 ], [ -66.738578860562043, -33.912565779339381 ], [ -66.748901863972449, -33.913734011001125 ], [ -66.753253911757923, -33.906337587598607 ], [ -66.762054041027952, -33.901983231749306 ], [ -66.765000018491634, -33.901964971726201 ], [ -66.765663809161069, -33.893977927293072 ], [ -66.767120193784237, -33.892129774385374 ], [ -66.770773234113022, -33.889032803905501 ], [ -66.778131478135819, -33.88837352035312 ], [ -66.786168302612509, -33.881570147309844 ], [ -66.788364578714308, -33.880325545325036 ], [ -66.789820242290205, -33.87847713021884 ], [ -66.791264445147831, -33.875393693660598 ], [ -66.791968042346852, -33.871706477128519 ], [ -66.795613669400154, -33.868000297157323 ], [ -66.794819188219932, -33.861861578802696 ], [ -66.797763764110968, -33.86184255497939 ], [ -66.800696893532844, -33.860597470716797 ], [ -66.805107931751522, -33.859955704445419 ], [ -66.813938731108252, -33.859897705319042 ], [ -66.816853999125939, -33.856808753994187 ], [ -66.82050963914206, -33.854327839703942 ], [ -66.823448011710965, -33.853690706384235 ], [ -66.827109277754374, -33.851827099395422 ], [ -66.832262990282629, -33.851792411535847 ], [ -66.835177320135799, -33.848703036820851 ], [ -66.838844060572129, -33.847447570324526 ], [ -66.84324808751596, -33.846191462032458 ], [ -66.851330531890525, -33.844905342874469 ], [ -66.856419848612148, -33.838730769739577 ], [ -66.863029532174707, -33.837454110797282 ], [ -66.866689227923644, -33.835589347389494 ], [ -66.871048604172699, -33.830032334847715 ], [ -66.876079228526379, -33.818326562635278 ], [ -66.879731504548317, -33.815843929251891 ], [ -66.87819730054369, -33.809715525175044 ], [ -66.882497925168693, -33.798632208002132 ], [ -66.880229675634666, -33.792509060030433 ], [ -66.880218419920908, -33.791409284882612 ], [ -66.866459380603558, -33.805038515237236 ], [ -66.842439523940754, -33.826827877624154 ], [ -66.838528372111753, -33.828955075841399 ], [ -66.833414336421299, -33.829318800892068 ], [ -66.825547966949287, -33.827113407653215 ], [ -66.813679196610266, -33.822833435410111 ], [ -66.753080577462555, -33.791169000855305 ], [ -66.713608595181057, -33.779291483808784 ], [ -66.692625823070898, -33.772189715744652 ], [ -66.652441288560226, -33.760197300320193 ], [ -66.654272551748249, -33.765750129663736 ], [ -66.638456433733239, -33.765454308911529 ], [ -66.638323130383071, -33.759121647967397 ] ] ] } },
{ "type": "Feature", "properties": { "codigo_indec": "740561706" }, "geometry": { "type": "Polygon", "coordinates": [ [ [ -66.80851886872378, -33.648285057356077 ], [ -66.803104627933621, -33.641883288581923 ], [ -66.799218756009893, -33.63516487344954 ], [ -66.794991809097169, -33.631725657234767 ], [ -66.786641485866269, -33.629313312551176 ], [ -66.781205474899011, -33.628842902206635 ], [ -66.775968630834512, -33.629845042538435 ], [ -66.769399633821749, -33.631946137186873 ], [ -66.730062901225011, -33.629281614767933 ], [ -66.694734016860551, -33.628529478465389 ], [ -66.687385325071631, -33.629048369971891 ], [ -66.674866898809128, -33.633129263966609 ], [ -66.668534641086723, -33.633794752335604 ], [ -66.661763135144341, -33.636229328465575 ], [ -66.657261368645507, -33.639535021283557 ], [ -66.643431513818115, -33.646676002193189 ], [ -66.626694344090339, -33.648655252985449 ], [ -66.618422938775737, -33.648201044542638 ], [ -66.609472488539652, -33.646216974060593 ], [ -66.603433491452535, -33.645867939018977 ], [ -66.596481256960502, -33.64438704686183 ], [ -66.588025367477485, -33.643670236752421 ], [ -66.585103870682815, -33.644022183314242 ], [ -66.583811102892909, -33.645331055776474 ], [ -66.582768354852035, -33.647355480487995 ], [ -66.580358005370201, -33.647997913739736 ], [ -66.577955211351096, -33.649776236462628 ], [ -66.574275941417682, -33.65415244649688 ], [ -66.5901249777949, -33.673727348340911 ], [ -66.605503602721498, -33.695168641030833 ], [ -66.623446031245663, -33.722103465023061 ], [ -66.641038979235887, -33.747324371781239 ], [ -66.648448199290002, -33.746659103341784 ], [ -66.648321445075013, -33.753119343649466 ], [ -66.650948485342468, -33.753339920643739 ], [ -66.654269526020954, -33.752921176290862 ], [ -66.654064023204228, -33.760680053642702 ], [ -66.692625823070898, -33.772189715744652 ], [ -66.713608595181057, -33.779291483808784 ], [ -66.753080577462555, -33.791169000855305 ], [ -66.813679196610266, -33.822833435410111 ], [ -66.825547966949287, -33.827113407653215 ], [ -66.833414336421299, -33.829318800892068 ], [ -66.838528372111753, -33.828955075841399 ], [ -66.842439523940754, -33.826827877624154 ], [ -66.866459380603558, -33.805038515237236 ], [ -66.880218419920908, -33.791409284882612 ], [ -66.880183872384251, -33.788033334513592 ], [ -66.852667505415099, -33.765422475731647 ], [ -66.840525568501604, -33.74899875812892 ], [ -66.836163288636612, -33.740707245399221 ], [ -66.832750437800229, -33.714721045444477 ], [ -66.822007558834315, -33.699917629190978 ], [ -66.821830375677308, -33.688388109865336 ], [ -66.819427372337657, -33.683197667350377 ], [ -66.809109620927558, -33.678000645468778 ], [ -66.806423144201759, -33.671784027412336 ], [ -66.80851886872378, -33.648285057356077 ] ] ] } },
{ "type": "Feature", "properties": { "codigo_indec": "740561601" }, "geometry": { "type": "Polygon", "coordinates": [ [ [ -66.289248872689825, -33.287577466036062 ], [ -66.286708542888817, -33.287150568786863 ], [ -66.284407688954929, -33.287732898438264 ], [ -66.284304401712447, -33.287331908985813 ], [ -66.278396763278636, -33.288873545507663 ], [ -66.280316169616498, -33.289842992806648 ], [ -66.278242538225157, -33.303701192940146 ], [ -66.267777919856243, -33.302497967574745 ], [ -66.259754615424214, -33.303448183633677 ], [ -66.126391955629416, -33.3416861122084 ], [ -66.117339517117315, -33.432055364687571 ], [ -66.140755006400283, -33.425575448076316 ], [ -66.1432895830647, -33.433565350312541 ], [ -66.146481991851672, -33.439156126725543 ], [ -66.149581828901901, -33.442267495553445 ], [ -66.151861504841534, -33.446736716672902 ], [ -66.156561371797167, -33.446685791379274 ], [ -66.156817748818355, -33.460655911727578 ], [ -66.169466687099629, -33.460129858238538 ], [ -66.184898756390083, -33.460874170886086 ], [ -66.187435483038215, -33.457502854127746 ], [ -66.194130546466951, -33.455946293099615 ], [ -66.210103507980392, -33.455960827214298 ], [ -66.210518483207053, -33.464106150083872 ], [ -66.206350782585062, -33.472349334768182 ], [ -66.207468924440164, -33.485592047958029 ], [ -66.208785268368558, -33.491594518100989 ], [ -66.211734354025111, -33.494086954744603 ], [ -66.218626681605159, -33.497289199076214 ], [ -66.221499515117415, -33.504514942071346 ], [ -66.222952521355381, -33.514001679910727 ], [ -66.225397467363464, -33.525019301188671 ], [ -66.303044837765597, -33.52469588367935 ], [ -66.304305201618263, -33.515730924715818 ], [ -66.304769641209433, -33.499302661980188 ], [ -66.371315004389416, -33.504738060640832 ], [ -66.373629328708716, -33.507350239393894 ], [ -66.383520223647821, -33.509222381904934 ], [ -66.38468315533747, -33.508740930962965 ], [ -66.38680252255584, -33.504916075858091 ], [ -66.43761006760792, -33.478064324625855 ], [ -66.431612207973032, -33.469420997967006 ], [ -66.423296481349581, -33.430126302112789 ], [ -66.408846878630243, -33.402513455867705 ], [ -66.407873567933919, -33.377095726177743 ], [ -66.404226011007239, -33.372631145850733 ], [ -66.402071591900963, -33.367985811858858 ], [ -66.386230217288642, -33.356396239418352 ], [ -66.382155249206079, -33.351395853471132 ], [ -66.37338286866138, -33.344980473486373 ], [ -66.376032461060817, -33.340973796522796 ], [ -66.373813070218759, -33.340069860155168 ], [ -66.372359811682657, -33.338077136810668 ], [ -66.369897118733064, -33.337399263921426 ], [ -66.369327999119179, -33.336805887902464 ], [ -66.369111546314684, -33.335147549029941 ], [ -66.363826751591446, -33.337061053700353 ], [ -66.359663322941515, -33.334178975399276 ], [ -66.349269653333138, -33.333099641419402 ], [ -66.349434716602204, -33.32601693222783 ], [ -66.338182101395589, -33.319159668040051 ], [ -66.338119829731284, -33.32180610475654 ], [ -66.336461077465913, -33.321941343715707 ], [ -66.331487029285213, -33.320101877135585 ], [ -66.324338046740891, -33.337706913552111 ], [ -66.308570839769843, -33.332783650542083 ], [ -66.305028588381916, -33.331124395706759 ], [ -66.303961518622458, -33.330049570751562 ], [ -66.309214339415846, -33.313505309731141 ], [ -66.308679700659667, -33.313393935823569 ], [ -66.309050888044169, -33.312072130397517 ], [ -66.311974110596026, -33.312736536751636 ], [ -66.312383472750852, -33.312347808907738 ], [ -66.314832095809322, -33.307188832301648 ], [ -66.313448046695768, -33.306755042121566 ], [ -66.314950792967664, -33.30286973656127 ], [ -66.313403867783549, -33.301908905782987 ], [ -66.310983224231705, -33.301319912469026 ], [ -66.301501957274567, -33.301208032834275 ], [ -66.298712830209126, -33.303522936722182 ], [ -66.298438926800642, -33.305069886844983 ], [ -66.29624842903452, -33.305855036441656 ], [ -66.292335242169415, -33.305260213215007 ], [ -66.293986641879016, -33.301406364513632 ], [ -66.293955421477847, -33.299301135309875 ], [ -66.289248872689825, -33.287577466036062 ] ] ] } },
{ "type": "Feature", "properties": { "codigo_indec": "740490201" }, "geometry": { "type": "Polygon", "coordinates": [ [ [ -65.392824882734473, -32.193150469452419 ], [ -65.390483898459394, -32.186781721416047 ], [ -65.388897097860095, -32.179068422030845 ], [ -65.389685521241773, -32.164986523743167 ], [ -65.387897925585094, -32.154070915948132 ], [ -65.384974489614336, -32.151369449006538 ], [ -65.37850004128579, -32.149493686876717 ], [ -65.371213623894931, -32.145115644162161 ], [ -65.367515302090908, -32.144614766526701 ], [ -65.363741402424012, -32.140885043466199 ], [ -65.363722836478033, -32.136308434683016 ], [ -65.359440910559044, -32.128004017102505 ], [ -65.358200157367406, -32.123209292863997 ], [ -65.355762244704536, -32.117272227306813 ], [ -65.353857531902349, -32.110891452595219 ], [ -65.349233545533778, -32.099942710594092 ], [ -65.346888254915811, -32.093063576279341 ], [ -65.340195060251602, -32.083614289957531 ], [ -65.337720268615925, -32.07868666294361 ], [ -65.336549359957132, -32.068129670441309 ], [ -65.333334471571789, -32.062756199951139 ], [ -65.329759319216635, -32.058918285555066 ], [ -65.325273135030685, -32.056617476721073 ], [ -65.31355495515345, -32.041215193207059 ], [ -65.307011405988263, -32.044114907522811 ], [ -65.304574033558183, -32.046162139498058 ], [ -65.30350258545846, -32.050281920751694 ], [ -65.299311324784455, -32.055272738432883 ], [ -65.295498046010579, -32.056135348612038 ], [ -65.27459428996896, -32.073408258503612 ], [ -65.268336354779223, -32.076907247251626 ], [ -65.258968595172121, -32.079508538912094 ], [ -65.257182149876229, -32.086274920473315 ], [ -65.25127891498704, -32.08830523329555 ], [ -65.247803489303891, -32.09005212177172 ], [ -65.245722320211556, -32.090337332392679 ], [ -65.242903847222266, -32.096213603686003 ], [ -65.24323373999934, -32.098280633278712 ], [ -65.240793509227103, -32.100326578408598 ], [ -65.240407538743199, -32.10504052729042 ], [ -65.237974365191704, -32.106207229915917 ], [ -65.237942533388249, -32.110039561501502 ], [ -65.238619156562322, -32.11181110020226 ], [ -65.234761195103175, -32.117680905506042 ], [ -65.241661130012005, -32.120964276719818 ], [ -65.240612960905324, -32.122139311265933 ], [ -65.234709534621956, -32.123871231131396 ], [ -65.232226435621641, -32.130930559021472 ], [ -65.231867031868745, -32.132402766647935 ], [ -65.237707314929978, -32.138335621723904 ], [ -65.233146547844129, -32.145084837049886 ], [ -65.23173360166588, -32.148318110232211 ], [ -65.231302367954768, -32.15833858966694 ], [ -65.227084771411327, -32.165387217467377 ], [ -65.226020953211076, -32.168329471972591 ], [ -65.225643857526478, -32.171862064928398 ], [ -65.225943695467038, -32.177463827747651 ], [ -65.226818873327886, -32.178979627006001 ], [ -65.355453145947763, -32.217277143243734 ], [ -65.357859023126608, -32.214926762777047 ], [ -65.359953562035315, -32.209305857256886 ], [ -65.360234910718759, -32.206994250511848 ], [ -65.361366903549168, -32.206269542359088 ], [ -65.362305932661414, -32.20469618983725 ], [ -65.364765939490454, -32.203639978621275 ], [ -65.366843048092335, -32.200435594788388 ], [ -65.368707215766861, -32.198866820962756 ], [ -65.370436752392962, -32.197973675055955 ], [ -65.372226715966804, -32.197928467760065 ], [ -65.374943473953806, -32.198054646847559 ], [ -65.37633076778593, -32.19873782329244 ], [ -65.379185478662933, -32.198075543734802 ], [ -65.381625327247392, -32.199552873520311 ], [ -65.384548221550929, -32.198606748879229 ], [ -65.387529756300751, -32.1987925612288 ], [ -65.388669001219512, -32.196935919051207 ], [ -65.390792235686391, -32.196608001763472 ], [ -65.391591115477368, -32.194091399239134 ], [ -65.392824882734473, -32.193150469452419 ] ] ] } },
{ "type": "Feature", "properties": { "codigo_indec": "740490101" }, "geometry": { "type": "Polygon", "coordinates": [ [ [ -65.490397759710831, -32.038622488931786 ], [ -65.512513904006667, -32.03765885025927 ], [ -65.515002347757999, -32.038565684881299 ], [ -65.519610631757715, -32.044088721278186 ], [ -65.533553779957586, -32.056256472223353 ], [ -65.545025801026611, -32.06293090396845 ], [ -65.55036860968525, -32.066674400906358 ], [ -65.552877204961064, -32.072928230773897 ], [ -65.55390417313113, -32.078455361241019 ], [ -65.558805526793449, -32.081750555657351 ], [ -65.564883532571173, -32.083255030899096 ], [ -65.566014398364047, -32.091068469331063 ], [ -65.568563001617534, -32.089738006930936 ], [ -65.589050942881727, -32.082388834238536 ], [ -65.590510201782777, -32.081158094562646 ], [ -65.604678631875359, -32.078935066518731 ], [ -65.6335208014724, -32.06944012444535 ], [ -65.646960595633544, -32.067313949467739 ], [ -65.661375187422863, -32.063448471451522 ], [ -65.667539415308795, -32.062481823530248 ], [ -65.671780403401513, -32.061072533789662 ], [ -65.682939255686279, -32.062629499534118 ], [ -65.687562449466569, -32.062424547104179 ], [ -65.69436775570361, -32.061237228983359 ], [ -65.702979992180175, -32.057104883342305 ], [ -65.716004914550453, -32.05364473857091 ], [ -65.716261958797915, -31.891060775827082 ], [ -65.62479944473678, -31.897830907343732 ], [ -65.472107312020142, -31.967756109552067 ], [ -65.490397759710831, -32.038622488931786 ] ] ] } },
{ "type": "Feature", "properties": { "codigo_indec": "740420201" }, "geometry": { "type": "Polygon", "coordinates": [ [ [ -65.66840563099683, -34.673364070804013 ], [ -65.667573519002303, -34.767506068909341 ], [ -65.665737890930416, -34.767627241077349 ], [ -65.666415318970166, -34.82252487922765 ], [ -65.622225943090612, -34.82296809037247 ], [ -65.628262191864707, -35.014157764247848 ], [ -65.606205495232885, -35.014007082041033 ], [ -65.602735353913346, -35.122569800516473 ], [ -65.579999849788692, -35.122357948529697 ], [ -65.57994919849375, -35.132223117280397 ], [ -65.591390221486265, -35.132757976846193 ], [ -65.645184233316144, -35.137564891266514 ], [ -65.872208136397163, -35.146908865354611 ], [ -65.933260343741182, -35.148688485241792 ], [ -65.933340718916455, -35.147692525364619 ], [ -65.934665819808174, -35.147715781111366 ], [ -65.937567282808985, -35.066558195822608 ], [ -65.90853851063018, -35.064953363621804 ], [ -65.911712908702611, -34.99559463267564 ], [ -65.911312157454631, -34.938040714765258 ], [ -65.912704125527995, -34.809569422417184 ], [ -65.907439444352889, -34.809218488507142 ], [ -65.908348788370361, -34.784980175503108 ], [ -65.862385452392786, -34.779113751342919 ], [ -65.800210942152859, -34.772388671426121 ], [ -65.799208339434585, -34.673171934837015 ], [ -65.76418530015286, -34.673586974836205 ], [ -65.66840563099683, -34.673364070804013 ] ], [ [ -65.688879545745166, -34.769734781589094 ], [ -65.693452359892788, -34.769403843851769 ], [ -65.691772770268713, -34.77162609344979 ], [ -65.696894105651353, -34.774419809458372 ], [ -65.691557454321853, -34.781784461853164 ], [ -65.691882211779145, -34.782592047332408 ], [ -65.690600114772508, -34.784346546929896 ], [ -65.6818645000304, -34.779505988538453 ], [ -65.688879545745166, -34.769734781589094 ] ] ] } },
{ "type": "Feature", "properties": { "codigo_indec": "740350502" }, "geometry": { "type": "Polygon", "coordinates": [ [ [ -66.081141378313134, -33.791443679804495 ], [ -65.993578657548014, -33.745161295277754 ], [ -65.989213726718717, -33.741144501630679 ], [ -65.979149712781336, -33.733227429815273 ], [ -65.967148192509811, -33.725070111395688 ], [ -65.933431663802224, -33.709608096379284 ], [ -65.893977155562098, -33.714913337434204 ], [ -65.877781334887572, -33.722363387735491 ], [ -65.868111354691678, -33.727695246078675 ], [ -65.863755651056039, -33.73234261801143 ], [ -65.86037209342868, -33.739447709689493 ], [ -65.860282411864418, -33.751497058386356 ], [ -65.858535472192528, -33.760429587805802 ], [ -65.852453473537238, -33.764885214123801 ], [ -65.831565382885856, -33.767892240490426 ], [ -65.830962846956794, -33.76688166524368 ], [ -65.823414735911854, -33.768097223749237 ], [ -65.826031574667354, -33.773911514988733 ], [ -65.831043179852955, -33.794694959747616 ], [ -65.829548852336529, -33.804961662323478 ], [ -65.837588280567957, -33.816877576860662 ], [ -65.860358633144699, -33.830897608841568 ], [ -65.864140891673571, -33.848892339550126 ], [ -65.865511762665761, -33.858396198478275 ], [ -65.878768114323492, -33.877779747323238 ], [ -65.882544470360088, -33.884666723276602 ], [ -65.878206750791023, -33.898208247170089 ], [ -65.8759790733708, -33.907906645622326 ], [ -65.874127462275325, -33.920742740012578 ], [ -65.870044217492719, -33.93555532435979 ], [ -65.818417972836272, -33.941084061462689 ], [ -65.763641789744781, -33.943979686829628 ], [ -65.749988756876462, -33.945512376448782 ], [ -65.750923121810956, -33.952469616933136 ], [ -65.728372361851342, -33.956776333450733 ], [ -65.737898754211443, -33.992772596947511 ], [ -65.7817683653508, -34.139643570275524 ], [ -65.794964930079402, -34.188243914948927 ], [ -65.825499379415461, -34.28722117503694 ], [ -65.827533168145933, -34.29781652366151 ], [ -65.839906624625726, -34.292857111291283 ], [ -65.842167343952013, -34.284800745830609 ], [ -65.870521528645952, -34.290297004329531 ], [ -65.906950989929626, -34.292380969502695 ], [ -65.985602626454963, -34.293898403340009 ], [ -66.053858136319789, -34.293409623331414 ], [ -66.04474271631949, -34.098896132636938 ], [ -66.081141378313134, -33.791443679804495 ] ] ] } },
{ "type": "Feature", "properties": { "codigo_indec": "740280202" }, "geometry": { "type": "Polygon", "coordinates": [ [ [ -65.076524005774544, -32.432141263688898 ], [ -65.068162384739495, -32.432070666859076 ], [ -65.060208591743645, -32.432660804364211 ], [ -65.05412539573949, -32.430509786669433 ], [ -65.052719405843604, -32.430499221200556 ], [ -65.05122200192919, -32.432111022290222 ], [ -65.048754180195729, -32.432471126124703 ], [ -65.046812132590063, -32.433637678827516 ], [ -65.042121985990534, -32.437272035713171 ], [ -65.041579016449006, -32.438593410000664 ], [ -65.037116571327999, -32.439519687312682 ], [ -65.03600132937224, -32.440651810468303 ], [ -65.034412112041082, -32.441356489922377 ], [ -65.033755136505206, -32.442636377326686 ], [ -65.03248235666625, -32.442581520646023 ], [ -65.030976375526336, -32.444445482253087 ], [ -65.030165090859086, -32.444736798719973 ], [ -65.029753557780282, -32.446176351337932 ], [ -65.027648919533078, -32.44708436224947 ], [ -65.025389254245368, -32.449794538854242 ], [ -65.022672942626784, -32.450954713427336 ], [ -65.021898583879192, -32.452003689795838 ], [ -65.019172359020118, -32.453087065711564 ], [ -65.018299240972155, -32.454901693740943 ], [ -65.01681014481521, -32.455165093185151 ], [ -65.015830422564164, -32.456018561396931 ], [ -65.015115341030992, -32.457717179856878 ], [ -65.013016009170158, -32.459075830112262 ], [ -65.012889414920807, -32.461662709687836 ], [ -64.996152740368103, -32.459866746197697 ], [ -64.99357019874752, -32.460175247509916 ], [ -64.991753896421059, -32.459723393261122 ], [ -64.985978783951339, -32.455930471474119 ], [ -64.98231212436383, -32.454295872192517 ], [ -64.981063135662268, -32.452825025672645 ], [ -64.977666567592863, -32.452247460821219 ], [ -64.971939447894329, -32.452516424868755 ], [ -64.970209202690043, -32.453403979874189 ], [ -64.968611808910936, -32.454995919479366 ], [ -64.963782577625039, -32.456011249302556 ], [ -64.959641781514421, -32.457496453867975 ], [ -64.95892356402949, -32.45845081869161 ], [ -64.957360137445193, -32.45891577776878 ], [ -64.955372918886752, -32.458547646045851 ], [ -64.9537556238013, -32.458840791901174 ], [ -64.951389902167662, -32.461309776052516 ], [ -64.951447059538495, -32.462572618118955 ], [ -64.949006956788324, -32.465708184569699 ], [ -64.894181166497603, -32.49371359811262 ], [ -64.893952570721041, -32.496092019417034 ], [ -64.896920113668187, -32.504228662094341 ], [ -64.899610974384615, -32.508913897951984 ], [ -64.899506938314701, -32.517451863256539 ], [ -64.898544408251425, -32.521329659279552 ], [ -64.891155251688886, -32.525921878593707 ], [ -64.88851338094895, -32.525898558188892 ], [ -64.884347568713267, -32.52732689076597 ], [ -64.881213933278829, -32.534773910137268 ], [ -64.883878460509465, -32.540730583321512 ], [ -64.885030248066755, -32.546155332470121 ], [ -64.884334758039188, -32.553110050359898 ], [ -64.883370854525154, -32.55722662551895 ], [ -64.876333349730871, -32.559999656560343 ], [ -64.872550118104954, -32.570280835025208 ], [ -64.873717660784337, -32.574416420481604 ], [ -64.879554245347649, -32.58182617972556 ], [ -64.944964854260306, -32.582532179261065 ], [ -64.95392430667475, -32.58136728583515 ], [ -64.965848959319075, -32.578391278943165 ], [ -64.986461648069522, -32.580935144179222 ], [ -64.983763426806462, -32.571125636240076 ], [ -64.982317536692221, -32.567619930887496 ], [ -64.981361339130203, -32.549997862522176 ], [ -64.983231594020239, -32.549832665944045 ], [ -65.000012372787836, -32.549845534141589 ], [ -65.001093519355337, -32.558203715058369 ], [ -65.011846751853909, -32.558721514084063 ], [ -65.026704499104099, -32.558512826298163 ], [ -65.029150324193651, -32.557557919297146 ], [ -65.052099048526344, -32.555127181869395 ], [ -65.054454304129607, -32.562520731375777 ], [ -65.091297881878646, -32.557783585079193 ], [ -65.088989064941771, -32.542604898162402 ], [ -65.084924603838289, -32.498559035649649 ], [ -65.080136540204649, -32.453321755976184 ], [ -65.076524005774544, -32.432141263688898 ] ], [ [ -64.995999713778417, -32.494734003663254 ], [ -64.9976296341775, -32.498385320234135 ], [ -64.995188062133153, -32.502662398482023 ], [ -64.995413313439556, -32.507524302584244 ], [ -64.994774662709816, -32.50969227108849 ], [ -64.991535789945971, -32.510279496981767 ], [ -64.991114762289044, -32.508197729802426 ], [ -64.979339701268103, -32.509662667452503 ], [ -64.975665602497529, -32.50944345073566 ], [ -64.975656553470927, -32.510241369433039 ], [ -64.974909267778187, -32.510451687022879 ], [ -64.973690943510945, -32.509972876766923 ], [ -64.970760277179878, -32.510115745473648 ], [ -64.967874435941908, -32.509361736597413 ], [ -64.966066955836979, -32.509459605009191 ], [ -64.966325318092956, -32.507572697321919 ], [ -64.971461397795011, -32.50671761512001 ], [ -64.971179415221712, -32.50227901182808 ], [ -64.982458536721268, -32.500842375873084 ], [ -64.982358946756406, -32.500237439192603 ], [ -64.9848531126772, -32.497719333066883 ], [ -64.984391837142866, -32.49710697058611 ], [ -64.985282464216581, -32.496911276013172 ], [ -64.985352131212238, -32.495207644893512 ], [ -64.995999713778417, -32.494734003663254 ] ] ] } },
{ "type": "Feature", "properties": { "codigo_indec": "740210311" }, "geometry": { "type": "Polygon", "coordinates": [ [ [ -65.846559222125904, -33.200621672114032 ], [ -65.844505411479517, -33.199104356664868 ], [ -65.844248348050684, -33.195889663478958 ], [ -65.845452099099106, -33.195918213347184 ], [ -65.844016566412407, -33.19203482987664 ], [ -65.841542039063569, -33.189060774217616 ], [ -65.828162449891778, -33.181888443048393 ], [ -65.826171039346931, -33.181732398135352 ], [ -65.825632266248405, -33.180361138071298 ], [ -65.823098873995093, -33.179140337685261 ], [ -65.819299282181703, -33.179743494202683 ], [ -65.814413885997155, -33.179127694532667 ], [ -65.799036458908944, -33.176367318077205 ], [ -65.763046174991558, -33.168238775638137 ], [ -65.760331539020285, -33.168080299952827 ], [ -65.756361810570141, -33.163352459885331 ], [ -65.752211334825802, -33.160152428950553 ], [ -65.74985919838899, -33.159841165639847 ], [ -65.744802028430357, -33.157089888042677 ], [ -65.735044044981464, -33.152809211559621 ], [ -65.716382411053743, -33.141100747637005 ], [ -65.701902651036491, -33.128511428174953 ], [ -65.687623399898627, -33.11795414793859 ], [ -65.677591921794743, -33.104696809809759 ], [ -65.678291734913699, -33.092720105527135 ], [ -65.677501802966788, -33.090504494299445 ], [ -65.675030474347011, -33.088230406593915 ], [ -65.660798426174054, -33.079063205520953 ], [ -65.658946901783921, -33.07733598595874 ], [ -65.655731237428043, -33.072534828859524 ], [ -65.65321433191167, -33.074642246884444 ], [ -65.652148794068822, -33.078029517674828 ], [ -65.648976427361859, -33.081289139887545 ], [ -65.639203751804104, -33.088388846636718 ], [ -65.638580774014528, -33.091430133576743 ], [ -65.640276234573037, -33.09199857262184 ], [ -65.638841301458811, -33.093860852356642 ], [ -65.637842926314377, -33.096351034592914 ], [ -65.635990800527523, -33.098040752443332 ], [ -65.635111231902243, -33.097673010434839 ], [ -65.633535515594247, -33.093399048420046 ], [ -65.632174764253008, -33.09348520648178 ], [ -65.629674746208153, -33.095758993793389 ], [ -65.629363569267767, -33.094608458150887 ], [ -65.627125520768573, -33.093799310513603 ], [ -65.626096843721498, -33.096411030189401 ], [ -65.625499432240503, -33.10088144515953 ], [ -65.622433761849507, -33.101940657277666 ], [ -65.622507746388095, -33.103428610776042 ], [ -65.623820929451369, -33.104487516160404 ], [ -65.625722902421856, -33.105025217811125 ], [ -65.626481139928828, -33.106857849758384 ], [ -65.624134165319632, -33.110177895280152 ], [ -65.625767272864152, -33.110985281073866 ], [ -65.62662644558435, -33.114296924237202 ], [ -65.629033321646787, -33.117121776342699 ], [ -65.629407152790236, -33.12122991392561 ], [ -65.628522796042233, -33.123860103306576 ], [ -65.62723611358831, -33.124690288199169 ], [ -65.626495326329319, -33.127555319969773 ], [ -65.62657974481435, -33.130395772289553 ], [ -65.622387089606676, -33.130378627604067 ], [ -65.620852720626786, -33.132078086341139 ], [ -65.621402982167368, -33.133707237526124 ], [ -65.622999355837976, -33.134428889895155 ], [ -65.623296685877946, -33.135069960488266 ], [ -65.621803351412268, -33.137806450009066 ], [ -65.621996115062331, -33.138465238861343 ], [ -65.622647059426214, -33.13912090782533 ], [ -65.624675274919639, -33.139758189242031 ], [ -65.626974294881833, -33.1397245203908 ], [ -65.626140247803008, -33.144329444830618 ], [ -65.627170540608489, -33.145905908989825 ], [ -65.630604552069286, -33.148098128422014 ], [ -65.630996315042609, -33.149248890705906 ], [ -65.630510641903427, -33.150045409197965 ], [ -65.629064541023283, -33.150464885379336 ], [ -65.628654709972423, -33.151063259786504 ], [ -65.629572342665199, -33.152057804414753 ], [ -65.629394637511396, -33.154807299599355 ], [ -65.630594474813194, -33.154977668788362 ], [ -65.631408290107373, -33.153257933877065 ], [ -65.633017161047007, -33.152370053851264 ], [ -65.635465983575955, -33.155717848376355 ], [ -65.636025627981837, -33.157770731960099 ], [ -65.635768308913228, -33.16037573834889 ], [ -65.636636226418744, -33.1624205025945 ], [ -65.638319264474902, -33.163079095506646 ], [ -65.640089323001959, -33.162123970505135 ], [ -65.641007661029519, -33.16234752454875 ], [ -65.641114654788439, -33.164372028646056 ], [ -65.639824519483014, -33.165274458023809 ], [ -65.640218862856486, -33.166497328030403 ], [ -65.644388942530512, -33.166558897066849 ], [ -65.645300162181059, -33.16723322210602 ], [ -65.644767204963699, -33.16979237635347 ], [ -65.644999221548062, -33.171411491366811 ], [ -65.650052569621536, -33.171168827269412 ], [ -65.652373181016728, -33.171982300313189 ], [ -65.654102413497625, -33.177333871356431 ], [ -65.656054089112331, -33.177262638392811 ], [ -65.656666261956929, -33.177688101064824 ], [ -65.657099116603035, -33.181485217198968 ], [ -65.655757500179689, -33.181819631302474 ], [ -65.654620141984424, -33.184066082726922 ], [ -65.655738174630571, -33.184704838317408 ], [ -65.652680740917532, -33.186422993037347 ], [ -65.653068927408427, -33.187916295008904 ], [ -65.652662895653918, -33.188906970091004 ], [ -65.649057883250862, -33.188053822916089 ], [ -65.648328504531136, -33.189444802680114 ], [ -65.650964310225262, -33.191341162574986 ], [ -65.651112866593394, -33.19309076533203 ], [ -65.64861262508596, -33.194828409756006 ], [ -65.648513801746418, -33.196076904698032 ], [ -65.649400778165869, -33.196863834570912 ], [ -65.647628510179956, -33.198220308526174 ], [ -65.644257133905896, -33.198517276220059 ], [ -65.64176389302628, -33.199781438968984 ], [ -65.640621069236815, -33.202564214159892 ], [ -65.641081334083182, -33.206072923037972 ], [ -65.642795878801238, -33.210410235170052 ], [ -65.641264536631525, -33.21440459958302 ], [ -65.64276690272132, -33.21754211606752 ], [ -65.643382003292572, -33.221925841853093 ], [ -65.642977057167883, -33.222582876086214 ], [ -65.644652408845943, -33.224111439920982 ], [ -65.646896077918854, -33.224383810981259 ], [ -65.648552200269009, -33.228734392248626 ], [ -65.650551461426588, -33.229799447566577 ], [ -65.651264814255441, -33.231171937368465 ], [ -65.650490882766661, -33.232891891401216 ], [ -65.650668400282299, -33.233442388275449 ], [ -65.651966217399405, -33.234212416957121 ], [ -65.652920512417509, -33.235716307639933 ], [ -65.652035483806841, -33.23636301313131 ], [ -65.653403351230054, -33.239107805154504 ], [ -65.650301693870574, -33.243359350778547 ], [ -65.652289802454689, -33.245975157496041 ], [ -65.652115268617223, -33.24804842886671 ], [ -65.647845787652301, -33.251070411632561 ], [ -65.647982992975471, -33.251643337497214 ], [ -65.650077566534463, -33.253154976844719 ], [ -65.649512906388864, -33.253473466651805 ], [ -65.649247561109391, -33.254753037968882 ], [ -65.649692322698229, -33.256918211214547 ], [ -65.652488933303786, -33.257340809055179 ], [ -65.651608287470921, -33.262910434521828 ], [ -65.65807036055034, -33.26192305209819 ], [ -65.663517874593282, -33.258894901096596 ], [ -65.798433643014945, -33.216029766144302 ], [ -65.824821711548822, -33.209149592145913 ], [ -65.828977392876126, -33.206702897453816 ], [ -65.846559222125904, -33.200621672114032 ] ] ] } },
{ "type": "Feature", "properties": { "codigo_indec": "740280101" }, "geometry": { "type": "Polygon", "coordinates": [ [ [ -65.424402875295854, -32.525701074786518 ], [ -65.205907479751332, -32.467608808420032 ], [ -65.184350870186407, -32.461569264530567 ], [ -65.191219934510357, -32.491802963990338 ], [ -65.194230061412583, -32.502340738237329 ], [ -65.200498300695898, -32.531997364407943 ], [ -65.201625344833431, -32.533943194626595 ], [ -65.20372183392152, -32.555403556163078 ], [ -65.255158516815527, -32.544352786466604 ], [ -65.25633157708539, -32.545721312574052 ], [ -65.255578631052003, -32.549882756642489 ], [ -65.253646635701401, -32.550164358062396 ], [ -65.254054681680913, -32.551352527492263 ], [ -65.253569660899984, -32.553676058160768 ], [ -65.252839153241908, -32.553820500737011 ], [ -65.251333278236856, -32.555664553139437 ], [ -65.249957993617258, -32.556201888879265 ], [ -65.249395138849707, -32.556987524059515 ], [ -65.251078310929003, -32.558480872563528 ], [ -65.25419641705642, -32.558995349830887 ], [ -65.259470149025375, -32.561844366281996 ], [ -65.258672744569807, -32.56655559813256 ], [ -65.254242079868277, -32.576962131186193 ], [ -65.252884091294348, -32.581476116960992 ], [ -65.254307332754138, -32.589663029984912 ], [ -65.25425085038367, -32.59680418534338 ], [ -65.256220323000676, -32.599520969199759 ], [ -65.259908398828983, -32.601174832771633 ], [ -65.267263023535421, -32.600307225933257 ], [ -65.268286541858728, -32.605439374371628 ], [ -65.271907707137771, -32.609166414578318 ], [ -65.272459632874302, -32.611396817840976 ], [ -65.273804782787067, -32.613032175024436 ], [ -65.275451099191699, -32.612996597866562 ], [ -65.277016067979901, -32.615129125046828 ], [ -65.278565828006251, -32.618835015116012 ], [ -65.279864243926681, -32.619681049841226 ], [ -65.281910682673029, -32.620589961264955 ], [ -65.290297060957869, -32.621471709282126 ], [ -65.295353426486272, -32.625814828987181 ], [ -65.303273351410894, -32.624749926576747 ], [ -65.304909842286705, -32.626012362786888 ], [ -65.305703911730362, -32.629776856176683 ], [ -65.305355809615506, -32.632421427085667 ], [ -65.30715712515412, -32.633405217970818 ], [ -65.308600422655886, -32.634873931294877 ], [ -65.309273259918484, -32.636762191610806 ], [ -65.309328728343786, -32.639598348243169 ], [ -65.363341016149477, -32.61975326108611 ], [ -65.373131451822175, -32.616885482153691 ], [ -65.381545258973091, -32.615416831283056 ], [ -65.386200336541776, -32.615151119908759 ], [ -65.392849391778938, -32.624110372168992 ], [ -65.393957711315011, -32.622109420863055 ], [ -65.401951100571964, -32.620998059867837 ], [ -65.403092978003357, -32.624339822292157 ], [ -65.409517784395433, -32.629266485403015 ], [ -65.411174803627532, -32.628043431720094 ], [ -65.416140498737207, -32.628030550079657 ], [ -65.418802520956035, -32.628741725310761 ], [ -65.421335096479567, -32.627220512570396 ], [ -65.426070294816071, -32.627837373670317 ], [ -65.426732504293156, -32.625504964966737 ], [ -65.428682208939819, -32.624706817998465 ], [ -65.425512994986491, -32.536490785057573 ], [ -65.424402875295854, -32.525701074786518 ] ] ] } },
{ "type": "Feature", "properties": { "codigo_indec": "740140404" }, "geometry": { "type": "Polygon", "coordinates": [ [ [ -66.165308901695909, -32.857173405487266 ], [ -66.162376838665068, -32.85892202675258 ], [ -66.154154041241242, -32.865600466730093 ], [ -66.152305082984867, -32.869957917249053 ], [ -66.153218068634388, -32.874284934327967 ], [ -66.158002108709695, -32.881618765890323 ], [ -66.168433891927918, -32.895373982190748 ], [ -66.176807821757507, -32.910136601561078 ], [ -66.187285603190801, -32.926257030452525 ], [ -66.196602517444646, -32.934335344329952 ], [ -66.200514059286746, -32.941763511620948 ], [ -66.204419516970688, -32.947424259154545 ], [ -66.210135149955008, -32.957423440787338 ], [ -66.213443728531701, -32.983426754438732 ], [ -66.21494406141656, -32.985579188182825 ], [ -66.223309402820234, -32.992579546150139 ], [ -66.239929851699955, -32.994040985827056 ], [ -66.252843013332168, -32.994461831998557 ], [ -66.260904192997444, -32.993164869818877 ], [ -66.268212114073876, -32.99406458408626 ], [ -66.271516759575874, -32.996167357492872 ], [ -66.27202135727623, -32.999335640315913 ], [ -66.268216298651879, -33.00517318670736 ], [ -66.260458269595759, -33.011641077520693 ], [ -66.246245009962308, -33.01797260996932 ], [ -66.236309658165965, -33.023767018566978 ], [ -66.226375526825407, -33.025313765493017 ], [ -66.216346461813288, -33.027576714721327 ], [ -66.209965751588101, -33.032704591936863 ], [ -66.20790361241221, -33.040029599747093 ], [ -66.207091647998965, -33.055598242805573 ], [ -66.204983134847851, -33.069807466923557 ], [ -66.208895266814523, -33.082559514462481 ], [ -66.205209942683709, -33.096000394209256 ], [ -66.209085756380475, -33.1189141260108 ], [ -66.361514490440726, -33.118623757460824 ], [ -66.366831013083441, -33.004223558705313 ], [ -66.372575026843847, -32.969906980280449 ], [ -66.371348020635182, -32.970654515042234 ], [ -66.367679150496912, -32.968113632490123 ], [ -66.365797276810753, -32.968290476041012 ], [ -66.363845098745784, -32.966975225261322 ], [ -66.359331643007366, -32.96576652208924 ], [ -66.358421385850363, -32.963514950170456 ], [ -66.357306395817872, -32.962868938416413 ], [ -66.354476035885625, -32.963219638944757 ], [ -66.353275924017154, -32.962677525246626 ], [ -66.352681115576203, -32.961033648229716 ], [ -66.349806601331508, -32.958990418139443 ], [ -66.348356738309533, -32.954743065425816 ], [ -66.344070711146301, -32.953361852197553 ], [ -66.343018405867156, -32.951579424930031 ], [ -66.340361842733628, -32.949760793262506 ], [ -66.337764923902697, -32.946724677397604 ], [ -66.334951323081881, -32.945023570950966 ], [ -66.333383947509404, -32.942692414573358 ], [ -66.33045976435821, -32.942109582403234 ], [ -66.329093802551071, -32.941423402735694 ], [ -66.328154008770056, -32.940307791765058 ], [ -66.324488353331404, -32.939429209850495 ], [ -66.319852765922434, -32.93197524655141 ], [ -66.316197109718772, -32.931533708554127 ], [ -66.310223400558769, -32.931697457152872 ], [ -66.305668033523133, -32.929229056938716 ], [ -66.304506253241641, -32.92795150437999 ], [ -66.302273720314801, -32.926983106851253 ], [ -66.300667811346202, -32.927135758015382 ], [ -66.2970209864949, -32.929249906197619 ], [ -66.292319260019582, -32.930081522571548 ], [ -66.290008805368572, -32.93224192574467 ], [ -66.289141634488502, -32.935192434753162 ], [ -66.28708622887018, -32.938582987419579 ], [ -66.285986568241384, -32.937458407242602 ], [ -66.283185798990885, -32.936026603364013 ], [ -66.280141792300768, -32.935420320599789 ], [ -66.27843448473817, -32.933985953318427 ], [ -66.279525207832876, -32.933162987634681 ], [ -66.2804904437685, -32.930699232008465 ], [ -66.279269065489743, -32.929060904634724 ], [ -66.277445145256138, -32.92875839467969 ], [ -66.278048056715633, -32.927526257492346 ], [ -66.27731195014384, -32.925476563448157 ], [ -66.274516445314632, -32.925581919808529 ], [ -66.271219296509429, -32.921590149950603 ], [ -66.268543566510886, -32.921492233525647 ], [ -66.256023392682224, -32.916514153392484 ], [ -66.256066380579938, -32.911951535712618 ], [ -66.253974936159665, -32.906721512209479 ], [ -66.253508157692821, -32.904215769598956 ], [ -66.251676740477151, -32.901996810049106 ], [ -66.24834525867071, -32.900339857536437 ], [ -66.246923698431644, -32.898417568838923 ], [ -66.244531931004289, -32.896375436327077 ], [ -66.243284264239293, -32.89350148258999 ], [ -66.237904767209287, -32.890157547974994 ], [ -66.235757154320623, -32.883295244010426 ], [ -66.235649985672083, -32.874093685340497 ], [ -66.234058711017269, -32.871364545337045 ], [ -66.235073413458764, -32.864135573377638 ], [ -66.237003700074737, -32.858784887069838 ], [ -66.210747022214164, -32.857970749900836 ], [ -66.179541597899757, -32.858407148975452 ], [ -66.165308901695909, -32.857173405487266 ] ], [ [ -66.293901633241489, -33.00516945714422 ], [ -66.29420071251819, -33.012255885805899 ], [ -66.297199913802515, -33.012248780631353 ], [ -66.299127018974403, -33.014056534108967 ], [ -66.299088995987987, -33.017059185442442 ], [ -66.310997335783568, -33.018323975848269 ], [ -66.311188781717078, -33.020266594875132 ], [ -66.29353451431065, -33.022752888855074 ], [ -66.29398462030322, -33.031791053218392 ], [ -66.291551231250097, -33.032351288095327 ], [ -66.29124869605846, -33.02580137626655 ], [ -66.283797624572415, -33.026210769360645 ], [ -66.282739182135401, -33.017372303761235 ], [ -66.285177316729971, -33.01756512407507 ], [ -66.284981639821055, -33.014959744446429 ], [ -66.288027445484175, -33.015268337527168 ], [ -66.290356269606107, -33.011511993071643 ], [ -66.290816187107538, -33.008986244202873 ], [ -66.290522976273863, -33.005235974626331 ], [ -66.293901633241489, -33.00516945714422 ] ] ] } },
{ "type": "Feature", "properties": { "codigo_indec": "740140302" }, "geometry": { "type": "Polygon", "coordinates": [ [ [ -66.229838454188979, -32.545983640433626 ], [ -66.250439934638251, -32.558757991110873 ], [ -66.257402905445815, -32.582748113997269 ], [ -66.261268314385291, -32.59441306253354 ], [ -66.312850491716361, -32.66403010090432 ], [ -66.32644861233679, -32.71264754541361 ], [ -66.335601777815839, -32.729480867718841 ], [ -66.345938146926457, -32.722329266093091 ], [ -66.367902964049691, -32.709611238604808 ], [ -66.396014755132782, -32.695084719035762 ], [ -66.419033135509466, -32.684888224704771 ], [ -66.417761755132403, -32.679766227480343 ], [ -66.418487062030152, -32.67754108720225 ], [ -66.420302158358027, -32.675817256140824 ], [ -66.422835543727984, -32.674952116856673 ], [ -66.425557723485042, -32.675127765505692 ], [ -66.43424508014914, -32.680269323923334 ], [ -66.447707421637304, -32.668797312633956 ], [ -66.447654894299149, -32.664676669237757 ], [ -66.450042750070963, -32.66466812909789 ], [ -66.446083181672222, -32.660520854660511 ], [ -66.435938730818251, -32.645349058406488 ], [ -66.430002616248146, -32.643200900596952 ], [ -66.426428492, -32.63903362748465 ], [ -66.428341424236848, -32.626164088775134 ], [ -66.429523665060017, -32.625492777594943 ], [ -66.427299433011044, -32.614305496280096 ], [ -66.427667426993253, -32.608790211189216 ], [ -66.433524528951509, -32.595573410150088 ], [ -66.437839405864111, -32.589710763152034 ], [ -66.436839145049163, -32.586616818239463 ], [ -66.432885577406921, -32.580652056038168 ], [ -66.440694411567961, -32.572383131955462 ], [ -66.441466058672361, -32.570121596586169 ], [ -66.45069267934204, -32.563041849088926 ], [ -66.453970853476704, -32.559576433743288 ], [ -66.455839343337317, -32.556377552971043 ], [ -66.457555433505689, -32.55464450805848 ], [ -66.460841116044847, -32.552238416518371 ], [ -66.46475621427409, -32.550627944499126 ], [ -66.4688171677018, -32.546893234497269 ], [ -66.469430167291151, -32.544496855174103 ], [ -66.472854793308784, -32.538771563576105 ], [ -66.473930285514442, -32.534777356690711 ], [ -66.475639869246351, -32.531448023396578 ], [ -66.477830331788326, -32.530510937009183 ], [ -66.479546757878865, -32.528511577775824 ], [ -66.481423813295692, -32.527706374607504 ], [ -66.482507870288813, -32.524911360971728 ], [ -66.485002781225504, -32.522241656294952 ], [ -66.485927546730608, -32.519050463530519 ], [ -66.489203487974436, -32.51571488161445 ], [ -66.48839754968067, -32.511331081232143 ], [ -66.487134635408793, -32.510005920479323 ], [ -66.487920814016661, -32.505327382994523 ], [ -66.480796117699853, -32.505774116835553 ], [ -66.47383157094778, -32.513943200413969 ], [ -66.470147890436323, -32.519295284702601 ], [ -66.457127519481375, -32.524302809779428 ], [ -66.444628017263412, -32.531083564799317 ], [ -66.428878074880231, -32.534695598090281 ], [ -66.415147362665337, -32.541319819790459 ], [ -66.396587158981106, -32.542655678321566 ], [ -66.348489308029585, -32.549583732669873 ], [ -66.349722983994155, -32.543746080341016 ], [ -66.334317252145723, -32.536303568072348 ], [ -66.320070471197184, -32.531538878599832 ], [ -66.304693878197583, -32.53454379153419 ], [ -66.286911679486224, -32.538783211344672 ], [ -66.275210603318769, -32.532979617401388 ], [ -66.233235587372093, -32.547384098124958 ], [ -66.229841927792748, -32.545257733843997 ], [ -66.229838454188979, -32.545983640433626 ] ] ] } },
{ "type": "Feature", "properties": { "codigo_indec": "740070503" }, "geometry": { "type": "Polygon", "coordinates": [ [ [ -65.952332725066753, -32.370991728635474 ], [ -65.947177127407883, -32.379155172758622 ], [ -65.933529692911918, -32.379216348921737 ], [ -65.925854336112948, -32.382701902507122 ], [ -65.923366235446935, -32.390590858122152 ], [ -65.924521850680421, -32.39081699644818 ], [ -65.923363021655746, -32.394396300784656 ], [ -65.919522004799262, -32.393050278745022 ], [ -65.919281304581062, -32.391819216848361 ], [ -65.916385984733225, -32.390874985991644 ], [ -65.916386487396807, -32.390329418904173 ], [ -65.913471907117312, -32.395733526911854 ], [ -65.908927807529508, -32.401366345095369 ], [ -65.90552104124346, -32.403978948585241 ], [ -65.902526643533818, -32.401036922583046 ], [ -65.900986243174941, -32.400260205922372 ], [ -65.900597521571129, -32.400949748437341 ], [ -65.900739137071042, -32.402667717719936 ], [ -65.901549081860963, -32.405626133132785 ], [ -65.900493923228112, -32.405760568740064 ], [ -65.898467048225044, -32.40507361296968 ], [ -65.896956833422649, -32.405766743977111 ], [ -65.899333714117134, -32.40716188706039 ], [ -65.903866690185822, -32.407846256551558 ], [ -65.92233496363923, -32.412723995020833 ], [ -65.9319698776861, -32.418649625086807 ], [ -65.966595624942002, -32.485172568175074 ], [ -65.984510836690745, -32.523049482939328 ], [ -66.009085903028122, -32.564895480338379 ], [ -66.011492164776101, -32.562401972523858 ], [ -66.011316230895972, -32.560512842708498 ], [ -66.008946841426436, -32.558547239360493 ], [ -66.010069870032893, -32.555702162036205 ], [ -66.008914464215138, -32.55416027187465 ], [ -66.009124626416082, -32.552951923368681 ], [ -66.011339167865856, -32.552392663422083 ], [ -66.012707153244804, -32.551202233675198 ], [ -66.012491329270688, -32.549592646164101 ], [ -66.01297820449976, -32.548100213781645 ], [ -66.014577689131883, -32.547067543677784 ], [ -66.015298662204287, -32.54514674665689 ], [ -66.014683355440241, -32.542162051414351 ], [ -66.013072838654026, -32.539921397411526 ], [ -66.012154247040627, -32.536909666141227 ], [ -66.010227153713473, -32.534281254029736 ], [ -66.010990472303007, -32.530520915489724 ], [ -66.010258534121888, -32.529402813827197 ], [ -66.010258406534703, -32.528280141421334 ], [ -66.01100606251056, -32.527432437870203 ], [ -66.011338489235413, -32.525813775654996 ], [ -66.012336227111021, -32.524830779255289 ], [ -66.015992041143974, -32.522855544674961 ], [ -66.015909119321151, -32.52039378877334 ], [ -66.017404290041867, -32.519266408048985 ], [ -66.026958380679289, -32.516451274454923 ], [ -66.030197767310852, -32.512365624940514 ], [ -66.035430165410475, -32.509830350038079 ], [ -66.036345016414941, -32.508914815233197 ], [ -66.039417887049197, -32.508913890037533 ], [ -66.04008260443878, -32.507998406060203 ], [ -66.040912606842028, -32.507858367991602 ], [ -66.041910638090428, -32.508629033847853 ], [ -66.045079087272086, -32.508249204470616 ], [ -66.052201927127953, -32.504941544568759 ], [ -66.057971973942287, -32.50445658311596 ], [ -66.059677336041673, -32.512616601852329 ], [ -66.074752645129891, -32.509804114120719 ], [ -66.089773412480753, -32.503919407252674 ], [ -66.101917647426461, -32.503702754632847 ], [ -66.111226930566204, -32.504317075852967 ], [ -66.075528899435938, -32.480415636702475 ], [ -66.068890998939921, -32.477709680532591 ], [ -66.066683724927472, -32.481552331498236 ], [ -66.064578598232544, -32.483438089407294 ], [ -66.0671331315028, -32.488608293683761 ], [ -66.063479882025945, -32.494458038318911 ], [ -66.064145782022521, -32.495702115003034 ], [ -66.063588121348388, -32.497068548273845 ], [ -66.063903252148705, -32.498813273179508 ], [ -66.0631005751288, -32.49981912828985 ], [ -66.059081770540004, -32.501038440236812 ], [ -66.05745505519684, -32.503185355088405 ], [ -66.051935130945225, -32.49436413978141 ], [ -66.046335829803411, -32.494632342148172 ], [ -66.041515837531762, -32.477388037338123 ], [ -66.038124778424248, -32.477123093135269 ], [ -66.037336886520251, -32.475518210066241 ], [ -66.047665406074302, -32.473575954905293 ], [ -66.051690398627173, -32.480396121994488 ], [ -66.058548303770351, -32.47831908979034 ], [ -66.058622781447156, -32.474229608621314 ], [ -66.050352583011076, -32.470824562432 ], [ -66.011028904823448, -32.431120810918848 ], [ -65.961990427191793, -32.380053257253763 ], [ -65.952332725066753, -32.370991728635474 ] ] ] } },
{ "type": "Feature", "properties": { "codigo_indec": "740070501" }, "geometry": { "type": "Polygon", "coordinates": [ [ [ -66.196461937530614, -32.344863273777818 ], [ -66.173504623978161, -32.349568101494611 ], [ -66.174660402739605, -32.355355859610057 ], [ -66.174501135020151, -32.358169595560994 ], [ -66.172850856168125, -32.361905184870196 ], [ -66.170514783895811, -32.365461326464718 ], [ -66.159603398538835, -32.376391485954066 ], [ -66.144418173939414, -32.408052666753399 ], [ -66.136283377246798, -32.423896632316307 ], [ -66.131451975959834, -32.440958513356051 ], [ -66.136956085790018, -32.47678383833707 ], [ -66.137675535983902, -32.498645975294089 ], [ -66.141516999958156, -32.524215237382869 ], [ -66.144002530936646, -32.526015904915681 ], [ -66.146175388023025, -32.526933177414875 ], [ -66.152151049275673, -32.527922517685525 ], [ -66.15486758181018, -32.527689257568987 ], [ -66.157172856885595, -32.5266268491416 ], [ -66.163758409183245, -32.520509131191595 ], [ -66.169261152810932, -32.517747017412958 ], [ -66.171332178407155, -32.515449272877397 ], [ -66.175389530329866, -32.512612201620009 ], [ -66.187564192797765, -32.506093053640441 ], [ -66.194425025655832, -32.505929342228065 ], [ -66.197948390964555, -32.50638373885679 ], [ -66.201918489440885, -32.505534297910273 ], [ -66.205166637141772, -32.505452395012213 ], [ -66.208563443061379, -32.50408066540146 ], [ -66.207636197168313, -32.498820509124258 ], [ -66.20628034899525, -32.496861439575035 ], [ -66.205890902816151, -32.495225406292214 ], [ -66.206649233565841, -32.489498065706314 ], [ -66.204709995045761, -32.485903258920516 ], [ -66.204898602315112, -32.483450195286878 ], [ -66.208170511301489, -32.480171477115924 ], [ -66.208746907807821, -32.478696162193323 ], [ -66.208163734700136, -32.477227275958462 ], [ -66.208738604124065, -32.475098194182486 ], [ -66.209896244481996, -32.474280185444705 ], [ -66.210066451945266, -32.465118113220576 ], [ -66.211591158242939, -32.456440705289587 ], [ -66.211576247478419, -32.450060826900874 ], [ -66.212333095021691, -32.444008783704241 ], [ -66.211939562725917, -32.440573761140321 ], [ -66.212695918740778, -32.434354882909915 ], [ -66.217708557576401, -32.432871948655247 ], [ -66.213256174534536, -32.426175005256574 ], [ -66.21340782647556, -32.405912236819447 ], [ -66.206989039685752, -32.398478909259943 ], [ -66.20639396349884, -32.39737522765521 ], [ -66.205193393743741, -32.390541833545974 ], [ -66.203999999531959, -32.386819491076395 ], [ -66.200909330938075, -32.382906293485462 ], [ -66.200075536748017, -32.380693789708289 ], [ -66.19758163012726, -32.37737923078447 ], [ -66.197221931634985, -32.375670950277218 ], [ -66.203249646980936, -32.368523908316178 ], [ -66.203219721068919, -32.355146251660123 ], [ -66.20391690610046, -32.349815679076933 ], [ -66.203085381773676, -32.348513965445342 ], [ -66.200237940069215, -32.347107249812176 ], [ -66.198457741088305, -32.345500405781117 ], [ -66.196461937530614, -32.344863273777818 ] ] ] } },
{ "type": "Feature", "properties": { "codigo_indec": "740070412" }, "geometry": { "type": "Polygon", "coordinates": [ [ [ -66.023166298703785, -32.159850718146657 ], [ -66.024636086203202, -32.204872530340964 ], [ -66.016057595687471, -32.216890268314266 ], [ -66.017269394853386, -32.244173693241869 ], [ -66.004233825271868, -32.244995427308822 ], [ -66.006648939595962, -32.259969455022208 ], [ -66.00425397716036, -32.278929526637519 ], [ -65.991680242458983, -32.281341587211031 ], [ -65.989811650153626, -32.283988175130837 ], [ -65.972836866845654, -32.285306772193451 ], [ -65.960986434195476, -32.323800525958369 ], [ -65.958176418653707, -32.337425419468509 ], [ -65.950635197906522, -32.351544431312142 ], [ -65.959808358664475, -32.352088749822997 ], [ -65.960995625085019, -32.358085891312037 ], [ -65.960514928604596, -32.36407799594901 ], [ -65.954644058398102, -32.365221266964511 ], [ -65.952332725066753, -32.370991728635474 ], [ -65.958075800591956, -32.371340949280778 ], [ -65.999203007779428, -32.377628723608325 ], [ -66.050124015650198, -32.374949533682162 ], [ -66.101946526093428, -32.363979847995637 ], [ -66.173504623978161, -32.349568101494611 ], [ -66.168004313871165, -32.325069928220529 ], [ -66.159944058100407, -32.295209113196961 ], [ -66.15677167694561, -32.280992053855591 ], [ -66.149884340897373, -32.257977953761134 ], [ -66.153766977020126, -32.241303819564131 ], [ -66.154772227589405, -32.22872268358244 ], [ -66.162486709639026, -32.198309202406925 ], [ -66.145684976627706, -32.191823249622523 ], [ -66.11955048570303, -32.190786539079369 ], [ -66.102747486256277, -32.18868209284534 ], [ -66.091556691166659, -32.188334480542068 ], [ -66.083906499572677, -32.18649111061405 ], [ -66.071067652806818, -32.180055657254343 ], [ -66.064671936580538, -32.177543081326881 ], [ -66.059533033368822, -32.170971515150789 ], [ -66.053161214413052, -32.166893724871827 ], [ -66.046226466166161, -32.164867405879967 ], [ -66.038168983294412, -32.164577009060899 ], [ -66.023166298703785, -32.159850718146657 ] ] ] } },
{ "type": "Feature", "properties": { "codigo_indec": "740210105" }, "geometry": { "type": "Polygon", "coordinates": [ [ [ -66.064930855703736, -32.937827394548606 ], [ -66.060322959631961, -32.939015420545608 ], [ -66.057200238907726, -32.938534487118254 ], [ -66.054538947987467, -32.936294987497831 ], [ -66.05191441471996, -32.937260909375858 ], [ -66.045255437239646, -32.937407768050527 ], [ -66.04232069980948, -32.938436718303358 ], [ -66.03773954091784, -32.94042189433496 ], [ -66.033641536886932, -32.948078370558427 ], [ -66.023477939860157, -32.953062498578639 ], [ -66.019390426841724, -32.955835876858494 ], [ -66.016746516025876, -32.95838802270864 ], [ -66.014888279995418, -32.959050994975705 ], [ -66.00916589021773, -32.956707169835674 ], [ -66.003805036913064, -32.960823630934463 ], [ -66.00490965778512, -32.965845962912532 ], [ -66.00150568862631, -32.975701426314309 ], [ -66.002845895337259, -32.986021128096766 ], [ -66.001051236537947, -32.992269788706956 ], [ -66.002343271813245, -32.994447323458388 ], [ -66.002578723660648, -32.996327316787578 ], [ -65.997996258858777, -33.002864486132594 ], [ -65.999523790847292, -33.006525307235329 ], [ -66.000227433992976, -33.018504063051211 ], [ -65.995410969386796, -33.022660696206557 ], [ -65.994353597536687, -33.029296968012844 ], [ -65.994353338771916, -33.033354494172286 ], [ -65.996584825601389, -33.044143073612112 ], [ -65.983791696932954, -33.071214668856371 ], [ -65.983386468982147, -33.076309030268717 ], [ -65.984729782529413, -33.080722855307563 ], [ -65.984461248008145, -33.085140980628388 ], [ -65.987823531047965, -33.091822686054044 ], [ -65.992126755048929, -33.093860791763021 ], [ -65.999662570892056, -33.094992627427303 ], [ -66.000321367501911, -33.096764395534784 ], [ -66.002351348850482, -33.097138563910541 ], [ -66.002019327274525, -33.099744375124573 ], [ -65.999105459806543, -33.103409645568576 ], [ -65.999177760508786, -33.104744105751983 ], [ -66.001392726747994, -33.105276081153576 ], [ -66.001577559713326, -33.106890053320654 ], [ -65.999215228881056, -33.107881888450883 ], [ -65.996852881451986, -33.107850293039888 ], [ -65.995746632387139, -33.109310951497328 ], [ -65.996226023199114, -33.110492142982864 ], [ -65.99397608614585, -33.110708453185012 ], [ -65.995510774175898, -33.112363065605479 ], [ -65.993962500372149, -33.113535159079213 ], [ -65.993804319088781, -33.115608970297551 ], [ -65.993019341624162, -33.117349132889224 ], [ -65.998224094730148, -33.114157438436678 ], [ -66.001344650813337, -33.114062769483809 ], [ -66.004824174368153, -33.114770486821186 ], [ -66.005255487558358, -33.115730737629342 ], [ -66.004762764413343, -33.118440245924852 ], [ -66.005188782710263, -33.12017141561833 ], [ -66.002791278869978, -33.120099359614365 ], [ -66.005271889039193, -33.121248895278029 ], [ -66.008076595390747, -33.121217186976544 ], [ -66.01200651800221, -33.12207344672003 ], [ -66.015087868327271, -33.126139593973406 ], [ -66.018443094800048, -33.131765490477527 ], [ -66.020583812160467, -33.132179917827877 ], [ -66.024714264743494, -33.129406568481599 ], [ -66.027596986242514, -33.129599819851862 ], [ -66.030559784560154, -33.128904851539581 ], [ -66.032729147533303, -33.127132541782935 ], [ -66.036945782666962, -33.126928489671506 ], [ -66.042648610216503, -33.125447948033909 ], [ -66.057437665334263, -33.119288185036176 ], [ -66.060730961720608, -33.113128285874964 ], [ -66.058408305972719, -33.108557975912042 ], [ -66.059375737728388, -33.105352112740974 ], [ -66.056052303494951, -33.101706429416318 ], [ -66.05578870804105, -33.099916748107177 ], [ -66.056983125247214, -33.099853091453532 ], [ -66.061684277035866, -33.097434398180255 ], [ -66.062204267510481, -33.094260286290336 ], [ -66.06485272858049, -33.090521541810858 ], [ -66.06679054864577, -33.0857101412047 ], [ -66.067459009389111, -33.080930958400671 ], [ -66.068570920542768, -33.078401180929106 ], [ -66.06192288813925, -33.074883654966037 ], [ -66.062646897327554, -33.072674211350304 ], [ -66.063607562775786, -33.07198395031228 ], [ -66.065051186815225, -33.072736096987974 ], [ -66.06629823885352, -33.071955498888457 ], [ -66.066848647663292, -33.066937429785121 ], [ -66.068438286470411, -33.06271225595416 ], [ -66.066837132519382, -33.058786360230414 ], [ -66.067415376559637, -33.051802624492375 ], [ -66.066547112196545, -33.050455094996707 ], [ -66.066468649150139, -33.049337066588436 ], [ -66.067937163897639, -33.048096479646041 ], [ -66.071048374145562, -33.042693742264674 ], [ -66.071328192254768, -33.041196809304274 ], [ -66.070612437610961, -33.039741017975494 ], [ -66.068339043183343, -33.038204934641762 ], [ -66.070682353050145, -33.033451820086881 ], [ -66.071860989542614, -33.028253006279691 ], [ -66.069405566725962, -33.016041227971819 ], [ -66.071191696764032, -33.011238803881113 ], [ -66.072487576724811, -33.005859563794267 ], [ -66.072486077033801, -32.997482990174554 ], [ -66.073461638110359, -32.986788520659907 ], [ -66.07262518649928, -32.984426611489795 ], [ -66.073418061420682, -32.982613772863651 ], [ -66.072315008143377, -32.977966258303184 ], [ -66.072135711136895, -32.974544485799072 ], [ -66.073425967269941, -32.97277644008733 ], [ -66.074308172747266, -32.96600880143788 ], [ -66.073593903336914, -32.962443072458925 ], [ -66.069670965348678, -32.951994816892665 ], [ -66.06885491759391, -32.947806947149601 ], [ -66.065840745807179, -32.942759137622559 ], [ -66.065058251776605, -32.940221303539424 ], [ -66.064930855703736, -32.937827394548606 ] ] ] } },
{ "type": "Feature", "properties": { "codigo_indec": "740070303" }, "geometry": { "type": "Polygon", "coordinates": [ [ [ -65.716261958797915, -31.891060775827082 ], [ -65.716004914550453, -32.05364473857091 ], [ -65.717802657194028, -32.05355406354164 ], [ -65.721724406691891, -32.052277656492002 ], [ -65.728203544624762, -32.051777682834526 ], [ -65.810261240860058, -32.059182124933095 ], [ -65.811587556856779, -32.050152470339363 ], [ -65.813673956979358, -32.043391965849082 ], [ -65.815401626934872, -32.039823315441403 ], [ -65.819610110481491, -32.022262033468337 ], [ -65.821136906553093, -32.010071639727911 ], [ -65.820615209462545, -31.968158813325548 ], [ -65.824369970222577, -31.896279331451126 ], [ -65.821605694204848, -31.896275481743984 ], [ -65.777857702184349, -31.88766168447729 ], [ -65.762227574246026, -31.887633410301547 ], [ -65.716261958797915, -31.891060775827082 ] ] ] } },
{ "type": "Feature", "properties": { "codigo_indec": "740561901" }, "geometry": { "type": "Polygon", "coordinates": [ [ [ -66.404446242635544, -33.845062723615101 ], [ -66.377588875638594, -33.845111841819751 ], [ -66.37492785129848, -33.849352722706605 ], [ -66.36173549693801, -33.86106715398752 ], [ -66.360644813462599, -33.862539867899166 ], [ -66.345823676797579, -33.872030528423686 ], [ -66.341897143282367, -33.873934725899055 ], [ -66.338268090400334, -33.874575821065854 ], [ -66.335249677450037, -33.876603526932463 ], [ -66.332990676326432, -33.879386405241078 ], [ -66.329064487776677, -33.881542624750317 ], [ -66.324630551805726, -33.881689616977752 ], [ -66.320648093027614, -33.883336344998092 ], [ -66.316810796447427, -33.884085535971444 ], [ -66.313032475350099, -33.883982499526304 ], [ -66.310628756723915, -33.882879684245083 ], [ -66.304254455626761, -33.876183592385523 ], [ -66.299649632407551, -33.872985375155778 ], [ -66.295577464808673, -33.871363411806087 ], [ -66.284460418265041, -33.869419694630508 ], [ -66.280655018267211, -33.869090339098555 ], [ -66.275514815931103, -33.869575248917833 ], [ -66.269099197865415, -33.878658976069865 ], [ -66.270421214633046, -33.883141268020822 ], [ -66.271874362913636, -33.885468562617191 ], [ -66.271983678168723, -33.887555395839243 ], [ -66.27128140557997, -33.889382570182462 ], [ -66.269863344810204, -33.890490075150716 ], [ -66.267177476449817, -33.895855603028842 ], [ -66.263144465818044, -33.898339017992051 ], [ -66.258323827281117, -33.898750406934482 ], [ -66.25314154103765, -33.896615492285378 ], [ -66.248586846241039, -33.895515868520199 ], [ -66.246259890496717, -33.893676885126609 ], [ -66.237806461541126, -33.879291310970004 ], [ -66.226839902719078, -33.867740628700346 ], [ -66.222885919053439, -33.862108656805447 ], [ -66.218155330192488, -33.865335649251186 ], [ -66.204043833678384, -33.878986713845144 ], [ -66.201553512346862, -33.88292155534004 ], [ -66.199717750823396, -33.88719336489455 ], [ -66.195404557011386, -33.900227603872665 ], [ -66.194398383937255, -33.904687328853342 ], [ -66.194354563203476, -33.909199620469664 ], [ -66.197283486150624, -33.922695549338208 ], [ -66.197853596323, -33.92722036675832 ], [ -66.198282912024723, -33.936302684049103 ], [ -66.197589965419709, -33.945359746401429 ], [ -66.198084264819045, -33.954441933164645 ], [ -66.199701050211146, -33.963454673142003 ], [ -66.202221456831595, -33.972357712538425 ], [ -66.202232140770349, -33.98144063531636 ], [ -66.204378185474212, -34.003163968358244 ], [ -66.202861241818695, -34.018469909483052 ], [ -66.203785448490379, -34.032577253753843 ], [ -66.205379369505295, -34.037961207255172 ], [ -66.235856237898801, -34.029562923384027 ], [ -66.262300896150592, -34.025150491845622 ], [ -66.260923137733087, -34.030467904805754 ], [ -66.257797823075677, -34.035374274148182 ], [ -66.256886436647108, -34.041970816363452 ], [ -66.2526545665729, -34.048290234983064 ], [ -66.255998463934588, -34.052799934843989 ], [ -66.260062195136683, -34.059701552182062 ], [ -66.265324452286961, -34.063400055024161 ], [ -66.264033534999783, -34.072399981609188 ], [ -66.263990726738285, -34.076934702650497 ], [ -66.266444464689059, -34.09504084311466 ], [ -66.261126031968686, -34.098405892661539 ], [ -66.253878168992827, -34.101774713765671 ], [ -66.256523341015949, -34.120921831241681 ], [ -66.283834391449503, -34.22396651195254 ], [ -66.296759474614504, -34.269411607004713 ], [ -66.300578028721404, -34.280580731279528 ], [ -66.339842197515054, -34.231878929597343 ], [ -66.343133943251289, -34.22861537867422 ], [ -66.348477438179273, -34.225544253743976 ], [ -66.393997967011728, -34.202905219040616 ], [ -66.464158376716142, -34.123878059570977 ], [ -66.452395136985828, -34.08584687809963 ], [ -66.44532509878735, -34.059422390966382 ], [ -66.43808586460672, -34.004992294266856 ], [ -66.436922198101129, -33.970098470378908 ], [ -66.431890255159303, -33.948596769702583 ], [ -66.404446242635544, -33.845062723615101 ] ] ] } },
{ "type": "Feature", "properties": { "codigo_indec": "740490303" }, "geometry": { "type": "Polygon", "coordinates": [ [ [ -64.980541905777088, -32.325130550324651 ], [ -64.990406960725352, -32.316336999312533 ], [ -64.988862279103486, -32.316545552483277 ], [ -64.980419336689536, -32.319958236705631 ], [ -64.974324827103047, -32.319647351334687 ], [ -64.970153310424422, -32.320898316115205 ], [ -64.961140344122953, -32.316009300804787 ], [ -64.959268763723045, -32.314388834085783 ], [ -64.951368155935754, -32.31143795997253 ], [ -64.949149559804923, -32.307249093985469 ], [ -64.949175526207512, -32.304999540478399 ], [ -64.941246241750846, -32.304613170839033 ], [ -64.928690683920919, -32.311887713353833 ], [ -64.920601097135048, -32.324974675669196 ], [ -64.922043147146468, -32.33076242315073 ], [ -64.921167353612006, -32.341025342037113 ], [ -64.923032325802822, -32.34296641399844 ], [ -64.92781456021892, -32.354237860512974 ], [ -64.927380644294075, -32.359049257298516 ], [ -64.923553411956604, -32.362866907759788 ], [ -64.920101837011543, -32.367007756701788 ], [ -64.919325821733622, -32.368606132476557 ], [ -64.918479841304134, -32.376299382111164 ], [ -64.919211265951162, -32.378230779107781 ], [ -64.92295179571903, -32.381792938008118 ], [ -64.922928954177365, -32.38371786681143 ], [ -64.918704128673085, -32.389136960938707 ], [ -64.918097345765432, -32.408382933414764 ], [ -64.92295573267792, -32.413239597619253 ], [ -64.923312853005811, -32.415167764624719 ], [ -64.925551759254702, -32.4177521943583 ], [ -64.925521352587921, -32.420317250826088 ], [ -64.927361374907619, -32.424507766756463 ], [ -64.929219456694298, -32.427408989310891 ], [ -64.929196708119676, -32.429333908124903 ], [ -64.927255059574563, -32.433487709400715 ], [ -64.920742869051864, -32.44017220784049 ], [ -64.920285078837253, -32.44690840676347 ], [ -64.915830273275049, -32.471256228763572 ], [ -64.9127851478124, -32.472834961794604 ], [ -64.909341583489663, -32.475690557341409 ], [ -64.902874336015728, -32.478524242372224 ], [ -64.895241128743436, -32.483592542616599 ], [ -64.894181166497603, -32.49371359811262 ], [ -64.949006956788324, -32.465708184569699 ], [ -64.951447059538495, -32.462572618118955 ], [ -64.951389902167662, -32.461309776052516 ], [ -64.9537556238013, -32.458840791901174 ], [ -64.955372918886752, -32.458547646045851 ], [ -64.957360137445193, -32.45891577776878 ], [ -64.95892356402949, -32.45845081869161 ], [ -64.959641781514421, -32.457496453867975 ], [ -64.963782577625039, -32.456011249302556 ], [ -64.968611808910936, -32.454995919479366 ], [ -64.970209202690043, -32.453403979874189 ], [ -64.971939447894329, -32.452516424868755 ], [ -64.977666567592863, -32.452247460821219 ], [ -64.981063135662268, -32.452825025672645 ], [ -64.98231212436383, -32.454295872192517 ], [ -64.985978783951339, -32.455930471474119 ], [ -64.991753896421059, -32.459723393261122 ], [ -64.99357019874752, -32.460175247509916 ], [ -64.996152740368103, -32.459866746197697 ], [ -65.012889414920807, -32.461662709687836 ], [ -65.013016009170158, -32.459075830112262 ], [ -65.015115341030992, -32.457717179856878 ], [ -65.015830422564164, -32.456018561396931 ], [ -65.01681014481521, -32.455165093185151 ], [ -65.018299240972155, -32.454901693740943 ], [ -65.019172359020118, -32.453087065711564 ], [ -65.021898583879192, -32.452003689795838 ], [ -65.022672942626784, -32.450954713427336 ], [ -65.025389254245368, -32.449794538854242 ], [ -65.027648919533078, -32.44708436224947 ], [ -65.029753557780282, -32.446176351337932 ], [ -65.030165090859086, -32.444736798719973 ], [ -65.030976375526336, -32.444445482253087 ], [ -65.03248235666625, -32.442581520646023 ], [ -65.033755136505206, -32.442636377326686 ], [ -65.034412112041082, -32.441356489922377 ], [ -65.03600132937224, -32.440651810468303 ], [ -65.037116571327999, -32.439519687312682 ], [ -65.041579016449006, -32.438593410000664 ], [ -65.042121985990534, -32.437272035713171 ], [ -65.046812132590063, -32.433637678827516 ], [ -65.048754180195729, -32.432471126124703 ], [ -65.05122200192919, -32.432111022290222 ], [ -65.052719405843604, -32.430499221200556 ], [ -65.05412539573949, -32.430509786669433 ], [ -65.060208591743645, -32.432660804364211 ], [ -65.068162384739495, -32.432070666859076 ], [ -65.076524005774544, -32.432141263688898 ], [ -65.068212348101241, -32.422301025635811 ], [ -65.057869139589314, -32.413261117135342 ], [ -65.058505873642062, -32.411061196900377 ], [ -65.057619313329269, -32.408660530312936 ], [ -65.056640390754637, -32.407990448823547 ], [ -65.0145951378462, -32.40704649332708 ], [ -65.0123482195402, -32.426451597573333 ], [ -65.006398067439022, -32.427824986212812 ], [ -65.005796923162663, -32.422536271561704 ], [ -64.999124858950523, -32.424313893852649 ], [ -64.997996556960871, -32.417947930437478 ], [ -65.005632765852411, -32.410123036253559 ], [ -65.006709975340939, -32.399360671135234 ], [ -65.012894152765071, -32.399260478618984 ], [ -65.014298527375985, -32.392526704345045 ], [ -65.018727140892523, -32.377579369806703 ], [ -65.016686045821601, -32.368343480216112 ], [ -65.01487546818295, -32.368500672631441 ], [ -65.011001888377379, -32.366869814046879 ], [ -65.00962528186362, -32.36693565477038 ], [ -65.007390777360982, -32.366025391797471 ], [ -65.00682892745489, -32.365182377425732 ], [ -65.005571020185883, -32.365325754342443 ], [ -65.002355553004193, -32.36377646629419 ], [ -64.999955229378898, -32.364190273883082 ], [ -64.998945047467288, -32.363546553428613 ], [ -64.996966876531758, -32.36373371876514 ], [ -64.995061602640604, -32.362852908807596 ], [ -64.993116409506058, -32.362941088663632 ], [ -64.992253864644539, -32.362402190449679 ], [ -64.98985950239576, -32.362279336885805 ], [ -64.986759956346617, -32.361086758077292 ], [ -64.985458316622783, -32.359678645162958 ], [ -64.984502179783149, -32.359441013856319 ], [ -64.984541707063286, -32.358756033840706 ], [ -64.981450894296472, -32.356801453048938 ], [ -64.979056091946319, -32.356732495073729 ], [ -64.977268666349275, -32.356028206108434 ], [ -64.976248123734194, -32.356326506576345 ], [ -64.975294895062191, -32.355836351513247 ], [ -64.973375334773721, -32.356253559899315 ], [ -64.969108391772309, -32.354996940483133 ], [ -64.967284287465105, -32.354959474371 ], [ -64.965454525944992, -32.355652317751172 ], [ -64.963791629567353, -32.355683751231204 ], [ -64.963177589904987, -32.356197185650657 ], [ -64.962153949497235, -32.355832592062008 ], [ -64.959714690749493, -32.356403112357789 ], [ -64.958841530961934, -32.355886443248131 ], [ -64.972739542794216, -32.333317926621035 ], [ -64.980541905777088, -32.325130550324651 ] ], [ [ -65.016078047580748, -32.428581751922515 ], [ -65.018562998499036, -32.438664130801939 ], [ -65.014531255166588, -32.440052827729829 ], [ -65.015213057854183, -32.442380039534477 ], [ -65.01377334675297, -32.441300258665784 ], [ -65.001806599467514, -32.445543151215546 ], [ -65.003215136766428, -32.441961038431963 ], [ -64.999806737080263, -32.442718493423769 ], [ -64.999077320501229, -32.436797554065258 ], [ -65.006261968764008, -32.433932936235976 ], [ -65.009250078362399, -32.431224321477643 ], [ -65.016078047580748, -32.428581751922515 ] ] ] } },
{ "type": "Feature", "properties": { "codigo_indec": "740351704" }, "geometry": { "type": "Polygon", "coordinates": [ [ [ -65.247224045967712, -33.835602705174026 ], [ -65.244625138835715, -33.834766422657196 ], [ -65.241208162336321, -33.832378937878438 ], [ -65.237079628052641, -33.830766778111354 ], [ -65.233566368712161, -33.830433964934983 ], [ -65.229331308224843, -33.831390230901761 ], [ -65.21933605300805, -33.835267013664179 ], [ -65.193580003927394, -33.850089023535169 ], [ -65.202982903625156, -33.864349098073355 ], [ -65.173606036088373, -33.879080193015135 ], [ -65.165442078296863, -33.867224360746796 ], [ -65.160665293611501, -33.86999112109833 ], [ -65.159348865120037, -33.86785006901048 ], [ -65.139349993363979, -33.87810645320473 ], [ -65.135454345275477, -33.879368341665597 ], [ -65.131317721394339, -33.879866631712588 ], [ -65.11396273623248, -33.879513174810583 ], [ -65.113409006533857, -33.921271400158943 ], [ -65.114689252792445, -33.983276590657049 ], [ -65.114817419759888, -34.052272903378793 ], [ -65.282977903333716, -34.052246465778715 ], [ -65.282668083014201, -34.051739819846546 ], [ -65.282465208302355, -33.994146228293232 ], [ -65.263832799953221, -33.991349662214262 ], [ -65.26164082507664, -33.987635850584262 ], [ -65.265372575349488, -33.982519607939707 ], [ -65.264595086917879, -33.976984223347486 ], [ -65.269469041877201, -33.974245628099155 ], [ -65.28238136989215, -33.970318905854917 ], [ -65.282785189538444, -33.960882454825487 ], [ -65.282292112383189, -33.924891189434319 ], [ -65.282634177694646, -33.850148091300454 ], [ -65.278773757136449, -33.848579448993512 ], [ -65.265570496012629, -33.846342344093408 ], [ -65.26065904050914, -33.844239478953703 ], [ -65.25037717004011, -33.838547366071516 ], [ -65.247224045967712, -33.835602705174026 ] ] ] } },
{ "type": "Feature", "properties": { "codigo_indec": "740630504" }, "geometry": { "type": "Polygon", "coordinates": [ [ [ -65.616494997029307, -32.775817325559785 ], [ -65.618901506416861, -32.78967478232191 ], [ -65.620675272566231, -32.79242133153069 ], [ -65.621961647397526, -32.795581165917582 ], [ -65.624223466598934, -32.798468898692782 ], [ -65.624935964215055, -32.800409685127065 ], [ -65.625260381405212, -32.806424977846184 ], [ -65.626808769273282, -32.811488120280586 ], [ -65.62797253149219, -32.823046811411558 ], [ -65.629956114083981, -32.825640553889983 ], [ -65.63027159831023, -32.828112128251874 ], [ -65.629806054836791, -32.840572151404587 ], [ -65.633145023880843, -32.847452875482169 ], [ -65.634873096863899, -32.855870705203678 ], [ -65.634394306247771, -32.858651020843979 ], [ -65.629153658055159, -32.866453241408905 ], [ -65.629584148359513, -32.874055746300535 ], [ -65.630897078071058, -32.875028941301345 ], [ -65.637569367081895, -32.874557032282901 ], [ -65.637613653565964, -32.8807427350023 ], [ -65.636304218421145, -32.881491842596581 ], [ -65.628853860583419, -32.882633131175275 ], [ -65.629310370224658, -32.883996031003782 ], [ -65.635304119264987, -32.886939623460528 ], [ -65.636454586412626, -32.888502889397657 ], [ -65.635752761970977, -32.890254625462475 ], [ -65.631812344713481, -32.893362916118591 ], [ -65.629036748999226, -32.894522394481022 ], [ -65.629075358457555, -32.897439457529522 ], [ -65.624601151472206, -32.90153327366928 ], [ -65.624273816980008, -32.905012786786948 ], [ -65.625373874211263, -32.910940140901253 ], [ -65.62063286598773, -32.917233104391222 ], [ -65.621114635114452, -32.920205603249578 ], [ -65.626826273126369, -32.922738474167446 ], [ -65.626708693893008, -32.926552229541365 ], [ -65.631963736630851, -32.929750743747874 ], [ -65.633955178316455, -32.93687534855448 ], [ -65.638506427587075, -32.931920345278598 ], [ -65.639507926667235, -32.930164962871167 ], [ -65.641878456575711, -32.929608228135969 ], [ -65.642911202687159, -32.927370508027607 ], [ -65.651486567275583, -32.927895147205476 ], [ -65.65582262588471, -32.927064091567054 ], [ -65.658598698225788, -32.928739814965176 ], [ -65.661904083205911, -32.928320501941052 ], [ -65.664771276061501, -32.926430186469275 ], [ -65.668285396723235, -32.927345752219033 ], [ -65.672827403541902, -32.926428992518083 ], [ -65.677540768373674, -32.921720935969432 ], [ -65.701242162324107, -32.923506556638252 ], [ -65.709057953940729, -32.920094088019084 ], [ -65.713449469294432, -32.917529924361503 ], [ -65.718651050831227, -32.916486769097062 ], [ -65.723691749014677, -32.912133856819921 ], [ -65.732506609376955, -32.906458881379635 ], [ -65.743626723792929, -32.894178650069435 ], [ -65.75011911755638, -32.892424481944857 ], [ -65.7584893939013, -32.891715067545384 ], [ -65.766471002198529, -32.890413760477571 ], [ -65.769383745266595, -32.89127126263336 ], [ -65.776980702427565, -32.891988359725744 ], [ -65.783149706124746, -32.891038909476784 ], [ -65.801777224969101, -32.878112516699268 ], [ -65.811024410387361, -32.875002463858152 ], [ -65.817198057643978, -32.873645573099544 ], [ -65.823211863655615, -32.873320590360642 ], [ -65.828321245908228, -32.872376420188246 ], [ -65.840808072556086, -32.868709513053147 ], [ -65.84591964353217, -32.869329065573147 ], [ -65.849219379164708, -32.870433153598626 ], [ -65.853426364440978, -32.870559882399775 ], [ -65.857037059828556, -32.86940538331605 ], [ -65.867846999040708, -32.871491167902803 ], [ -65.868654185632707, -32.871176424918254 ], [ -65.86804652129257, -32.864832360381634 ], [ -65.870160133587959, -32.864284537483641 ], [ -65.863825106128033, -32.851586424359169 ], [ -65.862910854782669, -32.848686468308209 ], [ -65.864548632253559, -32.846461057737415 ], [ -65.862926092773307, -32.842248359336374 ], [ -65.86038064302187, -32.837493591554697 ], [ -65.857784025963582, -32.826480909380443 ], [ -65.852133914281836, -32.818764816010329 ], [ -65.853171671497066, -32.817598333220616 ], [ -65.853347061637976, -32.814839329645238 ], [ -65.850930371075563, -32.813677787822684 ], [ -65.848820869600843, -32.80928396518491 ], [ -65.84879725663582, -32.804311041238073 ], [ -65.845188270913937, -32.795158838713384 ], [ -65.843883453666322, -32.790396213748359 ], [ -65.84150988957461, -32.787931575361377 ], [ -65.840359114567818, -32.780761545719763 ], [ -65.836187502093807, -32.77821334547987 ], [ -65.835382098617998, -32.775056312726754 ], [ -65.831321691026886, -32.776011230476875 ], [ -65.827607596641272, -32.779991721342206 ], [ -65.825428508543396, -32.780795731422906 ], [ -65.825419253219351, -32.782802016111468 ], [ -65.823048810503437, -32.783163881239823 ], [ -65.820863266754372, -32.781803706467102 ], [ -65.816350915042463, -32.782996442135186 ], [ -65.810006753866546, -32.78089051308686 ], [ -65.808833338864986, -32.779292707102087 ], [ -65.812930983797429, -32.776030204730802 ], [ -65.80682528805724, -32.774970449930358 ], [ -65.80668929362966, -32.772458984639151 ], [ -65.803114557014254, -32.772101752066114 ], [ -65.800739071826513, -32.770024068637568 ], [ -65.798057970675032, -32.76981689174324 ], [ -65.796471194076688, -32.767113708514302 ], [ -65.792460732778906, -32.768369521238085 ], [ -65.79045883172553, -32.769835973084817 ], [ -65.790639380645601, -32.765656858148304 ], [ -65.78726587261842, -32.763847759299757 ], [ -65.785461088371207, -32.762117910291281 ], [ -65.783228678424834, -32.757425181487655 ], [ -65.780849343154685, -32.753999055509802 ], [ -65.781349691135119, -32.750118067612455 ], [ -65.779591850795882, -32.750065394540265 ], [ -65.777842347064933, -32.748804419712165 ], [ -65.775767714104944, -32.748503160777233 ], [ -65.769070616105324, -32.751137519383043 ], [ -65.766666242341941, -32.749401782987832 ], [ -65.761720889796806, -32.749252713576375 ], [ -65.76045163304758, -32.747063647144209 ], [ -65.755836127602009, -32.744372152751843 ], [ -65.753260340801958, -32.74208127240248 ], [ -65.75136351090859, -32.743155068440068 ], [ -65.750409099280091, -32.744879947028046 ], [ -65.748804613131824, -32.746305952319702 ], [ -65.745296760029774, -32.745392654524444 ], [ -65.745470143661677, -32.743517449546083 ], [ -65.746634247412331, -32.742185276547808 ], [ -65.745799353253574, -32.741245807173748 ], [ -65.744360621662679, -32.741603565491424 ], [ -65.742906910995799, -32.745315638570702 ], [ -65.740666356092945, -32.746190189948379 ], [ -65.736169520740191, -32.751419736040702 ], [ -65.734251640178243, -32.751361581497171 ], [ -65.734257493959262, -32.750288560275784 ], [ -65.73538175897329, -32.748983460783066 ], [ -65.734750509466863, -32.747755801777714 ], [ -65.733159331118742, -32.747301569572478 ], [ -65.731567908150964, -32.746044795219035 ], [ -65.730782185554403, -32.74387449826007 ], [ -65.727248759149816, -32.745318611723739 ], [ -65.727093484192807, -32.747252440329788 ], [ -65.725333274783665, -32.748001522440624 ], [ -65.721819176966804, -32.748295844702696 ], [ -65.720149636596901, -32.747327299490081 ], [ -65.718215935972083, -32.747241813232705 ], [ -65.71805118131708, -32.749581376987862 ], [ -65.715901179168213, -32.750392568058672 ], [ -65.713825528837148, -32.750464491015173 ], [ -65.712074354417226, -32.750009626070394 ], [ -65.716407277043047, -32.745578589364733 ], [ -65.712749837499231, -32.743180731424225 ], [ -65.711151351848301, -32.743397976797908 ], [ -65.710181105370253, -32.74565451840143 ], [ -65.709220523933141, -32.746563019510241 ], [ -65.707944659401363, -32.745987468013126 ], [ -65.708651346457827, -32.743590566784214 ], [ -65.708122339530377, -32.743034784905888 ], [ -65.703967372399077, -32.743579591895937 ], [ -65.701902581367889, -32.742037284441082 ], [ -65.699665288788196, -32.742640597404545 ], [ -65.697101168617777, -32.7444378449742 ], [ -65.694061329914149, -32.74568834541283 ], [ -65.687045285544926, -32.745842348331351 ], [ -65.68670785975597, -32.74774410911597 ], [ -65.684302105542443, -32.749149244964521 ], [ -65.682926453939942, -32.75117461378143 ], [ -65.683324193151975, -32.75260933365837 ], [ -65.685548016529907, -32.75442285549957 ], [ -65.685060952626316, -32.755616393810378 ], [ -65.681622766356995, -32.755449907595256 ], [ -65.674682265477799, -32.757357225598668 ], [ -65.672440741109682, -32.757504676635293 ], [ -65.670192080100776, -32.759586227331177 ], [ -65.665713011440218, -32.760922408181322 ], [ -65.6624742333142, -32.759480015160285 ], [ -65.660783260571819, -32.757947058759036 ], [ -65.658705868080787, -32.758419322021709 ], [ -65.656260775887446, -32.766401741214224 ], [ -65.646655820444678, -32.770396619958646 ], [ -65.642308622502327, -32.775898195025611 ], [ -65.638212613019419, -32.777225460531994 ], [ -65.633356059721436, -32.777229375203746 ], [ -65.616494997029307, -32.775817325559785 ] ] ] } },
{ "type": "Feature", "properties": { "codigo_indec": "740630402" }, "geometry": { "type": "Polygon", "coordinates": [ [ [ -65.806582869904574, -32.561992195767388 ], [ -65.80807273161831, -32.558658047735904 ], [ -65.806682260458643, -32.556608970598212 ], [ -65.804230203077125, -32.558043449230873 ], [ -65.795416620483309, -32.555657843321903 ], [ -65.788478767591556, -32.552693167906384 ], [ -65.783627892958222, -32.553158326125853 ], [ -65.775785502214447, -32.55988507660166 ], [ -65.778567071009718, -32.563221926459555 ], [ -65.778932057640958, -32.565278529192121 ], [ -65.775942664080105, -32.568411279433626 ], [ -65.776116990253769, -32.570039223899876 ], [ -65.775576662888355, -32.572130287640199 ], [ -65.776030570203005, -32.576959890558534 ], [ -65.775214201460642, -32.579753811154148 ], [ -65.773365627643642, -32.58216713939165 ], [ -65.772646828930434, -32.5863408692287 ], [ -65.77353059117786, -32.587510210104028 ], [ -65.773673532410257, -32.589967690988452 ], [ -65.76835645428973, -32.591770484369121 ], [ -65.767096913904354, -32.593819597599207 ], [ -65.766965429186129, -32.596263048208975 ], [ -65.766331653286741, -32.597276319573695 ], [ -65.765139809659061, -32.597828662330969 ], [ -65.762030624235038, -32.597326859166522 ], [ -65.759602005239728, -32.598278071188069 ], [ -65.758922883161745, -32.599282200494343 ], [ -65.759303937628175, -32.602186505671234 ], [ -65.758563696934885, -32.603127394042204 ], [ -65.757010826338686, -32.603196538480077 ], [ -65.755351108538619, -32.60436105844785 ], [ -65.751072908805398, -32.604699820066678 ], [ -65.748722138555692, -32.606273167808745 ], [ -65.748855574435396, -32.608085911959002 ], [ -65.747469709975945, -32.610301388529066 ], [ -65.747534203538535, -32.611996769434413 ], [ -65.746421603055822, -32.614564456033072 ], [ -65.74641485487949, -32.616958532108363 ], [ -65.743993270845891, -32.618937421795721 ], [ -65.739503851065209, -32.62021315273951 ], [ -65.737252702583277, -32.623950632508738 ], [ -65.735970378051022, -32.624290599390513 ], [ -65.733364210232267, -32.623689953131489 ], [ -65.72637331450899, -32.625735361414179 ], [ -65.723759562388238, -32.626744081390086 ], [ -65.719376479722115, -32.630435948483694 ], [ -65.711951860052338, -32.632885355260939 ], [ -65.710735614040729, -32.639943063016517 ], [ -65.707952586811444, -32.640387482174525 ], [ -65.706754944601144, -32.641615543590142 ], [ -65.706750192854983, -32.643071816152876 ], [ -65.703952656764883, -32.647884960324433 ], [ -65.704344514321377, -32.649454881218787 ], [ -65.675941887488804, -32.662838444132142 ], [ -65.674211348721769, -32.665300166301222 ], [ -65.664394239593577, -32.667853213049376 ], [ -65.654323519263016, -32.667600447690489 ], [ -65.65431100294397, -32.670851106014261 ], [ -65.651919097921237, -32.67252619705809 ], [ -65.65032142121494, -32.674875236584498 ], [ -65.649645499623105, -32.678011324979565 ], [ -65.648005803993996, -32.678800246151717 ], [ -65.644319172804032, -32.678190208504233 ], [ -65.64094973477016, -32.678924527574459 ], [ -65.626996746602046, -32.69089015203847 ], [ -65.620054955501843, -32.68394415756535 ], [ -65.618660558544022, -32.701563907035279 ], [ -65.614582111782724, -32.736718092140606 ], [ -65.614505932357744, -32.754409314181302 ], [ -65.61560111905635, -32.76401581840323 ], [ -65.61444976462414, -32.767443258362221 ], [ -65.61424476903062, -32.770431769029102 ], [ -65.616494997029307, -32.775817325559785 ], [ -65.633356059721436, -32.777229375203746 ], [ -65.638212613019419, -32.777225460531994 ], [ -65.642308622502327, -32.775898195025611 ], [ -65.646655820444678, -32.770396619958646 ], [ -65.656260775887446, -32.766401741214224 ], [ -65.658705868080787, -32.758419322021709 ], [ -65.660783260571819, -32.757947058759036 ], [ -65.6624742333142, -32.759480015160285 ], [ -65.665713011440218, -32.760922408181322 ], [ -65.670192080100776, -32.759586227331177 ], [ -65.672440741109682, -32.757504676635293 ], [ -65.674682265477799, -32.757357225598668 ], [ -65.681622766356995, -32.755449907595256 ], [ -65.685060952626316, -32.755616393810378 ], [ -65.685548016529907, -32.75442285549957 ], [ -65.683324193151975, -32.75260933365837 ], [ -65.682926453939942, -32.75117461378143 ], [ -65.684302105542443, -32.749149244964521 ], [ -65.68670785975597, -32.74774410911597 ], [ -65.687045285544926, -32.745842348331351 ], [ -65.694061329914149, -32.74568834541283 ], [ -65.697101168617777, -32.7444378449742 ], [ -65.699665288788196, -32.742640597404545 ], [ -65.701902581367889, -32.742037284441082 ], [ -65.703967372399077, -32.743579591895937 ], [ -65.708122339530377, -32.743034784905888 ], [ -65.708651346457827, -32.743590566784214 ], [ -65.707944659401363, -32.745987468013126 ], [ -65.709220523933141, -32.746563019510241 ], [ -65.710181105370253, -32.74565451840143 ], [ -65.711151351848301, -32.743397976797908 ], [ -65.712749837499231, -32.743180731424225 ], [ -65.716407277043047, -32.745578589364733 ], [ -65.712074354417226, -32.750009626070394 ], [ -65.715901179168213, -32.750392568058672 ], [ -65.71805118131708, -32.749581376987862 ], [ -65.718215935972083, -32.747241813232705 ], [ -65.720149636596901, -32.747327299490081 ], [ -65.721819176966804, -32.748295844702696 ], [ -65.725333274783665, -32.748001522440624 ], [ -65.727093484192807, -32.747252440329788 ], [ -65.727248759149816, -32.745318611723739 ], [ -65.730782185554403, -32.74387449826007 ], [ -65.731567908150964, -32.746044795219035 ], [ -65.733159331118742, -32.747301569572478 ], [ -65.734750509466863, -32.747755801777714 ], [ -65.73538175897329, -32.748983460783066 ], [ -65.734257493959262, -32.750288560275784 ], [ -65.734251640178243, -32.751361581497171 ], [ -65.736169520740191, -32.751419736040702 ], [ -65.740666356092945, -32.746190189948379 ], [ -65.742906910995799, -32.745315638570702 ], [ -65.744360621662679, -32.741603565491424 ], [ -65.745799353253574, -32.741245807173748 ], [ -65.746634247412331, -32.742185276547808 ], [ -65.745470143661677, -32.743517449546083 ], [ -65.745296760029774, -32.745392654524444 ], [ -65.748804613131824, -32.746305952319702 ], [ -65.750409099280091, -32.744879947028046 ], [ -65.75136351090859, -32.743155068440068 ], [ -65.753260340801958, -32.74208127240248 ], [ -65.755836127602009, -32.744372152751843 ], [ -65.76045163304758, -32.747063647144209 ], [ -65.761720889796806, -32.749252713576375 ], [ -65.766666242341941, -32.749401782987832 ], [ -65.769070616105324, -32.751137519383043 ], [ -65.775767714104944, -32.748503160777233 ], [ -65.777842347064933, -32.748804419712165 ], [ -65.779591850795882, -32.750065394540265 ], [ -65.781349691135119, -32.750118067612455 ], [ -65.780849343154685, -32.753999055509802 ], [ -65.783228678424834, -32.757425181487655 ], [ -65.785461088371207, -32.762117910291281 ], [ -65.78726587261842, -32.763847759299757 ], [ -65.790639380645601, -32.765656858148304 ], [ -65.79045883172553, -32.769835973084817 ], [ -65.792460732778906, -32.768369521238085 ], [ -65.796471194076688, -32.767113708514302 ], [ -65.798057970675032, -32.76981689174324 ], [ -65.800739071826513, -32.770024068637568 ], [ -65.803114557014254, -32.772101752066114 ], [ -65.80668929362966, -32.772458984639151 ], [ -65.80682528805724, -32.774970449930358 ], [ -65.812930983797429, -32.776030204730802 ], [ -65.808833338864986, -32.779292707102087 ], [ -65.810006753866546, -32.78089051308686 ], [ -65.816350915042463, -32.782996442135186 ], [ -65.820863266754372, -32.781803706467102 ], [ -65.823048810503437, -32.783163881239823 ], [ -65.825419253219351, -32.782802016111468 ], [ -65.825428508543396, -32.780795731422906 ], [ -65.827607596641272, -32.779991721342206 ], [ -65.831321691026886, -32.776011230476875 ], [ -65.835382098617998, -32.775056312726754 ], [ -65.836187502093807, -32.77821334547987 ], [ -65.840359114567818, -32.780761545719763 ], [ -65.840621500056812, -32.780274957900176 ], [ -65.838656315221371, -32.770556539057758 ], [ -65.839898156473339, -32.755030689405679 ], [ -65.841249690480467, -32.751100947807743 ], [ -65.840775025139266, -32.746501615357644 ], [ -65.840959476438442, -32.743278227736702 ], [ -65.839935596375128, -32.741554653125782 ], [ -65.839689307599798, -32.737582292024491 ], [ -65.839301908031189, -32.7379424813615 ], [ -65.836501795737732, -32.736194045037195 ], [ -65.833997280797036, -32.736190753548449 ], [ -65.833413160432315, -32.733322529090785 ], [ -65.831206019975383, -32.729829943124663 ], [ -65.822666884453568, -32.724087759312617 ], [ -65.818844699599737, -32.719095809563377 ], [ -65.818039932996228, -32.714870105069537 ], [ -65.816840278700653, -32.712109106318628 ], [ -65.817100713566333, -32.711234821215285 ], [ -65.820768058304992, -32.709432173593676 ], [ -65.825456744528083, -32.702013141204169 ], [ -65.825460939407208, -32.699858040017382 ], [ -65.826460854648431, -32.695666434549821 ], [ -65.828309478696241, -32.692319090539378 ], [ -65.827759350895505, -32.683093737037161 ], [ -65.82564750963175, -32.677941991126943 ], [ -65.823243810494844, -32.674944911382134 ], [ -65.821694592320156, -32.671232132090822 ], [ -65.817600272864709, -32.666199142616449 ], [ -65.816340301037826, -32.659371256512628 ], [ -65.813086498458134, -32.658049935741403 ], [ -65.810117038728933, -32.655890357224131 ], [ -65.808424401512241, -32.65361093036168 ], [ -65.807015595070993, -32.650732269450678 ], [ -65.807024852515696, -32.646422035523521 ], [ -65.803620352890647, -32.63996039605653 ], [ -65.802414289001305, -32.635918766941522 ], [ -65.80224676718052, -32.633348579973777 ], [ -65.801296567161856, -32.631732987260158 ], [ -65.802518816896722, -32.628357943649647 ], [ -65.802092829419109, -32.624610590600888 ], [ -65.802358409287237, -32.622555066637929 ], [ -65.803489703409554, -32.62050089897204 ], [ -65.802368741653225, -32.617852563415667 ], [ -65.803154018943701, -32.615653575335799 ], [ -65.804717304386628, -32.614551396021625 ], [ -65.803601181997308, -32.60970285315728 ], [ -65.808765094636385, -32.602438354801777 ], [ -65.808175229258467, -32.601792716933865 ], [ -65.811315724376271, -32.583740256303848 ], [ -65.813493761052939, -32.57604719470897 ], [ -65.813197987821965, -32.573594032746378 ], [ -65.8109270706628, -32.572274101731594 ], [ -65.810166329155919, -32.570681389767678 ], [ -65.809484764045095, -32.568169021054644 ], [ -65.809329044599195, -32.565012704104603 ], [ -65.806582869904574, -32.561992195767388 ] ] ] } },
{ "type": "Feature", "properties": { "codigo_indec": "740351304" }, "geometry": { "type": "Polygon", "coordinates": [ [ [ -65.505220014861877, -33.688570870351043 ], [ -65.503620430790008, -33.687757555246172 ], [ -65.50343483708113, -33.687211363380847 ], [ -65.501399665394331, -33.687599856133865 ], [ -65.501714029132103, -33.688723571065353 ], [ -65.502617010203451, -33.689236592618371 ], [ -65.503078726228125, -33.690996499179832 ], [ -65.502382211081667, -33.691146961799085 ], [ -65.502999043770473, -33.693597188512683 ], [ -65.503735915900549, -33.692527290275052 ], [ -65.505510178479057, -33.693458506141276 ], [ -65.506265660513222, -33.69242923745675 ], [ -65.50760970032654, -33.692209210075823 ], [ -65.506486400737487, -33.688246863940194 ], [ -65.505220014861877, -33.688570870351043 ] ] ] } },
{ "type": "Feature", "properties": { "codigo_indec": "740210405" }, "geometry": { "type": "Polygon", "coordinates": [ [ [ -65.781345008652437, -33.503199148872341 ], [ -65.782693020177348, -33.505324791375877 ], [ -65.787976438460348, -33.502367676823361 ], [ -65.792233541901126, -33.508803305542045 ], [ -65.800124675637164, -33.504393933463824 ], [ -65.796698896287225, -33.498947191893066 ], [ -65.79774168133666, -33.498254664588949 ], [ -65.7958064298831, -33.495195057622787 ], [ -65.792471482688299, -33.49591530745802 ], [ -65.789134141969271, -33.497600177858985 ], [ -65.787464008881201, -33.499571833213786 ], [ -65.781345008652437, -33.503199148872341 ] ] ] } },
{ "type": "Feature", "properties": { "codigo_indec": "740630302" }, "geometry": { "type": "Polygon", "coordinates": [ [ [ -65.641690230262284, -32.533221189108509 ], [ -65.640839921298536, -32.540256815169862 ], [ -65.644276418560523, -32.542795951935794 ], [ -65.646496715069418, -32.542635392248016 ], [ -65.64543869599558, -32.540964202359014 ], [ -65.646248796888258, -32.537986246110862 ], [ -65.646174791905068, -32.536498172840112 ], [ -65.649136374570332, -32.535239530346139 ], [ -65.646701470232017, -32.531125301514336 ], [ -65.641690230262284, -32.533221189108509 ] ] ] } },
{ "type": "Feature", "properties": { "codigo_indec": "740561410" }, "geometry": { "type": "Polygon", "coordinates": [ [ [ -66.327569715562888, -33.302124828596412 ], [ -66.326881527588938, -33.303294248008271 ], [ -66.334551899889092, -33.305018482525888 ], [ -66.334819710112001, -33.303448930692177 ], [ -66.330222103960907, -33.302915748779562 ], [ -66.327569715562888, -33.302124828596412 ] ] ] } },
{ "type": "Feature", "properties": { "codigo_indec": "740561409" }, "geometry": { "type": "Polygon", "coordinates": [ [ [ -66.327569715562888, -33.302124828596412 ], [ -66.322820910006556, -33.299865153780623 ], [ -66.321691080726652, -33.305778251284792 ], [ -66.325366814259695, -33.30815348385461 ], [ -66.32619510036082, -33.304941521135568 ], [ -66.327569715562888, -33.302124828596412 ] ] ] } },
{ "type": "Feature", "properties": { "codigo_indec": "740560718" }, "geometry": { "type": "Polygon", "coordinates": [ [ [ -66.317099719203227, -33.28175713432239 ], [ -66.316945766375412, -33.282970220039147 ], [ -66.322319596513836, -33.283249431959888 ], [ -66.322507998290078, -33.281937071179044 ], [ -66.317099719203227, -33.28175713432239 ] ] ] } },
{ "type": "Feature", "properties": { "codigo_indec": "740561404" }, "geometry": { "type": "Polygon", "coordinates": [ [ [ -66.333429987627824, -33.299417885586244 ], [ -66.328413700496284, -33.298840676858859 ], [ -66.327569715562888, -33.302124828596412 ], [ -66.332561156298894, -33.303179999255512 ], [ -66.333429987627824, -33.299417885586244 ] ] ] } },
{ "type": "Feature", "properties": { "codigo_indec": "740561312" }, "geometry": { "type": "Polygon", "coordinates": [ [ [ -66.331471055994513, -33.310206582259717 ], [ -66.331529819590017, -33.310837563651617 ], [ -66.330946854351666, -33.311438698942126 ], [ -66.336688426198464, -33.314732238847995 ], [ -66.336616112763764, -33.314078756511648 ], [ -66.337328323962069, -33.314279690600813 ], [ -66.338178951906059, -33.312086428726246 ], [ -66.331471055994513, -33.310206582259717 ] ] ] } },
{ "type": "Feature", "properties": { "codigo_indec": "740561311" }, "geometry": { "type": "Polygon", "coordinates": [ [ [ -66.338178951906059, -33.312086428726246 ], [ -66.337328323962069, -33.314279690600813 ], [ -66.336616112763764, -33.314078756511648 ], [ -66.336688426198464, -33.314732238847995 ], [ -66.335824834945868, -33.314261222796745 ], [ -66.335123136747967, -33.315403673285587 ], [ -66.342640788685003, -33.318953602089096 ], [ -66.343709940050573, -33.317052729456222 ], [ -66.344457662051653, -33.313985134525595 ], [ -66.338178951906059, -33.312086428726246 ] ] ] } },
{ "type": "Feature", "properties": { "codigo_indec": "740561119" }, "geometry": { "type": "Polygon", "coordinates": [ [ [ -66.350854950656498, -33.301182182600897 ], [ -66.353970928820559, -33.301732354624242 ], [ -66.354375745629426, -33.30094227777262 ], [ -66.354258391798425, -33.300464750309487 ], [ -66.353277634031471, -33.300215086777676 ], [ -66.353113565953535, -33.299467202921399 ], [ -66.351396615660832, -33.29903478056324 ], [ -66.350854950656498, -33.301182182600897 ] ] ] } },
{ "type": "Feature", "properties": { "codigo_indec": "740561105" }, "geometry": { "type": "Polygon", "coordinates": [ [ [ -66.340444900879106, -33.287939173934319 ], [ -66.340151054472329, -33.290369867847978 ], [ -66.338532114490604, -33.290234535429526 ], [ -66.33894236984807, -33.291522746140771 ], [ -66.338547562565154, -33.292844707697299 ], [ -66.342389777868121, -33.293199341851896 ], [ -66.34306778777902, -33.2881303205846 ], [ -66.340444900879106, -33.287939173934319 ] ] ] } },
{ "type": "Feature", "properties": { "codigo_indec": "740561104" }, "geometry": { "type": "Polygon", "coordinates": [ [ [ -66.348508851860615, -33.291045475860159 ], [ -66.342752665585266, -33.290592636028954 ], [ -66.342389777868121, -33.293199341851896 ], [ -66.348624497494015, -33.293804133017915 ], [ -66.347792560564272, -33.293157291812022 ], [ -66.348508851860615, -33.291045475860159 ] ] ] } },
{ "type": "Feature", "properties": { "codigo_indec": "740561103" }, "geometry": { "type": "Polygon", "coordinates": [ [ [ -66.34306778777902, -33.2881303205846 ], [ -66.342752665585266, -33.290592636028954 ], [ -66.348508851860615, -33.291045475860159 ], [ -66.347893516144993, -33.290190652912486 ], [ -66.34809081652152, -33.288508563547559 ], [ -66.34306778777902, -33.2881303205846 ] ] ] } },
{ "type": "Feature", "properties": { "codigo_indec": "740561101" }, "geometry": { "type": "Polygon", "coordinates": [ [ [ -66.353121883853149, -33.288873056066102 ], [ -66.352114867061317, -33.292743897187385 ], [ -66.356501832805918, -33.293060485266956 ], [ -66.360424104298332, -33.289366023876738 ], [ -66.353121883853149, -33.288873056066102 ] ] ] } },
{ "type": "Feature", "properties": { "codigo_indec": "740560916" }, "geometry": { "type": "Polygon", "coordinates": [ [ [ -66.289194749762984, -33.287442347361932 ], [ -66.293955421477847, -33.299301135309875 ], [ -66.300513896546519, -33.298005136364658 ], [ -66.300756252095411, -33.297450048335911 ], [ -66.300383832004144, -33.29686489020434 ], [ -66.301577398730956, -33.295829634378272 ], [ -66.302052959341481, -33.291293283427173 ], [ -66.295931106989741, -33.288995328774377 ], [ -66.295820887169157, -33.290532870623075 ], [ -66.289194749762984, -33.287442347361932 ] ] ] } },
{ "type": "Feature", "properties": { "codigo_indec": "740560908" }, "geometry": { "type": "Polygon", "coordinates": [ [ [ -66.296661207360174, -33.276325670071579 ], [ -66.296470459428022, -33.279436755136494 ], [ -66.299237703587679, -33.281138716418155 ], [ -66.300459309157063, -33.279729224801848 ], [ -66.298525704377994, -33.27853020498425 ], [ -66.298737108448435, -33.275202675191352 ], [ -66.297381823140384, -33.275165351039377 ], [ -66.297334902252814, -33.276364634055327 ], [ -66.296661207360174, -33.276325670071579 ] ] ] } },
{ "type": "Feature", "properties": { "codigo_indec": "740561117" }, "geometry": { "type": "Polygon", "coordinates": [ [ [ -66.341051004839684, -33.30299920444012 ], [ -66.345362219917604, -33.303726631382219 ], [ -66.346043224541233, -33.30147968674153 ], [ -66.343104974805527, -33.301059561026499 ], [ -66.342816254899333, -33.302047639204936 ], [ -66.34138990582899, -33.301794602144078 ], [ -66.341051004839684, -33.30299920444012 ] ] ] } },
{ "type": "Feature", "properties": { "codigo_indec": "740560613" }, "geometry": { "type": "Polygon", "coordinates": [ [ [ -66.352365382939283, -33.287626447658234 ], [ -66.352550860099257, -33.285696436476861 ], [ -66.351817920229436, -33.285630890973707 ], [ -66.352149506859703, -33.283326290053651 ], [ -66.350523313648864, -33.283362443349233 ], [ -66.350024059948893, -33.287376098785899 ], [ -66.352365382939283, -33.287626447658234 ] ] ] } },
{ "type": "Feature", "properties": { "codigo_indec": "740560601" }, "geometry": { "type": "Polygon", "coordinates": [ [ [ -66.344124604618202, -33.25992438873201 ], [ -66.344418766513911, -33.280183230370888 ], [ -66.352439603897054, -33.282054170720151 ], [ -66.354233444592879, -33.283000290593876 ], [ -66.355017973971073, -33.283881648857395 ], [ -66.355704619946636, -33.286431295125951 ], [ -66.355672213061695, -33.289028077481412 ], [ -66.359250861819859, -33.289274749540574 ], [ -66.354973425051824, -33.259609878144502 ], [ -66.352333075627556, -33.259540748599242 ], [ -66.352214781921205, -33.256137419893484 ], [ -66.344124604618202, -33.25992438873201 ] ] ] } },
{ "type": "Feature", "properties": { "codigo_indec": "740490207" }, "geometry": { "type": "Polygon", "coordinates": [ [ [ -65.183284944333749, -32.339942333664865 ], [ -65.184560762990614, -32.347800164512641 ], [ -65.198414961193322, -32.346635557396311 ], [ -65.201014632217436, -32.347260720602904 ], [ -65.19886086197846, -32.342143249295702 ], [ -65.19671415062119, -32.342264857983871 ], [ -65.195694168716599, -32.337492696274509 ], [ -65.191015026254149, -32.339329366862138 ], [ -65.183284944333749, -32.339942333664865 ] ] ] } },
{ "type": "Feature", "properties": { "codigo_indec": "740490205" }, "geometry": { "type": "Polygon", "coordinates": [ [ [ -65.205413982839787, -32.334619140571419 ], [ -65.205780824643966, -32.336699950144904 ], [ -65.204672507182849, -32.336819211039014 ], [ -65.205605833965691, -32.342140817379935 ], [ -65.208949714478692, -32.34176506689289 ], [ -65.208069156089152, -32.336155259089331 ], [ -65.21289911301163, -32.335549760731382 ], [ -65.21280445832889, -32.334214600863817 ], [ -65.205413982839787, -32.334619140571419 ] ] ] } },
{ "type": "Feature", "properties": { "codigo_indec": "740420305" }, "geometry": { "type": "Polygon", "coordinates": [ [ [ -65.395327123897857, -35.119067098470524 ], [ -65.382399050876089, -35.117600320210379 ], [ -65.37873469026637, -35.124882507886987 ], [ -65.376483238731808, -35.124122828591666 ], [ -65.375273591108581, -35.126653890173188 ], [ -65.377289950574877, -35.127317742910947 ], [ -65.374311980576309, -35.133323395383243 ], [ -65.385260315949495, -35.137192117884034 ], [ -65.389448462606694, -35.128452205410575 ], [ -65.391319218490992, -35.127325917878743 ], [ -65.395327123897857, -35.119067098470524 ] ] ] } },
{ "type": "Feature", "properties": { "codigo_indec": "740420302" }, "geometry": { "type": "Polygon", "coordinates": [ [ [ -65.570883338059801, -35.133854356575007 ], [ -65.561447188185085, -35.133879165604121 ], [ -65.561591712055105, -35.146318368536889 ], [ -65.572538400866108, -35.146253824071714 ], [ -65.572527162201283, -35.144730497400289 ], [ -65.571155207072678, -35.144779730951598 ], [ -65.570883338059801, -35.133854356575007 ] ] ] } },
{ "type": "Feature", "properties": { "codigo_indec": "740350304" }, "geometry": { "type": "Polygon", "coordinates": [ [ [ -65.092910903191452, -33.145149102899829 ], [ -65.092540530122648, -33.143126798017441 ], [ -65.085468522979667, -33.142214038110524 ], [ -65.086397299551649, -33.138168115730011 ], [ -65.084545928223903, -33.137915597111466 ], [ -65.080635800048853, -33.145482859983126 ], [ -65.081138831770531, -33.145806643097352 ], [ -65.085588654986452, -33.145613988343364 ], [ -65.086071564608801, -33.146329804057309 ], [ -65.087813262050943, -33.147099923723033 ], [ -65.092910903191452, -33.145149102899829 ] ] ] } },
{ "type": "Feature", "properties": { "codigo_indec": "740280311" }, "geometry": { "type": "Polygon", "coordinates": [ [ [ -65.379929209182691, -32.912817459781373 ], [ -65.377735041517198, -32.913212307356332 ], [ -65.373336702709267, -32.915034245166126 ], [ -65.375929962902518, -32.919853103137413 ], [ -65.374783063149138, -32.920280171535268 ], [ -65.377041348166031, -32.924493211783386 ], [ -65.384346279081214, -32.921765799621625 ], [ -65.379929209182691, -32.912817459781373 ] ] ] } },
{ "type": "Feature", "properties": { "codigo_indec": "740560308" }, "geometry": { "type": "Polygon", "coordinates": [ [ [ -66.304310866389997, -33.170680112060737 ], [ -66.297370699472751, -33.171210818878983 ], [ -66.29780537220303, -33.173725375465679 ], [ -66.293705150584117, -33.17395601834329 ], [ -66.291194100424534, -33.17329018912065 ], [ -66.290989486047465, -33.173827147547421 ], [ -66.294738421758169, -33.174350301372925 ], [ -66.303103690445923, -33.173491686820334 ], [ -66.306179265082093, -33.173831295822943 ], [ -66.306294659832716, -33.172329770194033 ], [ -66.304176724236214, -33.172195206856827 ], [ -66.304310866389997, -33.170680112060737 ] ] ] } },
{ "type": "Feature", "properties": { "codigo_indec": "740490413" }, "geometry": { "type": "Polygon", "coordinates": [ [ [ -65.007709103126743, -32.344418379145829 ], [ -65.007836599939154, -32.345145261039626 ], [ -65.004509648444213, -32.345592447796271 ], [ -65.004826955706363, -32.351537234780515 ], [ -65.007082884073938, -32.351424266291033 ], [ -65.00708870872289, -32.350161915171086 ], [ -65.00926095578123, -32.350169979653352 ], [ -65.009245321167285, -32.350629730183421 ], [ -65.01611645107559, -32.350548259686128 ], [ -65.01623822346393, -32.348376080286911 ], [ -65.016731351401617, -32.347960628590513 ], [ -65.016105003051791, -32.347680721734996 ], [ -65.016101645190687, -32.344556257130556 ], [ -65.012370194470321, -32.344599233753165 ], [ -65.012346070045098, -32.343886691083405 ], [ -65.007709103126743, -32.344418379145829 ] ] ] } },
{ "type": "Feature", "properties": { "codigo_indec": "740490408" }, "geometry": { "type": "Polygon", "coordinates": [ [ [ -65.007225338761842, -32.341786078675611 ], [ -65.007709103126743, -32.344418379145829 ], [ -65.012346070045098, -32.343886691083405 ], [ -65.012370194470321, -32.344599233753165 ], [ -65.016101645190687, -32.344556257130556 ], [ -65.015932531986877, -32.342025629603597 ], [ -65.014484174000842, -32.34213154548636 ], [ -65.014539167254142, -32.340977780831899 ], [ -65.013015990437282, -32.341128181253055 ], [ -65.011216153338509, -32.342056377471835 ], [ -65.007225338761842, -32.341786078675611 ] ] ] } },
{ "type": "Feature", "properties": { "codigo_indec": "740490406" }, "geometry": { "type": "Polygon", "coordinates": [ [ [ -65.014809243695652, -32.336638134115418 ], [ -65.014484174000842, -32.34213154548636 ], [ -65.015932531986877, -32.342025629603597 ], [ -65.016043741764221, -32.343036417139842 ], [ -65.028759712948954, -32.343630907584405 ], [ -65.02805931841074, -32.339098899270347 ], [ -65.024739492366308, -32.338910969192348 ], [ -65.024400851317623, -32.338547664451362 ], [ -65.023264640384852, -32.339016781848038 ], [ -65.022457272164345, -32.338289155743588 ], [ -65.019648241596244, -32.338014877564682 ], [ -65.018068039032016, -32.336812323710575 ], [ -65.01667813240968, -32.336431794606654 ], [ -65.014809243695652, -32.336638134115418 ] ] ] } },
{ "type": "Feature", "properties": { "codigo_indec": "740210401" }, "geometry": { "type": "Polygon", "coordinates": [ [ [ -65.844505411479517, -33.199104356664868 ], [ -65.852461321200565, -33.204974744278481 ], [ -65.861367953610497, -33.207189509019088 ], [ -65.862869144299367, -33.200568579159274 ], [ -65.851795253678247, -33.196074699473307 ], [ -65.844248348050684, -33.195889663478958 ], [ -65.844505411479517, -33.199104356664868 ] ] ] } },
{ "type": "Feature", "properties": { "codigo_indec": "740070414" }, "geometry": { "type": "Polygon", "coordinates": [ [ [ -65.94755735880679, -32.37859172757183 ], [ -65.933640715354144, -32.372710161520317 ], [ -65.937632393653047, -32.36648098542652 ], [ -65.941101449118904, -32.362523890618085 ], [ -65.932810199657624, -32.357036991049995 ], [ -65.930696748815805, -32.359529239012566 ], [ -65.928376721330366, -32.361106038201136 ], [ -65.928328323643271, -32.361849969811587 ], [ -65.92583809813506, -32.363548363515228 ], [ -65.925247970251135, -32.367317405427507 ], [ -65.923976682672645, -32.369178795542908 ], [ -65.922951003792789, -32.372677029803341 ], [ -65.920457143544965, -32.375038110235344 ], [ -65.921667991354752, -32.378749636784271 ], [ -65.921482649476189, -32.381098621695564 ], [ -65.920266717575458, -32.38314937529146 ], [ -65.91705175865107, -32.386307988007253 ], [ -65.916385984733225, -32.390874985991644 ], [ -65.919281304581062, -32.391819216848361 ], [ -65.919522004799262, -32.393050278745022 ], [ -65.923363021655746, -32.394396300784656 ], [ -65.924521850680421, -32.39081699644818 ], [ -65.923366235446935, -32.390590858122152 ], [ -65.925854336112948, -32.382701902507122 ], [ -65.933529692911918, -32.379216348921737 ], [ -65.94400487964964, -32.379424333672027 ], [ -65.947177127407883, -32.379155172758622 ], [ -65.94755735880679, -32.37859172757183 ] ] ] } },
{ "type": "Feature", "properties": { "codigo_indec": "740351605" }, "geometry": { "type": "Polygon", "coordinates": [ [ [ -65.189368144192528, -33.85272989363515 ], [ -65.187142400159146, -33.853855657100176 ], [ -65.190877259758196, -33.858843085714092 ], [ -65.193111402857966, -33.857694773373517 ], [ -65.189368144192528, -33.85272989363515 ] ] ] } },
{ "type": "Feature", "properties": { "codigo_indec": "740351407" }, "geometry": { "type": "Polygon", "coordinates": [ [ [ -65.42690852596705, -33.700687506887689 ], [ -65.428187635160754, -33.705025417236797 ], [ -65.432622950660758, -33.703918921009894 ], [ -65.432126812672138, -33.702271298693148 ], [ -65.430536679788517, -33.702953670601296 ], [ -65.430429183880392, -33.702488872889894 ], [ -65.42888266286883, -33.702283390338465 ], [ -65.428318138215033, -33.70038750821459 ], [ -65.42690852596705, -33.700687506887689 ] ] ] } },
{ "type": "Feature", "properties": { "codigo_indec": "740351301" }, "geometry": { "type": "Polygon", "coordinates": [ [ [ -65.499956664712272, -33.678844343024913 ], [ -65.500818830160341, -33.683134768815826 ], [ -65.501939100520616, -33.682891358889343 ], [ -65.502813946450203, -33.683598102138866 ], [ -65.505089091154289, -33.683188007538099 ], [ -65.503151970385332, -33.67686026366237 ], [ -65.499956664712272, -33.678844343024913 ] ] ] } },
{ "type": "Feature", "properties": { "codigo_indec": "740351215" }, "geometry": { "type": "Polygon", "coordinates": [ [ [ -65.451559269323255, -33.695845329795063 ], [ -65.453290234647724, -33.701830340828693 ], [ -65.45642662627759, -33.700086139993829 ], [ -65.456502894907743, -33.700393005762677 ], [ -65.457514057162058, -33.699973717032677 ], [ -65.458263403633367, -33.70002208317463 ], [ -65.460268817707387, -33.70145081704797 ], [ -65.461441538341759, -33.701501012919401 ], [ -65.458941453386856, -33.694237038983154 ], [ -65.451559269323255, -33.695845329795063 ] ] ] } },
{ "type": "Feature", "properties": { "codigo_indec": "740351206" }, "geometry": { "type": "Polygon", "coordinates": [ [ [ -65.447249716556499, -33.689204165930555 ], [ -65.444101372053751, -33.68990678224224 ], [ -65.445100282405789, -33.693481450050875 ], [ -65.453662352751607, -33.691608298742359 ], [ -65.453131970790452, -33.68978029207647 ], [ -65.44779669536473, -33.690946623246212 ], [ -65.447249716556499, -33.689204165930555 ] ] ] } },
{ "type": "Feature", "properties": { "codigo_indec": "740351102" }, "geometry": { "type": "Polygon", "coordinates": [ [ [ -65.490161881168163, -33.67527018878306 ], [ -65.485637872736575, -33.676247671932821 ], [ -65.48616099250232, -33.678039453548564 ], [ -65.481920266652153, -33.678950359406009 ], [ -65.482189867181916, -33.679848545461645 ], [ -65.47897479333534, -33.680542759593948 ], [ -65.479506023028819, -33.682312062661886 ], [ -65.478399179590113, -33.682555325610515 ], [ -65.478695795785171, -33.683440109217379 ], [ -65.487184129529084, -33.681438092460127 ], [ -65.487017337223804, -33.680923508744719 ], [ -65.489264113948181, -33.678016254363619 ], [ -65.490161881168163, -33.67527018878306 ] ] ] } },
{ "type": "Feature", "properties": { "codigo_indec": "740351020" }, "geometry": { "type": "Polygon", "coordinates": [ [ [ -65.49010873664254, -33.666916964449875 ], [ -65.490294132555604, -33.675243687342395 ], [ -65.501196048525571, -33.672903527347003 ], [ -65.502946261354793, -33.666694277926354 ], [ -65.49010873664254, -33.666916964449875 ] ] ] } },
{ "type": "Feature", "properties": { "codigo_indec": "740351012" }, "geometry": { "type": "Polygon", "coordinates": [ [ [ -65.468589125236477, -33.67233938475718 ], [ -65.464156970245142, -33.673271398223555 ], [ -65.464921993824603, -33.67597489588308 ], [ -65.466036987677086, -33.675713757089483 ], [ -65.465799749380437, -33.674842722966069 ], [ -65.469087800392828, -33.674099577908493 ], [ -65.468589125236477, -33.67233938475718 ] ] ] } },
{ "type": "Feature", "properties": { "codigo_indec": "740351009" }, "geometry": { "type": "Polygon", "coordinates": [ [ [ -65.4800876853717, -33.67077899682095 ], [ -65.476387229325994, -33.671552244412318 ], [ -65.477106604079722, -33.674287030721182 ], [ -65.480861247815241, -33.673486943203351 ], [ -65.4800876853717, -33.67077899682095 ] ] ] } },
{ "type": "Feature", "properties": { "codigo_indec": "740350907" }, "geometry": { "type": "Polygon", "coordinates": [ [ [ -65.456157141775279, -33.676941879346558 ], [ -65.452952817107033, -33.677626447883462 ], [ -65.454536542163225, -33.682979712293495 ], [ -65.457735831972769, -33.68226803535314 ], [ -65.456157141775279, -33.676941879346558 ] ] ] } },
{ "type": "Feature", "properties": { "codigo_indec": "740350902" }, "geometry": { "type": "Polygon", "coordinates": [ [ [ -65.459896740399657, -33.670403912485568 ], [ -65.454557446809986, -33.671557005372314 ], [ -65.455869234983098, -33.675998478846424 ], [ -65.46118977655631, -33.674867788862684 ], [ -65.459896740399657, -33.670403912485568 ] ] ] } },
{ "type": "Feature", "properties": { "codigo_indec": "740350821" }, "geometry": { "type": "Polygon", "coordinates": [ [ [ -65.429706156293847, -33.664976122240475 ], [ -65.43646403343682, -33.686833928644383 ], [ -65.43736775182046, -33.686756906415503 ], [ -65.43637037303219, -33.683421095080334 ], [ -65.444904285726281, -33.681187790054487 ], [ -65.44276882788327, -33.674118949328729 ], [ -65.438579516999511, -33.674960981613602 ], [ -65.436705996032416, -33.668749707168502 ], [ -65.432199763438803, -33.669856041207986 ], [ -65.430618568776026, -33.664772969095928 ], [ -65.429706156293847, -33.664976122240475 ] ] ] } },
{ "type": "Feature", "properties": { "codigo_indec": "740350805" }, "geometry": { "type": "Polygon", "coordinates": [ [ [ -65.438966480041955, -33.657296604526501 ], [ -65.435398317206406, -33.658069228072236 ], [ -65.436418382696402, -33.66118427920059 ], [ -65.43778416311909, -33.660888474680206 ], [ -65.438252116749752, -33.662707253525177 ], [ -65.440476401176099, -33.662203450399524 ], [ -65.4380919586348, -33.654173218192398 ], [ -65.438966480041955, -33.657296604526501 ] ] ] } },
{ "type": "Feature", "properties": { "codigo_indec": "740350715" }, "geometry": { "type": "Polygon", "coordinates": [ [ [ -65.45600482876965, -33.66088435455444 ], [ -65.458076453824575, -33.667939182514161 ], [ -65.460165650278995, -33.667488527079023 ], [ -65.458541177191933, -33.661742961811186 ], [ -65.45600482876965, -33.66088435455444 ] ] ] } },
{ "type": "Feature", "properties": { "codigo_indec": "740070405" }, "geometry": { "type": "Polygon", "coordinates": [ [ [ -65.8035445016897, -32.233565971222596 ], [ -65.803203458820093, -32.226892228848357 ], [ -65.799099575265586, -32.227287067297617 ], [ -65.800203997328779, -32.231639932507434 ], [ -65.79877167868942, -32.231655695864113 ], [ -65.798831789134482, -32.232061594822476 ], [ -65.795715524893708, -32.231930346410799 ], [ -65.795700265483475, -32.232823088787029 ], [ -65.794230692547913, -32.232883829643434 ], [ -65.794154300708527, -32.233826070271121 ], [ -65.8035445016897, -32.233565971222596 ] ] ] } },
{ "type": "Feature", "properties": { "codigo_indec": "740210109" }, "geometry": { "type": "Polygon", "coordinates": [ [ [ -66.058048190145115, -33.102647752755601 ], [ -66.056496044289901, -33.100389802258306 ], [ -66.056983125247214, -33.099853091453532 ], [ -66.05578870804105, -33.099916748107177 ], [ -66.056052303494951, -33.101706429416318 ], [ -66.059375737728388, -33.105352112740974 ], [ -66.058408305972719, -33.108557975912042 ], [ -66.060730961720608, -33.113128285874964 ], [ -66.056332659129154, -33.121348981226703 ], [ -66.056146743454747, -33.123864693991635 ], [ -66.061014779657995, -33.124592749059389 ], [ -66.062940475191695, -33.123978663254093 ], [ -66.062862385953935, -33.123415165869531 ], [ -66.068983507301127, -33.1198638988215 ], [ -66.069582238071774, -33.118200004140554 ], [ -66.066795153626472, -33.116583049893578 ], [ -66.07053074497675, -33.108448014425377 ], [ -66.068355059842702, -33.103940919728473 ], [ -66.067165657355787, -33.103616968092432 ], [ -66.066468262256379, -33.102228782654748 ], [ -66.062852536488592, -33.098299410739472 ], [ -66.061960628644655, -33.098160099556019 ], [ -66.060440326806386, -33.099418665158709 ], [ -66.058862122515222, -33.102268673014912 ], [ -66.058048190145115, -33.102647752755601 ] ] ] } },
{ "type": "Feature", "properties": { "codigo_indec": "740210108" }, "geometry": { "type": "Polygon", "coordinates": [ [ [ -66.069858814207706, -33.078418499354662 ], [ -66.068570920542768, -33.078401180929106 ], [ -66.067459009389111, -33.080930958400671 ], [ -66.06679054864577, -33.0857101412047 ], [ -66.06485272858049, -33.090521541810858 ], [ -66.062204267510481, -33.094260286290336 ], [ -66.061684277035866, -33.097434398180255 ], [ -66.056495882769468, -33.100137336880834 ], [ -66.058048190145115, -33.102647752755601 ], [ -66.058862122515222, -33.102268673014912 ], [ -66.060440326806386, -33.099418665158709 ], [ -66.062279313394413, -33.09814641580671 ], [ -66.063281272733121, -33.098632808969072 ], [ -66.066468262256379, -33.102228782654748 ], [ -66.067165657355787, -33.103616968092432 ], [ -66.068355059842702, -33.103940919728473 ], [ -66.067724544067133, -33.102480571760402 ], [ -66.065842890832656, -33.100425790351316 ], [ -66.067930582649439, -33.095276176708346 ], [ -66.068486995676153, -33.087575665803577 ], [ -66.069527524026057, -33.08273766026587 ], [ -66.069858814207706, -33.078418499354662 ] ] ] } },
{ "type": "Feature", "properties": { "codigo_indec": "740140503" }, "geometry": { "type": "Polygon", "coordinates": [ [ [ -66.835738824806796, -32.854297586197113 ], [ -66.834106058048619, -32.85447528856168 ], [ -66.832140247832839, -32.857026546766349 ], [ -66.828458695127381, -32.857461233640919 ], [ -66.826143246574489, -32.858910181718159 ], [ -66.82553231616977, -32.861001553744948 ], [ -66.823748580423867, -32.862198992136143 ], [ -66.823128494219432, -32.863307604991967 ], [ -66.822493605207441, -32.863392930012182 ], [ -66.822941681231143, -32.875179153511446 ], [ -66.811905403868522, -32.880021045840486 ], [ -66.809220903180901, -32.883284408808116 ], [ -66.810660460412862, -32.892336727602505 ], [ -66.816146084238227, -32.898504425828904 ], [ -66.832290498243125, -32.898546773826439 ], [ -66.832957995030043, -32.897352147622428 ], [ -66.832021492919878, -32.894923920569916 ], [ -66.832226122828402, -32.89394877358869 ], [ -66.835020890067895, -32.895661314479959 ], [ -66.835016829561738, -32.895228548375343 ], [ -66.84169080986922, -32.889259944815677 ], [ -66.842968174039882, -32.893241152338341 ], [ -66.844234435474164, -32.890969462589311 ], [ -66.854442852195476, -32.882311890502635 ], [ -66.852949702106258, -32.868107512624725 ], [ -66.858677482597145, -32.864060471944988 ], [ -66.85995778606177, -32.856130637041602 ], [ -66.856720166943745, -32.851328987090987 ], [ -66.84780774651874, -32.851804455341473 ], [ -66.846642687249968, -32.851731194938715 ], [ -66.845617487818018, -32.850917619162537 ], [ -66.845577611881424, -32.852062993980525 ], [ -66.843254809480129, -32.852407775033939 ], [ -66.842150163103966, -32.853641469571265 ], [ -66.839254444304657, -32.855261369301104 ], [ -66.836830014190227, -32.855318182993578 ], [ -66.835738824806796, -32.854297586197113 ] ] ] } },
{ "type": "Feature", "properties": { "codigo_indec": "740140403" }, "geometry": { "type": "Polygon", "coordinates": [ [ [ -66.291330544486271, -32.928541954269363 ], [ -66.311016157643607, -32.924495556550944 ], [ -66.327923270653272, -32.925592969730751 ], [ -66.327493551339685, -32.92213163775147 ], [ -66.332383148675163, -32.922425302840956 ], [ -66.324745150899673, -32.910205031992753 ], [ -66.31233533166575, -32.915020086182849 ], [ -66.312751731019134, -32.915632190026379 ], [ -66.297870377658896, -32.921885645025938 ], [ -66.296834913317866, -32.919953997309904 ], [ -66.29462297258307, -32.920274819745984 ], [ -66.29448603787678, -32.920892795684857 ], [ -66.295538468718263, -32.921507964940126 ], [ -66.294451127860953, -32.92326430518677 ], [ -66.292845182929568, -32.924201320196026 ], [ -66.292814980489425, -32.92720399501593 ], [ -66.291330544486271, -32.928541954269363 ] ] ] } },
{ "type": "Feature", "properties": { "codigo_indec": "740210305" }, "geometry": { "type": "Polygon", "coordinates": [ [ [ -65.608100717826034, -33.049861766600159 ], [ -65.621395077658789, -33.051205724397462 ], [ -65.621488035296721, -33.050124012515845 ], [ -65.622420778177258, -33.049824782512744 ], [ -65.622496892969323, -33.048923350993739 ], [ -65.622385918517139, -33.047958236775017 ], [ -65.60838284230104, -33.046594129896597 ], [ -65.608100717826034, -33.049861766600159 ] ] ] } },
{ "type": "Feature", "properties": { "codigo_indec": "740561903" }, "geometry": { "type": "Polygon", "coordinates": [ [ [ -66.046579419089454, -34.13816989638616 ], [ -66.054364735504109, -34.304209215865583 ], [ -66.054896128750244, -34.357044866670989 ], [ -66.121337646065612, -34.350537948954624 ], [ -66.150186332439318, -34.347093861379953 ], [ -66.149670881983809, -34.346021732390525 ], [ -66.170899768446574, -34.341955314350237 ], [ -66.165371640523389, -34.314760698689305 ], [ -66.16281842605045, -34.304883850639428 ], [ -66.154306315275235, -34.288131727572761 ], [ -66.153946463456492, -34.278409627727953 ], [ -66.151014647607838, -34.272526548508637 ], [ -66.149914465052845, -34.25377236993203 ], [ -66.148882714150815, -34.245858515153877 ], [ -66.148655372135153, -34.233864401630363 ], [ -66.142285608099002, -34.226750136784261 ], [ -66.137513839828387, -34.213963324919156 ], [ -66.13677929659822, -34.189172877309474 ], [ -66.1352001440994, -34.180227208342139 ], [ -66.136526080466396, -34.173405860046948 ], [ -66.128718982192936, -34.158836944549336 ], [ -66.123319610885318, -34.15219837641834 ], [ -66.117538911516064, -34.149499522114127 ], [ -66.107933436750315, -34.142314299148673 ], [ -66.093982718375486, -34.140536273140505 ], [ -66.046579419089454, -34.13816989638616 ] ] ] } },
{ "type": "Feature", "properties": { "codigo_indec": "740630501" }, "geometry": { "type": "Polygon", "coordinates": [ [ [ -65.620054955501843, -32.68394415756535 ], [ -65.607319520629076, -32.68492838863574 ], [ -65.597563482838467, -32.686637779754179 ], [ -65.588234042623128, -32.689993435460266 ], [ -65.579991387905707, -32.6922564566418 ], [ -65.574992856901105, -32.695630053729104 ], [ -65.571958622062695, -32.696259950845729 ], [ -65.560345908408934, -32.701070982452158 ], [ -65.558066346709424, -32.701613013711402 ], [ -65.552964390299735, -32.704070122955464 ], [ -65.550580366130703, -32.704151773794216 ], [ -65.542354195525334, -32.702746922982612 ], [ -65.539225742044351, -32.702942861641503 ], [ -65.533928761739844, -32.704848434945966 ], [ -65.528416530150807, -32.706067676549331 ], [ -65.519842367708634, -32.716900693417053 ], [ -65.513511465550195, -32.719915034243627 ], [ -65.504220070194648, -32.726772158989363 ], [ -65.503700467332948, -32.72813618203584 ], [ -65.501788570147141, -32.728561415981318 ], [ -65.484761295339055, -32.727419571372167 ], [ -65.474467752062594, -32.731380395201683 ], [ -65.464305247042503, -32.733348171360291 ], [ -65.46271253072976, -32.735203363255891 ], [ -65.461766526448343, -32.741276750669918 ], [ -65.453708842695121, -32.757395777319459 ], [ -65.451634703382666, -32.758906073747518 ], [ -65.433926231565806, -32.764273555792606 ], [ -65.433455053766494, -32.782215084390089 ], [ -65.436097486614102, -32.78254710768325 ], [ -65.442827239379085, -32.787311096314198 ], [ -65.447205887329119, -32.787853477674524 ], [ -65.449419692101173, -32.787619772102843 ], [ -65.452699380127683, -32.790695384303604 ], [ -65.460097397129886, -32.794212526115558 ], [ -65.46657804271868, -32.803956002917467 ], [ -65.476398586148434, -32.816607568459375 ], [ -65.483631819536953, -32.833909425486759 ], [ -65.484818800097273, -32.838742842773861 ], [ -65.488219981149172, -32.840262611462506 ], [ -65.490008234419889, -32.840409672580272 ], [ -65.490974249365166, -32.841923928063522 ], [ -65.493239976081355, -32.843578698430932 ], [ -65.495494597235279, -32.846739196601668 ], [ -65.500099739872653, -32.848425794672529 ], [ -65.501813884453597, -32.849920410414697 ], [ -65.505937735468365, -32.851762672033708 ], [ -65.520535187590227, -32.839394221297987 ], [ -65.529070253980407, -32.827087021729078 ], [ -65.530797173077616, -32.821597707167484 ], [ -65.533715364541408, -32.817988322562371 ], [ -65.553560632963823, -32.79892222229396 ], [ -65.567595105384072, -32.787231382278826 ], [ -65.578383739685478, -32.784612661757997 ], [ -65.59293102597745, -32.779223536326839 ], [ -65.603075315847946, -32.778309304136663 ], [ -65.609750550828409, -32.773091395407754 ], [ -65.61424476903062, -32.770431769029102 ], [ -65.61444976462414, -32.767443258362221 ], [ -65.61560111905635, -32.76401581840323 ], [ -65.614505932357744, -32.754409314181302 ], [ -65.614582111782724, -32.736718092140606 ], [ -65.618660558544022, -32.701563907035279 ], [ -65.620054955501843, -32.68394415756535 ] ] ] } },
{ "type": "Feature", "properties": { "codigo_indec": "740561804" }, "geometry": { "type": "Polygon", "coordinates": [ [ [ -66.783519143218086, -34.276736259671559 ], [ -66.749449270768736, -34.280226171461933 ], [ -66.665363749082474, -34.283204144000592 ], [ -66.614366698200598, -34.282059641513527 ], [ -66.564027081649655, -34.278763401729599 ], [ -66.539108633191333, -34.260341193264686 ], [ -66.499318176915111, -34.257886431218331 ], [ -66.473587327820141, -34.255536510877761 ], [ -66.475427488213768, -34.310492514178797 ], [ -66.476090592811801, -34.354806248532981 ], [ -66.477360581287456, -34.369833256863984 ], [ -66.477789181854888, -34.420399077086451 ], [ -66.49332207509336, -34.420702504514011 ], [ -66.493681478125055, -34.448064725344516 ], [ -66.482849541528822, -34.44771584983139 ], [ -66.478601335744486, -34.45076143719421 ], [ -66.471268118603689, -34.454855478878876 ], [ -66.466144156800098, -34.457119741931187 ], [ -66.463725996014375, -34.460662634094106 ], [ -66.463716868836585, -34.465408815462801 ], [ -66.466517664953628, -34.469486241429024 ], [ -66.468061177572849, -34.473014028404712 ], [ -66.467777534972541, -34.476801206136066 ], [ -66.469019267595897, -34.480834942444147 ], [ -66.471168463973285, -34.483603139124682 ], [ -66.469923271577912, -34.487714032665863 ], [ -66.472132666688395, -34.492433611383781 ], [ -66.476019445852486, -34.494825396209549 ], [ -66.456524820460288, -34.545696172540033 ], [ -66.44212946902752, -34.578412778343036 ], [ -66.423910966046336, -34.639256511340271 ], [ -66.410830899789531, -34.667371700990714 ], [ -66.694441459062531, -34.664837628853789 ], [ -66.693324118356585, -34.661017502813401 ], [ -66.695739753343631, -34.655378940110012 ], [ -66.695447027076028, -34.652982856455942 ], [ -66.697069034201135, -34.652261479602444 ], [ -66.699238043689263, -34.653033288215603 ], [ -66.700637812620158, -34.652155391390586 ], [ -66.699551574870142, -34.648479362461345 ], [ -66.700113392391444, -34.645569084831486 ], [ -66.704758989858462, -34.640309627307623 ], [ -66.704074679829404, -34.638060048142002 ], [ -66.701149517420845, -34.63713943082552 ], [ -66.701350855070658, -34.634821640730252 ], [ -66.702821834273735, -34.633050909295136 ], [ -66.708845306998299, -34.631551253381424 ], [ -66.710110225689959, -34.629939379254665 ], [ -66.710425563261239, -34.627273865043996 ], [ -66.708604075016396, -34.625945860398701 ], [ -66.704127286896906, -34.624926144559403 ], [ -66.702174389874912, -34.62383767590277 ], [ -66.701395910368802, -34.621710307528488 ], [ -66.701972374246296, -34.618624149975503 ], [ -66.705092048599525, -34.617479388343511 ], [ -66.711309578500305, -34.616496806610201 ], [ -66.714765852598589, -34.614259122582908 ], [ -66.720329771466027, -34.613068077926734 ], [ -66.726093729409811, -34.608260913982058 ], [ -66.729227860526962, -34.604487824620627 ], [ -66.730856343571119, -34.599980013607677 ], [ -66.727455138559264, -34.59653889724288 ], [ -66.727168344671824, -34.588333196454201 ], [ -66.728668789437606, -34.583537712945684 ], [ -66.734738194538053, -34.582762160800222 ], [ -66.735398465067362, -34.5779130563824 ], [ -66.738672547166757, -34.578123147103817 ], [ -66.74725715197296, -34.570142908803284 ], [ -66.749761061107208, -34.570474601140255 ], [ -66.753590003495091, -34.568499449448765 ], [ -66.753687011503416, -34.56626783692279 ], [ -66.756628458299701, -34.565289628502001 ], [ -66.754923065966423, -34.562870860001098 ], [ -66.755498960334847, -34.559378800294986 ], [ -66.757229481658626, -34.556460996830616 ], [ -66.760377618317847, -34.554890986361222 ], [ -66.76396575544598, -34.550217253980847 ], [ -66.761779885664836, -34.548261305223441 ], [ -66.76101429536773, -34.543745447036187 ], [ -66.763458115669266, -34.539367306124667 ], [ -66.763411628204707, -34.537258266625585 ], [ -66.754281802766272, -34.533772402922622 ], [ -66.753430207810226, -34.528716158891434 ], [ -66.756794805850959, -34.523187646902009 ], [ -66.755754157867713, -34.515892536322852 ], [ -66.754296666777122, -34.512467107024648 ], [ -66.75877822201393, -34.507706857352929 ], [ -66.758968365035628, -34.502855992141804 ], [ -66.7624036106603, -34.500454831939081 ], [ -66.762879009830797, -34.497062491715617 ], [ -66.761470696439844, -34.492753429088424 ], [ -66.757325849427374, -34.486180716403169 ], [ -66.756724498240544, -34.479865405769068 ], [ -66.757457150070991, -34.471500078924684 ], [ -66.756161266678262, -34.464792420692405 ], [ -66.753107049923699, -34.461913163444969 ], [ -66.751671295187819, -34.458059349908609 ], [ -66.751675470664523, -34.453971312124665 ], [ -66.754820653956372, -34.450368724138158 ], [ -66.75442975974569, -34.447134978718424 ], [ -66.753312073189406, -34.443842609518995 ], [ -66.756328065546811, -34.434705944658546 ], [ -66.758309890428833, -34.433391092144149 ], [ -66.762625746876665, -34.433625670044052 ], [ -66.767733515455191, -34.430037535229317 ], [ -66.769208176385646, -34.426237718914564 ], [ -66.771698989416819, -34.423828706858686 ], [ -66.777388769498259, -34.424171277364863 ], [ -66.781434318153799, -34.421414136812302 ], [ -66.786011250431173, -34.421127898281419 ], [ -66.789512378630477, -34.418937388742123 ], [ -66.794007438130464, -34.411732839054267 ], [ -66.793364734026738, -34.409037198366029 ], [ -66.783982853744305, -34.409507841811212 ], [ -66.781195640830106, -34.411540392439221 ], [ -66.778921627615517, -34.412041671833258 ], [ -66.775359468960502, -34.410270436348917 ], [ -66.77218768188402, -34.407171513073592 ], [ -66.771627877595748, -34.403059963527149 ], [ -66.773128977224431, -34.400724765354234 ], [ -66.775044844827676, -34.392960235155279 ], [ -66.77409187085243, -34.391028164473049 ], [ -66.768711355916153, -34.390962927578194 ], [ -66.763861404308145, -34.38885237073621 ], [ -66.762741865337716, -34.379011061616858 ], [ -66.766209128386578, -34.375910962758958 ], [ -66.76967520739521, -34.374491971187787 ], [ -66.773370783893526, -34.37617240657805 ], [ -66.779564075583735, -34.376642428458382 ], [ -66.781650510442944, -34.378580748427751 ], [ -66.785480005212577, -34.377965782150305 ], [ -66.788003868721432, -34.375222686431336 ], [ -66.788969157566555, -34.369758216496173 ], [ -66.790460526572502, -34.367657239667608 ], [ -66.790373678424217, -34.363907784914765 ], [ -66.790814135926482, -34.361615265932052 ], [ -66.794634818517594, -34.354685439270739 ], [ -66.798984323140914, -34.354301056398633 ], [ -66.803251239254365, -34.350960315140881 ], [ -66.803968321775969, -34.348940873351268 ], [ -66.805755009595387, -34.347112710510324 ], [ -66.808432086882505, -34.34634235350341 ], [ -66.810957830972498, -34.344815724925816 ], [ -66.810701860474083, -34.342780148566526 ], [ -66.80647378454097, -34.340171335634452 ], [ -66.806228374755435, -34.338658518189035 ], [ -66.805042899688686, -34.337706275292092 ], [ -66.800788628892221, -34.337441201533366 ], [ -66.799873988787695, -34.33524764300266 ], [ -66.798389132289429, -34.335658478853979 ], [ -66.798899227784801, -34.331292133542156 ], [ -66.801484018880799, -34.32771902091681 ], [ -66.800122211975037, -34.320187285831132 ], [ -66.802207234755244, -34.31494071703225 ], [ -66.802944001878046, -34.307314104467899 ], [ -66.796996471402025, -34.300709226754194 ], [ -66.792934134648902, -34.299861176724328 ], [ -66.786843134361519, -34.300734296663322 ], [ -66.782302237562803, -34.302444593968573 ], [ -66.777882986876051, -34.299696250051177 ], [ -66.774508093441014, -34.296796912272846 ], [ -66.777714658264756, -34.285850929622967 ], [ -66.779823790249608, -34.281974773744906 ], [ -66.783519143218086, -34.276736259671559 ] ] ] } },
{ "type": "Feature", "properties": { "codigo_indec": "740561603" }, "geometry": { "type": "Polygon", "coordinates": [ [ [ -66.43761006760792, -33.478064324625855 ], [ -66.38680252255584, -33.504916075858091 ], [ -66.38468315533747, -33.508740930962965 ], [ -66.383520223647821, -33.509222381904934 ], [ -66.373629328708716, -33.507350239393894 ], [ -66.371315004389416, -33.504738060640832 ], [ -66.304769641209433, -33.499302661980188 ], [ -66.304305201618263, -33.515730924715818 ], [ -66.303044837765597, -33.52469588367935 ], [ -66.303671873235032, -33.524694347953414 ], [ -66.303499888182131, -33.540941505265558 ], [ -66.302314355186965, -33.559147551608639 ], [ -66.294359633308545, -33.644213228083615 ], [ -66.294147973265211, -33.65883732180297 ], [ -66.295000828206142, -33.6678555567293 ], [ -66.290403485511888, -33.67147274424768 ], [ -66.288240458020468, -33.675196803177215 ], [ -66.288450014703855, -33.694354740807036 ], [ -66.282331606418552, -33.70419149017679 ], [ -66.281147588622986, -33.707457874434191 ], [ -66.281030596265538, -33.712110239737754 ], [ -66.281443260568892, -33.714597630796113 ], [ -66.275887782536131, -33.720655181649931 ], [ -66.278698364877755, -33.722334803611119 ], [ -66.283883208307643, -33.73562561164119 ], [ -66.322340172632863, -33.842460345583753 ], [ -66.333958837571316, -33.87819374822498 ], [ -66.335249677450037, -33.876603526932463 ], [ -66.338268090400334, -33.874575821065854 ], [ -66.341897143282367, -33.873934725899055 ], [ -66.345823676797579, -33.872030528423686 ], [ -66.360644813462599, -33.862539867899166 ], [ -66.36173549693801, -33.86106715398752 ], [ -66.37492785129848, -33.849352722706605 ], [ -66.377588875638594, -33.845111841819751 ], [ -66.404446242635544, -33.845062723615101 ], [ -66.404193304261923, -33.844121438096536 ], [ -66.410079757313511, -33.840311000303174 ], [ -66.417543707264883, -33.838311564524965 ], [ -66.420356378687671, -33.836859534317931 ], [ -66.420739681889259, -33.830750250600616 ], [ -66.415192308708626, -33.806693193359266 ], [ -66.411283777784519, -33.79335430671231 ], [ -66.411604821841948, -33.789363864457918 ], [ -66.414497754193874, -33.786951540561489 ], [ -66.417974499679559, -33.786398880361574 ], [ -66.421586996853478, -33.786566901170268 ], [ -66.426210830309643, -33.78872826641129 ], [ -66.440454282383641, -33.799568982341718 ], [ -66.446745043361986, -33.803806185224609 ], [ -66.45139705337597, -33.804866601712938 ], [ -66.454553352518886, -33.80438169845678 ], [ -66.459530199814083, -33.80204177075079 ], [ -66.518597089109491, -33.76726476798715 ], [ -66.524498774760104, -33.764548699610991 ], [ -66.530979909717658, -33.763524774648154 ], [ -66.609000475531218, -33.760797922164151 ], [ -66.638323130383071, -33.759121647967397 ], [ -66.638107142558894, -33.748908251310738 ], [ -66.641816220349327, -33.748438251115886 ], [ -66.623446031245663, -33.722103465023061 ], [ -66.605503602721498, -33.695168641030833 ], [ -66.5901249777949, -33.673727348340911 ], [ -66.570013795519003, -33.648668118012118 ], [ -66.565867351524375, -33.6422499838324 ], [ -66.558070856693334, -33.627968518386538 ], [ -66.540222808320735, -33.599346219608066 ], [ -66.519375645997741, -33.564305503880242 ], [ -66.518151918164335, -33.560916180417991 ], [ -66.515729773800714, -33.557441682564381 ], [ -66.496652506538993, -33.539442925452676 ], [ -66.467678865342847, -33.510204510929626 ], [ -66.43761006760792, -33.478064324625855 ] ] ] } },
{ "type": "Feature", "properties": { "codigo_indec": "740560201" }, "geometry": { "type": "Polygon", "coordinates": [ [ [ -66.527455288809023, -33.141663925026634 ], [ -66.525850903237, -33.143555137624858 ], [ -66.523016491524004, -33.142273215753391 ], [ -66.521569502466406, -33.140895263207298 ], [ -66.519249342300711, -33.140922988738353 ], [ -66.476874805745354, -33.177978554866066 ], [ -66.465444298127451, -33.187443934567554 ], [ -66.45371403858978, -33.192288464002267 ], [ -66.430872839801353, -33.21480235929026 ], [ -66.430390552902892, -33.215980662763513 ], [ -66.427114966593876, -33.219580458248139 ], [ -66.422925583318658, -33.223386144062346 ], [ -66.414735387748848, -33.232538255939694 ], [ -66.407102289733757, -33.240137191980693 ], [ -66.406641507822329, -33.241423526229504 ], [ -66.387843943888683, -33.261076029800918 ], [ -66.359977136814834, -33.289015684273444 ], [ -66.360424104298332, -33.289366023876738 ], [ -66.352341831637318, -33.297125163274096 ], [ -66.351882449358527, -33.297027285824242 ], [ -66.351396615660832, -33.29903478056324 ], [ -66.353113565953535, -33.299467202921399 ], [ -66.353347732547903, -33.300291525748747 ], [ -66.354258391798425, -33.300464750309487 ], [ -66.353970928820559, -33.301732354624242 ], [ -66.356435480674804, -33.301824489089888 ], [ -66.357560134802569, -33.30378229498185 ], [ -66.365627713575037, -33.305976818467549 ], [ -66.395626557032244, -33.309653716987007 ], [ -66.406203600580781, -33.306761444060797 ], [ -66.407387982644323, -33.308033363730026 ], [ -66.399832583020853, -33.31010458993606 ], [ -66.393967102486258, -33.328061099849386 ], [ -66.50392814101194, -33.350704433297523 ], [ -66.631027644670283, -33.375823785285561 ], [ -66.632094923755091, -33.371468130368569 ], [ -66.631411443880921, -33.359782336504821 ], [ -66.62939379105616, -33.351137184634283 ], [ -66.628725009150457, -33.34926523509143 ], [ -66.62622202990238, -33.345527205156372 ], [ -66.618318043670016, -33.341685395528621 ], [ -66.62066678338941, -33.338509040614269 ], [ -66.617422841841702, -33.3366047861075 ], [ -66.609829394805956, -33.313953300207935 ], [ -66.61440626308999, -33.305856821771329 ], [ -66.606852109946857, -33.28914196263063 ], [ -66.587094605826422, -33.252820477664201 ], [ -66.585578538159425, -33.250762912247922 ], [ -66.578996471639641, -33.220025798734135 ], [ -66.579912667160201, -33.209715932185766 ], [ -66.579897227532001, -33.204121399864881 ], [ -66.580747629725138, -33.200939192222847 ], [ -66.581148344976768, -33.195441889444112 ], [ -66.582718678354155, -33.191282540576069 ], [ -66.582101371964157, -33.185907200604859 ], [ -66.569386327889305, -33.174240271320613 ], [ -66.563263333549955, -33.170724698637322 ], [ -66.559155627995423, -33.164147749969601 ], [ -66.552301362825091, -33.159656631058276 ], [ -66.527455288809023, -33.141663925026634 ] ] ] } },
{ "type": "Feature", "properties": { "codigo_indec": "740490301" }, "geometry": { "type": "Polygon", "coordinates": [ [ [ -65.172727164322083, -32.322700042417594 ], [ -65.153650191148799, -32.321996427501333 ], [ -65.123819623744211, -32.317613315308165 ], [ -65.085950578964969, -32.314084975958124 ], [ -65.06452683539213, -32.317007381522721 ], [ -65.05557752817991, -32.31447451474866 ], [ -65.038858598937367, -32.316990336407507 ], [ -65.037841918160765, -32.323511041459327 ], [ -65.036868548262987, -32.326177213153905 ], [ -65.029899073653823, -32.324699107603571 ], [ -65.028381439618002, -32.334051767818032 ], [ -65.02805931841074, -32.339098899270347 ], [ -65.029410433337134, -32.347846927135926 ], [ -65.028649908511866, -32.355893383003966 ], [ -65.021667986234661, -32.365979171648576 ], [ -65.030280033887053, -32.373859030547038 ], [ -65.033513262861447, -32.37556554929337 ], [ -65.036612122637464, -32.376427858701078 ], [ -65.04465837257969, -32.377449410238206 ], [ -65.076044129280973, -32.376723005386062 ], [ -65.075613530030566, -32.379095870938578 ], [ -65.083622897465617, -32.379104748845194 ], [ -65.083787730915574, -32.377775914397191 ], [ -65.082407451359515, -32.375827184431657 ], [ -65.081348352180996, -32.369444329346706 ], [ -65.079669359550536, -32.367633158538524 ], [ -65.077349433519998, -32.3661689475841 ], [ -65.076431229645337, -32.363736604348546 ], [ -65.07453229480079, -32.351986812295294 ], [ -65.098921185977133, -32.350260775436304 ], [ -65.098959544299532, -32.347195192266014 ], [ -65.142406746633966, -32.343958785354424 ], [ -65.172953146897015, -32.342228542048524 ], [ -65.172727164322083, -32.322700042417594 ] ] ] } },
{ "type": "Feature", "properties": { "codigo_indec": "740420601" }, "geometry": { "type": "Polygon", "coordinates": [ [ [ -65.639059462896441, -35.703333654688002 ], [ -65.375121636461003, -35.708940148273086 ], [ -65.383692460414906, -35.978464340674748 ], [ -65.390131195237885, -35.978884766051245 ], [ -65.396876491239183, -35.99985870421424 ], [ -65.441148988091911, -35.997747982726217 ], [ -65.524273782608063, -35.996092197532498 ], [ -65.578056684825796, -35.9959870074752 ], [ -65.648906561656773, -35.996724478856052 ], [ -65.649870209459195, -35.907198537038909 ], [ -65.649760780725302, -35.837072134557594 ], [ -65.654041346860254, -35.753506248940347 ], [ -65.637103322487889, -35.753366217789029 ], [ -65.639059462896441, -35.703333654688002 ] ] ] } },
{ "type": "Feature", "properties": { "codigo_indec": "740420502" }, "geometry": { "type": "Polygon", "coordinates": [ [ [ -65.912952317663752, -35.737181533434018 ], [ -65.807311692801392, -35.734710916093618 ], [ -65.807730376402105, -35.714581641158496 ], [ -65.739346280758241, -35.71345705659769 ], [ -65.675989017055443, -35.711798038256589 ], [ -65.676308619320736, -35.703813618770333 ], [ -65.639059462896441, -35.703333654688002 ], [ -65.637103322487889, -35.753366217789029 ], [ -65.654041346860254, -35.753506248940347 ], [ -65.649760780725302, -35.837072134557594 ], [ -65.649870209459195, -35.907198537038909 ], [ -65.648906561656773, -35.996724478856052 ], [ -65.779419952749464, -35.998310698236899 ], [ -66.019689058772784, -35.99947169333916 ], [ -66.019688793319645, -35.99840373117933 ], [ -66.127862692611146, -35.998796833813977 ], [ -66.128482618032834, -35.924511559578917 ], [ -66.132545409975975, -35.849180664030897 ], [ -66.130148689533868, -35.827102477645781 ], [ -66.07096852787069, -35.82676444787117 ], [ -66.067121559726999, -35.821980967099222 ], [ -66.062063432053236, -35.817256572546164 ], [ -66.057789728126494, -35.813896998144465 ], [ -66.051934218094701, -35.810632596039767 ], [ -66.044288718338251, -35.81081590822091 ], [ -66.036119661522619, -35.815518720616197 ], [ -65.956808068566545, -35.75712337409378 ], [ -65.912130062792372, -35.756121157052647 ], [ -65.912952317663752, -35.737181533434018 ] ] ] } },
{ "type": "Feature", "properties": { "codigo_indec": "740351805" }, "geometry": { "type": "Polygon", "coordinates": [ [ [ -65.453328993269892, -34.483784514588947 ], [ -65.452895805717645, -34.560062390933474 ], [ -65.201730506630739, -34.561531435823852 ], [ -65.115417952727569, -34.560936519124432 ], [ -65.115620371481441, -34.670589042797019 ], [ -65.399977135105033, -34.672410490266216 ], [ -65.714155410053593, -34.673479930297844 ], [ -66.008687937100902, -34.672800635176102 ], [ -66.007516563452768, -34.629721123140975 ], [ -65.962330205599656, -34.629134110189689 ], [ -65.893344798618458, -34.629859520048193 ], [ -65.893813300196982, -34.501602001131879 ], [ -65.886321732818686, -34.503709176342227 ], [ -65.874003376004083, -34.512887433935724 ], [ -65.862497564877728, -34.516413234282879 ], [ -65.843512684803557, -34.517760599343099 ], [ -65.812984715139351, -34.53407452453866 ], [ -65.801009903189595, -34.541267201294417 ], [ -65.798502877142013, -34.544125191894622 ], [ -65.737861255027227, -34.543798230154444 ], [ -65.626363990716527, -34.545274808173964 ], [ -65.566261381865132, -34.545035547659111 ], [ -65.566116871834168, -34.484142348101763 ], [ -65.453328993269892, -34.483784514588947 ] ], [ [ -65.672467536249727, -34.599777623721543 ], [ -65.800804312301238, -34.598945843266321 ], [ -65.800597857014381, -34.61804701153536 ], [ -65.672393897511711, -34.618527298981 ], [ -65.672467536249727, -34.599777623721543 ] ] ] } },
{ "type": "Feature", "properties": { "codigo_indec": "740280307" }, "geometry": { "type": "Polygon", "coordinates": [ [ [ -65.371672483239891, -32.887304080820911 ], [ -65.347603188294855, -32.891702702255188 ], [ -65.346788302190632, -32.890972605090681 ], [ -65.325450467217664, -32.895687748942514 ], [ -65.306787493035515, -32.898727977148582 ], [ -65.292784059489378, -32.902021775196573 ], [ -65.282651686128119, -32.903650158783357 ], [ -65.280096765822492, -32.906665055440854 ], [ -65.25121342046252, -32.912279535678245 ], [ -65.246699163959278, -32.913609408379259 ], [ -65.241871627040211, -32.914053593315238 ], [ -65.22769825390283, -32.917289430303569 ], [ -65.226078247561958, -32.918568777032846 ], [ -65.206369718503808, -32.921966149079722 ], [ -65.205602015019124, -32.944764024039571 ], [ -65.212624593077692, -32.94480396857886 ], [ -65.211993926177485, -32.95863579495952 ], [ -65.175866228696378, -32.960895713798379 ], [ -65.184386192556445, -32.996846025711861 ], [ -65.196281467934256, -32.995976449712991 ], [ -65.256211244824883, -32.987565838497751 ], [ -65.315217024753565, -32.979973351535875 ], [ -65.522110611068982, -32.984141918155174 ], [ -65.486922194722212, -32.963994325923927 ], [ -65.483502940122492, -32.961559257518211 ], [ -65.477516210784273, -32.959253141885256 ], [ -65.472112567115346, -32.958315231675513 ], [ -65.466596376745002, -32.958327866447775 ], [ -65.461197435925811, -32.959287513276564 ], [ -65.454413525980939, -32.961516741799009 ], [ -65.448936569051597, -32.962069766036777 ], [ -65.443441531063272, -32.961657687534974 ], [ -65.436910141652703, -32.959811561490184 ], [ -65.433727236485964, -32.95829139315844 ], [ -65.418180996321482, -32.943288381363168 ], [ -65.414596506116609, -32.941590032008619 ], [ -65.40631379287062, -32.940906262109351 ], [ -65.400592786920356, -32.937759186779161 ], [ -65.388007196796039, -32.92963278544898 ], [ -65.386432241394175, -32.928168872572954 ], [ -65.382510584856064, -32.922469060932933 ], [ -65.377041348166031, -32.924493211783386 ], [ -65.374783063149138, -32.920280171535268 ], [ -65.374212027939535, -32.920529780489623 ], [ -65.373817268251585, -32.919657695442289 ], [ -65.365988206412723, -32.922778567253701 ], [ -65.361232326554713, -32.914743053083946 ], [ -65.374515594809779, -32.910049420096392 ], [ -65.374173845964904, -32.909245225343987 ], [ -65.375247885195904, -32.908898946850421 ], [ -65.371023518712988, -32.90050126570916 ], [ -65.371672483239891, -32.887304080820911 ] ] ] } },
{ "type": "Feature", "properties": { "codigo_indec": "740280305" }, "geometry": { "type": "Polygon", "coordinates": [ [ [ -65.041701128144297, -32.9468377563324 ], [ -65.037913657332339, -32.945785294814399 ], [ -65.037524842542865, -32.943920428792538 ], [ -65.034599382172146, -32.944001546130181 ], [ -65.033655459794502, -32.939355349124547 ], [ -65.032538422186832, -32.939324164278069 ], [ -65.032080860588124, -32.935930480457998 ], [ -65.040883497511089, -32.936151634036513 ], [ -65.037689950494297, -32.92275132867622 ], [ -65.042045661146531, -32.904459008201606 ], [ -65.042234312811487, -32.890656348950998 ], [ -65.041715007681574, -32.888515481566117 ], [ -65.042173521290479, -32.879669381763087 ], [ -65.039683233019204, -32.87575969854111 ], [ -65.036241674223433, -32.867952050238372 ], [ -65.035479937210951, -32.8630637794001 ], [ -65.033982341404609, -32.859544828884822 ], [ -65.032525183373707, -32.851080650408676 ], [ -65.031137887955296, -32.849235067800187 ], [ -65.030036368218077, -32.826275114248979 ], [ -65.030502915884199, -32.821175396388107 ], [ -65.025290805018443, -32.821026723216676 ], [ -65.020811452369585, -32.821735624523974 ], [ -65.016857792418079, -32.820762413506515 ], [ -65.009048969700615, -32.821990195961206 ], [ -65.008074913625109, -32.823159129869282 ], [ -64.999982131806817, -32.825159506752804 ], [ -64.996869327616707, -32.826577230887047 ], [ -64.963795203143263, -32.831514770945084 ], [ -64.964266206950001, -32.866587868240963 ], [ -64.976891741408522, -32.876821650388173 ], [ -64.978698589141686, -32.890933473787143 ], [ -64.97770774507002, -32.899508921559701 ], [ -64.989940287888672, -32.906532887042346 ], [ -64.995752729073601, -32.913350977269459 ], [ -64.998806234701178, -32.943336657269349 ], [ -65.006953806357885, -32.949122516978456 ], [ -65.017693919518379, -32.9630564455327 ], [ -65.018490349705075, -32.971794967362925 ], [ -65.014314951124945, -32.984168447690188 ], [ -65.010234264611981, -32.989627055663881 ], [ -65.012240730998371, -32.996067010311371 ], [ -65.015527708630614, -32.999717497801988 ], [ -65.005081261675372, -33.004070651724163 ], [ -65.007680661151255, -33.007247016108089 ], [ -65.007512784706762, -33.009815299361051 ], [ -65.008315960330762, -33.012391300709545 ], [ -65.013511721687891, -33.018856519115239 ], [ -65.015706699883467, -33.023819233525337 ], [ -65.056166184400325, -33.0162651426864 ], [ -65.053028178866001, -33.010727936938885 ], [ -65.051919952762461, -33.009538394989605 ], [ -65.05038607781124, -33.008877564413993 ], [ -65.049292467398061, -33.006331164765953 ], [ -65.049237992618856, -33.004676267339484 ], [ -65.052234527285066, -32.993131186357417 ], [ -65.052305205970001, -32.986518282428278 ], [ -65.051844183462421, -32.983859486485734 ], [ -65.050750193979198, -32.981371695477399 ], [ -65.047892034066948, -32.980051589765594 ], [ -65.047170847708529, -32.975984250254186 ], [ -65.046996356266277, -32.970568632809425 ], [ -65.047868317129968, -32.968555631747691 ], [ -65.044729763587824, -32.958298156062632 ], [ -65.043372569334295, -32.95522222225609 ], [ -65.041701128144297, -32.9468377563324 ] ] ] } },
{ "type": "Feature", "properties": { "codigo_indec": "740210204" }, "geometry": { "type": "Polygon", "coordinates": [ [ [ -65.891603821902933, -33.191792329589049 ], [ -65.860278850954543, -33.187212293648521 ], [ -65.858749686136633, -33.187900329245636 ], [ -65.857282088683078, -33.195242579413176 ], [ -65.856065405891087, -33.19656660023913 ], [ -65.854608495015299, -33.197218601268617 ], [ -65.862869144299367, -33.200568579159274 ], [ -65.862102380004927, -33.203948906959369 ], [ -65.87165802859333, -33.206177177982894 ], [ -65.874569746826339, -33.212004778864817 ], [ -65.878532362555248, -33.222242377709264 ], [ -65.87974825883424, -33.227387435771178 ], [ -65.880957220374171, -33.229836559469057 ], [ -65.88569600925311, -33.238465212883419 ], [ -65.887584910182738, -33.240162020553235 ], [ -65.889930492074285, -33.241390350633878 ], [ -65.892987621940776, -33.24210982321889 ], [ -65.898591115418611, -33.239973119309326 ], [ -65.902831776489592, -33.240192898288512 ], [ -65.918948491000066, -33.242341334938359 ], [ -65.925397500379233, -33.241989221661456 ], [ -65.990814435117471, -33.249125205683811 ], [ -65.994073813086729, -33.250644668446498 ], [ -66.000592917808987, -33.255211616644189 ], [ -66.017348385264427, -33.259484180171391 ], [ -66.024375516992464, -33.260605542176116 ], [ -66.033243958634245, -33.26313709308841 ], [ -66.037322583154591, -33.263771591083177 ], [ -66.039866624364208, -33.264690472847413 ], [ -66.043119593950593, -33.266645942665079 ], [ -66.05198801814295, -33.267206074742951 ], [ -66.06638097732926, -33.26719922367802 ], [ -66.077258008628149, -33.266210155432489 ], [ -66.108218112952628, -33.269279680669086 ], [ -66.130491959043553, -33.270854195959352 ], [ -66.133531969312003, -33.270697689859837 ], [ -66.13859228299701, -33.219388810830822 ], [ -66.137824818070229, -33.215665871739638 ], [ -66.124543889624334, -33.199621556659871 ], [ -66.112907096854897, -33.184651767554108 ], [ -66.107880794028588, -33.180332813218072 ], [ -66.103140676938409, -33.177347858874555 ], [ -66.098839497693959, -33.173496789381304 ], [ -66.09029851149009, -33.167042940483263 ], [ -66.082441035939183, -33.162233564454311 ], [ -66.080485724144566, -33.169330849827098 ], [ -66.073849730887019, -33.182526119768056 ], [ -66.064502074792131, -33.189613773196449 ], [ -66.057761337776839, -33.192182275387701 ], [ -66.052811550039252, -33.195430409448953 ], [ -66.045033017767082, -33.199157274287671 ], [ -66.043234417644726, -33.194654178356885 ], [ -66.039489354456961, -33.195426332441841 ], [ -66.035307516203318, -33.196964899639987 ], [ -66.021675918237122, -33.193541754924766 ], [ -66.011144775608912, -33.192289851113365 ], [ -66.009101868826463, -33.192186327601888 ], [ -66.006552417203622, -33.194120525086156 ], [ -66.004611275704264, -33.192560759351778 ], [ -66.001434320488954, -33.192515754044621 ], [ -65.999211770268488, -33.195162099438797 ], [ -65.993675468997452, -33.194129553362579 ], [ -65.990689164423145, -33.190784247528235 ], [ -65.984579888725449, -33.187695490808409 ], [ -65.983359900687717, -33.188817887624623 ], [ -65.981231393918549, -33.188366760066145 ], [ -65.978992197428923, -33.191256188956785 ], [ -65.973948471187597, -33.194257726923553 ], [ -65.967875070918979, -33.196659201269952 ], [ -65.961354876778628, -33.19611635857391 ], [ -65.958724587369119, -33.19643109111059 ], [ -65.955829334556782, -33.195780910424588 ], [ -65.953021773675587, -33.196677022674614 ], [ -65.945795593622734, -33.197679423391946 ], [ -65.943814714967843, -33.201131856635563 ], [ -65.935352067312976, -33.198395755674795 ], [ -65.931968389498266, -33.198479608753388 ], [ -65.927746669467467, -33.193878823248333 ], [ -65.891603821902933, -33.191792329589049 ] ] ] } },
{ "type": "Feature", "properties": { "codigo_indec": "740210103" }, "geometry": { "type": "Polygon", "coordinates": [ [ [ -66.084758427607028, -32.805865962950882 ], [ -66.067528873109666, -32.799866574351199 ], [ -66.062123000293681, -32.798579933352158 ], [ -66.058517493640522, -32.799235406695665 ], [ -66.051270645577091, -32.803494633403623 ], [ -66.045591829227789, -32.806066689188654 ], [ -66.044388893617011, -32.807924633233121 ], [ -66.036655686487478, -32.814297676133847 ], [ -66.035186470302378, -32.81863529127213 ], [ -66.031489385791971, -32.819858083403012 ], [ -66.019531920066953, -32.820883952786488 ], [ -66.01627471183393, -32.82028929466086 ], [ -66.0141683752001, -32.820826063997693 ], [ -66.006821211215211, -32.820750035156166 ], [ -65.996147401107791, -32.824217208427861 ], [ -65.991939675459648, -32.82461826577854 ], [ -65.988332354505232, -32.827160781631598 ], [ -65.98636394053689, -32.831524818716588 ], [ -65.983506698182993, -32.83295817980737 ], [ -65.979292464353875, -32.836370491384223 ], [ -65.974814141022435, -32.837677136111097 ], [ -65.969523517848728, -32.840151126809353 ], [ -65.970499787977005, -32.843388463112611 ], [ -65.972725754918827, -32.847212173162006 ], [ -65.973675469452175, -32.850593747076289 ], [ -65.971591573471557, -32.853086487349771 ], [ -65.972544473968938, -32.854858536773513 ], [ -65.97126204034825, -32.856296456856839 ], [ -65.972051624381095, -32.859412000615677 ], [ -65.976516196834297, -32.863907877665092 ], [ -65.979069365685163, -32.8653871132042 ], [ -65.981118224639602, -32.864747234698029 ], [ -65.980166277968692, -32.86944943308086 ], [ -65.968161207726283, -32.87877048155643 ], [ -65.966439809867154, -32.881317317896347 ], [ -65.966709049577545, -32.882890845865326 ], [ -65.972661243991269, -32.892098576479576 ], [ -65.978659039346113, -32.894570381060632 ], [ -65.985650952416108, -32.898362993568703 ], [ -65.986299579661775, -32.902826438620963 ], [ -65.985104371202979, -32.907190485099314 ], [ -65.982561788919242, -32.913240496068347 ], [ -65.982632791045063, -32.919160094982352 ], [ -65.986320642061258, -32.922253344408432 ], [ -65.986373303945584, -32.927433546981526 ], [ -65.987503477911602, -32.930873601950886 ], [ -65.991448526478578, -32.934796271395911 ], [ -65.993803228734933, -32.939976596796171 ], [ -65.989720237826432, -32.947072589954907 ], [ -65.989487095535154, -32.951671160644153 ], [ -65.997355715014194, -32.952235127443849 ], [ -65.999438520039249, -32.952848299203097 ], [ -66.002799530741967, -32.957672275747449 ], [ -66.003805036913064, -32.960823630934463 ], [ -66.00916589021773, -32.956707169835674 ], [ -66.014888279995418, -32.959050994975705 ], [ -66.016746516025876, -32.95838802270864 ], [ -66.019390426841724, -32.955835876858494 ], [ -66.023477939860157, -32.953062498578639 ], [ -66.033641536886932, -32.948078370558427 ], [ -66.03773954091784, -32.94042189433496 ], [ -66.04232069980948, -32.938436718303358 ], [ -66.045255437239646, -32.937407768050527 ], [ -66.05191441471996, -32.937260909375858 ], [ -66.054538947987467, -32.936294987497831 ], [ -66.057200238907726, -32.938534487118254 ], [ -66.060322959631961, -32.939015420545608 ], [ -66.06835707699274, -32.936657884188257 ], [ -66.073059732331828, -32.933954673567165 ], [ -66.077800475366459, -32.932337793618551 ], [ -66.080445561296457, -32.933878002596686 ], [ -66.088337209369854, -32.929035125517181 ], [ -66.091527441443972, -32.927747926111266 ], [ -66.095386705050927, -32.927294196846709 ], [ -66.102212575862396, -32.924250115325684 ], [ -66.116951410979269, -32.918709848527506 ], [ -66.117092720043701, -32.916419428321618 ], [ -66.115602768122201, -32.913359582407914 ], [ -66.117385227358142, -32.911247969344238 ], [ -66.121105723411148, -32.911564520170465 ], [ -66.120504153070868, -32.909396539115015 ], [ -66.12408359808606, -32.904433744915977 ], [ -66.126358634814494, -32.886280421831266 ], [ -66.12522030217518, -32.882350185959801 ], [ -66.124682823347996, -32.878184899244062 ], [ -66.122508229240694, -32.872344069679798 ], [ -66.121268120514827, -32.869919719010717 ], [ -66.119537115216218, -32.867888062506829 ], [ -66.123943661943414, -32.865345501718529 ], [ -66.124714156601044, -32.860493611853528 ], [ -66.122289063445109, -32.856686337549831 ], [ -66.11882103149587, -32.853705061470706 ], [ -66.118344834830765, -32.85108608138821 ], [ -66.115958036419755, -32.849623056896903 ], [ -66.112474463718783, -32.84240363114445 ], [ -66.108369882943578, -32.837858178988228 ], [ -66.105324858007805, -32.837071791115598 ], [ -66.103243138576062, -32.835684907531288 ], [ -66.094575316275026, -32.815182551505607 ], [ -66.094082204198045, -32.815904285540455 ], [ -66.091387198875935, -32.817168665926566 ], [ -66.090260296459618, -32.816858395885333 ], [ -66.091226234822727, -32.813787396336807 ], [ -66.089469574104314, -32.811020433703028 ], [ -66.086011777460698, -32.81013918683233 ], [ -66.08656105936042, -32.809498598434381 ], [ -66.084758427607028, -32.805865962950882 ] ] ] } },
{ "type": "Feature", "properties": { "codigo_indec": "740280410" }, "geometry": { "type": "Polygon", "coordinates": [ [ [ -65.370229808528123, -32.770790870324078 ], [ -65.370117115372665, -32.772016598510078 ], [ -65.365665658838552, -32.773265517474947 ], [ -65.363874150607217, -32.774545845428541 ], [ -65.361607397096591, -32.774737194475769 ], [ -65.360026941204779, -32.778579329210793 ], [ -65.360684599503543, -32.790719363481941 ], [ -65.359973283135446, -32.809542860252378 ], [ -65.358832463102885, -32.813400725645714 ], [ -65.356693151660821, -32.814661120970975 ], [ -65.355027407370287, -32.816505503066523 ], [ -65.353991410843804, -32.819854409174326 ], [ -65.354890702754489, -32.823231326091381 ], [ -65.356484246707439, -32.825124036651367 ], [ -65.359968637097452, -32.826945258087086 ], [ -65.36405425503996, -32.82721855153693 ], [ -65.366571586222946, -32.837798985315537 ], [ -65.365299869610837, -32.856655607182645 ], [ -65.368185778910316, -32.874149159252219 ], [ -65.371672483239891, -32.887304080820911 ], [ -65.371023518712988, -32.90050126570916 ], [ -65.375247885195904, -32.908898946850421 ], [ -65.377615628215651, -32.90812630556659 ], [ -65.378477282662388, -32.909870811994153 ], [ -65.38604265514924, -32.909881145251589 ], [ -65.397768515941607, -32.90836927724402 ], [ -65.436515471132907, -32.908211797088661 ], [ -65.441445918858136, -32.907783086208127 ], [ -65.48857284790175, -32.895568671645329 ], [ -65.496290825004294, -32.892962592153694 ], [ -65.506153197387292, -32.894318380625883 ], [ -65.508916762298284, -32.895140774979403 ], [ -65.512631270298897, -32.895047106243616 ], [ -65.5125140185243, -32.894014227004362 ], [ -65.511507351477661, -32.892436868849416 ], [ -65.507962250910964, -32.890421242769072 ], [ -65.507804670133069, -32.887995105418128 ], [ -65.509338067998726, -32.886571968838837 ], [ -65.509855132682048, -32.884856296231717 ], [ -65.508506170389182, -32.883850137383561 ], [ -65.508516422787451, -32.88199271644271 ], [ -65.510052539764075, -32.87956871421639 ], [ -65.513968523437555, -32.875724796920373 ], [ -65.51314670781619, -32.871150074039271 ], [ -65.510957425948945, -32.869000039036408 ], [ -65.51167583859872, -32.861712739238534 ], [ -65.510667959738598, -32.860423902326644 ], [ -65.512208326858868, -32.857143279724191 ], [ -65.506303327455768, -32.853260911184442 ], [ -65.505937735468365, -32.851762672033708 ], [ -65.501813884453597, -32.849920410414697 ], [ -65.500099739872653, -32.848425794672529 ], [ -65.495494597235279, -32.846739196601668 ], [ -65.493239976081355, -32.843578698430932 ], [ -65.490974249365166, -32.841923928063522 ], [ -65.490008234419889, -32.840409672580272 ], [ -65.488219981149172, -32.840262611462506 ], [ -65.484818800097273, -32.838742842773861 ], [ -65.483631819536953, -32.833909425486759 ], [ -65.476398586148434, -32.816607568459375 ], [ -65.46657804271868, -32.803956002917467 ], [ -65.460097397129886, -32.794212526115558 ], [ -65.452699380127683, -32.790695384303604 ], [ -65.449419692101173, -32.787619772102843 ], [ -65.447205887329119, -32.787853477674524 ], [ -65.442827239379085, -32.787311096314198 ], [ -65.436097486614102, -32.78254710768325 ], [ -65.433455053766494, -32.782215084390089 ], [ -65.415360845923558, -32.782443024129748 ], [ -65.409609734189686, -32.778462145025443 ], [ -65.406081942769973, -32.774063260233127 ], [ -65.403916948599345, -32.773814030263978 ], [ -65.399584831176, -32.774830285571745 ], [ -65.396112778117256, -32.773334827667377 ], [ -65.392234377594107, -32.773933729497365 ], [ -65.387156598529188, -32.773548317821692 ], [ -65.370229808528123, -32.770790870324078 ] ] ] } },
{ "type": "Feature", "properties": { "codigo_indec": "740140406" }, "geometry": { "type": "Polygon", "coordinates": [ [ [ -66.552195587253522, -32.931710131509227 ], [ -66.380996706174102, -32.919558992541859 ], [ -66.366831013083441, -33.004223558705313 ], [ -66.361514490440726, -33.118623757460824 ], [ -66.416918355356501, -33.117553570304885 ], [ -66.517774446956651, -33.116521640069259 ], [ -66.517332737264525, -33.113367715509796 ], [ -66.519469156845773, -33.110915368686562 ], [ -66.52704641954314, -33.09565023673796 ], [ -66.529409473016159, -33.091808220370972 ], [ -66.532099942412245, -33.085453669633452 ], [ -66.53473405292263, -33.081795229989602 ], [ -66.536932150362233, -33.077358685195776 ], [ -66.538618469826957, -33.0706927266991 ], [ -66.538747369552198, -33.065485135922629 ], [ -66.54125423403913, -33.056922114719477 ], [ -66.541312521432971, -33.052886966206358 ], [ -66.542149198570613, -33.049209096024839 ], [ -66.541378684316939, -33.042702501012677 ], [ -66.539858503114729, -33.037876218583129 ], [ -66.539651912060876, -33.015836112681406 ], [ -66.538856860546929, -33.01093001591066 ], [ -66.539202947230066, -33.00669072225417 ], [ -66.538119046674723, -33.000014097247693 ], [ -66.5401480875164, -32.99101126390331 ], [ -66.541880103047404, -32.987302436353879 ], [ -66.545789836382298, -32.974585484978256 ], [ -66.549441223109326, -32.950544600297064 ], [ -66.552246992335057, -32.943422581881421 ], [ -66.551286162872984, -32.94152430503658 ], [ -66.553138057400005, -32.934108912555736 ], [ -66.552195587253522, -32.931710131509227 ] ] ] } },
{ "type": "Feature", "properties": { "codigo_indec": "740140204" }, "geometry": { "type": "Polygon", "coordinates": [ [ [ -66.908224977189064, -32.633208678185412 ], [ -66.898363975941763, -32.634397709402606 ], [ -66.896833919219375, -32.633240968252515 ], [ -66.894425366018751, -32.632410566720097 ], [ -66.890993116373011, -32.63230873426712 ], [ -66.870853108256171, -32.635321908466238 ], [ -66.868290742342737, -32.621304898275469 ], [ -66.826194069856257, -32.619307628403433 ], [ -66.800643566870519, -32.619211628964557 ], [ -66.776109114088101, -32.616169130146069 ], [ -66.754558772260836, -32.604799268566921 ], [ -66.737163625685511, -32.594523951509899 ], [ -66.711354423669306, -32.598559086498291 ], [ -66.702101487197581, -32.598710326903046 ], [ -66.701961248729631, -32.594044778950398 ], [ -66.654860123240809, -32.597076380202765 ], [ -66.654537476245565, -32.587127681391067 ], [ -66.635321527342882, -32.587266886988353 ], [ -66.634124115692117, -32.588896019070454 ], [ -66.631249819198842, -32.598987128364698 ], [ -66.631610297929598, -32.605955543958537 ], [ -66.63346365473295, -32.613858716483726 ], [ -66.626027460562241, -32.634193459878666 ], [ -66.638750113844054, -32.631397210572686 ], [ -66.637599331236189, -32.649811373537453 ], [ -66.637760428773404, -32.66011702353719 ], [ -66.63675481411029, -32.686659181896445 ], [ -66.634417249897893, -32.692347217455662 ], [ -66.638443392809179, -32.695067951864296 ], [ -66.646556652729288, -32.709232613973647 ], [ -66.648175751684278, -32.715955404074286 ], [ -66.654939087413254, -32.735419349679603 ], [ -66.6561243176848, -32.742838568332502 ], [ -66.655384291681813, -32.769266394712979 ], [ -66.654165410814841, -32.792301778192588 ], [ -66.654572384417051, -32.796487965642058 ], [ -66.656079381408958, -32.802534870184708 ], [ -66.654195985914043, -32.807774471645466 ], [ -66.684310534789716, -32.811910006250578 ], [ -66.713006321456433, -32.813544212924107 ], [ -66.715370998510267, -32.817818185789712 ], [ -66.724498113836333, -32.825691403003127 ], [ -66.726433952792092, -32.831622199980465 ], [ -66.729301772213503, -32.837858608129586 ], [ -66.735947640696779, -32.843013318763887 ], [ -66.73843863974956, -32.847155335664908 ], [ -66.739526649270374, -32.852121607123181 ], [ -66.739366957257602, -32.857338693712471 ], [ -66.747507787832305, -32.865662281986992 ], [ -66.750313008683619, -32.871767786562287 ], [ -66.760508490740847, -32.839791784701653 ], [ -66.76348036852886, -32.828863510533857 ], [ -66.765215375511076, -32.826634811256007 ], [ -66.774361649337905, -32.821033304314568 ], [ -66.791922377976888, -32.801140840027884 ], [ -66.79495005427448, -32.797050616651347 ], [ -66.80519988409776, -32.792733760984341 ], [ -66.821274536613757, -32.779135899837691 ], [ -66.823440311898636, -32.776714222263152 ], [ -66.855996946076289, -32.715128216811891 ], [ -66.86013210953486, -32.712016188630272 ], [ -66.879548126317289, -32.700547454382111 ], [ -66.88096777299738, -32.699324737017541 ], [ -66.881874451846599, -32.695553868587048 ], [ -66.88166882190491, -32.687381614764476 ], [ -66.882098663349964, -32.679858600401822 ], [ -66.884148323982927, -32.674443118862442 ], [ -66.885381081598808, -32.668911641566993 ], [ -66.889300941095968, -32.656215318934407 ], [ -66.89163652765528, -32.652051015990793 ], [ -66.895346823757706, -32.649229393136281 ], [ -66.902718344326729, -32.641688135381195 ], [ -66.907585821180248, -32.63745120500348 ], [ -66.908480874009925, -32.635068800145532 ], [ -66.908224977189064, -32.633208678185412 ] ] ] } },
{ "type": "Feature", "properties": { "codigo_indec": "740070506" }, "geometry": { "type": "Polygon", "coordinates": [ [ [ -66.111226930566204, -32.504317075852967 ], [ -66.101917647426461, -32.503702754632847 ], [ -66.089773412480753, -32.503919407252674 ], [ -66.074752645129891, -32.509804114120719 ], [ -66.059677336041673, -32.512616601852329 ], [ -66.059765426025649, -32.517075697562589 ], [ -66.057602701076718, -32.517784577342269 ], [ -66.057773663333137, -32.522996590459265 ], [ -66.05910476379195, -32.523983383352942 ], [ -66.060768040686753, -32.52426664060318 ], [ -66.062933551689113, -32.527367579002309 ], [ -66.065262467273342, -32.528069753135412 ], [ -66.065264710108664, -32.531171753251989 ], [ -66.06360298223025, -32.53328719471196 ], [ -66.064769298125341, -32.534269500395354 ], [ -66.065435834103425, -32.535959924926466 ], [ -66.067432226022561, -32.536526968786148 ], [ -66.068764703713668, -32.538920375898385 ], [ -66.069266558613762, -32.540894917755701 ], [ -66.068270437753711, -32.543429359577772 ], [ -66.068938078933826, -32.546391218896495 ], [ -66.06960478295683, -32.54808161784392 ], [ -66.07110462322116, -32.549771544387148 ], [ -66.071438338860716, -32.551038302064221 ], [ -66.071106734703449, -32.552449715228811 ], [ -66.07278282217878, -32.554716634887868 ], [ -66.070748701959175, -32.55750868350863 ], [ -66.071776890710723, -32.558369262802984 ], [ -66.072113807103548, -32.56358563589535 ], [ -66.071782052866268, -32.564852769826572 ], [ -66.074281118883391, -32.567249944320515 ], [ -66.075777873854861, -32.567952407338112 ], [ -66.078442769564617, -32.567950772522444 ], [ -66.078941716881445, -32.569217403238831 ], [ -66.08060614011471, -32.56977993357274 ], [ -66.084104487548942, -32.572739852113713 ], [ -66.083608451623448, -32.574710480734289 ], [ -66.084442701145747, -32.578519764533887 ], [ -66.085445152285814, -32.579925797099584 ], [ -66.087110223702652, -32.580912056072435 ], [ -66.087777801895669, -32.582886395259244 ], [ -66.089277445928133, -32.583448924220789 ], [ -66.090773591751983, -32.583163805361814 ], [ -66.09493773950993, -32.585415069513523 ], [ -66.096273135399429, -32.58668550150977 ], [ -66.096274489700576, -32.587952439524152 ], [ -66.100441671599128, -32.592602132861884 ], [ -66.105438681525754, -32.595979544672517 ], [ -66.10739099470382, -32.596221359438132 ], [ -66.111069808103395, -32.582011317606614 ], [ -66.135160579452389, -32.581428639775247 ], [ -66.141820016821725, -32.610294827555187 ], [ -66.140678007714882, -32.615805692252671 ], [ -66.141313802551778, -32.618676991947865 ], [ -66.140912362613165, -32.620877665902348 ], [ -66.141239285251146, -32.622112669384087 ], [ -66.143762874183381, -32.626032331591048 ], [ -66.143517205209974, -32.629003811446019 ], [ -66.144105108606652, -32.631798498437618 ], [ -66.145803983292836, -32.634569353005453 ], [ -66.148264511946678, -32.640305970691635 ], [ -66.149072093445426, -32.64529156613704 ], [ -66.150214563655936, -32.646521061393422 ], [ -66.14875203060032, -32.648317238813625 ], [ -66.147876539741077, -32.650644727064446 ], [ -66.148760227240842, -32.653267705455917 ], [ -66.148765237287776, -32.656292988700514 ], [ -66.147469761338812, -32.659319805212149 ], [ -66.146187509729899, -32.660700944218462 ], [ -66.145147746692928, -32.665386609292142 ], [ -66.141700545677125, -32.668001039623263 ], [ -66.139923340908368, -32.675149190654118 ], [ -66.14107234021958, -32.678673639068613 ], [ -66.141020907486805, -32.679868478728629 ], [ -66.139632636945876, -32.68188988850018 ], [ -66.141330641956273, -32.685282968832922 ], [ -66.141583753344975, -32.688578473834774 ], [ -66.14248267064805, -32.690597310356303 ], [ -66.144424027323907, -32.690973812985213 ], [ -66.145769678354071, -32.692234664997763 ], [ -66.145473962836761, -32.694002379629353 ], [ -66.146372610366654, -32.695768705101386 ], [ -66.146525619672715, -32.698040859652288 ], [ -66.149666161581138, -32.701170625553168 ], [ -66.159929993400738, -32.705116502199232 ], [ -66.162247328101913, -32.706768178280853 ], [ -66.187233790844104, -32.719600858515996 ], [ -66.198631003880678, -32.723041399362856 ], [ -66.217654378319665, -32.731093683403287 ], [ -66.220917165844639, -32.724996901952423 ], [ -66.226049679068367, -32.712877725966329 ], [ -66.231524850737998, -32.702863197163694 ], [ -66.234440753169011, -32.693322119075134 ], [ -66.235302548114106, -32.679357385528441 ], [ -66.233814281835066, -32.666731564629934 ], [ -66.23113187681848, -32.653814843819852 ], [ -66.230978313611402, -32.635541665636822 ], [ -66.231472588623419, -32.625734472246414 ], [ -66.230393929739535, -32.600862241926848 ], [ -66.229850881734137, -32.532056237624694 ], [ -66.21240426199536, -32.517352433808647 ], [ -66.212221502485946, -32.514309355734099 ], [ -66.211451260064294, -32.512610864298146 ], [ -66.208846451912578, -32.507971228429227 ], [ -66.206367757149764, -32.504850769759003 ], [ -66.205166637141772, -32.505452395012213 ], [ -66.201918489440885, -32.505534297910273 ], [ -66.197948390964555, -32.50638373885679 ], [ -66.194425025655832, -32.505929342228065 ], [ -66.187564192797765, -32.506093053640441 ], [ -66.175389530329866, -32.512612201620009 ], [ -66.171332178407155, -32.515449272877397 ], [ -66.169261152810932, -32.517747017412958 ], [ -66.163758409183245, -32.520509131191595 ], [ -66.157172856885595, -32.5266268491416 ], [ -66.15486758181018, -32.527689257568987 ], [ -66.152151049275673, -32.527922517685525 ], [ -66.149707955281244, -32.527772152891686 ], [ -66.144002530936646, -32.526015904915681 ], [ -66.111226930566204, -32.504317075852967 ] ] ] } },
{ "type": "Feature", "properties": { "codigo_indec": "740070101" }, "geometry": { "type": "Polygon", "coordinates": [ [ [ -66.892359260974672, -31.876697764009069 ], [ -66.907896428556541, -31.901147899126798 ], [ -66.915234281125635, -31.908259929606345 ], [ -66.917210943738453, -31.911965527193111 ], [ -66.924230679862646, -31.919354347260285 ], [ -66.927992544667802, -31.924146933385824 ], [ -66.929978500462042, -31.928952414611526 ], [ -66.932490913861443, -31.932464453647924 ], [ -66.947789097054113, -31.948659805620963 ], [ -66.952859021924169, -31.952111720404744 ], [ -66.955638872921767, -31.957555562840376 ], [ -66.957052396080854, -31.963050223646537 ], [ -66.95774969505554, -31.970101310972591 ], [ -66.954637018625093, -31.988759796034834 ], [ -66.954978900783431, -31.993162352512353 ], [ -66.957085780941824, -32.001172189022206 ], [ -66.959285849576375, -32.004374870918944 ], [ -66.960380152298853, -32.01594973880114 ], [ -66.96153659148527, -32.020016940911226 ], [ -66.961850553931868, -32.026259256323257 ], [ -66.962681752686436, -32.028561455900636 ], [ -66.96552072208631, -32.032038699271197 ], [ -66.975463464941058, -32.050011268210618 ], [ -66.969206361289821, -32.061340229470879 ], [ -66.968395123948952, -32.0727851844565 ], [ -66.96554007061394, -32.076224618285153 ], [ -66.96346154846637, -32.07975276986857 ], [ -66.963600057008236, -32.100771548167813 ], [ -66.962524025491945, -32.120135772707108 ], [ -66.963717093036323, -32.148955501790212 ], [ -66.962056390745119, -32.153062052815358 ], [ -66.960239656707259, -32.154180487333996 ], [ -66.971593373546028, -32.162038162113674 ], [ -66.984652382378769, -32.169813893241184 ], [ -66.987572118126252, -32.173894039876437 ], [ -67.001053043258622, -32.184338374134029 ], [ -66.99575231184825, -32.188807735168027 ], [ -66.988483760975114, -32.197183257662843 ], [ -66.981034108157758, -32.206100812956514 ], [ -66.974514547916186, -32.215587876635254 ], [ -66.967417470974056, -32.224258451176318 ], [ -66.962510390277615, -32.233737055184911 ], [ -66.958046658181075, -32.245367242747228 ], [ -66.956759518500078, -32.245814335556943 ], [ -66.954571690717827, -32.251196181921195 ], [ -66.93949716260191, -32.275015675946158 ], [ -66.940153981084407, -32.278238975861896 ], [ -66.940198292074129, -32.318266239445961 ], [ -66.94182038705739, -32.321861032981246 ], [ -66.941901607271504, -32.331756818051481 ], [ -66.941282577273256, -32.353519921335526 ], [ -66.938496815409465, -32.366390149351446 ], [ -66.987964164554484, -32.379988776335722 ], [ -67.005837443394412, -32.386470471758734 ], [ -67.008527198671771, -32.388964737743329 ], [ -67.007826143718091, -32.390909010590299 ], [ -67.003337583805518, -32.39801418606617 ], [ -66.999678866434593, -32.41947223870595 ], [ -66.994169475990716, -32.43182856927416 ], [ -66.974495279939575, -32.45215788732515 ], [ -66.967988788022097, -32.458303568223222 ], [ -67.293133988594988, -32.464810770951274 ], [ -67.291979542624986, -32.457514697015228 ], [ -67.291837813075986, -32.447584389677317 ], [ -67.289458417773034, -32.444962408406226 ], [ -67.285553902062162, -32.445002329556132 ], [ -67.286288336879167, -32.441685737531515 ], [ -67.294317697744944, -32.432677038408826 ], [ -67.298996681332042, -32.431632534508083 ], [ -67.305936099922391, -32.424595458049687 ], [ -67.304706849417158, -32.420622858887086 ], [ -67.304656756961961, -32.417142968092335 ], [ -67.306967104277803, -32.414630437999733 ], [ -67.309262938143661, -32.411121682188863 ], [ -67.30915516086192, -32.403657045847773 ], [ -67.314318674588719, -32.395641622259511 ], [ -67.314812010822251, -32.389167047553777 ], [ -67.31468943929913, -32.380706213473623 ], [ -67.315759805190766, -32.37372968775577 ], [ -67.317477251249457, -32.370722732602864 ], [ -67.323290393048197, -32.367181427889712 ], [ -67.325598990006085, -32.364668583442636 ], [ -67.326062351153794, -32.356201583988799 ], [ -67.332421826430831, -32.350161019819069 ], [ -67.343567407205313, -32.35054319979357 ], [ -67.347647431308772, -32.34900741564477 ], [ -67.351061800808893, -32.342001029158887 ], [ -67.352161231370246, -32.337012063814541 ], [ -67.348643735297827, -32.337049719022417 ], [ -67.34566876315543, -32.33409697743884 ], [ -67.343867296220949, -32.331131666219378 ], [ -67.326891913064969, -32.332803612107078 ], [ -67.30461237665692, -32.332535551330487 ], [ -67.297544805757781, -32.330124330239059 ], [ -67.303899948998279, -32.323584795808294 ], [ -67.310852518475315, -32.318039601599679 ], [ -67.327702092398553, -32.30790898789239 ], [ -67.377037822989848, -32.276525310804004 ], [ -67.395049650590806, -32.266873630450874 ], [ -67.42530966064389, -32.254092798344651 ], [ -67.469313872577899, -32.22273387010172 ], [ -67.482110195435069, -32.217607297309677 ], [ -67.481129092455816, -32.193233401418091 ], [ -67.477688596190546, -32.161422360431942 ], [ -67.476616626406965, -32.146548342798233 ], [ -67.475235506157944, -32.137619889763791 ], [ -67.472637425323413, -32.129760525296582 ], [ -67.473153044424052, -32.123438312912342 ], [ -67.474322131670434, -32.119213891880079 ], [ -67.47280663960953, -32.101869795187085 ], [ -67.469581865544214, -32.093485601231571 ], [ -67.46262381425575, -32.083571035540537 ], [ -67.462523232430613, -32.077255928245776 ], [ -67.460578329187285, -32.071494081304387 ], [ -67.460528092316849, -32.068334265777864 ], [ -67.45044298057536, -32.055822021886208 ], [ -67.450326775780198, -32.048456577624712 ], [ -67.446572398654965, -32.045343576079723 ], [ -67.44651446950607, -32.041660842661408 ], [ -67.44393571025013, -32.034850932622312 ], [ -67.44358079929593, -32.012227040307366 ], [ -67.437891805872326, -32.0038743532916 ], [ -67.439677478198121, -31.999643185166018 ], [ -67.438264274707606, -31.988081441562237 ], [ -67.43802630837969, -31.972827414595884 ], [ -67.439770407111979, -31.965968254737195 ], [ -67.437599981270338, -31.945470140896255 ], [ -67.436308263582063, -31.941801303406834 ], [ -67.437460737401025, -31.936526823535459 ], [ -67.445692088028693, -31.910649159175524 ], [ -67.447420755662705, -31.902735041811713 ], [ -67.44851451666942, -31.893777646624951 ], [ -67.452690784618511, -31.884785040188635 ], [ -67.464114704647002, -31.866236592513722 ], [ -67.465846817435704, -31.858849676582516 ], [ -67.457216700164679, -31.858948870321562 ], [ -67.405499007187061, -31.863742062714575 ], [ -67.358108899504643, -31.869518653293664 ], [ -67.338996969263192, -31.869721373688062 ], [ -67.276168661670624, -31.87457866597995 ], [ -67.26199381295659, -31.875243177076246 ], [ -67.239242652809594, -31.880205653771867 ], [ -67.229329808930373, -31.876618275143588 ], [ -67.206377487273301, -31.866314736039755 ], [ -67.168359343028271, -31.847674247554018 ], [ -67.14893324907915, -31.84015016359244 ], [ -67.134728946885375, -31.838077357019014 ], [ -67.129574599085458, -31.838123228703736 ], [ -67.088434811330075, -31.847283147257397 ], [ -67.057540020457267, -31.850844258977855 ], [ -67.012438522438373, -31.852315949769935 ], [ -66.991835345760933, -31.854678634008184 ], [ -66.892359260974672, -31.876697764009069 ] ] ] } },
{ "type": "Feature", "properties": { "codigo_indec": "740560101" }, "geometry": { "type": "Polygon", "coordinates": [ [ [ -67.182050887507117, -33.116683801684147 ], [ -66.997368150647091, -33.110558643581008 ], [ -66.992580754656004, -33.132352582637282 ], [ -66.989315243134854, -33.143112136238166 ], [ -66.989511034416211, -33.14885828974775 ], [ -66.993472926515949, -33.16967622853651 ], [ -66.999113274630631, -33.185386483247079 ], [ -66.998288179998156, -33.1894502786648 ], [ -66.997377260668159, -33.198955871029789 ], [ -66.996913496659332, -33.214097317169745 ], [ -67.009151677759945, -33.236046996525701 ], [ -67.014197897893652, -33.248222430881682 ], [ -67.015500456370731, -33.252530387617533 ], [ -67.016200669775301, -33.261107735863831 ], [ -67.015207752665788, -33.326660546847975 ], [ -67.011305161695589, -33.330488005330366 ], [ -67.016690166075648, -33.343561908008205 ], [ -67.018210848226943, -33.349161721877302 ], [ -67.023642961987207, -33.361937357663628 ], [ -67.026310917880693, -33.364290958982998 ], [ -67.028231712741984, -33.36728178763515 ], [ -67.030816474803373, -33.378498356876158 ], [ -67.031705888336489, -33.389886725149367 ], [ -67.032304567402875, -33.392572909252301 ], [ -67.030062097527207, -33.394489332076034 ], [ -67.02328490026008, -33.39581210075432 ], [ -67.023908541769487, -33.400873734858308 ], [ -67.025684804485323, -33.407508076339546 ], [ -67.025150266318533, -33.410045879245764 ], [ -67.025360669469748, -33.411941924400686 ], [ -67.028507990614756, -33.424727019882404 ], [ -67.117335164354046, -33.411724614002011 ], [ -67.150604472137758, -33.403852021810884 ], [ -67.151629685424979, -33.404771102069994 ], [ -67.147616032204752, -33.389729911356568 ], [ -67.147498301702839, -33.380769600763507 ], [ -67.150282758083307, -33.375965610601 ], [ -67.15449037823366, -33.371143821793567 ], [ -67.155834916008445, -33.365158536589796 ], [ -67.155020591735166, -33.357399248758391 ], [ -67.154902246974927, -33.348438914781539 ], [ -67.153423935969599, -33.34426944572153 ], [ -67.153266490766867, -33.332325303587872 ], [ -67.148942901455698, -33.328182152539384 ], [ -67.150310761333174, -33.323986266836712 ], [ -67.155925619956207, -33.317961326334597 ], [ -67.157996425322196, -33.313163784638121 ], [ -67.161505287843468, -33.309542828758346 ], [ -67.163599426723053, -33.3065390765085 ], [ -67.167742091203593, -33.296939184398859 ], [ -67.170530903032443, -33.292734220336747 ], [ -67.17047504855654, -33.288551510340227 ], [ -67.172568335660571, -33.285543107447879 ], [ -67.173942479159777, -33.281946434431752 ], [ -67.172408573848671, -33.27359442630619 ], [ -67.170235871610714, -33.270630728623402 ], [ -67.168750277915024, -33.265861913693989 ], [ -67.171530095601497, -33.261057464872124 ], [ -67.177131530829527, -33.254432162278562 ], [ -67.177027403059199, -33.246666172129011 ], [ -67.175459335367464, -33.235929832538652 ], [ -67.175275550630076, -33.222191681388026 ], [ -67.177406459891202, -33.209504487279155 ], [ -67.18007387959085, -33.205476247974246 ], [ -67.178612369004583, -33.198052140401707 ], [ -67.177199757330328, -33.194062531998973 ], [ -67.17514195985737, -33.192936982147678 ], [ -67.17357704970658, -33.177507789666294 ], [ -67.167365011299381, -33.17070069489349 ], [ -67.165950703561236, -33.166710945805875 ], [ -67.16790646643264, -33.16039960482108 ], [ -67.173180886473901, -33.147768500088418 ], [ -67.175112858700956, -33.139739754025811 ], [ -67.178474057648558, -33.136849991131506 ], [ -67.18316237450459, -33.131657528542007 ], [ -67.182050887507117, -33.116683801684147 ] ] ] } },
{ "type": "Feature", "properties": { "codigo_indec": "740420402" }, "geometry": { "type": "Polygon", "coordinates": [ [ [ -66.268648802719213, -35.1555072443768 ], [ -66.144995876386417, -35.151315179451814 ], [ -66.064340258917397, -35.150226603581388 ], [ -66.032418514633619, -35.150446662059181 ], [ -66.010091132633278, -35.151491650549715 ], [ -66.004389765066293, -35.150194031390939 ], [ -65.949833750125336, -35.149327433044164 ], [ -65.949968106661757, -35.153937948945142 ], [ -65.952379801437147, -35.154011029635356 ], [ -65.952446076432963, -35.157995067448894 ], [ -65.948810544130467, -35.157853875196032 ], [ -65.948714418578462, -35.162369645652007 ], [ -65.934138525908068, -35.16200205491846 ], [ -65.928893969751343, -35.291951142613989 ], [ -65.915759708064883, -35.291726386953414 ], [ -65.913505585760817, -35.333474704054403 ], [ -65.917283092982444, -35.339552331933966 ], [ -65.926120250208783, -35.362127381639311 ], [ -65.918510139417549, -35.590217546376849 ], [ -65.945885871286336, -35.590156336459749 ], [ -65.973683420591911, -35.590706388656486 ], [ -65.961919524476599, -35.599558464755638 ], [ -65.957020512019255, -35.608542710195628 ], [ -65.954550524928791, -35.6143686570881 ], [ -65.953432391043776, -35.620150013117602 ], [ -65.947509851832095, -35.620945220709466 ], [ -65.944027782127961, -35.639978880578802 ], [ -65.916451017926306, -35.63918780248337 ], [ -65.912130062792372, -35.756121157052647 ], [ -65.944609351998409, -35.757028248484062 ], [ -66.040743463634811, -35.758471627161242 ], [ -66.067538872723972, -35.75936984939046 ], [ -66.100971371206271, -35.759625825464902 ], [ -66.242614763964141, -35.762370676989718 ], [ -66.273111281907717, -35.758853448245787 ], [ -66.284367514790588, -35.755708981809683 ], [ -66.286081319010947, -35.755704918240028 ], [ -66.298089279597278, -35.752787201311122 ], [ -66.324765805965527, -35.732372018720085 ], [ -66.331955267595632, -35.726151664016676 ], [ -66.35296934738048, -35.71236100323447 ], [ -66.352304021018, -35.709961063513198 ], [ -66.360044847689366, -35.709942662167897 ], [ -66.358987274009536, -35.645315281673064 ], [ -66.353472039476856, -35.634047538089845 ], [ -66.350949844625973, -35.624050659720972 ], [ -66.349411198623827, -35.612919747628162 ], [ -66.350204205220351, -35.604305647069779 ], [ -66.343636810814473, -35.599561245136421 ], [ -66.339293354980441, -35.59408470086106 ], [ -66.330781046126972, -35.516443717012848 ], [ -66.327397544976009, -35.505114563178786 ], [ -66.327967052658266, -35.480484855221825 ], [ -66.324642767488811, -35.463531221848015 ], [ -66.318786488865655, -35.449346679243718 ], [ -66.313570395159161, -35.439968661884521 ], [ -66.312362171800928, -35.422991025231582 ], [ -66.312519407725176, -35.40810536745655 ], [ -66.313792196864725, -35.394217246042899 ], [ -66.322121783642913, -35.35747543690691 ], [ -66.32144477540345, -35.351830432875637 ], [ -66.315975502471318, -35.342971289073461 ], [ -66.314534193662823, -35.337936623430629 ], [ -66.315765672997784, -35.332863438022855 ], [ -66.317694787608474, -35.328338216345763 ], [ -66.324456419556427, -35.321551270138016 ], [ -66.325344535289645, -35.316077804055517 ], [ -66.325201665342647, -35.311292116243621 ], [ -66.321231341402111, -35.302064064723112 ], [ -66.320824980952224, -35.293123906356819 ], [ -66.32460673903212, -35.276587817909785 ], [ -66.323605173261029, -35.25690075318812 ], [ -66.323995732789257, -35.250112611569335 ], [ -66.328188003531537, -35.213394082816336 ], [ -66.328177495433138, -35.208053629857297 ], [ -66.326326963801748, -35.206670556016924 ], [ -66.324777951931708, -35.203772380226532 ], [ -66.325130573985334, -35.176514602937011 ], [ -66.328698915307655, -35.167099355337108 ], [ -66.301223883588193, -35.166954463236713 ], [ -66.268648802719213, -35.1555072443768 ] ] ] } },
{ "type": "Feature", "properties": { "codigo_indec": "740351502" }, "geometry": { "type": "Polygon", "coordinates": [ [ [ -65.259662356333223, -33.611784409483263 ], [ -65.261727737653899, -33.619139946542163 ], [ -65.264276274814875, -33.623261728008487 ], [ -65.263848849201139, -33.627902203581847 ], [ -65.262136337015178, -33.631885892338154 ], [ -65.261857421504246, -33.634259827446151 ], [ -65.263501970296403, -33.638268031968622 ], [ -65.265932873805056, -33.640766271966413 ], [ -65.26551727589522, -33.644329453051924 ], [ -65.266137474089959, -33.647141477645732 ], [ -65.267158548793631, -33.648765823932095 ], [ -65.266888841280803, -33.650062462519266 ], [ -65.268928429027113, -33.653311118180078 ], [ -65.269553367515286, -33.655582219052796 ], [ -65.269525068389797, -33.658931321132741 ], [ -65.270544522029169, -33.660451949788481 ], [ -65.272996227469804, -33.660894631137758 ], [ -65.275824271920811, -33.662425840521117 ], [ -65.277621062844744, -33.663838268842149 ], [ -65.279153708989995, -33.665902756527466 ], [ -65.280649208799332, -33.679236402433631 ], [ -65.282408900111747, -33.684191637417271 ], [ -65.285983065249525, -33.687223519269025 ], [ -65.289810143302759, -33.691334103944612 ], [ -65.289772133575553, -33.695954325604269 ], [ -65.290907627337049, -33.698543785404958 ], [ -65.290362562371868, -33.702196434374237 ], [ -65.28582115011811, -33.706795201728966 ], [ -65.285159783265655, -33.709153429095693 ], [ -65.28588298419109, -33.714963570687551 ], [ -65.285614311115722, -33.716467598504323 ], [ -65.282778032868961, -33.716992088193592 ], [ -65.280195288136909, -33.718158087298768 ], [ -65.279005008205445, -33.722131464285553 ], [ -65.277451483266987, -33.72308703734177 ], [ -65.277814636400123, -33.725780270192367 ], [ -65.277127397240719, -33.735039604110447 ], [ -65.278345317254804, -33.740041271425355 ], [ -65.275439267510052, -33.748444644068506 ], [ -65.276652835065107, -33.753973693197203 ], [ -65.274106751330109, -33.759291351020686 ], [ -65.276651413947263, -33.763137828338039 ], [ -65.278286080588586, -33.768042749164387 ], [ -65.280772378959554, -33.7708520300164 ], [ -65.280719793084614, -33.777144452094035 ], [ -65.284039980599488, -33.780657214068029 ], [ -65.283970167707551, -33.789045598901652 ], [ -65.288104558817864, -33.795362237048813 ], [ -65.288900932748291, -33.800257653024289 ], [ -65.288877781018925, -33.803056781620654 ], [ -65.291348141174637, -33.807961815971268 ], [ -65.293024720716076, -33.807971436680894 ], [ -65.297186535604681, -33.810794480419986 ], [ -65.302439194103897, -33.812320843338583 ], [ -65.304691858139122, -33.810886601628269 ], [ -65.309132407446882, -33.811010722403438 ], [ -65.311135686742944, -33.811702584895528 ], [ -65.313563504799561, -33.81096784695773 ], [ -65.315150448204207, -33.809358414214614 ], [ -65.315179768419782, -33.808389427343151 ], [ -65.31397238979072, -33.805745729066359 ], [ -65.314270608303076, -33.804237316013825 ], [ -65.315745103129856, -33.80384882830181 ], [ -65.318270998277114, -33.805012271152258 ], [ -65.319291401458102, -33.804688845827229 ], [ -65.321597915109507, -33.801843683633635 ], [ -65.322716414529566, -33.801741645248377 ], [ -65.323537473130088, -33.803071408421935 ], [ -65.324736560699407, -33.803366469600334 ], [ -65.329222666408143, -33.803143022575114 ], [ -65.330922658488717, -33.802561748355032 ], [ -65.331431555394005, -33.79961197427702 ], [ -65.329581478412621, -33.793827587250789 ], [ -65.33026096458488, -33.792542078500503 ], [ -65.331875376071949, -33.791829601071754 ], [ -65.334530491171634, -33.789184411771018 ], [ -65.33510292843107, -33.786717281022668 ], [ -65.336254024194119, -33.78656120149364 ], [ -65.337788151035696, -33.788192215273682 ], [ -65.339237177517944, -33.788258583812706 ], [ -65.340286578552409, -33.787637629355132 ], [ -65.341082232914644, -33.78454959981282 ], [ -65.341928720671518, -33.783630038671745 ], [ -65.343307708347851, -33.782961230111816 ], [ -65.347442007258635, -33.782712701046172 ], [ -65.347588204375967, -33.781230439590338 ], [ -65.344621296668322, -33.77918174313416 ], [ -65.34399324874407, -33.778010910419496 ], [ -65.344696192133128, -33.776080839267756 ], [ -65.347604993771952, -33.774031720537671 ], [ -65.349621051148574, -33.769746512546298 ], [ -65.349514020321422, -33.767839185504215 ], [ -65.348699333649904, -33.766013772194889 ], [ -65.348882124127812, -33.764324343029124 ], [ -65.348265127283, -33.763838760924948 ], [ -65.345381270324239, -33.763719822169236 ], [ -65.345083158521859, -33.763177314785089 ], [ -65.345430999289732, -33.762503002430073 ], [ -65.349710191262048, -33.760803672753347 ], [ -65.350155772576741, -33.760044214723436 ], [ -65.349593265608476, -33.757706252508221 ], [ -65.348555214641451, -33.757240990971574 ], [ -65.348439382050074, -33.756145003112429 ], [ -65.348827526146536, -33.754772195643646 ], [ -65.349808030520549, -33.753920896316608 ], [ -65.351597849925298, -33.753804094075811 ], [ -65.354667550861549, -33.754645093485657 ], [ -65.355180138402318, -33.753935551332532 ], [ -65.355295085468541, -33.751556071614417 ], [ -65.356074416593003, -33.750532376940001 ], [ -65.357421395060925, -33.749728004042957 ], [ -65.360457768354308, -33.749595016023328 ], [ -65.362114793730697, -33.748814735862915 ], [ -65.363279693952052, -33.747811017083066 ], [ -65.364022952672229, -33.746174032780765 ], [ -65.36667293377387, -33.745367247183438 ], [ -65.370789619862535, -33.742841423746796 ], [ -65.373359076516309, -33.740100261430264 ], [ -65.376884028287833, -33.738387127196631 ], [ -65.388467764747048, -33.734654023895111 ], [ -65.391174118737808, -33.734568226817629 ], [ -65.393541879984284, -33.73506220804807 ], [ -65.398222279333353, -33.737388568737686 ], [ -65.400725227330412, -33.737080691374686 ], [ -65.404159994871165, -33.733878776004332 ], [ -65.404730028313253, -33.732195623814512 ], [ -65.404895710587766, -33.72890575774133 ], [ -65.40145934391218, -33.721879579411983 ], [ -65.401819707709066, -33.720867078111404 ], [ -65.405120280412618, -33.718250483505386 ], [ -65.406512241666263, -33.717824434134037 ], [ -65.407720617833689, -33.718601063269581 ], [ -65.405943815975291, -33.711461235678243 ], [ -65.40356719550978, -33.706869883634894 ], [ -65.395848930012107, -33.682219881876613 ], [ -65.393701173539242, -33.664795741282276 ], [ -65.394003255804122, -33.659771019363603 ], [ -65.399752553808824, -33.644603227008361 ], [ -65.383006292598026, -33.640896509629357 ], [ -65.37437074346785, -33.638143919969608 ], [ -65.362722633631861, -33.63583954556406 ], [ -65.279148460153905, -33.616411807434844 ], [ -65.278108464402564, -33.620304985740098 ], [ -65.265376723834365, -33.617719180344835 ], [ -65.26664954443828, -33.61343531396529 ], [ -65.259662356333223, -33.611784409483263 ] ], [ [ -65.381059630316017, -33.718172822438333 ], [ -65.385636382463304, -33.717077747816468 ], [ -65.389383986436357, -33.722604817932186 ], [ -65.385394878760039, -33.724473781447273 ], [ -65.390480296080483, -33.729682906311616 ], [ -65.375275149530623, -33.732198876577307 ], [ -65.375295401622623, -33.729404174015151 ], [ -65.378413323821533, -33.725714534216692 ], [ -65.37155524513156, -33.722199839441188 ], [ -65.373067309483247, -33.720124940988278 ], [ -65.372878798275025, -33.719713778040294 ], [ -65.37580316578206, -33.717019429023338 ], [ -65.380454075428176, -33.716114247057163 ], [ -65.381059630316017, -33.718172822438333 ] ] ] } },
{ "type": "Feature", "properties": { "codigo_indec": "740210203" }, "geometry": { "type": "Polygon", "coordinates": [ [ [ -66.004824174368153, -33.114770486821186 ], [ -66.001344650813337, -33.114062769483809 ], [ -65.998224094730148, -33.114157438436678 ], [ -65.993019341624162, -33.117349132889224 ], [ -65.993804319088781, -33.115608970297551 ], [ -65.993962500372149, -33.113535159079213 ], [ -65.995510774175898, -33.112363065605479 ], [ -65.99397608614585, -33.110708453185012 ], [ -65.996226023199114, -33.110492142982864 ], [ -65.995746632387139, -33.109310951497328 ], [ -65.996852881451986, -33.107850293039888 ], [ -65.999215228881056, -33.107881888450883 ], [ -66.001577559713326, -33.106890053320654 ], [ -66.001392726747994, -33.105276081153576 ], [ -65.999177760508786, -33.104744105751983 ], [ -65.999105459806543, -33.103409645568576 ], [ -66.002019327274525, -33.099744375124573 ], [ -66.002351348850482, -33.097138563910541 ], [ -66.000321367501911, -33.096764395534784 ], [ -65.999662570892056, -33.094992627427303 ], [ -65.992126755048929, -33.093860791763021 ], [ -65.987823531047965, -33.091822686054044 ], [ -65.984461248008145, -33.085140980628388 ], [ -65.984729782529413, -33.080722855307563 ], [ -65.983386468982147, -33.076309030268717 ], [ -65.983791696932954, -33.071214668856371 ], [ -65.994432678792535, -33.048367321593425 ], [ -65.964059057592692, -33.047388464897715 ], [ -65.945112582470728, -33.045871270351128 ], [ -65.942251918137174, -33.045049459052848 ], [ -65.941381537633703, -33.045833506249238 ], [ -65.942847044004949, -33.047732201714915 ], [ -65.940474593664618, -33.049223355787582 ], [ -65.94283745604524, -33.050144163907824 ], [ -65.942866197554622, -33.051230688820496 ], [ -65.94153030978238, -33.051568195848652 ], [ -65.940557455836796, -33.053375582862465 ], [ -65.940626188884778, -33.054660493924303 ], [ -65.93750550726169, -33.057810301461039 ], [ -65.939444369235545, -33.060552329280512 ], [ -65.939026259950708, -33.065164155930695 ], [ -65.938331751935308, -33.066795832190955 ], [ -65.936805481591776, -33.067205326686434 ], [ -65.934936992819573, -33.06696993246814 ], [ -65.932995390521, -33.067843521437815 ], [ -65.932022764989824, -33.068893436981703 ], [ -65.932715230716326, -33.070120079220885 ], [ -65.931121583640902, -33.070993825758713 ], [ -65.929734752816032, -33.070993052076169 ], [ -65.930357273277068, -33.072625417371412 ], [ -65.929662682809607, -33.074085726654388 ], [ -65.929940204149062, -33.075253540264811 ], [ -65.928342765466212, -33.077353513594709 ], [ -65.930213261260604, -33.078693547652648 ], [ -65.933722361620084, -33.080187718231343 ], [ -65.933520571405936, -33.081481500183273 ], [ -65.931185969790107, -33.081142109227223 ], [ -65.92978264553723, -33.081479451217831 ], [ -65.928980960645845, -33.082826986116714 ], [ -65.930715363118424, -33.083729626639304 ], [ -65.934854372657583, -33.084629014190938 ], [ -65.934853418666464, -33.085922902157918 ], [ -65.931315262026132, -33.087043575195501 ], [ -65.930912673489402, -33.088224532684251 ], [ -65.932313948735214, -33.090695860152991 ], [ -65.936051572840455, -33.091653596763351 ], [ -65.936516718466862, -33.092780913794101 ], [ -65.936513892830774, -33.096712163367052 ], [ -65.935246387413642, -33.097779981715064 ], [ -65.936510658229466, -33.101211457422593 ], [ -65.93555148869055, -33.105394676079449 ], [ -65.933290947039978, -33.105443078110405 ], [ -65.932132497693345, -33.103796920274711 ], [ -65.930056914036484, -33.103696590079956 ], [ -65.929505161627219, -33.107086526421817 ], [ -65.926451260029154, -33.107751991007824 ], [ -65.923090359062343, -33.110270104655527 ], [ -65.91796094741575, -33.110420116112429 ], [ -65.916736076061639, -33.114116111367338 ], [ -65.914721082438433, -33.114836076865735 ], [ -65.912890182921501, -33.113549944967644 ], [ -65.91050883039189, -33.113651948646719 ], [ -65.908737231801112, -33.114678556341083 ], [ -65.908310055347215, -33.115909008489432 ], [ -65.910384746969541, -33.117145791445168 ], [ -65.910503152262692, -33.119251251366293 ], [ -65.907815084196841, -33.120484564940163 ], [ -65.905862254576874, -33.120483105000815 ], [ -65.90475939340952, -33.122226977026891 ], [ -65.90628517810444, -33.123310124356891 ], [ -65.905490201088412, -33.125207515137369 ], [ -65.906587575750251, -33.126137050723308 ], [ -65.912328978932209, -33.125726459829835 ], [ -65.913978048766566, -33.126913289884889 ], [ -65.914035536415483, -33.128401065458895 ], [ -65.911594642460813, -33.128705921208862 ], [ -65.910797461905787, -33.130197596746093 ], [ -65.912384876479763, -33.131483585268249 ], [ -65.911260262466058, -33.136198456493339 ], [ -65.909822014329976, -33.138316316958708 ], [ -65.909579428481109, -33.139727233437739 ], [ -65.90802071966057, -33.141642111711263 ], [ -65.906217576623433, -33.146577332031441 ], [ -65.906333443289753, -33.151013561714201 ], [ -65.91136552381667, -33.151422988826475 ], [ -65.912087110547304, -33.147992703307352 ], [ -65.913764549408342, -33.147993875915297 ], [ -65.914484386078001, -33.149004225904676 ], [ -65.916041453477433, -33.148802412780441 ], [ -65.916999435677099, -33.150214144863192 ], [ -65.917594741345255, -33.152635483026302 ], [ -65.917234045092982, -33.154348387235828 ], [ -65.9123225578914, -33.153740918228543 ], [ -65.913396962303395, -33.156663029279173 ], [ -65.916631679269983, -33.159388230857573 ], [ -65.916989464629452, -33.160799557493853 ], [ -65.915188074152269, -33.164026261820659 ], [ -65.916862678261538, -33.167354489272846 ], [ -65.915181475573149, -33.170878815287566 ], [ -65.91662061057967, -33.171082658943206 ], [ -65.918894622368796, -33.172797299219368 ], [ -65.91817469144334, -33.174509966028673 ], [ -65.914940393628896, -33.173502457206638 ], [ -65.913618872845944, -33.176323715877217 ], [ -65.912416916145233, -33.177431906873736 ], [ -65.901988724140736, -33.178330293449342 ], [ -65.900786934269235, -33.179136318852152 ], [ -65.900783301518871, -33.182359715737725 ], [ -65.896943145330553, -33.185886554912408 ], [ -65.891066718489498, -33.188198790111663 ], [ -65.89082624497577, -33.189713349739385 ], [ -65.891603821902933, -33.191792329589049 ], [ -65.927746669467467, -33.193878823248333 ], [ -65.931968389498266, -33.198479608753388 ], [ -65.935352067312976, -33.198395755674795 ], [ -65.943814714967843, -33.201131856635563 ], [ -65.945795593622734, -33.197679423391946 ], [ -65.953021773675587, -33.196677022674614 ], [ -65.955829334556782, -33.195780910424588 ], [ -65.958724587369119, -33.19643109111059 ], [ -65.961354876778628, -33.19611635857391 ], [ -65.967875070918979, -33.196659201269952 ], [ -65.973948471187597, -33.194257726923553 ], [ -65.978992197428923, -33.191256188956785 ], [ -65.981231393918549, -33.188366760066145 ], [ -65.983359900687717, -33.188817887624623 ], [ -65.984579888725449, -33.187695490808409 ], [ -65.990689164423145, -33.190784247528235 ], [ -65.993675468997452, -33.194129553362579 ], [ -65.999211770268488, -33.195162099438797 ], [ -66.001434320488954, -33.192515754044621 ], [ -66.004611275704264, -33.192560759351778 ], [ -66.006552417203622, -33.194120525086156 ], [ -66.009101868826463, -33.192186327601888 ], [ -66.011144775608912, -33.192289851113365 ], [ -66.021675918237122, -33.193541754924766 ], [ -66.035307516203318, -33.196964899639987 ], [ -66.039489354456961, -33.195426332441841 ], [ -66.043234417644726, -33.194654178356885 ], [ -66.045033017767082, -33.199157274287671 ], [ -66.052811550039252, -33.195430409448953 ], [ -66.057761337776839, -33.192182275387701 ], [ -66.064502074792131, -33.189613773196449 ], [ -66.073849730887019, -33.182526119768056 ], [ -66.080485724144566, -33.169330849827098 ], [ -66.082441035939183, -33.162233564454311 ], [ -66.079952846452571, -33.161017954873657 ], [ -66.07666738519886, -33.15512771325173 ], [ -66.067011266915571, -33.143664229644294 ], [ -66.063217042028356, -33.139825157234071 ], [ -66.061870841640314, -33.13435728368195 ], [ -66.060594745771027, -33.125399938574908 ], [ -66.05992201282811, -33.12492689309299 ], [ -66.056109557340164, -33.124365131414891 ], [ -66.056332659129154, -33.121348981226703 ], [ -66.057437665334263, -33.119288185036176 ], [ -66.042648610216503, -33.125447948033909 ], [ -66.036945782666962, -33.126928489671506 ], [ -66.032729147533303, -33.127132541782935 ], [ -66.030559784560154, -33.128904851539581 ], [ -66.027596986242514, -33.129599819851862 ], [ -66.024714264743494, -33.129406568481599 ], [ -66.020583812160467, -33.132179917827877 ], [ -66.018443094800048, -33.131765490477527 ], [ -66.015087868327271, -33.126139593973406 ], [ -66.01200651800221, -33.12207344672003 ], [ -66.008076595390747, -33.121217186976544 ], [ -66.005271889039193, -33.121248895278029 ], [ -66.000203582315109, -33.118260004796433 ], [ -65.99987946000121, -33.116677591588243 ], [ -66.002161664763278, -33.115893128541494 ], [ -66.004044759347266, -33.116082430297524 ], [ -66.004824174368153, -33.114770486821186 ] ] ] } },
{ "type": "Feature", "properties": { "codigo_indec": "740351212" }, "geometry": { "type": "Polygon", "coordinates": [ [ [ -65.469365582185603, -33.687245559998182 ], [ -65.466217425607113, -33.687957757912024 ], [ -65.466748548023006, -33.689709080865107 ], [ -65.465695610684804, -33.689934430420884 ], [ -65.465908788532829, -33.690778312010892 ], [ -65.470120683087643, -33.68985431436419 ], [ -65.469365582185603, -33.687245559998182 ] ] ] } },
{ "type": "Feature", "properties": { "codigo_indec": "740561707" }, "geometry": { "type": "Polygon", "coordinates": [ [ [ -66.641038979235887, -33.747324371781239 ], [ -66.641816220349327, -33.748438251115886 ], [ -66.638107142558894, -33.748908251310738 ], [ -66.638456433733239, -33.765454308911529 ], [ -66.654272551748249, -33.765750129663736 ], [ -66.652441288560226, -33.760197300320193 ], [ -66.654064023204228, -33.760680053642702 ], [ -66.654269526020954, -33.752921176290862 ], [ -66.650948485342468, -33.753339920643739 ], [ -66.648321445075013, -33.753119343649466 ], [ -66.648448199290002, -33.746659103341784 ], [ -66.641038979235887, -33.747324371781239 ] ] ] } },
{ "type": "Feature", "properties": { "codigo_indec": "740561204" }, "geometry": { "type": "Polygon", "coordinates": [ [ [ -66.357669578589892, -33.306919637502673 ], [ -66.357227400104151, -33.311054861023834 ], [ -66.360528205208453, -33.311410485423728 ], [ -66.361203848791362, -33.307292605064781 ], [ -66.357669578589892, -33.306919637502673 ] ] ] } },
{ "type": "Feature", "properties": { "codigo_indec": "740561108" }, "geometry": { "type": "Polygon", "coordinates": [ [ [ -66.342389777868121, -33.293199341851896 ], [ -66.341539824747329, -33.296181560553642 ], [ -66.344391622538879, -33.296502784803309 ], [ -66.345278844504421, -33.29346634589146 ], [ -66.342389777868121, -33.293199341851896 ] ] ] } },
{ "type": "Feature", "properties": { "codigo_indec": "740560314" }, "geometry": { "type": "Polygon", "coordinates": [ [ [ -66.318564931165454, -33.180386744897234 ], [ -66.31806325430054, -33.183241734194347 ], [ -66.31580492108553, -33.188882761740672 ], [ -66.319522224474525, -33.189337622314852 ], [ -66.32169043031233, -33.182569705516848 ], [ -66.319717549059149, -33.181853471790852 ], [ -66.320409469272093, -33.180467667760759 ], [ -66.318564931165454, -33.180386744897234 ] ] ] } },
{ "type": "Feature", "properties": { "codigo_indec": "740070408" }, "geometry": { "type": "Polygon", "coordinates": [ [ [ -65.795711378677368, -32.233783507518488 ], [ -65.795747371178422, -32.2378506133388 ], [ -65.794825883063893, -32.238318048340204 ], [ -65.794525842783116, -32.239629656458831 ], [ -65.804942959387375, -32.238239381559119 ], [ -65.80490067000369, -32.236927220025557 ], [ -65.80370148736236, -32.237038086105692 ], [ -65.8035445016897, -32.233565971222596 ], [ -65.795711378677368, -32.233783507518488 ] ] ] } },
{ "type": "Feature", "properties": { "codigo_indec": "740630102" }, "geometry": { "type": "Polygon", "coordinates": [ [ [ -65.680934000055714, -32.406771136358749 ], [ -65.67843149609898, -32.403536487190266 ], [ -65.677062950885713, -32.405773853015212 ], [ -65.670722228864548, -32.405789007091578 ], [ -65.669825840749567, -32.417694340510216 ], [ -65.673711144329815, -32.41780365466559 ], [ -65.673741160981706, -32.420540556950257 ], [ -65.675556943759958, -32.420414491370316 ], [ -65.678425914694586, -32.419348758582565 ], [ -65.680323464022734, -32.417130761743813 ], [ -65.68156554729444, -32.414604483658543 ], [ -65.682060598924565, -32.412125906024158 ], [ -65.681847341756736, -32.409280327909087 ], [ -65.680934000055714, -32.406771136358749 ] ] ] } },
{ "type": "Feature", "properties": { "codigo_indec": "740561507" }, "geometry": { "type": "Polygon", "coordinates": [ [ [ -66.316970733029962, -33.312881675121837 ], [ -66.315692651167581, -33.312082481670267 ], [ -66.315926894807092, -33.311527386107464 ], [ -66.313396441277533, -33.310339139139693 ], [ -66.311974110596026, -33.312736536751636 ], [ -66.311938786399068, -33.31412512982542 ], [ -66.311210685794904, -33.313969171091721 ], [ -66.310780396192328, -33.315273097814384 ], [ -66.316490122373281, -33.316579566363338 ], [ -66.317136575779926, -33.314197625937879 ], [ -66.31661757458906, -33.313960018696214 ], [ -66.316970733029962, -33.312881675121837 ] ] ] } },
{ "type": "Feature", "properties": { "codigo_indec": "740561502" }, "geometry": { "type": "Polygon", "coordinates": [ [ [ -66.335123136747967, -33.315403673285587 ], [ -66.334227619369784, -33.318525707732107 ], [ -66.33591608086536, -33.319152291201014 ], [ -66.338182101395589, -33.319159668040051 ], [ -66.349434716602204, -33.32601693222783 ], [ -66.349635165903933, -33.323095108913698 ], [ -66.348500959243353, -33.322129050503079 ], [ -66.335123136747967, -33.315403673285587 ] ] ] } },
{ "type": "Feature", "properties": { "codigo_indec": "740561414" }, "geometry": { "type": "Polygon", "coordinates": [ [ [ -66.335824834945868, -33.314261222796745 ], [ -66.323321947252481, -33.306892035929259 ], [ -66.323108124325188, -33.307145047595114 ], [ -66.321628254350088, -33.311332433727678 ], [ -66.322856145474844, -33.311613261507397 ], [ -66.321906053831043, -33.314604616513613 ], [ -66.328996629454679, -33.316118806641285 ], [ -66.328315344208022, -33.317720993432616 ], [ -66.334112980686911, -33.319441165080619 ], [ -66.334987080080609, -33.315629446467646 ], [ -66.335824834945868, -33.314261222796745 ] ] ] } },
{ "type": "Feature", "properties": { "codigo_indec": "740560906" }, "geometry": { "type": "Polygon", "coordinates": [ [ [ -66.302054810015335, -33.274689744645841 ], [ -66.302734351894145, -33.275648329923499 ], [ -66.302035036414935, -33.275961093918966 ], [ -66.301947739796134, -33.277106378498786 ], [ -66.303405574909036, -33.278076591333004 ], [ -66.302475774240946, -33.283150533193044 ], [ -66.302958980932786, -33.283189929849947 ], [ -66.30348948059482, -33.282936179126295 ], [ -66.304652263858301, -33.280057131590205 ], [ -66.306936207586745, -33.277806451150468 ], [ -66.304342373150561, -33.273503027530417 ], [ -66.302054810015335, -33.274689744645841 ] ] ] } },
{ "type": "Feature", "properties": { "codigo_indec": "740560812" }, "geometry": { "type": "Polygon", "coordinates": [ [ [ -66.303115663803453, -33.265625753083377 ], [ -66.301258504238888, -33.266292967233049 ], [ -66.30116274779536, -33.26810097394398 ], [ -66.29845759383511, -33.267976760133251 ], [ -66.298438197978172, -33.268585409113307 ], [ -66.302367956769103, -33.27055950675723 ], [ -66.302483618099956, -33.268305143120386 ], [ -66.304801725480701, -33.268236367622606 ], [ -66.303115663803453, -33.265625753083377 ] ] ] } },
{ "type": "Feature", "properties": { "codigo_indec": "740560811" }, "geometry": { "type": "Polygon", "coordinates": [ [ [ -66.307583163590223, -33.264857409835827 ], [ -66.306270343448929, -33.265410646842689 ], [ -66.306553728839575, -33.265883305986961 ], [ -66.304702269880721, -33.266640720751013 ], [ -66.30444043561819, -33.266190545486772 ], [ -66.303770669719356, -33.266489722599793 ], [ -66.304942006342301, -33.268452415566358 ], [ -66.304770972703395, -33.267880297957475 ], [ -66.307745109968948, -33.266660275666482 ], [ -66.308317448537281, -33.267655162279276 ], [ -66.309237970273742, -33.267702466034265 ], [ -66.307583163590223, -33.264857409835827 ] ] ] } },
{ "type": "Feature", "properties": { "codigo_indec": "740560803" }, "geometry": { "type": "Polygon", "coordinates": [ [ [ -66.310870156860773, -33.261102947791066 ], [ -66.310052731866705, -33.26743445522348 ], [ -66.311472667359965, -33.26757516750957 ], [ -66.312348680795651, -33.261148832521123 ], [ -66.310870156860773, -33.261102947791066 ] ] ] } },
{ "type": "Feature", "properties": { "codigo_indec": "740560722" }, "geometry": { "type": "Polygon", "coordinates": [ [ [ -66.335564371235904, -33.279896384754522 ], [ -66.331757685764231, -33.279550458140882 ], [ -66.331155962998025, -33.282946700252367 ], [ -66.333478176756159, -33.28315688326601 ], [ -66.333588653806814, -33.281862747881178 ], [ -66.33531753102038, -33.282015881549221 ], [ -66.335564371235904, -33.279896384754522 ] ] ] } },
{ "type": "Feature", "properties": { "codigo_indec": "740560720" }, "geometry": { "type": "Polygon", "coordinates": [ [ [ -66.329070508393812, -33.2778850756252 ], [ -66.326877186374176, -33.277656438101729 ], [ -66.326664807306599, -33.278995918077001 ], [ -66.325397794394064, -33.278900061630694 ], [ -66.324821823984081, -33.283517915785623 ], [ -66.328043099822239, -33.283730355869913 ], [ -66.329070508393812, -33.2778850756252 ] ] ] } },
{ "type": "Feature", "properties": { "codigo_indec": "740560709" }, "geometry": { "type": "Polygon", "coordinates": [ [ [ -66.327470187298871, -33.27045084270781 ], [ -66.327008214403847, -33.273932356872891 ], [ -66.331920635521314, -33.274388186845947 ], [ -66.331858775803497, -33.270804367039695 ], [ -66.327470187298871, -33.27045084270781 ] ] ] } },
{ "type": "Feature", "properties": { "codigo_indec": "740560511" }, "geometry": { "type": "Polygon", "coordinates": [ [ [ -66.253547743426694, -33.280951781850895 ], [ -66.264507753755936, -33.285378498779039 ], [ -66.265080362586076, -33.282144928219523 ], [ -66.261115865298876, -33.280115629611728 ], [ -66.260128390907084, -33.281055397788762 ], [ -66.255323122501068, -33.278694065893326 ], [ -66.253547743426694, -33.280951781850895 ] ] ] } },
{ "type": "Feature", "properties": { "codigo_indec": "740560508" }, "geometry": { "type": "Polygon", "coordinates": [ [ [ -66.235564026954521, -33.2747749051711 ], [ -66.235982009974506, -33.276532298759925 ], [ -66.236710276670038, -33.276914108602185 ], [ -66.235826967337502, -33.277754306734707 ], [ -66.23592503039248, -33.27829510086022 ], [ -66.23690690759959, -33.279172326264643 ], [ -66.237531140443139, -33.280767026070009 ], [ -66.239291535161158, -33.281719380950669 ], [ -66.239298723150853, -33.282386575515496 ], [ -66.238149671225045, -33.283218284451742 ], [ -66.239901138383743, -33.284810806434578 ], [ -66.240779349336862, -33.285034516544862 ], [ -66.241228710348679, -33.284483649458927 ], [ -66.242149301346515, -33.284504400330796 ], [ -66.242698709509568, -33.285197585854746 ], [ -66.244989160707362, -33.281775905068933 ], [ -66.24687879107222, -33.282840601397567 ], [ -66.250282019934744, -33.277293261268944 ], [ -66.251342852627744, -33.27664645314713 ], [ -66.251036415754328, -33.276466745622059 ], [ -66.253008245992788, -33.274411531920705 ], [ -66.250557367723303, -33.272225525061728 ], [ -66.246228337757344, -33.274839896378417 ], [ -66.239659222345608, -33.274852733424403 ], [ -66.239759552468854, -33.273270172090214 ], [ -66.238356052228482, -33.274233111234935 ], [ -66.235564026954521, -33.2747749051711 ] ] ] } },
{ "type": "Feature", "properties": { "codigo_indec": "740561403" }, "geometry": { "type": "Polygon", "coordinates": [ [ [ -66.328876050096525, -33.296157111082046 ], [ -66.328413700496284, -33.298840676858859 ], [ -66.333429987627824, -33.299417885586244 ], [ -66.334267755511377, -33.296679195089439 ], [ -66.328876050096525, -33.296157111082046 ] ] ] } },
{ "type": "Feature", "properties": { "codigo_indec": "740561207" }, "geometry": { "type": "Polygon", "coordinates": [ [ [ -66.351501074796644, -33.305670455360023 ], [ -66.349261172476432, -33.30337311629166 ], [ -66.347359108340001, -33.302981731956613 ], [ -66.346313492513829, -33.306699350339791 ], [ -66.350443956888995, -33.307147599353499 ], [ -66.350526449583839, -33.306295330304799 ], [ -66.354139115285875, -33.306817046124195 ], [ -66.351501074796644, -33.305670455360023 ] ] ] } },
{ "type": "Feature", "properties": { "codigo_indec": "740561112" }, "geometry": { "type": "Polygon", "coordinates": [ [ [ -66.336123235182328, -33.296872548805361 ], [ -66.33578091536404, -33.298600091106884 ], [ -66.342184323636985, -33.299010897855077 ], [ -66.342626589048876, -33.297476912880775 ], [ -66.336123235182328, -33.296872548805361 ] ] ] } },
{ "type": "Feature", "properties": { "codigo_indec": "740561106" }, "geometry": { "type": "Polygon", "coordinates": [ [ [ -66.337566956506976, -33.28772161596445 ], [ -66.336933843136947, -33.292682291599704 ], [ -66.338547562565154, -33.292844707697299 ], [ -66.33894236984807, -33.291522746140771 ], [ -66.338532114490604, -33.290234535429526 ], [ -66.340151054472329, -33.290369867847978 ], [ -66.340444900879106, -33.287939173934319 ], [ -66.337566956506976, -33.28772161596445 ] ] ] } },
{ "type": "Feature", "properties": { "codigo_indec": "740561010" }, "geometry": { "type": "Polygon", "coordinates": [ [ [ -66.311294107195707, -33.284553338846443 ], [ -66.31087501903734, -33.288219514344618 ], [ -66.316222380332064, -33.288517087402468 ], [ -66.316684511722315, -33.284940948162237 ], [ -66.311294107195707, -33.284553338846443 ] ] ] } },
{ "type": "Feature", "properties": { "codigo_indec": "740561007" }, "geometry": { "type": "Polygon", "coordinates": [ [ [ -66.308042991690954, -33.283483989547825 ], [ -66.302947934629643, -33.283099793679924 ], [ -66.302915979609395, -33.285502717502624 ], [ -66.304380858999593, -33.286139296682954 ], [ -66.304928669392638, -33.285457223021787 ], [ -66.307757662792753, -33.287064169170264 ], [ -66.308042991690954, -33.283483989547825 ] ] ] } },
{ "type": "Feature", "properties": { "codigo_indec": "740560915" }, "geometry": { "type": "Polygon", "coordinates": [ [ [ -66.296017031643729, -33.287417270948296 ], [ -66.295931106989741, -33.288995328774377 ], [ -66.302052959341481, -33.291293283427173 ], [ -66.302602895980954, -33.287324773593504 ], [ -66.296017031643729, -33.287417270948296 ] ] ] } },
{ "type": "Feature", "properties": { "codigo_indec": "740560914" }, "geometry": { "type": "Polygon", "coordinates": [ [ [ -66.295820887169157, -33.290532870623075 ], [ -66.29639715826535, -33.281569288462798 ], [ -66.291356597189079, -33.279768925150684 ], [ -66.290063504323584, -33.282328074808206 ], [ -66.288617903483299, -33.281790460692022 ], [ -66.288034134396142, -33.282995492774631 ], [ -66.289879998146532, -33.283644884666607 ], [ -66.288007027442063, -33.286998797818121 ], [ -66.295820887169157, -33.290532870623075 ] ] ] } },
{ "type": "Feature", "properties": { "codigo_indec": "740560913" }, "geometry": { "type": "Polygon", "coordinates": [ [ [ -66.296684550339435, -33.272119499145717 ], [ -66.286816503771206, -33.275848366622412 ], [ -66.286809351853037, -33.276943866510813 ], [ -66.287635453398678, -33.277631706574759 ], [ -66.283788167875684, -33.283726563923267 ], [ -66.283724006910504, -33.285462350691375 ], [ -66.28169147981076, -33.286855485393865 ], [ -66.284200603985795, -33.286773135163557 ], [ -66.284407688954929, -33.287732898438264 ], [ -66.286708542888817, -33.287150568786863 ], [ -66.289248872689825, -33.287577466036062 ], [ -66.288007027442063, -33.286998797818121 ], [ -66.289879998146532, -33.283644884666607 ], [ -66.288034134396142, -33.282995492774631 ], [ -66.288617903483299, -33.281790460692022 ], [ -66.290063504323584, -33.282328074808206 ], [ -66.291356597189079, -33.279768925150684 ], [ -66.29639715826535, -33.281569288462798 ], [ -66.296776016090121, -33.274567213191489 ], [ -66.297735944145359, -33.273555089694391 ], [ -66.296684550339435, -33.272119499145717 ] ] ] } },
{ "type": "Feature", "properties": { "codigo_indec": "740560912" }, "geometry": { "type": "Polygon", "coordinates": [ [ [ -66.296459312048981, -33.280108497277411 ], [ -66.296017031643729, -33.287417270948296 ], [ -66.302602895980954, -33.287324773593504 ], [ -66.302808046610949, -33.286111581093898 ], [ -66.301165636839073, -33.284573782891052 ], [ -66.29842043728793, -33.283083696321022 ], [ -66.297429983029247, -33.283036480437609 ], [ -66.296459312048981, -33.280108497277411 ] ] ] } },
{ "type": "Feature", "properties": { "codigo_indec": "740560911" }, "geometry": { "type": "Polygon", "coordinates": [ [ [ -66.296470459428022, -33.279436755136494 ], [ -66.297429983029247, -33.283036480437609 ], [ -66.300352937100442, -33.283931083214547 ], [ -66.302808046610949, -33.286111581093898 ], [ -66.302958980932786, -33.283189929849947 ], [ -66.296470459428022, -33.279436755136494 ] ] ] } },
{ "type": "Feature", "properties": { "codigo_indec": "740560503" }, "geometry": { "type": "Polygon", "coordinates": [ [ [ -66.223935342751247, -33.258539905370007 ], [ -66.222183365045623, -33.258543048008875 ], [ -66.218029031150579, -33.260268019350114 ], [ -66.217113378369646, -33.261054045320357 ], [ -66.217813230173434, -33.261963474259076 ], [ -66.217319150164599, -33.262888516026131 ], [ -66.21555816424268, -33.261444454757012 ], [ -66.213515542900467, -33.263318874582474 ], [ -66.212369121740707, -33.263018789675854 ], [ -66.210736614736675, -33.263648204437104 ], [ -66.210227803620072, -33.26405931026185 ], [ -66.210344388831487, -33.264564029403225 ], [ -66.20911596629098, -33.264759953212412 ], [ -66.209256974157825, -33.265381844950944 ], [ -66.207519478796854, -33.265894181338069 ], [ -66.20643389852961, -33.267509916870701 ], [ -66.204185339419183, -33.267513629805883 ], [ -66.204278977032729, -33.269699942768248 ], [ -66.207230055367347, -33.269456125650287 ], [ -66.21022749553957, -33.270650268679184 ], [ -66.211534348738525, -33.271788620647399 ], [ -66.212540380805208, -33.273905747084591 ], [ -66.213542927746857, -33.274571238833204 ], [ -66.215325596663192, -33.274915293382044 ], [ -66.217405655968506, -33.273978481476071 ], [ -66.220063250718155, -33.269019321429148 ], [ -66.222072862314178, -33.268948125624632 ], [ -66.221245354832092, -33.265338550332402 ], [ -66.22158489671537, -33.263791640027499 ], [ -66.230638271577462, -33.264987876970878 ], [ -66.231347134794206, -33.264161563403711 ], [ -66.230405579251055, -33.261183404638643 ], [ -66.22516558763337, -33.2611930034994 ], [ -66.223935342751247, -33.258539905370007 ] ] ] } },
{ "type": "Feature", "properties": { "codigo_indec": "740560605" }, "geometry": { "type": "Polygon", "coordinates": [ [ [ -66.344322806381669, -33.274196670985631 ], [ -66.338889771368088, -33.274441515473541 ], [ -66.338639468873595, -33.277029877712046 ], [ -66.344343609661109, -33.276761752283726 ], [ -66.344322806381669, -33.274196670985631 ] ] ] } },
{ "type": "Feature", "properties": { "codigo_indec": "740560604" }, "geometry": { "type": "Polygon", "coordinates": [ [ [ -66.344391900198289, -33.271973959447493 ], [ -66.341597727358931, -33.272464040728323 ], [ -66.339113836213542, -33.272011008748429 ], [ -66.338889771368088, -33.274441515473541 ], [ -66.344416708307094, -33.274191902725981 ], [ -66.344391900198289, -33.271973959447493 ] ] ] } },
{ "type": "Feature", "properties": { "codigo_indec": "740560502" }, "geometry": { "type": "Polygon", "coordinates": [ [ [ -66.232462850460394, -33.262969323227665 ], [ -66.232513652895534, -33.247709021588463 ], [ -66.225627749578351, -33.24892989930828 ], [ -66.22304162674412, -33.254204637055913 ], [ -66.223335535241489, -33.254785665690939 ], [ -66.2244172779547, -33.255000111250325 ], [ -66.223520838930582, -33.255912379331399 ], [ -66.223928706740082, -33.255938694672984 ], [ -66.224484107333922, -33.25490531871791 ], [ -66.225367577075232, -33.255219293842472 ], [ -66.224474373708787, -33.257393854713072 ], [ -66.224851508561215, -33.257988253708902 ], [ -66.223935342751247, -33.258539905370007 ], [ -66.22516558763337, -33.2611930034994 ], [ -66.230405579251055, -33.261183404638643 ], [ -66.231347134794206, -33.264161563403711 ], [ -66.232462850460394, -33.262969323227665 ] ] ] } },
{ "type": "Feature", "properties": { "codigo_indec": "740490305" }, "geometry": { "type": "Polygon", "coordinates": [ [ [ -65.014191661264576, -32.410672699689009 ], [ -65.009003736600675, -32.411700523893835 ], [ -65.009688479071286, -32.410078331602399 ], [ -65.004955485612754, -32.410816509984187 ], [ -64.997996556960871, -32.417947930437478 ], [ -64.999124858950523, -32.424313893852649 ], [ -65.005796923162663, -32.422536271561704 ], [ -65.006398067439022, -32.427824986212812 ], [ -65.0123482195402, -32.426451597573333 ], [ -65.014191661264576, -32.410672699689009 ] ] ] } },
{ "type": "Feature", "properties": { "codigo_indec": "740560703" }, "geometry": { "type": "Polygon", "coordinates": [ [ [ -66.331858775803497, -33.270804367039695 ], [ -66.331770087462132, -33.265800545813597 ], [ -66.322754237263752, -33.270088997239569 ], [ -66.323273509121393, -33.270466333627667 ], [ -66.324147201997334, -33.270175536584773 ], [ -66.331858775803497, -33.270804367039695 ] ] ] } },
{ "type": "Feature", "properties": { "codigo_indec": "740560616" }, "geometry": { "type": "Polygon", "coordinates": [ [ [ -66.347178545939173, -33.283827152909922 ], [ -66.344088567053319, -33.283574272212647 ], [ -66.34306778777902, -33.2881303205846 ], [ -66.345892009911765, -33.288329868008695 ], [ -66.346285964988226, -33.285466099565838 ], [ -66.347105047783018, -33.285599059365516 ], [ -66.347178545939173, -33.283827152909922 ] ] ] } },
{ "type": "Feature", "properties": { "codigo_indec": "740560515" }, "geometry": { "type": "Polygon", "coordinates": [ [ [ -66.232191713242173, -33.281164816215494 ], [ -66.237376651277202, -33.284170985613763 ], [ -66.244686686121838, -33.290711676159596 ], [ -66.247709429660787, -33.292824522361606 ], [ -66.252786432896173, -33.298931863741821 ], [ -66.254335840566512, -33.300069264493523 ], [ -66.260006844778118, -33.302509961603505 ], [ -66.259754615424214, -33.303448183633677 ], [ -66.267777919856243, -33.302497967574745 ], [ -66.278242538225157, -33.303701192940146 ], [ -66.27863938672543, -33.301031482170629 ], [ -66.278131781867927, -33.301789987677672 ], [ -66.27612134156503, -33.301821519854386 ], [ -66.275310766913051, -33.300993819428534 ], [ -66.272410628800742, -33.299769486366074 ], [ -66.268874795767957, -33.296919020176901 ], [ -66.268396073597515, -33.295734411375356 ], [ -66.267253628176263, -33.2951778625483 ], [ -66.262336028253557, -33.294169497346942 ], [ -66.260043635102178, -33.296816092110731 ], [ -66.258354466220041, -33.297441739913168 ], [ -66.256926048654435, -33.297291423975608 ], [ -66.255350288643484, -33.296316402600006 ], [ -66.255267559369969, -33.29555920290602 ], [ -66.256489434035814, -33.293014088602391 ], [ -66.254819973808665, -33.292093350802936 ], [ -66.252875362115304, -33.291610441615106 ], [ -66.252373396833846, -33.292522109356227 ], [ -66.253032746880365, -33.293133877878375 ], [ -66.252420598838839, -33.294000688333014 ], [ -66.250488355716172, -33.294099268878469 ], [ -66.250642164331708, -33.29250758001244 ], [ -66.249479547872596, -33.290467724149707 ], [ -66.250450167791087, -33.290127660332303 ], [ -66.252756636766136, -33.290461103193344 ], [ -66.252802581670423, -33.289640525133926 ], [ -66.250981830259704, -33.289274546083249 ], [ -66.248360249127472, -33.287593760573387 ], [ -66.24493257887616, -33.288421047233825 ], [ -66.24528780408852, -33.286842490725562 ], [ -66.244696472490261, -33.2855633384642 ], [ -66.242876575662052, -33.285463220006186 ], [ -66.242149301346515, -33.284504400330796 ], [ -66.240328265182811, -33.284958750729146 ], [ -66.238389416893583, -33.283546920882976 ], [ -66.238149671225045, -33.283218284451742 ], [ -66.239298723150853, -33.282386575515496 ], [ -66.239291535161158, -33.281719380950669 ], [ -66.237531140443139, -33.280767026070009 ], [ -66.235826967337502, -33.277754306734707 ], [ -66.232191713242173, -33.281164816215494 ] ] ] } },
{ "type": "Feature", "properties": { "codigo_indec": "740490211" }, "geometry": { "type": "Polygon", "coordinates": [ [ [ -65.216636340558821, -32.345271187192623 ], [ -65.207444423624892, -32.345682671537155 ], [ -65.207896704326842, -32.348025511819138 ], [ -65.207615089230032, -32.348952528695001 ], [ -65.21602748562637, -32.349050181320187 ], [ -65.216636340558821, -32.345271187192623 ] ] ] } },
{ "type": "Feature", "properties": { "codigo_indec": "740490210" }, "geometry": { "type": "Polygon", "coordinates": [ [ [ -65.20788905625453, -32.341893671603621 ], [ -65.208589747828071, -32.345595180314767 ], [ -65.216636340558821, -32.345271187192623 ], [ -65.217082241358867, -32.342523663267976 ], [ -65.216517386720938, -32.342434491518624 ], [ -65.216368725447268, -32.341504780720221 ], [ -65.213372452362961, -32.341301277158522 ], [ -65.20788905625453, -32.341893671603621 ] ] ] } },
{ "type": "Feature", "properties": { "codigo_indec": "740420603" }, "geometry": { "type": "Polygon", "coordinates": [ [ [ -65.325045612072358, -35.719313577494226 ], [ -65.314006246951308, -35.716912396051491 ], [ -65.313831193726728, -35.717672958969359 ], [ -65.309397177164882, -35.716669733163428 ], [ -65.307500291439425, -35.723877882735302 ], [ -65.311342116312503, -35.724706553305566 ], [ -65.310147335475946, -35.729323141900842 ], [ -65.325328228677549, -35.732653735102673 ], [ -65.327965728666612, -35.721650654245089 ], [ -65.324798216762503, -35.721128219974453 ], [ -65.325045612072358, -35.719313577494226 ] ] ] } },
{ "type": "Feature", "properties": { "codigo_indec": "740560204" }, "geometry": { "type": "Polygon", "coordinates": [ [ [ -66.317107634877672, -33.263160954531017 ], [ -66.319450577343602, -33.263321759490744 ], [ -66.319795475043321, -33.259304095689032 ], [ -66.317651488706588, -33.25922844390827 ], [ -66.317107634877672, -33.263160954531017 ] ] ] } },
{ "type": "Feature", "properties": { "codigo_indec": "740420206" }, "geometry": { "type": "Polygon", "coordinates": [ [ [ -65.264929854526542, -34.751309654751594 ], [ -65.264706202237903, -34.75436403008387 ], [ -65.262598472673048, -34.754351284700221 ], [ -65.262370256010911, -34.756680004461572 ], [ -65.271771348544959, -34.756970952799826 ], [ -65.271724062123013, -34.751472164974977 ], [ -65.264929854526542, -34.751309654751594 ] ] ] } },
{ "type": "Feature", "properties": { "codigo_indec": "740420202" }, "geometry": { "type": "Polygon", "coordinates": [ [ [ -65.693452359892788, -34.769403843851769 ], [ -65.688879545745166, -34.769734781589094 ], [ -65.6818645000304, -34.779505988538453 ], [ -65.690600114772508, -34.784346546929896 ], [ -65.691882211779145, -34.782592047332408 ], [ -65.691557454321853, -34.781784461853164 ], [ -65.696894105651353, -34.774419809458372 ], [ -65.691772770268713, -34.77162609344979 ], [ -65.693452359892788, -34.769403843851769 ] ] ] } },
{ "type": "Feature", "properties": { "codigo_indec": "740351602" }, "geometry": { "type": "Polygon", "coordinates": [ [ [ -65.175148783247707, -33.860559895596801 ], [ -65.170577513257271, -33.862819067952394 ], [ -65.170180490815596, -33.862248440887583 ], [ -65.159348865120037, -33.86785006901048 ], [ -65.160665293611501, -33.86999112109833 ], [ -65.165442078296863, -33.867224360746796 ], [ -65.173606036088373, -33.879080193015135 ], [ -65.175805465072386, -33.877968032079053 ], [ -65.169719272434662, -33.86970536941277 ], [ -65.17403384901354, -33.867489590255985 ], [ -65.172666145238253, -33.865591742571297 ], [ -65.177205396181762, -33.86330072769227 ], [ -65.175148783247707, -33.860559895596801 ] ] ] } },
{ "type": "Feature", "properties": { "codigo_indec": "740350601" }, "geometry": { "type": "Polygon", "coordinates": [ [ [ -65.549775595254957, -33.619685411300168 ], [ -65.516106247811678, -33.631963923752807 ], [ -65.486614967641984, -33.637921595973545 ], [ -65.470790359270509, -33.642150859462284 ], [ -65.4718110532732, -33.645784037029969 ], [ -65.477903739181613, -33.655682082817918 ], [ -65.477901425503546, -33.656957790417849 ], [ -65.480582868958521, -33.658357499362232 ], [ -65.482585809924856, -33.664153956620787 ], [ -65.484144148128848, -33.665900492561931 ], [ -65.487008682535915, -33.666944707532146 ], [ -65.502946261354793, -33.666694277926354 ], [ -65.501202086021806, -33.671857735166853 ], [ -65.501765014108017, -33.674745016574512 ], [ -65.502507914316794, -33.675879474139329 ], [ -65.508041572796543, -33.674616894294438 ], [ -65.509624706110955, -33.670219033987451 ], [ -65.510463049749589, -33.669744526891449 ], [ -65.517585525989404, -33.669641804638836 ], [ -65.518689769728454, -33.668848222565636 ], [ -65.519358381297181, -33.667376761455465 ], [ -65.522142398875516, -33.666981850578054 ], [ -65.524874031450963, -33.667285390691362 ], [ -65.529129878225802, -33.661928328254909 ], [ -65.532218533651374, -33.656003219796318 ], [ -65.534716338356844, -33.654123856516556 ], [ -65.534625576155648, -33.653460860638859 ], [ -65.536495895736621, -33.653481410572191 ], [ -65.53927211196924, -33.649394147943291 ], [ -65.542262714092843, -33.648539747737104 ], [ -65.54652667601647, -33.64896116794808 ], [ -65.548359209850034, -33.648458487719168 ], [ -65.553065732544013, -33.641993284378024 ], [ -65.557941785680327, -33.639653198609786 ], [ -65.561846881941349, -33.636903773512714 ], [ -65.552852199112948, -33.631169118986897 ], [ -65.544284268963537, -33.626995108134551 ], [ -65.552040398372284, -33.62403021449056 ], [ -65.549775595254957, -33.619685411300168 ] ] ] } },
{ "type": "Feature", "properties": { "codigo_indec": "740350820" }, "geometry": { "type": "Polygon", "coordinates": [ [ [ -65.446288487322391, -33.670492454290262 ], [ -65.437806537799617, -33.672365476410064 ], [ -65.438579516999511, -33.674960981613602 ], [ -65.447077505135979, -33.673146581916662 ], [ -65.446288487322391, -33.670492454290262 ] ] ] } },
{ "type": "Feature", "properties": { "codigo_indec": "740280403" }, "geometry": { "type": "Polygon", "coordinates": [ [ [ -65.296398134840999, -32.731823925356451 ], [ -65.292290759739799, -32.727121048316477 ], [ -65.293006483100029, -32.726656208856262 ], [ -65.290511399095905, -32.723824339762373 ], [ -65.28776435346019, -32.725535496418132 ], [ -65.294251579384579, -32.733128322357139 ], [ -65.296398134840999, -32.731823925356451 ] ] ] } },
{ "type": "Feature", "properties": { "codigo_indec": "740560316" }, "geometry": { "type": "Polygon", "coordinates": [ [ [ -66.310241906732585, -33.182724992073311 ], [ -66.301703252292967, -33.180158254593579 ], [ -66.300848400861412, -33.182585750232171 ], [ -66.307446023676349, -33.185040139597241 ], [ -66.309298914389359, -33.185184321239056 ], [ -66.310241906732585, -33.182724992073311 ] ] ] } },
{ "type": "Feature", "properties": { "codigo_indec": "740560306" }, "geometry": { "type": "Polygon", "coordinates": [ [ [ -66.318735715547447, -33.172028050740053 ], [ -66.315735559287219, -33.171039374943938 ], [ -66.314714387896245, -33.173296076574395 ], [ -66.313580633135103, -33.173307953530241 ], [ -66.314544472108906, -33.173751837359013 ], [ -66.313417562569342, -33.176441584763367 ], [ -66.318048451746932, -33.177660587841231 ], [ -66.319914808062833, -33.178598025780566 ], [ -66.321224044807266, -33.17597086602828 ], [ -66.317498913703247, -33.1746775425067 ], [ -66.318735715547447, -33.172028050740053 ] ] ] } },
{ "type": "Feature", "properties": { "codigo_indec": "740490418" }, "geometry": { "type": "Polygon", "coordinates": [ [ [ -64.996454100406893, -32.349320312028986 ], [ -64.994182633179548, -32.349401407060043 ], [ -64.994012505294464, -32.34869671583386 ], [ -64.992041366756084, -32.348996577975043 ], [ -64.991808022367465, -32.348007339878905 ], [ -64.990701289405607, -32.348187848045036 ], [ -64.990039050068631, -32.347560366901199 ], [ -64.987333985587313, -32.348187909667857 ], [ -64.985767975457193, -32.348116715971585 ], [ -64.985747861073222, -32.347539459829548 ], [ -64.981004651884746, -32.349228003603223 ], [ -64.97937671075195, -32.347812683408762 ], [ -64.976959399531808, -32.348113206940297 ], [ -64.97895674714718, -32.348792147461346 ], [ -64.979323252997474, -32.352099876814712 ], [ -64.978097408078924, -32.352238732464052 ], [ -64.978131683389563, -32.352969393992112 ], [ -64.973729976482815, -32.353776750529001 ], [ -64.971238246809122, -32.355474202640174 ], [ -64.973375334773721, -32.356253559899315 ], [ -64.975294895062191, -32.355836351513247 ], [ -64.976248123734194, -32.356326506576345 ], [ -64.977268666349275, -32.356028206108434 ], [ -64.979056091946319, -32.356732495073729 ], [ -64.981450894296472, -32.356801453048938 ], [ -64.984541707063286, -32.358756033840706 ], [ -64.984502179783149, -32.359441013856319 ], [ -64.985458316622783, -32.359678645162958 ], [ -64.986907823134786, -32.361164591279284 ], [ -64.98985950239576, -32.362279336885805 ], [ -64.99417291878882, -32.362994605539178 ], [ -64.996586447565392, -32.351765001555982 ], [ -64.996454100406893, -32.349320312028986 ] ] ] } },
{ "type": "Feature", "properties": { "codigo_indec": "740560301" }, "geometry": { "type": "Polygon", "coordinates": [ [ [ -66.32061465788108, -33.16320061063751 ], [ -66.322136012779765, -33.162948731410609 ], [ -66.321748931059787, -33.164834175429554 ], [ -66.322070541574462, -33.164833344055182 ], [ -66.322784092727716, -33.161351136786827 ], [ -66.32515729025252, -33.161728163328675 ], [ -66.326006924481518, -33.156676712967887 ], [ -66.319208876735033, -33.155409472624342 ], [ -66.31893253949076, -33.156803227883238 ], [ -66.313614780595458, -33.155797868877805 ], [ -66.310629629230789, -33.154331153514896 ], [ -66.313975624560044, -33.151022726601695 ], [ -66.312737897760101, -33.148839339590651 ], [ -66.310418941244208, -33.14777217666127 ], [ -66.303468077161696, -33.146995852569241 ], [ -66.303437631212802, -33.152162382560604 ], [ -66.30481308701485, -33.153155347006326 ], [ -66.307507889532843, -33.153626597103496 ], [ -66.309072800987039, -33.155132986219762 ], [ -66.313051736985429, -33.157228398895406 ], [ -66.32137654161923, -33.158996967374961 ], [ -66.32061465788108, -33.16320061063751 ] ] ] } },
{ "type": "Feature", "properties": { "codigo_indec": "740490407" }, "geometry": { "type": "Polygon", "coordinates": [ [ [ -65.014539167254142, -32.340977780831899 ], [ -65.014809243695652, -32.336638134115418 ], [ -65.011560615798601, -32.335774128383427 ], [ -65.010374721801043, -32.336414065966039 ], [ -65.008325868466613, -32.336077868832014 ], [ -65.008430303871634, -32.339406014714278 ], [ -65.007309546294863, -32.339424251822784 ], [ -65.007225338761842, -32.341786078675611 ], [ -65.011216153338509, -32.342056377471835 ], [ -65.013015990437282, -32.341128181253055 ], [ -65.014539167254142, -32.340977780831899 ] ] ] } },
{ "type": "Feature", "properties": { "codigo_indec": "740280108" }, "geometry": { "type": "Polygon", "coordinates": [ [ [ -65.309020317123512, -32.657184311898305 ], [ -65.302517866182811, -32.657229498231679 ], [ -65.30203008947943, -32.663759587463076 ], [ -65.305017854024683, -32.666129598983538 ], [ -65.307529103445191, -32.666030768973769 ], [ -65.308869273359491, -32.663653166252004 ], [ -65.309020317123512, -32.657184311898305 ] ] ] } },
{ "type": "Feature", "properties": { "codigo_indec": "740070406" }, "geometry": { "type": "Polygon", "coordinates": [ [ [ -65.811038108230477, -32.233333915393885 ], [ -65.806952484577749, -32.227479662231239 ], [ -65.803278168793483, -32.227915872008431 ], [ -65.8035445016897, -32.233565971222596 ], [ -65.811038108230477, -32.233333915393885 ] ] ] } },
{ "type": "Feature", "properties": { "codigo_indec": "740351208" }, "geometry": { "type": "Polygon", "coordinates": [ [ [ -65.4504519273206, -33.692315309692802 ], [ -65.444020252968983, -33.693711000290172 ], [ -65.445035206309669, -33.697312785642488 ], [ -65.451497166731428, -33.695858577502584 ], [ -65.4504519273206, -33.692315309692802 ] ] ] } },
{ "type": "Feature", "properties": { "codigo_indec": "740351113" }, "geometry": { "type": "Polygon", "coordinates": [ [ [ -65.480565823137397, -33.685855157419226 ], [ -65.475215105391285, -33.68700007269198 ], [ -65.476915655333045, -33.692908007269111 ], [ -65.479816883201153, -33.692023201705034 ], [ -65.481943057469636, -33.690431861789158 ], [ -65.480565823137397, -33.685855157419226 ] ] ] } },
{ "type": "Feature", "properties": { "codigo_indec": "740351105" }, "geometry": { "type": "Polygon", "coordinates": [ [ [ -65.473911661609151, -33.678785799225572 ], [ -65.469487095822373, -33.6797540962502 ], [ -65.469705402131169, -33.680643072904616 ], [ -65.470922859263752, -33.680386837930854 ], [ -65.471440442823891, -33.682156116403803 ], [ -65.47468798602894, -33.681462237161348 ], [ -65.473911661609151, -33.678785799225572 ] ] ] } },
{ "type": "Feature", "properties": { "codigo_indec": "740351011" }, "geometry": { "type": "Polygon", "coordinates": [ [ [ -65.472854030518207, -33.671411006268492 ], [ -65.468583817110954, -33.672325838470641 ], [ -65.469861100715804, -33.676798573250124 ], [ -65.474166677625107, -33.675865817879874 ], [ -65.472854030518207, -33.671411006268492 ] ] ] } },
{ "type": "Feature", "properties": { "codigo_indec": "740350917" }, "geometry": { "type": "Polygon", "coordinates": [ [ [ -65.448111164367518, -33.684353110982762 ], [ -65.437365907458698, -33.686626171773547 ], [ -65.438725265419293, -33.691113107394038 ], [ -65.44948800125961, -33.688718300164354 ], [ -65.448111164367518, -33.684353110982762 ] ] ] } },
{ "type": "Feature", "properties": { "codigo_indec": "740350910" }, "geometry": { "type": "Polygon", "coordinates": [ [ [ -65.46200060538537, -33.67756248754997 ], [ -65.456677041490067, -33.678720244686843 ], [ -65.457735831972769, -33.68226803535314 ], [ -65.463083668809261, -33.681141894543913 ], [ -65.46200060538537, -33.67756248754997 ] ] ] } },
{ "type": "Feature", "properties": { "codigo_indec": "740350909" }, "geometry": { "type": "Polygon", "coordinates": [ [ [ -65.461483326241961, -33.675779647311941 ], [ -65.463083668809261, -33.681141894543913 ], [ -65.466250305052796, -33.680456901185956 ], [ -65.464660644167992, -33.675081216183635 ], [ -65.461483326241961, -33.675779647311941 ] ] ] } },
{ "type": "Feature", "properties": { "codigo_indec": "740350812" }, "geometry": { "type": "Polygon", "coordinates": [ [ [ -65.446835407142189, -33.664643755309243 ], [ -65.441458626642614, -33.665787100974875 ], [ -65.442266032469078, -33.668486421492865 ], [ -65.447659086557778, -33.667352130450737 ], [ -65.446835407142189, -33.664643755309243 ] ] ] } },
{ "type": "Feature", "properties": { "codigo_indec": "740350711" }, "geometry": { "type": "Polygon", "coordinates": [ [ [ -65.481774152770114, -33.661959750320932 ], [ -65.48039806386484, -33.658162885824346 ], [ -65.473293346245129, -33.66125223786657 ], [ -65.473160751415094, -33.660895554207976 ], [ -65.470973211829119, -33.661156681334454 ], [ -65.471051533097338, -33.661571736831448 ], [ -65.468895234168102, -33.662008766021543 ], [ -65.469635127864478, -33.664423630758861 ], [ -65.473513317361281, -33.66407958399779 ], [ -65.481774152770114, -33.661959750320932 ] ] ] } },
{ "type": "Feature", "properties": { "codigo_indec": "740350705" }, "geometry": { "type": "Polygon", "coordinates": [ [ [ -65.456721104817333, -33.655847753269903 ], [ -65.452483727491952, -33.656780210403589 ], [ -65.450386752930982, -33.657217179923251 ], [ -65.451157267150535, -33.658117660737538 ], [ -65.453771561348077, -33.658990235053473 ], [ -65.453514626758462, -33.658276862853874 ], [ -65.45412779578534, -33.658491439886816 ], [ -65.459418955878391, -33.657148819381064 ], [ -65.459163079563226, -33.656259657744521 ], [ -65.457009381628481, -33.656723538707666 ], [ -65.456721104817333, -33.655847753269903 ] ] ] } },
{ "type": "Feature", "properties": { "codigo_indec": "740350703" }, "geometry": { "type": "Polygon", "coordinates": [ [ [ -65.454011216338898, -33.646648852644482 ], [ -65.450151458365099, -33.647172687718218 ], [ -65.451553075246252, -33.652232193368597 ], [ -65.449026921758062, -33.652788947424014 ], [ -65.449834764661915, -33.655438640626663 ], [ -65.456212200430812, -33.654055907216033 ], [ -65.454011216338898, -33.646648852644482 ] ] ] } },
{ "type": "Feature", "properties": { "codigo_indec": "740070404" }, "geometry": { "type": "Polygon", "coordinates": [ [ [ -65.791167286243095, -32.221227735804362 ], [ -65.772657086686905, -32.22284606916174 ], [ -65.778545023086764, -32.241343103661734 ], [ -65.781113156517435, -32.242298959380037 ], [ -65.782641131060728, -32.250083980608238 ], [ -65.788724235764235, -32.250094298936325 ], [ -65.789232890653139, -32.248102209482226 ], [ -65.793590025645571, -32.247595386280778 ], [ -65.793623543716393, -32.248023787783232 ], [ -65.794642612060429, -32.245500456269049 ], [ -65.794951003456546, -32.244022032795563 ], [ -65.794525842783116, -32.239629656458831 ], [ -65.794825883063893, -32.238318048340204 ], [ -65.795747371178422, -32.2378506133388 ], [ -65.795711378677368, -32.233783507518488 ], [ -65.794154300708527, -32.233826070271121 ], [ -65.794462510597441, -32.23005711091421 ], [ -65.79229750875588, -32.230364687513493 ], [ -65.789786813611428, -32.224138216877428 ], [ -65.792121453967923, -32.22381292600307 ], [ -65.791167286243095, -32.221227735804362 ] ] ] } },
{ "type": "Feature", "properties": { "codigo_indec": "740210110" }, "geometry": { "type": "Polygon", "coordinates": [ [ [ -66.062940475191695, -33.123978663254093 ], [ -66.061014779657995, -33.124592749059389 ], [ -66.056146743454747, -33.123864693991635 ], [ -66.056109557340164, -33.124365131414891 ], [ -66.05992201282811, -33.12492689309299 ], [ -66.060594745771027, -33.125399938574908 ], [ -66.061870841640314, -33.13435728368195 ], [ -66.071309184096123, -33.133752636909819 ], [ -66.070486518530018, -33.130205082281712 ], [ -66.063874853822824, -33.130614393296078 ], [ -66.062940475191695, -33.123978663254093 ] ] ] } },
{ "type": "Feature", "properties": { "codigo_indec": "740210107" }, "geometry": { "type": "Polygon", "coordinates": [ [ [ -66.067415376559637, -33.051802624492375 ], [ -66.066837132519382, -33.058786360230414 ], [ -66.068438286470411, -33.06271225595416 ], [ -66.066848647663292, -33.066937429785121 ], [ -66.06629823885352, -33.071955498888457 ], [ -66.065051186815225, -33.072736096987974 ], [ -66.063607562775786, -33.07198395031228 ], [ -66.062646897327554, -33.072674211350304 ], [ -66.06192288813925, -33.074883654966037 ], [ -66.068032738760508, -33.078396967394596 ], [ -66.070447868780192, -33.078422676276496 ], [ -66.071191214053826, -33.073855317259408 ], [ -66.073171231586485, -33.069129439393357 ], [ -66.07546685341724, -33.067446462759463 ], [ -66.077846535575091, -33.064036698197263 ], [ -66.078016531545686, -33.062521790546278 ], [ -66.076083957795248, -33.062797993048612 ], [ -66.075026163328062, -33.062365833370031 ], [ -66.07605269598244, -33.060688109563571 ], [ -66.075107477687041, -33.060395640248842 ], [ -66.075105701286773, -33.058303771299791 ], [ -66.074074805936419, -33.057957245484239 ], [ -66.072670184888651, -33.055604716940238 ], [ -66.067415376559637, -33.051802624492375 ] ] ] } },
{ "type": "Feature", "properties": { "codigo_indec": "740140405" }, "geometry": { "type": "Polygon", "coordinates": [ [ [ -66.293901633241489, -33.00516945714422 ], [ -66.290522976273863, -33.005235974626331 ], [ -66.290816187107538, -33.008986244202873 ], [ -66.290356269606107, -33.011511993071643 ], [ -66.288027445484175, -33.015268337527168 ], [ -66.284981639821055, -33.014959744446429 ], [ -66.285177316729971, -33.01756512407507 ], [ -66.282739182135401, -33.017372303761235 ], [ -66.283797624572415, -33.026210769360645 ], [ -66.29124869605846, -33.02580137626655 ], [ -66.291551231250097, -33.032351288095327 ], [ -66.29398462030322, -33.031791053218392 ], [ -66.29353451431065, -33.022752888855074 ], [ -66.311188781717078, -33.020266594875132 ], [ -66.310997335783568, -33.018323975848269 ], [ -66.299088995987987, -33.017059185442442 ], [ -66.299127018974403, -33.014056534108967 ], [ -66.297199913802515, -33.012248780631353 ], [ -66.29420071251819, -33.012255885805899 ], [ -66.293901633241489, -33.00516945714422 ] ] ] } },
{ "type": "Feature", "properties": { "codigo_indec": "740140304" }, "geometry": { "type": "Polygon", "coordinates": [ [ [ -66.454841438865586, -32.66445245228298 ], [ -66.447654894299149, -32.664676669237757 ], [ -66.447707421637304, -32.668797312633956 ], [ -66.452430048546404, -32.668780375192704 ], [ -66.452423391842331, -32.667459389538912 ], [ -66.454044268514536, -32.666497719653989 ], [ -66.455773257790781, -32.666365212431202 ], [ -66.454841438865586, -32.66445245228298 ] ] ] } },
{ "type": "Feature", "properties": { "codigo_indec": "740490203" }, "geometry": { "type": "Polygon", "coordinates": [ [ [ -65.355453145947763, -32.217277143243734 ], [ -65.226818873327886, -32.178979627006001 ], [ -65.228296862643518, -32.186026880316192 ], [ -65.228567115463235, -32.197043498008952 ], [ -65.230499083463215, -32.201234911605937 ], [ -65.231454575004548, -32.204586238548217 ], [ -65.231729148765908, -32.210719845490438 ], [ -65.231388940137307, -32.212390533232757 ], [ -65.224791370120585, -32.217088966680137 ], [ -65.221485069023771, -32.220134608466978 ], [ -65.217845183151908, -32.224016725906658 ], [ -65.213530754115808, -32.230121862425143 ], [ -65.211802745655959, -32.24042260757647 ], [ -65.212066399540817, -32.247674311382994 ], [ -65.210076470706397, -32.250168744942386 ], [ -65.210669228806793, -32.257697529841458 ], [ -65.209668091537921, -32.259643551406633 ], [ -65.207029786844743, -32.261299756010743 ], [ -65.208318604278375, -32.263814693228078 ], [ -65.211907488474552, -32.266068956681195 ], [ -65.214531438798289, -32.266085301357286 ], [ -65.21450743596894, -32.268871546113743 ], [ -65.215143815497015, -32.271386862966153 ], [ -65.215100648392408, -32.276400295759849 ], [ -65.217371908162207, -32.279205290757005 ], [ -65.216687773937039, -32.282542010367273 ], [ -65.217972603978922, -32.28589544276452 ], [ -65.217295310951329, -32.288123060503246 ], [ -65.214987788727683, -32.289501927507594 ], [ -65.213635658569757, -32.293952628445815 ], [ -65.212593200900187, -32.300637051361932 ], [ -65.211269988894401, -32.302021980035825 ], [ -65.211175808598284, -32.312891863843298 ], [ -65.21012083042045, -32.320969349548079 ], [ -65.208455967394912, -32.323745286287007 ], [ -65.206810202201424, -32.324014490618644 ], [ -65.195976089537908, -32.324225462787929 ], [ -65.190732323142456, -32.323353328265746 ], [ -65.172727164322083, -32.322700042417594 ], [ -65.172953146897015, -32.342228542048524 ], [ -65.183556734100094, -32.341612297888346 ], [ -65.183284944333749, -32.339942333664865 ], [ -65.191015026254149, -32.339329366862138 ], [ -65.197479721758796, -32.336760136299773 ], [ -65.205616389948304, -32.335765618992454 ], [ -65.205413982839787, -32.334619140571419 ], [ -65.214198864282508, -32.3341691891249 ], [ -65.214286119296162, -32.335441180539448 ], [ -65.223829114141367, -32.334837473804143 ], [ -65.236529625040433, -32.335753584385195 ], [ -65.247047950663287, -32.332151226393329 ], [ -65.252006085588548, -32.32914185307871 ], [ -65.253645769870801, -32.324755575977662 ], [ -65.260855114115003, -32.318093557128897 ], [ -65.266317741287025, -32.313932325562867 ], [ -65.271634944767143, -32.312290387643543 ], [ -65.274112712911744, -32.310834818241702 ], [ -65.274124397246908, -32.309369549808039 ], [ -65.275983681379174, -32.3082305033385 ], [ -65.280958773796044, -32.303123498005569 ], [ -65.289178478777671, -32.292696248050447 ], [ -65.289673136443241, -32.290525817107472 ], [ -65.291973108853384, -32.289636986334195 ], [ -65.300271062873662, -32.289083581785661 ], [ -65.300993074079358, -32.286991011367661 ], [ -65.307582523313641, -32.278636519101852 ], [ -65.307983231550267, -32.272344481496411 ], [ -65.308523002913162, -32.27114810600235 ], [ -65.318116455459531, -32.261758891627807 ], [ -65.318677314638052, -32.257713034295705 ], [ -65.320453789364038, -32.25607689745955 ], [ -65.320821127403079, -32.254131078497387 ], [ -65.323819986776783, -32.253993866046606 ], [ -65.330756631860595, -32.245788732411299 ], [ -65.341238071733045, -32.235054251214926 ], [ -65.348869128991623, -32.228348618334465 ], [ -65.349597005513218, -32.225205213472314 ], [ -65.349624744333852, -32.221309738212263 ], [ -65.354123338119166, -32.218573405662752 ], [ -65.355453145947763, -32.217277143243734 ] ] ] } },
{ "type": "Feature", "properties": { "codigo_indec": "740490202" }, "geometry": { "type": "Polygon", "coordinates": [ [ [ -65.392824882734473, -32.193150469452419 ], [ -65.391591115477368, -32.194091399239134 ], [ -65.390792235686391, -32.196608001763472 ], [ -65.388669001219512, -32.196935919051207 ], [ -65.387529756300751, -32.1987925612288 ], [ -65.384548221550929, -32.198606748879229 ], [ -65.381625327247392, -32.199552873520311 ], [ -65.379185478662933, -32.198075543734802 ], [ -65.37633076778593, -32.19873782329244 ], [ -65.374943473953806, -32.198054646847559 ], [ -65.370436752392962, -32.197973675055955 ], [ -65.366843048092335, -32.200435594788388 ], [ -65.364765939490454, -32.203639978621275 ], [ -65.362305932661414, -32.20469618983725 ], [ -65.361366903549168, -32.206269542359088 ], [ -65.360234910718759, -32.206994250511848 ], [ -65.359953562035315, -32.209305857256886 ], [ -65.357859023126608, -32.214926762777047 ], [ -65.354123338119166, -32.218573405662752 ], [ -65.349624744333852, -32.221309738212263 ], [ -65.349597005513218, -32.225205213472314 ], [ -65.348869128991623, -32.228348618334465 ], [ -65.341238071733045, -32.235054251214926 ], [ -65.330756631860595, -32.245788732411299 ], [ -65.323819986776783, -32.253993866046606 ], [ -65.320821127403079, -32.254131078497387 ], [ -65.320453789364038, -32.25607689745955 ], [ -65.318677314638052, -32.257713034295705 ], [ -65.318116455459531, -32.261758891627807 ], [ -65.308523002913162, -32.27114810600235 ], [ -65.307983231550267, -32.272344481496411 ], [ -65.307582523313641, -32.278636519101852 ], [ -65.300993074079358, -32.286991011367661 ], [ -65.300271062873662, -32.289083581785661 ], [ -65.291973108853384, -32.289636986334195 ], [ -65.289673136443241, -32.290525817107472 ], [ -65.289178478777671, -32.292696248050447 ], [ -65.280958773796044, -32.303123498005569 ], [ -65.275983681379174, -32.3082305033385 ], [ -65.274124397246908, -32.309369549808039 ], [ -65.274112712911744, -32.310834818241702 ], [ -65.271634944767143, -32.312290387643543 ], [ -65.266317741287025, -32.313932325562867 ], [ -65.262965895113666, -32.316428660020513 ], [ -65.253645769870801, -32.324755575977662 ], [ -65.252006085588548, -32.32914185307871 ], [ -65.247047950663287, -32.332151226393329 ], [ -65.236529625040433, -32.335753584385195 ], [ -65.223829114141367, -32.334837473804143 ], [ -65.214286119296162, -32.335441180539448 ], [ -65.214508773248426, -32.337638293992484 ], [ -65.218587854516628, -32.337586977473443 ], [ -65.218618289227123, -32.338989365583593 ], [ -65.217144928870283, -32.338944161968804 ], [ -65.216947638683763, -32.343352424269654 ], [ -65.274827763512889, -32.344685836219327 ], [ -65.275094705647689, -32.351838166424031 ], [ -65.289667409167976, -32.360627374933856 ], [ -65.290158668663651, -32.372537596682371 ], [ -65.349418810530082, -32.35980004418812 ], [ -65.349385560846343, -32.36926367028375 ], [ -65.359327134908867, -32.36828207681841 ], [ -65.360887537051184, -32.371892460594566 ], [ -65.364951001479952, -32.376949227326485 ], [ -65.367746915637753, -32.378681099196641 ], [ -65.374541420215635, -32.379995464496773 ], [ -65.387257607723228, -32.380955143410482 ], [ -65.394044398788779, -32.380708405104883 ], [ -65.397770665810569, -32.382466626885986 ], [ -65.402779239665534, -32.381962932201098 ], [ -65.40519679227225, -32.38278142314757 ], [ -65.406514150638316, -32.384464877229718 ], [ -65.407232749652863, -32.382236439156408 ], [ -65.410232792089161, -32.37805288292661 ], [ -65.402935526174161, -32.376377360102431 ], [ -65.403551280057385, -32.371610037555143 ], [ -65.408507260372303, -32.364401369669125 ], [ -65.413147852602378, -32.361077563887292 ], [ -65.416956836893618, -32.361469456531132 ], [ -65.418941186637795, -32.358525386323343 ], [ -65.419584664938967, -32.355917784199264 ], [ -65.418243940434508, -32.35417573881481 ], [ -65.417660116555567, -32.349542557207144 ], [ -65.41466715152707, -32.338806883454424 ], [ -65.414335708253546, -32.335432792449652 ], [ -65.414713144882541, -32.331660709202232 ], [ -65.411209307009628, -32.327392642281353 ], [ -65.415397996061969, -32.326320995750137 ], [ -65.416166058136298, -32.325377710208542 ], [ -65.417119794111485, -32.321558681351384 ], [ -65.416274641367423, -32.316315579530645 ], [ -65.414414048228849, -32.312537623160019 ], [ -65.412850716450322, -32.31372969494452 ], [ -65.41155478460378, -32.312975202681557 ], [ -65.40783405217735, -32.302596626780755 ], [ -65.407966055328814, -32.300257187300303 ], [ -65.409139685132658, -32.297737765889508 ], [ -65.409442215649918, -32.294880610081734 ], [ -65.407465716132748, -32.294749612043972 ], [ -65.405637220600354, -32.293902382696736 ], [ -65.404516792479228, -32.292337062415868 ], [ -65.404246141447189, -32.290297812843356 ], [ -65.404706036066116, -32.284902957809827 ], [ -65.406553411829563, -32.283229872834347 ], [ -65.407982337934328, -32.280598933695224 ], [ -65.408134665119405, -32.278800636954912 ], [ -65.406036620363508, -32.275792434650469 ], [ -65.406633047592678, -32.270997872071177 ], [ -65.406367101468518, -32.268237233452574 ], [ -65.411483758128668, -32.266038334768197 ], [ -65.392824882734473, -32.193150469452419 ] ] ] } },
{ "type": "Feature", "properties": { "codigo_indec": "740490105" }, "geometry": { "type": "Polygon", "coordinates": [ [ [ -65.490397759710831, -32.038622488931786 ], [ -65.490642457399375, -32.04605429422547 ], [ -65.489851654749174, -32.048801598513954 ], [ -65.491090431005205, -32.058374646090108 ], [ -65.492116189462038, -32.059587167730015 ], [ -65.492728761353916, -32.065636163384383 ], [ -65.496753028910149, -32.085451104583669 ], [ -65.495701568501929, -32.088855700326583 ], [ -65.492451385983514, -32.092359709830589 ], [ -65.494777820237204, -32.115229395031747 ], [ -65.608420756917397, -32.165649657978484 ], [ -65.715558841800203, -32.211178619020835 ], [ -65.716004914550453, -32.05364473857091 ], [ -65.702979992180175, -32.057104883342305 ], [ -65.69436775570361, -32.061237228983359 ], [ -65.687562449466569, -32.062424547104179 ], [ -65.682939255686279, -32.062629499534118 ], [ -65.671780403401513, -32.061072533789662 ], [ -65.667539415308795, -32.062481823530248 ], [ -65.661375187422863, -32.063448471451522 ], [ -65.646960595633544, -32.067313949467739 ], [ -65.6335208014724, -32.06944012444535 ], [ -65.604678631875359, -32.078935066518731 ], [ -65.590510201782777, -32.081158094562646 ], [ -65.589050942881727, -32.082388834238536 ], [ -65.568563001617534, -32.089738006930936 ], [ -65.566014398364047, -32.091068469331063 ], [ -65.564883532571173, -32.083255030899096 ], [ -65.558805526793449, -32.081750555657351 ], [ -65.55390417313113, -32.078455361241019 ], [ -65.552877204961064, -32.072928230773897 ], [ -65.55036860968525, -32.066674400906358 ], [ -65.545025801026611, -32.06293090396845 ], [ -65.533553779957586, -32.056256472223353 ], [ -65.519610631757715, -32.044088721278186 ], [ -65.515002347757999, -32.038565684881299 ], [ -65.512513904006667, -32.03765885025927 ], [ -65.490397759710831, -32.038622488931786 ] ] ] } },
{ "type": "Feature", "properties": { "codigo_indec": "740420304" }, "geometry": { "type": "Polygon", "coordinates": [ [ [ -65.245888474870981, -35.102122535351157 ], [ -65.136057812629218, -35.090280662409626 ], [ -65.115262729924609, -35.09594881191471 ], [ -65.115256807770194, -35.257325735256792 ], [ -65.115825080325465, -35.353611474287526 ], [ -65.116301561882452, -35.359356205740411 ], [ -65.114702421399713, -35.554512135518081 ], [ -65.145138068557685, -35.553582658106414 ], [ -65.260264714996751, -35.552370164241353 ], [ -65.258262079524812, -35.483270134092301 ], [ -65.372998054340002, -35.480676174870226 ], [ -65.374149471116766, -35.433391069818157 ], [ -65.37273250021039, -35.375727222516964 ], [ -65.373934965421498, -35.143515655039288 ], [ -65.360171822952992, -35.13859453696417 ], [ -65.359719123788452, -35.115125618473435 ], [ -65.255765336962952, -35.103576143393312 ], [ -65.25654269995141, -35.110066066247349 ], [ -65.265192005662811, -35.110930011253181 ], [ -65.264344500219465, -35.120100521546156 ], [ -65.251118545040484, -35.118771171520159 ], [ -65.24971693679484, -35.110118652544969 ], [ -65.249875939743603, -35.105036072891707 ], [ -65.245514649648783, -35.104603404997732 ], [ -65.245888474870981, -35.102122535351157 ] ] ] } },
{ "type": "Feature", "properties": { "codigo_indec": "740420203" }, "geometry": { "type": "Polygon", "coordinates": [ [ [ -65.507634709153137, -34.672816233612963 ], [ -65.506696911264712, -34.91307676470116 ], [ -65.62507746131898, -34.912431488709572 ], [ -65.622225943090612, -34.82296809037247 ], [ -65.666415318970166, -34.82252487922765 ], [ -65.665737890930416, -34.767627241077349 ], [ -65.667573519002303, -34.767506068909341 ], [ -65.66840563099683, -34.673364070804013 ], [ -65.507634709153137, -34.672816233612963 ] ], [ [ -65.517886615975257, -34.768078043423593 ], [ -65.53200395070121, -34.770715657437151 ], [ -65.529699075504908, -34.780333793186159 ], [ -65.515166714095855, -34.777410314605476 ], [ -65.517886615975257, -34.768078043423593 ] ] ] } },
{ "type": "Feature", "properties": { "codigo_indec": "740351503" }, "geometry": { "type": "Polygon", "coordinates": [ [ [ -65.399752553808824, -33.644603227008361 ], [ -65.394003255804122, -33.659771019363603 ], [ -65.393701173539242, -33.664795741282276 ], [ -65.394705470166528, -33.674190412217754 ], [ -65.395848930012107, -33.682219881876613 ], [ -65.40356719550978, -33.706869883634894 ], [ -65.405943815975291, -33.711461235678243 ], [ -65.407720617833689, -33.718601063269581 ], [ -65.41275299879166, -33.716695766948611 ], [ -65.416226082813793, -33.714021089811169 ], [ -65.417823557403565, -33.713496711980447 ], [ -65.421410210851505, -33.713549627028691 ], [ -65.42617564359773, -33.711142164370195 ], [ -65.427829346796301, -33.711068695521838 ], [ -65.429021506062995, -33.710235764589285 ], [ -65.425633779872896, -33.698549402916768 ], [ -65.435120763478352, -33.69475250389057 ], [ -65.433189063572527, -33.687522166188877 ], [ -65.43646403343682, -33.686833928644383 ], [ -65.424829310937398, -33.649284345828931 ], [ -65.399752553808824, -33.644603227008361 ] ] ] } },
{ "type": "Feature", "properties": { "codigo_indec": "740350602" }, "geometry": { "type": "Polygon", "coordinates": [ [ [ -65.680464302807707, -33.566226858742361 ], [ -65.592706716386942, -33.566244199787349 ], [ -65.592513357197959, -33.567284894954476 ], [ -65.593535590294806, -33.569776631943682 ], [ -65.593524457154203, -33.572152272331394 ], [ -65.591045030073914, -33.577760976405564 ], [ -65.58742878129739, -33.578289924670919 ], [ -65.581472971819366, -33.582052069280493 ], [ -65.5806875010136, -33.584100511412011 ], [ -65.580419028896969, -33.586155209645348 ], [ -65.58195814063464, -33.588103328474432 ], [ -65.586210835198955, -33.58974047011607 ], [ -65.587498386067963, -33.590826667470871 ], [ -65.588007779549571, -33.592446704115652 ], [ -65.587742540899939, -33.593852288158523 ], [ -65.586673223390477, -33.594998237179126 ], [ -65.583726877627456, -33.59664726917724 ], [ -65.58255451651128, -33.598478036353384 ], [ -65.583567481512873, -33.602912717668048 ], [ -65.580339508440517, -33.60257724149735 ], [ -65.57775384203741, -33.603650339547372 ], [ -65.577230365627656, -33.604942318561598 ], [ -65.577992358378879, -33.607216900233112 ], [ -65.578372960592588, -33.610928195450192 ], [ -65.549558081411334, -33.6195493829428 ], [ -65.552040398372284, -33.62403021449056 ], [ -65.544284268963537, -33.626995108134551 ], [ -65.552852199112948, -33.631169118986897 ], [ -65.561846881941349, -33.636903773512714 ], [ -65.557941785680327, -33.639653198609786 ], [ -65.553065732544013, -33.641993284378024 ], [ -65.548359209850034, -33.648458487719168 ], [ -65.54652667601647, -33.64896116794808 ], [ -65.542262714092843, -33.648539747737104 ], [ -65.53927211196924, -33.649394147943291 ], [ -65.536495895736621, -33.653481410572191 ], [ -65.534625576155648, -33.653460860638859 ], [ -65.534716338356844, -33.654123856516556 ], [ -65.532218533651374, -33.656003219796318 ], [ -65.529129878225802, -33.661928328254909 ], [ -65.524874031450963, -33.667285390691362 ], [ -65.522142398875516, -33.666981850578054 ], [ -65.519358381297181, -33.667376761455465 ], [ -65.518689769728454, -33.668848222565636 ], [ -65.517585525989404, -33.669641804638836 ], [ -65.510463049749589, -33.669744526891449 ], [ -65.509624706110955, -33.670219033987451 ], [ -65.508392942201553, -33.674456010567866 ], [ -65.502507914316794, -33.675879474139329 ], [ -65.503755580197378, -33.678314209125276 ], [ -65.509811657172975, -33.699975915133315 ], [ -65.515880632785823, -33.726595890345337 ], [ -65.521186121463472, -33.745112033058192 ], [ -65.561252896233896, -33.716753575708537 ], [ -65.58836453111347, -33.707682503605398 ], [ -65.583871857595028, -33.692525650339448 ], [ -65.71079416677739, -33.668027027395652 ], [ -65.680464302807707, -33.566226858742361 ] ] ] } },
{ "type": "Feature", "properties": { "codigo_indec": "740350501" }, "geometry": { "type": "Polygon", "coordinates": [ [ [ -66.10368618126293, -33.567961767055394 ], [ -65.848041996806174, -33.565112472565616 ], [ -65.742566800704054, -33.56494707546274 ], [ -65.719467372787463, -33.566154600992533 ], [ -65.700657219743832, -33.566358480115639 ], [ -65.680339320343435, -33.565802789087556 ], [ -65.71079416677739, -33.668027027395652 ], [ -65.713078820247958, -33.667586072031135 ], [ -65.783145618829465, -33.668720594061661 ], [ -65.81054713824075, -33.770516871686553 ], [ -65.830962846956794, -33.76688166524368 ], [ -65.831565382885856, -33.767892240490426 ], [ -65.852453473537238, -33.764885214123801 ], [ -65.858535472192528, -33.760429587805802 ], [ -65.860282411864418, -33.751497058386356 ], [ -65.86037209342868, -33.739447709689493 ], [ -65.863755651056039, -33.73234261801143 ], [ -65.868111354691678, -33.727695246078675 ], [ -65.877781334887572, -33.722363387735491 ], [ -65.893977155562098, -33.714913337434204 ], [ -65.933431663802224, -33.709608096379284 ], [ -65.967148192509811, -33.725070111395688 ], [ -65.979149712781336, -33.733227429815273 ], [ -65.989213726718717, -33.741144501630679 ], [ -65.993578657548014, -33.745161295277754 ], [ -66.081141378313134, -33.791443679804495 ], [ -66.10368618126293, -33.567961767055394 ] ] ] } },
{ "type": "Feature", "properties": { "codigo_indec": "740350305" }, "geometry": { "type": "Polygon", "coordinates": [ [ [ -65.186859900897659, -33.106983038053116 ], [ -65.163345413333587, -33.105786028011963 ], [ -65.163944896804594, -33.086030959432883 ], [ -65.049525641244159, -33.084773857570845 ], [ -65.051422888022245, -33.092609807836858 ], [ -65.052870493171241, -33.101199661488266 ], [ -65.052662019158404, -33.102658688772493 ], [ -65.048560045578867, -33.108294069231178 ], [ -65.048478015964989, -33.115903033493893 ], [ -65.043928959518027, -33.127363721535822 ], [ -65.041026447877755, -33.128964307366225 ], [ -65.039031678348806, -33.135264690085634 ], [ -65.044007728560018, -33.137890586351972 ], [ -65.047440086659279, -33.140833576745457 ], [ -65.051418281455966, -33.146855107676473 ], [ -65.052352251942494, -33.149454333284993 ], [ -65.055981775990318, -33.152069504571841 ], [ -65.058603974120771, -33.154933918260447 ], [ -65.069774554170053, -33.150207785430688 ], [ -65.083148229321139, -33.147367709974183 ], [ -65.085050419261322, -33.147647672529835 ], [ -65.091344992036298, -33.153576753557047 ], [ -65.096414230308426, -33.15494801760785 ], [ -65.105531366862294, -33.164634005471129 ], [ -65.105812299285176, -33.168111723891855 ], [ -65.114945227797278, -33.176462759333226 ], [ -65.118432128400784, -33.177289930259576 ], [ -65.119053982273243, -33.178628712169647 ], [ -65.120943628117871, -33.180512906229083 ], [ -65.123479203610884, -33.181067241628895 ], [ -65.127928520755191, -33.18109848952448 ], [ -65.141174818739444, -33.19161317883632 ], [ -65.142406384723586, -33.195629318769072 ], [ -65.142105810485617, -33.202808549942347 ], [ -65.215052249907771, -33.194729205962247 ], [ -65.224445799728912, -33.19569421595817 ], [ -65.220419795485526, -33.185314007681399 ], [ -65.216887266722622, -33.173196642839947 ], [ -65.205736254776227, -33.152505994216327 ], [ -65.199646633797968, -33.139682035285801 ], [ -65.196797090874938, -33.132198269308581 ], [ -65.193219631023425, -33.125566263812061 ], [ -65.192550075387814, -33.118817786750725 ], [ -65.186859900897659, -33.106983038053116 ] ], [ [ -65.092540530122648, -33.143126798017441 ], [ -65.092910903191452, -33.145149102899829 ], [ -65.087813262050943, -33.147099923723033 ], [ -65.086071564608801, -33.146329804057309 ], [ -65.085588654986452, -33.145613988343364 ], [ -65.081138831770531, -33.145806643097352 ], [ -65.080635800048853, -33.145482859983126 ], [ -65.084545928223903, -33.137915597111466 ], [ -65.086397299551649, -33.138168115730011 ], [ -65.085468522979667, -33.142214038110524 ], [ -65.092540530122648, -33.143126798017441 ] ] ] } },
{ "type": "Feature", "properties": { "codigo_indec": "740350205" }, "geometry": { "type": "Polygon", "coordinates": [ [ [ -65.49779224908859, -33.214079576408409 ], [ -65.483805964308175, -33.233565169252863 ], [ -65.475639985378976, -33.254020478021971 ], [ -65.474628050290718, -33.261278791945585 ], [ -65.474794869357808, -33.267924461510574 ], [ -65.47331301563689, -33.272065656928604 ], [ -65.472542743223514, -33.28012288906443 ], [ -65.473917017059335, -33.288576897273941 ], [ -65.47394310624216, -33.293621569281342 ], [ -65.475875906286163, -33.303443853959159 ], [ -65.477582525506278, -33.315699509124357 ], [ -65.478325299666594, -33.33026822438034 ], [ -65.480380697166524, -33.350856152261741 ], [ -65.480720459311769, -33.362839977027555 ], [ -65.481844211736956, -33.376274134014963 ], [ -65.483012294311678, -33.389081822393734 ], [ -65.487093258404016, -33.420267203857648 ], [ -65.485776149785622, -33.432582125149359 ], [ -65.546808459885114, -33.424822927991102 ], [ -65.49779224908859, -33.214079576408409 ] ] ] } },
{ "type": "Feature", "properties": { "codigo_indec": "740350201" }, "geometry": { "type": "Polygon", "coordinates": [ [ [ -65.496360048959644, -32.998156264761491 ], [ -65.484134905932521, -33.134932112109489 ], [ -65.482095132669244, -33.136001111973805 ], [ -65.485436675750464, -33.145085476252369 ], [ -65.485760985825237, -33.149662643377162 ], [ -65.48438126878645, -33.155567190418182 ], [ -65.483161826047066, -33.167923602990385 ], [ -65.488113980901346, -33.171753479044128 ], [ -65.496202727254357, -33.171353683693766 ], [ -65.500963987483459, -33.170218760041514 ], [ -65.505685855273271, -33.170350299663149 ], [ -65.51355471133941, -33.172360387188171 ], [ -65.519150292926184, -33.175966137112432 ], [ -65.522823761009974, -33.181665100690509 ], [ -65.526418042963698, -33.185727179761535 ], [ -65.553990582128506, -33.163260953037351 ], [ -65.558272935291669, -33.150504437487072 ], [ -65.559581141553437, -33.141817211824751 ], [ -65.550696666037311, -33.110178230197 ], [ -65.548283153635012, -33.099232485814859 ], [ -65.54731110257238, -33.096600645665497 ], [ -65.543460366012837, -33.077895341156655 ], [ -65.53824432714309, -33.068737866360273 ], [ -65.534178711760745, -33.060413990983996 ], [ -65.529806883902097, -33.05344130756955 ], [ -65.513332043833898, -33.023691024596125 ], [ -65.512069623040517, -33.022617627687602 ], [ -65.499915418305633, -33.002854695533138 ], [ -65.496360048959644, -32.998156264761491 ] ] ] } },
{ "type": "Feature", "properties": { "codigo_indec": "740350102" }, "geometry": { "type": "Polygon", "coordinates": [ [ [ -65.5594702732554, -33.142556169209222 ], [ -65.558272935291669, -33.150504437487072 ], [ -65.553990582128506, -33.163260953037351 ], [ -65.50483825166917, -33.203342313937753 ], [ -65.495593378449058, -33.212204304095614 ], [ -65.489408430631883, -33.213820049343454 ], [ -65.489708889575795, -33.215647085620176 ], [ -65.49779224908859, -33.214079576408409 ], [ -65.50181068003765, -33.217143246012604 ], [ -65.512204432276121, -33.219641374630669 ], [ -65.515065809487851, -33.21965255963795 ], [ -65.520893473481621, -33.223060765305654 ], [ -65.524445433967969, -33.223340374047673 ], [ -65.528700123999045, -33.22561064443574 ], [ -65.553463314510807, -33.243401024515563 ], [ -65.55395151374438, -33.246044553800147 ], [ -65.558437623169127, -33.253877693948638 ], [ -65.569674299731602, -33.270078781047772 ], [ -65.571304288847628, -33.270927433925856 ], [ -65.605632994964921, -33.271356633988397 ], [ -65.612754506393259, -33.277460506960345 ], [ -65.616386301919121, -33.273558697269685 ], [ -65.618316994812261, -33.272640469521498 ], [ -65.624439995436347, -33.270251764808322 ], [ -65.640927426847611, -33.265395601825993 ], [ -65.644961244118605, -33.262494914754093 ], [ -65.650028151854144, -33.262184691411598 ], [ -65.651608287470921, -33.262910434521828 ], [ -65.652488933303786, -33.257340809055179 ], [ -65.649692322698229, -33.256918211214547 ], [ -65.649247561109391, -33.254753037968882 ], [ -65.649512906388864, -33.253473466651805 ], [ -65.650077566534463, -33.253154976844719 ], [ -65.647982992975471, -33.251643337497214 ], [ -65.647845787652301, -33.251070411632561 ], [ -65.652115268617223, -33.24804842886671 ], [ -65.652289802454689, -33.245975157496041 ], [ -65.650301693870574, -33.243359350778547 ], [ -65.653403351230054, -33.239107805154504 ], [ -65.652035483806841, -33.23636301313131 ], [ -65.652920512417509, -33.235716307639933 ], [ -65.651966217399405, -33.234212416957121 ], [ -65.650668400282299, -33.233442388275449 ], [ -65.650490882766661, -33.232891891401216 ], [ -65.651264814255441, -33.231171937368465 ], [ -65.650551461426588, -33.229799447566577 ], [ -65.648552200269009, -33.228734392248626 ], [ -65.646896077918854, -33.224383810981259 ], [ -65.644652408845943, -33.224111439920982 ], [ -65.642977057167883, -33.222582876086214 ], [ -65.643382003292572, -33.221925841853093 ], [ -65.64276690272132, -33.21754211606752 ], [ -65.641264536631525, -33.21440459958302 ], [ -65.642795878801238, -33.210410235170052 ], [ -65.641081334083182, -33.206072923037972 ], [ -65.640621069236815, -33.202564214159892 ], [ -65.64176389302628, -33.199781438968984 ], [ -65.644257133905896, -33.198517276220059 ], [ -65.647628510179956, -33.198220308526174 ], [ -65.649400778165869, -33.196863834570912 ], [ -65.648513801746418, -33.196076904698032 ], [ -65.64861262508596, -33.194828409756006 ], [ -65.651112866593394, -33.19309076533203 ], [ -65.650964310225262, -33.191341162574986 ], [ -65.648328504531136, -33.189444802680114 ], [ -65.649057883250862, -33.188053822916089 ], [ -65.652662895653918, -33.188906970091004 ], [ -65.653068927408427, -33.187916295008904 ], [ -65.652680740917532, -33.186422993037347 ], [ -65.655738174630571, -33.184704838317408 ], [ -65.654620141984424, -33.184066082726922 ], [ -65.654945197358515, -33.183205914274723 ], [ -65.655757500179689, -33.181819631302474 ], [ -65.657099116603035, -33.181485217198968 ], [ -65.656666261956929, -33.177688101064824 ], [ -65.656054089112331, -33.177262638392811 ], [ -65.654102413497625, -33.177333871356431 ], [ -65.652373181016728, -33.171982300313189 ], [ -65.650052569621536, -33.171168827269412 ], [ -65.644999221548062, -33.171411491366811 ], [ -65.644767204963699, -33.16979237635347 ], [ -65.645300162181059, -33.16723322210602 ], [ -65.644388942530512, -33.166558897066849 ], [ -65.640218862856486, -33.166497328030403 ], [ -65.639824519483014, -33.165274458023809 ], [ -65.641114654788439, -33.164372028646056 ], [ -65.641007661029519, -33.16234752454875 ], [ -65.640089323001959, -33.162123970505135 ], [ -65.638319264474902, -33.163079095506646 ], [ -65.636636226418744, -33.1624205025945 ], [ -65.635768308913228, -33.16037573834889 ], [ -65.636025627981837, -33.157770731960099 ], [ -65.635465983575955, -33.155717848376355 ], [ -65.633017161047007, -33.152370053851264 ], [ -65.631408290107373, -33.153257933877065 ], [ -65.630594474813194, -33.154977668788362 ], [ -65.629394637511396, -33.154807299599355 ], [ -65.629572342665199, -33.152057804414753 ], [ -65.628654709972423, -33.151063259786504 ], [ -65.629064541023283, -33.150464885379336 ], [ -65.630510641903427, -33.150045409197965 ], [ -65.630996315042609, -33.149248890705906 ], [ -65.630604552069286, -33.148098128422014 ], [ -65.627170540608489, -33.145905908989825 ], [ -65.626140247803008, -33.144329444830618 ], [ -65.626384675077688, -33.142292452597204 ], [ -65.5594702732554, -33.142556169209222 ] ] ] } },
{ "type": "Feature", "properties": { "codigo_indec": "740350202" }, "geometry": { "type": "Polygon", "coordinates": [ [ [ -65.526418042963698, -33.185727179761535 ], [ -65.522823761009974, -33.181665100690509 ], [ -65.519150292926184, -33.175966137112432 ], [ -65.51355471133941, -33.172360387188171 ], [ -65.505685855273271, -33.170350299663149 ], [ -65.500963987483459, -33.170218760041514 ], [ -65.496202727254357, -33.171353683693766 ], [ -65.488113980901346, -33.171753479044128 ], [ -65.483161826047066, -33.167923602990385 ], [ -65.48438126878645, -33.155567190418182 ], [ -65.485760985825237, -33.149662643377162 ], [ -65.485436675750464, -33.145085476252369 ], [ -65.482095132669244, -33.136001111973805 ], [ -65.377299317622104, -33.190822967090561 ], [ -65.380865232442744, -33.201818067471294 ], [ -65.381705317694482, -33.203219764931376 ], [ -65.408578364089095, -33.217722308922077 ], [ -65.411332848325031, -33.220066074640791 ], [ -65.415831346665499, -33.221097098169757 ], [ -65.422782740903486, -33.218208271292497 ], [ -65.427136291431466, -33.218855022548844 ], [ -65.435819159465126, -33.223118821043585 ], [ -65.439129154539884, -33.226388660314001 ], [ -65.446730692725524, -33.225823115666543 ], [ -65.452140121999918, -33.226690076290581 ], [ -65.460592993244802, -33.224617202974102 ], [ -65.474237111905154, -33.220370329664441 ], [ -65.48098091565295, -33.217337608788142 ], [ -65.489708889575795, -33.215647085620176 ], [ -65.488465745022069, -33.208077290196933 ], [ -65.490446761920964, -33.202617014065133 ], [ -65.497251159331043, -33.206472120843259 ], [ -65.495593378449058, -33.212204304095614 ], [ -65.50483825166917, -33.203342313937753 ], [ -65.526418042963698, -33.185727179761535 ] ] ] } },
{ "type": "Feature", "properties": { "codigo_indec": "740140103" }, "geometry": { "type": "Polygon", "coordinates": [ [ [ -66.966684403268246, -32.805251457494087 ], [ -66.949743246627847, -32.800214626992997 ], [ -66.946741426168003, -32.797518869043749 ], [ -66.940656188468651, -32.789648185306532 ], [ -66.937818063894966, -32.787487458874217 ], [ -66.933462420368116, -32.786419974388011 ], [ -66.930492029215372, -32.787163403556619 ], [ -66.927800977162079, -32.787057134797692 ], [ -66.925824343627738, -32.785588532758716 ], [ -66.924625057566388, -32.78032268432392 ], [ -66.922636960891609, -32.779016411764161 ], [ -66.920116712444624, -32.779147656899084 ], [ -66.915718860446347, -32.781975031812941 ], [ -66.912369702513161, -32.783257288190377 ], [ -66.909367089668038, -32.781890565284527 ], [ -66.90730850272486, -32.779930854796604 ], [ -66.904763645407286, -32.775526608772559 ], [ -66.902405746298925, -32.773230850883586 ], [ -66.898348858057659, -32.770983307520098 ], [ -66.895972339335088, -32.768931006867078 ], [ -66.894822637512164, -32.764687874239264 ], [ -66.895250763917147, -32.761614645736735 ], [ -66.89404570828188, -32.759026452523031 ], [ -66.891646748747505, -32.758159913162366 ], [ -66.888746690773161, -32.757869440664585 ], [ -66.886342370265297, -32.758607803856684 ], [ -66.883406982019523, -32.755819839187417 ], [ -66.880715663040988, -32.755586316325441 ], [ -66.877258784555238, -32.752364558169099 ], [ -66.867199978238432, -32.74802540285711 ], [ -66.86385903377473, -32.745956600002849 ], [ -66.859979894714996, -32.740325288004733 ], [ -66.856660467306526, -32.739342654068693 ], [ -66.853033106012646, -32.739065332215297 ], [ -66.84568547846078, -32.734597734750537 ], [ -66.823440311898636, -32.776714222263152 ], [ -66.821274536613757, -32.779135899837691 ], [ -66.80519988409776, -32.792733760984341 ], [ -66.79495005427448, -32.797050616651347 ], [ -66.791922377976888, -32.801140840027884 ], [ -66.774361649337905, -32.821033304314568 ], [ -66.765215375511076, -32.826634811256007 ], [ -66.76348036852886, -32.828863510533857 ], [ -66.760508490740847, -32.839791784701653 ], [ -66.748454291367565, -32.878176222667562 ], [ -66.751498792452011, -32.880605980220025 ], [ -66.754824123030943, -32.88431432594399 ], [ -66.76097604469561, -32.889236176552266 ], [ -66.766479417639417, -32.895712545203622 ], [ -66.819776581870698, -32.85605773461652 ], [ -66.829351259122944, -32.847185422145628 ], [ -66.832985389073755, -32.846579712676771 ], [ -66.836703782636746, -32.84528356519484 ], [ -66.846374570794453, -32.841210655611349 ], [ -66.856911362643743, -32.833709282255604 ], [ -66.87027152893981, -32.825439055164701 ], [ -66.880953871386779, -32.816036672247243 ], [ -66.898532182873623, -32.805939403411564 ], [ -66.896566144106032, -32.814027848547383 ], [ -66.896733302947382, -32.82614943089667 ], [ -66.897911617752939, -32.834201784498163 ], [ -66.897801709672606, -32.83946372768068 ], [ -66.896494206354774, -32.844067028359504 ], [ -66.897274170504502, -32.84860126274522 ], [ -66.901140198827335, -32.856449411183789 ], [ -66.90949569672739, -32.859747598444287 ], [ -66.918854315375313, -32.864430902764653 ], [ -66.927920827790416, -32.871748468965528 ], [ -66.929526007097962, -32.874035748588113 ], [ -66.93109182882219, -32.878938070636188 ], [ -66.934036205247224, -32.880773504292989 ], [ -66.933398446877604, -32.887211497653396 ], [ -66.934434478121716, -32.893267311455894 ], [ -66.934421203700381, -32.89683791541178 ], [ -66.935062413841962, -32.898613865038278 ], [ -66.944747295113274, -32.89374883543735 ], [ -66.962258950433721, -32.893326772663599 ], [ -66.962086856948446, -32.891989161558811 ], [ -66.968753947738932, -32.891847522446845 ], [ -66.979353802788935, -32.892436671857347 ], [ -66.987249938464927, -32.89711718772908 ], [ -67.045953736347101, -32.899412389603675 ], [ -67.047942593792826, -32.890870825066635 ], [ -67.050139856891235, -32.888251187512047 ], [ -67.055434878835513, -32.884640660685257 ], [ -67.063455693507819, -32.876899837820673 ], [ -67.083392327753472, -32.861184640696521 ], [ -67.087679584249301, -32.857301986316116 ], [ -67.102846399005202, -32.846097199596301 ], [ -67.110366135419994, -32.839034051590005 ], [ -67.092139966214091, -32.839460424565317 ], [ -67.088480472781569, -32.841967289614729 ], [ -67.079945655636365, -32.842113368141689 ], [ -67.075750831827747, -32.840125331513356 ], [ -67.06741523522264, -32.833925834218803 ], [ -67.063584135665536, -32.833277715101559 ], [ -67.058641667658648, -32.830542576535827 ], [ -67.049776524003164, -32.831572983823492 ], [ -67.044000483234072, -32.827374575986582 ], [ -67.035195230972008, -32.8284936133876 ], [ -67.029537412551761, -32.824978795510916 ], [ -67.025129894516283, -32.822900618335566 ], [ -67.020369746212879, -32.822650985471753 ], [ -67.01649739652899, -32.823701348192458 ], [ -67.015283852803023, -32.822394797254127 ], [ -67.013449052705681, -32.822797372444228 ], [ -67.012274701894995, -32.825647053048399 ], [ -67.009951711633519, -32.82608959058593 ], [ -67.007932496513519, -32.823883313461444 ], [ -67.004402919402423, -32.824096521955894 ], [ -67.000187577771072, -32.825771269486893 ], [ -66.997658959368906, -32.825259478352457 ], [ -66.994807172943609, -32.822338301461826 ], [ -66.991626944848775, -32.821074180251038 ], [ -66.987170565924444, -32.817137645445172 ], [ -66.983407685070475, -32.815539785987532 ], [ -66.975515418670142, -32.811012136490419 ], [ -66.971364496372999, -32.807807484503506 ], [ -66.966684403268246, -32.805251457494087 ] ] ] } },
{ "type": "Feature", "properties": { "codigo_indec": "740070302" }, "geometry": { "type": "Polygon", "coordinates": [ [ [ -66.005399273821467, -31.899511889429714 ], [ -65.998295470272552, -31.89479990406263 ], [ -65.998295608156951, -31.887314665186494 ], [ -65.975742285579628, -31.88677576943347 ], [ -65.965089552050017, -31.889447235142583 ], [ -65.936261673413298, -31.901732571215305 ], [ -65.915580388410945, -31.905458617632199 ], [ -65.899287295044701, -31.907052013100472 ], [ -65.87672977337111, -31.906500052540419 ], [ -65.867338903700627, -31.901142725912166 ], [ -65.85167984459946, -31.89791939816898 ], [ -65.824369970222577, -31.896279331451126 ], [ -65.820615209462545, -31.968158813325548 ], [ -65.821136906553093, -32.010071639727911 ], [ -65.819610110481491, -32.022262033468337 ], [ -65.815401626934872, -32.039823315441403 ], [ -65.813673956979358, -32.043391965849082 ], [ -65.811587556856779, -32.050152470339363 ], [ -65.810406831294003, -32.057906281622635 ], [ -65.818865670417978, -32.058973769553454 ], [ -65.819602386092782, -32.053198723531139 ], [ -65.824429617679257, -32.051104280999986 ], [ -65.842154605386497, -32.057498886789297 ], [ -65.842130121164246, -32.057882125886614 ], [ -65.84775260163623, -32.05338896593635 ], [ -65.857714253714704, -32.04816551962471 ], [ -65.859471928430793, -32.046422472779433 ], [ -65.863865552980457, -32.044930257309097 ], [ -65.866935689807349, -32.045181515299909 ], [ -65.87221207338736, -32.040700421560331 ], [ -65.874410227618156, -32.03783935855413 ], [ -65.875679081288993, -32.037065048707213 ], [ -65.878215793569893, -32.036219804905919 ], [ -65.881453023030133, -32.036006437222532 ], [ -65.883677941409402, -32.034687339279856 ], [ -65.884451974178532, -32.033732123228766 ], [ -65.885100557147311, -32.03149170209926 ], [ -65.887298250563063, -32.028499646907207 ], [ -65.889494447530112, -32.026634820798904 ], [ -65.889207386352496, -32.023270795834058 ], [ -65.890086458914311, -32.020651783305844 ], [ -65.889098898752252, -32.016669401084606 ], [ -65.889277726158141, -32.013193050267695 ], [ -65.890813622338641, -32.009970381700789 ], [ -65.893523463873777, -32.007370938455288 ], [ -65.921144013946616, -31.998156479365235 ], [ -65.969738303179199, -31.984622994512488 ], [ -65.971296632310512, -31.983739570255253 ], [ -65.976999964771679, -31.982852436466043 ], [ -65.974574226553614, -31.963981301004463 ], [ -65.975155838970338, -31.954949626275297 ], [ -65.979015844424552, -31.946933076630376 ], [ -65.979086912100158, -31.936692822676207 ], [ -66.005399273821467, -31.899511889429714 ] ] ] } },
{ "type": "Feature", "properties": { "codigo_indec": "740070201" }, "geometry": { "type": "Polygon", "coordinates": [ [ [ -66.80753886231426, -31.892992156340075 ], [ -66.757599125938569, -31.902502503338606 ], [ -66.659683098150609, -31.918451360529538 ], [ -66.578738051525505, -31.971664754959757 ], [ -66.567054683926273, -31.960715454659237 ], [ -66.565730475299972, -31.955220339397165 ], [ -66.56315636948429, -31.956331987520894 ], [ -66.558031938201182, -31.962955842297124 ], [ -66.554219863799361, -31.972874375275662 ], [ -66.552968784999038, -31.979481046509783 ], [ -66.554312479846999, -31.988281302611277 ], [ -66.541459246411179, -31.998238599835464 ], [ -66.520818949881587, -32.001625606254635 ], [ -66.506623228921654, -32.002783287830759 ], [ -66.353028039814248, -32.020907008424366 ], [ -66.354238995523403, -31.999999643327421 ], [ -66.354213619688522, -31.993398440288932 ], [ -66.346422224217463, -31.981313083638877 ], [ -66.339908737420913, -31.965927656422604 ], [ -66.333423933293474, -31.957143098015909 ], [ -66.328226795878521, -31.947250138274814 ], [ -66.328207241677276, -31.941749075524896 ], [ -66.3256150781787, -31.938455077189513 ], [ -66.323008914742658, -31.931860384666656 ], [ -66.312684182565178, -31.930785993854776 ], [ -66.298493855158085, -31.931920357671245 ], [ -66.28429978036246, -31.931952918953073 ], [ -66.26592912282166, -31.930333346701751 ], [ -66.251273772258784, -31.936621854910971 ], [ -66.327411498588617, -32.03412862297138 ], [ -66.329657989119042, -32.038415412406735 ], [ -66.330746756489418, -32.042357987691368 ], [ -66.330464938308779, -32.044220955547765 ], [ -66.362039425237839, -32.113185657738363 ], [ -66.368808182016991, -32.118640026372468 ], [ -66.375944080343615, -32.159794872695478 ], [ -66.382279841190595, -32.206488387787488 ], [ -66.38857598439958, -32.215496027065932 ], [ -66.394413176527863, -32.227255193049288 ], [ -66.399591961338359, -32.234295340237146 ], [ -66.407644040548476, -32.259672637334965 ], [ -66.414584675330005, -32.338374365671434 ], [ -66.418376349440251, -32.337726106827219 ], [ -66.419852363527141, -32.331309673398408 ], [ -66.4255456259299, -32.312660160152681 ], [ -66.434945161391113, -32.304715129284659 ], [ -66.445143062329549, -32.29155888151319 ], [ -66.455617109957714, -32.287513166209294 ], [ -66.471051604137131, -32.284751231085181 ], [ -66.489740132532958, -32.273362964083169 ], [ -66.491371573394773, -32.273270959515351 ], [ -66.506270832735098, -32.266980906096776 ], [ -66.525610249986698, -32.256224992496293 ], [ -66.529520129317575, -32.253359079745785 ], [ -66.536719066421185, -32.252701973871503 ], [ -66.545627227966833, -32.250855773725242 ], [ -66.564102310727606, -32.248339868957913 ], [ -66.574403321800787, -32.250047392506161 ], [ -66.579350125154818, -32.249506291302865 ], [ -66.579961943108444, -32.236409844807262 ], [ -66.594148473756604, -32.231289544051684 ], [ -66.632374385399089, -32.214939924204629 ], [ -66.656756675244296, -32.205540956286413 ], [ -66.664418823054447, -32.199589853405939 ], [ -66.676997121913459, -32.188512580519799 ], [ -66.683108104829259, -32.183939329479017 ], [ -66.69867868745331, -32.176184760842574 ], [ -66.717247335603105, -32.163744687984902 ], [ -66.742171465478364, -32.134699335697974 ], [ -66.755587475884013, -32.123014214546011 ], [ -66.765859941700541, -32.117199212822179 ], [ -66.775676500842337, -32.112441246891962 ], [ -66.792157232268139, -32.110265158883799 ], [ -66.783063666305011, -32.072654761426968 ], [ -66.777747170493271, -32.053263270321573 ], [ -66.774618736790558, -32.007102278902273 ], [ -66.7778938334218, -31.994836015941633 ], [ -66.785534699597378, -31.971031403405338 ], [ -66.80753886231426, -31.892992156340075 ] ] ] } },
{ "type": "Feature", "properties": { "codigo_indec": "740560103" }, "geometry": { "type": "Polygon", "coordinates": [ [ [ -66.761368567377204, -33.105673605027846 ], [ -66.6046827318753, -33.111946629024231 ], [ -66.569330722123496, -33.113772165412826 ], [ -66.525420666094732, -33.116764637845861 ], [ -66.517774446956651, -33.116521640069259 ], [ -66.518763787022664, -33.123514287841907 ], [ -66.524527120659442, -33.13677586737488 ], [ -66.52575437551134, -33.135905117906908 ], [ -66.52755794675187, -33.137326595584021 ], [ -66.529735107906731, -33.134918989963502 ], [ -66.533420963616337, -33.137905728795388 ], [ -66.530362774917592, -33.141723711448009 ], [ -66.528503587073843, -33.140433250088641 ], [ -66.527455288809023, -33.141663925026634 ], [ -66.552301362825091, -33.159656631058276 ], [ -66.559155627995423, -33.164147749969601 ], [ -66.563263333549955, -33.170724698637322 ], [ -66.569386327889305, -33.174240271320613 ], [ -66.582101371964157, -33.185907200604859 ], [ -66.582718678354155, -33.191282540576069 ], [ -66.581148344976768, -33.195441889444112 ], [ -66.580747629725138, -33.200939192222847 ], [ -66.579897227532001, -33.204121399864881 ], [ -66.579912667160201, -33.209715932185766 ], [ -66.578996471639641, -33.220025798734135 ], [ -66.585578538159425, -33.250762912247922 ], [ -66.587094605826422, -33.252820477664201 ], [ -66.606852109946857, -33.28914196263063 ], [ -66.61440626308999, -33.305856821771329 ], [ -66.609829394805956, -33.313953300207935 ], [ -66.617422841841702, -33.3366047861075 ], [ -66.62066678338941, -33.338509040614269 ], [ -66.621430415368351, -33.33751345462057 ], [ -66.626321371024233, -33.338020834635579 ], [ -66.631878346226202, -33.340386451112558 ], [ -66.630783583724764, -33.342745206996021 ], [ -66.631476283421705, -33.344211303471027 ], [ -66.630987896555297, -33.345381364600044 ], [ -66.628104490764471, -33.344012017353229 ], [ -66.62622202990238, -33.345527205156372 ], [ -66.628725009150457, -33.34926523509143 ], [ -66.631411443880921, -33.359782336504821 ], [ -66.632094923755091, -33.371468130368569 ], [ -66.631027644670283, -33.375823785285561 ], [ -66.745436073215458, -33.398279185885876 ], [ -66.834003040232119, -33.416324132185537 ], [ -66.932068615136558, -33.438395162974999 ], [ -66.932119102724485, -33.434820072702777 ], [ -66.929036290813571, -33.433617074118885 ], [ -66.927825807502202, -33.436069382953228 ], [ -66.921074991948544, -33.433478113058683 ], [ -66.924378027046231, -33.427318366901417 ], [ -66.931079495272982, -33.429855739577242 ], [ -66.930167089201291, -33.431764893124324 ], [ -66.931979943798112, -33.432364348914234 ], [ -66.930747437428522, -33.372513772746778 ], [ -66.926601834195182, -33.371192423723343 ], [ -66.923227670103614, -33.360240860486009 ], [ -66.921985211832222, -33.346848118665044 ], [ -66.917318622745242, -33.314141694906937 ], [ -66.908125311168803, -33.308051397287393 ], [ -66.907200468649776, -33.302729771225643 ], [ -66.897844105620564, -33.305687319503868 ], [ -66.894519439037381, -33.305539996637407 ], [ -66.885680518418212, -33.308772400724209 ], [ -66.883143311915347, -33.308461380525998 ], [ -66.876754783203197, -33.305810869810237 ], [ -66.867515914805793, -33.305050760493067 ], [ -66.855092107421683, -33.302481687229772 ], [ -66.841758275693877, -33.300945349210387 ], [ -66.822868369473952, -33.261045384809009 ], [ -66.835932367170088, -33.241961488127039 ], [ -66.832479957772151, -33.235713987435247 ], [ -66.829663508472066, -33.232856685071852 ], [ -66.823401352686233, -33.228047653289899 ], [ -66.819770070388216, -33.220867792911356 ], [ -66.820747707252167, -33.217868009037701 ], [ -66.821376295449909, -33.210808773573255 ], [ -66.812646769187154, -33.202521684962008 ], [ -66.81283760021347, -33.200541402116855 ], [ -66.796300739136072, -33.159376849278139 ], [ -66.78624083916759, -33.152502803306923 ], [ -66.784679970501386, -33.147540207188683 ], [ -66.782036205417469, -33.142809795036463 ], [ -66.766214395994453, -33.124596120451599 ], [ -66.76591487488389, -33.118791486183561 ], [ -66.761368567377204, -33.105673605027846 ] ] ] } },
{ "type": "Feature", "properties": { "codigo_indec": "740351610" }, "geometry": { "type": "Polygon", "coordinates": [ [ [ -65.178381049410802, -33.862691032127522 ], [ -65.172666145238253, -33.865591742571297 ], [ -65.17403384901354, -33.867489590255985 ], [ -65.169719272434662, -33.86970536941277 ], [ -65.175805465072386, -33.877968032079053 ], [ -65.184733459185779, -33.87339814646122 ], [ -65.179960467293, -33.867037841802933 ], [ -65.181103605284889, -33.866441427266174 ], [ -65.178381049410802, -33.862691032127522 ] ] ] } },
{ "type": "Feature", "properties": { "codigo_indec": "740561006" }, "geometry": { "type": "Polygon", "coordinates": [ [ [ -66.309362324025685, -33.282421296981283 ], [ -66.309060660138925, -33.284396618535425 ], [ -66.316684511722315, -33.284940948162237 ], [ -66.316945766375412, -33.282970220039147 ], [ -66.309362324025685, -33.282421296981283 ] ] ] } },
{ "type": "Feature", "properties": { "codigo_indec": "740350203" }, "geometry": { "type": "Polygon", "coordinates": [ [ [ -65.489408430631883, -33.213820049343454 ], [ -65.495593378449058, -33.212204304095614 ], [ -65.497251159331043, -33.206472120843259 ], [ -65.490446761920964, -33.202617014065133 ], [ -65.488465745022069, -33.208077290196933 ], [ -65.489408430631883, -33.213820049343454 ] ] ] } },
{ "type": "Feature", "properties": { "codigo_indec": "740280206" }, "geometry": { "type": "Polygon", "coordinates": [ [ [ -64.983053642489281, -32.613471603284438 ], [ -64.975421599518498, -32.613359980943834 ], [ -64.975412745038184, -32.620217119727386 ], [ -64.982196623917048, -32.620245235797675 ], [ -64.982297672768667, -32.615787286478799 ], [ -64.983053642489281, -32.613471603284438 ] ] ] } },
{ "type": "Feature", "properties": { "codigo_indec": "740561512" }, "geometry": { "type": "Polygon", "coordinates": [ [ [ -66.316938420264293, -33.31804807313582 ], [ -66.316083964269652, -33.317856400449202 ], [ -66.315630069230906, -33.319300154943377 ], [ -66.313343410905532, -33.318778492358604 ], [ -66.312276101521221, -33.322139733474152 ], [ -66.315422759877904, -33.322866608299385 ], [ -66.316938420264293, -33.31804807313582 ] ] ] } },
{ "type": "Feature", "properties": { "codigo_indec": "740561413" }, "geometry": { "type": "Polygon", "coordinates": [ [ [ -66.334285526284631, -33.3062634440358 ], [ -66.329688814297313, -33.305292951768372 ], [ -66.32813270594832, -33.309818727497252 ], [ -66.330946854351666, -33.311438698942126 ], [ -66.331577697703523, -33.310720224527081 ], [ -66.331390435004167, -33.310184256652988 ], [ -66.332525586603893, -33.307246430793008 ], [ -66.33403766132993, -33.307436224894737 ], [ -66.334285526284631, -33.3062634440358 ] ] ] } },
{ "type": "Feature", "properties": { "codigo_indec": "740561407" }, "geometry": { "type": "Polygon", "coordinates": [ [ [ -66.30157950889938, -33.295662827867623 ], [ -66.302550666226992, -33.297076025051133 ], [ -66.314609347266341, -33.301225130759605 ], [ -66.315425634544169, -33.294587076870627 ], [ -66.302816774015852, -33.294077460122921 ], [ -66.301951740053553, -33.294634066768062 ], [ -66.30157950889938, -33.295662827867623 ] ] ] } },
{ "type": "Feature", "properties": { "codigo_indec": "740560903" }, "geometry": { "type": "Polygon", "coordinates": [ [ [ -66.302054810015335, -33.274689744645841 ], [ -66.306217170147406, -33.272470563134384 ], [ -66.302367956769103, -33.27055950675723 ], [ -66.301596385521052, -33.270917525755607 ], [ -66.302655957141042, -33.272371087572438 ], [ -66.300989760393833, -33.273209142595199 ], [ -66.302054810015335, -33.274689744645841 ] ] ] } },
{ "type": "Feature", "properties": { "codigo_indec": "740560806" }, "geometry": { "type": "Polygon", "coordinates": [ [ [ -66.300601405210145, -33.260893770967542 ], [ -66.297019004717569, -33.260735577206809 ], [ -66.29696734435592, -33.262119709181938 ], [ -66.300360911687008, -33.264316053056461 ], [ -66.301558258713897, -33.262947179766101 ], [ -66.300601405210145, -33.260893770967542 ] ] ] } },
{ "type": "Feature", "properties": { "codigo_indec": "740560724" }, "geometry": { "type": "Polygon", "coordinates": [ [ [ -66.33802072517804, -33.283595428673074 ], [ -66.331155962998025, -33.282946700252367 ], [ -66.330969572722779, -33.284047185125637 ], [ -66.335036962186081, -33.284442022160839 ], [ -66.334713197487019, -33.287508434318653 ], [ -66.337566956506976, -33.28772161596445 ], [ -66.33802072517804, -33.283595428673074 ] ] ] } },
{ "type": "Feature", "properties": { "codigo_indec": "740560719" }, "geometry": { "type": "Polygon", "coordinates": [ [ [ -66.326877186374176, -33.277656438101729 ], [ -66.323258626011466, -33.277350329237038 ], [ -66.322308977698441, -33.283281016551747 ], [ -66.324821823984081, -33.283517915785623 ], [ -66.325397794394064, -33.278900061630694 ], [ -66.326664807306599, -33.278995918077001 ], [ -66.326877186374176, -33.277656438101729 ] ] ] } },
{ "type": "Feature", "properties": { "codigo_indec": "740561305" }, "geometry": { "type": "Polygon", "coordinates": [ [ [ -66.336760981022451, -33.307766984025086 ], [ -66.332525586603893, -33.307246430793008 ], [ -66.331909134509829, -33.308920595680668 ], [ -66.336227857975757, -33.310148720376837 ], [ -66.336760981022451, -33.307766984025086 ] ] ] } },
{ "type": "Feature", "properties": { "codigo_indec": "740561220" }, "geometry": { "type": "Polygon", "coordinates": [ [ [ -66.349180011957344, -33.315337914250186 ], [ -66.344457662051653, -33.313985134525595 ], [ -66.343709940050573, -33.317052729456222 ], [ -66.342640788685003, -33.318953602089096 ], [ -66.348500959243353, -33.322129050503079 ], [ -66.348885317884523, -33.318864093324187 ], [ -66.349349335983717, -33.318750086401145 ], [ -66.348593405134409, -33.318373527566422 ], [ -66.349180011957344, -33.315337914250186 ] ] ] } },
{ "type": "Feature", "properties": { "codigo_indec": "740561206" }, "geometry": { "type": "Polygon", "coordinates": [ [ [ -66.350526449583839, -33.306295330304799 ], [ -66.350159787570107, -33.309929915249711 ], [ -66.353058372176903, -33.310417606912935 ], [ -66.354139115285875, -33.306817046124195 ], [ -66.350526449583839, -33.306295330304799 ] ] ] } },
{ "type": "Feature", "properties": { "codigo_indec": "740561203" }, "geometry": { "type": "Polygon", "coordinates": [ [ [ -66.361203848791362, -33.307292605064781 ], [ -66.360528205208453, -33.311410485423728 ], [ -66.364887561347501, -33.31195676716596 ], [ -66.364724327011331, -33.317885424531397 ], [ -66.365992075192253, -33.318012431843279 ], [ -66.364775773438097, -33.322501584693029 ], [ -66.393967102486258, -33.328061099849386 ], [ -66.399832583020853, -33.31010458993606 ], [ -66.389520154279964, -33.312873773139721 ], [ -66.386103168933033, -33.312997141254982 ], [ -66.383376076400097, -33.312496168383504 ], [ -66.372084807583761, -33.308757196655847 ], [ -66.361203848791362, -33.307292605064781 ] ] ] } },
{ "type": "Feature", "properties": { "codigo_indec": "740561111" }, "geometry": { "type": "Polygon", "coordinates": [ [ [ -66.342941696532662, -33.2963760582074 ], [ -66.336338817331438, -33.295695341233504 ], [ -66.336123235182328, -33.296872548805361 ], [ -66.342626589048876, -33.297476912880775 ], [ -66.342941696532662, -33.2963760582074 ] ] ] } },
{ "type": "Feature", "properties": { "codigo_indec": "740561102" }, "geometry": { "type": "Polygon", "coordinates": [ [ [ -66.34809081652152, -33.288508563547559 ], [ -66.347893516144993, -33.290190652912486 ], [ -66.348508851860615, -33.291045475860159 ], [ -66.347792560564272, -33.293157291812022 ], [ -66.348624497494015, -33.293804133017915 ], [ -66.350093266692454, -33.293953281107932 ], [ -66.350785735963925, -33.292607903283063 ], [ -66.352114867061317, -33.292743897187385 ], [ -66.353121883853149, -33.288873056066102 ], [ -66.34809081652152, -33.288508563547559 ] ] ] } },
{ "type": "Feature", "properties": { "codigo_indec": "740561018" }, "geometry": { "type": "Polygon", "coordinates": [ [ [ -66.329096689907033, -33.294871706818142 ], [ -66.328876050096525, -33.296157111082046 ], [ -66.336123235182328, -33.296872548805361 ], [ -66.336567762107094, -33.294504572478765 ], [ -66.330864762542703, -33.293965384174733 ], [ -66.330791025892282, -33.295052042550353 ], [ -66.329096689907033, -33.294871706818142 ] ] ] } },
{ "type": "Feature", "properties": { "codigo_indec": "740561009" }, "geometry": { "type": "Polygon", "coordinates": [ [ [ -66.308042991690954, -33.283483989547825 ], [ -66.307932491174199, -33.287171931801034 ], [ -66.307149146955467, -33.288034926735541 ], [ -66.31087501903734, -33.288219514344618 ], [ -66.311294107195707, -33.284553338846443 ], [ -66.309060660138925, -33.284396618535425 ], [ -66.309197289688925, -33.28356677861526 ], [ -66.308042991690954, -33.283483989547825 ] ] ] } },
{ "type": "Feature", "properties": { "codigo_indec": "740561008" }, "geometry": { "type": "Polygon", "coordinates": [ [ [ -66.307757662792753, -33.287064169170264 ], [ -66.304928669392638, -33.285457223021787 ], [ -66.304380858999593, -33.286139296682954 ], [ -66.302915979609395, -33.285502717502624 ], [ -66.302602895980954, -33.287324773593504 ], [ -66.303020681502488, -33.287842193201683 ], [ -66.307063611069196, -33.288134317380269 ], [ -66.307757662792753, -33.287064169170264 ] ] ] } },
{ "type": "Feature", "properties": { "codigo_indec": "740561004" }, "geometry": { "type": "Polygon", "coordinates": [ [ [ -66.321090213801128, -33.283184991350709 ], [ -66.320675524224555, -33.286472503413009 ], [ -66.324390986635009, -33.286755892155824 ], [ -66.324821823984081, -33.283517915785623 ], [ -66.321090213801128, -33.283184991350709 ] ] ] } },
{ "type": "Feature", "properties": { "codigo_indec": "740560504" }, "geometry": { "type": "Polygon", "coordinates": [ [ [ -66.22798996338949, -33.268080862743602 ], [ -66.227389061577341, -33.267103688767676 ], [ -66.224984598273338, -33.26804125553187 ], [ -66.22372626387093, -33.265983288889679 ], [ -66.226093352493152, -33.26513597779644 ], [ -66.225640621138922, -33.26437491791485 ], [ -66.22158489671537, -33.263791640027499 ], [ -66.221245354832092, -33.265338550332402 ], [ -66.221876754444949, -33.268858312208302 ], [ -66.222816533147508, -33.269104581295089 ], [ -66.223252866576104, -33.269748467755953 ], [ -66.22798996338949, -33.268080862743602 ] ] ] } },
{ "type": "Feature", "properties": { "codigo_indec": "740560606" }, "geometry": { "type": "Polygon", "coordinates": [ [ [ -66.344343609661109, -33.276761752283726 ], [ -66.338639468873595, -33.277029877712046 ], [ -66.338425539570451, -33.279311585141393 ], [ -66.344423255989284, -33.280643049147244 ], [ -66.344343609661109, -33.276761752283726 ] ] ] } },
{ "type": "Feature", "properties": { "codigo_indec": "740560617" }, "geometry": { "type": "Polygon", "coordinates": [ [ [ -66.337840056364854, -33.285462292866278 ], [ -66.337566956506976, -33.28772161596445 ], [ -66.34306778777902, -33.2881303205846 ], [ -66.343843911200651, -33.284147483845757 ], [ -66.340459718845366, -33.284152290843735 ], [ -66.337840056364854, -33.285462292866278 ] ] ] } },
{ "type": "Feature", "properties": { "codigo_indec": "740560206" }, "geometry": { "type": "Polygon", "coordinates": [ [ [ -66.395119045128212, -33.311408989391857 ], [ -66.399832583020853, -33.31010458993606 ], [ -66.407387982644323, -33.308033363730026 ], [ -66.406203600580781, -33.306761444060797 ], [ -66.395626557032244, -33.309653716987007 ], [ -66.395119045128212, -33.311408989391857 ] ] ] } },
{ "type": "Feature", "properties": { "codigo_indec": "740490206" }, "geometry": { "type": "Polygon", "coordinates": [ [ [ -65.205616389948304, -32.335765618992454 ], [ -65.199298766620913, -32.336442561149617 ], [ -65.195694168716599, -32.337492696274509 ], [ -65.19671415062119, -32.342264857983871 ], [ -65.205456418184554, -32.341310280769008 ], [ -65.204672507182849, -32.336819211039014 ], [ -65.205780824643966, -32.336699950144904 ], [ -65.205616389948304, -32.335765618992454 ] ] ] } },
{ "type": "Feature", "properties": { "codigo_indec": "740351507" }, "geometry": { "type": "Polygon", "coordinates": [ [ [ -65.277368306820392, -33.730758686392207 ], [ -65.253291734273461, -33.73558293363147 ], [ -65.235729562440085, -33.739893019240753 ], [ -65.215742988262519, -33.743603722189746 ], [ -65.199214174397682, -33.745508043004939 ], [ -65.167733703311683, -33.744474934989142 ], [ -65.151252988299831, -33.742748994446274 ], [ -65.140141538183613, -33.740215438627736 ], [ -65.141813366383744, -33.734876485988842 ], [ -65.115743514046784, -33.733322217424828 ], [ -65.11396273623248, -33.879513174810583 ], [ -65.131317721394339, -33.879866631712588 ], [ -65.136789902166797, -33.879030623674375 ], [ -65.139349993363979, -33.87810645320473 ], [ -65.159242132707519, -33.86798907552658 ], [ -65.154791118729079, -33.860430990668505 ], [ -65.160262627207516, -33.857858504079623 ], [ -65.15303348264969, -33.845543925196388 ], [ -65.170117865377975, -33.83827668088022 ], [ -65.172054093873101, -33.841106944375042 ], [ -65.274323603144495, -33.759815518496481 ], [ -65.274106751330109, -33.759291351020686 ], [ -65.276652835065107, -33.753973693197203 ], [ -65.275439267510052, -33.748444644068506 ], [ -65.278345317254804, -33.740041271425355 ], [ -65.277127397240719, -33.735039604110447 ], [ -65.277368306820392, -33.730758686392207 ] ] ] } },
{ "type": "Feature", "properties": { "codigo_indec": "740280409" }, "geometry": { "type": "Polygon", "coordinates": [ [ [ -65.370229808528123, -32.770790870324078 ], [ -65.365320209527113, -32.769305362174016 ], [ -65.358746773820016, -32.769555921902743 ], [ -65.358473659334166, -32.774897015180329 ], [ -65.363874150607217, -32.774545845428541 ], [ -65.365665658838552, -32.773265517474947 ], [ -65.370117115372665, -32.772016598510078 ], [ -65.370229808528123, -32.770790870324078 ] ] ] } },
{ "type": "Feature", "properties": { "codigo_indec": "740560710" }, "geometry": { "type": "Polygon", "coordinates": [ [ [ -66.339113836213542, -33.272011008748429 ], [ -66.331869298485188, -33.271458021894603 ], [ -66.331757685764231, -33.279550458140882 ], [ -66.338348336749434, -33.280168343943444 ], [ -66.339113836213542, -33.272011008748429 ] ] ] } },
{ "type": "Feature", "properties": { "codigo_indec": "740560105" }, "geometry": { "type": "Polygon", "coordinates": [ [ [ -66.621430415368351, -33.33751345462057 ], [ -66.618318043670016, -33.341685395528621 ], [ -66.626397200138101, -33.345611974230401 ], [ -66.628104490764471, -33.344012017353229 ], [ -66.630987896555297, -33.345381364600044 ], [ -66.631476283421705, -33.344211303471027 ], [ -66.630783583724764, -33.342745206996021 ], [ -66.631878346226202, -33.340386451112558 ], [ -66.626321371024233, -33.338020834635579 ], [ -66.621430415368351, -33.33751345462057 ] ] ] } },
{ "type": "Feature", "properties": { "codigo_indec": "740490403" }, "geometry": { "type": "Polygon", "coordinates": [ [ [ -65.015226490598209, -32.326059757159349 ], [ -65.01028758086197, -32.325389913301748 ], [ -65.007781528930522, -32.32561369513698 ], [ -65.007879798281508, -32.328531517516588 ], [ -65.002864824272606, -32.328496493114834 ], [ -65.002179042568685, -32.327841837038441 ], [ -65.000879765220517, -32.327930743988382 ], [ -64.998396870778222, -32.328695550066776 ], [ -64.998713138192315, -32.330113751441075 ], [ -64.991998693649549, -32.330091847000418 ], [ -64.988608756619527, -32.331232436519329 ], [ -64.984907636590776, -32.328844735341448 ], [ -64.983376694742262, -32.329229162650641 ], [ -64.982269860918564, -32.328963251569895 ], [ -64.982832527925822, -32.328268961848238 ], [ -64.981655078360276, -32.327434397452414 ], [ -64.98140469687651, -32.326084316373688 ], [ -64.980541905777088, -32.325130550324651 ], [ -64.975152883958557, -32.330979579739306 ], [ -64.97679091200348, -32.331466272990959 ], [ -64.977219847866323, -32.331100049292026 ], [ -64.978266090517337, -32.332506178869863 ], [ -64.97892739040833, -32.332254544878509 ], [ -64.980463238654309, -32.333096539881232 ], [ -64.981711050129292, -32.333106617344015 ], [ -64.98247025124374, -32.333834111974532 ], [ -64.983919446249999, -32.333881860227642 ], [ -64.985753299631014, -32.335388949390989 ], [ -64.987081089138002, -32.335611519349122 ], [ -64.991826486501751, -32.33820137616037 ], [ -64.992821274311297, -32.337808060289639 ], [ -64.994254323950074, -32.338121566837657 ], [ -64.99568507929142, -32.337682108965822 ], [ -64.99719143568926, -32.338090845650548 ], [ -65.001473520896084, -32.337691989285304 ], [ -65.002308364976912, -32.336625555376578 ], [ -65.003307324693111, -32.337057256922527 ], [ -65.003585500671747, -32.336387677655104 ], [ -65.004372120328441, -32.336569722249834 ], [ -65.007232541674568, -32.335776212827071 ], [ -65.010374721801043, -32.336414065966039 ], [ -65.011560615798601, -32.335774128383427 ], [ -65.014741255516526, -32.33678638613334 ], [ -65.015226490598209, -32.326059757159349 ] ] ] } },
{ "type": "Feature", "properties": { "codigo_indec": "740280104" }, "geometry": { "type": "Polygon", "coordinates": [ [ [ -65.236545248876951, -32.555571107672463 ], [ -65.236791082624819, -32.556402170880695 ], [ -65.233234528714277, -32.557074842645711 ], [ -65.233953120228165, -32.559279387494719 ], [ -65.238724527443338, -32.558807926224638 ], [ -65.237083852447853, -32.555461664026041 ], [ -65.236545248876951, -32.555571107672463 ] ] ] } },
{ "type": "Feature", "properties": { "codigo_indec": "740280103" }, "geometry": { "type": "Polygon", "coordinates": [ [ [ -65.242894771879861, -32.551623958379345 ], [ -65.236323680217012, -32.552503957028904 ], [ -65.236545248876951, -32.555571107672463 ], [ -65.237083852447853, -32.555461664026041 ], [ -65.23932911787449, -32.559713292963721 ], [ -65.240427813138282, -32.55947647571486 ], [ -65.240630664805977, -32.558463280889583 ], [ -65.246286619706225, -32.557248454549658 ], [ -65.245011629624457, -32.554066792097132 ], [ -65.243342861909497, -32.554367848574898 ], [ -65.242894771879861, -32.551623958379345 ] ] ] } },
{ "type": "Feature", "properties": { "codigo_indec": "740280102" }, "geometry": { "type": "Polygon", "coordinates": [ [ [ -65.253646635701401, -32.550164358062396 ], [ -65.242894771879861, -32.551623958379345 ], [ -65.243342861909497, -32.554367848574898 ], [ -65.245011629624457, -32.554066792097132 ], [ -65.246286619706225, -32.557248454549658 ], [ -65.249847027677205, -32.556422145281374 ], [ -65.251333278236856, -32.555664553139437 ], [ -65.252839153241908, -32.553820500737011 ], [ -65.253569660899984, -32.553676058160768 ], [ -65.254054681680913, -32.551352527492263 ], [ -65.253646635701401, -32.550164358062396 ] ] ] } },
{ "type": "Feature", "properties": { "codigo_indec": "740351608" }, "geometry": { "type": "Polygon", "coordinates": [ [ [ -65.185045973605654, -33.859277964923351 ], [ -65.181731157833582, -33.860982407721231 ], [ -65.184510969675244, -33.864688033661537 ], [ -65.18780692358807, -33.862987901097569 ], [ -65.185045973605654, -33.859277964923351 ] ] ] } },
{ "type": "Feature", "properties": { "codigo_indec": "740351207" }, "geometry": { "type": "Polygon", "coordinates": [ [ [ -65.438501187291806, -33.690327732281034 ], [ -65.439769247641522, -33.694773669303764 ], [ -65.445100282405789, -33.693481450050875 ], [ -65.444101372053751, -33.68990678224224 ], [ -65.438725265419293, -33.691113107394038 ], [ -65.438501187291806, -33.690327732281034 ] ] ] } },
{ "type": "Feature", "properties": { "codigo_indec": "740351110" }, "geometry": { "type": "Polygon", "coordinates": [ [ [ -65.471440442823891, -33.682156116403803 ], [ -65.47287991559557, -33.687490500166774 ], [ -65.476286910522845, -33.686765705919285 ], [ -65.47468798602894, -33.681462237161348 ], [ -65.471440442823891, -33.682156116403803 ] ] ] } },
{ "type": "Feature", "properties": { "codigo_indec": "740351108" }, "geometry": { "type": "Polygon", "coordinates": [ [ [ -65.471440442823891, -33.682156116403803 ], [ -65.46812244774118, -33.682899192665744 ], [ -65.468850819159371, -33.685458255223459 ], [ -65.469930654428254, -33.685232993661103 ], [ -65.469682457122545, -33.68437995220927 ], [ -65.471960715571683, -33.683929911624908 ], [ -65.471440442823891, -33.682156116403803 ] ] ] } },
{ "type": "Feature", "properties": { "codigo_indec": "740351103" }, "geometry": { "type": "Polygon", "coordinates": [ [ [ -65.485637872736575, -33.676247671932821 ], [ -65.478174108374603, -33.67786173684928 ], [ -65.47897479333534, -33.680542759593948 ], [ -65.482189867181916, -33.679848545461645 ], [ -65.481920266652153, -33.678950359406009 ], [ -65.48616099250232, -33.678039453548564 ], [ -65.485637872736575, -33.676247671932821 ] ] ] } },
{ "type": "Feature", "properties": { "codigo_indec": "740351015" }, "geometry": { "type": "Polygon", "coordinates": [ [ [ -65.467315914450964, -33.676408972307101 ], [ -65.468377617885608, -33.679988242614385 ], [ -65.470666881629555, -33.679484178523971 ], [ -65.469604950590664, -33.675927465231581 ], [ -65.467315914450964, -33.676408972307101 ] ] ] } },
{ "type": "Feature", "properties": { "codigo_indec": "740351013" }, "geometry": { "type": "Polygon", "coordinates": [ [ [ -65.469604950590664, -33.675927465231581 ], [ -65.469087800392828, -33.674099577908493 ], [ -65.465799749380437, -33.674842722966069 ], [ -65.466036987677086, -33.675713757089483 ], [ -65.464921993824603, -33.67597489588308 ], [ -65.465169869814886, -33.676868516622356 ], [ -65.469604950590664, -33.675927465231581 ] ] ] } },
{ "type": "Feature", "properties": { "codigo_indec": "740350912" }, "geometry": { "type": "Polygon", "coordinates": [ [ [ -65.46492599607177, -33.683597627662579 ], [ -65.461743086264903, -33.684278007353647 ], [ -65.46302357968186, -33.688638122045958 ], [ -65.466217425607113, -33.687957757912024 ], [ -65.46492599607177, -33.683597627662579 ] ] ] } },
{ "type": "Feature", "properties": { "codigo_indec": "740350911" }, "geometry": { "type": "Polygon", "coordinates": [ [ [ -65.464152708589509, -33.680912128390041 ], [ -65.457735831972769, -33.68226803535314 ], [ -65.458565406421627, -33.684976358854357 ], [ -65.46492599607177, -33.683597627662579 ], [ -65.464152708589509, -33.680912128390041 ] ] ] } },
{ "type": "Feature", "properties": { "codigo_indec": "740350807" }, "geometry": { "type": "Polygon", "coordinates": [ [ [ -65.446674342985673, -33.65611874049079 ], [ -65.446410486842922, -33.655234025169946 ], [ -65.445271705593328, -33.655454311725386 ], [ -65.447085725174375, -33.661750853940106 ], [ -65.453847281369491, -33.66023022176573 ], [ -65.453771561348077, -33.658990235053473 ], [ -65.450544967866364, -33.657767838088589 ], [ -65.449834764661915, -33.655438640626663 ], [ -65.446674342985673, -33.65611874049079 ] ] ] } },
{ "type": "Feature", "properties": { "codigo_indec": "740350802" }, "geometry": { "type": "Polygon", "coordinates": [ [ [ -65.436568046327139, -33.64897326584331 ], [ -65.437957997066889, -33.653636178002003 ], [ -65.445501149912587, -33.6562397028638 ], [ -65.443160210424196, -33.648101566163639 ], [ -65.436568046327139, -33.64897326584331 ] ] ] } },
{ "type": "Feature", "properties": { "codigo_indec": "740350710" }, "geometry": { "type": "Polygon", "coordinates": [ [ [ -65.477617941859677, -33.657037733848107 ], [ -65.464865778290786, -33.659805090745202 ], [ -65.465628349885819, -33.662454484806823 ], [ -65.468789775828895, -33.66162514742701 ], [ -65.468895234168102, -33.662008766021543 ], [ -65.471051533097338, -33.661571736831448 ], [ -65.470973211829119, -33.661156681334454 ], [ -65.473160751415094, -33.660895554207976 ], [ -65.473293346245129, -33.66125223786657 ], [ -65.48039806386484, -33.658162885824346 ], [ -65.477617941859677, -33.657037733848107 ] ] ] } },
{ "type": "Feature", "properties": { "codigo_indec": "740351004" }, "geometry": { "type": "Polygon", "coordinates": [ [ [ -65.46751949930831, -33.668746554730703 ], [ -65.468583817110954, -33.672325838470641 ], [ -65.471769012096303, -33.671631764877894 ], [ -65.470701819381929, -33.668061510838747 ], [ -65.46751949930831, -33.668746554730703 ] ] ] } },
{ "type": "Feature", "properties": { "codigo_indec": "740070403" }, "geometry": { "type": "Polygon", "coordinates": [ [ [ -65.802806799556066, -32.220204865077619 ], [ -65.791167286243095, -32.221227735804362 ], [ -65.792121453967923, -32.22381292600307 ], [ -65.789786813611428, -32.224138216877428 ], [ -65.79229750875588, -32.230364687513493 ], [ -65.794462510597441, -32.23005711091421 ], [ -65.794230692547913, -32.232883829643434 ], [ -65.795700265483475, -32.232823088787029 ], [ -65.795715524893708, -32.231930346410799 ], [ -65.798831789134482, -32.232061594822476 ], [ -65.79877167868942, -32.231655695864113 ], [ -65.800203997328779, -32.231639932507434 ], [ -65.799099575265586, -32.227287067297617 ], [ -65.803203458820093, -32.226892228848357 ], [ -65.802806799556066, -32.220204865077619 ] ] ] } },
{ "type": "Feature", "properties": { "codigo_indec": "740210111" }, "geometry": { "type": "Polygon", "coordinates": [ [ [ -66.002791278869978, -33.120099359614365 ], [ -66.005188782710263, -33.12017141561833 ], [ -66.004762764413343, -33.118440245924852 ], [ -66.005255487558358, -33.115730737629342 ], [ -66.004824174368153, -33.114770486821186 ], [ -66.004044759347266, -33.116082430297524 ], [ -66.002161664763278, -33.115893128541494 ], [ -65.99987946000121, -33.116677591588243 ], [ -66.000203582315109, -33.118260004796433 ], [ -66.002791278869978, -33.120099359614365 ] ] ] } },
{ "type": "Feature", "properties": { "codigo_indec": "740350709" }, "geometry": { "type": "Polygon", "coordinates": [ [ [ -65.477617941859677, -33.657037733848107 ], [ -65.474936149910846, -33.655710084642401 ], [ -65.466456610346697, -33.657526497330146 ], [ -65.466992532757445, -33.659345464971381 ], [ -65.477617941859677, -33.657037733848107 ] ] ] } },
{ "type": "Feature", "properties": { "codigo_indec": "740630303" }, "geometry": { "type": "Polygon", "coordinates": [ [ [ -65.646018482209783, -32.462293399170399 ], [ -65.643109976535783, -32.464850658317893 ], [ -65.637528248072385, -32.467535442460147 ], [ -65.618407029016424, -32.467817093572528 ], [ -65.572652186415624, -32.471123772676862 ], [ -65.571501433110271, -32.47208923413239 ], [ -65.566802333659865, -32.473750391747039 ], [ -65.551254890041534, -32.477054914209688 ], [ -65.53800790823766, -32.478598563624509 ], [ -65.53612887995628, -32.479385183855612 ], [ -65.529149068526152, -32.478565737878775 ], [ -65.523944805972334, -32.476954593884585 ], [ -65.523226831819002, -32.474918454691512 ], [ -65.521040006654246, -32.47455847492764 ], [ -65.519694035731902, -32.472610098351446 ], [ -65.520746335078073, -32.47075652516893 ], [ -65.520563257371577, -32.466161462253957 ], [ -65.519948667931445, -32.46421586950963 ], [ -65.518701394258855, -32.463241736479105 ], [ -65.517781582130965, -32.459703392493978 ], [ -65.51570152856732, -32.459339221487753 ], [ -65.514135699508117, -32.459775042275005 ], [ -65.510277559735314, -32.459760095708653 ], [ -65.509246515106284, -32.458169017560571 ], [ -65.509368419057651, -32.454810506756218 ], [ -65.508018186694414, -32.453745692502849 ], [ -65.505848454679978, -32.453281817441322 ], [ -65.477854273980469, -32.440751884449099 ], [ -65.472525078982386, -32.439670133019575 ], [ -65.466291918991004, -32.431861845964775 ], [ -65.461128797753602, -32.429337531242219 ], [ -65.457742014131071, -32.429841499983603 ], [ -65.448041972254586, -32.429934633670634 ], [ -65.428863780092186, -32.421900301429638 ], [ -65.423532036336951, -32.422741689826736 ], [ -65.422179746703478, -32.423483939633101 ], [ -65.424164080749563, -32.428682539452318 ], [ -65.428103708938778, -32.431153218336526 ], [ -65.429031203171547, -32.434137674866882 ], [ -65.426293034326406, -32.437944097807545 ], [ -65.421810024386218, -32.442269976062505 ], [ -65.41242851519219, -32.44550888099662 ], [ -65.404740557443233, -32.446627000699145 ], [ -65.394720001641176, -32.44627264917137 ], [ -65.389610037451021, -32.448267872225038 ], [ -65.387667256502638, -32.451310811273089 ], [ -65.387940276336309, -32.456938956492266 ], [ -65.390743009691576, -32.463616355493365 ], [ -65.399399597774803, -32.473847523627995 ], [ -65.401179077521206, -32.479419683810455 ], [ -65.404082775789149, -32.483942118729239 ], [ -65.40962631318277, -32.486682452974435 ], [ -65.410510281631886, -32.490212362142586 ], [ -65.410674642934936, -32.493968836785498 ], [ -65.409000666937914, -32.503045904359311 ], [ -65.407387231781186, -32.505274600892712 ], [ -65.407268834067764, -32.508723150901552 ], [ -65.410152096557823, -32.511266046613535 ], [ -65.412819655419241, -32.514682544788101 ], [ -65.419786447625043, -32.517374964691591 ], [ -65.423934264959456, -32.521158737428436 ], [ -65.425415209086012, -32.535548036076769 ], [ -65.456240845312152, -32.525721011698742 ], [ -65.464472593419856, -32.525923149191406 ], [ -65.467397171498376, -32.528595666519188 ], [ -65.46825300825725, -32.532832901403893 ], [ -65.503885759674489, -32.531882911163734 ], [ -65.507643458671396, -32.533800328810457 ], [ -65.513016364034669, -32.534299165832408 ], [ -65.518779714415444, -32.535948974566622 ], [ -65.523554208893984, -32.536413510385771 ], [ -65.525382573056206, -32.537917296800359 ], [ -65.52897473274804, -32.538543979683482 ], [ -65.532382351122706, -32.540382701714307 ], [ -65.538853484208573, -32.5411685615273 ], [ -65.540826996292182, -32.541937745866782 ], [ -65.542976881408237, -32.543622797113073 ], [ -65.549809172500417, -32.544102818072339 ], [ -65.559155229617446, -32.545966446524339 ], [ -65.569227847990419, -32.54569476928642 ], [ -65.572650281372376, -32.544637895334127 ], [ -65.574095885806017, -32.543425461691278 ], [ -65.583450289194346, -32.543001422739671 ], [ -65.611501272626242, -32.545070523083332 ], [ -65.614020362990459, -32.54477169147691 ], [ -65.621567285829471, -32.546318561936566 ], [ -65.630377930230011, -32.54741332565078 ], [ -65.634155326485086, -32.547271078291956 ], [ -65.636676859522638, -32.546363129013237 ], [ -65.638592449535921, -32.546548996488831 ], [ -65.640460868539492, -32.54388070860761 ], [ -65.642507112334997, -32.525856319570678 ], [ -65.642217073927625, -32.523840110423251 ], [ -65.633968619540255, -32.503396492088413 ], [ -65.63340707575162, -32.495581269195398 ], [ -65.646018482209783, -32.462293399170399 ] ] ] } },
{ "type": "Feature", "properties": { "codigo_indec": "740630201" }, "geometry": { "type": "Polygon", "coordinates": [ [ [ -65.690359675068862, -32.279789946515656 ], [ -65.555326554350572, -32.272555764709367 ], [ -65.537529459348875, -32.271995878625425 ], [ -65.529486788086416, -32.363368775172987 ], [ -65.532747228110011, -32.382218546857729 ], [ -65.537837463174114, -32.384320359437439 ], [ -65.547395137032581, -32.39207854961569 ], [ -65.549375020771677, -32.393068553240361 ], [ -65.568042762619214, -32.417219693981828 ], [ -65.573353697777833, -32.423279512507669 ], [ -65.574990827849732, -32.424448302472157 ], [ -65.578959064562753, -32.425620374567309 ], [ -65.577026454914289, -32.428517532699054 ], [ -65.579444601748847, -32.438981398371332 ], [ -65.57983405786166, -32.443279523183307 ], [ -65.579540806857821, -32.447462648350644 ], [ -65.577208617910244, -32.448149185010358 ], [ -65.573771159054232, -32.450928500795207 ], [ -65.574636518457893, -32.471026792621601 ], [ -65.618407029016424, -32.467817093572528 ], [ -65.637528248072385, -32.467535442460147 ], [ -65.643109976535783, -32.464850658317893 ], [ -65.646018482209783, -32.462293399170399 ], [ -65.671140033939551, -32.43273451566693 ], [ -65.673367332719906, -32.426919495952113 ], [ -65.678425914694586, -32.419348758582565 ], [ -65.675556943759958, -32.420414491370316 ], [ -65.673741160981706, -32.420540556950257 ], [ -65.673711144329815, -32.41780365466559 ], [ -65.669825840749567, -32.417694340510216 ], [ -65.670722228864548, -32.405789007091578 ], [ -65.677062950885713, -32.405773853015212 ], [ -65.67843149609898, -32.403536487190266 ], [ -65.679196777389407, -32.404300421963519 ], [ -65.680920392049643, -32.402329949929381 ], [ -65.682575842187461, -32.395516842636745 ], [ -65.684228142872811, -32.390299810888514 ], [ -65.685236903591829, -32.389026344740884 ], [ -65.68549331140899, -32.387106237461822 ], [ -65.687378497904746, -32.38668709957831 ], [ -65.688632272298236, -32.387542365250468 ], [ -65.69001266204539, -32.387117431371593 ], [ -65.691023610074751, -32.385947625596245 ], [ -65.693282645090321, -32.385741228439358 ], [ -65.697185580890746, -32.382553923621465 ], [ -65.697567090008789, -32.381278848149371 ], [ -65.695684555632539, -32.380954193236654 ], [ -65.694308096722509, -32.379458449344618 ], [ -65.694689284090714, -32.378287083791172 ], [ -65.696071799326759, -32.377970298806773 ], [ -65.696827173917455, -32.376908039181551 ], [ -65.697590517962738, -32.374245167112662 ], [ -65.697223231077146, -32.371263962665004 ], [ -65.692706466641738, -32.370720996827004 ], [ -65.691957110842694, -32.369226752203325 ], [ -65.690454952143497, -32.368050782854667 ], [ -65.691215141449263, -32.366348315536179 ], [ -65.692113148445543, -32.360809177482984 ], [ -65.691237959831426, -32.359634745398239 ], [ -65.691123991161234, -32.35643771378178 ], [ -65.692515779806214, -32.352500404366317 ], [ -65.69481839155587, -32.349349819270927 ], [ -65.694363012214225, -32.345768708170667 ], [ -65.693588050118549, -32.344044455658505 ], [ -65.694373713555706, -32.342585500599569 ], [ -65.693611752259883, -32.33701073564356 ], [ -65.691606442492912, -32.32931377461162 ], [ -65.693177548877244, -32.326395875813326 ], [ -65.691625333278708, -32.323740892794518 ], [ -65.689180489961203, -32.30728210546885 ], [ -65.690462341204508, -32.29800151620239 ], [ -65.689531268253674, -32.296272335816916 ], [ -65.689070074094346, -32.293750746194981 ], [ -65.688479003046979, -32.28419950759411 ], [ -65.690359675068862, -32.279789946515656 ] ] ] } },
{ "type": "Feature", "properties": { "codigo_indec": "740561805" }, "geometry": { "type": "Polygon", "coordinates": [ [ [ -66.463851365331308, -34.124230805345292 ], [ -66.393997967011728, -34.202905219040616 ], [ -66.348477438179273, -34.225544253743976 ], [ -66.343133943251289, -34.22861537867422 ], [ -66.339842197515054, -34.231878929597343 ], [ -66.299315638269704, -34.28213888340823 ], [ -66.300709228632229, -34.296834170108596 ], [ -66.298831808682394, -34.409121961946269 ], [ -66.300164155366176, -34.482880754862506 ], [ -66.298779620065929, -34.586762513952465 ], [ -66.286153738182918, -34.608652669820842 ], [ -66.242177743091645, -34.648911350847477 ], [ -66.242609753303114, -34.668958322510747 ], [ -66.410830899789531, -34.667371700990714 ], [ -66.423910966046336, -34.639256511340271 ], [ -66.44212946902752, -34.578412778343036 ], [ -66.456524820460288, -34.545696172540033 ], [ -66.476019445852486, -34.494825396209549 ], [ -66.472132666688395, -34.492433611383781 ], [ -66.469923271577912, -34.487714032665863 ], [ -66.471168463973285, -34.483603139124682 ], [ -66.469019267595897, -34.480834942444147 ], [ -66.467777534972541, -34.476801206136066 ], [ -66.468061177572849, -34.473014028404712 ], [ -66.466517664953628, -34.469486241429024 ], [ -66.463716868836585, -34.465408815462801 ], [ -66.463725996014375, -34.460662634094106 ], [ -66.466144156800098, -34.457119741931187 ], [ -66.471268118603689, -34.454855478878876 ], [ -66.478601335744486, -34.45076143719421 ], [ -66.482849541528822, -34.44771584983139 ], [ -66.493681478125055, -34.448064725344516 ], [ -66.49332207509336, -34.420702504514011 ], [ -66.477789181854888, -34.420399077086451 ], [ -66.477360581287456, -34.369833256863984 ], [ -66.476090592811801, -34.354806248532981 ], [ -66.475427488213768, -34.310492514178797 ], [ -66.473587327820141, -34.255536510877761 ], [ -66.472750456751186, -34.189812312061207 ], [ -66.472064220646118, -34.176653156972492 ], [ -66.472088636025461, -34.15473770681001 ], [ -66.463851365331308, -34.124230805345292 ] ] ] } },
{ "type": "Feature", "properties": { "codigo_indec": "740490302" }, "geometry": { "type": "Polygon", "coordinates": [ [ [ -65.021667986234661, -32.365979171648576 ], [ -65.019118395315886, -32.369394884283444 ], [ -65.017989106990413, -32.368448314915454 ], [ -65.016686045821601, -32.368343480216112 ], [ -65.018727140892523, -32.377579369806703 ], [ -65.014298527375985, -32.392526704345045 ], [ -65.012894152765071, -32.399260478618984 ], [ -65.017377433558067, -32.399191817586782 ], [ -65.017359811833956, -32.406459431289491 ], [ -65.0145951378462, -32.40704649332708 ], [ -65.056640390754637, -32.407990448823547 ], [ -65.057619313329269, -32.408660530312936 ], [ -65.058505873642062, -32.411061196900377 ], [ -65.057869139589314, -32.413261117135342 ], [ -65.068212348101241, -32.422301025635811 ], [ -65.076524005774544, -32.432141263688898 ], [ -65.080166238021022, -32.432339238322797 ], [ -65.184350870186407, -32.461569264530567 ], [ -65.178030837005039, -32.436050156633705 ], [ -65.177213111701491, -32.430670573529994 ], [ -65.177083584173417, -32.413320627033364 ], [ -65.176522444936623, -32.411608198444931 ], [ -65.174407238096165, -32.35930781807879 ], [ -65.172953146897015, -32.342228542048524 ], [ -65.142406746633966, -32.343958785354424 ], [ -65.098959544299532, -32.347195192266014 ], [ -65.098921185977133, -32.350260775436304 ], [ -65.07453229480079, -32.351986812295294 ], [ -65.076431229645337, -32.363736604348546 ], [ -65.077349433519998, -32.3661689475841 ], [ -65.079669359550536, -32.367633158538524 ], [ -65.081348352180996, -32.369444329346706 ], [ -65.082407451359515, -32.375827184431657 ], [ -65.083787730915574, -32.377775914397191 ], [ -65.083622897465617, -32.379104748845194 ], [ -65.075613530030566, -32.379095870938578 ], [ -65.076044129280973, -32.376723005386062 ], [ -65.04465837257969, -32.377449410238206 ], [ -65.036612122637464, -32.376427858701078 ], [ -65.033513262861447, -32.37556554929337 ], [ -65.030280033887053, -32.373859030547038 ], [ -65.021667986234661, -32.365979171648576 ] ] ] } },
{ "type": "Feature", "properties": { "codigo_indec": "740490212" }, "geometry": { "type": "Polygon", "coordinates": [ [ [ -65.183556734100094, -32.341612297888346 ], [ -65.172953146897015, -32.342228542048524 ], [ -65.174407238096165, -32.35930781807879 ], [ -65.176522444936623, -32.411608198444931 ], [ -65.177069179772417, -32.414907562797197 ], [ -65.217498948473406, -32.412207472133943 ], [ -65.23594784333595, -32.412185430469691 ], [ -65.252845001727479, -32.413422933075026 ], [ -65.289869299659472, -32.414272753386548 ], [ -65.303853322901475, -32.415365238004277 ], [ -65.303838361025157, -32.413160418602999 ], [ -65.312728667259307, -32.415179510261623 ], [ -65.310853982637497, -32.41181933098958 ], [ -65.302593089075984, -32.408865791283326 ], [ -65.301275974162564, -32.400458843189966 ], [ -65.290158668663651, -32.372537596682371 ], [ -65.289667409167976, -32.360627374933856 ], [ -65.275094705647689, -32.351838166424031 ], [ -65.274827763512889, -32.344685836219327 ], [ -65.216947638683763, -32.343352424269654 ], [ -65.21602748562637, -32.349050181320187 ], [ -65.207615089230032, -32.348952528695001 ], [ -65.207226463080076, -32.351186385504718 ], [ -65.202293090796744, -32.351069616761585 ], [ -65.199925443450937, -32.347303412153785 ], [ -65.198414961193322, -32.346635557396311 ], [ -65.184560762990614, -32.347800164512641 ], [ -65.183556734100094, -32.341612297888346 ] ] ] } },
{ "type": "Feature", "properties": { "codigo_indec": "740351802" }, "geometry": { "type": "Polygon", "coordinates": [ [ [ -65.497182693121587, -34.205919586374947 ], [ -65.483898500794766, -34.208244341239457 ], [ -65.4810894851868, -34.207587927066889 ], [ -65.479236427137437, -34.205434534749081 ], [ -65.47495579956049, -34.202400812654538 ], [ -65.470004404948028, -34.201712420082053 ], [ -65.467948481383644, -34.199102729452058 ], [ -65.464020838152507, -34.198265279028824 ], [ -65.459882176282008, -34.20075776924422 ], [ -65.455450464348587, -34.201540500291337 ], [ -65.449894396784913, -34.205865380695286 ], [ -65.445178263430321, -34.213155182030555 ], [ -65.444739176348406, -34.218471949773424 ], [ -65.443958832033815, -34.221623605556566 ], [ -65.443184241364776, -34.223891827713643 ], [ -65.441806856908386, -34.225400056572312 ], [ -65.427734079376606, -34.225704801529886 ], [ -65.405599981634495, -34.2252704755252 ], [ -65.40073783696883, -34.222600968531168 ], [ -65.399183099120023, -34.214592719793124 ], [ -65.205864470125945, -34.233564526971563 ], [ -65.195880354110301, -34.198306200794654 ], [ -65.115218307903802, -34.197926737781941 ], [ -65.11550861100126, -34.451870120671209 ], [ -65.157844943556682, -34.45207443859691 ], [ -65.157964456771666, -34.46997762324861 ], [ -65.251552590487748, -34.470266532062169 ], [ -65.252200694443729, -34.43969377607921 ], [ -65.328423363247282, -34.426064613310707 ], [ -65.453115509456467, -34.401314297625376 ], [ -65.452880923126557, -34.376360862760407 ], [ -65.448830579675146, -34.358994054189274 ], [ -65.451672021323077, -34.328271346293 ], [ -65.48211437176262, -34.321922299583505 ], [ -65.520533096224753, -34.313018925706878 ], [ -65.518208491710595, -34.306780619201362 ], [ -65.51842677365768, -34.287093244478719 ], [ -65.522516551089254, -34.274970843177449 ], [ -65.52462639230167, -34.266694444170284 ], [ -65.525004492386103, -34.255449929103804 ], [ -65.521590801975265, -34.244285310466573 ], [ -65.512749020240349, -34.23441529962502 ], [ -65.504298940487558, -34.231208205032097 ], [ -65.497182693121587, -34.205919586374947 ] ] ] } },
{ "type": "Feature", "properties": { "codigo_indec": "740351702" }, "geometry": { "type": "Polygon", "coordinates": [ [ [ -65.509795785210571, -33.699921758410014 ], [ -65.498283152218775, -33.706569634562577 ], [ -65.481149255311252, -33.709902245880713 ], [ -65.479301896994528, -33.709452708411554 ], [ -65.480250998362095, -33.713067450146319 ], [ -65.474073699089828, -33.714145711949229 ], [ -65.467255415816823, -33.719417651441418 ], [ -65.469850598872114, -33.727236300921206 ], [ -65.465784589106619, -33.729134585428319 ], [ -65.463884521290808, -33.722792919168754 ], [ -65.453251264293087, -33.731806934575786 ], [ -65.451064770884571, -33.729070031077129 ], [ -65.417526359836245, -33.757486542283019 ], [ -65.413278850057111, -33.740886925996243 ], [ -65.410004751210707, -33.725355615879387 ], [ -65.407720617833689, -33.718601063269581 ], [ -65.406512241666263, -33.717824434134037 ], [ -65.405120280412618, -33.718250483505386 ], [ -65.401819707709066, -33.720867078111404 ], [ -65.40145934391218, -33.721879579411983 ], [ -65.404895710587766, -33.72890575774133 ], [ -65.404730028313253, -33.732195623814512 ], [ -65.404159994871165, -33.733878776004332 ], [ -65.400725227330412, -33.737080691374686 ], [ -65.398222279333353, -33.737388568737686 ], [ -65.393541879984284, -33.73506220804807 ], [ -65.391174118737808, -33.734568226817629 ], [ -65.388467764747048, -33.734654023895111 ], [ -65.37958614114045, -33.737409029809264 ], [ -65.373359076516309, -33.740100261430264 ], [ -65.370789619862535, -33.742841423746796 ], [ -65.36667293377387, -33.745367247183438 ], [ -65.364022952672229, -33.746174032780765 ], [ -65.363279693952052, -33.747811017083066 ], [ -65.362114793730697, -33.748814735862915 ], [ -65.360457768354308, -33.749595016023328 ], [ -65.357421395060925, -33.749728004042957 ], [ -65.356074416593003, -33.750532376940001 ], [ -65.355295085468541, -33.751556071614417 ], [ -65.355180138402318, -33.753935551332532 ], [ -65.354667550861549, -33.754645093485657 ], [ -65.351597849925298, -33.753804094075811 ], [ -65.349808030520549, -33.753920896316608 ], [ -65.348827526146536, -33.754772195643646 ], [ -65.348555214641451, -33.757240990971574 ], [ -65.349593265608476, -33.757706252508221 ], [ -65.350155772576741, -33.760044214723436 ], [ -65.349710191262048, -33.760803672753347 ], [ -65.345430999289732, -33.762503002430073 ], [ -65.345083158521859, -33.763177314785089 ], [ -65.345381270324239, -33.763719822169236 ], [ -65.348265127283, -33.763838760924948 ], [ -65.348882124127812, -33.764324343029124 ], [ -65.348699333649904, -33.766013772194889 ], [ -65.349514020321422, -33.767839185504215 ], [ -65.349621051148574, -33.769746512546298 ], [ -65.347604993771952, -33.774031720537671 ], [ -65.344696192133128, -33.776080839267756 ], [ -65.34399324874407, -33.778010910419496 ], [ -65.344621296668322, -33.77918174313416 ], [ -65.347588204375967, -33.781230439590338 ], [ -65.347442007258635, -33.782712701046172 ], [ -65.343307708347851, -33.782961230111816 ], [ -65.341928720671518, -33.783630038671745 ], [ -65.341082232914644, -33.78454959981282 ], [ -65.340286578552409, -33.787637629355132 ], [ -65.339237177517944, -33.788258583812706 ], [ -65.337788151035696, -33.788192215273682 ], [ -65.336254024194119, -33.78656120149364 ], [ -65.33510292843107, -33.786717281022668 ], [ -65.334530491171634, -33.789184411771018 ], [ -65.331875376071949, -33.791829601071754 ], [ -65.33026096458488, -33.792542078500503 ], [ -65.329581478412621, -33.793827587250789 ], [ -65.331431555394005, -33.79961197427702 ], [ -65.330922658488717, -33.802561748355032 ], [ -65.329222666408143, -33.803143022575114 ], [ -65.324736560699407, -33.803366469600334 ], [ -65.323537473130088, -33.803071408421935 ], [ -65.322716414529566, -33.801741645248377 ], [ -65.321597915109507, -33.801843683633635 ], [ -65.319291401458102, -33.804688845827229 ], [ -65.318270998277114, -33.805012271152258 ], [ -65.315745103129856, -33.80384882830181 ], [ -65.314270608303076, -33.804237316013825 ], [ -65.31397238979072, -33.805745729066359 ], [ -65.315179768419782, -33.808389427343151 ], [ -65.315150448204207, -33.809358414214614 ], [ -65.313563504799561, -33.81096784695773 ], [ -65.311135686742944, -33.811702584895528 ], [ -65.309132407446882, -33.811010722403438 ], [ -65.304691858139122, -33.810886601628269 ], [ -65.302737840336604, -33.811786119721077 ], [ -65.301954273786976, -33.813183571631676 ], [ -65.306217752420352, -33.818197611959469 ], [ -65.305490954386997, -33.819252821942349 ], [ -65.304585230223537, -33.819058396398226 ], [ -65.303150196566847, -33.819537123764221 ], [ -65.299743437643713, -33.823718964645877 ], [ -65.293619104065954, -33.828615408574485 ], [ -65.291095713054119, -33.82743344644944 ], [ -65.29035032155798, -33.826130955707647 ], [ -65.290774180969407, -33.82516424901943 ], [ -65.290421400070429, -33.82373780142386 ], [ -65.288013938789561, -33.823904231714316 ], [ -65.283995967104019, -33.820955502882143 ], [ -65.280120659276236, -33.820671499038959 ], [ -65.275860756173444, -33.822769662308843 ], [ -65.272329350484483, -33.822685768617667 ], [ -65.270267578196851, -33.82189376299128 ], [ -65.267692070903848, -33.81991767013519 ], [ -65.266769415109948, -33.817919807839679 ], [ -65.266734468530345, -33.816319384748745 ], [ -65.264683392582427, -33.81493234032412 ], [ -65.261854499991983, -33.815460867800539 ], [ -65.259035176203227, -33.814249435730297 ], [ -65.256978824340962, -33.814741921251041 ], [ -65.253989849530498, -33.816599058697804 ], [ -65.252543725321871, -33.818325745553366 ], [ -65.251745729874798, -33.820349345236018 ], [ -65.25273441774273, -33.823100492667514 ], [ -65.253957202733844, -33.823779534295099 ], [ -65.254468930145393, -33.825179996991871 ], [ -65.253558931166083, -33.828902307551111 ], [ -65.247490108415676, -33.833287408066717 ], [ -65.247224045967712, -33.835602705174026 ], [ -65.25037717004011, -33.838547366071516 ], [ -65.26065904050914, -33.844239478953703 ], [ -65.265570496012629, -33.846342344093408 ], [ -65.278773757136449, -33.848579448993512 ], [ -65.282634177694646, -33.850148091300454 ], [ -65.282292112383189, -33.924891189434319 ], [ -65.52372126121675, -33.876846874647455 ], [ -65.518301428112352, -33.860372733015168 ], [ -65.552010602829725, -33.853977204023444 ], [ -65.538869031950725, -33.80451956468255 ], [ -65.530502913563211, -33.777671394901915 ], [ -65.515880632785823, -33.726595890345337 ], [ -65.509795785210571, -33.699921758410014 ] ], [ [ -65.431602083313848, -33.821471703605262 ], [ -65.415452531668805, -33.826021111120873 ], [ -65.41463005997943, -33.82188365325851 ], [ -65.430703135838115, -33.816946330567234 ], [ -65.431602083313848, -33.821471703605262 ] ] ] } },
{ "type": "Feature", "properties": { "codigo_indec": "740351501" }, "geometry": { "type": "Polygon", "coordinates": [ [ [ -65.118583826477561, -33.585855146438121 ], [ -65.11696681704862, -33.637488699372689 ], [ -65.115743514046784, -33.733322217424828 ], [ -65.141813366383744, -33.734876485988842 ], [ -65.140141538183613, -33.740215438627736 ], [ -65.151252988299831, -33.742748994446274 ], [ -65.167733703311683, -33.744474934989142 ], [ -65.199214174397682, -33.745508043004939 ], [ -65.215742988262519, -33.743603722189746 ], [ -65.235729562440085, -33.739893019240753 ], [ -65.253291734273461, -33.73558293363147 ], [ -65.277368306820392, -33.730758686392207 ], [ -65.277814636400123, -33.725780270192367 ], [ -65.277451483266987, -33.72308703734177 ], [ -65.279005008205445, -33.722131464285553 ], [ -65.280195288136909, -33.718158087298768 ], [ -65.282778032868961, -33.716992088193592 ], [ -65.285614311115722, -33.716467598504323 ], [ -65.28588298419109, -33.714963570687551 ], [ -65.285159783265655, -33.709153429095693 ], [ -65.28582115011811, -33.706795201728966 ], [ -65.290362562371868, -33.702196434374237 ], [ -65.290907627337049, -33.698543785404958 ], [ -65.289772133575553, -33.695954325604269 ], [ -65.289810143302759, -33.691334103944612 ], [ -65.285983065249525, -33.687223519269025 ], [ -65.282408900111747, -33.684191637417271 ], [ -65.280649208799332, -33.679236402433631 ], [ -65.279153708989995, -33.665902756527466 ], [ -65.277621062844744, -33.663838268842149 ], [ -65.275824271920811, -33.662425840521117 ], [ -65.272996227469804, -33.660894631137758 ], [ -65.270544522029169, -33.660451949788481 ], [ -65.269525068389797, -33.658931321132741 ], [ -65.269553367515286, -33.655582219052796 ], [ -65.268928429027113, -33.653311118180078 ], [ -65.266888841280803, -33.650062462519266 ], [ -65.267158548793631, -33.648765823932095 ], [ -65.266137474089959, -33.647141477645732 ], [ -65.26551727589522, -33.644329453051924 ], [ -65.265932873805056, -33.640766271966413 ], [ -65.263501970296403, -33.638268031968622 ], [ -65.261857421504246, -33.634259827446151 ], [ -65.262136337015178, -33.631885892338154 ], [ -65.263848849201139, -33.627902203581847 ], [ -65.264276274814875, -33.623261728008487 ], [ -65.261727737653899, -33.619139946542163 ], [ -65.259662356333223, -33.611784409483263 ], [ -65.233393491503662, -33.605588474835578 ], [ -65.208855954565394, -33.600457396663707 ], [ -65.187024943960125, -33.605995655448915 ], [ -65.180105139599959, -33.605422577865504 ], [ -65.174636703525408, -33.603776942471264 ], [ -65.170036026142995, -33.599855962876298 ], [ -65.163798332913572, -33.591461071790668 ], [ -65.157582143017024, -33.589566214050407 ], [ -65.151546351826866, -33.589903626031088 ], [ -65.118583826477561, -33.585855146438121 ] ] ] } },
{ "type": "Feature", "properties": { "codigo_indec": "740350604" }, "geometry": { "type": "Polygon", "coordinates": [ [ [ -65.823414735911854, -33.768097223749237 ], [ -65.81054713824075, -33.770516871686553 ], [ -65.810426683946346, -33.770065905208639 ], [ -65.713306287849491, -33.783289218369887 ], [ -65.603148173827236, -33.796804934079411 ], [ -65.609587273753846, -33.815726508622845 ], [ -65.613535290653786, -33.831272636466494 ], [ -65.652198433591536, -33.823372965058851 ], [ -65.658032632743456, -33.844783048885319 ], [ -65.665978141126104, -33.870787394830536 ], [ -65.671323617426324, -33.894494311991458 ], [ -65.730797631051004, -33.882255915324713 ], [ -65.733181786031707, -33.896789478369044 ], [ -65.734657313138825, -33.90994165184275 ], [ -65.722633587356896, -33.936587180861274 ], [ -65.728372361851342, -33.956776333450733 ], [ -65.750923121810956, -33.952469616933136 ], [ -65.749988756876462, -33.945512376448782 ], [ -65.763641789744781, -33.943979686829628 ], [ -65.818417972836272, -33.941084061462689 ], [ -65.870044217492719, -33.93555532435979 ], [ -65.874127462275325, -33.920742740012578 ], [ -65.8759790733708, -33.907906645622326 ], [ -65.878206750791023, -33.898208247170089 ], [ -65.882544470360088, -33.884666723276602 ], [ -65.878768114323492, -33.877779747323238 ], [ -65.865511762665761, -33.858396198478275 ], [ -65.864140891673571, -33.848892339550126 ], [ -65.860358633144699, -33.830897608841568 ], [ -65.837588280567957, -33.816877576860662 ], [ -65.829548852336529, -33.804961662323478 ], [ -65.831043179852955, -33.794694959747616 ], [ -65.826031574667354, -33.773911514988733 ], [ -65.823414735911854, -33.768097223749237 ] ] ] } },
{ "type": "Feature", "properties": { "codigo_indec": "740280304" }, "geometry": { "type": "Polygon", "coordinates": [ [ [ -65.210874744803334, -32.81866439938085 ], [ -65.162032437309819, -32.809821764615286 ], [ -65.156675531176461, -32.806954572555576 ], [ -65.127431911530294, -32.80501398834781 ], [ -65.11136792555979, -32.80324195964841 ], [ -65.076252645043269, -32.818279911535932 ], [ -65.074197533962817, -32.820554931683638 ], [ -65.052260045880999, -32.8249621402881 ], [ -65.049293872457568, -32.828731087118101 ], [ -65.042620519444142, -32.827620783057554 ], [ -65.041140536651241, -32.829196357101644 ], [ -65.039008216360713, -32.833327587743653 ], [ -65.036799421614063, -32.834631522862402 ], [ -65.03051928261398, -32.834411719542345 ], [ -65.031137887955296, -32.849235067800187 ], [ -65.032525183373707, -32.851080650408676 ], [ -65.033982341404609, -32.859544828884822 ], [ -65.035479937210951, -32.8630637794001 ], [ -65.036241674223433, -32.867952050238372 ], [ -65.039683233019204, -32.87575969854111 ], [ -65.042173521290479, -32.879669381763087 ], [ -65.041715007681574, -32.888515481566117 ], [ -65.042234312811487, -32.890656348950998 ], [ -65.042045661146531, -32.904459008201606 ], [ -65.037689950494297, -32.92275132867622 ], [ -65.040883497511089, -32.936151634036513 ], [ -65.042254419706168, -32.936184690075429 ], [ -65.043973962061983, -32.942572410842949 ], [ -65.042575918423324, -32.942566213829643 ], [ -65.042420596536672, -32.946807207531279 ], [ -65.041701128144297, -32.9468377563324 ], [ -65.043372569334295, -32.95522222225609 ], [ -65.044729763587824, -32.958298156062632 ], [ -65.047868317129968, -32.968555631747691 ], [ -65.046996356266277, -32.970568632809425 ], [ -65.047170847708529, -32.975984250254186 ], [ -65.047892034066948, -32.980051589765594 ], [ -65.050750193979198, -32.981371695477399 ], [ -65.051844183462421, -32.983859486485734 ], [ -65.052305205970001, -32.986518282428278 ], [ -65.052234527285066, -32.993131186357417 ], [ -65.049237992618856, -33.004676267339484 ], [ -65.049292467398061, -33.006331164765953 ], [ -65.05038607781124, -33.008877564413993 ], [ -65.051919952762461, -33.009538394989605 ], [ -65.053028178866001, -33.010727936938885 ], [ -65.056166184400325, -33.0162651426864 ], [ -65.154901329275063, -32.999003186698047 ], [ -65.184386192556445, -32.996846025711861 ], [ -65.175866228696378, -32.960895713798379 ], [ -65.211993926177485, -32.95863579495952 ], [ -65.212624593077692, -32.94480396857886 ], [ -65.205602015019124, -32.944764024039571 ], [ -65.206369718503808, -32.921966149079722 ], [ -65.226078247561958, -32.918568777032846 ], [ -65.22769825390283, -32.917289430303569 ], [ -65.22962031892888, -32.916922595897397 ], [ -65.220910881567605, -32.881176516046992 ], [ -65.214796453779016, -32.849291596556945 ], [ -65.210874744803334, -32.81866439938085 ] ] ] } },
{ "type": "Feature", "properties": { "codigo_indec": "740210402" }, "geometry": { "type": "Polygon", "coordinates": [ [ [ -66.027582093641598, -33.372479255939545 ], [ -66.037425731762042, -33.367080463129987 ], [ -66.126391955629416, -33.3416861122084 ], [ -66.133531969312003, -33.270697689859837 ], [ -66.130491959043553, -33.270854195959352 ], [ -66.108218112952628, -33.269279680669086 ], [ -66.077258008628149, -33.266210155432489 ], [ -66.06638097732926, -33.26719922367802 ], [ -66.05198801814295, -33.267206074742951 ], [ -66.043119593950593, -33.266645942665079 ], [ -66.039866624364208, -33.264690472847413 ], [ -66.037322583154591, -33.263771591083177 ], [ -66.033243958634245, -33.26313709308841 ], [ -66.024375516992464, -33.260605542176116 ], [ -66.017348385264427, -33.259484180171391 ], [ -66.000592917808987, -33.255211616644189 ], [ -65.994073813086729, -33.250644668446498 ], [ -65.990814435117471, -33.249125205683811 ], [ -65.971175098546055, -33.246962774326434 ], [ -65.973481710075262, -33.301724223443969 ], [ -66.006224533071773, -33.29637570115009 ], [ -66.027582093641598, -33.372479255939545 ] ] ] } },
{ "type": "Feature", "properties": { "codigo_indec": "740210301" }, "geometry": { "type": "Polygon", "coordinates": [ [ [ -65.868654185632707, -32.871176424918254 ], [ -65.867846999040708, -32.871491167902803 ], [ -65.857037059828556, -32.86940538331605 ], [ -65.853426364440978, -32.870559882399775 ], [ -65.849219379164708, -32.870433153598626 ], [ -65.84591964353217, -32.869329065573147 ], [ -65.840808072556086, -32.868709513053147 ], [ -65.828321245908228, -32.872376420188246 ], [ -65.823211863655615, -32.873320590360642 ], [ -65.817198057643978, -32.873645573099544 ], [ -65.811024410387361, -32.875002463858152 ], [ -65.801777224969101, -32.878112516699268 ], [ -65.783149706124746, -32.891038909476784 ], [ -65.776980702427565, -32.891988359725744 ], [ -65.769383745266595, -32.89127126263336 ], [ -65.766471002198529, -32.890413760477571 ], [ -65.767036928542879, -32.894688824065582 ], [ -65.766773748711685, -32.898254513054646 ], [ -65.76769084015281, -32.902128971843936 ], [ -65.768680191605526, -32.914213415344733 ], [ -65.767609097003216, -32.920121980056571 ], [ -65.766199962673568, -32.922387090853199 ], [ -65.764399509065768, -32.924024776801602 ], [ -65.757039116764687, -32.927716608986344 ], [ -65.751963730795666, -32.931353950309088 ], [ -65.749030690644929, -32.932547333558077 ], [ -65.747382378258862, -32.934081382183578 ], [ -65.745290298033822, -32.937467462409813 ], [ -65.744842496837677, -32.93980641419396 ], [ -65.747867150576752, -32.947882603460464 ], [ -65.744841986497107, -32.95394477148772 ], [ -65.745495030308106, -32.956515891052049 ], [ -65.744674517771571, -32.958254458217354 ], [ -65.745435128397716, -32.959689680540798 ], [ -65.744114495036811, -32.960521035526028 ], [ -65.741787460449245, -32.964443057789964 ], [ -65.739645184617018, -32.978238782628019 ], [ -65.737154672769478, -32.979338119029691 ], [ -65.737809519829767, -32.983094975529085 ], [ -65.734739527490945, -32.982939715557087 ], [ -65.732882096919482, -32.989572084084315 ], [ -65.724906168852485, -32.993770092353962 ], [ -65.722223936425706, -32.996099487890753 ], [ -65.723772286101365, -32.999687073425562 ], [ -65.714789822567397, -33.00449983846292 ], [ -65.712494202061194, -33.007050811323012 ], [ -65.710678238416307, -33.010148364066602 ], [ -65.706065114533558, -33.012774972527886 ], [ -65.70384026419346, -33.013225056857451 ], [ -65.702631382978453, -33.011495484108316 ], [ -65.699662263466806, -33.010514571304341 ], [ -65.69352936136228, -33.015386714835955 ], [ -65.692800317898218, -33.018071897072851 ], [ -65.685607388711702, -33.020542590841231 ], [ -65.682470721818575, -33.019245263929726 ], [ -65.680541773658206, -33.020664977482994 ], [ -65.681350439202319, -33.022731864907726 ], [ -65.677602563666753, -33.029092519559498 ], [ -65.673038929841738, -33.033002894945803 ], [ -65.668541365614075, -33.034884527331435 ], [ -65.666594441153833, -33.038084761103306 ], [ -65.664823803685778, -33.039220623468687 ], [ -65.664161530715887, -33.040954547478378 ], [ -65.658538400220877, -33.04514554818541 ], [ -65.653656096128742, -33.047300590565158 ], [ -65.651966361714017, -33.048873798684298 ], [ -65.665389539862204, -33.045317394787375 ], [ -65.670052766093548, -33.040798949995946 ], [ -65.673564071207224, -33.039365522073069 ], [ -65.679769660569704, -33.035878632114333 ], [ -65.686463503865511, -33.033425066040927 ], [ -65.692674118219983, -33.028224372099757 ], [ -65.697895742790735, -33.027204712787835 ], [ -65.703687282913663, -33.025365670742893 ], [ -65.705054823872757, -33.023709840169296 ], [ -65.724034552594532, -33.024564755709662 ], [ -65.726046098291732, -33.021332194269675 ], [ -65.733418776878935, -33.020130905765171 ], [ -65.735254676661029, -33.022700064808809 ], [ -65.753279908255692, -33.021389003870169 ], [ -65.767639436648253, -33.0218989588436 ], [ -65.770143296739221, -33.018035426255445 ], [ -65.772637030933808, -33.016989546591013 ], [ -65.772566173791915, -33.014365552441227 ], [ -65.781691712398612, -33.009260346468494 ], [ -65.802659361271552, -33.000634676037393 ], [ -65.804684507851249, -32.999393549478548 ], [ -65.806405982131935, -32.996312501556346 ], [ -65.811441509870861, -32.994516856753904 ], [ -65.810067500465777, -32.992837656955295 ], [ -65.811608716627447, -32.988841057355913 ], [ -65.812223631765164, -32.983923335572072 ], [ -65.813098027644386, -32.981485609586663 ], [ -65.820756949687052, -32.970090601896189 ], [ -65.822173246533509, -32.966607633897453 ], [ -65.82454941128843, -32.964474011922739 ], [ -65.824065351982611, -32.96315236914586 ], [ -65.826576937393241, -32.958697068913082 ], [ -65.828856932577992, -32.957739922575342 ], [ -65.830975346186548, -32.955957477106523 ], [ -65.83130675665312, -32.953216811849771 ], [ -65.830572210358724, -32.950032879031973 ], [ -65.833553553007604, -32.94561863969578 ], [ -65.838642543459628, -32.943411682027083 ], [ -65.844361719296344, -32.927738635105911 ], [ -65.849406987393138, -32.925332804992017 ], [ -65.854354277477668, -32.92383285103125 ], [ -65.855863918557276, -32.922500104336329 ], [ -65.85665984375099, -32.91622076611457 ], [ -65.858935366922111, -32.915506512664585 ], [ -65.858874142949801, -32.905245224534326 ], [ -65.856665720421617, -32.899305083761092 ], [ -65.856120553256531, -32.896035829098196 ], [ -65.857880942531295, -32.891303963242294 ], [ -65.862211374644531, -32.886547875892944 ], [ -65.866362956374189, -32.8831665250976 ], [ -65.868648325904147, -32.878773191583974 ], [ -65.868654185632707, -32.871176424918254 ] ] ] } },
{ "type": "Feature", "properties": { "codigo_indec": "740210201" }, "geometry": { "type": "Polygon", "coordinates": [ [ [ -65.969523517848728, -32.840151126809353 ], [ -65.966514145495495, -32.839911407300029 ], [ -65.958852737751585, -32.840454651467752 ], [ -65.955156109193297, -32.842202679189072 ], [ -65.952230637511988, -32.84480299979451 ], [ -65.947323729271019, -32.846929040523641 ], [ -65.934631103756942, -32.846359492265115 ], [ -65.921285031743196, -32.845039837243668 ], [ -65.91691563057833, -32.848445433998513 ], [ -65.912851943911775, -32.850223524226038 ], [ -65.909835730956573, -32.853922857280061 ], [ -65.903062048176167, -32.857006106455501 ], [ -65.9010986412286, -32.859723186133543 ], [ -65.893116148318526, -32.865676833461833 ], [ -65.886640569048595, -32.868443847082709 ], [ -65.873868679964048, -32.869148469392933 ], [ -65.868654185632707, -32.871176424918254 ], [ -65.868648325904147, -32.878773191583974 ], [ -65.866362956374189, -32.8831665250976 ], [ -65.862211374644531, -32.886547875892944 ], [ -65.857880942531295, -32.891303963242294 ], [ -65.856120553256531, -32.896035829098196 ], [ -65.856665720421617, -32.899305083761092 ], [ -65.858874142949801, -32.905245224534326 ], [ -65.858935366922111, -32.915506512664585 ], [ -65.85665984375099, -32.91622076611457 ], [ -65.855863918557276, -32.922500104336329 ], [ -65.854354277477668, -32.92383285103125 ], [ -65.849406987393138, -32.925332804992017 ], [ -65.844361719296344, -32.927738635105911 ], [ -65.838642543459628, -32.943411682027083 ], [ -65.833553553007604, -32.94561863969578 ], [ -65.830572210358724, -32.950032879031973 ], [ -65.83130675665312, -32.953216811849771 ], [ -65.830975346186548, -32.955957477106523 ], [ -65.828856932577992, -32.957739922575342 ], [ -65.826576937393241, -32.958697068913082 ], [ -65.824065351982611, -32.96315236914586 ], [ -65.82454941128843, -32.964474011922739 ], [ -65.822173246533509, -32.966607633897453 ], [ -65.820756949687052, -32.970090601896189 ], [ -65.813098027644386, -32.981485609586663 ], [ -65.812223631765164, -32.983923335572072 ], [ -65.811608716627447, -32.988841057355913 ], [ -65.810067500465777, -32.992837656955295 ], [ -65.811441509870861, -32.994516856753904 ], [ -65.814312860867005, -32.993984662965431 ], [ -65.8189984352327, -32.986579762062448 ], [ -65.820161785541629, -32.985337128377161 ], [ -65.821611969851133, -32.985086738820087 ], [ -65.823604580219353, -32.983755086762542 ], [ -65.824624158451385, -32.98212899449203 ], [ -65.826514539589425, -32.981045113016542 ], [ -65.830413648092602, -32.981253346412764 ], [ -65.830739179283228, -32.980252925273028 ], [ -65.833324797982456, -32.979178897297992 ], [ -65.836887210497622, -32.979192617808565 ], [ -65.839759527240517, -32.977767175640764 ], [ -65.844422218792971, -32.978661224849965 ], [ -65.84870510272647, -32.978057853658726 ], [ -65.874035108168258, -32.983640313155433 ], [ -65.874156002926725, -32.981377221626218 ], [ -65.872473615386738, -32.975852729866276 ], [ -65.874330768628113, -32.971287603470365 ], [ -65.881531011489841, -32.970451569338323 ], [ -65.884001325581735, -32.968930047725571 ], [ -65.884252548746971, -32.964944850580757 ], [ -65.88788778542596, -32.959786038203987 ], [ -65.892491252697027, -32.958424036158291 ], [ -65.89830215252114, -32.955602126712932 ], [ -65.911165700652219, -32.955684070529955 ], [ -65.919964462439268, -32.953503435444112 ], [ -65.921766789696576, -32.94717024799705 ], [ -65.920506804272435, -32.94202985010682 ], [ -65.923750399345366, -32.934895030076838 ], [ -65.924998601158492, -32.938263582140337 ], [ -65.927552981905066, -32.939820496681747 ], [ -65.929622633565501, -32.942562802569185 ], [ -65.928331373030247, -32.94588477708708 ], [ -65.932157061284386, -32.953010216993924 ], [ -65.943261133797208, -32.952821891351412 ], [ -65.946226859218612, -32.951867418253947 ], [ -65.951646749574778, -32.951256488377588 ], [ -65.954207030255446, -32.948187218423641 ], [ -65.964095882975187, -32.949908160036699 ], [ -65.975405281583321, -32.950041642361128 ], [ -65.979172131491694, -32.95129566801981 ], [ -65.980265080296064, -32.953910728599176 ], [ -65.983503133218662, -32.953122224874058 ], [ -65.986123752973413, -32.950742097781074 ], [ -65.989487095535154, -32.951671160644153 ], [ -65.989720237826432, -32.947072589954907 ], [ -65.993803228734933, -32.939976596796171 ], [ -65.991448526478578, -32.934796271395911 ], [ -65.987503477911602, -32.930873601950886 ], [ -65.986373303945584, -32.927433546981526 ], [ -65.986320642061258, -32.922253344408432 ], [ -65.982632791045063, -32.919160094982352 ], [ -65.982561788919242, -32.913240496068347 ], [ -65.985104371202979, -32.907190485099314 ], [ -65.986299579661775, -32.902826438620963 ], [ -65.985650952416108, -32.898362993568703 ], [ -65.978659039346113, -32.894570381060632 ], [ -65.972661243991269, -32.892098576479576 ], [ -65.966709049577545, -32.882890845865326 ], [ -65.966439809867154, -32.881317317896347 ], [ -65.968161207726283, -32.87877048155643 ], [ -65.980166277968692, -32.86944943308086 ], [ -65.981118224639602, -32.864747234698029 ], [ -65.979069365685163, -32.8653871132042 ], [ -65.976516196834297, -32.863907877665092 ], [ -65.972051624381095, -32.859412000615677 ], [ -65.97126204034825, -32.856296456856839 ], [ -65.972544473968938, -32.854858536773513 ], [ -65.971591573471557, -32.853086487349771 ], [ -65.973675469452175, -32.850593747076289 ], [ -65.972725754918827, -32.847212173162006 ], [ -65.970499787977005, -32.843388463112611 ], [ -65.969523517848728, -32.840151126809353 ] ] ] } },
{ "type": "Feature", "properties": { "codigo_indec": "740210104" }, "geometry": { "type": "Polygon", "coordinates": [ [ [ -66.119537115216218, -32.867888062506829 ], [ -66.121268120514827, -32.869919719010717 ], [ -66.122508229240694, -32.872344069679798 ], [ -66.124682823347996, -32.878184899244062 ], [ -66.12522030217518, -32.882350185959801 ], [ -66.126358634814494, -32.886280421831266 ], [ -66.12408359808606, -32.904433744915977 ], [ -66.120504153070868, -32.909396539115015 ], [ -66.121105723411148, -32.911564520170465 ], [ -66.117385227358142, -32.911247969344238 ], [ -66.115602768122201, -32.913359582407914 ], [ -66.117092720043701, -32.916419428321618 ], [ -66.116951410979269, -32.918709848527506 ], [ -66.102212575862396, -32.924250115325684 ], [ -66.095386705050927, -32.927294196846709 ], [ -66.091527441443972, -32.927747926111266 ], [ -66.088337209369854, -32.929035125517181 ], [ -66.080445561296457, -32.933878002596686 ], [ -66.077800475366459, -32.932337793618551 ], [ -66.073059732331828, -32.933954673567165 ], [ -66.06835707699274, -32.936657884188257 ], [ -66.064930855703736, -32.937827394548606 ], [ -66.065058251776605, -32.940221303539424 ], [ -66.065840745807179, -32.942759137622559 ], [ -66.06885491759391, -32.947806947149601 ], [ -66.069670965348678, -32.951994816892665 ], [ -66.073593903336914, -32.962443072458925 ], [ -66.074308172747266, -32.96600880143788 ], [ -66.073425967269941, -32.97277644008733 ], [ -66.072135711136895, -32.974544485799072 ], [ -66.072315008143377, -32.977966258303184 ], [ -66.073418061420682, -32.982613772863651 ], [ -66.07262518649928, -32.984426611489795 ], [ -66.073461638110359, -32.986788520659907 ], [ -66.072486077033801, -32.997482990174554 ], [ -66.072487576724811, -33.005859563794267 ], [ -66.071191696764032, -33.011238803881113 ], [ -66.069405566725962, -33.016041227971819 ], [ -66.071860989542614, -33.028253006279691 ], [ -66.070329768236405, -33.034290574122032 ], [ -66.07321258007039, -33.034987711528686 ], [ -66.073653635812306, -33.03758426577059 ], [ -66.074682262386588, -33.038697218239236 ], [ -66.074832596000604, -33.042407503648981 ], [ -66.073953087956255, -33.043643316640463 ], [ -66.071750868975172, -33.044262246796251 ], [ -66.073221377771802, -33.045622914439029 ], [ -66.074103917079825, -33.047971243528117 ], [ -66.074106092023101, -33.050568050623546 ], [ -66.072931751341599, -33.051434345278686 ], [ -66.068923169296511, -33.052843228429658 ], [ -66.072670184888651, -33.055604716940238 ], [ -66.074171253176047, -33.058051863343046 ], [ -66.075105701286773, -33.058303771299791 ], [ -66.075107477687041, -33.060395640248842 ], [ -66.07605269598244, -33.060688109563571 ], [ -66.075026163328062, -33.062365833370031 ], [ -66.076172299819945, -33.062797939126888 ], [ -66.077671009529254, -33.062310114299365 ], [ -66.079082478370736, -33.063071136450695 ], [ -66.080651868676952, -33.06964779260035 ], [ -66.084133681432419, -33.065493316460042 ], [ -66.086056045319197, -33.065694879938718 ], [ -66.087496009765019, -33.062659767579724 ], [ -66.089175550072568, -33.061040084665649 ], [ -66.093365642192737, -33.061627610822299 ], [ -66.094119321541356, -33.060468401389876 ], [ -66.097842534171605, -33.06248978002089 ], [ -66.099281864721902, -33.0592967391146 ], [ -66.104481058635983, -33.06207413695477 ], [ -66.110087249792969, -33.058201160546361 ], [ -66.111978902951364, -33.05748265063712 ], [ -66.117747155366843, -33.057179788427909 ], [ -66.119724960611933, -33.054910210453002 ], [ -66.122171564137645, -33.054921363216067 ], [ -66.129088187393023, -33.052944251983327 ], [ -66.131431056713282, -33.049831048779787 ], [ -66.131171179095929, -33.047861175580366 ], [ -66.131927170846211, -33.046868542293538 ], [ -66.134069157534753, -33.047362176811411 ], [ -66.135612347910097, -33.048334311422089 ], [ -66.138775113277333, -33.047717698293887 ], [ -66.140720682854564, -33.049212289223291 ], [ -66.141307914548165, -33.051546947118617 ], [ -66.14383801182791, -33.05193177282996 ], [ -66.143632013320513, -33.055295232206859 ], [ -66.142529648459288, -33.057253115660167 ], [ -66.14448759116604, -33.05959970656815 ], [ -66.146667485205114, -33.060124637595827 ], [ -66.148845922522099, -33.064540224058206 ], [ -66.151775696720463, -33.063589943359752 ], [ -66.153203014905301, -33.068484245435414 ], [ -66.155686563462012, -33.067976236953214 ], [ -66.158006048807778, -33.068559402574564 ], [ -66.158335849504581, -33.067346243821838 ], [ -66.159804416593275, -33.068164886564745 ], [ -66.162387265527059, -33.066358218606752 ], [ -66.16432854934105, -33.067992199242425 ], [ -66.168499245882487, -33.069208390737693 ], [ -66.172017352755446, -33.069329820886971 ], [ -66.176801578152791, -33.068002190387936 ], [ -66.183281594837467, -33.064719789675024 ], [ -66.191444971764511, -33.063918568576916 ], [ -66.205839789030989, -33.064030891857037 ], [ -66.207091647998965, -33.055598242805573 ], [ -66.20790361241221, -33.040029599747093 ], [ -66.209965751588101, -33.032704591936863 ], [ -66.216346461813288, -33.027576714721327 ], [ -66.226375526825407, -33.025313765493017 ], [ -66.236309658165965, -33.023767018566978 ], [ -66.246245009962308, -33.01797260996932 ], [ -66.260458269595759, -33.011641077520693 ], [ -66.268216298651879, -33.00517318670736 ], [ -66.27202135727623, -32.999335640315913 ], [ -66.271516759575874, -32.996167357492872 ], [ -66.268212114073876, -32.99406458408626 ], [ -66.260904192997444, -32.993164869818877 ], [ -66.252843013332168, -32.994461831998557 ], [ -66.239929851699955, -32.994040985827056 ], [ -66.223309402820234, -32.992579546150139 ], [ -66.217964952906627, -32.988229388220596 ], [ -66.21494406141656, -32.985579188182825 ], [ -66.213443728531701, -32.983426754438732 ], [ -66.210135149955008, -32.957423440787338 ], [ -66.204419516970688, -32.947424259154545 ], [ -66.200514059286746, -32.941763511620948 ], [ -66.196602517444646, -32.934335344329952 ], [ -66.187285603190801, -32.926257030452525 ], [ -66.176807821757507, -32.910136601561078 ], [ -66.168433891927918, -32.895373982190748 ], [ -66.158002108709695, -32.881618765890323 ], [ -66.153218068634388, -32.874284934327967 ], [ -66.152305082984867, -32.869957917249053 ], [ -66.152648294579237, -32.869154990776039 ], [ -66.125541405704382, -32.869446622141304 ], [ -66.119537115216218, -32.867888062506829 ] ] ] } },
{ "type": "Feature", "properties": { "codigo_indec": "740210101" }, "geometry": { "type": "Polygon", "coordinates": [ [ [ -66.08439507904211, -32.681023954503516 ], [ -66.063697290132765, -32.677934242122127 ], [ -66.064432995594089, -32.685400130526439 ], [ -66.069764435908951, -32.709405584937869 ], [ -66.072175107443542, -32.716302364691998 ], [ -66.075099338883078, -32.721395350108018 ], [ -66.082816323535283, -32.740840492652211 ], [ -66.084530633847308, -32.748463335707719 ], [ -66.091997542299268, -32.77212799478032 ], [ -66.102228227291491, -32.788846750423602 ], [ -66.104017650705956, -32.794575621860901 ], [ -66.104161298900578, -32.798745891629082 ], [ -66.103555471676941, -32.803399192532694 ], [ -66.100857345047572, -32.80617413639586 ], [ -66.09694682024427, -32.80619075055909 ], [ -66.095947257580505, -32.807521534403818 ], [ -66.096464502022101, -32.811898909777966 ], [ -66.09731728528557, -32.813016362292842 ], [ -66.095521541022379, -32.813802227145317 ], [ -66.094575316275026, -32.815182551505607 ], [ -66.102569026684591, -32.834621455494499 ], [ -66.103243138576062, -32.835684907531288 ], [ -66.105324858007805, -32.837071791115598 ], [ -66.108369882943578, -32.837858178988228 ], [ -66.112474463718783, -32.84240363114445 ], [ -66.115958036419755, -32.849623056896903 ], [ -66.118344834830765, -32.85108608138821 ], [ -66.11882103149587, -32.853705061470706 ], [ -66.122289063445109, -32.856686337549831 ], [ -66.124714156601044, -32.860493611853528 ], [ -66.123943661943414, -32.865345501718529 ], [ -66.119537115216218, -32.867888062506829 ], [ -66.125541405704382, -32.869446622141304 ], [ -66.152648294579237, -32.869154990776039 ], [ -66.154154041241242, -32.865600466730093 ], [ -66.162376838665068, -32.85892202675258 ], [ -66.190026657149147, -32.841750852766694 ], [ -66.201142480812933, -32.834231352813312 ], [ -66.213465252290362, -32.824206592077289 ], [ -66.220972557765577, -32.813301024655466 ], [ -66.22488046939867, -32.801535873445459 ], [ -66.221974044141291, -32.773718955294022 ], [ -66.225109146942273, -32.763041652528464 ], [ -66.224034128031207, -32.751398004990143 ], [ -66.226423873046443, -32.742768848633752 ], [ -66.231504976054666, -32.735424143340957 ], [ -66.22051377984107, -32.732301490498863 ], [ -66.198631003880678, -32.723041399362856 ], [ -66.187233790844104, -32.719600858515996 ], [ -66.162247328101913, -32.706768178280853 ], [ -66.159929993400738, -32.705116502199232 ], [ -66.149666161581138, -32.701170625553168 ], [ -66.144734470827615, -32.698326980766311 ], [ -66.128904093212739, -32.693389296767201 ], [ -66.08439507904211, -32.681023954503516 ] ] ] } },
{ "type": "Feature", "properties": { "codigo_indec": "740140502" }, "geometry": { "type": "Polygon", "coordinates": [ [ [ -66.748454291367565, -32.878176222667562 ], [ -66.744413087527121, -32.891666664787323 ], [ -66.729601896416199, -32.935461895320465 ], [ -66.718419182732944, -32.945571138525814 ], [ -66.737864036518829, -32.949573867487494 ], [ -66.745648122372572, -32.953887142388901 ], [ -66.762568671849905, -32.964667918881077 ], [ -66.803519094517895, -32.986366230716001 ], [ -66.814180033938641, -33.005290222438752 ], [ -66.818414119373429, -33.016217432625197 ], [ -66.846764191305084, -33.020734834602436 ], [ -66.863557679207219, -33.02140417678698 ], [ -66.866680166094497, -33.021950558394408 ], [ -66.88120994931451, -33.02768685639888 ], [ -66.889816239738295, -33.032557687706927 ], [ -66.897274560667839, -33.034704245004548 ], [ -66.914622145370984, -33.037693395970422 ], [ -66.921295995487583, -33.039452047230135 ], [ -66.927824959280088, -33.040129468463306 ], [ -66.929779501815602, -33.039452224293356 ], [ -66.930522394717684, -33.038076218866472 ], [ -66.937351212283446, -33.038768937482594 ], [ -66.954785803381284, -33.043428837238395 ], [ -66.971384930452302, -33.044229355215151 ], [ -66.971408409626633, -33.055386681290514 ], [ -66.978456782576117, -33.060051541450271 ], [ -66.981855015067794, -33.06138176391579 ], [ -66.985254206856936, -33.057022700782142 ], [ -66.987262312428868, -33.053238073256395 ], [ -66.987565853800092, -33.045423174811006 ], [ -66.992944123363714, -33.028619433516496 ], [ -66.996018256516336, -33.021922962057296 ], [ -66.999228088279423, -33.018520741935397 ], [ -67.001805944296351, -33.013906329774592 ], [ -67.002415448406694, -33.006769629619022 ], [ -67.001903791723393, -33.004578293717962 ], [ -67.000305255374442, -33.003734575242426 ], [ -66.997671770696712, -32.999112304478693 ], [ -66.998702545852112, -32.997769663041709 ], [ -66.998883589884102, -32.996032593592993 ], [ -66.99982443574693, -32.994073051616901 ], [ -66.99960667920071, -32.992077703248121 ], [ -67.000903607061261, -32.987784607848454 ], [ -67.000703679446872, -32.985473548691999 ], [ -67.000012712221462, -32.983729936274734 ], [ -67.001092462296228, -32.978451296186925 ], [ -67.00292482555048, -32.975889506284631 ], [ -67.002098579777467, -32.971635965225609 ], [ -67.000057906707397, -32.968997037890894 ], [ -66.998755647787732, -32.965432513956102 ], [ -66.995809812878363, -32.960501598839222 ], [ -66.992557422175608, -32.955861563879687 ], [ -66.987122805289943, -32.950891572210345 ], [ -66.983520406852222, -32.894978143309771 ], [ -66.979353802788935, -32.892436671857347 ], [ -66.968753947738932, -32.891847522446845 ], [ -66.962086856948446, -32.891989161558811 ], [ -66.962258950433721, -32.893326772663599 ], [ -66.944747295113274, -32.89374883543735 ], [ -66.935062413841962, -32.898613865038278 ], [ -66.934421203700381, -32.89683791541178 ], [ -66.934434478121716, -32.893267311455894 ], [ -66.933398446877604, -32.887211497653396 ], [ -66.934036205247224, -32.880773504292989 ], [ -66.93109182882219, -32.878938070636188 ], [ -66.929526007097962, -32.874035748588113 ], [ -66.927920827790416, -32.871748468965528 ], [ -66.918854315375313, -32.864430902764653 ], [ -66.90949569672739, -32.859747598444287 ], [ -66.901140198827335, -32.856449411183789 ], [ -66.897274170504502, -32.84860126274522 ], [ -66.896494206354774, -32.844067028359504 ], [ -66.897801709672606, -32.83946372768068 ], [ -66.897911617752939, -32.834201784498163 ], [ -66.896733302947382, -32.82614943089667 ], [ -66.896566144106032, -32.814027848547383 ], [ -66.898532182873623, -32.805939403411564 ], [ -66.880953871386779, -32.816036672247243 ], [ -66.87027152893981, -32.825439055164701 ], [ -66.856911362643743, -32.833709282255604 ], [ -66.846374570794453, -32.841210655611349 ], [ -66.836703782636746, -32.84528356519484 ], [ -66.832985389073755, -32.846579712676771 ], [ -66.829351259122944, -32.847185422145628 ], [ -66.819776581870698, -32.85605773461652 ], [ -66.766479417639417, -32.895712545203622 ], [ -66.76097604469561, -32.889236176552266 ], [ -66.754824123030943, -32.88431432594399 ], [ -66.751498792452011, -32.880605980220025 ], [ -66.748454291367565, -32.878176222667562 ] ], [ [ -66.835738824806796, -32.854297586197113 ], [ -66.836830014190227, -32.855318182993578 ], [ -66.839254444304657, -32.855261369301104 ], [ -66.842150163103966, -32.853641469571265 ], [ -66.843254809480129, -32.852407775033939 ], [ -66.845577611881424, -32.852062993980525 ], [ -66.845617487818018, -32.850917619162537 ], [ -66.846642687249968, -32.851731194938715 ], [ -66.84780774651874, -32.851804455341473 ], [ -66.856720166943745, -32.851328987090987 ], [ -66.85995778606177, -32.856130637041602 ], [ -66.858677482597145, -32.864060471944988 ], [ -66.852949702106258, -32.868107512624725 ], [ -66.854442852195476, -32.882311890502635 ], [ -66.844234435474164, -32.890969462589311 ], [ -66.842968174039882, -32.893241152338341 ], [ -66.84169080986922, -32.889259944815677 ], [ -66.835016829561738, -32.895228548375343 ], [ -66.835020890067895, -32.895661314479959 ], [ -66.832226122828402, -32.89394877358869 ], [ -66.832021492919878, -32.894923920569916 ], [ -66.832957995030043, -32.897352147622428 ], [ -66.832290498243125, -32.898546773826439 ], [ -66.816146084238227, -32.898504425828904 ], [ -66.810660460412862, -32.892336727602505 ], [ -66.809220903180901, -32.883284408808116 ], [ -66.811905403868522, -32.880021045840486 ], [ -66.822941681231143, -32.875179153511446 ], [ -66.822493605207441, -32.863392930012182 ], [ -66.823128494219432, -32.863307604991967 ], [ -66.823748580423867, -32.862198992136143 ], [ -66.82553231616977, -32.861001553744948 ], [ -66.826143246574489, -32.858910181718159 ], [ -66.828458695127381, -32.857461233640919 ], [ -66.832140247832839, -32.857026546766349 ], [ -66.834106058048619, -32.85447528856168 ], [ -66.835738824806796, -32.854297586197113 ] ] ] } },
{ "type": "Feature", "properties": { "codigo_indec": "740140202" }, "geometry": { "type": "Polygon", "coordinates": [ [ [ -66.524930978850264, -32.447494346354127 ], [ -66.525043093571952, -32.456741220029336 ], [ -66.52343558765871, -32.458776825388327 ], [ -66.51820391679766, -32.468735623323695 ], [ -66.506630961077406, -32.473990265196022 ], [ -66.501972824160134, -32.474680720832154 ], [ -66.495747186753505, -32.479069804117657 ], [ -66.496201802070317, -32.482431493301419 ], [ -66.493704753124703, -32.491269314554614 ], [ -66.487920814016661, -32.505327382994523 ], [ -66.487134635408793, -32.510005920479323 ], [ -66.48839754968067, -32.511331081232143 ], [ -66.489203487974436, -32.51571488161445 ], [ -66.485927546730608, -32.519050463530519 ], [ -66.485002781225504, -32.522241656294952 ], [ -66.482507870288813, -32.524911360971728 ], [ -66.481423813295692, -32.527706374607504 ], [ -66.479546757878865, -32.528511577775824 ], [ -66.477830331788326, -32.530510937009183 ], [ -66.475639869246351, -32.531448023396578 ], [ -66.473930285514442, -32.534777356690711 ], [ -66.472854793308784, -32.538771563576105 ], [ -66.469430167291151, -32.544496855174103 ], [ -66.4688171677018, -32.546893234497269 ], [ -66.46475621427409, -32.550627944499126 ], [ -66.460841116044847, -32.552238416518371 ], [ -66.457555433505689, -32.55464450805848 ], [ -66.455839343337317, -32.556377552971043 ], [ -66.453970853476704, -32.559576433743288 ], [ -66.45069267934204, -32.563041849088926 ], [ -66.441466058672361, -32.570121596586169 ], [ -66.440694411567961, -32.572383131955462 ], [ -66.432885577406921, -32.580652056038168 ], [ -66.436839145049163, -32.586616818239463 ], [ -66.437839405864111, -32.589710763152034 ], [ -66.433524528951509, -32.595573410150088 ], [ -66.427667426993253, -32.608790211189216 ], [ -66.427299433011044, -32.614305496280096 ], [ -66.429523665060017, -32.625492777594943 ], [ -66.428341424236848, -32.626164088775134 ], [ -66.426428492, -32.63903362748465 ], [ -66.430002616248146, -32.643200900596952 ], [ -66.435938730818251, -32.645349058406488 ], [ -66.446083181672222, -32.660520854660511 ], [ -66.450042750070963, -32.66466812909789 ], [ -66.454841438865586, -32.66445245228298 ], [ -66.455223870019665, -32.665240064903024 ], [ -66.476719562848004, -32.655543484315857 ], [ -66.51903218638715, -32.637751678833425 ], [ -66.52475179045075, -32.634919066226296 ], [ -66.53874397613906, -32.630468465218605 ], [ -66.566148305962187, -32.636299191740527 ], [ -66.56168812692998, -32.591454424337968 ], [ -66.618636295106072, -32.589131028023061 ], [ -66.618744344891397, -32.587029502005166 ], [ -66.635321527342882, -32.587266886988353 ], [ -66.636202410152094, -32.58606766016657 ], [ -66.632610604862322, -32.56865114133052 ], [ -66.634068243457037, -32.559392185606235 ], [ -66.639473500045142, -32.550230408711201 ], [ -66.639371677307679, -32.538869269372313 ], [ -66.640953934488451, -32.536074900601129 ], [ -66.643108536540268, -32.535189232338034 ], [ -66.644640207804827, -32.533161537666601 ], [ -66.645399433648976, -32.523225190251011 ], [ -66.646336155399837, -32.518779401273328 ], [ -66.648101908954956, -32.516421330346077 ], [ -66.648612182907655, -32.514119308555195 ], [ -66.64678456726854, -32.508574104729355 ], [ -66.64757314788875, -32.506500592919799 ], [ -66.64676627878417, -32.500445157382899 ], [ -66.648425755194452, -32.490368855764295 ], [ -66.650305445487561, -32.485075042086201 ], [ -66.65015252381815, -32.476013474946278 ], [ -66.648154181336977, -32.473634201091038 ], [ -66.648066573272928, -32.462146624259141 ], [ -66.648680747592323, -32.451007088706305 ], [ -66.524930978850264, -32.447494346354127 ] ] ] } },
{ "type": "Feature", "properties": { "codigo_indec": "740140101" }, "geometry": { "type": "Polygon", "coordinates": [ [ [ -67.069014585882343, -32.460416824122639 ], [ -66.960809368481975, -32.80373681853689 ], [ -66.966684403268246, -32.805251457494087 ], [ -66.971364496372999, -32.807807484503506 ], [ -66.975515418670142, -32.811012136490419 ], [ -66.983407685070475, -32.815539785987532 ], [ -66.987170565924444, -32.817137645445172 ], [ -66.991626944848775, -32.821074180251038 ], [ -66.994807172943609, -32.822338301461826 ], [ -66.997658959368906, -32.825259478352457 ], [ -67.000187577771072, -32.825771269486893 ], [ -67.004402919402423, -32.824096521955894 ], [ -67.007932496513519, -32.823883313461444 ], [ -67.009951711633519, -32.82608959058593 ], [ -67.012274701894995, -32.825647053048399 ], [ -67.013449052705681, -32.822797372444228 ], [ -67.015283852803023, -32.822394797254127 ], [ -67.01649739652899, -32.823701348192458 ], [ -67.020369746212879, -32.822650985471753 ], [ -67.025129894516283, -32.822900618335566 ], [ -67.029537412551761, -32.824978795510916 ], [ -67.035195230972008, -32.8284936133876 ], [ -67.044000483234072, -32.827374575986582 ], [ -67.049776524003164, -32.831572983823492 ], [ -67.058641667658648, -32.830542576535827 ], [ -67.063584135665536, -32.833277715101559 ], [ -67.06741523522264, -32.833925834218803 ], [ -67.075750831827747, -32.840125331513356 ], [ -67.079945655636365, -32.842113368141689 ], [ -67.088480472781569, -32.841967289614729 ], [ -67.092139966214091, -32.839460424565317 ], [ -67.110366135419994, -32.839034051590005 ], [ -67.126570112089126, -32.825865197732242 ], [ -67.137858023911306, -32.814177157364213 ], [ -67.146120010952671, -32.80797071180784 ], [ -67.154876121331526, -32.800023536534766 ], [ -67.157825220610292, -32.798373369374431 ], [ -67.162120886851426, -32.794794682118464 ], [ -67.168268461386958, -32.79082441172622 ], [ -67.174696207591879, -32.790547893773272 ], [ -67.174513349835365, -32.789629947885047 ], [ -67.178334355447433, -32.78231340519465 ], [ -67.180597494146085, -32.775674136046874 ], [ -67.182904079684221, -32.772343395361489 ], [ -67.181274235367198, -32.767724395620341 ], [ -67.177323365989324, -32.765115298669869 ], [ -67.171841599104283, -32.765166691802271 ], [ -67.165564259436536, -32.764562548731575 ], [ -67.163938125596161, -32.759943269492751 ], [ -67.169283871172269, -32.749303804750575 ], [ -67.179237286033683, -32.731998333545519 ], [ -67.179036908153748, -32.716776080387199 ], [ -67.180575766102137, -32.714777996848042 ], [ -67.184457114106337, -32.712090576821808 ], [ -67.188282974529258, -32.705436357626063 ], [ -67.189742358332722, -32.69747908486282 ], [ -67.191283321403091, -32.69548085173659 ], [ -67.195152085484011, -32.692135031373375 ], [ -67.202161024416782, -32.689417234258102 ], [ -67.21388352593361, -32.687983440082832 ], [ -67.218540919416725, -32.685287471324372 ], [ -67.223939139959924, -32.679279608444205 ], [ -67.226214563415823, -32.673960271929246 ], [ -67.225340787903349, -32.667350787045493 ], [ -67.229917872819939, -32.658699869656076 ], [ -67.232993908581562, -32.654697966883838 ], [ -67.23285768175981, -32.644772252905554 ], [ -67.233613573638465, -32.642776709480387 ], [ -67.234330489065769, -32.638139737019848 ], [ -67.237451201821287, -32.637446308010425 ], [ -67.239752255878869, -32.634114584036979 ], [ -67.24208054558818, -32.632766158862871 ], [ -67.245990597023038, -32.632727414289107 ], [ -67.252956450277622, -32.62736095643163 ], [ -67.252808934129092, -32.616772660241715 ], [ -67.250453582133375, -32.616133429289228 ], [ -67.250426011529285, -32.614150091774697 ], [ -67.24251347540077, -32.607610563262114 ], [ -67.242422051994922, -32.600988888957062 ], [ -67.244740358131224, -32.598982318572254 ], [ -67.244621383637821, -32.590377291347707 ], [ -67.256983546873187, -32.579664391461662 ], [ -67.263916902067407, -32.57231405622241 ], [ -67.264650347530804, -32.568997637096999 ], [ -67.266187446294865, -32.566994030570001 ], [ -67.266113103977943, -32.561702114624161 ], [ -67.262921037108498, -32.557099760201396 ], [ -67.260548665987869, -32.555135438822994 ], [ -67.271292961816641, -32.541128332054548 ], [ -67.276707331816667, -32.53710170818362 ], [ -67.28135783676197, -32.534408065077606 ], [ -67.285263561688538, -32.534368204092132 ], [ -67.289216552855279, -32.537636781385778 ], [ -67.292342831941269, -32.537604687824121 ], [ -67.292229086717413, -32.529662348642553 ], [ -67.291342767677676, -32.522390646011715 ], [ -67.288961339714476, -32.519768735448302 ], [ -67.281921171948795, -32.519177975334678 ], [ -67.278751319522399, -32.51590118405759 ], [ -67.278685704588312, -32.511267362112491 ], [ -67.280162603673247, -32.505292420353136 ], [ -67.283222017491838, -32.500631265972601 ], [ -67.28631606313111, -32.498611526785723 ], [ -67.288611915028739, -32.49527896946438 ], [ -67.288498682565375, -32.487336565096427 ], [ -67.293042200473238, -32.477362753995543 ], [ -67.296859991153227, -32.471363539114144 ], [ -67.294470322036133, -32.468079062942877 ], [ -67.293133988594988, -32.464810770951274 ], [ -67.069014585882343, -32.460416824122639 ] ] ] } }
]
}
