{
"type": "FeatureCollection",
"name": "78",
"crs": { "type": "name", "properties": { "name": "urn:ogc:def:crs:OGC:1.3:CRS84" } },
"features": [
{ "type": "Feature", "properties": { "codigo_indec": "780490503" }, "geometry": { "type": "Polygon", "coordinates": [ [ [ -70.310829122536063, -48.745560590503167 ], [ -70.30179729449749, -48.739395062124537 ], [ -70.301485388774736, -48.731790734705029 ], [ -70.246406717272578, -48.745030002201119 ], [ -70.24594006547224, -48.744167254334776 ], [ -70.243350834481603, -48.744761763374555 ], [ -70.243873488756236, -48.745691362172721 ], [ -70.218531575952099, -48.751775915579508 ], [ -70.217759461748656, -48.749792201395316 ], [ -70.21941785072562, -48.748780972181635 ], [ -70.217267288569715, -48.743210265262746 ], [ -70.208999127406997, -48.737069884489941 ], [ -70.204997740705878, -48.739306017094989 ], [ -70.211536719969331, -48.74790189231588 ], [ -70.216938127372273, -48.757732411013613 ], [ -70.211424094211239, -48.761598902387995 ], [ -70.207058082024872, -48.76004852349655 ], [ -70.202643236216616, -48.7684038889617 ], [ -70.207629722440203, -48.769565746627087 ], [ -70.203417280103878, -48.77076536811451 ], [ -70.198546379422382, -48.773459965497992 ], [ -70.196399380132291, -48.774143233654037 ], [ -70.196398597246187, -48.774682799412879 ], [ -70.194908927803581, -48.77569194042259 ], [ -70.193483976966547, -48.777568179630386 ], [ -70.196130700728418, -48.78001370929308 ], [ -70.194895141312088, -48.78041320943953 ], [ -70.192933710629575, -48.779754587290725 ], [ -70.191144630223292, -48.780195746104368 ], [ -70.191431192746123, -48.781379809088648 ], [ -70.195559141428589, -48.782016001199118 ], [ -70.196121774477263, -48.782644142322326 ], [ -70.19581809237549, -48.783321739913553 ], [ -70.193751763064839, -48.782978961606247 ], [ -70.192826895145231, -48.783429176126312 ], [ -70.192859285178045, -48.784795717761156 ], [ -70.192470712703667, -48.785195413903089 ], [ -70.190471508492379, -48.785391438679547 ], [ -70.187901887650071, -48.784051077484392 ], [ -70.181342451412064, -48.783457546512359 ], [ -70.180092471323803, -48.784266198592526 ], [ -70.17946512764793, -48.78594974142549 ], [ -70.182115114426963, -48.787820029224214 ], [ -70.183832700057408, -48.789965119065904 ], [ -70.183312073787903, -48.790541495745593 ], [ -70.176968344089147, -48.790476062668738 ], [ -70.176243886170695, -48.790924095985659 ], [ -70.176142916002533, -48.792426889431162 ], [ -70.178046946043537, -48.793819279569448 ], [ -70.177451968288437, -48.794131107730514 ], [ -70.174489368871065, -48.793014781796224 ], [ -70.173222584446364, -48.793117610268389 ], [ -70.171508845574252, -48.79419167209555 ], [ -70.170908121873353, -48.79411234723468 ], [ -70.169467189440212, -48.792580252587854 ], [ -70.167275504925883, -48.793002641399987 ], [ -70.167000413808154, -48.795518854735924 ], [ -70.165551161633886, -48.796414793294169 ], [ -70.16441935663795, -48.79956014726239 ], [ -70.16245416401128, -48.801257100014844 ], [ -70.162290482551782, -48.802715547339623 ], [ -70.160593508243522, -48.80454015410249 ], [ -70.159674511490564, -48.808078985674598 ], [ -70.159934387285659, -48.810639250038179 ], [ -70.201185087790932, -48.810769777663118 ], [ -70.215498552286988, -48.810219549308364 ], [ -70.214668052260762, -48.811347880934697 ], [ -70.212601325097779, -48.812453248453416 ], [ -70.213131366843527, -48.812694966746534 ], [ -70.21555706757043, -48.811091212570254 ], [ -70.216486353962651, -48.809404291689198 ], [ -70.216380498590951, -48.808123965620872 ], [ -70.221061540774414, -48.807184202347798 ], [ -70.222299413381648, -48.805741259434214 ], [ -70.221985563758878, -48.805151076361533 ], [ -70.222642758553945, -48.804604551056826 ], [ -70.222762951570246, -48.800309311099184 ], [ -70.224347039032423, -48.800935464873753 ], [ -70.225990348160749, -48.800917996067788 ], [ -70.226250291622222, -48.799435947701319 ], [ -70.225097357621635, -48.798067844249701 ], [ -70.226052494113731, -48.79746417545843 ], [ -70.227171555000353, -48.79730388733168 ], [ -70.228166381705194, -48.798327439972525 ], [ -70.229213247902564, -48.798415198040345 ], [ -70.230093605053824, -48.797816789519644 ], [ -70.230355605730324, -48.796285249481322 ], [ -70.233203650621704, -48.796695447824668 ], [ -70.233755451690357, -48.797827107178989 ], [ -70.235769479338799, -48.797805529516168 ], [ -70.238117679844521, -48.796152664475876 ], [ -70.239119562146783, -48.794415315008671 ], [ -70.240479027117104, -48.795039166192595 ], [ -70.242565074562677, -48.794769397287702 ], [ -70.243345927126626, -48.793182771299122 ], [ -70.242953521435112, -48.792449609234872 ], [ -70.24383812305669, -48.791896011770156 ], [ -70.244176000836063, -48.790561456454959 ], [ -70.243303794079296, -48.788448609781412 ], [ -70.245533760189687, -48.785070279595033 ], [ -70.246787706211052, -48.784463206507617 ], [ -70.248231742837334, -48.785486224019664 ], [ -70.250238839205977, -48.78506879129592 ], [ -70.249728597955169, -48.782605846917711 ], [ -70.252820434203599, -48.780944608407395 ], [ -70.25383599996367, -48.779652111713901 ], [ -70.254797837735353, -48.779344885443678 ], [ -70.256179295853343, -48.780858584725181 ], [ -70.258044223850078, -48.78088770061165 ], [ -70.258916201389326, -48.779844023989185 ], [ -70.257556580550656, -48.776347239596333 ], [ -70.258422838037546, -48.775757757130904 ], [ -70.261073645580524, -48.775935610328787 ], [ -70.262878640697394, -48.775209920384 ], [ -70.263687669418417, -48.774782892979573 ], [ -70.264520294297299, -48.77285832329644 ], [ -70.26501936676523, -48.772686481550565 ], [ -70.269760000353344, -48.773466164343077 ], [ -70.270560036610078, -48.775246885512388 ], [ -70.274141304858048, -48.774960046128712 ], [ -70.274442970812899, -48.771962153519596 ], [ -70.275195668498696, -48.771868396309507 ], [ -70.27773935785271, -48.772923836040697 ], [ -70.279673097013955, -48.772191957794519 ], [ -70.279833717105134, -48.771151520849088 ], [ -70.278424491513888, -48.770168977243095 ], [ -70.278715362166409, -48.76916756348362 ], [ -70.281824440709784, -48.770257105043768 ], [ -70.283782429346061, -48.770482606953678 ], [ -70.284590170542117, -48.770014979098285 ], [ -70.284294074758037, -48.768273700739982 ], [ -70.283201878351662, -48.767454045801138 ], [ -70.282992547387394, -48.766579590701383 ], [ -70.283406847181524, -48.765621753282282 ], [ -70.287923695022982, -48.765112731113867 ], [ -70.288322085266245, -48.763404164234458 ], [ -70.28711046339042, -48.762833179793432 ], [ -70.287271086242043, -48.761666832754827 ], [ -70.291219990581325, -48.761038125666673 ], [ -70.292634626040851, -48.7622317817058 ], [ -70.295285703664931, -48.762575208294017 ], [ -70.297145744648248, -48.761515629016202 ], [ -70.297250329240541, -48.758182658611439 ], [ -70.299154106076088, -48.758826669375061 ], [ -70.301535256063971, -48.758467068272807 ], [ -70.303270287862247, -48.757449267764116 ], [ -70.303617476146684, -48.756280785576578 ], [ -70.306845635548086, -48.754499633637195 ], [ -70.308621406697796, -48.755059509303038 ], [ -70.308662510326329, -48.756641758558906 ], [ -70.309681644109546, -48.757129274476029 ], [ -70.311188676925653, -48.75702670475583 ], [ -70.312169897551414, -48.756318600356927 ], [ -70.315588544542436, -48.756895619187645 ], [ -70.318582076478634, -48.755777780359253 ], [ -70.320063017073267, -48.754681698345308 ], [ -70.32896544922194, -48.75227273213509 ], [ -70.332589293188178, -48.750841502657948 ], [ -70.331475123823409, -48.749977592488541 ], [ -70.329705709139915, -48.750820859958083 ], [ -70.323818930858465, -48.752179100048821 ], [ -70.321545718395072, -48.753266335360713 ], [ -70.31911257639598, -48.751495673249451 ], [ -70.328374810316689, -48.747666276073552 ], [ -70.320403095482362, -48.741840691450733 ], [ -70.310829122536063, -48.745560590503167 ] ], [ [ -70.259468230683296, -48.749150506989565 ], [ -70.26127022539464, -48.748613716040765 ], [ -70.262268843511833, -48.750342866681883 ], [ -70.26036915607844, -48.750781822015945 ], [ -70.262356271816358, -48.754375129922551 ], [ -70.2631494077946, -48.754276511168761 ], [ -70.262624836544873, -48.754916244851898 ], [ -70.260265018936238, -48.755045494836111 ], [ -70.259508642806978, -48.756479105239052 ], [ -70.258092009001317, -48.757209499302348 ], [ -70.256533665185117, -48.756758883859284 ], [ -70.255335285441888, -48.753696448571283 ], [ -70.253968316083004, -48.753279684133581 ], [ -70.251264972054031, -48.753538385450113 ], [ -70.249285216971572, -48.754459135070945 ], [ -70.248811397906351, -48.755233145307066 ], [ -70.249130088994903, -48.756704490105328 ], [ -70.247845653211243, -48.757150055313254 ], [ -70.245023157361956, -48.757275009555087 ], [ -70.243331637463911, -48.75624562718756 ], [ -70.241792624987767, -48.756158807392481 ], [ -70.238850226037897, -48.75748992065212 ], [ -70.236916327508055, -48.756831749566537 ], [ -70.236317836376145, -48.756136744132561 ], [ -70.239807140125649, -48.756719747899233 ], [ -70.238124011380734, -48.753536453348744 ], [ -70.242116225187431, -48.753286655739821 ], [ -70.240356524906346, -48.750032275864285 ], [ -70.257673803357619, -48.74590575927536 ], [ -70.259468230683296, -48.749150506989565 ] ] ] } },
{ "type": "Feature", "properties": { "codigo_indec": "780420301" }, "geometry": { "type": "Polygon", "coordinates": [ [ [ -67.741426764341895, -49.29857075063601 ], [ -67.739955300080382, -49.299121201206546 ], [ -67.736889697595231, -49.295738255045286 ], [ -67.735334419550981, -49.296341681908196 ], [ -67.736294754770682, -49.29736377551928 ], [ -67.733493681779919, -49.29842561911078 ], [ -67.731397819461804, -49.300398823389713 ], [ -67.732765076972512, -49.301906477841996 ], [ -67.731393657710115, -49.302435437107349 ], [ -67.733876937317021, -49.305200698993382 ], [ -67.73672742311237, -49.30410341900631 ], [ -67.742466277760101, -49.30189107706196 ], [ -67.741633683578002, -49.300973833884761 ], [ -67.743019272356477, -49.30042242781898 ], [ -67.741426764341895, -49.29857075063601 ] ] ] } },
{ "type": "Feature", "properties": { "codigo_indec": "780211116" }, "geometry": { "type": "Polygon", "coordinates": [ [ [ -69.22451301977236, -51.631158710210677 ], [ -69.220409707367764, -51.633044963918124 ], [ -69.218975786419122, -51.633699272305861 ], [ -69.220756061137237, -51.635219394735508 ], [ -69.225695368955442, -51.632954032393549 ], [ -69.22451301977236, -51.631158710210677 ] ] ] } },
{ "type": "Feature", "properties": { "codigo_indec": "780141203" }, "geometry": { "type": "Polygon", "coordinates": [ [ [ -65.890337792448577, -47.744231428282774 ], [ -65.879556401874083, -47.744046455024638 ], [ -65.874273285306401, -47.742854600413764 ], [ -65.887291347884627, -47.750976157365479 ], [ -65.887684732259018, -47.750586547707705 ], [ -65.888412233413632, -47.750912131119897 ], [ -65.89012601151822, -47.749069625166698 ], [ -65.888427398810222, -47.746801714941398 ], [ -65.891505178510343, -47.745846247395356 ], [ -65.890337792448577, -47.744231428282774 ] ] ] } },
{ "type": "Feature", "properties": { "codigo_indec": "780141121" }, "geometry": { "type": "Polygon", "coordinates": [ [ [ -67.526477123905167, -46.444192800361066 ], [ -67.529116781028506, -46.446691740780054 ], [ -67.534209044699239, -46.444134743163438 ], [ -67.530261154842592, -46.440436112317457 ], [ -67.527339260526389, -46.441900882508989 ], [ -67.528621086696162, -46.443109379208508 ], [ -67.526477123905167, -46.444192800361066 ] ] ] } },
{ "type": "Feature", "properties": { "codigo_indec": "780141116" }, "geometry": { "type": "Polygon", "coordinates": [ [ [ -67.514927792918925, -46.448716905310469 ], [ -67.512157696705614, -46.450430652822696 ], [ -67.513153685624118, -46.450897915103425 ], [ -67.512620668401894, -46.450994439153902 ], [ -67.512361871102186, -46.452133587400567 ], [ -67.515015852801412, -46.452419977436264 ], [ -67.517534966811226, -46.451202195577274 ], [ -67.514927792918925, -46.448716905310469 ] ] ] } },
{ "type": "Feature", "properties": { "codigo_indec": "780211201" }, "geometry": { "type": "Polygon", "coordinates": [ [ [ -69.216039078502035, -51.631179100209089 ], [ -69.212810941161706, -51.632663511403656 ], [ -69.212862073210957, -51.634330681539275 ], [ -69.2145369429429, -51.635743233745991 ], [ -69.21596015969827, -51.635088999564282 ], [ -69.217733166322972, -51.636609180794906 ], [ -69.220756061137237, -51.635219394735508 ], [ -69.216039078502035, -51.631179100209089 ] ] ] } },
{ "type": "Feature", "properties": { "codigo_indec": "780140903" }, "geometry": { "type": "Polygon", "coordinates": [ [ [ -67.957849856639143, -46.799514612459596 ], [ -67.950532095362846, -46.801624669772202 ], [ -67.94764051222478, -46.802452696226702 ], [ -67.94872594354743, -46.804230301150184 ], [ -67.958945304898236, -46.801296710032283 ], [ -67.957849856639143, -46.799514612459596 ] ] ] } },
{ "type": "Feature", "properties": { "codigo_indec": "780280512" }, "geometry": { "type": "Polygon", "coordinates": [ [ [ -72.242212552770809, -50.313065480277558 ], [ -72.245652874295715, -50.314142930942573 ], [ -72.246915985123707, -50.316499665659563 ], [ -72.247838656973343, -50.329202920768289 ], [ -72.246488436027448, -50.329591377262645 ], [ -72.247997501780318, -50.334567067136874 ], [ -72.250747582476805, -50.334256332490405 ], [ -72.250710183951171, -50.333708829748787 ], [ -72.257040410130074, -50.333414606144373 ], [ -72.255710515648744, -50.332098497798206 ], [ -72.257736401391838, -50.332037202897013 ], [ -72.257676194782874, -50.331157614063216 ], [ -72.259729406761011, -50.330983109733758 ], [ -72.26271827962195, -50.328165434320738 ], [ -72.268433801257871, -50.330949842242653 ], [ -72.27449101741, -50.329808041209908 ], [ -72.274545175356508, -50.330391037074428 ], [ -72.276209648910353, -50.332070692913398 ], [ -72.276286045980825, -50.328435504278971 ], [ -72.280348030938939, -50.328109533497468 ], [ -72.279273312468902, -50.327191153390508 ], [ -72.279351485538541, -50.325929973001472 ], [ -72.278197964758462, -50.325243121095703 ], [ -72.276954340214772, -50.326460748503436 ], [ -72.275627210654505, -50.326057541515112 ], [ -72.274741093517619, -50.32665356108803 ], [ -72.273262881100081, -50.326708715723392 ], [ -72.271823443680276, -50.324977717222708 ], [ -72.272065111554326, -50.323639996381502 ], [ -72.271137168132299, -50.323576206609587 ], [ -72.270378824650834, -50.322914119055703 ], [ -72.268400840960538, -50.323104683979388 ], [ -72.268268204929512, -50.322195661877394 ], [ -72.264545713924619, -50.322345308306197 ], [ -72.263930251695058, -50.321665674608546 ], [ -72.260524533521306, -50.320389949264758 ], [ -72.256764067314549, -50.317775176990175 ], [ -72.254643359670908, -50.31705675806738 ], [ -72.253344845443806, -50.315883627483714 ], [ -72.250168450007109, -50.314870958498055 ], [ -72.248070747692353, -50.31340538918775 ], [ -72.243695506013523, -50.312673362202254 ], [ -72.2426565885645, -50.312625934780087 ], [ -72.242212552770809, -50.313065480277558 ] ] ] } },
{ "type": "Feature", "properties": { "codigo_indec": "780280506" }, "geometry": { "type": "Polygon", "coordinates": [ [ [ -72.300592587799073, -50.335170838149267 ], [ -72.297146748300989, -50.337755175900703 ], [ -72.296435739945281, -50.339407527030922 ], [ -72.292843458492072, -50.341253990840748 ], [ -72.288515784445565, -50.340648177555622 ], [ -72.287360938984136, -50.34188138520652 ], [ -72.291528921484741, -50.34185328764196 ], [ -72.295825048815786, -50.340530955117437 ], [ -72.297850427716881, -50.341673996168289 ], [ -72.299573793801343, -50.340689818656429 ], [ -72.304609366500941, -50.34298819262979 ], [ -72.304130349274004, -50.343577350710511 ], [ -72.315679695749068, -50.342996478097731 ], [ -72.320262266298656, -50.339695653161506 ], [ -72.322427044745282, -50.339305522194351 ], [ -72.323558501277148, -50.338153560110364 ], [ -72.322904665876806, -50.33724151833276 ], [ -72.323311335708397, -50.336676831341336 ], [ -72.325387458846478, -50.335070664350184 ], [ -72.327220556372296, -50.332653080811745 ], [ -72.325677449787079, -50.331681092634867 ], [ -72.323018307851029, -50.331424465952509 ], [ -72.312889354391586, -50.336273104367493 ], [ -72.303816952126084, -50.334966766389009 ], [ -72.300897138419543, -50.335814154448236 ], [ -72.300592587799073, -50.335170838149267 ] ] ] } },
{ "type": "Feature", "properties": { "codigo_indec": "780140218" }, "geometry": { "type": "Polygon", "coordinates": [ [ [ -67.533070155668241, -46.45904479402828 ], [ -67.530593656235027, -46.45928288242429 ], [ -67.530315878811479, -46.458600102105144 ], [ -67.527439075715364, -46.459080371091581 ], [ -67.530848871537543, -46.463707775169496 ], [ -67.545589458307489, -46.465169164623724 ], [ -67.548509676837753, -46.464041267122461 ], [ -67.550345420437708, -46.462566694165886 ], [ -67.53558581431399, -46.457709621295741 ], [ -67.534349506470079, -46.459879849921613 ], [ -67.534416156534419, -46.459457884480713 ], [ -67.533070155668241, -46.45904479402828 ] ] ] } },
{ "type": "Feature", "properties": { "codigo_indec": "780140203" }, "geometry": { "type": "Polygon", "coordinates": [ [ [ -67.524785108644565, -46.457453841473182 ], [ -67.522857648325839, -46.457006139067985 ], [ -67.522917995677943, -46.463317728546812 ], [ -67.530848871537543, -46.463707775169496 ], [ -67.527439075715364, -46.459080371091581 ], [ -67.530315878811479, -46.458600102105144 ], [ -67.530593656235027, -46.45928288242429 ], [ -67.533070155668241, -46.45904479402828 ], [ -67.533040269050176, -46.45724967546527 ], [ -67.52633396986802, -46.45625483188887 ], [ -67.526696830637647, -46.457159124636284 ], [ -67.524785108644565, -46.457453841473182 ] ] ] } },
{ "type": "Feature", "properties": { "codigo_indec": "780211412" }, "geometry": { "type": "Polygon", "coordinates": [ [ [ -69.252952864362641, -51.619991774722379 ], [ -69.252766021687833, -51.620796600022743 ], [ -69.25152002249078, -51.620682432187266 ], [ -69.250898294623482, -51.623146464229585 ], [ -69.248547017684359, -51.622926765865628 ], [ -69.253113370920758, -51.626781833428936 ], [ -69.25951980208707, -51.623945629824945 ], [ -69.253596372179288, -51.623405812846244 ], [ -69.254304834617088, -51.620339385002346 ], [ -69.252952864362641, -51.619991774722379 ] ] ] } },
{ "type": "Feature", "properties": { "codigo_indec": "780211410" }, "geometry": { "type": "Polygon", "coordinates": [ [ [ -69.247519947112451, -51.618605724651545 ], [ -69.246263304204845, -51.61917910296075 ], [ -69.240581123641164, -51.621792898686465 ], [ -69.241103292876332, -51.622236731712398 ], [ -69.24609102837249, -51.622698251975216 ], [ -69.24557239081912, -51.622249939756983 ], [ -69.251344308381476, -51.619586276630542 ], [ -69.247519947112451, -51.618605724651545 ] ] ] } },
{ "type": "Feature", "properties": { "codigo_indec": "780211320" }, "geometry": { "type": "Polygon", "coordinates": [ [ [ -69.185864902014274, -51.640766933812863 ], [ -69.178595840436728, -51.640913032425246 ], [ -69.178913213862657, -51.64539302779378 ], [ -69.186139521790437, -51.645215520119429 ], [ -69.185864902014274, -51.640766933812863 ] ] ] } },
{ "type": "Feature", "properties": { "codigo_indec": "780211207" }, "geometry": { "type": "Polygon", "coordinates": [ [ [ -69.220261956851417, -51.640559155319828 ], [ -69.213116128081637, -51.642311504630491 ], [ -69.213187870135329, -51.644517909877258 ], [ -69.222158438586789, -51.642146446368209 ], [ -69.220261956851417, -51.640559155319828 ] ] ] } },
{ "type": "Feature", "properties": { "codigo_indec": "780211205" }, "geometry": { "type": "Polygon", "coordinates": [ [ [ -69.220756061137237, -51.635219394735508 ], [ -69.213002069744874, -51.638779455513834 ], [ -69.213116128081637, -51.642311504630491 ], [ -69.220261956851417, -51.640559155319828 ], [ -69.219039948374899, -51.639523334998245 ], [ -69.223820547251776, -51.637181952044422 ], [ -69.221904735171307, -51.635302615142713 ], [ -69.221216587678043, -51.635618491325658 ], [ -69.220756061137237, -51.635219394735508 ] ] ] } },
{ "type": "Feature", "properties": { "codigo_indec": "780211102" }, "geometry": { "type": "Polygon", "coordinates": [ [ [ -69.213382011589005, -51.621243284833547 ], [ -69.212305591336104, -51.620319476296885 ], [ -69.210846748381869, -51.620987214030933 ], [ -69.207657701170305, -51.618260557428897 ], [ -69.202059424560815, -51.619919615832494 ], [ -69.19959390287643, -51.621541665228342 ], [ -69.202635448678805, -51.62200832328962 ], [ -69.204379031871255, -51.621209867129728 ], [ -69.206469982828466, -51.622994812245587 ], [ -69.20793617417479, -51.622327116192253 ], [ -69.209005312939624, -51.623246483424936 ], [ -69.213382011589005, -51.621243284833547 ] ] ] } },
{ "type": "Feature", "properties": { "codigo_indec": "780211101" }, "geometry": { "type": "Polygon", "coordinates": [ [ [ -69.217635834490338, -51.619289583768442 ], [ -69.213533305845985, -51.615791810343943 ], [ -69.207657701170305, -51.618260557428897 ], [ -69.210846748381869, -51.620987214030933 ], [ -69.212305591336104, -51.620319476296885 ], [ -69.213382011589005, -51.621243284833547 ], [ -69.217635834490338, -51.619289583768442 ] ] ] } },
{ "type": "Feature", "properties": { "codigo_indec": "780210805" }, "geometry": { "type": "Polygon", "coordinates": [ [ [ -72.337284797026555, -51.537940465231841 ], [ -72.335577701858938, -51.53983232238636 ], [ -72.335867808820581, -51.53995444274863 ], [ -72.335327322841195, -51.541385988332543 ], [ -72.336878794968996, -51.544457388190743 ], [ -72.337005759542635, -51.545649644863019 ], [ -72.337579763365071, -51.545660275961531 ], [ -72.337910041145946, -51.544558401617543 ], [ -72.338393469527418, -51.544661523150943 ], [ -72.339921664544377, -51.546771455448884 ], [ -72.340023226108855, -51.545550210581069 ], [ -72.340409343736724, -51.545997774637989 ], [ -72.340895793958026, -51.545453410386536 ], [ -72.339700448112737, -51.543113714532005 ], [ -72.3399543022622, -51.539936968872652 ], [ -72.33860933769563, -51.54017759758149 ], [ -72.337284797026555, -51.537940465231841 ] ] ] } },
{ "type": "Feature", "properties": { "codigo_indec": "780210803" }, "geometry": { "type": "Polygon", "coordinates": [ [ [ -72.324146488977902, -51.538390260353609 ], [ -72.324881997469035, -51.539282034313558 ], [ -72.326970695537057, -51.53940259328941 ], [ -72.331601702630763, -51.538057192448015 ], [ -72.330968554558268, -51.537778468699415 ], [ -72.331099855110139, -51.536961005389621 ], [ -72.330578924018553, -51.536885894930919 ], [ -72.326606606735396, -51.538217058379182 ], [ -72.324146488977902, -51.538390260353609 ] ] ] } },
{ "type": "Feature", "properties": { "codigo_indec": "780210706" }, "geometry": { "type": "Polygon", "coordinates": [ [ [ -72.215647682149879, -51.59097687231219 ], [ -72.208625016034844, -51.590616280558649 ], [ -72.207360585723791, -51.591671372926413 ], [ -72.207951132694262, -51.591448421512517 ], [ -72.207802996647004, -51.591906529565598 ], [ -72.208670317900513, -51.592844859315292 ], [ -72.210365654225541, -51.592321924797496 ], [ -72.216166790888579, -51.595359340856099 ], [ -72.21787772745931, -51.596791459702153 ], [ -72.218731680645732, -51.596363419203101 ], [ -72.221308211929397, -51.598396617537837 ], [ -72.224369217217543, -51.596873898004901 ], [ -72.219263865583954, -51.592765809152539 ], [ -72.221366963955376, -51.590307396074266 ], [ -72.21767253586188, -51.590318916597731 ], [ -72.215647682149879, -51.59097687231219 ] ] ] } },
{ "type": "Feature", "properties": { "codigo_indec": "780211316" }, "geometry": { "type": "Polygon", "coordinates": [ [ [ -69.249259031595699, -51.603974109649492 ], [ -69.251260178031657, -51.608926718547394 ], [ -69.265469019158743, -51.606608007200016 ], [ -69.272726833312831, -51.606748661292251 ], [ -69.272529974143339, -51.602196699810911 ], [ -69.259524795062916, -51.602037422194996 ], [ -69.249259031595699, -51.603974109649492 ] ] ] } },
{ "type": "Feature", "properties": { "codigo_indec": "780211315" }, "geometry": { "type": "Polygon", "coordinates": [ [ [ -69.242096871799674, -51.63732096064566 ], [ -69.241677234775878, -51.639896868660642 ], [ -69.253733873133541, -51.640936507766313 ], [ -69.253605151892287, -51.637930321051087 ], [ -69.242096871799674, -51.63732096064566 ] ] ] } },
{ "type": "Feature", "properties": { "codigo_indec": "780211310" }, "geometry": { "type": "Polygon", "coordinates": [ [ [ -69.209147958018036, -51.639352622526474 ], [ -69.20656760382974, -51.640516632578368 ], [ -69.211277535644271, -51.644566301793432 ], [ -69.211542022821021, -51.654834518107506 ], [ -69.238047146591754, -51.654235525427318 ], [ -69.238027069365657, -51.65178186580053 ], [ -69.213306456309098, -51.648238693404444 ], [ -69.213002069744874, -51.638779455513834 ], [ -69.210076122140208, -51.640150891558342 ], [ -69.209147958018036, -51.639352622526474 ] ] ] } },
{ "type": "Feature", "properties": { "codigo_indec": "780211220" }, "geometry": { "type": "Polygon", "coordinates": [ [ [ -69.214872453893378, -51.644083419439546 ], [ -69.213187870135329, -51.644517909877258 ], [ -69.213306456309098, -51.648238693404444 ], [ -69.218084740301194, -51.648926481180609 ], [ -69.221918550050319, -51.647750870115175 ], [ -69.220954086681019, -51.646247211997562 ], [ -69.21962300167138, -51.646591249757407 ], [ -69.218700313052025, -51.645491951278537 ], [ -69.216196579278716, -51.64608080199757 ], [ -69.214872453893378, -51.644083419439546 ] ] ] } },
{ "type": "Feature", "properties": { "codigo_indec": "780211218" }, "geometry": { "type": "Polygon", "coordinates": [ [ [ -69.227900406397382, -51.6363337330313 ], [ -69.224150014749952, -51.637356588370885 ], [ -69.227081586229346, -51.640847262050293 ], [ -69.230302212698163, -51.639996124694214 ], [ -69.227900406397382, -51.6363337330313 ] ] ] } },
{ "type": "Feature", "properties": { "codigo_indec": "780140103" }, "geometry": { "type": "Polygon", "coordinates": [ [ [ -68.955347560324668, -46.537973893901864 ], [ -68.955160958561379, -46.531069467940021 ], [ -68.917552568181435, -46.531264445550612 ], [ -68.920590256099118, -46.548727619642996 ], [ -68.929751014271048, -46.547968962379301 ], [ -68.928404965867571, -46.540384597134931 ], [ -68.942697755947449, -46.539281657094392 ], [ -68.942490467374512, -46.538053613651215 ], [ -68.948334423589671, -46.537584117909532 ], [ -68.948532077555441, -46.53879865268425 ], [ -68.955347560324668, -46.537973893901864 ] ] ] } },
{ "type": "Feature", "properties": { "codigo_indec": "780211406" }, "geometry": { "type": "Polygon", "coordinates": [ [ [ -69.226140069925236, -51.626535782481049 ], [ -69.229203852395685, -51.629145335656844 ], [ -69.233504434084523, -51.627146031345795 ], [ -69.230469443225559, -51.624541026878127 ], [ -69.226140069925236, -51.626535782481049 ] ] ] } },
{ "type": "Feature", "properties": { "codigo_indec": "780070501" }, "geometry": { "type": "Polygon", "coordinates": [ [ [ -68.915962941412104, -49.990796486381122 ], [ -68.913121443100536, -49.992826239895422 ], [ -68.914659471726452, -49.994508598734704 ], [ -68.918068055700033, -49.995257264286884 ], [ -68.927908384366305, -49.999183636602403 ], [ -68.930821720457743, -49.993085380840732 ], [ -68.922480201125111, -49.989937938278814 ], [ -68.915962941412104, -49.990796486381122 ] ] ] } },
{ "type": "Feature", "properties": { "codigo_indec": "780350602" }, "geometry": { "type": "Polygon", "coordinates": [ [ [ -70.92151590831476, -46.599315507735596 ], [ -70.921191667558759, -46.601587965168804 ], [ -70.924857722925935, -46.60191315153908 ], [ -70.924845326504652, -46.604049926598364 ], [ -70.925715509128523, -46.604111743963273 ], [ -70.926589869593187, -46.603647214328255 ], [ -70.927254604315664, -46.599205448735674 ], [ -70.926636384050084, -46.599161888913898 ], [ -70.926939414793296, -46.597218128976877 ], [ -70.930071141100356, -46.597480181115223 ], [ -70.933599148413975, -46.595490925874614 ], [ -70.936671148061635, -46.595726818680646 ], [ -70.936774922235315, -46.59506834718416 ], [ -70.938351991079173, -46.595194561218307 ], [ -70.938534425813188, -46.594089448539471 ], [ -70.926612254888738, -46.593143918419848 ], [ -70.927300519996521, -46.588908658710857 ], [ -70.924883219814959, -46.588724469301361 ], [ -70.923129578403532, -46.599459309077332 ], [ -70.92151590831476, -46.599315507735596 ] ] ] } },
{ "type": "Feature", "properties": { "codigo_indec": "780350404" }, "geometry": { "type": "Polygon", "coordinates": [ [ [ -71.631564934333895, -46.540696059622036 ], [ -71.629695238612541, -46.540046364358091 ], [ -71.630254774354995, -46.538877454767473 ], [ -71.627471630757867, -46.538005834880508 ], [ -71.624750358697227, -46.543146812516014 ], [ -71.621976852838884, -46.542207364707401 ], [ -71.621038200580116, -46.544239582289158 ], [ -71.623789220455777, -46.545184067143708 ], [ -71.621483669880419, -46.550171475600422 ], [ -71.63431318118829, -46.553367140802237 ], [ -71.635254973389067, -46.551541660187617 ], [ -71.62916043344822, -46.549486877235147 ], [ -71.629461279077844, -46.544783846217555 ], [ -71.631564934333895, -46.540696059622036 ] ] ] } },
{ "type": "Feature", "properties": { "codigo_indec": "780420304" }, "geometry": { "type": "Polygon", "coordinates": [ [ [ -67.72886993605411, -49.310873544087215 ], [ -67.718644811835944, -49.31484741116018 ], [ -67.718391099532155, -49.316409181038672 ], [ -67.721993421234814, -49.320445956884939 ], [ -67.72328719577483, -49.320815436236053 ], [ -67.725286689539672, -49.320091186529268 ], [ -67.725690096031414, -49.315918920539779 ], [ -67.731615258532742, -49.31388900822963 ], [ -67.72886993605411, -49.310873544087215 ] ] ] } },
{ "type": "Feature", "properties": { "codigo_indec": "780420303" }, "geometry": { "type": "Polygon", "coordinates": [ [ [ -67.72527687163128, -49.307282175509762 ], [ -67.72110050787721, -49.310972147810894 ], [ -67.721457586795296, -49.311389725111646 ], [ -67.719916094030111, -49.314353461136484 ], [ -67.72886993605411, -49.310873544087215 ], [ -67.72527687163128, -49.307282175509762 ] ] ] } },
{ "type": "Feature", "properties": { "codigo_indec": "780141110" }, "geometry": { "type": "Polygon", "coordinates": [ [ [ -67.543310146214068, -46.443486370979315 ], [ -67.541647789277292, -46.444333313585823 ], [ -67.538102476435057, -46.446118765927309 ], [ -67.539760882797282, -46.447736778440571 ], [ -67.544312164537843, -46.445442307352025 ], [ -67.544522434134407, -46.444266483937213 ], [ -67.543310146214068, -46.443486370979315 ] ] ] } },
{ "type": "Feature", "properties": { "codigo_indec": "780420202" }, "geometry": { "type": "Polygon", "coordinates": [ [ [ -68.035122984481134, -48.35108239095193 ], [ -67.61748147847814, -48.091525691687124 ], [ -67.588803019515566, -48.112019970070342 ], [ -67.554360676929178, -48.112913871566427 ], [ -67.248120717037366, -48.411473324259639 ], [ -67.173394553756708, -48.48379180016854 ], [ -66.865935801647822, -48.585724994279673 ], [ -66.87541267863655, -48.593607679365057 ], [ -66.876247065163753, -48.595129475229683 ], [ -66.894213526225741, -48.601521109847852 ], [ -66.895223853697246, -48.602578325190791 ], [ -66.89842989661571, -48.60317200852392 ], [ -66.898999185281667, -48.604158183519544 ], [ -66.909452771256014, -48.604523874017453 ], [ -66.915245450252954, -48.606031894186465 ], [ -66.917501413753911, -48.607232873409082 ], [ -66.922398014279182, -48.607869946591748 ], [ -66.922798081426379, -48.608448245216188 ], [ -66.924074241684309, -48.60874556330846 ], [ -66.933515659192395, -48.607687840837855 ], [ -66.942779889041688, -48.607309673673498 ], [ -66.949737804264629, -48.607285415592308 ], [ -66.959647732045497, -48.608041557034554 ], [ -66.972192367684926, -48.609980940340442 ], [ -66.974532908517361, -48.610885504266633 ], [ -66.983732271820941, -48.612823174046319 ], [ -66.993417849158789, -48.615856771114025 ], [ -67.000565441565485, -48.619299658362479 ], [ -67.004036972365711, -48.620011911302178 ], [ -67.004284510109372, -48.62061425681015 ], [ -67.00817935734473, -48.621603520167213 ], [ -67.017438707256147, -48.626938976757764 ], [ -67.020250056107216, -48.628853458501219 ], [ -67.025195014535313, -48.633637364924319 ], [ -67.02629745410502, -48.635288545763231 ], [ -67.02624338190482, -48.637369558248174 ], [ -67.024139449250669, -48.637387431435229 ], [ -67.023490079593273, -48.638379034099323 ], [ -67.024548936442528, -48.639062707162587 ], [ -67.02601681712143, -48.639002446761566 ], [ -67.032519853426592, -48.643106756731257 ], [ -67.034685937751675, -48.643503479502527 ], [ -67.038983322394785, -48.646508546296737 ], [ -67.045167315120395, -48.648736103664859 ], [ -67.053526710725976, -48.650527976490181 ], [ -67.056238550416069, -48.651657469731298 ], [ -67.060804887213209, -48.651860367944536 ], [ -67.066113975199812, -48.653581924251782 ], [ -67.079626662421788, -48.662329125175098 ], [ -67.083774424462362, -48.666705955469538 ], [ -67.085146704466084, -48.666769251899446 ], [ -67.086533109026647, -48.667804029574967 ], [ -67.091404632284863, -48.668955060721316 ], [ -67.092713712137282, -48.669795128191559 ], [ -67.095187093646416, -48.670186800447851 ], [ -67.095250226287305, -48.67103320219838 ], [ -67.107536023145812, -48.675449049904756 ], [ -67.109089348227229, -48.676396363310431 ], [ -67.112125093172793, -48.676922805954568 ], [ -67.116033647049775, -48.679172146734189 ], [ -67.12133666794459, -48.681183308092884 ], [ -67.13197300292093, -48.686990516740913 ], [ -67.135181294021677, -48.690959011264255 ], [ -67.134892067810981, -48.692537114995268 ], [ -67.136384777581739, -48.692210547466729 ], [ -67.138352647606396, -48.693272083946965 ], [ -67.140052213786475, -48.695165612144883 ], [ -67.14014608734216, -48.69593603817335 ], [ -67.140805473879155, -48.696014132538842 ], [ -67.142096658201311, -48.697842580922163 ], [ -67.142139485615559, -48.698616677970584 ], [ -67.142992721568348, -48.698688893329191 ], [ -67.143616366608697, -48.699832076632397 ], [ -67.141720158365018, -48.702256612107817 ], [ -67.141432734041587, -48.704895942332598 ], [ -67.140684386691859, -48.706399199152081 ], [ -67.139744734851917, -48.706824687785051 ], [ -67.139987250052954, -48.707894284838943 ], [ -67.141238017392084, -48.707599718595006 ], [ -67.143774462047602, -48.709938355559778 ], [ -67.143691036267811, -48.710728401859107 ], [ -67.142621236429491, -48.711273222830478 ], [ -67.142211450230306, -48.712898857268158 ], [ -67.141002792435486, -48.713891077222357 ], [ -67.14232792158171, -48.714164262644182 ], [ -67.145709433751605, -48.719403253147838 ], [ -67.15032612328902, -48.729432791000654 ], [ -67.151124169958706, -48.734823441772619 ], [ -67.151958792798311, -48.736810805904632 ], [ -67.152051665906797, -48.74280615054969 ], [ -67.152548792706497, -48.745287205711449 ], [ -67.154042425977465, -48.746830969684908 ], [ -67.154305936704304, -48.748453935046768 ], [ -67.153301125676435, -48.748505279820492 ], [ -67.153322382122369, -48.750151342519672 ], [ -67.154886208756622, -48.75201097431713 ], [ -67.15991321504309, -48.753543748114751 ], [ -67.160084782304821, -48.755641858317297 ], [ -67.163836828310451, -48.75634471928182 ], [ -67.163773713187211, -48.757796082579752 ], [ -67.164701848386642, -48.757707452409413 ], [ -67.166417797967526, -48.758768969799533 ], [ -67.167247518847489, -48.758768682665774 ], [ -67.174236147951774, -48.764095578559363 ], [ -67.178760749116023, -48.76687407744884 ], [ -67.186813310730301, -48.772945437449899 ], [ -67.188712254413673, -48.7753764256491 ], [ -67.189236902328958, -48.778190473851858 ], [ -67.191100423600687, -48.779249438208545 ], [ -67.192688215170222, -48.780978518260525 ], [ -67.195485705748979, -48.785311997373668 ], [ -67.197090836784596, -48.789509845413114 ], [ -67.19672660433919, -48.793595928178398 ], [ -67.193017891034501, -48.795291449386298 ], [ -67.192739432019195, -48.79622234654861 ], [ -67.194613849288331, -48.796998142213781 ], [ -67.197604071546806, -48.801015326102693 ], [ -67.199396285370511, -48.803808665071415 ], [ -67.200457253684704, -48.807638230548292 ], [ -67.19999848515188, -48.810944949505789 ], [ -67.198465013656772, -48.812701580594833 ], [ -67.196277715869883, -48.812563947360808 ], [ -67.194714756197627, -48.813240919391518 ], [ -67.194624676018961, -48.815654101127912 ], [ -67.195939229399499, -48.816304190239961 ], [ -67.196107184121217, -48.816936321928395 ], [ -67.197731273070715, -48.816835832179542 ], [ -67.200081456941177, -48.817753866160906 ], [ -67.200525033260107, -48.818866918584774 ], [ -67.204845693236337, -48.82181202564032 ], [ -67.204758236780364, -48.82292578036062 ], [ -67.206382345277916, -48.822829664826372 ], [ -67.206830809780413, -48.823524598739404 ], [ -67.207984368322244, -48.823448116667443 ], [ -67.211214658665597, -48.826533395181457 ], [ -67.213252581482777, -48.827059616094026 ], [ -67.214346303402522, -48.82895607634066 ], [ -67.215321510163506, -48.829110571379786 ], [ -67.217766656612085, -48.832080081787147 ], [ -67.21859368783349, -48.834206189018197 ], [ -67.218216518369545, -48.836102346958398 ], [ -67.219887686453205, -48.838821528819039 ], [ -67.221942987853083, -48.840220167081256 ], [ -67.22162794684651, -48.841325922517562 ], [ -67.223645442158173, -48.841294084494514 ], [ -67.22548706701906, -48.842383608342423 ], [ -67.22885044591176, -48.843015380371568 ], [ -67.230784165682593, -48.844492925537978 ], [ -67.233997108875201, -48.84543698603985 ], [ -67.235916438735288, -48.847040122671309 ], [ -67.237672284078783, -48.847287307222594 ], [ -67.243510857023679, -48.850793701645244 ], [ -67.245488168607977, -48.852896660165051 ], [ -67.246681374139186, -48.855311399884698 ], [ -67.249301080555696, -48.856295463456725 ], [ -67.249429306643137, -48.857210180332736 ], [ -67.255746584428735, -48.856901273336575 ], [ -67.26673987864136, -48.858222677548788 ], [ -67.26997744886441, -48.859584261823784 ], [ -67.273791918430007, -48.859632456142172 ], [ -67.294227702854968, -48.864271194481439 ], [ -67.320203769268346, -48.871797388714036 ], [ -67.324187038256568, -48.873860742697083 ], [ -67.334100512679555, -48.877277780434191 ], [ -67.356497009024764, -48.886753819264207 ], [ -67.370033758031695, -48.893591591101675 ], [ -67.381208225029638, -48.898299320181422 ], [ -67.38232636474855, -48.899259243294097 ], [ -67.396842440459082, -48.906080587528464 ], [ -67.403954769919224, -48.910203463580558 ], [ -67.41085988918465, -48.91293817488274 ], [ -67.416344541152156, -48.916822008031112 ], [ -67.420845974825156, -48.918592340314341 ], [ -67.434400038731098, -48.926627703659513 ], [ -67.437943169323233, -48.928213486585321 ], [ -67.441669074019572, -48.93084027244101 ], [ -67.449238174973942, -48.934988967357832 ], [ -67.456539778328306, -48.939884457033244 ], [ -67.464950624901647, -48.944380588973843 ], [ -67.479044492819241, -48.953308067835685 ], [ -67.482646555243107, -48.956772672820286 ], [ -67.491802231645408, -48.961987021548389 ], [ -67.492029371943829, -48.964417967154048 ], [ -67.494818496367628, -48.966019094719833 ], [ -67.496213276127776, -48.968006644827767 ], [ -67.49723124205272, -48.970151132936834 ], [ -67.496621022385426, -48.970457917817029 ], [ -67.496619441593538, -48.971986620143191 ], [ -67.497621481773024, -48.972732564264369 ], [ -67.497572029301423, -48.973923424265941 ], [ -67.498557419653338, -48.975339082822522 ], [ -67.504941879309243, -48.979279785754137 ], [ -67.506004714651539, -48.98119996045542 ], [ -67.509634532209191, -48.984664053889446 ], [ -67.514091184817786, -48.987909375994789 ], [ -67.517407823404739, -48.991486084844226 ], [ -67.521502915812235, -48.99405652911495 ], [ -67.52525446435115, -48.997746488322925 ], [ -67.530857836136335, -49.001343018703231 ], [ -67.533376114382563, -49.00366813009984 ], [ -67.5325965166369, -49.004615908751724 ], [ -67.537903152140061, -49.006603168406699 ], [ -67.547126905467536, -49.011629554164578 ], [ -67.553575221903316, -49.016840742354766 ], [ -67.562352823259204, -49.026082216622363 ], [ -67.562866321562794, -49.027837629899835 ], [ -67.564728464803082, -49.030131382352153 ], [ -67.566209030376868, -49.030837706675655 ], [ -67.568976839363813, -49.033511326279452 ], [ -67.575620675278657, -49.040913308167447 ], [ -67.580436327673681, -49.050491039469719 ], [ -67.581672213943577, -49.05561837159658 ], [ -67.583190694648621, -49.057071300116753 ], [ -67.586036167689201, -49.070954347568644 ], [ -67.588687970135723, -49.074817523166701 ], [ -67.589699111317884, -49.077779352916821 ], [ -67.589766947910832, -49.079371815232641 ], [ -67.595178089169949, -49.093056595735803 ], [ -67.600550705199026, -49.096039850948024 ], [ -67.602470279756076, -49.098023419602939 ], [ -67.602234752968997, -49.102264904888216 ], [ -67.601328462259758, -49.102959816537336 ], [ -67.601354306013775, -49.105450978732442 ], [ -67.605471678927344, -49.111008537013632 ], [ -67.614721917016382, -49.114046890309794 ], [ -67.617998324842105, -49.115682282167668 ], [ -67.621580636241717, -49.118274406912001 ], [ -67.628326892224791, -49.124509927976078 ], [ -67.634666412043117, -49.133766100367708 ], [ -67.636362581349559, -49.13700084960454 ], [ -67.638855684309618, -49.143922763449048 ], [ -67.639136809706898, -49.146169620113291 ], [ -67.691495565850033, -49.146527648950659 ], [ -67.67861958848745, -49.117327348060485 ], [ -67.669996078372719, -49.063126623309778 ], [ -67.665536830484726, -49.038526219350274 ], [ -67.660864554572825, -49.00150912470837 ], [ -67.658505543793098, -48.998253460283877 ], [ -67.652308640695807, -48.970232898896825 ], [ -67.649213883955795, -48.96622654885514 ], [ -67.650842606876466, -48.958885317455518 ], [ -67.650385840732554, -48.953039391607383 ], [ -67.63598331293457, -48.948436682937839 ], [ -67.634050320980094, -48.946601826954577 ], [ -67.636165109218396, -48.941892328460405 ], [ -67.639449311482679, -48.939215397987063 ], [ -67.645036163910149, -48.936300173266673 ], [ -67.667256862044852, -48.922616297956218 ], [ -67.669493405099871, -48.918815828054782 ], [ -67.673282498233121, -48.902744953782815 ], [ -67.675764966485417, -48.89552103942323 ], [ -67.683745227934878, -48.884155958340344 ], [ -67.68758441836404, -48.875917610680588 ], [ -67.68688298302078, -48.855968658677298 ], [ -67.683556385574647, -48.801048876665114 ], [ -67.682033423678234, -48.750056463563126 ], [ -67.704901051736599, -48.726606445499314 ], [ -67.706932413408666, -48.723454823948806 ], [ -67.710659683958525, -48.71442740797449 ], [ -67.734563513408958, -48.714287780450768 ], [ -67.827679181510163, -48.669751691296135 ], [ -67.830929728209782, -48.667163335115895 ], [ -67.841911328944676, -48.665763485996237 ], [ -67.845887489828115, -48.664796204787358 ], [ -67.896409359549082, -48.642143954668889 ], [ -67.961039788283088, -48.622614781272496 ], [ -67.971757124320092, -48.619878241518443 ], [ -67.990142430856565, -48.611911445056201 ], [ -67.994591655235965, -48.60605559323367 ], [ -67.999587111674529, -48.601494781386101 ], [ -68.01146546718239, -48.595028114150793 ], [ -68.013234002416965, -48.590537879311739 ], [ -68.013966124269231, -48.583565714509653 ], [ -68.016080915949743, -48.575517226613542 ], [ -68.011474947341355, -48.571260126451328 ], [ -68.012261161772486, -48.5698549955207 ], [ -68.012333659239076, -48.566132573353229 ], [ -68.017909723727328, -48.560334909524862 ], [ -68.020002437528547, -48.560532599144395 ], [ -68.019937070020262, -48.557429502103446 ], [ -68.02254837696313, -48.55584197728966 ], [ -68.022257284312289, -48.552318793767448 ], [ -68.020507992593281, -48.551188806817429 ], [ -67.998729814953691, -48.52821342970185 ], [ -67.99527356461752, -48.505471635709128 ], [ -67.995011459849181, -48.498194037489448 ], [ -67.994010386676663, -48.496472130715304 ], [ -67.99293106263076, -48.483503800119948 ], [ -67.98836617933307, -48.445032069203073 ], [ -67.986681530832598, -48.424054396163861 ], [ -67.984631296475484, -48.409292135019655 ], [ -67.987081762584808, -48.401530192743543 ], [ -68.002452995379883, -48.389177540277693 ], [ -68.025888651975734, -48.36570840177103 ], [ -68.030293785648979, -48.364536039816848 ], [ -68.032347241200128, -48.363357240772579 ], [ -68.032244637360307, -48.360937215522867 ], [ -68.033164880194974, -48.356700176411252 ], [ -68.035122984481134, -48.35108239095193 ] ] ] } },
{ "type": "Feature", "properties": { "codigo_indec": "780490301" }, "geometry": { "type": "Polygon", "coordinates": [ [ [ -72.561173488872171, -47.932487036699378 ], [ -72.470390846895313, -47.936439032690075 ], [ -72.468375839011941, -47.935434026182996 ], [ -72.466068482756825, -47.935760137731911 ], [ -72.463918432676067, -47.937187882187622 ], [ -72.462952826843662, -47.937311488355668 ], [ -72.460524527590664, -47.936881030597469 ], [ -72.460096547078024, -47.934932952400821 ], [ -72.458462984315759, -47.934073684761152 ], [ -72.458259059055152, -47.933274748129179 ], [ -72.458986804638627, -47.931845031003569 ], [ -72.459146460089215, -47.929775780176072 ], [ -72.457706831732864, -47.929513343128335 ], [ -72.454151127378566, -47.933546945900382 ], [ -72.45375437964934, -47.935375954274804 ], [ -72.452668906671306, -47.936060794718173 ], [ -72.449252161619114, -47.936514404226934 ], [ -72.446720650904297, -47.937849845912474 ], [ -72.444550008299728, -47.937870070318787 ], [ -72.443895267649069, -47.938240547520486 ], [ -72.443671422042911, -47.939353694768194 ], [ -72.442512363190758, -47.93994169769644 ], [ -72.441309971069046, -47.93992830102659 ], [ -72.441764275356832, -47.93885771873839 ], [ -72.440521822024778, -47.939349254876866 ], [ -72.436991976380426, -47.939414591566802 ], [ -72.43602415272521, -47.939052288373368 ], [ -72.435288279581997, -47.937796990580495 ], [ -72.434673053191219, -47.937855892297577 ], [ -72.433936424998763, -47.938102829319035 ], [ -72.433473132846771, -47.939191639448595 ], [ -72.432317610639842, -47.939329666172398 ], [ -72.431074954349697, -47.940324843662893 ], [ -72.428800924561315, -47.940149963935532 ], [ -72.428121865632193, -47.941065294076132 ], [ -72.424275322648754, -47.942417037219116 ], [ -72.422371923235488, -47.944610226592033 ], [ -72.420912196816104, -47.944604292052084 ], [ -72.417585329269642, -47.946178684769386 ], [ -72.417255103772902, -47.946804700905396 ], [ -72.409117757454894, -47.947564042369784 ], [ -72.404633867389791, -47.952167865249109 ], [ -72.402211183388133, -47.951825956364864 ], [ -72.400984148484667, -47.952613446079688 ], [ -72.39891658673649, -47.95298955709432 ], [ -72.397600600212485, -47.954616206620209 ], [ -72.394252835621444, -47.956811204982102 ], [ -72.394002170477563, -47.959166387683169 ], [ -72.39300843635327, -47.960095309357364 ], [ -72.392964383834979, -47.961823704143981 ], [ -72.391582644685158, -47.964036917479611 ], [ -72.391477873118973, -47.965299351869838 ], [ -72.387476216512681, -47.967801320370839 ], [ -72.385969835389773, -47.967706361695278 ], [ -72.383677682813953, -47.965938955052579 ], [ -72.382458033399502, -47.964184863984457 ], [ -72.380697656406241, -47.963890433885631 ], [ -72.381292182066716, -47.960895482893079 ], [ -72.380572883119072, -47.960237538439095 ], [ -72.379281190172392, -47.959376067268344 ], [ -72.375836723877654, -47.958924265796696 ], [ -72.375150765775487, -47.958211335051161 ], [ -72.374945491789063, -47.956706170812147 ], [ -72.375445749367159, -47.955598529251112 ], [ -72.371865935994663, -47.953167137659783 ], [ -72.37206514784036, -47.951856969799415 ], [ -72.371512779514418, -47.950263052858276 ], [ -72.372421104663886, -47.948122468020088 ], [ -72.37161701262886, -47.944975272122214 ], [ -72.369758962566294, -47.94291148034624 ], [ -72.36865453992759, -47.942089366205259 ], [ -72.363816530323902, -47.940310841453105 ], [ -72.3563726402556, -47.935343105892606 ], [ -72.352581535721441, -47.933488499116521 ], [ -72.350378337462047, -47.931191610991405 ], [ -72.347416389478013, -47.926780449552552 ], [ -72.347601179682897, -47.925704620791642 ], [ -72.346762943472939, -47.924433761532399 ], [ -72.34446215203333, -47.923776745892724 ], [ -72.344077515948612, -47.923000873896576 ], [ -72.345199295516707, -47.919594941626841 ], [ -72.344281575573874, -47.917089532583461 ], [ -72.343734007389173, -47.911141629883794 ], [ -72.341154390683442, -47.908743096776497 ], [ -72.337631590468334, -47.907275979250009 ], [ -72.337084157217461, -47.906617261260301 ], [ -72.338234894974164, -47.905009604325272 ], [ -72.337887152480306, -47.903504019921186 ], [ -72.336907507110041, -47.902520554634791 ], [ -72.331346109822007, -47.900545831165886 ], [ -72.327919627247212, -47.902026069502845 ], [ -72.32716906601479, -47.901899421115147 ], [ -72.326973482079381, -47.901509302286257 ], [ -72.327873184202204, -47.901145880447338 ], [ -72.328531019097653, -47.899723530546943 ], [ -72.325400240400398, -47.899139693148427 ], [ -72.32392782773411, -47.898341313075285 ], [ -72.323351502929782, -47.897175134616781 ], [ -72.319703159098481, -47.895031964897022 ], [ -72.314973085751362, -47.88898451750584 ], [ -72.312329644042194, -47.888165856368957 ], [ -72.311786178443867, -47.88756087577439 ], [ -72.312087521565758, -47.88704394173444 ], [ -72.31029817224524, -47.883888783262883 ], [ -72.302841245771688, -47.879606119983173 ], [ -72.29624220147025, -47.878338724219887 ], [ -72.295013948566719, -47.877420517895906 ], [ -72.297016681306047, -47.873427535322747 ], [ -72.29732689192727, -47.871785975583464 ], [ -72.296667995205283, -47.870568066071776 ], [ -72.289920991662171, -47.86699727718355 ], [ -72.289242990893442, -47.866845813217864 ], [ -72.288552954331621, -47.867823596802729 ], [ -72.285470526534269, -47.867965908068207 ], [ -72.281712340361707, -47.866670240773949 ], [ -72.27623311915174, -47.861928965763639 ], [ -72.276176483188124, -47.861031057039192 ], [ -72.277631831521632, -47.8576162496324 ], [ -72.275388112003242, -47.855152678218623 ], [ -72.274203279919618, -47.85220457688029 ], [ -72.273132050842051, -47.851110745038063 ], [ -72.265697402195073, -47.847162373130203 ], [ -72.256485342353173, -47.839832310395707 ], [ -72.250941084218653, -47.836904229896199 ], [ -72.244985723538321, -47.832462818170931 ], [ -72.241359162126358, -47.830541441146181 ], [ -72.235921432406883, -47.824303867464387 ], [ -72.229529025850823, -47.820737536047915 ], [ -72.226221190020283, -47.817902683071388 ], [ -72.225591794745526, -47.815882959820641 ], [ -72.214904546059785, -47.814748324318892 ], [ -72.211514011483942, -47.813961790398693 ], [ -72.211235723812791, -47.815944042617673 ], [ -72.20986937540971, -47.818366037723216 ], [ -72.211929509030611, -47.820692098138707 ], [ -72.20888348999938, -47.822140150215105 ], [ -72.208397576109576, -47.824060737894158 ], [ -72.20652261295433, -47.824792318594724 ], [ -72.210532450376547, -47.82754062057284 ], [ -72.213545582032097, -47.82717737579064 ], [ -72.21577395252956, -47.832161245305556 ], [ -72.218120285157653, -47.835698024467455 ], [ -72.213438257678106, -47.83522212981859 ], [ -72.206945201539099, -47.836627229671684 ], [ -72.203833794228629, -47.836489309977786 ], [ -72.205170779053958, -47.89634197481503 ], [ -72.141111845235329, -47.901091305366087 ], [ -72.143757390386668, -47.945445541404311 ], [ -72.009325397526453, -47.949909025887941 ], [ -72.006278689890735, -47.902365074372391 ], [ -71.806398344717152, -47.909083205007065 ], [ -71.813033885268823, -48.000964181458066 ], [ -71.610178434064224, -48.006574546176843 ], [ -71.605791965590285, -47.926878648927513 ], [ -71.547586705172094, -47.915840339864353 ], [ -71.517827834570483, -47.924547235354318 ], [ -71.426501690010255, -47.913598230035909 ], [ -71.428578996042418, -47.917745745524513 ], [ -71.072508498615719, -47.927447997199593 ], [ -71.07504515924758, -48.018612719567528 ], [ -70.913604062999454, -48.021236486836919 ], [ -70.910475239523421, -47.93244448247367 ], [ -70.83077173383019, -47.93449416179601 ], [ -70.81096848717182, -47.924006262670716 ], [ -70.800368226098925, -47.933288554363664 ], [ -70.66596611904157, -47.93557376779529 ], [ -70.665679510849131, -47.97715289596696 ], [ -70.532504551485786, -47.98090057458144 ], [ -70.531868554233071, -47.962687293102618 ], [ -70.538896277177471, -47.95628854584384 ], [ -70.532908266784958, -47.951098160965515 ], [ -70.537328114461459, -47.946870354473468 ], [ -70.53167588016035, -47.941675404356822 ], [ -70.531494074386202, -47.937333723054365 ], [ -70.428740787308158, -47.937686899481356 ], [ -70.423166478589337, -47.939285097912169 ], [ -70.393460719969994, -47.937499874269591 ], [ -70.390507749486488, -47.848913092427956 ], [ -70.253735377046496, -47.851720558418997 ], [ -70.258960036060017, -48.04489710946401 ], [ -70.296826209833966, -48.046099257560314 ], [ -70.39600080289668, -48.045170700256293 ], [ -70.397524001166403, -48.029462478419383 ], [ -70.479363952890751, -48.118236101747506 ], [ -70.53786458019529, -48.117441030109759 ], [ -70.543591557600195, -48.279015860388007 ], [ -70.567776948305024, -48.297619969160301 ], [ -70.652804735992035, -48.295997479957101 ], [ -70.663264488789878, -48.300685176937954 ], [ -70.677492312185279, -48.297506111922942 ], [ -70.680154929173668, -48.297318840875207 ], [ -70.684123302246945, -48.432036867274547 ], [ -70.756337099826396, -48.431663036272745 ], [ -70.754821647275008, -48.38362519996106 ], [ -70.815457939845516, -48.382904416594997 ], [ -70.811851790113309, -48.294864730053014 ], [ -70.951658807969707, -48.291919885945539 ], [ -70.963884812104425, -48.563240200060115 ], [ -71.255851870736592, -48.555054785331215 ], [ -71.262032993145425, -48.549892551622378 ], [ -71.347656885349309, -48.53566289241806 ], [ -71.370515443694799, -48.549988839751045 ], [ -71.451176391182742, -48.547030760734287 ], [ -71.453864306826176, -48.59417695925012 ], [ -71.50483423136761, -48.594198623367909 ], [ -71.554344698828444, -48.60116428345944 ], [ -71.565757720934684, -48.601539969242957 ], [ -71.574387210822778, -48.603240447106877 ], [ -71.584877703676142, -48.604259937854962 ], [ -71.590512910197361, -48.603939865014503 ], [ -71.59585618558711, -48.604341107048079 ], [ -71.606720716680471, -48.608857750960617 ], [ -71.651811616119929, -48.61343975217715 ], [ -71.685249084798258, -48.618672325868509 ], [ -71.690218520221265, -48.72059088512637 ], [ -71.727588624042241, -48.698243518963842 ], [ -71.724141924130848, -48.665227893748714 ], [ -71.70385653146478, -48.649620714997212 ], [ -71.712377852183906, -48.633001951161631 ], [ -71.785488078668948, -48.632883624578142 ], [ -71.839295954749943, -48.638192782240488 ], [ -71.865534883459247, -48.648609569091143 ], [ -71.894571374183315, -48.657960748598704 ], [ -71.902811277624068, -48.662200764750473 ], [ -71.906635762445816, -48.715069826653306 ], [ -71.92448056547704, -48.715409369475047 ], [ -71.927650752613999, -48.821164685324163 ], [ -71.988746204450294, -48.821371832554426 ], [ -72.045335827946346, -48.817281189052039 ], [ -72.587381029150563, -48.489036923179512 ], [ -72.56385757093345, -48.475606076641839 ], [ -72.548954732289843, -48.469433389282848 ], [ -72.543116471355276, -48.467810010890219 ], [ -72.540704940564879, -48.466589048864705 ], [ -72.534078634785899, -48.464467780127414 ], [ -72.52301028356095, -48.458933870886661 ], [ -72.517003565550056, -48.454795764484757 ], [ -72.497649529028678, -48.443490576454764 ], [ -72.487251249744261, -48.440703292607949 ], [ -72.4816663273199, -48.437566984199606 ], [ -72.467933302306278, -48.434757497877634 ], [ -72.456326187130017, -48.433474556911399 ], [ -72.452002417853606, -48.433896829180668 ], [ -72.447114205608855, -48.436364205222915 ], [ -72.424904638480967, -48.437716233529152 ], [ -72.420202762775943, -48.436745377804392 ], [ -72.41475088826455, -48.434717236959351 ], [ -72.413534893165775, -48.430089546425279 ], [ -72.413511944355648, -48.42808438438059 ], [ -72.414792396500275, -48.424808215032549 ], [ -72.412125505403537, -48.420354028747454 ], [ -72.401284648280964, -48.416056517610286 ], [ -72.398124653262244, -48.414058695538294 ], [ -72.396989950834282, -48.412239307404306 ], [ -72.396561925440338, -48.409112767399044 ], [ -72.394424361152048, -48.406432500712057 ], [ -72.388232032987645, -48.4001614449408 ], [ -72.383271656286098, -48.397420243032229 ], [ -72.380267633050963, -48.394945117096547 ], [ -72.374267015009494, -48.391878827096647 ], [ -72.362329142826724, -48.387902213948649 ], [ -72.360051171255407, -48.386174376238088 ], [ -72.343180632214072, -48.379677441413577 ], [ -72.334926433585323, -48.375069082336495 ], [ -72.323164487694854, -48.37326905297261 ], [ -72.317762846927849, -48.370600770330796 ], [ -72.312551459795372, -48.368722788737799 ], [ -72.310748379234454, -48.36683637734869 ], [ -72.308698091427999, -48.365663145035079 ], [ -72.304250892810501, -48.364473371104417 ], [ -72.301871599838904, -48.361757881293308 ], [ -72.296602105715934, -48.360523976926068 ], [ -72.281931821949968, -48.352880100272699 ], [ -72.274020175308365, -48.349984610715751 ], [ -72.270081699270676, -48.346642775811006 ], [ -72.260942961416291, -48.34315167430011 ], [ -72.254322291773278, -48.339246763769744 ], [ -72.245640539064183, -48.331019275957559 ], [ -72.243224703328139, -48.328290126871195 ], [ -72.242070475743631, -48.325777189638544 ], [ -72.241773583587744, -48.32242603136217 ], [ -72.242390734478889, -48.31902659413521 ], [ -72.245857438047921, -48.31234905176791 ], [ -72.247673304860655, -48.306599557269386 ], [ -72.247793868457748, -48.303137661819598 ], [ -72.250856110914398, -48.298553669250111 ], [ -72.251847036002374, -48.295957616856711 ], [ -72.258957470453083, -48.285002862822111 ], [ -72.261353068096582, -48.28246580618525 ], [ -72.263035718227414, -48.278631210816215 ], [ -72.265778213692869, -48.275414089129242 ], [ -72.267329378568519, -48.27211385664139 ], [ -72.273173115467372, -48.266415676372709 ], [ -72.276955509655508, -48.264679771936009 ], [ -72.277016842494675, -48.263427739611529 ], [ -72.284188886679587, -48.26035805086552 ], [ -72.289127879604806, -48.257504784018209 ], [ -72.300766360090336, -48.245648493794342 ], [ -72.309420511417287, -48.241243827782711 ], [ -72.321659901951421, -48.237126144425005 ], [ -72.327068282420242, -48.235813755202827 ], [ -72.332339385318917, -48.236173650903027 ], [ -72.352269599471498, -48.223864242524563 ], [ -72.357501172867742, -48.218804661916835 ], [ -72.35879156226936, -48.216671100759392 ], [ -72.360347619848952, -48.211044196271267 ], [ -72.35820985658674, -48.208916452920988 ], [ -72.356309234101204, -48.206039653685146 ], [ -72.349675323250352, -48.200939805474995 ], [ -72.349224300687027, -48.199801603245348 ], [ -72.347023849669839, -48.197729452182891 ], [ -72.347329409015657, -48.195606724962836 ], [ -72.345821456482355, -48.194350896408011 ], [ -72.340186266395278, -48.191587082788978 ], [ -72.338691884481321, -48.189759585588007 ], [ -72.338273179320467, -48.187612963221682 ], [ -72.341943579487619, -48.181951794616182 ], [ -72.343521770516915, -48.177682701273987 ], [ -72.346813631435978, -48.174847821564896 ], [ -72.347364084911248, -48.172821392086462 ], [ -72.349318864416588, -48.17098787404592 ], [ -72.34964716270278, -48.168288788452685 ], [ -72.352492329425189, -48.165525235440541 ], [ -72.352046386799756, -48.163069122228741 ], [ -72.354207075615605, -48.160330001324155 ], [ -72.353932687554149, -48.157000861494957 ], [ -72.356656003470817, -48.1529499683216 ], [ -72.359468299877861, -48.15088430687824 ], [ -72.36238385923663, -48.149733045178422 ], [ -72.363003246785325, -48.145176901680848 ], [ -72.362457723907383, -48.142692255583185 ], [ -72.363323481462174, -48.141236682370376 ], [ -72.364490461052156, -48.136682471789896 ], [ -72.363445988109632, -48.134941049604301 ], [ -72.363568025255503, -48.132954062679318 ], [ -72.361642776089198, -48.129812708513789 ], [ -72.362766421262009, -48.12742309227302 ], [ -72.364633795939426, -48.125416446562767 ], [ -72.367491244003261, -48.124221770297837 ], [ -72.367920034715141, -48.121587125763106 ], [ -72.366767968597841, -48.118711010634094 ], [ -72.366595642449653, -48.115819647580054 ], [ -72.367842518996412, -48.113165502926805 ], [ -72.368311308460974, -48.110835512572606 ], [ -72.365408034129203, -48.109211598501069 ], [ -72.362797114971272, -48.105789024389715 ], [ -72.362585230670206, -48.102287144959746 ], [ -72.36340187929882, -48.099060964654015 ], [ -72.365644821152557, -48.095676028754362 ], [ -72.369650197537339, -48.092913954016623 ], [ -72.372165890840677, -48.089295998785147 ], [ -72.373481317333884, -48.087035550768036 ], [ -72.374164995712647, -48.084559786254808 ], [ -72.373834334116935, -48.081457192474005 ], [ -72.379049720229403, -48.074908229105489 ], [ -72.38356681666373, -48.07333143330267 ], [ -72.387919133350678, -48.070068232936961 ], [ -72.387872721464774, -48.067676891754942 ], [ -72.386242978675156, -48.064828547430601 ], [ -72.384355191433841, -48.063157160135198 ], [ -72.383491443146951, -48.061190199941926 ], [ -72.382897261461807, -48.057092429784824 ], [ -72.383999286311081, -48.053335942663914 ], [ -72.383762390161735, -48.050082179066898 ], [ -72.385435106737532, -48.04587707722316 ], [ -72.385669659011441, -48.044493895702999 ], [ -72.385076901816433, -48.043126124219299 ], [ -72.38596082011297, -48.039731352705935 ], [ -72.388596498858249, -48.035236919661656 ], [ -72.389070745582046, -48.032654787635849 ], [ -72.39065533205293, -48.028551145475298 ], [ -72.393910588354103, -48.02462295851447 ], [ -72.396087506536404, -48.023011377155349 ], [ -72.397163576519958, -48.019903162803843 ], [ -72.395984607653247, -48.018489830708546 ], [ -72.404732584406702, -48.016296627823955 ], [ -72.412494149147932, -48.015620802975953 ], [ -72.427959315519544, -48.015222799630969 ], [ -72.431802751668627, -48.014653653809077 ], [ -72.448612920200787, -48.00649467815817 ], [ -72.459486875240586, -48.005587137738573 ], [ -72.468630070652068, -48.003961799961296 ], [ -72.47129608868174, -48.002594843506024 ], [ -72.477284788769097, -47.992644587419548 ], [ -72.481858371675713, -47.988026206070792 ], [ -72.490606756922176, -47.986959785340019 ], [ -72.49793647403699, -47.985378245278234 ], [ -72.505543715409857, -47.983104106124379 ], [ -72.521517594532313, -47.974685464376087 ], [ -72.530490652410364, -47.972588102323215 ], [ -72.53683770274273, -47.971717938627407 ], [ -72.545515515920258, -47.965328685727563 ], [ -72.546360578195319, -47.962806335159236 ], [ -72.549186108980635, -47.959772947085305 ], [ -72.550588752453521, -47.95615835511699 ], [ -72.554257088234124, -47.950098766635236 ], [ -72.560431393332465, -47.94174841146998 ], [ -72.561679359727208, -47.939357355062043 ], [ -72.562263269950918, -47.936460674873352 ], [ -72.561173488872171, -47.932487036699378 ] ] ] } },
{ "type": "Feature", "properties": { "codigo_indec": "780490101" }, "geometry": { "type": "Polygon", "coordinates": [ [ [ -72.014625495295363, -47.201778219825087 ], [ -71.600392841566517, -47.38440141263073 ], [ -70.76967173466906, -47.319801364544524 ], [ -70.67727558203309, -47.41468863412522 ], [ -70.504337652459228, -47.590658402374075 ], [ -70.244629911279574, -47.851900589083463 ], [ -70.390507749486488, -47.848913092427956 ], [ -70.393460719969994, -47.937499874269591 ], [ -70.423166478589337, -47.939285097912169 ], [ -70.428740787308158, -47.937686899481356 ], [ -70.531494074386202, -47.937333723054365 ], [ -70.53167588016035, -47.941675404356822 ], [ -70.537328114461459, -47.946870354473468 ], [ -70.532908266784958, -47.951098160965515 ], [ -70.538896277177471, -47.95628854584384 ], [ -70.531868554233071, -47.962687293102618 ], [ -70.532504551485786, -47.98090057458144 ], [ -70.665679510849131, -47.97715289596696 ], [ -70.66596611904157, -47.93557376779529 ], [ -70.800368226098925, -47.933288554363664 ], [ -70.81096848717182, -47.924006262670716 ], [ -70.83077173383019, -47.93449416179601 ], [ -70.910475239523421, -47.93244448247367 ], [ -70.913604062999454, -48.021236486836919 ], [ -71.07504515924758, -48.018612719567528 ], [ -71.072508498615719, -47.927447997199593 ], [ -71.428578996042418, -47.917745745524513 ], [ -71.426501690010255, -47.913598230035909 ], [ -71.517827834570483, -47.924547235354318 ], [ -71.547586705172094, -47.915840339864353 ], [ -71.605791965590285, -47.926878648927513 ], [ -71.610178434064224, -48.006574546176843 ], [ -71.813033885268823, -48.000964181458066 ], [ -71.806398344717152, -47.909083205007065 ], [ -72.006278689890735, -47.902365074372391 ], [ -72.009325397526453, -47.949909025887941 ], [ -72.143757390386668, -47.945445541404311 ], [ -72.141111845235329, -47.901091305366087 ], [ -72.205170779053958, -47.89634197481503 ], [ -72.203833794228629, -47.836489309977786 ], [ -72.206945201539099, -47.836627229671684 ], [ -72.213438257678106, -47.83522212981859 ], [ -72.218120285157653, -47.835698024467455 ], [ -72.21577395252956, -47.832161245305556 ], [ -72.213545582032097, -47.82717737579064 ], [ -72.210532450376547, -47.82754062057284 ], [ -72.20652261295433, -47.824792318594724 ], [ -72.208397576109576, -47.824060737894158 ], [ -72.20888348999938, -47.822140150215105 ], [ -72.211929509030611, -47.820692098138707 ], [ -72.20986937540971, -47.818366037723216 ], [ -72.211235723812791, -47.815944042617673 ], [ -72.211514011483942, -47.813961790398693 ], [ -72.214904546059785, -47.814748324318892 ], [ -72.225591794745526, -47.815882959820641 ], [ -72.226221190020283, -47.817902683071388 ], [ -72.229529025850823, -47.820737536047915 ], [ -72.235921432406883, -47.824303867464387 ], [ -72.241359162126358, -47.830541441146181 ], [ -72.244985723538321, -47.832462818170931 ], [ -72.250941084218653, -47.836904229896199 ], [ -72.256485342353173, -47.839832310395707 ], [ -72.265697402195073, -47.847162373130203 ], [ -72.273132050842051, -47.851110745038063 ], [ -72.274203279919618, -47.85220457688029 ], [ -72.275388112003242, -47.855152678218623 ], [ -72.277631831521632, -47.8576162496324 ], [ -72.276176483188124, -47.861031057039192 ], [ -72.27623311915174, -47.861928965763639 ], [ -72.281712340361707, -47.866670240773949 ], [ -72.285470526534269, -47.867965908068207 ], [ -72.288552954331621, -47.867823596802729 ], [ -72.289242990893442, -47.866845813217864 ], [ -72.289920991662171, -47.86699727718355 ], [ -72.296667995205283, -47.870568066071776 ], [ -72.29732689192727, -47.871785975583464 ], [ -72.297016681306047, -47.873427535322747 ], [ -72.295013948566719, -47.877420517895906 ], [ -72.29624220147025, -47.878338724219887 ], [ -72.302841245771688, -47.879606119983173 ], [ -72.31029817224524, -47.883888783262883 ], [ -72.312087521565758, -47.88704394173444 ], [ -72.311786178443867, -47.88756087577439 ], [ -72.312329644042194, -47.888165856368957 ], [ -72.314973085751362, -47.88898451750584 ], [ -72.319703159098481, -47.895031964897022 ], [ -72.323351502929782, -47.897175134616781 ], [ -72.32392782773411, -47.898341313075285 ], [ -72.325400240400398, -47.899139693148427 ], [ -72.328531019097653, -47.899723530546943 ], [ -72.327873184202204, -47.901145880447338 ], [ -72.326973482079381, -47.901509302286257 ], [ -72.32716906601479, -47.901899421115147 ], [ -72.327919627247212, -47.902026069502845 ], [ -72.331346109822007, -47.900545831165886 ], [ -72.336907507110041, -47.902520554634791 ], [ -72.337887152480306, -47.903504019921186 ], [ -72.338234894974164, -47.905009604325272 ], [ -72.337084157217461, -47.906617261260301 ], [ -72.337631590468334, -47.907275979250009 ], [ -72.341154390683442, -47.908743096776497 ], [ -72.343734007389173, -47.911141629883794 ], [ -72.344281575573874, -47.917089532583461 ], [ -72.345199295516707, -47.919594941626841 ], [ -72.344077515948612, -47.923000873896576 ], [ -72.34446215203333, -47.923776745892724 ], [ -72.346762943472939, -47.924433761532399 ], [ -72.347601179682897, -47.925704620791642 ], [ -72.347416389478013, -47.926780449552552 ], [ -72.350378337462047, -47.931191610991405 ], [ -72.352581535721441, -47.933488499116521 ], [ -72.3563726402556, -47.935343105892606 ], [ -72.363816530323902, -47.940310841453105 ], [ -72.36865453992759, -47.942089366205259 ], [ -72.369758962566294, -47.94291148034624 ], [ -72.37161701262886, -47.944975272122214 ], [ -72.372421104663886, -47.948122468020088 ], [ -72.371512779514418, -47.950263052858276 ], [ -72.37206514784036, -47.951856969799415 ], [ -72.371865935994663, -47.953167137659783 ], [ -72.375445749367159, -47.955598529251112 ], [ -72.374945491789063, -47.956706170812147 ], [ -72.375150765775487, -47.958211335051161 ], [ -72.375836723877654, -47.958924265796696 ], [ -72.379281190172392, -47.959376067268344 ], [ -72.380572883119072, -47.960237538439095 ], [ -72.381292182066716, -47.960895482893079 ], [ -72.380697656406241, -47.963890433885631 ], [ -72.382458033399502, -47.964184863984457 ], [ -72.383677682813953, -47.965938955052579 ], [ -72.385969835389773, -47.967706361695278 ], [ -72.387476216512681, -47.967801320370839 ], [ -72.391477873118973, -47.965299351869838 ], [ -72.391582644685158, -47.964036917479611 ], [ -72.392964383834979, -47.961823704143981 ], [ -72.39300843635327, -47.960095309357364 ], [ -72.394002170477563, -47.959166387683169 ], [ -72.394252835621444, -47.956811204982102 ], [ -72.397600600212485, -47.954616206620209 ], [ -72.39891658673649, -47.95298955709432 ], [ -72.400984148484667, -47.952613446079688 ], [ -72.402211183388133, -47.951825956364864 ], [ -72.404633867389791, -47.952167865249109 ], [ -72.409117757454894, -47.947564042369784 ], [ -72.417255103772902, -47.946804700905396 ], [ -72.417585329269642, -47.946178684769386 ], [ -72.420912196816104, -47.944604292052084 ], [ -72.422371923235488, -47.944610226592033 ], [ -72.424275322648754, -47.942417037219116 ], [ -72.428121865632193, -47.941065294076132 ], [ -72.428800924561315, -47.940149963935532 ], [ -72.431074954349697, -47.940324843662893 ], [ -72.432317610639842, -47.939329666172398 ], [ -72.433473132846771, -47.939191639448595 ], [ -72.433936424998763, -47.938102829319035 ], [ -72.434673053191219, -47.937855892297577 ], [ -72.435288279581997, -47.937796990580495 ], [ -72.43602415272521, -47.939052288373368 ], [ -72.436991976380426, -47.939414591566802 ], [ -72.440521822024778, -47.939349254876866 ], [ -72.441764275356832, -47.93885771873839 ], [ -72.441309971069046, -47.93992830102659 ], [ -72.442512363190758, -47.93994169769644 ], [ -72.443671422042911, -47.939353694768194 ], [ -72.443895267649069, -47.938240547520486 ], [ -72.444550008299728, -47.937870070318787 ], [ -72.446720650904297, -47.937849845912474 ], [ -72.449252161619114, -47.936514404226934 ], [ -72.452668906671306, -47.936060794718173 ], [ -72.45375437964934, -47.935375954274804 ], [ -72.454151127378566, -47.933546945900382 ], [ -72.457706831732864, -47.929513343128335 ], [ -72.459146460089215, -47.929775780176072 ], [ -72.458986804638627, -47.931845031003569 ], [ -72.458259059055152, -47.933274748129179 ], [ -72.458462984315759, -47.934073684761152 ], [ -72.460096547078024, -47.934932952400821 ], [ -72.460524527590664, -47.936881030597469 ], [ -72.462952826843662, -47.937311488355668 ], [ -72.463918432676067, -47.937187882187622 ], [ -72.466068482756825, -47.935760137731911 ], [ -72.468375839011941, -47.935434026182996 ], [ -72.470390846895313, -47.936439032690075 ], [ -72.561173488872171, -47.932487036699378 ], [ -72.559888213784646, -47.929463979172411 ], [ -72.559355573242883, -47.926435544061114 ], [ -72.559397758219419, -47.923006960820217 ], [ -72.560040860525262, -47.920972015139881 ], [ -72.559042847702131, -47.916572716950348 ], [ -72.559257693442134, -47.908447627474523 ], [ -72.555665225965114, -47.898349182334293 ], [ -72.555219241941103, -47.890671860255217 ], [ -72.554270986366149, -47.887031089116952 ], [ -72.554851845728081, -47.881845167657524 ], [ -72.55359501373519, -47.876770174280111 ], [ -72.550013825043237, -47.873381839805319 ], [ -72.545094690801264, -47.870363100663837 ], [ -72.541874829491888, -47.867161244942615 ], [ -72.540125179580571, -47.86394990304742 ], [ -72.540173957846804, -47.860988873820872 ], [ -72.542959001840956, -47.856796404336166 ], [ -72.541878823011317, -47.849628858366827 ], [ -72.538358636978344, -47.846409194639506 ], [ -72.528582557818964, -47.843247176403736 ], [ -72.525148599091906, -47.841378282991258 ], [ -72.510218550321497, -47.82824859185444 ], [ -72.507677606388995, -47.825335344097475 ], [ -72.501668154970275, -47.813802369458728 ], [ -72.489468849324794, -47.797528091826081 ], [ -72.485463385156393, -47.793336578524624 ], [ -72.483436009480286, -47.79051962751511 ], [ -72.481051413765258, -47.785500587554601 ], [ -72.476770962128995, -47.779464042828558 ], [ -72.472090969174999, -47.776727308210951 ], [ -72.472195796416429, -47.772694134182082 ], [ -72.474017035888977, -47.769238644397362 ], [ -72.476326536098327, -47.767405506989135 ], [ -72.476996742557048, -47.766251742510775 ], [ -72.476676157141057, -47.764246462979777 ], [ -72.477487463274414, -47.762458727056234 ], [ -72.476668639520568, -47.758583991509184 ], [ -72.475382695645564, -47.756104229860441 ], [ -72.475982705302528, -47.751048524810599 ], [ -72.474532143538426, -47.748947060184491 ], [ -72.472017745943646, -47.747642427494768 ], [ -72.471716500608736, -47.743117787939326 ], [ -72.470565027836585, -47.742648904973464 ], [ -72.465906649010932, -47.74278985073974 ], [ -72.463796561837071, -47.744301916613693 ], [ -72.46242845075794, -47.744536653634071 ], [ -72.459146596907416, -47.743466314477431 ], [ -72.457714777724476, -47.74414819742735 ], [ -72.457531608151371, -47.745408601714473 ], [ -72.456171778296223, -47.74657405297738 ], [ -72.451748305969829, -47.748506445692044 ], [ -72.44946659716048, -47.750054894901233 ], [ -72.44786872906387, -47.74974314451773 ], [ -72.444465726618873, -47.750776485495031 ], [ -72.43912265906026, -47.747828952214888 ], [ -72.437841381367164, -47.746045790133124 ], [ -72.433854382870379, -47.746007869966178 ], [ -72.426643843342646, -47.744712389479005 ], [ -72.424043508791598, -47.743854556219119 ], [ -72.417604999252674, -47.740187615348603 ], [ -72.412252149219682, -47.735673908726532 ], [ -72.411309885465485, -47.734366119260343 ], [ -72.410685241477296, -47.731236274596128 ], [ -72.409015170142226, -47.729041571668979 ], [ -72.407844429737821, -47.728059889450144 ], [ -72.402332164636633, -47.725668907808014 ], [ -72.398615462972003, -47.722950075552987 ], [ -72.396679555285232, -47.720857529118035 ], [ -72.395726239063009, -47.71137750602341 ], [ -72.394142320343931, -47.703670271602356 ], [ -72.392749389600652, -47.701408654247551 ], [ -72.389177671833224, -47.69904055119239 ], [ -72.38818644857146, -47.697882446232683 ], [ -72.391423962259097, -47.69638788996641 ], [ -72.391393653096401, -47.695921018689802 ], [ -72.386042536179474, -47.69384383781744 ], [ -72.385045199453458, -47.689915260133368 ], [ -72.38334764945462, -47.688440639348727 ], [ -72.380257559605838, -47.687164493825478 ], [ -72.379097267740647, -47.686114745573995 ], [ -72.377727936697383, -47.686415979514187 ], [ -72.3765520304338, -47.685690505245077 ], [ -72.376560700629511, -47.684381398904442 ], [ -72.377044461719748, -47.683930862262272 ], [ -72.379017927214178, -47.6834454089445 ], [ -72.378875939536826, -47.682639996101635 ], [ -72.377891438944133, -47.681886403761254 ], [ -72.378092141768022, -47.681178835942241 ], [ -72.377157513645969, -47.6803203186223 ], [ -72.377139922542796, -47.679223380494086 ], [ -72.377823823923265, -47.678366640631175 ], [ -72.37300201376469, -47.672018362387483 ], [ -72.373387491084003, -47.666897543177051 ], [ -72.372311531769441, -47.665287519847496 ], [ -72.367486578619094, -47.663513341512505 ], [ -72.36564826229268, -47.661484872204397 ], [ -72.363704417743378, -47.658123631060818 ], [ -72.361804400551691, -47.652228821389038 ], [ -72.361481379316444, -47.648599591995676 ], [ -72.360070165565858, -47.643414554183948 ], [ -72.359270926048197, -47.638220555043446 ], [ -72.355293802797888, -47.63265186983989 ], [ -72.353175961315586, -47.627168087612439 ], [ -72.351104605339557, -47.62443105552628 ], [ -72.35099760172352, -47.622342712144089 ], [ -72.344992871880081, -47.606497014999697 ], [ -72.339548574204926, -47.599441351277662 ], [ -72.339344464493067, -47.597333334615982 ], [ -72.335843476911577, -47.588502682027382 ], [ -72.32722376941193, -47.574931564207077 ], [ -72.325539366690919, -47.573262304785047 ], [ -72.322604205106131, -47.567162977072265 ], [ -72.320009012206356, -47.563433063047086 ], [ -72.315299678016473, -47.558154070804086 ], [ -72.312522551655775, -47.556948025592774 ], [ -72.311079941998472, -47.554565407308864 ], [ -72.311617089180686, -47.552336959383062 ], [ -72.309776591964564, -47.548540018207937 ], [ -72.304301638793802, -47.539657453177256 ], [ -72.304839492376118, -47.53701521434845 ], [ -72.301941416268264, -47.533545505029977 ], [ -72.302089499014613, -47.53146324496867 ], [ -72.301223275152481, -47.529567641181721 ], [ -72.298867093127299, -47.528425600841082 ], [ -72.296274213208434, -47.523984426061126 ], [ -72.295109636400227, -47.520077838584477 ], [ -72.293916649802469, -47.518205071006776 ], [ -72.29339159417485, -47.514486974072184 ], [ -72.292190677040651, -47.512007209809823 ], [ -72.293544403861759, -47.505797278261014 ], [ -72.297522247555236, -47.497883598594569 ], [ -72.298859349526339, -47.49168756131985 ], [ -72.300293904023022, -47.487526216800902 ], [ -72.298562654573502, -47.485525069599028 ], [ -72.298745705302224, -47.483522756295876 ], [ -72.296601375832722, -47.475187016734026 ], [ -72.297423721402069, -47.470044795152603 ], [ -72.297151894231988, -47.468087060214941 ], [ -72.298007285539981, -47.466069885335514 ], [ -72.3005520733834, -47.464287397714777 ], [ -72.312958578540304, -47.460807695788958 ], [ -72.31976774854968, -47.457300106372905 ], [ -72.328820527913848, -47.450429978080798 ], [ -72.33116129625418, -47.446601696751202 ], [ -72.330492722052881, -47.444835484768952 ], [ -72.330521528030502, -47.442720645487363 ], [ -72.329252725816943, -47.440319687300651 ], [ -72.328402090949965, -47.437137425392592 ], [ -72.326986251313357, -47.434871153291638 ], [ -72.325397955032571, -47.433441979031791 ], [ -72.319153027977876, -47.430695023228836 ], [ -72.310776984954444, -47.428621068595511 ], [ -72.306132077254418, -47.426371381729481 ], [ -72.302764249535528, -47.425775884889802 ], [ -72.297544300715273, -47.423488459011864 ], [ -72.284261311945158, -47.421018507972455 ], [ -72.281715512624132, -47.419458761397507 ], [ -72.277351790113926, -47.417915014922706 ], [ -72.274396665361877, -47.417441810168675 ], [ -72.271878332350212, -47.416317353756952 ], [ -72.26301225117345, -47.413966050006806 ], [ -72.254225059977642, -47.41304214015922 ], [ -72.244992656054677, -47.413654946387666 ], [ -72.233622137088005, -47.413009525100009 ], [ -72.225652983264766, -47.412015342469132 ], [ -72.213172135155702, -47.413854982291483 ], [ -72.203145368820202, -47.416564693294433 ], [ -72.182945736269232, -47.425214963548562 ], [ -72.171435761584846, -47.428561294035589 ], [ -72.16869979154265, -47.428475098888413 ], [ -72.163318704616032, -47.429374982099517 ], [ -72.159569417000043, -47.429136637907895 ], [ -72.152462980164032, -47.426458351611565 ], [ -72.146617705229374, -47.422966862057528 ], [ -72.144782706318864, -47.421312588297539 ], [ -72.14351499667724, -47.418054986555973 ], [ -72.146129939595056, -47.409230422676423 ], [ -72.144564580889195, -47.405810087439527 ], [ -72.139379608385354, -47.403514512002552 ], [ -72.133924959955749, -47.401801804021026 ], [ -72.129383297875847, -47.398777515899589 ], [ -72.125396683439234, -47.384416869514773 ], [ -72.125121466762963, -47.380268383203685 ], [ -72.122488349239148, -47.374259136183213 ], [ -72.121909510062949, -47.37006494244271 ], [ -72.119954531071855, -47.368575463393114 ], [ -72.102012657639122, -47.360224631587222 ], [ -72.095061881617454, -47.356148757762512 ], [ -72.087970443764405, -47.346867761104392 ], [ -72.081897685013203, -47.337423976311392 ], [ -72.08029971256201, -47.335433948664559 ], [ -72.078295565386156, -47.333909100724405 ], [ -72.056087138116268, -47.322602690703114 ], [ -72.039643673742546, -47.316914321194261 ], [ -72.02820917705256, -47.31381242836818 ], [ -72.019184066464945, -47.308172081424829 ], [ -72.016585001817191, -47.30758839708097 ], [ -71.998594419876369, -47.297945316407727 ], [ -71.998144270736645, -47.292793586481615 ], [ -71.999146003518618, -47.285494341909519 ], [ -72.000589284533163, -47.283374025076107 ], [ -72.001993471764692, -47.277179663494046 ], [ -72.006436999055452, -47.268067361953001 ], [ -72.008373428358084, -47.261256214637697 ], [ -72.015201489522269, -47.257006024231806 ], [ -72.016246693293851, -47.255170349897291 ], [ -72.016623001745742, -47.24877346156515 ], [ -72.016099792987845, -47.244622217893237 ], [ -72.011080551397441, -47.234674607463937 ], [ -72.009236219998328, -47.233126356840359 ], [ -72.006293227405024, -47.232173666019918 ], [ -72.004762560392265, -47.230563131520107 ], [ -72.002665804343891, -47.221973223739056 ], [ -72.002719700312312, -47.220064708142068 ], [ -72.004463735248336, -47.215997839730164 ], [ -72.005761838673479, -47.214146616375409 ], [ -72.012193788766098, -47.209587608006316 ], [ -72.012858720736176, -47.207519070156351 ], [ -72.015314416344538, -47.203685174004242 ], [ -72.014625495295363, -47.201778219825087 ] ], [ [ -70.925872086642713, -47.446270238355972 ], [ -70.926113095243025, -47.444791026542937 ], [ -70.928577553360611, -47.444470742371671 ], [ -70.928916203186873, -47.449470698975176 ], [ -70.925872086642713, -47.446270238355972 ] ], [ [ -71.733986957277324, -47.562716934071041 ], [ -71.746068341629353, -47.562419108716028 ], [ -71.74641900301684, -47.569440445904618 ], [ -71.735385901537668, -47.569735776176735 ], [ -71.734257184808541, -47.567842238302234 ], [ -71.733986957277324, -47.562716934071041 ] ] ] } },
{ "type": "Feature", "properties": { "codigo_indec": "780140302" }, "geometry": { "type": "Polygon", "coordinates": [ [ [ -67.821102888517714, -46.686609674742115 ], [ -67.733808490717422, -46.68585229551956 ], [ -67.731934403299761, -46.777030133618375 ], [ -67.467656516058511, -46.774961202292474 ], [ -67.465533404926916, -46.865865264443521 ], [ -67.59689785329283, -46.866961919671922 ], [ -67.597128978364097, -46.888414595523415 ], [ -67.594579010371845, -47.01652307438291 ], [ -67.59845879993405, -47.0169079578328 ], [ -67.598543258039058, -47.023857875121443 ], [ -67.592683020240301, -47.023732022885575 ], [ -67.5919407132412, -47.134638616320252 ], [ -67.604836473397171, -47.134985331668972 ], [ -67.602278466364808, -47.181269979042291 ], [ -67.725515343534823, -47.182253191239397 ], [ -67.725241963778984, -47.266632057571115 ], [ -67.773660472181518, -47.268010537308989 ], [ -67.816760526811194, -47.315254965087192 ], [ -67.81817005338273, -47.366350868492233 ], [ -67.844217065546559, -47.365037915288973 ], [ -67.848845411183277, -47.376534782703693 ], [ -67.8436101050209, -47.378874677486436 ], [ -67.857807568448152, -47.408524118242475 ], [ -67.853844613855046, -47.408277684311251 ], [ -67.847599242606989, -47.472540108282537 ], [ -67.850169919705124, -47.473280986788502 ], [ -67.827311466138781, -47.501494747641644 ], [ -67.827046370673003, -47.554186288643493 ], [ -67.83348933990942, -47.560215326412433 ], [ -67.839339999245212, -47.561389998717083 ], [ -67.874359925250872, -47.58703135843524 ], [ -67.927914361380573, -47.584594294288287 ], [ -67.928585603407171, -47.598766701551128 ], [ -67.979760309310166, -47.600038301418223 ], [ -67.98162591250437, -47.625014135000974 ], [ -68.044501189983393, -47.627439393493958 ], [ -68.045099810776748, -47.623792696145287 ], [ -68.062976542253281, -47.622519016877405 ], [ -68.064854814538904, -47.605782453852747 ], [ -68.155574879510226, -47.607551997886908 ], [ -68.154672864620608, -47.627004476825277 ], [ -68.17146585349262, -47.627486763754604 ], [ -68.17230501574322, -47.637116671378628 ], [ -68.27196321992389, -47.638102706205366 ], [ -68.271786604482287, -47.650572063479288 ], [ -68.287455285473854, -47.654587421925726 ], [ -68.286686066123778, -47.677342409783925 ], [ -68.429426834132997, -47.678235459829757 ], [ -68.440949415505685, -47.702283983517169 ], [ -68.445111148382935, -47.703725250739758 ], [ -68.445628552501077, -47.711476158274181 ], [ -68.50230792962742, -47.701703079491033 ], [ -68.519151247021838, -47.677918029872629 ], [ -68.638359649566411, -47.678058868092123 ], [ -68.639020026883529, -47.675960822085855 ], [ -68.637178614997921, -47.672645178827004 ], [ -68.640684834362688, -47.671086738186382 ], [ -68.642812217540239, -47.667158450685854 ], [ -68.639811301366223, -47.663056739318471 ], [ -68.634946038525527, -47.659101929997952 ], [ -68.633340576046123, -47.65500447457466 ], [ -68.620654160677702, -47.64079742724477 ], [ -68.622336928338697, -47.633971901511181 ], [ -68.624168880667526, -47.631329130220834 ], [ -68.62703058561732, -47.628856073471148 ], [ -68.630712665192917, -47.621317357825511 ], [ -68.63630584804659, -47.614243294267524 ], [ -68.639140777738305, -47.607708954131375 ], [ -68.644205926732155, -47.602620552726307 ], [ -68.645678405042787, -47.590851651839074 ], [ -68.650911374095557, -47.564676387975702 ], [ -68.658181034691097, -47.551809453821043 ], [ -68.655949949648473, -47.528831273215864 ], [ -68.655705891117009, -47.520973975505122 ], [ -68.656328374751368, -47.517148742519396 ], [ -68.660801564435786, -47.514747073503202 ], [ -68.660521806159636, -47.5123222634965 ], [ -68.659941189498824, -47.510751025476914 ], [ -68.656693441947752, -47.506469020240409 ], [ -68.656710506786098, -47.503851706289524 ], [ -68.653453923075688, -47.502025045479627 ], [ -68.64221705615212, -47.492924187525126 ], [ -68.632139692712485, -47.488867306210658 ], [ -68.620344234156917, -47.475328234359786 ], [ -68.58927148706556, -47.459107591007779 ], [ -68.584267819411679, -47.452438150711004 ], [ -68.587059938147533, -47.437940141416057 ], [ -68.582328878390996, -47.434797416666655 ], [ -68.582084284950895, -47.428855655970168 ], [ -68.579150548459623, -47.424010374256582 ], [ -68.579778909949255, -47.419578381178731 ], [ -68.583072534355423, -47.416167989515415 ], [ -68.589627001082334, -47.41297609443788 ], [ -68.589358855235986, -47.409543719252568 ], [ -68.571730599405939, -47.400475679719321 ], [ -68.51824907728853, -47.363534007135506 ], [ -68.514313427202694, -47.362874283557701 ], [ -68.512818912818346, -47.341150394290821 ], [ -68.511050006901471, -47.340328845821475 ], [ -68.511433144578731, -47.331070476106476 ], [ -68.513295824199886, -47.322011768471477 ], [ -68.513368049023839, -47.314146220156083 ], [ -68.515797925651057, -47.307311545306916 ], [ -68.520239317403536, -47.307528107239321 ], [ -68.529448575535014, -47.304341686613178 ], [ -68.557212451959273, -47.278866821061612 ], [ -68.559060475176992, -47.270005120991449 ], [ -68.564390880645831, -47.269422858640553 ], [ -68.564699745953192, -47.268016352279723 ], [ -68.558243978103008, -47.26132652450422 ], [ -68.558407946463888, -47.242001854547837 ], [ -68.543429260873339, -47.228644316090993 ], [ -68.529146105674428, -47.205415790598856 ], [ -68.527446078291391, -47.196944618760838 ], [ -68.52580037321863, -47.182433561848427 ], [ -68.521724189442025, -47.175764885146997 ], [ -68.495984383703984, -47.147851191757667 ], [ -68.490615534953889, -47.139507102580801 ], [ -68.476283593045608, -47.108872981876608 ], [ -68.476656982499208, -47.101022030952912 ], [ -68.482650013777175, -47.091577481155774 ], [ -68.482388847786197, -47.087946798922843 ], [ -68.48420483484729, -47.083322537894254 ], [ -68.484891251561962, -47.073246654796044 ], [ -68.478798264237653, -47.063149093662304 ], [ -68.471751578410874, -47.059896564575631 ], [ -68.471182528568491, -47.057874538848147 ], [ -68.466221372627601, -47.052818762604431 ], [ -68.466856563429914, -47.04818024354158 ], [ -68.463058214466741, -47.044739855316109 ], [ -68.463422961997281, -47.037891775846361 ], [ -68.462854592763435, -47.024054581458614 ], [ -68.460141011426714, -47.012689925384208 ], [ -68.451962333568702, -47.0057967499989 ], [ -68.411788704454622, -46.962483337156847 ], [ -68.410352691868368, -46.959246653220632 ], [ -68.407732082331577, -46.956822396879424 ], [ -68.227116890469802, -46.910607095084963 ], [ -68.224781655144142, -46.909381429534228 ], [ -68.208488968343147, -46.897782850422153 ], [ -68.202353848214671, -46.895127107305235 ], [ -68.197664966801426, -46.894082358657435 ], [ -68.193837724713219, -46.894658161176729 ], [ -68.187932033019436, -46.896433487673875 ], [ -68.182926646871692, -46.896798165551075 ], [ -68.175336028994707, -46.893518887951039 ], [ -68.174201654064944, -46.890695151701081 ], [ -68.170697464587036, -46.889253043870831 ], [ -68.164303207715719, -46.888891702782153 ], [ -68.132259593519919, -46.885140578277785 ], [ -68.09643705405233, -46.883055342033295 ], [ -68.086207180121477, -46.87995167277144 ], [ -68.080316755432861, -46.880911986299374 ], [ -68.069744598056673, -46.880421763092791 ], [ -68.066914867421019, -46.877164873685437 ], [ -68.045727727375038, -46.859467064159908 ], [ -67.967651671635153, -46.813200239029861 ], [ -67.965888974289442, -46.811852983913603 ], [ -67.963769021969611, -46.80915763157968 ], [ -67.953550298421419, -46.812163621161503 ], [ -67.950429960620042, -46.812431901018407 ], [ -67.946412837538219, -46.811486439227735 ], [ -67.945061169061944, -46.810925258937964 ], [ -67.943979373150299, -46.809296081566728 ], [ -67.944743890269109, -46.809060253272911 ], [ -67.941290262502804, -46.803118270450909 ], [ -67.940266247157282, -46.80339665106991 ], [ -67.939070483732038, -46.801249124089871 ], [ -67.937305241035403, -46.801749991573494 ], [ -67.936949847897623, -46.801170974266057 ], [ -67.924813988945985, -46.80456587609001 ], [ -67.925906248211703, -46.792800919264501 ], [ -67.931795508403866, -46.79469563887119 ], [ -67.936205875871821, -46.789402337003672 ], [ -67.907158332783112, -46.779134518401946 ], [ -67.821102888517714, -46.686609674742115 ] ] ] } },
{ "type": "Feature", "properties": { "codigo_indec": "780140601" }, "geometry": { "type": "Polygon", "coordinates": [ [ [ -68.780895074934392, -47.678050816486156 ], [ -68.519151247021838, -47.677918029872629 ], [ -68.50230792962742, -47.701703079491033 ], [ -68.445628552501077, -47.711476158274181 ], [ -68.445111148382935, -47.703725250739758 ], [ -68.440949415505685, -47.702283983517169 ], [ -68.429426834132997, -47.678235459829757 ], [ -68.286686066123778, -47.677342409783925 ], [ -68.287455285473854, -47.654587421925726 ], [ -68.271786604482287, -47.650572063479288 ], [ -68.27196321992389, -47.638102706205366 ], [ -68.17230501574322, -47.637116671378628 ], [ -68.17146585349262, -47.627486763754604 ], [ -68.154672864620608, -47.627004476825277 ], [ -68.155574879510226, -47.607551997886908 ], [ -68.064854814538904, -47.605782453852747 ], [ -68.062976542253281, -47.622519016877405 ], [ -68.045099810776748, -47.623792696145287 ], [ -68.044501189983393, -47.627439393493958 ], [ -67.98162591250437, -47.625014135000974 ], [ -67.979760309310166, -47.600038301418223 ], [ -67.928585603407171, -47.598766701551128 ], [ -67.929534547474375, -47.639259039064633 ], [ -67.879150346436347, -47.639578304454957 ], [ -67.877176736131304, -47.76818977185367 ], [ -67.330733629421957, -47.767015047804449 ], [ -67.29757226258829, -47.766482866790689 ], [ -67.297890988744768, -47.710906860658653 ], [ -67.20381380199882, -47.693309397421821 ], [ -67.175913214947542, -47.683591299031526 ], [ -67.175340783736786, -47.766479537738178 ], [ -67.175660785547379, -47.766484626160135 ], [ -67.172212133138103, -47.945240242269278 ], [ -67.197126110114183, -47.945688123325603 ], [ -67.192345453962403, -48.11112974470668 ], [ -67.203550310792906, -48.111678743557334 ], [ -67.19462295427455, -48.463320651484963 ], [ -67.554360676929178, -48.112913871566427 ], [ -67.588803019515566, -48.112019970070342 ], [ -67.61748147847814, -48.091525691687124 ], [ -68.035122984481134, -48.35108239095193 ], [ -68.186972879639015, -48.444434850671804 ], [ -68.336838779953098, -48.379468312382748 ], [ -68.664988852759663, -48.399358954170928 ], [ -68.942160866475717, -48.415416905867033 ], [ -68.939725174411976, -48.221407760997735 ], [ -68.91989825665965, -48.221395657435941 ], [ -68.91924218132803, -48.075774783028876 ], [ -69.05368702626167, -48.073101571486973 ], [ -69.05156945912141, -47.860533338692996 ], [ -68.914583184898106, -47.861925175126132 ], [ -68.914568422981532, -47.818021727965018 ], [ -68.753128394592977, -47.816110711921155 ], [ -68.750666640667916, -47.772475883694128 ], [ -68.781252859155927, -47.774786737616701 ], [ -68.780895074934392, -47.678050816486156 ] ] ] } },
{ "type": "Feature", "properties": { "codigo_indec": "780140201" }, "geometry": { "type": "Polygon", "coordinates": [ [ [ -68.174245785732765, -46.003533203504055 ], [ -67.917442774809359, -46.001348584346118 ], [ -67.595683197075047, -45.997779899404861 ], [ -67.59581356266817, -45.999005071368856 ], [ -67.596728426713099, -45.99996547632886 ], [ -67.596689839008732, -46.005830935880056 ], [ -67.595785053425729, -46.009315086681376 ], [ -67.59483767139649, -46.009888233940252 ], [ -67.594438630995654, -46.020414095266709 ], [ -67.592959488246578, -46.021704926656604 ], [ -67.587567917953052, -46.023343305464323 ], [ -67.587977185825352, -46.024261538727004 ], [ -67.593033308080393, -46.024521834266984 ], [ -67.598329106796953, -46.026287311157461 ], [ -67.599174420937473, -46.027719170324744 ], [ -67.599406074377598, -46.030308587360999 ], [ -67.602033307558941, -46.034713196233177 ], [ -67.602560398855985, -46.036734922170233 ], [ -67.603226323364481, -46.036581121787563 ], [ -67.603052670522416, -46.040267677538175 ], [ -67.603715740278929, -46.04266442439453 ], [ -67.605402111570172, -46.044830746633224 ], [ -67.608116478561016, -46.046069407051256 ], [ -67.611551605867191, -46.045877280049403 ], [ -67.617340811149774, -46.047391453317822 ], [ -67.622375558531473, -46.048082033107825 ], [ -67.623157143487049, -46.049256532967249 ], [ -67.625252493620337, -46.049299753032244 ], [ -67.626600098060166, -46.053445467167748 ], [ -67.626675096992059, -46.062928936841281 ], [ -67.621340490548832, -46.067088670909193 ], [ -67.6177205213843, -46.066608600453513 ], [ -67.616672313727975, -46.067823970692409 ], [ -67.617931199530531, -46.068136094588581 ], [ -67.62065854203982, -46.071115474624001 ], [ -67.621661896556077, -46.071181561033008 ], [ -67.622304976514869, -46.07234989299306 ], [ -67.623964193524003, -46.072162959057913 ], [ -67.62591598658517, -46.073207571977861 ], [ -67.626424492768351, -46.074333776840021 ], [ -67.626531673076315, -46.079652124277665 ], [ -67.628046544493401, -46.082688716687827 ], [ -67.628065648494243, -46.103295869243574 ], [ -67.629574204727632, -46.108702975666098 ], [ -67.628802687256922, -46.109170544998051 ], [ -67.628605657107897, -46.12363030716002 ], [ -67.62985650999903, -46.126537730943802 ], [ -67.629613280544532, -46.130866696229816 ], [ -67.630060917600687, -46.135644775914244 ], [ -67.628557259175949, -46.16583734508658 ], [ -67.627270737027189, -46.172789750674077 ], [ -67.627162999023, -46.178159408506538 ], [ -67.626100381915549, -46.178704427373951 ], [ -67.625782538269434, -46.184053559916975 ], [ -67.624583516126862, -46.1881145765621 ], [ -67.624170295666588, -46.192864278588239 ], [ -67.623335844198266, -46.196061498277949 ], [ -67.623118406142794, -46.201524274271875 ], [ -67.621162200788177, -46.20915223801547 ], [ -67.618906360755744, -46.215656473686373 ], [ -67.617830224364724, -46.223034095145458 ], [ -67.616533518758999, -46.224732241108356 ], [ -67.616727005986021, -46.22709166464891 ], [ -67.613873083712647, -46.236058078203918 ], [ -67.613638544297487, -46.240351052062664 ], [ -67.611367490500584, -46.244542830842157 ], [ -67.611254163584363, -46.246592648631697 ], [ -67.608612547539963, -46.252983998513322 ], [ -67.607834200609403, -46.25645165137761 ], [ -67.605632386144265, -46.261192932495767 ], [ -67.605039412707114, -46.263988089899264 ], [ -67.604293953615539, -46.264739189795456 ], [ -67.602967120087243, -46.271267888692819 ], [ -67.59886833190221, -46.282310313124029 ], [ -67.598363439931035, -46.286334516183629 ], [ -67.596323133850376, -46.289498707904727 ], [ -67.5957972721788, -46.291921278467647 ], [ -67.595591040537954, -46.297703428122652 ], [ -67.592962341858978, -46.298858627886517 ], [ -67.59293355002346, -46.300868966591878 ], [ -67.59129595124233, -46.303228343143466 ], [ -67.585599925888886, -46.317367786679341 ], [ -67.583056717744654, -46.321955925450162 ], [ -67.573576348676283, -46.343357285991267 ], [ -67.570551529592422, -46.34752079028965 ], [ -67.566176125681949, -46.356610756476059 ], [ -67.554233405969597, -46.376013810193513 ], [ -67.548677178536536, -46.386055230756206 ], [ -67.545286184337641, -46.390870120442585 ], [ -67.543979946850186, -46.396476155550374 ], [ -67.541238628613513, -46.398586819944114 ], [ -67.53491622631374, -46.409013596540333 ], [ -67.525732373440349, -46.421386816937861 ], [ -67.52497782855491, -46.424161415757162 ], [ -67.542056194453465, -46.424146551222208 ], [ -67.542143303376378, -46.437223645849997 ], [ -67.545102366428452, -46.438615261644188 ], [ -67.580870464478522, -46.438516000205652 ], [ -67.580006181443181, -46.484408136457262 ], [ -67.519362404065447, -46.483414117062509 ], [ -67.504387035187079, -46.485850606746524 ], [ -67.501926087079823, -46.485710440513849 ], [ -67.497963154905932, -46.484659885400859 ], [ -67.496378311161251, -46.483213169992965 ], [ -67.494385727420095, -46.482269346284319 ], [ -67.491498608425488, -46.48271259041956 ], [ -67.489335723161048, -46.484748651584177 ], [ -67.487082833598251, -46.483801261657412 ], [ -67.486863562704812, -46.486542181881909 ], [ -67.484721730748163, -46.49003580654982 ], [ -67.480214424598458, -46.493331548336222 ], [ -67.468590565931876, -46.508811726022671 ], [ -67.466533599549237, -46.512688470511002 ], [ -67.465227682988044, -46.51880628888874 ], [ -67.46192351328699, -46.521712614935836 ], [ -67.456515597875139, -46.529281926858438 ], [ -67.446377588789531, -46.54757759064637 ], [ -67.439228590730337, -46.556120955144358 ], [ -67.426358104368163, -46.568718958962634 ], [ -67.412197693643321, -46.579152046789446 ], [ -67.40877765874616, -46.580665324604652 ], [ -67.406626634260789, -46.583167755340455 ], [ -67.403204367224802, -46.590073939873228 ], [ -67.399792611062352, -46.593822568625612 ], [ -67.396733918120162, -46.596757408283977 ], [ -67.391133005739931, -46.600578522365318 ], [ -67.387338821689184, -46.603858102054922 ], [ -67.37819157449097, -46.609351253741252 ], [ -67.368281318936695, -46.613672308249505 ], [ -67.364021604738042, -46.617268323360754 ], [ -67.35682107356503, -46.621703573416902 ], [ -67.351091444741101, -46.623672198644122 ], [ -67.348099471255594, -46.62405633554571 ], [ -67.342247468607766, -46.626486042351765 ], [ -67.335320730643545, -46.628494994746866 ], [ -67.333407653377151, -46.630410263751209 ], [ -67.331826924462646, -46.630324249107687 ], [ -67.327910895050422, -46.631544495770186 ], [ -67.319733349548258, -46.632261283884759 ], [ -67.307771836193794, -46.63517055762842 ], [ -67.302311166899486, -46.635431485302469 ], [ -67.287289765467719, -46.639647052272643 ], [ -67.280030207432944, -46.643487345153126 ], [ -67.269710134769937, -46.643830971846604 ], [ -67.263984165699981, -46.64520605318102 ], [ -67.259170104194624, -46.646954568420014 ], [ -67.25379382677508, -46.650129153872058 ], [ -67.251998445883558, -46.654460268479255 ], [ -67.247756011618733, -46.660112279528342 ], [ -67.246192682141071, -46.663808140561329 ], [ -67.240105233268039, -46.671001347786103 ], [ -67.236490475098648, -46.674053768260258 ], [ -67.233078032498639, -46.675899247664113 ], [ -67.218559175726384, -46.680918679705499 ], [ -67.213544262433786, -46.683264869637298 ], [ -67.209038608026376, -46.68581222601172 ], [ -67.204800304673526, -46.689056285641882 ], [ -67.196899145888878, -46.693038647657325 ], [ -67.1879839055687, -46.69495783569451 ], [ -67.183481780399646, -46.694800969963097 ], [ -67.178915754532596, -46.691782209708087 ], [ -67.174264086097068, -46.69471269569847 ], [ -67.167403633033913, -46.694607491280642 ], [ -67.165299327706279, -46.694974077921934 ], [ -67.161066239847187, -46.696714283806095 ], [ -67.160123430930483, -46.699065047860628 ], [ -67.155083379767731, -46.701160882090541 ], [ -67.155167087364191, -46.703213298640982 ], [ -67.153873556753283, -46.704429366964774 ], [ -67.139750652600725, -46.706620469725159 ], [ -67.131120273911478, -46.716640665176833 ], [ -67.130923978223834, -46.719956941621085 ], [ -67.128233610910371, -46.727775354673618 ], [ -67.121310422898162, -46.733783561079228 ], [ -67.114000544266858, -46.737796884529047 ], [ -67.108948334366318, -46.741955032466322 ], [ -67.10559117170051, -46.749069188821196 ], [ -67.103610953114455, -46.751514738302134 ], [ -67.097060937289626, -46.754936845823771 ], [ -67.09386193750872, -46.757870211419238 ], [ -67.092071822836289, -46.759819457220637 ], [ -67.090594664353688, -46.763743987317739 ], [ -67.085522069019703, -46.77075692772916 ], [ -67.467656516058511, -46.774961202292474 ], [ -67.731934403299761, -46.777030133618375 ], [ -67.733808490717422, -46.68585229551956 ], [ -68.177054124707169, -46.689300773767428 ], [ -68.653488589294838, -46.691132739238576 ], [ -68.654397838055914, -46.599756829036856 ], [ -68.521801719477665, -46.599796690728894 ], [ -68.523126247988387, -46.419550275212671 ], [ -68.453910194834108, -46.419582562305308 ], [ -68.456192619662986, -46.334525681535631 ], [ -68.388514928850711, -46.334341221706595 ], [ -68.390378558295097, -46.242237947253415 ], [ -68.390926962487413, -46.149550393306193 ], [ -68.328191259153485, -46.149117935078046 ], [ -68.326838151304699, -46.157913075075307 ], [ -68.315228840520405, -46.158154499355163 ], [ -68.316285841884266, -46.092377902959804 ], [ -68.174452580266404, -46.070092421345876 ], [ -68.174245785732765, -46.003533203504055 ] ], [ [ -67.613873761305612, -46.542456970570711 ], [ -67.620727986226242, -46.542081038283229 ], [ -67.62142085597381, -46.545611334358419 ], [ -67.621297034180898, -46.547283101086435 ], [ -67.622347725444413, -46.547498172223086 ], [ -67.624724180514136, -46.549298987518128 ], [ -67.624769172699331, -46.549969731427716 ], [ -67.62872412360403, -46.550844850723131 ], [ -67.631956324527636, -46.552984125207765 ], [ -67.621106207961148, -46.558935128659158 ], [ -67.621600558181811, -46.560142053186716 ], [ -67.623283596283741, -46.561147385634563 ], [ -67.621324404772324, -46.561132782383311 ], [ -67.620748982088529, -46.569941914355802 ], [ -67.620257763183517, -46.570151893381833 ], [ -67.617321971706531, -46.56838921198478 ], [ -67.615183405212193, -46.5679810098556 ], [ -67.614547372699036, -46.568243186916817 ], [ -67.614683131190944, -46.568802582427388 ], [ -67.613120746457653, -46.56894557609904 ], [ -67.612797743696802, -46.567673224921428 ], [ -67.609906198956793, -46.567894504244656 ], [ -67.609780113797527, -46.567213774641495 ], [ -67.606629902235824, -46.567476806722354 ], [ -67.606124354751202, -46.56391722998795 ], [ -67.60454766834205, -46.564113908154077 ], [ -67.603429986330028, -46.554937838433659 ], [ -67.604066896743348, -46.554891637690375 ], [ -67.603932834104029, -46.55401738847381 ], [ -67.605437909104893, -46.553932295794851 ], [ -67.605084917314301, -46.55180493250824 ], [ -67.606482154977698, -46.551727506880532 ], [ -67.604586247994206, -46.549257475314604 ], [ -67.606232450648747, -46.549893775321202 ], [ -67.607273703051703, -46.548948383833547 ], [ -67.611413511269518, -46.549974787638654 ], [ -67.611474337366104, -46.550785167345623 ], [ -67.613351478715188, -46.551446658008203 ], [ -67.614635993206903, -46.549136754748147 ], [ -67.613873761305612, -46.542456970570711 ] ] ] } },
{ "type": "Feature", "properties": { "codigo_indec": "780140101" }, "geometry": { "type": "Polygon", "coordinates": [ [ [ -69.658593193062728, -46.004911162897919 ], [ -69.260069417899203, -46.006427392853027 ], [ -68.950209160573209, -46.006658462729121 ], [ -68.537068946589926, -46.00565528143504 ], [ -68.174245785732765, -46.003533203504055 ], [ -68.174452580266404, -46.070092421345876 ], [ -68.316285841884266, -46.092377902959804 ], [ -68.315228840520405, -46.158154499355163 ], [ -68.326838151304699, -46.157913075075307 ], [ -68.328191259153485, -46.149117935078046 ], [ -68.390926962487413, -46.149550393306193 ], [ -68.390378558295097, -46.242237947253415 ], [ -68.388514928850711, -46.334341221706595 ], [ -68.456192619662986, -46.334525681535631 ], [ -68.453910194834108, -46.419582562305308 ], [ -68.523126247988387, -46.419550275212671 ], [ -68.521801719477665, -46.599796690728894 ], [ -68.541450117700336, -46.59980066763594 ], [ -68.663769532949573, -46.567408762588883 ], [ -68.707550290388198, -46.558146379599592 ], [ -68.738928731616383, -46.555100727485652 ], [ -68.903070971212486, -46.542309048120686 ], [ -68.901084355143539, -46.54144374224034 ], [ -68.918993083006455, -46.539906035034932 ], [ -68.917552568181435, -46.531264445550612 ], [ -68.955160958561379, -46.531069467940021 ], [ -68.955814360188825, -46.557130799590261 ], [ -68.974416362737571, -46.558751229503642 ], [ -69.003756126196578, -46.562392853289055 ], [ -69.129402447807593, -46.557722842586031 ], [ -69.236190745708456, -46.579254691035104 ], [ -69.261848838011147, -46.576455110301403 ], [ -69.292143561501064, -46.590999978532707 ], [ -69.290938258715045, -46.599247709969219 ], [ -69.326366725263242, -46.613648849786074 ], [ -69.388185502392517, -46.628204373293215 ], [ -69.492639888366838, -46.65527080668079 ], [ -69.608853382877584, -46.68453670129368 ], [ -69.610345444278749, -46.686737194080614 ], [ -69.609484563310062, -46.688356508683619 ], [ -69.605100519172353, -46.689391791076076 ], [ -69.596852220385529, -46.694783043645373 ], [ -69.597874634121254, -46.697687806076353 ], [ -69.602022548302998, -46.702096424105953 ], [ -69.602422103364631, -46.711566747239395 ], [ -69.605132781322624, -46.718609526957621 ], [ -69.603103813571764, -46.720225959636117 ], [ -69.603580190827117, -46.73655050300551 ], [ -69.613078662029807, -46.747177790311987 ], [ -69.619884849354349, -46.752983761232343 ], [ -69.630917572077323, -46.768638737775213 ], [ -69.63649015294915, -46.790476053624502 ], [ -69.646213083673047, -46.797172709693264 ], [ -69.64628388813783, -46.802812497981485 ], [ -69.648380694627207, -46.806421330744641 ], [ -69.646961850961191, -46.810463842451163 ], [ -69.650238169233546, -46.814880055462119 ], [ -69.65059616276308, -46.820117893127666 ], [ -69.653590747779916, -46.824733504933562 ], [ -69.658398633407927, -46.833975782233892 ], [ -69.661901553255717, -46.844907546339314 ], [ -69.663565946936842, -46.848050813043905 ], [ -69.665050829503372, -46.849647881606323 ], [ -69.673184147828877, -46.865720145128726 ], [ -69.674983505352159, -46.868538606782117 ], [ -69.68037802602791, -46.874547086579753 ], [ -69.664237431119915, -46.24247795387214 ], [ -69.658593193062728, -46.004911162897919 ] ] ] } },
{ "type": "Feature", "properties": { "codigo_indec": "780210301" }, "geometry": { "type": "MultiPolygon", "coordinates": [ [ [ [ -69.238737643622358, -50.978672605067864 ], [ -69.241906497738682, -50.97948857524193 ], [ -69.245996055365296, -50.979363178851358 ], [ -69.248842017169665, -50.978345894023832 ], [ -69.24883661230885, -50.977334648096068 ], [ -69.247581813876351, -50.976326056609636 ], [ -69.244556824045205, -50.975770618711685 ], [ -69.242589107900784, -50.974538739766508 ], [ -69.240987381484217, -50.974542055034554 ], [ -69.239387988531149, -50.974999285960948 ], [ -69.238690007273007, -50.977018734942433 ], [ -69.238737643622358, -50.978672605067864 ] ] ], [ [ [ -69.034198192056877, -51.57673497596015 ], [ -69.030865655532182, -51.576219088843018 ], [ -69.026903078521769, -51.577339071623548 ], [ -69.023655075960107, -51.579811473973677 ], [ -69.02654506815233, -51.581837651513325 ], [ -69.031954434081058, -51.580933008932377 ], [ -69.034834728780368, -51.57913458782847 ], [ -69.034198192056877, -51.57673497596015 ] ] ], [ [ [ -69.940290455444384, -50.752964637975765 ], [ -69.604245588399294, -50.758821656235227 ], [ -69.140471879380286, -50.765120571770062 ], [ -69.136665994989897, -50.786959994074316 ], [ -69.133113007194737, -50.799184958584981 ], [ -69.132193936768019, -50.81781163545687 ], [ -69.132285808630414, -50.83023907341353 ], [ -69.130592175722541, -50.842587594013082 ], [ -69.12971083598994, -50.854993592872425 ], [ -69.129685471495847, -50.861209602781329 ], [ -69.130588068546416, -50.866543638375219 ], [ -69.130589087044527, -50.87961828967169 ], [ -69.133224444112756, -50.898173267821235 ], [ -69.137860273600552, -50.903642224550218 ], [ -69.149748236628213, -50.913542505750215 ], [ -69.156201621781705, -50.918230824572952 ], [ -69.163578582772132, -50.922306239339761 ], [ -69.168215316439486, -50.92341429173478 ], [ -69.173620396018705, -50.922642312789407 ], [ -69.167491784273068, -50.920943348093566 ], [ -69.164158673890569, -50.918422162572583 ], [ -69.163206535099761, -50.915555993757607 ], [ -69.163550090382387, -50.913164427542725 ], [ -69.17178910869228, -50.916788664450756 ], [ -69.177450037651084, -50.921814059474627 ], [ -69.183786701886149, -50.926563949497073 ], [ -69.204603018769362, -50.939729705966016 ], [ -69.212214685762049, -50.94367577992098 ], [ -69.21830911966525, -50.948482650980999 ], [ -69.223610230166074, -50.960454942664001 ], [ -69.225006322171211, -50.966600719832975 ], [ -69.225106241096526, -50.973283822097727 ], [ -69.226782027336725, -50.976071651937772 ], [ -69.228987509636269, -50.976503313863709 ], [ -69.227253081129575, -50.971940310293327 ], [ -69.225997025497037, -50.961744761809904 ], [ -69.227040306948183, -50.959688756994026 ], [ -69.233411213582642, -50.959289673437183 ], [ -69.24310770009491, -50.960694647831424 ], [ -69.250648123021136, -50.964705772851829 ], [ -69.258908311773382, -50.967995698482625 ], [ -69.272924839037955, -50.976746011043588 ], [ -69.281146451411516, -50.980106362004371 ], [ -69.296577694392454, -50.987812188388304 ], [ -69.303463987560534, -50.992239537173788 ], [ -69.309574379705793, -50.997068543928535 ], [ -69.316292973195672, -51.001589959826141 ], [ -69.321500648516462, -51.006852245854859 ], [ -69.327671894318357, -51.011689119017802 ], [ -69.334637884391938, -51.023314507399057 ], [ -69.351144371780507, -51.038655054015493 ], [ -69.358306075366585, -51.042934494709385 ], [ -69.364141457207566, -51.047936743916566 ], [ -69.37110328638002, -51.052305907577214 ], [ -69.37683451128747, -51.057339309437559 ], [ -69.383841775151964, -51.061712058155273 ], [ -69.389419377233267, -51.066835230473082 ], [ -69.393515237219646, -51.072479988889405 ], [ -69.395208011414169, -51.078582189247477 ], [ -69.398352093569102, -51.082459184839685 ], [ -69.406768847209378, -51.086992029381044 ], [ -69.410148754056863, -51.087906069282688 ], [ -69.413809346088826, -51.087470695962388 ], [ -69.419052074501309, -51.085627291893985 ], [ -69.422259043897839, -51.085166312083956 ], [ -69.433006521827252, -51.089846132509351 ], [ -69.431972069804104, -51.090649963798704 ], [ -69.42259618019024, -51.088490957454006 ], [ -69.414203928940424, -51.092498539812027 ], [ -69.404858576416615, -51.092967230602817 ], [ -69.389782274648624, -51.084986962006347 ], [ -69.380358616697038, -51.083148326665992 ], [ -69.379537140144961, -51.076935226774879 ], [ -69.376233091411478, -51.071125639716712 ], [ -69.369587101063303, -51.066526578513738 ], [ -69.361733130155059, -51.062793810737048 ], [ -69.350259335368563, -51.056001724916392 ], [ -69.321972592554644, -51.041058188865506 ], [ -69.310672050684332, -51.032383049427942 ], [ -69.300133140575468, -51.023466648925186 ], [ -69.28538831471586, -51.016438316352534 ], [ -69.26869506402322, -51.011727258862415 ], [ -69.223957704390671, -50.991277402816912 ], [ -69.208444971347106, -50.985202623742659 ], [ -69.206652859614721, -50.981700120574878 ], [ -69.208751572750884, -50.976563700002828 ], [ -69.205913038545646, -50.975409163038719 ], [ -69.199856453935112, -50.974970234253547 ], [ -69.187798838642067, -50.978073450387249 ], [ -69.177091571246834, -50.978153095215305 ], [ -69.170555833690543, -50.981034787430637 ], [ -69.166786663674742, -50.984235796896208 ], [ -69.160049948157905, -50.992263344754143 ], [ -69.156893812010452, -51.002443076758937 ], [ -69.153131163321177, -51.025742772179278 ], [ -69.150296545545913, -51.037319610591304 ], [ -69.144042206222366, -51.052550086227782 ], [ -69.141825958241327, -51.060022507405854 ], [ -69.1400710256747, -51.071683106199195 ], [ -69.134263026438703, -51.094710185912973 ], [ -69.126545844499816, -51.117590651211344 ], [ -69.123116699459786, -51.129095374898654 ], [ -69.12035753977122, -51.140644230617234 ], [ -69.111646306141495, -51.16340319845979 ], [ -69.101220206799809, -51.185843825857319 ], [ -69.094999679015459, -51.19683761760605 ], [ -69.087824218422824, -51.207625040162718 ], [ -69.082632141069709, -51.218878023825305 ], [ -69.074209809497532, -51.241647167437968 ], [ -69.071227625998148, -51.253208259720424 ], [ -69.062083852263726, -51.275842003502547 ], [ -69.058623292493934, -51.287326556508006 ], [ -69.053644165865592, -51.298276877396184 ], [ -69.046527085413672, -51.321074567914096 ], [ -69.036481984347787, -51.343405288766981 ], [ -69.033547116051793, -51.348390216634087 ], [ -69.028864752313254, -51.366129975550542 ], [ -69.020830569136848, -51.388890105905503 ], [ -69.016690139592896, -51.400256466192708 ], [ -69.011595415866708, -51.411510402880836 ], [ -69.007953851994415, -51.422984218843141 ], [ -69.003016234030454, -51.434269186679707 ], [ -68.994370974069753, -51.457022756479333 ], [ -68.96212680998363, -51.511880476794303 ], [ -68.956552417624664, -51.523055253019379 ], [ -68.947593436262878, -51.545674588129877 ], [ -68.946112843914548, -51.551291453379939 ], [ -68.947421048369151, -51.557664572896151 ], [ -68.953250776361216, -51.563877774396673 ], [ -68.957266646634878, -51.57196852971142 ], [ -68.971319912680457, -51.581634919139489 ], [ -68.977850368159281, -51.584081070111438 ], [ -68.981247971035387, -51.584189518084038 ], [ -68.982500443181465, -51.581861818627544 ], [ -68.98320904120483, -51.57727354371756 ], [ -68.986874452031898, -51.572398012215501 ], [ -68.99332268782976, -51.566587798623623 ], [ -69.001240189672231, -51.563329820761865 ], [ -69.015198995543571, -51.561715490865012 ], [ -69.033779675274474, -51.56188238631524 ], [ -69.051405611048239, -51.565664445613727 ], [ -69.0600299457152, -51.568590448623929 ], [ -69.077257638412306, -51.581379309514439 ], [ -69.087461611705123, -51.591196034417393 ], [ -69.102213827264904, -51.598302602889078 ], [ -69.119117540311279, -51.602578428885906 ], [ -69.12570146673184, -51.604742160224745 ], [ -69.129675906751189, -51.606535432222415 ], [ -69.129320569062685, -51.607209922049442 ], [ -69.130812808505794, -51.607855402747738 ], [ -69.150274655283894, -51.604564976212231 ], [ -69.167035128667735, -51.599410187936655 ], [ -69.182906947033217, -51.596703616692487 ], [ -69.200566599118375, -51.591614530004023 ], [ -69.211464927945613, -51.587779994442215 ], [ -69.229369736098405, -51.583989383295659 ], [ -69.240890598998078, -51.579328485149937 ], [ -69.244997428818323, -51.577140387719787 ], [ -69.249347167708123, -51.573284348955852 ], [ -69.254336237508781, -51.571053597929144 ], [ -69.263826790979834, -51.569190098892449 ], [ -69.270226653268068, -51.566721800680448 ], [ -69.282136441534149, -51.563952417408402 ], [ -69.291455565049574, -51.559929956417093 ], [ -69.303393461735496, -51.559135715522686 ], [ -69.315618733296859, -51.554609436108905 ], [ -69.333758129956209, -51.552833535749322 ], [ -69.350701262432594, -51.553629003943101 ], [ -69.358160618334807, -51.555687216495052 ], [ -69.36423976634191, -51.555457285243548 ], [ -69.37073888499927, -51.557234550401887 ], [ -69.389500046393309, -51.558746696339846 ], [ -69.401811019114319, -51.562880156921743 ], [ -69.416181267065966, -51.570380065199011 ], [ -69.427728870980744, -51.572886668846941 ], [ -69.429030214653991, -51.572459479492025 ], [ -69.42771798967415, -51.571727246640208 ], [ -69.424367527631418, -51.571276522936337 ], [ -69.423880734721578, -51.570500813341027 ], [ -69.425818522982368, -51.569887103410515 ], [ -69.431424888211495, -51.570208175746608 ], [ -69.432178320271831, -51.571710907116447 ], [ -69.43500785114071, -51.572352089535826 ], [ -69.437422304009004, -51.571817313147825 ], [ -69.439968331577788, -51.574459279686238 ], [ -69.442547433186419, -51.574534970079512 ], [ -69.444858805214551, -51.575258760425761 ], [ -69.44858432298841, -51.577491599676023 ], [ -69.450981823694889, -51.578147529660839 ], [ -69.453141276887322, -51.577343767850387 ], [ -69.45700103356323, -51.577800676877395 ], [ -69.46857090551579, -51.581368264838773 ], [ -69.473609335729222, -51.581361525026075 ], [ -69.47750879465957, -51.58348938180449 ], [ -69.481308712984614, -51.584696239644678 ], [ -69.483384319449868, -51.584849495611032 ], [ -69.488131335678446, -51.586223001991776 ], [ -69.490701057681719, -51.586028032011129 ], [ -69.495807424186395, -51.5865818107319 ], [ -69.499445145638617, -51.588719032445404 ], [ -69.500725160297108, -51.589980897245162 ], [ -69.502669949283145, -51.590673654698087 ], [ -69.507812850731838, -51.590885208593946 ], [ -69.51197106640609, -51.592709700776624 ], [ -69.516626511198183, -51.593812812833598 ], [ -69.521671507990192, -51.597408198668283 ], [ -69.524012635711429, -51.600193059599206 ], [ -69.5263229589427, -51.600600669082098 ], [ -69.52863330186743, -51.5997633862548 ], [ -69.531113514465972, -51.599576924067875 ], [ -69.533626335349624, -51.600019425848345 ], [ -69.535883502689586, -51.60080908171193 ], [ -69.538901946711192, -51.603415284894815 ], [ -69.541242285627732, -51.603894367739997 ], [ -69.555791047916458, -51.609763006330979 ], [ -69.562824936597607, -51.611522614421979 ], [ -69.565190217913894, -51.613084161699277 ], [ -69.564767675047392, -51.614807407621178 ], [ -69.563837918182017, -51.614924227064158 ], [ -69.570518194396612, -51.621785790148131 ], [ -69.581155267783558, -51.631296898662306 ], [ -69.595981689927257, -51.641028526305938 ], [ -69.635568365782305, -51.660028357835181 ], [ -69.644770832535897, -51.678124974207783 ], [ -69.653072534178762, -51.690401636576553 ], [ -69.663521754997561, -51.698621005320931 ], [ -69.676093938663868, -51.704643170483976 ], [ -69.689429069938726, -51.705671198921813 ], [ -69.707417103938525, -51.704926126079634 ], [ -69.725270120296642, -51.701653507445442 ], [ -69.738982827455388, -51.69698417945731 ], [ -69.747719857149534, -51.695293081338832 ], [ -69.765936404151304, -51.694888113196178 ], [ -69.79423150271316, -51.695419275157214 ], [ -69.811268064962434, -51.701028242638806 ], [ -69.83917840284488, -51.708278792077778 ], [ -69.875487350526456, -51.711829278689464 ], [ -69.916897522385923, -51.722820409689703 ], [ -69.94087479372466, -51.728266386652727 ], [ -69.961867093048824, -51.730738926399468 ], [ -69.95589146903859, -51.453112947553144 ], [ -70.096825345057269, -51.451888168615213 ], [ -70.096290534428434, -51.362087688956969 ], [ -69.877617815836885, -51.364127567765017 ], [ -69.877097646238695, -51.333884842572274 ], [ -69.950119539783273, -51.333328768459225 ], [ -69.948932270832884, -51.274579251785497 ], [ -70.021886031391418, -51.273601163319761 ], [ -70.020912949620808, -51.251676967657566 ], [ -69.951102431360169, -51.252148159903875 ], [ -69.944781235339832, -51.09608023599187 ], [ -69.876367518685413, -51.09707599604738 ], [ -69.877357095441411, -51.07940071833896 ], [ -69.944552001597614, -51.078697314787334 ], [ -69.939669370200676, -50.921673686863222 ], [ -69.943259826307013, -50.921644736308494 ], [ -69.94614232603557, -50.878108670441627 ], [ -69.948531715480243, -50.87787353366727 ], [ -69.942821238996459, -50.831808806802812 ], [ -69.944015568068806, -50.831907023212601 ], [ -69.940290455444384, -50.752964637975765 ] ] ] ] } },
{ "type": "Feature", "properties": { "codigo_indec": "780211204" }, "geometry": { "type": "Polygon", "coordinates": [ [ [ -69.202786508816743, -51.637269591936096 ], [ -69.200180989810761, -51.638469457214995 ], [ -69.202301641952445, -51.640294866732113 ], [ -69.202950328226081, -51.639992651874742 ], [ -69.20376961407004, -51.640692291511726 ], [ -69.205719266223539, -51.639790099523481 ], [ -69.202786508816743, -51.637269591936096 ] ] ] } },
{ "type": "Feature", "properties": { "codigo_indec": "780350603" }, "geometry": { "type": "Polygon", "coordinates": [ [ [ -70.92151590831476, -46.599315507735596 ], [ -70.923129578403532, -46.599459309077332 ], [ -70.924883219814959, -46.588724469301361 ], [ -70.929865026104608, -46.589103807100884 ], [ -70.930220992347543, -46.587001710172935 ], [ -70.921994510877099, -46.586371098656002 ], [ -70.92176895694692, -46.588479974276225 ], [ -70.92014631245867, -46.588349798865124 ], [ -70.919829549204337, -46.590464699295943 ], [ -70.922986304034836, -46.590708532782322 ], [ -70.92151590831476, -46.599315507735596 ] ] ] } },
{ "type": "Feature", "properties": { "codigo_indec": "780140217" }, "geometry": { "type": "Polygon", "coordinates": [ [ [ -67.545869899769414, -46.441557782991595 ], [ -67.551389835445661, -46.446382329243171 ], [ -67.551311010815468, -46.445796578897813 ], [ -67.552882217666934, -46.445807477871277 ], [ -67.552959623948098, -46.442884698086239 ], [ -67.551355977617931, -46.442873389104378 ], [ -67.55137646519367, -46.44160968450965 ], [ -67.545869899769414, -46.441557782991595 ] ] ] } },
{ "type": "Feature", "properties": { "codigo_indec": "780141105" }, "geometry": { "type": "Polygon", "coordinates": [ [ [ -67.520568117346684, -46.443374315367457 ], [ -67.51328141158362, -46.442258738000106 ], [ -67.511977277808654, -46.443555218344159 ], [ -67.51692703998016, -46.444109816807021 ], [ -67.51678582236589, -46.445237006878592 ], [ -67.519574783763488, -46.447855054668189 ], [ -67.520568117346684, -46.443374315367457 ] ] ] } },
{ "type": "Feature", "properties": { "codigo_indec": "780140505" }, "geometry": { "type": "Polygon", "coordinates": [ [ [ -65.899098183937127, -47.73803258965642 ], [ -65.896884387574275, -47.73753192742339 ], [ -65.872162576472164, -47.736909634376552 ], [ -65.871946655871128, -47.73789772127531 ], [ -65.872552364122058, -47.741251490311711 ], [ -65.874273285306401, -47.742854600413764 ], [ -65.880024131942008, -47.74408616949944 ], [ -65.893170648428494, -47.744362196216862 ], [ -65.893114367187565, -47.741612622473632 ], [ -65.895473487978762, -47.741802458047907 ], [ -65.896886097828542, -47.741314476456409 ], [ -65.897199825969693, -47.741813207957406 ], [ -65.90180500044282, -47.741852284936833 ], [ -65.899098183937127, -47.73803258965642 ] ] ] } },
{ "type": "Feature", "properties": { "codigo_indec": "780140805" }, "geometry": { "type": "Polygon", "coordinates": [ [ [ -68.946009333028982, -46.542278899326782 ], [ -68.946803670869187, -46.546574806108481 ], [ -68.949851620386184, -46.54631080439767 ], [ -68.949131997352566, -46.542028445672358 ], [ -68.946009333028982, -46.542278899326782 ] ] ] } },
{ "type": "Feature", "properties": { "codigo_indec": "780140804" }, "geometry": { "type": "Polygon", "coordinates": [ [ [ -68.938326422908773, -46.542886735501561 ], [ -68.939041912578816, -46.547200644974133 ], [ -68.946803670869187, -46.546574806108481 ], [ -68.946009333028982, -46.542278899326782 ], [ -68.938326422908773, -46.542886735501561 ] ] ] } },
{ "type": "Feature", "properties": { "codigo_indec": "780141202" }, "geometry": { "type": "Polygon", "coordinates": [ [ [ -65.895228602886291, -47.745636797454949 ], [ -65.892309893161112, -47.745602701577965 ], [ -65.891505178510343, -47.745846247395356 ], [ -65.893821257556979, -47.749057351016717 ], [ -65.896749276810411, -47.748097685346174 ], [ -65.896211600559027, -47.747327531481162 ], [ -65.89501663880182, -47.747349149136348 ], [ -65.895228602886291, -47.745636797454949 ] ] ] } },
{ "type": "Feature", "properties": { "codigo_indec": "780140211" }, "geometry": { "type": "Polygon", "coordinates": [ [ [ -67.542099210874014, -46.455215447758647 ], [ -67.542971211075781, -46.455707857067814 ], [ -67.543369347272844, -46.455177657397009 ], [ -67.552431519774544, -46.458396413028076 ], [ -67.551520630806365, -46.459365459956175 ], [ -67.551202931717157, -46.460422982085824 ], [ -67.551625071292264, -46.460581264437245 ], [ -67.553023019922051, -46.458426389766466 ], [ -67.555794399700432, -46.456261863199963 ], [ -67.554522379310683, -46.456493185363527 ], [ -67.545775950392567, -46.453400058459067 ], [ -67.542099210874014, -46.455215447758647 ] ] ] } },
{ "type": "Feature", "properties": { "codigo_indec": "780140208" }, "geometry": { "type": "Polygon", "coordinates": [ [ [ -67.517111366290962, -46.463089640902943 ], [ -67.518707172475331, -46.463771542042672 ], [ -67.519577735228609, -46.465514576691724 ], [ -67.52077725399549, -46.481786135249891 ], [ -67.520338847160161, -46.482945462638099 ], [ -67.519362404065447, -46.483414117062509 ], [ -67.539569757387838, -46.483844898175477 ], [ -67.539352217146174, -46.479078668660449 ], [ -67.533318874244202, -46.466505800513417 ], [ -67.530848871537543, -46.463707775169496 ], [ -67.517111366290962, -46.463089640902943 ] ] ] } },
{ "type": "Feature", "properties": { "codigo_indec": "780211413" }, "geometry": { "type": "Polygon", "coordinates": [ [ [ -69.265438354808609, -51.621150624442897 ], [ -69.254331430365852, -51.62638822536411 ], [ -69.249138340964123, -51.628071118187421 ], [ -69.251816922056364, -51.63062697067717 ], [ -69.269635711634834, -51.622228604523514 ], [ -69.265438354808609, -51.621150624442897 ] ] ] } },
{ "type": "Feature", "properties": { "codigo_indec": "780211408" }, "geometry": { "type": "Polygon", "coordinates": [ [ [ -69.240112230017587, -51.62528568050476 ], [ -69.237666832578668, -51.626409656020364 ], [ -69.236418100967697, -51.625792008028938 ], [ -69.233504434084523, -51.627146031345795 ], [ -69.234403730849635, -51.627912709452517 ], [ -69.235898457936813, -51.627226631752421 ], [ -69.238357241200731, -51.629329340945887 ], [ -69.239973771081921, -51.627097036440972 ], [ -69.246330835006432, -51.628984824532537 ], [ -69.249592449314036, -51.627926346562987 ], [ -69.244723814995069, -51.62622888307213 ], [ -69.243664811720578, -51.62532779585316 ], [ -69.242444035946178, -51.625901058011394 ], [ -69.240112230017587, -51.62528568050476 ] ] ] } },
{ "type": "Feature", "properties": { "codigo_indec": "780211118" }, "geometry": { "type": "Polygon", "coordinates": [ [ [ -69.194396807283226, -51.632767342594157 ], [ -69.193204000162055, -51.633317575391672 ], [ -69.190684906392988, -51.634467654898096 ], [ -69.192783286795873, -51.636284285429909 ], [ -69.196509661619075, -51.634574895211721 ], [ -69.194396807283226, -51.632767342594157 ] ] ] } },
{ "type": "Feature", "properties": { "codigo_indec": "780211117" }, "geometry": { "type": "Polygon", "coordinates": [ [ [ -69.204552558301756, -51.625281108283112 ], [ -69.201525340625778, -51.626472752229958 ], [ -69.200673925226113, -51.629880642034614 ], [ -69.206687210184114, -51.627106418046381 ], [ -69.204552558301756, -51.625281108283112 ] ] ] } },
{ "type": "Feature", "properties": { "codigo_indec": "780211114" }, "geometry": { "type": "Polygon", "coordinates": [ [ [ -69.216039078502035, -51.631179100209089 ], [ -69.218975786419122, -51.633699272305861 ], [ -69.22451301977236, -51.631158710210677 ], [ -69.222901301885855, -51.629400143264611 ], [ -69.219983325056134, -51.630740356045571 ], [ -69.218939169370401, -51.629843512965813 ], [ -69.216039078502035, -51.631179100209089 ] ] ] } },
{ "type": "Feature", "properties": { "codigo_indec": "780211112" }, "geometry": { "type": "Polygon", "coordinates": [ [ [ -69.201842852736803, -51.632125624093469 ], [ -69.200430337283635, -51.632775175199164 ], [ -69.20253976063043, -51.63456914341797 ], [ -69.200799204727431, -51.635358576981481 ], [ -69.201908247030431, -51.636282432616049 ], [ -69.203623522540326, -51.63548853262035 ], [ -69.204689232987349, -51.636398955236302 ], [ -69.207269320074985, -51.635217010115589 ], [ -69.204140968917017, -51.632512626826745 ], [ -69.202937474586577, -51.633067471145822 ], [ -69.201842852736803, -51.632125624093469 ] ] ] } },
{ "type": "Feature", "properties": { "codigo_indec": "780211106" }, "geometry": { "type": "Polygon", "coordinates": [ [ [ -69.213382011589005, -51.621243284833547 ], [ -69.207546327687382, -51.623914179977383 ], [ -69.211801410365098, -51.627551196045282 ], [ -69.217622869529464, -51.624880117596739 ], [ -69.213382011589005, -51.621243284833547 ] ] ] } },
{ "type": "Feature", "properties": { "codigo_indec": "780211104" }, "geometry": { "type": "Polygon", "coordinates": [ [ [ -69.208611844707306, -51.624824569011665 ], [ -69.207116804392285, -51.625514793938457 ], [ -69.20604765030312, -51.624595409883888 ], [ -69.204552558301756, -51.625281108283112 ], [ -69.208800371238382, -51.628931726761422 ], [ -69.211801410365098, -51.627551196045282 ], [ -69.208611844707306, -51.624824569011665 ] ] ] } },
{ "type": "Feature", "properties": { "codigo_indec": "780211122" }, "geometry": { "type": "Polygon", "coordinates": [ [ [ -69.200430337283635, -51.632775175199164 ], [ -69.19721596088354, -51.634245651472675 ], [ -69.192783286795873, -51.636284285429909 ], [ -69.193885081964325, -51.637235192295002 ], [ -69.197611454042672, -51.635516779484533 ], [ -69.199771250961916, -51.637265772164874 ], [ -69.201908247030431, -51.636282432616049 ], [ -69.200799204727431, -51.635358576981481 ], [ -69.20253976063043, -51.63456914341797 ], [ -69.200430337283635, -51.632775175199164 ] ] ] } },
{ "type": "Feature", "properties": { "codigo_indec": "780211014" }, "geometry": { "type": "Polygon", "coordinates": [ [ [ -69.234161046484559, -51.620044237044951 ], [ -69.229835872620853, -51.622039122506685 ], [ -69.228341201500484, -51.62272062960956 ], [ -69.230469443225559, -51.624541026878127 ], [ -69.233386713167477, -51.623200552988585 ], [ -69.234430977220171, -51.624092774513684 ], [ -69.238450086034405, -51.622246643787904 ], [ -69.236184267467067, -51.621779355405614 ], [ -69.234161046484559, -51.620044237044951 ] ] ] } },
{ "type": "Feature", "properties": { "codigo_indec": "780211007" }, "geometry": { "type": "Polygon", "coordinates": [ [ [ -69.229915688418458, -51.616403512821378 ], [ -69.225579822630166, -51.618393769814574 ], [ -69.224096102349492, -51.619088684248545 ], [ -69.226227636178834, -51.620913646986551 ], [ -69.232054594073858, -51.618237344221754 ], [ -69.229915688418458, -51.616403512821378 ] ] ] } },
{ "type": "Feature", "properties": { "codigo_indec": "780211005" }, "geometry": { "type": "Polygon", "coordinates": [ [ [ -69.225100227906054, -51.619949607919018 ], [ -69.222000965639893, -51.617290577450113 ], [ -69.217635834490338, -51.619289583768442 ], [ -69.220767532311569, -51.621962149423936 ], [ -69.225100227906054, -51.619949607919018 ] ] ] } },
{ "type": "Feature", "properties": { "codigo_indec": "780210902" }, "geometry": { "type": "Polygon", "coordinates": [ [ [ -72.205845001826745, -51.582146177108129 ], [ -72.20552099567054, -51.588098220788758 ], [ -72.206284076186762, -51.588122314370445 ], [ -72.207360585723791, -51.591671372926413 ], [ -72.208625016034844, -51.590616280558649 ], [ -72.209361497581014, -51.59082540204605 ], [ -72.214108987625849, -51.586563908808266 ], [ -72.219834581543338, -51.586654087660406 ], [ -72.217762709151202, -51.583123460967258 ], [ -72.215325954678391, -51.58310488891474 ], [ -72.215354685351798, -51.582285899511533 ], [ -72.205845001826745, -51.582146177108129 ] ] ] } },
{ "type": "Feature", "properties": { "codigo_indec": "780211121" }, "geometry": { "type": "Polygon", "coordinates": [ [ [ -69.208056582565774, -51.632078827272636 ], [ -69.20517406237299, -51.633409620257368 ], [ -69.207269320074985, -51.635217010115589 ], [ -69.210151893214757, -51.633886166049869 ], [ -69.208056582565774, -51.632078827272636 ] ] ] } },
{ "type": "Feature", "properties": { "codigo_indec": "780210405" }, "geometry": { "type": "Polygon", "coordinates": [ [ [ -69.273837081775284, -51.637732090608772 ], [ -69.273908836653604, -51.661028623796071 ], [ -69.281292950976749, -51.660903316787049 ], [ -69.281374499811989, -51.6618198880211 ], [ -69.286175653507541, -51.661731891130081 ], [ -69.28608867834744, -51.659395246524845 ], [ -69.287056845267671, -51.659383896395155 ], [ -69.286498990472396, -51.643678862162638 ], [ -69.28716577254238, -51.642320055156894 ], [ -69.273837081775284, -51.637732090608772 ] ] ] } },
{ "type": "Feature", "properties": { "codigo_indec": "780210402" }, "geometry": { "type": "Polygon", "coordinates": [ [ [ -69.296310077053491, -51.619607241537928 ], [ -69.296475398652547, -51.627251091393546 ], [ -69.325469506359354, -51.633299602281511 ], [ -69.32538946346763, -51.619588676699053 ], [ -69.296310077053491, -51.619607241537928 ] ] ] } },
{ "type": "Feature", "properties": { "codigo_indec": "780141124" }, "geometry": { "type": "Polygon", "coordinates": [ [ [ -67.518549800034279, -46.446897180357205 ], [ -67.514927792918925, -46.448716905310469 ], [ -67.517534966811226, -46.451202195577274 ], [ -67.5163359287275, -46.4517399092815 ], [ -67.518139620969791, -46.452662915878712 ], [ -67.518273560135839, -46.453483303629639 ], [ -67.519574783763488, -46.447855054668189 ], [ -67.518549800034279, -46.446897180357205 ] ] ] } },
{ "type": "Feature", "properties": { "codigo_indec": "780140109" }, "geometry": { "type": "Polygon", "coordinates": [ [ [ -68.928235106443537, -46.548093963723069 ], [ -68.914529703258452, -46.549209029387562 ], [ -68.913854824675539, -46.549280490173153 ], [ -68.917087168706558, -46.552287500646024 ], [ -68.92880134899832, -46.551305845240051 ], [ -68.928235106443537, -46.548093963723069 ] ] ] } },
{ "type": "Feature", "properties": { "codigo_indec": "780140106" }, "geometry": { "type": "Polygon", "coordinates": [ [ [ -68.92880134899832, -46.551305845240051 ], [ -68.917087168706558, -46.552287500646024 ], [ -68.920359155370818, -46.555181997437728 ], [ -68.920965046790684, -46.562253164956509 ], [ -68.923152953862498, -46.5621826887648 ], [ -68.923374249821705, -46.564796132838865 ], [ -68.940135677296524, -46.563357799641729 ], [ -68.938875918288758, -46.555692660532053 ], [ -68.929697726465946, -46.556420551318951 ], [ -68.92880134899832, -46.551305845240051 ] ] ] } },
{ "type": "Feature", "properties": { "codigo_indec": "780490103" }, "geometry": { "type": "Polygon", "coordinates": [ [ [ -71.746068341629353, -47.562419108716028 ], [ -71.733986957277324, -47.562716934071041 ], [ -71.734257184808541, -47.567842238302234 ], [ -71.735385901537668, -47.569735776176735 ], [ -71.74641900301684, -47.569440445904618 ], [ -71.746068341629353, -47.562419108716028 ] ] ] } },
{ "type": "Feature", "properties": { "codigo_indec": "780141109" }, "geometry": { "type": "Polygon", "coordinates": [ [ [ -67.522758015294016, -46.447333961601288 ], [ -67.527220324076183, -46.451624225762508 ], [ -67.530773214324185, -46.449825714805861 ], [ -67.528025046686196, -46.447239953665168 ], [ -67.526903653386327, -46.447801268289993 ], [ -67.525146137947829, -46.44613231149107 ], [ -67.522758015294016, -46.447333961601288 ] ] ] } },
{ "type": "Feature", "properties": { "codigo_indec": "780350101" }, "geometry": { "type": "Polygon", "coordinates": [ [ [ -71.644643688118819, -45.999492650747079 ], [ -71.439391276007925, -45.998275771937315 ], [ -70.70278096338248, -45.995953049405806 ], [ -70.617565373877966, -45.996188094691618 ], [ -70.46605460181604, -45.997562269825778 ], [ -70.468325523949488, -46.026304959145442 ], [ -70.487056608165901, -46.024627742175014 ], [ -70.486910824911078, -46.047602949189489 ], [ -70.43750994537136, -46.051248991737275 ], [ -70.441573759405443, -46.137836016920886 ], [ -70.543457044702677, -46.136096126427461 ], [ -70.547146448118667, -46.225926661595892 ], [ -70.604806519384269, -46.224483881137004 ], [ -70.612136412643949, -46.404826136082292 ], [ -70.675280485990015, -46.399923978592994 ], [ -70.743127508876938, -46.402904024401394 ], [ -71.009939307258179, -46.398326489324958 ], [ -71.010498862089946, -46.412314999057322 ], [ -71.062275226633503, -46.412229335565669 ], [ -71.067240711499636, -46.403975433884185 ], [ -71.066303834357683, -46.394492182677197 ], [ -71.067602452464115, -46.393330656716337 ], [ -71.089101710767338, -46.393079208134765 ], [ -71.095072619893202, -46.3850890703091 ], [ -71.113036837480834, -46.369203566174171 ], [ -71.165046784235003, -46.349013786335043 ], [ -71.184324817183978, -46.339762945205436 ], [ -71.203162871822698, -46.331439451458493 ], [ -71.221997956555484, -46.324705274673583 ], [ -71.249925822582796, -46.312949183753688 ], [ -71.275095523811089, -46.299212433362428 ], [ -71.287997831542611, -46.293300488454861 ], [ -71.314645602388964, -46.283744758853814 ], [ -71.335626557453665, -46.279660736468315 ], [ -71.356855768823465, -46.270925462753695 ], [ -71.380577639399078, -46.263443329690737 ], [ -71.400662234192325, -46.261025876275411 ], [ -71.408735302668632, -46.253816081566335 ], [ -71.423512403240167, -46.245986884581043 ], [ -71.433761056434378, -46.241617072696826 ], [ -71.476598600011414, -46.225483128471041 ], [ -71.506098087223421, -46.219572291106232 ], [ -71.571107273614714, -46.203867918730381 ], [ -71.590379829375252, -46.202658839425915 ], [ -71.626957341383061, -46.19265586469092 ], [ -71.644970447035902, -46.172600128198987 ], [ -71.65443424573877, -46.154314904097056 ], [ -71.657641546771885, -46.149409004176057 ], [ -71.670983507692426, -46.135750918311615 ], [ -71.676963395345922, -46.127027878351591 ], [ -71.678651310448544, -46.123812395010752 ], [ -71.676411670698613, -46.117845949071203 ], [ -71.672745386018178, -46.111926341612602 ], [ -71.674683791110709, -46.106005965266668 ], [ -71.689995201070644, -46.085277277588645 ], [ -71.695250663919069, -46.071801857938269 ], [ -71.699509157417694, -46.063505020762662 ], [ -71.680337652743603, -46.051873555518618 ], [ -71.676923607455976, -46.048611233036212 ], [ -71.672520295392289, -46.043113707686707 ], [ -71.669064652723634, -46.041781982791576 ], [ -71.668223155001414, -46.040807473646353 ], [ -71.668299923334416, -46.03723835910364 ], [ -71.667630884449281, -46.034410926008192 ], [ -71.668304365876125, -46.031295715312424 ], [ -71.66776024089836, -46.028847736526586 ], [ -71.665349857630559, -46.026870682135772 ], [ -71.658846170270962, -46.023832822571606 ], [ -71.658027058673355, -46.020756905264697 ], [ -71.656927434756, -46.019707344443525 ], [ -71.652303838092607, -46.017610534771563 ], [ -71.650901481566564, -46.015965143242973 ], [ -71.649410239859762, -46.0137414862862 ], [ -71.64873685484767, -46.011674287220423 ], [ -71.649401936290175, -46.008635849422049 ], [ -71.649359563331458, -46.005586828549077 ], [ -71.647782653256513, -46.001628701029617 ], [ -71.644643688118819, -45.999492650747079 ] ] ] } },
{ "type": "Feature", "properties": { "codigo_indec": "780210201" }, "geometry": { "type": "Polygon", "coordinates": [ [ [ -70.3636890203626, -50.743909374938177 ], [ -69.940290455444384, -50.752964637975765 ], [ -69.944015568068806, -50.831907023212601 ], [ -69.942821238996459, -50.831808806802812 ], [ -69.948531715480243, -50.87787353366727 ], [ -69.94614232603557, -50.878108670441627 ], [ -69.943259826307013, -50.921644736308494 ], [ -69.939669370200676, -50.921673686863222 ], [ -69.944552001597614, -51.078697314787334 ], [ -69.877357095441411, -51.07940071833896 ], [ -69.876367518685413, -51.09707599604738 ], [ -69.944781235339832, -51.09608023599187 ], [ -69.951102431360169, -51.252148159903875 ], [ -70.020912949620808, -51.251676967657566 ], [ -70.021886031391418, -51.273601163319761 ], [ -69.948932270832884, -51.274579251785497 ], [ -69.950119539783273, -51.333328768459225 ], [ -69.877097646238695, -51.333884842572274 ], [ -69.877617815836885, -51.364127567765017 ], [ -70.096290534428434, -51.362087688956969 ], [ -70.096825345057269, -51.451888168615213 ], [ -69.95589146903859, -51.453112947553144 ], [ -69.958114528765563, -51.564541966772126 ], [ -70.03250012548925, -51.560657272219721 ], [ -70.099848668603926, -51.519296243242053 ], [ -70.100015546989084, -51.542215242841671 ], [ -70.24270026397744, -51.54273219666117 ], [ -70.240196024429295, -51.451358042178903 ], [ -70.384383537261868, -51.448040631643146 ], [ -70.389038527949012, -51.538326827701198 ], [ -70.817714805848951, -51.531954971820667 ], [ -70.824854007229177, -51.666634407988816 ], [ -71.112444354083181, -51.659583048543702 ], [ -71.099724185145291, -51.437898418442984 ], [ -70.957146409397183, -51.438321157327024 ], [ -70.885740201329284, -51.42852489802717 ], [ -70.884166190388129, -51.412023331102468 ], [ -70.961374875185442, -51.40238717144117 ], [ -70.958512437604995, -51.349334209606361 ], [ -71.100393372700637, -51.346470878632267 ], [ -71.091652596629658, -51.165428897276399 ], [ -71.022480315447027, -51.167297480123068 ], [ -71.025313988962608, -51.257204666954934 ], [ -70.953692146324414, -51.259168429069511 ], [ -70.949075057897161, -51.169020414508516 ], [ -70.657259280541311, -51.175753438685824 ], [ -70.654963062530385, -51.132982633092602 ], [ -70.589024989908822, -51.133268054417776 ], [ -70.587282041709216, -51.087634261623087 ], [ -70.511750020350817, -51.089156920810417 ], [ -70.509456640090619, -50.997174664567083 ], [ -70.578002148163563, -50.996929510494631 ], [ -70.574337736526289, -50.909653275946155 ], [ -70.369936421705603, -50.913345649339369 ], [ -70.3636890203626, -50.743909374938177 ] ] ] } },
{ "type": "Feature", "properties": { "codigo_indec": "780350402" }, "geometry": { "type": "Polygon", "coordinates": [ [ [ -71.667427450898188, -46.548460897888042 ], [ -71.670123012924918, -46.544534012674255 ], [ -71.670546967534221, -46.539423147720356 ], [ -71.672288639638595, -46.538185922264233 ], [ -71.672933661236257, -46.535989211530037 ], [ -71.672641225376026, -46.533949365220444 ], [ -71.673749247786702, -46.531692341697024 ], [ -71.673946739154687, -46.526888131274674 ], [ -71.669034792647054, -46.526796012291577 ], [ -71.665492931894065, -46.527665845940859 ], [ -71.663267187049698, -46.528729822902534 ], [ -71.654732984131826, -46.527466426464358 ], [ -71.648076730652278, -46.527958185959214 ], [ -71.637879863544455, -46.529426460539923 ], [ -71.632094517229163, -46.531021736568199 ], [ -71.628844728952217, -46.531208974944384 ], [ -71.618525402556926, -46.533474514672044 ], [ -71.612205167886955, -46.537662994542167 ], [ -71.6107651436173, -46.538150209617768 ], [ -71.610148239481092, -46.538946982826332 ], [ -71.610261578360451, -46.541310443660031 ], [ -71.606879180274959, -46.545548452851151 ], [ -71.604027158524005, -46.547187821267329 ], [ -71.601406454089258, -46.550396218360788 ], [ -71.599335736101807, -46.551338459796092 ], [ -71.598401915643976, -46.552263823868593 ], [ -71.597979691364273, -46.553730830905792 ], [ -71.595316820584387, -46.555932450001045 ], [ -71.592276392804905, -46.557125979853303 ], [ -71.594264541111386, -46.557863562210535 ], [ -71.600119688530583, -46.557510128203134 ], [ -71.605735226665132, -46.555695448751578 ], [ -71.610517920338481, -46.553449695269784 ], [ -71.627196635366545, -46.557898653293528 ], [ -71.627494217155075, -46.563181676173848 ], [ -71.629528862170204, -46.572351660208447 ], [ -71.628823352990537, -46.57799510067526 ], [ -71.634403567134171, -46.588887161070659 ], [ -71.6389232880815, -46.594626037572979 ], [ -71.640004701904502, -46.596737697636307 ], [ -71.640287990797418, -46.599209642425329 ], [ -71.638268399396182, -46.604654056361603 ], [ -71.638339124597081, -46.606109826899072 ], [ -71.639844423333898, -46.60686675436591 ], [ -71.640968937575678, -46.60650342170927 ], [ -71.641467891044343, -46.603343184600647 ], [ -71.642374696517962, -46.601860327863356 ], [ -71.6432531001565, -46.596442228694549 ], [ -71.642594846070281, -46.592971369101221 ], [ -71.640322907212635, -46.586501521167612 ], [ -71.640612178583879, -46.578960403639968 ], [ -71.639999972345166, -46.576496049151267 ], [ -71.639547303607728, -46.567172783497021 ], [ -71.640882404228933, -46.564447537997694 ], [ -71.641771426097606, -46.559254085069 ], [ -71.643198806053704, -46.558433907546359 ], [ -71.650167220791246, -46.560859028714603 ], [ -71.651037022820191, -46.558702221879635 ], [ -71.658767139850681, -46.560092561553148 ], [ -71.659019772922846, -46.55525562924818 ], [ -71.660155391899153, -46.55174310870126 ], [ -71.660210604438134, -46.549605181356455 ], [ -71.658862124890376, -46.545358769676618 ], [ -71.659581138907754, -46.540061157009085 ], [ -71.660910864187002, -46.540592486523742 ], [ -71.662125037296718, -46.542026131826468 ], [ -71.662990547515591, -46.546391716329971 ], [ -71.66385404619237, -46.547383691534598 ], [ -71.665363085712499, -46.548243656994693 ], [ -71.667427450898188, -46.548460897888042 ] ], [ [ -71.629695238612541, -46.540046364358091 ], [ -71.639239521450719, -46.543357487287182 ], [ -71.640876551949702, -46.543103766355948 ], [ -71.642471917215232, -46.545617375146421 ], [ -71.643344326686574, -46.547270533176039 ], [ -71.643451501520545, -46.548671491090111 ], [ -71.64036687095691, -46.552350329616665 ], [ -71.640110518065583, -46.553584256131195 ], [ -71.639249258120316, -46.55464772356315 ], [ -71.621483669880419, -46.550171475600422 ], [ -71.623789220455777, -46.545184067143708 ], [ -71.621038200580116, -46.544239582289158 ], [ -71.621976852838884, -46.542207364707401 ], [ -71.624750358697227, -46.543146812516014 ], [ -71.627471630757867, -46.538005834880508 ], [ -71.630254774354995, -46.538877454767473 ], [ -71.629695238612541, -46.540046364358091 ] ] ] } },
{ "type": "Feature", "properties": { "codigo_indec": "780070101" }, "geometry": { "type": "Polygon", "coordinates": [ [ [ -70.445454563716623, -49.20494381225474 ], [ -69.76044854233038, -49.208513894648497 ], [ -69.764140399136551, -49.318179565827805 ], [ -69.746019583453688, -49.318226027559852 ], [ -69.747261650116783, -49.386873222591916 ], [ -69.654897288411263, -49.385432714865772 ], [ -69.649647089876822, -49.390196360081411 ], [ -69.639086065258411, -49.403778409192007 ], [ -69.623723632403113, -49.419579364381569 ], [ -69.61774370099215, -49.42822975520172 ], [ -69.608652311081869, -49.445492022454012 ], [ -69.595770705424471, -49.46184698901142 ], [ -69.598435571936847, -49.486118874543578 ], [ -69.596386222693482, -49.511974987866196 ], [ -69.596517058123212, -49.520462087937808 ], [ -69.600198592104704, -49.526458212349901 ], [ -69.596533395300781, -49.538264711021483 ], [ -69.586194670760548, -49.554362411877733 ], [ -69.567112943884496, -49.572655698343063 ], [ -69.537806254756148, -49.587482674835172 ], [ -69.513034733642314, -49.597503369503436 ], [ -69.502398718766742, -49.593935582700418 ], [ -69.486660354749816, -49.604927048603969 ], [ -69.486499383668686, -49.636014451904572 ], [ -69.599964637489109, -49.634515525746927 ], [ -69.60173239166879, -49.717268887290274 ], [ -69.55958515192701, -49.717345303315042 ], [ -69.560702698156064, -49.767716067635433 ], [ -69.572242749382553, -49.773724002081281 ], [ -69.579102263238838, -49.775294795297448 ], [ -69.590901624663886, -49.780310576626952 ], [ -69.6134674774476, -49.785502420373966 ], [ -69.630861801386715, -49.788578313189902 ], [ -69.655761619014868, -49.787558975351565 ], [ -69.655645796272964, -49.717727014327721 ], [ -69.769915885142311, -49.716142714869122 ], [ -69.767760514574377, -49.659666108801908 ], [ -70.046507217745599, -49.655158024466246 ], [ -70.046523491103244, -49.655593952243827 ], [ -70.325915707359158, -49.651908656410598 ], [ -70.329444991415571, -49.745557720215416 ], [ -70.603752302498663, -49.741014530159383 ], [ -70.582284571597512, -49.203739004085683 ], [ -70.445454563716623, -49.20494381225474 ] ] ] } },
{ "type": "Feature", "properties": { "codigo_indec": "780490201" }, "geometry": { "type": "Polygon", "coordinates": [ [ [ -70.253735377046496, -47.851720558418997 ], [ -70.244629911279574, -47.851900589083463 ], [ -70.127100509226537, -47.969059576568583 ], [ -69.967854928358122, -48.126785560945571 ], [ -69.784188538107756, -48.307085590099327 ], [ -69.735908093006572, -48.321874678208005 ], [ -69.7400993251579, -48.485080492746562 ], [ -69.748228239321605, -48.776085455134215 ], [ -69.74993011442001, -48.824098479801108 ], [ -69.751600465460655, -48.910238615552352 ], [ -69.756829107449235, -49.100778875635456 ], [ -69.76044854233038, -49.208513894648497 ], [ -70.445454563716623, -49.20494381225474 ], [ -70.445222391068043, -49.196507614476523 ], [ -70.442471706001683, -49.196285732216865 ], [ -70.439891232817146, -49.111840862177843 ], [ -70.374953902615857, -49.112718090176415 ], [ -70.375540322869711, -49.019308304784353 ], [ -70.546550725498278, -49.0167649166698 ], [ -70.543716474485564, -48.93170678777463 ], [ -70.840179959600448, -48.924789281773961 ], [ -70.835025945913017, -48.836328081941403 ], [ -70.975832142593347, -48.833644843711447 ], [ -70.951658807969707, -48.291919885945539 ], [ -70.811851790113309, -48.294864730053014 ], [ -70.815457939845516, -48.382904416594997 ], [ -70.754821647275008, -48.38362519996106 ], [ -70.756337099826396, -48.431663036272745 ], [ -70.684123302246945, -48.432036867274547 ], [ -70.680154929173668, -48.297318840875207 ], [ -70.677492312185279, -48.297506111922942 ], [ -70.663264488789878, -48.300685176937954 ], [ -70.652804735992035, -48.295997479957101 ], [ -70.567776948305024, -48.297619969160301 ], [ -70.543591557600195, -48.279015860388007 ], [ -70.53786458019529, -48.117441030109759 ], [ -70.479363952890751, -48.118236101747506 ], [ -70.397524001166403, -48.029462478419383 ], [ -70.39600080289668, -48.045170700256293 ], [ -70.296826209833966, -48.046099257560314 ], [ -70.258960036060017, -48.04489710946401 ], [ -70.253735377046496, -47.851720558418997 ] ], [ [ -70.310829122536063, -48.745560590503167 ], [ -70.320403095482362, -48.741840691450733 ], [ -70.328374810316689, -48.747666276073552 ], [ -70.31911257639598, -48.751495673249451 ], [ -70.321545718395072, -48.753266335360713 ], [ -70.323818930858465, -48.752179100048821 ], [ -70.329705709139915, -48.750820859958083 ], [ -70.331475123823409, -48.749977592488541 ], [ -70.332589293188178, -48.750841502657948 ], [ -70.32896544922194, -48.75227273213509 ], [ -70.320063017073267, -48.754681698345308 ], [ -70.318582076478634, -48.755777780359253 ], [ -70.315588544542436, -48.756895619187645 ], [ -70.312169897551414, -48.756318600356927 ], [ -70.311188676925653, -48.75702670475583 ], [ -70.309681644109546, -48.757129274476029 ], [ -70.308662510326329, -48.756641758558906 ], [ -70.308621406697796, -48.755059509303038 ], [ -70.306845635548086, -48.754499633637195 ], [ -70.303617476146684, -48.756280785576578 ], [ -70.303270287862247, -48.757449267764116 ], [ -70.301535256063971, -48.758467068272807 ], [ -70.299154106076088, -48.758826669375061 ], [ -70.297250329240541, -48.758182658611439 ], [ -70.297145744648248, -48.761515629016202 ], [ -70.295285703664931, -48.762575208294017 ], [ -70.292634626040851, -48.7622317817058 ], [ -70.291219990581325, -48.761038125666673 ], [ -70.287271086242043, -48.761666832754827 ], [ -70.28711046339042, -48.762833179793432 ], [ -70.288322085266245, -48.763404164234458 ], [ -70.287923695022982, -48.765112731113867 ], [ -70.283406847181524, -48.765621753282282 ], [ -70.282992547387394, -48.766579590701383 ], [ -70.283201878351662, -48.767454045801138 ], [ -70.284294074758037, -48.768273700739982 ], [ -70.284590170542117, -48.770014979098285 ], [ -70.283782429346061, -48.770482606953678 ], [ -70.281824440709784, -48.770257105043768 ], [ -70.278715362166409, -48.76916756348362 ], [ -70.278424491513888, -48.770168977243095 ], [ -70.279833717105134, -48.771151520849088 ], [ -70.279673097013955, -48.772191957794519 ], [ -70.27773935785271, -48.772923836040697 ], [ -70.275195668498696, -48.771868396309507 ], [ -70.274442970812899, -48.771962153519596 ], [ -70.274141304858048, -48.774960046128712 ], [ -70.270560036610078, -48.775246885512388 ], [ -70.269760000353344, -48.773466164343077 ], [ -70.26501936676523, -48.772686481550565 ], [ -70.264520294297299, -48.77285832329644 ], [ -70.263687669418417, -48.774782892979573 ], [ -70.262878640697394, -48.775209920384 ], [ -70.261073645580524, -48.775935610328787 ], [ -70.258422838037546, -48.775757757130904 ], [ -70.257556580550656, -48.776347239596333 ], [ -70.258916201389326, -48.779844023989185 ], [ -70.258044223850078, -48.78088770061165 ], [ -70.256179295853343, -48.780858584725181 ], [ -70.254797837735353, -48.779344885443678 ], [ -70.25383599996367, -48.779652111713901 ], [ -70.252820434203599, -48.780944608407395 ], [ -70.249728597955169, -48.782605846917711 ], [ -70.250238839205977, -48.78506879129592 ], [ -70.248231742837334, -48.785486224019664 ], [ -70.246787706211052, -48.784463206507617 ], [ -70.245533760189687, -48.785070279595033 ], [ -70.243303794079296, -48.788448609781412 ], [ -70.244176000836063, -48.790561456454959 ], [ -70.24383812305669, -48.791896011770156 ], [ -70.242953521435112, -48.792449609234872 ], [ -70.243345927126626, -48.793182771299122 ], [ -70.242565074562677, -48.794769397287702 ], [ -70.240479027117104, -48.795039166192595 ], [ -70.239119562146783, -48.794415315008671 ], [ -70.238117679844521, -48.796152664475876 ], [ -70.235769479338799, -48.797805529516168 ], [ -70.233755451690357, -48.797827107178989 ], [ -70.233203650621704, -48.796695447824668 ], [ -70.230355605730324, -48.796285249481322 ], [ -70.230093605053824, -48.797816789519644 ], [ -70.229213247902564, -48.798415198040345 ], [ -70.228166381705194, -48.798327439972525 ], [ -70.227171555000353, -48.79730388733168 ], [ -70.226052494113731, -48.79746417545843 ], [ -70.225097357621635, -48.798067844249701 ], [ -70.226250291622222, -48.799435947701319 ], [ -70.225990348160749, -48.800917996067788 ], [ -70.224347039032423, -48.800935464873753 ], [ -70.222762951570246, -48.800309311099184 ], [ -70.222642758553945, -48.804604551056826 ], [ -70.221985563758878, -48.805151076361533 ], [ -70.222299413381648, -48.805741259434214 ], [ -70.221061540774414, -48.807184202347798 ], [ -70.216380498590951, -48.808123965620872 ], [ -70.216486353962651, -48.809404291689198 ], [ -70.21555706757043, -48.811091212570254 ], [ -70.213131366843527, -48.812694966746534 ], [ -70.212601325097779, -48.812453248453416 ], [ -70.214668052260762, -48.811347880934697 ], [ -70.215498552286988, -48.810219549308364 ], [ -70.201185087790932, -48.810769777663118 ], [ -70.159934387285659, -48.810639250038179 ], [ -70.159674511490564, -48.808078985674598 ], [ -70.160593508243522, -48.80454015410249 ], [ -70.162290482551782, -48.802715547339623 ], [ -70.16245416401128, -48.801257100014844 ], [ -70.16441935663795, -48.79956014726239 ], [ -70.165551161633886, -48.796414793294169 ], [ -70.167000413808154, -48.795518854735924 ], [ -70.167275504925883, -48.793002641399987 ], [ -70.169467189440212, -48.792580252587854 ], [ -70.170908121873353, -48.79411234723468 ], [ -70.171508845574252, -48.79419167209555 ], [ -70.173222584446364, -48.793117610268389 ], [ -70.174489368871065, -48.793014781796224 ], [ -70.177451968288437, -48.794131107730514 ], [ -70.178046946043537, -48.793819279569448 ], [ -70.176142916002533, -48.792426889431162 ], [ -70.176243886170695, -48.790924095985659 ], [ -70.176968344089147, -48.790476062668738 ], [ -70.183312073787903, -48.790541495745593 ], [ -70.183832700057408, -48.789965119065904 ], [ -70.182115114426963, -48.787820029224214 ], [ -70.17946512764793, -48.78594974142549 ], [ -70.180092471323803, -48.784266198592526 ], [ -70.181342451412064, -48.783457546512359 ], [ -70.187901887650071, -48.784051077484392 ], [ -70.190471508492379, -48.785391438679547 ], [ -70.192470712703667, -48.785195413903089 ], [ -70.192859285178045, -48.784795717761156 ], [ -70.192826895145231, -48.783429176126312 ], [ -70.193751763064839, -48.782978961606247 ], [ -70.19581809237549, -48.783321739913553 ], [ -70.196121774477263, -48.782644142322326 ], [ -70.195559141428589, -48.782016001199118 ], [ -70.191431192746123, -48.781379809088648 ], [ -70.191144630223292, -48.780195746104368 ], [ -70.192933710629575, -48.779754587290725 ], [ -70.194895141312088, -48.78041320943953 ], [ -70.196130700728418, -48.78001370929308 ], [ -70.193483976966547, -48.777568179630386 ], [ -70.194908927803581, -48.77569194042259 ], [ -70.196398597246187, -48.774682799412879 ], [ -70.196399380132291, -48.774143233654037 ], [ -70.198546379422382, -48.773459965497992 ], [ -70.203417280103878, -48.77076536811451 ], [ -70.207629722440203, -48.769565746627087 ], [ -70.202643236216616, -48.7684038889617 ], [ -70.207058082024872, -48.76004852349655 ], [ -70.211424094211239, -48.761598902387995 ], [ -70.216938127372273, -48.757732411013613 ], [ -70.211536719969331, -48.74790189231588 ], [ -70.204997740705878, -48.739306017094989 ], [ -70.208999127406997, -48.737069884489941 ], [ -70.217267288569715, -48.743210265262746 ], [ -70.21941785072562, -48.748780972181635 ], [ -70.217759461748656, -48.749792201395316 ], [ -70.218531575952099, -48.751775915579508 ], [ -70.243873488756236, -48.745691362172721 ], [ -70.243350834481603, -48.744761763374555 ], [ -70.24594006547224, -48.744167254334776 ], [ -70.246406717272578, -48.745030002201119 ], [ -70.301485388774736, -48.731790734705029 ], [ -70.30179729449749, -48.739395062124537 ], [ -70.310829122536063, -48.745560590503167 ] ] ] } },
{ "type": "Feature", "properties": { "codigo_indec": "780490501" }, "geometry": { "type": "Polygon", "coordinates": [ [ [ -70.259468230683296, -48.749150506989565 ], [ -70.257673803357619, -48.74590575927536 ], [ -70.240356524906346, -48.750032275864285 ], [ -70.242116225187431, -48.753286655739821 ], [ -70.259468230683296, -48.749150506989565 ] ] ] } },
{ "type": "Feature", "properties": { "codigo_indec": "780420306" }, "geometry": { "type": "Polygon", "coordinates": [ [ [ -67.755853793946741, -49.314521188103775 ], [ -67.747615409006784, -49.305566226799542 ], [ -67.743576843258367, -49.305261619767997 ], [ -67.739221740482364, -49.306855197030508 ], [ -67.748673300826795, -49.317276084884206 ], [ -67.755853793946741, -49.314521188103775 ] ] ] } },
{ "type": "Feature", "properties": { "codigo_indec": "780350601" }, "geometry": { "type": "Polygon", "coordinates": [ [ [ -70.927300519996521, -46.588908658710857 ], [ -70.926957790687382, -46.591019518747032 ], [ -70.938882118148427, -46.591946983588215 ], [ -70.939227327368812, -46.589827049152866 ], [ -70.927300519996521, -46.588908658710857 ] ] ] } },
{ "type": "Feature", "properties": { "codigo_indec": "780280701" }, "geometry": { "type": "Polygon", "coordinates": [ [ [ -72.258723215964679, -50.340498559016119 ], [ -72.261159294303383, -50.339805209040932 ], [ -72.269954866090472, -50.340461714990525 ], [ -72.270292109245574, -50.338213054442313 ], [ -72.273414188532584, -50.338457846426053 ], [ -72.273688040679261, -50.337843125594119 ], [ -72.27097246146036, -50.337123774612273 ], [ -72.25835905236373, -50.336052930871681 ], [ -72.259409665995349, -50.336724881259158 ], [ -72.259225250087695, -50.337314576055647 ], [ -72.258172556970493, -50.337330617775557 ], [ -72.259253662732107, -50.337421690345252 ], [ -72.258723215964679, -50.340498559016119 ] ] ] } },
{ "type": "Feature", "properties": { "codigo_indec": "780210705" }, "geometry": { "type": "Polygon", "coordinates": [ [ [ -72.23711404878361, -51.546863929527198 ], [ -72.232336816852268, -51.546757489993134 ], [ -72.224707263828051, -51.553009766152378 ], [ -72.231644618558647, -51.554077505140654 ], [ -72.23711404878361, -51.546863929527198 ] ] ] } },
{ "type": "Feature", "properties": { "codigo_indec": "780141201" }, "geometry": { "type": "Polygon", "coordinates": [ [ [ -65.902791467226635, -47.745508516214244 ], [ -65.895240484948076, -47.745493195288716 ], [ -65.89501663880182, -47.747349149136348 ], [ -65.896211600559027, -47.747327531481162 ], [ -65.898176681767708, -47.750110764252035 ], [ -65.905708830164315, -47.747138962752935 ], [ -65.905719899532997, -47.74622174751137 ], [ -65.905010566719227, -47.746656861979957 ], [ -65.903576074906169, -47.746613633947703 ], [ -65.902791467226635, -47.745508516214244 ] ] ] } },
{ "type": "Feature", "properties": { "codigo_indec": "780140904" }, "geometry": { "type": "Polygon", "coordinates": [ [ [ -67.958945304898236, -46.801296710032283 ], [ -67.956030769837383, -46.802133735193323 ], [ -67.957973853009563, -46.805304389429217 ], [ -67.956504932297307, -46.805727290287969 ], [ -67.956981265723954, -46.806500753007654 ], [ -67.961371379332746, -46.805245317862152 ], [ -67.958945304898236, -46.801296710032283 ] ] ] } },
{ "type": "Feature", "properties": { "codigo_indec": "780140216" }, "geometry": { "type": "Polygon", "coordinates": [ [ [ -67.552896985332524, -46.445249901543491 ], [ -67.552882217666934, -46.445807477871277 ], [ -67.551311010815468, -46.445796578897813 ], [ -67.551389835445661, -46.446382329243171 ], [ -67.552735651329343, -46.447532889335257 ], [ -67.559118520930511, -46.448184754408636 ], [ -67.559225598438317, -46.444124328905367 ], [ -67.556063880228862, -46.444097941775027 ], [ -67.556045875410959, -46.445271716110788 ], [ -67.552896985332524, -46.445249901543491 ] ] ] } },
{ "type": "Feature", "properties": { "codigo_indec": "780280402" }, "geometry": { "type": "Polygon", "coordinates": [ [ [ -71.444882333894455, -49.59749101272832 ], [ -71.442538052716273, -49.600134835112101 ], [ -71.439951083300926, -49.600139967685493 ], [ -71.444939574971798, -49.60326740878633 ], [ -71.450148837692012, -49.603265108618587 ], [ -71.454771487019215, -49.601845232355011 ], [ -71.454574310850546, -49.600536526861681 ], [ -71.44785238234644, -49.599060324122803 ], [ -71.444882333894455, -49.59749101272832 ] ] ] } },
{ "type": "Feature", "properties": { "codigo_indec": "780141208" }, "geometry": { "type": "Polygon", "coordinates": [ [ [ -65.891505178510343, -47.745846247395356 ], [ -65.888427398810222, -47.746801714941398 ], [ -65.89012601151822, -47.749069625166698 ], [ -65.888412233413632, -47.750912131119897 ], [ -65.891066282257029, -47.752090540021499 ], [ -65.892111108710822, -47.751232833974271 ], [ -65.893259284503145, -47.751718209610168 ], [ -65.898176681767708, -47.750110764252035 ], [ -65.896749276810411, -47.748097685346174 ], [ -65.893821257556979, -47.749057351016717 ], [ -65.891505178510343, -47.745846247395356 ] ] ] } },
{ "type": "Feature", "properties": { "codigo_indec": "780141107" }, "geometry": { "type": "Polygon", "coordinates": [ [ [ -67.522166802802786, -46.438757450581399 ], [ -67.521324069170035, -46.439965540269448 ], [ -67.521781953657339, -46.439755551893029 ], [ -67.526477123905167, -46.444192800361066 ], [ -67.528621086696162, -46.443109379208508 ], [ -67.527339260526389, -46.441900882508989 ], [ -67.530261154842592, -46.440436112317457 ], [ -67.527290971754979, -46.43958823897119 ], [ -67.523632504272499, -46.439896410835935 ], [ -67.522166802802786, -46.438757450581399 ] ] ] } },
{ "type": "Feature", "properties": { "codigo_indec": "780140913" }, "geometry": { "type": "Polygon", "coordinates": [ [ [ -67.956030769837383, -46.802133735193323 ], [ -67.949476919939329, -46.804012307878331 ], [ -67.94872594354743, -46.804230301150184 ], [ -67.950179757177608, -46.806604982144705 ], [ -67.954556934577127, -46.805349689632642 ], [ -67.955519028278999, -46.806914706513879 ], [ -67.956981265723954, -46.806500753007654 ], [ -67.956504932297307, -46.805727290287969 ], [ -67.957973853009563, -46.805304389429217 ], [ -67.956030769837383, -46.802133735193323 ] ] ] } },
{ "type": "Feature", "properties": { "codigo_indec": "780140909" }, "geometry": { "type": "Polygon", "coordinates": [ [ [ -67.966198953435025, -46.802001148952165 ], [ -67.960402768191869, -46.803671295124914 ], [ -67.963769021969611, -46.80915763157968 ], [ -67.969558976838016, -46.807496255395527 ], [ -67.966198953435025, -46.802001148952165 ] ] ] } },
{ "type": "Feature", "properties": { "codigo_indec": "780140802" }, "geometry": { "type": "Polygon", "coordinates": [ [ [ -68.929026519281834, -46.543619006207351 ], [ -68.939822596717889, -46.542770585833438 ], [ -68.949131997352566, -46.542028445672358 ], [ -68.9487787169125, -46.539918751946253 ], [ -68.934896546761649, -46.541022686082378 ], [ -68.934715322964266, -46.539943075954817 ], [ -68.928404965867571, -46.540384597134931 ], [ -68.929026519281834, -46.543619006207351 ] ] ] } },
{ "type": "Feature", "properties": { "codigo_indec": "780140801" }, "geometry": { "type": "Polygon", "coordinates": [ [ [ -68.9487787169125, -46.539918751946253 ], [ -68.948334423589671, -46.537584117909532 ], [ -68.942490467374512, -46.538053613651215 ], [ -68.942697755947449, -46.539281657094392 ], [ -68.934715322964266, -46.539943075954817 ], [ -68.934896546761649, -46.541022686082378 ], [ -68.9487787169125, -46.539918751946253 ] ] ] } },
{ "type": "Feature", "properties": { "codigo_indec": "780140304" }, "geometry": { "type": "Polygon", "coordinates": [ [ [ -67.988874800373736, -46.786807811353043 ], [ -67.970761841039192, -46.791998717225098 ], [ -67.971491775990614, -46.793215185152732 ], [ -67.968235571810126, -46.794143904136469 ], [ -67.9688580262671, -46.79515701892808 ], [ -67.971919917919749, -46.794289505969701 ], [ -67.970975428255372, -46.795738300840618 ], [ -67.972067792038871, -46.797529241389412 ], [ -67.981098192916065, -46.794996782022949 ], [ -67.982740453843064, -46.795254272001166 ], [ -67.984927984277988, -46.790024775716269 ], [ -67.986442222975867, -46.788374013744246 ], [ -67.988874800373736, -46.786807811353043 ] ] ] } },
{ "type": "Feature", "properties": { "codigo_indec": "780280507" }, "geometry": { "type": "Polygon", "coordinates": [ [ [ -72.327220556372296, -50.332653080811745 ], [ -72.325387458846478, -50.335070664350184 ], [ -72.323311335708397, -50.336676831341336 ], [ -72.322904665876806, -50.33724151833276 ], [ -72.323558501277148, -50.338153560110364 ], [ -72.322427044745282, -50.339305522194351 ], [ -72.320262266298656, -50.339695653161506 ], [ -72.315679695749068, -50.342996478097731 ], [ -72.318539929490242, -50.344263710390372 ], [ -72.323840257122953, -50.339773182126386 ], [ -72.32587805909877, -50.339476547082278 ], [ -72.32671480856402, -50.340491247155498 ], [ -72.332318850106077, -50.336391797319905 ], [ -72.334504772855567, -50.338662685537756 ], [ -72.334710151951811, -50.339538078915837 ], [ -72.337913209717982, -50.341982037457612 ], [ -72.344134134156974, -50.341672716913024 ], [ -72.342805813445892, -50.329916939558643 ], [ -72.339669993327448, -50.330074590394901 ], [ -72.330078653570581, -50.333191676063031 ], [ -72.327220556372296, -50.332653080811745 ] ] ] } },
{ "type": "Feature", "properties": { "codigo_indec": "780141125" }, "geometry": { "type": "Polygon", "coordinates": [ [ [ -67.508799642643012, -46.447809502796673 ], [ -67.507540511107209, -46.448521766467131 ], [ -67.505027609330085, -46.451768049137762 ], [ -67.512361871102186, -46.452133587400567 ], [ -67.512620668401894, -46.450994439153902 ], [ -67.513153685624118, -46.450897915103425 ], [ -67.509677373467184, -46.449269331801084 ], [ -67.510574652807065, -46.448462370088315 ], [ -67.508799642643012, -46.447809502796673 ] ] ] } },
{ "type": "Feature", "properties": { "codigo_indec": "780140204" }, "geometry": { "type": "Polygon", "coordinates": [ [ [ -67.509133764917721, -46.451781176480857 ], [ -67.506499278490779, -46.452093150423067 ], [ -67.504005961151776, -46.455447618917226 ], [ -67.506274517841007, -46.456147490646984 ], [ -67.509133764917721, -46.451781176480857 ] ] ] } },
{ "type": "Feature", "properties": { "codigo_indec": "780211415" }, "geometry": { "type": "Polygon", "coordinates": [ [ [ -69.234403730849635, -51.627912709452517 ], [ -69.237794575106264, -51.630817987215366 ], [ -69.239771693867382, -51.630539834363546 ], [ -69.235898457936813, -51.627226631752421 ], [ -69.234403730849635, -51.627912709452517 ] ] ] } },
{ "type": "Feature", "properties": { "codigo_indec": "780211404" }, "geometry": { "type": "Polygon", "coordinates": [ [ [ -69.238450086034405, -51.622246643787904 ], [ -69.233008370440857, -51.624747233021118 ], [ -69.234995493009706, -51.626450984382359 ], [ -69.236418100967697, -51.625792008028938 ], [ -69.237666832578668, -51.626409656020364 ], [ -69.240112230017587, -51.62528568050476 ], [ -69.237916150038018, -51.625069945807418 ], [ -69.238450086034405, -51.622246643787904 ] ] ] } },
{ "type": "Feature", "properties": { "codigo_indec": "780211115" }, "geometry": { "type": "Polygon", "coordinates": [ [ [ -69.221857119590339, -51.6285033259581 ], [ -69.226002560723401, -51.632283839829121 ], [ -69.232072372464174, -51.63162936281492 ], [ -69.226140069925236, -51.626535782481049 ], [ -69.221857119590339, -51.6285033259581 ] ] ] } },
{ "type": "Feature", "properties": { "codigo_indec": "780211109" }, "geometry": { "type": "Polygon", "coordinates": [ [ [ -69.217622869529464, -51.624880117596739 ], [ -69.211801410365098, -51.627551196045282 ], [ -69.216039078502035, -51.631179100209089 ], [ -69.218939169370401, -51.629843512965813 ], [ -69.219983325056134, -51.630740356045571 ], [ -69.222901301885855, -51.629400143264611 ], [ -69.217622869529464, -51.624880117596739 ] ] ] } },
{ "type": "Feature", "properties": { "codigo_indec": "780211108" }, "geometry": { "type": "Polygon", "coordinates": [ [ [ -69.217622869529464, -51.624880117596739 ], [ -69.219739910188395, -51.626691741243533 ], [ -69.224008319728142, -51.624719808090795 ], [ -69.220767532311569, -51.621962149423936 ], [ -69.219326767312026, -51.622620970431221 ], [ -69.220439636434278, -51.623576103795017 ], [ -69.217622869529464, -51.624880117596739 ] ] ] } },
{ "type": "Feature", "properties": { "codigo_indec": "780211002" }, "geometry": { "type": "Polygon", "coordinates": [ [ [ -69.224065479324054, -51.611404028960841 ], [ -69.230908990564586, -51.617255420473199 ], [ -69.236627091260843, -51.614610560505206 ], [ -69.235637419092228, -51.61377217548219 ], [ -69.234168324547753, -51.614444718685128 ], [ -69.229448635135498, -51.610391472622403 ], [ -69.224065479324054, -51.611404028960841 ] ] ] } },
{ "type": "Feature", "properties": { "codigo_indec": "780210901" }, "geometry": { "type": "Polygon", "coordinates": [ [ [ -72.217762709151202, -51.583123460967258 ], [ -72.215451131086169, -51.57864630281049 ], [ -72.216183800350805, -51.578446383523918 ], [ -72.216005103221363, -51.578010714645302 ], [ -72.214538528841217, -51.577115843300192 ], [ -72.215207370844482, -51.576625464715661 ], [ -72.214397213728816, -51.576238576934372 ], [ -72.215045507140985, -51.575712797518058 ], [ -72.213645270596572, -51.57504087739585 ], [ -72.211920984161864, -51.57631992346122 ], [ -72.210483467354564, -51.575374754777719 ], [ -72.209953752228841, -51.574359763038835 ], [ -72.20925352273008, -51.574558755909166 ], [ -72.205882836501701, -51.580378370215385 ], [ -72.205845001826745, -51.582146177108129 ], [ -72.215354685351798, -51.582285899511533 ], [ -72.215325954678391, -51.58310488891474 ], [ -72.217762709151202, -51.583123460967258 ] ] ] } },
{ "type": "Feature", "properties": { "codigo_indec": "780210804" }, "geometry": { "type": "Polygon", "coordinates": [ [ [ -72.344349622990393, -51.531355091300547 ], [ -72.344090853436938, -51.534509514723176 ], [ -72.3409565296528, -51.536496118987628 ], [ -72.337647270499303, -51.53447290234444 ], [ -72.337245374364912, -51.535383499471514 ], [ -72.33520852540282, -51.535329086397461 ], [ -72.335393575658344, -51.53638032381761 ], [ -72.336701648676907, -51.536621827701325 ], [ -72.336005339548279, -51.538386004179657 ], [ -72.336835695684343, -51.538600641756879 ], [ -72.337284797026555, -51.537940465231841 ], [ -72.33860933769563, -51.54017759758149 ], [ -72.3399543022622, -51.539936968872652 ], [ -72.339739580453411, -51.538580871444971 ], [ -72.340717707806149, -51.538647406375404 ], [ -72.340740598181526, -51.539451495653992 ], [ -72.343479556428463, -51.536986140873793 ], [ -72.346373844953021, -51.536346062183064 ], [ -72.34594545074637, -51.535027544918279 ], [ -72.346106183059035, -51.533485402028937 ], [ -72.344824293052383, -51.531193184478106 ], [ -72.344349622990393, -51.531355091300547 ] ] ] } },
{ "type": "Feature", "properties": { "codigo_indec": "780210703" }, "geometry": { "type": "Polygon", "coordinates": [ [ [ -72.07923704918251, -51.680492099760563 ], [ -72.088189346684516, -51.679267878825435 ], [ -72.085689633377683, -51.682543367275997 ], [ -72.087571236123566, -51.683253609441948 ], [ -72.09227259256545, -51.677164386513105 ], [ -72.090295934950547, -51.67654213745918 ], [ -72.089265490044511, -51.677868448342302 ], [ -72.078697766336802, -51.679099179705858 ], [ -72.07923704918251, -51.680492099760563 ] ] ] } },
{ "type": "Feature", "properties": { "codigo_indec": "780211314" }, "geometry": { "type": "Polygon", "coordinates": [ [ [ -69.194849200190973, -51.638069474122091 ], [ -69.193757141984605, -51.638565617171452 ], [ -69.189041266721944, -51.638640712824412 ], [ -69.189194314881092, -51.64070768961065 ], [ -69.195585877262516, -51.64058936343595 ], [ -69.19700588809863, -51.6399308711649 ], [ -69.194849200190973, -51.638069474122091 ] ] ] } },
{ "type": "Feature", "properties": { "codigo_indec": "780211312" }, "geometry": { "type": "Polygon", "coordinates": [ [ [ -69.249466216802745, -51.631899288929915 ], [ -69.25014923676099, -51.632666305369646 ], [ -69.2463083266653, -51.634161929478246 ], [ -69.245004453270269, -51.632753549867608 ], [ -69.24192144069211, -51.634211494826637 ], [ -69.243013234750649, -51.635134998532244 ], [ -69.242096871799674, -51.63732096064566 ], [ -69.253605151892287, -51.637930321051087 ], [ -69.253581242210714, -51.63364312429669 ], [ -69.253943517672198, -51.63321092002117 ], [ -69.249466216802745, -51.631899288929915 ] ] ] } },
{ "type": "Feature", "properties": { "codigo_indec": "780211309" }, "geometry": { "type": "Polygon", "coordinates": [ [ [ -69.205719266223539, -51.639790099523481 ], [ -69.20376961407004, -51.640692291511726 ], [ -69.202950328226081, -51.639992651874742 ], [ -69.201688960408163, -51.640574546336047 ], [ -69.204331779059103, -51.642834935036888 ], [ -69.205582320977499, -51.642248537422276 ], [ -69.206358186956166, -51.642912283086801 ], [ -69.207010454032229, -51.642601051727212 ], [ -69.209262480664123, -51.644619343238695 ], [ -69.211277535644271, -51.644566301793432 ], [ -69.205719266223539, -51.639790099523481 ] ] ] } },
{ "type": "Feature", "properties": { "codigo_indec": "780211303" }, "geometry": { "type": "Polygon", "coordinates": [ [ [ -69.250233144366746, -51.615759775024472 ], [ -69.24967156048038, -51.616686731634815 ], [ -69.256878253615383, -51.618365418166853 ], [ -69.256344173755707, -51.617108269579354 ], [ -69.254735828951496, -51.617372421195427 ], [ -69.254132012591569, -51.615895208340511 ], [ -69.251185694899362, -51.616355441166043 ], [ -69.250233144366746, -51.615759775024472 ] ] ] } },
{ "type": "Feature", "properties": { "codigo_indec": "780140104" }, "geometry": { "type": "Polygon", "coordinates": [ [ [ -68.948532077555441, -46.53879865268425 ], [ -68.949851620386184, -46.54631080439767 ], [ -68.945242193039533, -46.546713505470478 ], [ -68.946693650053177, -46.555741549901185 ], [ -68.955814360188825, -46.557130799590261 ], [ -68.955347560324668, -46.537973893901864 ], [ -68.948532077555441, -46.53879865268425 ] ] ] } },
{ "type": "Feature", "properties": { "codigo_indec": "780490102" }, "geometry": { "type": "Polygon", "coordinates": [ [ [ -70.926113095243025, -47.444791026542937 ], [ -70.925872086642713, -47.446270238355972 ], [ -70.928916203186873, -47.449470698975176 ], [ -70.928577553360611, -47.444470742371671 ], [ -70.926113095243025, -47.444791026542937 ] ] ] } },
{ "type": "Feature", "properties": { "codigo_indec": "780211203" }, "geometry": { "type": "Polygon", "coordinates": [ [ [ -69.207269320074985, -51.635217010115589 ], [ -69.206451324385867, -51.635586956438928 ], [ -69.202786508816743, -51.637269591936096 ], [ -69.20490357789636, -51.639090467094441 ], [ -69.206168474491236, -51.638508531708517 ], [ -69.205091790892425, -51.63758466006044 ], [ -69.208306127115122, -51.636109475134674 ], [ -69.207269320074985, -51.635217010115589 ] ] ] } },
{ "type": "Feature", "properties": { "codigo_indec": "780280501" }, "geometry": { "type": "Polygon", "coordinates": [ [ [ -73.53226557513851, -49.880741997779118 ], [ -73.443225052896707, -49.922015700131787 ], [ -73.359282607484786, -49.946723564560301 ], [ -73.254466361963111, -49.954499371038381 ], [ -73.245839167478323, -49.962875362953696 ], [ -73.229516828860227, -49.971041766039761 ], [ -73.214606008062205, -49.970056291472858 ], [ -73.20074509566075, -49.979424170524915 ], [ -73.196491403851439, -49.980270970969229 ], [ -73.195540810811423, -49.984249571433025 ], [ -73.198451464037916, -49.985353876882037 ], [ -73.198006845668885, -49.991014145262824 ], [ -73.194096024509321, -49.992765871779739 ], [ -73.187161540107823, -49.99925904731105 ], [ -73.184774212245514, -50.004179935984901 ], [ -73.181173892604562, -50.002295157232041 ], [ -73.173672433736229, -50.00236781328946 ], [ -73.169989385051068, -50.006727922492878 ], [ -73.172243997212831, -50.011081072334562 ], [ -73.164229172270751, -50.016001677459798 ], [ -73.159692114567804, -50.011073757421492 ], [ -73.16060191021289, -50.00666522391726 ], [ -73.158040203816014, -49.998702566646379 ], [ -73.152832338326505, -49.992642671361601 ], [ -73.154317752130396, -49.988150581497969 ], [ -73.153829616764895, -49.978489921825144 ], [ -73.150856496309203, -49.973366168852635 ], [ -73.151232957309247, -49.970532873977341 ], [ -73.136290809636961, -49.971067505227936 ], [ -73.130664462920052, -49.974695234559007 ], [ -73.123324791858707, -49.976566795499018 ], [ -73.121141742482052, -49.98389857266671 ], [ -73.125140495836803, -49.993043063055744 ], [ -73.129459080146503, -50.000732402892069 ], [ -73.13217758227033, -50.006877654967859 ], [ -73.130894883895223, -50.01014343997813 ], [ -73.137950014978415, -50.019268430797695 ], [ -73.140658397591267, -50.025512797725021 ], [ -73.138471481957282, -50.036114519371218 ], [ -73.140871044245813, -50.048526653352717 ], [ -73.1441348677386, -50.05863222348993 ], [ -73.139723819850062, -50.067469577848904 ], [ -73.135204657471533, -50.074866984846331 ], [ -73.135082908778998, -50.08071323786978 ], [ -73.132916787592777, -50.084613151732398 ], [ -73.121106007459332, -50.085645347390873 ], [ -73.11851473601692, -50.087743216794955 ], [ -73.116161177223134, -50.093673201628462 ], [ -73.111649859914948, -50.095848073565286 ], [ -73.111559909034369, -50.098468637387974 ], [ -73.116361876529908, -50.098455602213669 ], [ -73.116346483727156, -50.104100144475673 ], [ -73.118329501155912, -50.110091940966619 ], [ -73.115684293479276, -50.114876473131787 ], [ -73.111058567551297, -50.118471975079153 ], [ -73.109801921613467, -50.123229592291423 ], [ -73.10498101624971, -50.127133065724337 ], [ -73.100020891965414, -50.12103951976961 ], [ -73.100650725111322, -50.113767779111548 ], [ -73.098138388678294, -50.113748692099293 ], [ -73.099239966016782, -50.104548972184503 ], [ -73.097017979142592, -50.100598049902281 ], [ -73.095014407160036, -50.095434124757986 ], [ -73.089075829287239, -50.100725596369827 ], [ -73.087763751774773, -50.105961619024008 ], [ -73.083785968355315, -50.110733913421612 ], [ -73.079762465450301, -50.111280333324466 ], [ -73.080249485934218, -50.10964870868532 ], [ -73.083638357086059, -50.105306529536648 ], [ -73.087327654841246, -50.097113058442254 ], [ -73.089502824111975, -50.089580004360933 ], [ -73.096256324243882, -50.086031585779232 ], [ -73.099270267717358, -50.079053307282052 ], [ -73.10274063954644, -50.072764840292848 ], [ -73.106705138525641, -50.067893356699798 ], [ -73.096306267807421, -50.070199689443449 ], [ -73.085097992953337, -50.074624801255844 ], [ -73.082082057665247, -50.072316081970193 ], [ -73.077369650831542, -50.072077225342042 ], [ -73.071243021656059, -50.073700227456271 ], [ -73.068760310218821, -50.079611250375713 ], [ -73.064502601291835, -50.082809720536304 ], [ -73.062742825237223, -50.087903742196438 ], [ -73.061145477857153, -50.098635968826393 ], [ -73.061447775136685, -50.105879283793286 ], [ -73.058834589155026, -50.112014978028 ], [ -73.057519903329506, -50.118707779366915 ], [ -73.059337341397224, -50.140203441791705 ], [ -73.058072790583964, -50.151126270352158 ], [ -73.051906431006287, -50.159805496901917 ], [ -73.046106353565804, -50.169074198134645 ], [ -73.03785023183562, -50.18457114935655 ], [ -73.032010833964122, -50.1890780154922 ], [ -73.024988025170444, -50.192604808666538 ], [ -73.017334931217263, -50.194354166415557 ], [ -73.012424383661937, -50.193813604068843 ], [ -73.009619947219591, -50.196833675492236 ], [ -73.008721219315021, -50.200192564992093 ], [ -73.007038760143203, -50.202562186059424 ], [ -73.007330083876283, -50.206077815580002 ], [ -73.005428391221542, -50.207757938946088 ], [ -73.003420339862515, -50.208128560762674 ], [ -73.003509864780455, -50.212959801669456 ], [ -73.001729542926938, -50.214127503696872 ], [ -73.000304940205297, -50.213978767848587 ], [ -72.99972671162557, -50.214605807104974 ], [ -73.000374537063621, -50.216692584069399 ], [ -72.999344948191307, -50.217537551542733 ], [ -72.994946264026495, -50.217486743631362 ], [ -72.992517163501489, -50.219198295469255 ], [ -72.988202436310715, -50.219315227544655 ], [ -72.9834468013741, -50.218894004195839 ], [ -72.980778584812739, -50.217069858191302 ], [ -72.979047676781718, -50.217030305215609 ], [ -72.978836797682078, -50.218242740493537 ], [ -72.973233407054678, -50.21714863696814 ], [ -72.96732373583454, -50.213798244328224 ], [ -72.964162368411053, -50.209778057948725 ], [ -72.961084818457309, -50.206762257845249 ], [ -72.959778822646555, -50.203685919897339 ], [ -72.95554260724964, -50.200502661941336 ], [ -72.946764946949969, -50.20059927778756 ], [ -72.945498595201443, -50.202360209892625 ], [ -72.943577713344567, -50.201921863972807 ], [ -72.942381339304248, -50.204575282969017 ], [ -72.941590647261748, -50.204503217955548 ], [ -72.939929807365218, -50.207176886556866 ], [ -72.93360639124225, -50.206586515900952 ], [ -72.931432391567796, -50.208778290780984 ], [ -72.926443318950987, -50.209248556213325 ], [ -72.924550794947748, -50.207194520039565 ], [ -72.9218839014884, -50.207185777032144 ], [ -72.919573251478354, -50.209683239673346 ], [ -72.916740526756513, -50.209576549229645 ], [ -72.915464009289281, -50.211229553315498 ], [ -72.913314319799412, -50.211805746372754 ], [ -72.905319908222125, -50.210064997681918 ], [ -72.901434166746327, -50.210492537363244 ], [ -72.897406202014025, -50.209220380876211 ], [ -72.89426898599649, -50.207311101416153 ], [ -72.892918288871698, -50.208062454162366 ], [ -72.893131247365133, -50.214674807247327 ], [ -72.891265754490789, -50.216680069636652 ], [ -72.8895920864895, -50.213511888435029 ], [ -72.887525486906966, -50.213176431321138 ], [ -72.887520577980624, -50.215096787441603 ], [ -72.886581497668473, -50.217034950540942 ], [ -72.885657651981006, -50.221099643305898 ], [ -72.882555452041714, -50.221608220069257 ], [ -72.881587980601523, -50.219320176700315 ], [ -72.879356257592661, -50.218895660717543 ], [ -72.875825838206737, -50.219913036874928 ], [ -72.876704794081689, -50.223013529088625 ], [ -72.879611149940004, -50.224018129246538 ], [ -72.880820704240861, -50.227300905317506 ], [ -72.879891328939593, -50.231262296791435 ], [ -72.878184586222602, -50.232992209273746 ], [ -72.879561800657783, -50.236912452640389 ], [ -72.878849224112983, -50.237979559999658 ], [ -72.873463483477195, -50.236153846868554 ], [ -72.870628336981156, -50.234305789570243 ], [ -72.865557347918312, -50.228089227397113 ], [ -72.861438231254567, -50.227300021653683 ], [ -72.857709255561986, -50.224743908141306 ], [ -72.861324595993565, -50.22069335106206 ], [ -72.861291870511366, -50.218814732583667 ], [ -72.859546165038907, -50.216682823607279 ], [ -72.852160937134656, -50.216919270309603 ], [ -72.849599752564686, -50.221141423821216 ], [ -72.849274166757937, -50.223710959436204 ], [ -72.850552775133892, -50.228354298438042 ], [ -72.849901375399725, -50.228969503637224 ], [ -72.844547566170036, -50.230604009966356 ], [ -72.840814344908523, -50.230732140280828 ], [ -72.838104667314582, -50.229378302491781 ], [ -72.838546639826347, -50.22711524088119 ], [ -72.839382274662427, -50.225738528039209 ], [ -72.841444945288458, -50.225238555484111 ], [ -72.842224495935767, -50.224124497007608 ], [ -72.842253236903218, -50.2216502566231 ], [ -72.839405912144116, -50.223547762916276 ], [ -72.837506229004973, -50.22276069741239 ], [ -72.834125326020555, -50.222773536828839 ], [ -72.830572652599869, -50.221649741589296 ], [ -72.829291178904924, -50.218517246243664 ], [ -72.829612546165919, -50.214526901438411 ], [ -72.828918892854787, -50.209850555333624 ], [ -72.827770281469085, -50.207496116303133 ], [ -72.827217031038003, -50.191838230695645 ], [ -72.822980253588156, -50.191982428799719 ], [ -72.816815342013697, -50.195306262277128 ], [ -72.808382518979542, -50.195542932103805 ], [ -72.802700561807654, -50.193067177695475 ], [ -72.801320265161479, -50.19024341641753 ], [ -72.799816625173051, -50.184190434539836 ], [ -72.796954036103173, -50.181743440176149 ], [ -72.791583595129623, -50.180650988205926 ], [ -72.786872041944534, -50.182482220877262 ], [ -72.784840825091067, -50.185089232778672 ], [ -72.782049656030935, -50.185396114828173 ], [ -72.776753901703557, -50.188487099536772 ], [ -72.774495019133383, -50.191946737388875 ], [ -72.775234876723687, -50.195151392408768 ], [ -72.766950110881211, -50.196068239001782 ], [ -72.761530483592963, -50.195029944071102 ], [ -72.75657890083076, -50.198607966445529 ], [ -72.753189465444933, -50.199248289664375 ], [ -72.750661943425342, -50.202392356455654 ], [ -72.748533658620133, -50.201831586247785 ], [ -72.744594544198165, -50.202390483024203 ], [ -72.740715394282816, -50.203806200468414 ], [ -72.739313491609352, -50.202857598634985 ], [ -72.738068945364745, -50.200964079479874 ], [ -72.733541621446662, -50.201213283751727 ], [ -72.730758772552861, -50.200655264152246 ], [ -72.729944209713963, -50.202651049142858 ], [ -72.728023073753889, -50.202901660148015 ], [ -72.723915502532421, -50.202246633901723 ], [ -72.720566728263407, -50.200042723020985 ], [ -72.714786662039401, -50.200578682868581 ], [ -72.710423516535712, -50.199243357803397 ], [ -72.710267070279542, -50.197678986512685 ], [ -72.708735313783592, -50.196581283871957 ], [ -72.696135789162625, -50.19634482021889 ], [ -72.69038588740203, -50.195363195567388 ], [ -72.686516220695978, -50.196142744035257 ], [ -72.682797091677998, -50.19560433239517 ], [ -72.676903887776319, -50.19252660981526 ], [ -72.67633258699594, -50.190516681376849 ], [ -72.672680314154888, -50.189382261034233 ], [ -72.668855547533028, -50.186818721371004 ], [ -72.665105496166191, -50.18517902667304 ], [ -72.662730865086701, -50.182749338103768 ], [ -72.656235702502613, -50.18252253307827 ], [ -72.652052381177782, -50.180104651973586 ], [ -72.651580030476055, -50.17721912956862 ], [ -72.646780370981432, -50.176902446935614 ], [ -72.638517975540864, -50.175201311128312 ], [ -72.630945917823254, -50.175254188166647 ], [ -72.629492053315332, -50.175933719274248 ], [ -72.628712944484619, -50.177986108169513 ], [ -72.627035174856161, -50.18033189552385 ], [ -72.623856877381314, -50.182238892342859 ], [ -72.618730143461093, -50.183388190471014 ], [ -72.594578176543862, -50.176746461192252 ], [ -72.592710426214794, -50.17569813345407 ], [ -72.589069689599114, -50.175981696219658 ], [ -72.586504153015809, -50.174496194078905 ], [ -72.583260221691972, -50.174421063329227 ], [ -72.581157443800109, -50.173595651337862 ], [ -72.580909812982142, -50.172906311305312 ], [ -72.584140006509912, -50.172986428006567 ], [ -72.586141355961487, -50.170262548399435 ], [ -72.586398761571417, -50.1714552034829 ], [ -72.588175419591082, -50.173720550642685 ], [ -72.596749727765854, -50.174849007801228 ], [ -72.598282815259992, -50.171725734629447 ], [ -72.598457369252202, -50.167529408192593 ], [ -72.597678145373791, -50.164846570515657 ], [ -72.588171636530134, -50.164192206853983 ], [ -72.56104171073207, -50.165878050404586 ], [ -72.534464093901718, -50.1661557310875 ], [ -72.530565775621511, -50.165361618028491 ], [ -72.506401856783555, -50.164421736167824 ], [ -72.492563706491737, -50.16482117148356 ], [ -72.480120568647038, -50.166116899402596 ], [ -72.459534585359364, -50.164547252293616 ], [ -72.446321066302431, -50.164535826408319 ], [ -72.421374206437378, -50.165094326567257 ], [ -72.415525545149734, -50.165927643168246 ], [ -72.40854567183267, -50.166213849660366 ], [ -72.402527295728987, -50.165796963553696 ], [ -72.394192806862236, -50.166724555395398 ], [ -72.391882987417745, -50.166382922362118 ], [ -72.383493282820652, -50.166533460669811 ], [ -72.338523522548272, -50.169544786042081 ], [ -72.328878023301954, -50.169313814236688 ], [ -72.326506168259257, -50.168527511386799 ], [ -72.312417212244142, -50.168723738669684 ], [ -72.295510469850626, -50.16815748291949 ], [ -72.284616644153459, -50.168803604892481 ], [ -72.267674905934413, -50.167667732708303 ], [ -72.253848059229909, -50.168267620271784 ], [ -72.246881056254779, -50.167779326825794 ], [ -72.235960514254913, -50.166380258714788 ], [ -72.230264686303983, -50.164857316537855 ], [ -72.227536277617318, -50.164672450104042 ], [ -72.224465381731974, -50.163611251564745 ], [ -72.221802143309944, -50.163613287485632 ], [ -72.218290714116591, -50.1628159545999 ], [ -72.21597692776804, -50.163226326427164 ], [ -72.210582370546078, -50.162840647191416 ], [ -72.194152337976405, -50.160605267708533 ], [ -72.18754159208018, -50.16018454677166 ], [ -72.183733730882096, -50.158495046866761 ], [ -72.182422217025277, -50.155504984406562 ], [ -72.180952175196268, -50.154340273759125 ], [ -72.178953434601752, -50.150744019351663 ], [ -72.173416606178606, -50.148184291361765 ], [ -72.170070602869657, -50.147371994361698 ], [ -72.169870319443561, -50.146671540806416 ], [ -72.166860552168302, -50.145809498621496 ], [ -72.164960644051888, -50.143581696671014 ], [ -72.16334443857545, -50.143158154032072 ], [ -72.162622722363395, -50.142399962740313 ], [ -72.158397183490379, -50.140388301341616 ], [ -72.153641103813754, -50.134933229627393 ], [ -72.144441247851645, -50.13166680843652 ], [ -72.144071269033702, -50.131038356752455 ], [ -72.142122902664653, -50.130713450203366 ], [ -72.140185988431185, -50.129228148649318 ], [ -72.139173334506097, -50.126688150774854 ], [ -72.132078075190606, -50.122945639187037 ], [ -72.129484564461009, -50.121837593512531 ], [ -72.125265919999364, -50.121222914738304 ], [ -72.123405480366657, -50.119555425242361 ], [ -72.120225507161393, -50.118939573119071 ], [ -72.113920018648983, -50.118704328714173 ], [ -72.112487710218318, -50.117915444486393 ], [ -72.106148666525911, -50.116889328455414 ], [ -72.099091786427721, -50.117302878315733 ], [ -72.092919116448329, -50.119176205070083 ], [ -72.090444811282097, -50.121148574118031 ], [ -72.088687547030318, -50.12339855561428 ], [ -72.087696085850069, -50.129180197748028 ], [ -72.088306620609799, -50.133174635595026 ], [ -72.093876975474501, -50.136461392754782 ], [ -72.097485156340525, -50.137628578752896 ], [ -72.113256562937678, -50.136005943810673 ], [ -72.117156058114304, -50.134008296315891 ], [ -72.121556234706645, -50.133957436076962 ], [ -72.123499107891575, -50.134359273527402 ], [ -72.124506416776399, -50.135163968108309 ], [ -72.127620812794447, -50.138991846440192 ], [ -72.115820359552544, -50.139394778224528 ], [ -72.112497132605469, -50.141224043766321 ], [ -72.10909882365975, -50.142277364150281 ], [ -72.108308771041578, -50.143741842936748 ], [ -72.109584546205227, -50.147659902313933 ], [ -72.106410984396632, -50.151755600331114 ], [ -72.103174793696965, -50.152894323938845 ], [ -72.100204580220449, -50.155658000550829 ], [ -72.096725963402164, -50.155867790664388 ], [ -72.092633489500685, -50.154699992255551 ], [ -72.084751722760402, -50.154563576257274 ], [ -72.082004304696355, -50.155369472931618 ], [ -72.079705866778667, -50.157390869230298 ], [ -72.082276785311308, -50.160582402290117 ], [ -72.082961693960414, -50.163230493753254 ], [ -72.083249293684773, -50.165794716191584 ], [ -72.082066807246946, -50.16716151782655 ], [ -72.077789226854591, -50.170256064898872 ], [ -72.074284475217496, -50.171657372116634 ], [ -72.07088810700462, -50.175515152307582 ], [ -72.06636106276143, -50.175940597358647 ], [ -72.063860109849671, -50.172526556023314 ], [ -72.060523675534739, -50.172682035321657 ], [ -72.058256579076129, -50.174837048564434 ], [ -72.059863089329653, -50.17833774045063 ], [ -72.062635222741193, -50.18079150717184 ], [ -72.066792749142806, -50.180164653354261 ], [ -72.06927045057958, -50.181241200948762 ], [ -72.066879141451423, -50.185773680655188 ], [ -72.064299777766863, -50.186884937217123 ], [ -72.059830631018301, -50.186481281661479 ], [ -72.053918659680932, -50.184591205226113 ], [ -72.049474390965813, -50.184078588556197 ], [ -72.046557986542453, -50.183035618192669 ], [ -72.042898215885089, -50.178338650938223 ], [ -72.040947647639271, -50.173039265959687 ], [ -72.036732367468318, -50.170654235573991 ], [ -72.030491089015811, -50.169819219636196 ], [ -72.026260822967004, -50.170451168423845 ], [ -72.021889813719199, -50.173402177087034 ], [ -72.02176315797324, -50.175221944983726 ], [ -72.01931062452212, -50.177574345776868 ], [ -72.013967674169805, -50.177227629769277 ], [ -72.0124790175024, -50.1756566378168 ], [ -72.007490857644925, -50.177386652999928 ], [ -72.006073580819191, -50.17828664067688 ], [ -72.004421546672035, -50.180411157159689 ], [ -71.998205908237708, -50.18116988257308 ], [ -71.992009478490388, -50.178766957974432 ], [ -71.989845810779542, -50.177195095668729 ], [ -71.988163453222796, -50.17548041324963 ], [ -71.986422842162682, -50.171595547238311 ], [ -71.986121498375184, -50.169009000050558 ], [ -71.981207081490282, -50.174063162335962 ], [ -71.9461360518237, -50.200164129749034 ], [ -71.945965852203855, -50.204223968752132 ], [ -71.941292964449204, -50.205129285150612 ], [ -71.93833743122228, -50.206395607657605 ], [ -71.935663670640039, -50.218984969419878 ], [ -71.931782085907287, -50.221335611669801 ], [ -71.92997128340015, -50.225976356547839 ], [ -71.912324549979516, -50.238460899891002 ], [ -71.906363800558822, -50.241307906719662 ], [ -71.902570423322629, -50.245219969195198 ], [ -71.895254653435217, -50.257542011765665 ], [ -71.886382408989576, -50.264372082882886 ], [ -71.883792390948017, -50.268055752987486 ], [ -71.889270726799893, -50.27002374936405 ], [ -71.889244422983538, -50.274106825993037 ], [ -71.877647650815206, -50.283000170508188 ], [ -71.875388315266235, -50.286783343120987 ], [ -71.873589093835236, -50.296633725774733 ], [ -71.869866661710958, -50.298865862225611 ], [ -71.859271763203949, -50.312385889172546 ], [ -71.870034501810892, -50.316279316953391 ], [ -71.90652943175202, -50.318860928499845 ], [ -71.937503301485734, -50.320100608879898 ], [ -71.957109015504699, -50.321446609029138 ], [ -71.957995354672789, -50.328253590299369 ], [ -71.960897402520303, -50.334429215370541 ], [ -71.963007929768452, -50.340517051021891 ], [ -71.963531827390511, -50.346447498835033 ], [ -71.968488242188158, -50.355277156255909 ], [ -71.971271266603821, -50.357022439732027 ], [ -71.971508095626689, -50.358225826993014 ], [ -71.970311381329154, -50.359263542807255 ], [ -71.971472084184313, -50.360236491430925 ], [ -71.975389290322042, -50.359938430027526 ], [ -71.979144920613905, -50.362054274991863 ], [ -71.980296951106055, -50.365351829854411 ], [ -71.982540955391229, -50.365995645069944 ], [ -71.983450465185356, -50.367887626372209 ], [ -71.983225785427024, -50.369404075339148 ], [ -71.98500626694252, -50.370163152273761 ], [ -71.987036851681182, -50.374845343277684 ], [ -71.98658847615205, -50.377779314048936 ], [ -71.988369461893512, -50.381056128804609 ], [ -71.993735019413279, -50.38625487771484 ], [ -71.996657402186273, -50.390109132268428 ], [ -71.996136579565274, -50.39183106672818 ], [ -72.000470444246147, -50.393135528779837 ], [ -72.00457111125391, -50.395641815412084 ], [ -72.006779460593506, -50.391416843013566 ], [ -72.017168271728764, -50.395198590374868 ], [ -72.028415401835048, -50.395261270575794 ], [ -72.03939340114438, -50.388864501436139 ], [ -72.053053135468886, -50.605324302486835 ], [ -72.04906492511823, -50.605487294250317 ], [ -72.053922333991181, -50.691475812946301 ], [ -72.304726274273321, -50.681809393471042 ], [ -72.291335592029014, -50.66657799969169 ], [ -72.291491733065357, -50.658700794746359 ], [ -72.3007947060118, -50.653532069817452 ], [ -72.326066388463005, -50.652853237020729 ], [ -72.336613831211963, -50.648648687146469 ], [ -72.349431611529965, -50.622863369737352 ], [ -72.367000328084828, -50.61922254237151 ], [ -72.390670013152786, -50.632338914378785 ], [ -72.405555231642495, -50.634593103195648 ], [ -72.417595466292454, -50.623251228817203 ], [ -72.450693518593667, -50.618061493736214 ], [ -72.479028809302477, -50.599619059470868 ], [ -72.506643136038065, -50.602589562014984 ], [ -72.546983260918154, -50.617392085670311 ], [ -72.553898653332425, -50.627927555717079 ], [ -72.570945318234905, -50.628808607520511 ], [ -72.583707037247265, -50.653439049679847 ], [ -72.579854701815819, -50.671358990245544 ], [ -72.585139201104752, -50.67760827269273 ], [ -72.601373060644377, -50.681212438005225 ], [ -72.615624967295275, -50.673742689544781 ], [ -72.620143787850452, -50.660337648159626 ], [ -72.639657275373622, -50.652885419639496 ], [ -72.653519605779408, -50.662757086869846 ], [ -72.662957985363263, -50.658593431173131 ], [ -72.671474034805684, -50.65600039857938 ], [ -72.68445318807639, -50.64018956762613 ], [ -72.696673129069765, -50.643669069647608 ], [ -72.711366518920443, -50.63616425320388 ], [ -72.721045824366655, -50.61742360922139 ], [ -72.733994078046649, -50.612745995009362 ], [ -72.741031784937306, -50.621630056027001 ], [ -72.763584676915542, -50.628277204940538 ], [ -72.797733848207869, -50.631610303757007 ], [ -72.825350308116668, -50.647802055802693 ], [ -72.855960025729146, -50.651814599100845 ], [ -72.87044663216011, -50.663857055148419 ], [ -72.893982351800872, -50.669718102723941 ], [ -72.922790316327749, -50.714914473047394 ], [ -72.957871120651575, -50.739889390586022 ], [ -72.973546493150238, -50.746910102706281 ], [ -72.997359052437389, -50.755943062986297 ], [ -73.013947952586165, -50.759878219504479 ], [ -73.04874308698021, -50.761380668907584 ], [ -73.071867699273682, -50.771825548834997 ], [ -73.096956270603997, -50.794455478832333 ], [ -73.156396969154585, -50.794426827428858 ], [ -73.178600446498834, -50.807599976610184 ], [ -73.203043821951979, -50.814985969738593 ], [ -73.260876194914644, -50.827378710134909 ], [ -73.281765656214745, -50.822884527214043 ], [ -73.277406011433484, -50.814464205920899 ], [ -73.285103064774319, -50.81166285621422 ], [ -73.286782218723886, -50.775781300720006 ], [ -73.269290252015239, -50.760364759759476 ], [ -73.266229973028217, -50.752921763598984 ], [ -73.279897086417407, -50.746124070810431 ], [ -73.293814460402416, -50.740862512121637 ], [ -73.294174371113058, -50.737287474268165 ], [ -73.268357366197762, -50.732696589179398 ], [ -73.242520698961542, -50.719920484010331 ], [ -73.227533046231812, -50.70245494810797 ], [ -73.229682147064224, -50.686618974228956 ], [ -73.241186730030748, -50.66221250055451 ], [ -73.254674245138617, -50.639094819578453 ], [ -73.282993005390153, -50.614890439138371 ], [ -73.3052832137178, -50.609174383882404 ], [ -73.323564891347445, -50.583788180766753 ], [ -73.332250152432763, -50.573687806345689 ], [ -73.334431106067925, -50.56280405291497 ], [ -73.345697110244416, -50.546337086001564 ], [ -73.397241695467486, -50.517765064871561 ], [ -73.375578754036184, -50.512124594586517 ], [ -73.368767116108131, -50.506840168459817 ], [ -73.364149374464887, -50.48974842428153 ], [ -73.384965761865473, -50.488708291768738 ], [ -73.410591368761843, -50.488637760109363 ], [ -73.455121569684692, -50.484424576190975 ], [ -73.469507180400981, -50.476950400793712 ], [ -73.510747533816698, -50.460532464276142 ], [ -73.507600615296269, -50.455194654684938 ], [ -73.483161273226145, -50.447073651465963 ], [ -73.462766242773412, -50.43211800208752 ], [ -73.453509571292585, -50.415400995386001 ], [ -73.455920844126169, -50.398218102283273 ], [ -73.476169492249753, -50.391043759022104 ], [ -73.491528092502278, -50.380870855534674 ], [ -73.48331787782304, -50.37139265138206 ], [ -73.482039178511087, -50.362464996665892 ], [ -73.476193229505427, -50.344448686503156 ], [ -73.48526831201562, -50.325622480691777 ], [ -73.503766604935137, -50.316054823002354 ], [ -73.523489943953848, -50.293739685775044 ], [ -73.544448802930788, -50.28562995509219 ], [ -73.554294731047762, -50.276059682638397 ], [ -73.568105129979713, -50.272494216111667 ], [ -73.570803946890692, -50.26785427287146 ], [ -73.564991968693604, -50.256920019412036 ], [ -73.562093557612556, -50.241733093072369 ], [ -73.567001832864619, -50.223409875613882 ], [ -73.568213156279469, -50.215410305436393 ], [ -73.557038274198447, -50.197872944181313 ], [ -73.566389854910042, -50.188941444626288 ], [ -73.549651374836671, -50.179200994500675 ], [ -73.545034626670713, -50.170643176980974 ], [ -73.535868021747319, -50.164957407147227 ], [ -73.531307627856165, -50.155178015899715 ], [ -73.517079556049012, -50.133339724631078 ], [ -73.516077711237102, -50.116557654785417 ], [ -73.525652302854837, -50.10314096436197 ], [ -73.518853891478145, -50.082946548656679 ], [ -73.50141195166016, -50.062806040752122 ], [ -73.497961221361507, -50.057668863248978 ], [ -73.498641742503963, -50.053225768756185 ], [ -73.502730889384225, -50.048411839948955 ], [ -73.512599860826711, -50.046251211338209 ], [ -73.52879371395484, -50.044589210484681 ], [ -73.538356252580627, -50.038170046034736 ], [ -73.547820822730031, -50.030741924413903 ], [ -73.544379014394934, -50.023325415371744 ], [ -73.520307840344344, -50.017048717317167 ], [ -73.513117929043858, -50.010946967144122 ], [ -73.505296239193214, -50.006722400521426 ], [ -73.499871926958264, -49.998869035096412 ], [ -73.484662541459144, -49.990126494059986 ], [ -73.45697672289559, -49.98717909848925 ], [ -73.44850428718064, -49.984230654169068 ], [ -73.447161410866812, -49.98018942865518 ], [ -73.447330715846306, -49.97484877949956 ], [ -73.481038108812498, -49.970301837644953 ], [ -73.502153052971835, -49.965412291415333 ], [ -73.509884486154505, -49.961005001136591 ], [ -73.52999842096952, -49.952510638496797 ], [ -73.545211015090644, -49.945217232704685 ], [ -73.551489582227006, -49.941439815582484 ], [ -73.562158319114104, -49.920950926605727 ], [ -73.563420065138928, -49.906449950668907 ], [ -73.558244994793, -49.896043750129216 ], [ -73.548273560013939, -49.883725530241037 ], [ -73.543307098096406, -49.883578818524413 ], [ -73.53226557513851, -49.880741997779118 ] ], [ [ -72.242212552770809, -50.313065480277558 ], [ -72.2426565885645, -50.312625934780087 ], [ -72.243695506013523, -50.312673362202254 ], [ -72.248070747692353, -50.31340538918775 ], [ -72.250168450007109, -50.314870958498055 ], [ -72.253344845443806, -50.315883627483714 ], [ -72.254643359670908, -50.31705675806738 ], [ -72.256764067314549, -50.317775176990175 ], [ -72.260524533521306, -50.320389949264758 ], [ -72.263930251695058, -50.321665674608546 ], [ -72.264545713924619, -50.322345308306197 ], [ -72.268268204929512, -50.322195661877394 ], [ -72.268400840960538, -50.323104683979388 ], [ -72.270378824650834, -50.322914119055703 ], [ -72.271137168132299, -50.323576206609587 ], [ -72.272065111554326, -50.323639996381502 ], [ -72.271823443680276, -50.324977717222708 ], [ -72.273262881100081, -50.326708715723392 ], [ -72.274741093517619, -50.32665356108803 ], [ -72.275627210654505, -50.326057541515112 ], [ -72.276954340214772, -50.326460748503436 ], [ -72.27763845921389, -50.326144688173379 ], [ -72.278061995548256, -50.325206491474312 ], [ -72.278550925471038, -50.325422004960849 ], [ -72.279351485538541, -50.325929973001472 ], [ -72.279534844236963, -50.327673869879831 ], [ -72.280348030938939, -50.328109533497468 ], [ -72.276286045980825, -50.328435504278971 ], [ -72.276386748920501, -50.329898467300005 ], [ -72.279356547590424, -50.33003048559079 ], [ -72.279312695314516, -50.331789789129708 ], [ -72.27988675917932, -50.331863507724265 ], [ -72.280106568085912, -50.332657647873411 ], [ -72.281613758758681, -50.333936999517711 ], [ -72.281743288136724, -50.3347966357709 ], [ -72.285010822059078, -50.336489320479728 ], [ -72.284927806359889, -50.33737294932407 ], [ -72.292305255951632, -50.339619089932611 ], [ -72.288515784445565, -50.340648177555622 ], [ -72.289860334773721, -50.340533669059852 ], [ -72.292798811301253, -50.34126874542666 ], [ -72.296435739945281, -50.339407527030922 ], [ -72.297146748300989, -50.337755175900703 ], [ -72.300592587799073, -50.335170838149267 ], [ -72.304152321317943, -50.334282774757753 ], [ -72.308059467480348, -50.334958431114039 ], [ -72.310514040910874, -50.334191566719618 ], [ -72.313781326324246, -50.334201818865445 ], [ -72.314410832170026, -50.332700059837585 ], [ -72.316236316233173, -50.331577822992664 ], [ -72.317706343758516, -50.329539458944026 ], [ -72.317992861231772, -50.328258803557738 ], [ -72.316953287782013, -50.32624264918595 ], [ -72.316026015570358, -50.325131545493349 ], [ -72.314490364375601, -50.324410995378315 ], [ -72.311279210076137, -50.31974543369202 ], [ -72.307846917801783, -50.317649011282768 ], [ -72.303801692733003, -50.318555508734271 ], [ -72.301943190558603, -50.315451916352814 ], [ -72.299446898343746, -50.314996784672068 ], [ -72.296313000298966, -50.313242265682959 ], [ -72.290421030193514, -50.315162915287083 ], [ -72.285670228249586, -50.31775241360036 ], [ -72.284558909825236, -50.317523058344939 ], [ -72.286904039702975, -50.315788571907298 ], [ -72.291803335039987, -50.313370169212966 ], [ -72.297867029883577, -50.305212617572238 ], [ -72.303068955032856, -50.303486560233061 ], [ -72.311325030036912, -50.302882746532134 ], [ -72.315873079244255, -50.303472398586614 ], [ -72.333556039745147, -50.308168484035058 ], [ -72.3352384073889, -50.308731690291495 ], [ -72.335199978991369, -50.309285849796204 ], [ -72.340869987902863, -50.31144301941081 ], [ -72.34828893720281, -50.313050406800684 ], [ -72.355684239471643, -50.313268617996421 ], [ -72.359875559180111, -50.314253554910415 ], [ -72.361165527699413, -50.315218928201197 ], [ -72.355992271174088, -50.318237236244947 ], [ -72.353321130986302, -50.317203778767826 ], [ -72.347171039772078, -50.317475609855798 ], [ -72.340220612738591, -50.31589963606374 ], [ -72.331199941516616, -50.312076002581861 ], [ -72.321173826023156, -50.309368559104158 ], [ -72.319181596879403, -50.30838685053444 ], [ -72.316158326550095, -50.307771781273708 ], [ -72.310970370220119, -50.308032210443827 ], [ -72.326821284088595, -50.323172674370262 ], [ -72.328114396670344, -50.326449457279836 ], [ -72.328215255046786, -50.328645294206844 ], [ -72.327878055632041, -50.33195978947024 ], [ -72.327220556372296, -50.332653080811745 ], [ -72.330078653570581, -50.333191676063031 ], [ -72.339669993327448, -50.330074590394901 ], [ -72.342805813445892, -50.329916939558643 ], [ -72.344134134156974, -50.341672716913024 ], [ -72.337913209717982, -50.341982037457612 ], [ -72.334710151951811, -50.339538078915837 ], [ -72.334504772855567, -50.338662685537756 ], [ -72.332318850106077, -50.336391797319905 ], [ -72.32671480856402, -50.340491247155498 ], [ -72.32587805909877, -50.339476547082278 ], [ -72.323840257122953, -50.339773182126386 ], [ -72.309628742977694, -50.3515097581273 ], [ -72.305112207928289, -50.352955770536816 ], [ -72.297102309063874, -50.357540321694032 ], [ -72.297283643409614, -50.359648451246777 ], [ -72.293742701129332, -50.359771374669982 ], [ -72.29380990991497, -50.361248761121153 ], [ -72.290297296940139, -50.361325811795751 ], [ -72.289991914660476, -50.359045830635438 ], [ -72.268537778320152, -50.359512003931378 ], [ -72.268587815553431, -50.361875653502345 ], [ -72.269436093481971, -50.363223159103512 ], [ -72.253072942578854, -50.363489125707531 ], [ -72.25166057522469, -50.367966500090958 ], [ -72.241631639470413, -50.366767459552804 ], [ -72.243750935489572, -50.360017841005195 ], [ -72.243038580663807, -50.360033230957285 ], [ -72.243971578961819, -50.356967694087508 ], [ -72.245095856437644, -50.35614045364148 ], [ -72.244185680174425, -50.35521265948595 ], [ -72.240004998623604, -50.355329325088377 ], [ -72.238749390062239, -50.350153139004959 ], [ -72.238553201886532, -50.347168576633194 ], [ -72.235809788819338, -50.345936602373158 ], [ -72.231014234856573, -50.346402800595285 ], [ -72.229945037120729, -50.336761023798751 ], [ -72.231674728223268, -50.334972853738392 ], [ -72.228775185054062, -50.334014839704643 ], [ -72.22440405565159, -50.33347080247438 ], [ -72.214341264224004, -50.334199309344974 ], [ -72.201951495605172, -50.330625228446266 ], [ -72.193168572052784, -50.326973227187203 ], [ -72.192725401846673, -50.326230036616856 ], [ -72.194031732230854, -50.325182464885017 ], [ -72.197116625230763, -50.320291088523213 ], [ -72.196801666003807, -50.318685596429837 ], [ -72.206090350035907, -50.313753451470802 ], [ -72.211414190431881, -50.317886836924934 ], [ -72.217686517172353, -50.317803174582252 ], [ -72.22226474859383, -50.318939714335336 ], [ -72.237913405239723, -50.320163674753914 ], [ -72.23853348256462, -50.313379448681879 ], [ -72.237145500188404, -50.313310230105728 ], [ -72.23714116973477, -50.312420082241331 ], [ -72.242212552770809, -50.313065480277558 ] ] ] } },
{ "type": "Feature", "properties": { "codigo_indec": "780280502" }, "geometry": { "type": "Polygon", "coordinates": [ [ [ -71.986121498375184, -50.169009000050558 ], [ -71.986839674683793, -50.166270323534803 ], [ -71.987351954469503, -50.160232238184506 ], [ -71.988501349050196, -50.1585750213141 ], [ -71.99811130340558, -50.156016094180586 ], [ -72.001454643799278, -50.150848951127621 ], [ -72.001739814085781, -50.146633119626536 ], [ -72.00286375794218, -50.142516979043656 ], [ -72.00469392778416, -50.140239476935314 ], [ -72.005529744229236, -50.137614518300744 ], [ -72.007995361400233, -50.137887842295314 ], [ -72.010928430296644, -50.13724973975809 ], [ -72.014212292785061, -50.133792306465622 ], [ -72.015337298420363, -50.12949165431727 ], [ -72.016859687357808, -50.12617432330714 ], [ -72.020977825403762, -50.121935122446608 ], [ -72.023876248760502, -50.120654620975792 ], [ -72.026222659004475, -50.118552143873963 ], [ -72.021991350485607, -50.066636223251251 ], [ -71.73857237420583, -50.073602236622868 ], [ -71.731946704446472, -49.985644000408193 ], [ -71.175679666336023, -49.999078740041199 ], [ -71.180815346144016, -50.088767142964542 ], [ -71.243536411099768, -50.08778276663184 ], [ -71.251949463407584, -50.218225187279202 ], [ -71.256184419083951, -50.220291931394804 ], [ -71.258855819877553, -50.223665717586172 ], [ -71.259271807523447, -50.225869503020142 ], [ -71.259042718592227, -50.22769471071355 ], [ -71.256964894648505, -50.230144790746245 ], [ -71.259194517053842, -50.230906170317049 ], [ -71.263912978786522, -50.231016601127159 ], [ -71.26852284776291, -50.228912587970861 ], [ -71.276477450583585, -50.218691087766608 ], [ -71.279969989439351, -50.21809657903983 ], [ -71.284734951897747, -50.218618847962489 ], [ -71.286523286268221, -50.220557266428678 ], [ -71.286962077770198, -50.224383460127768 ], [ -71.2894986275642, -50.226208192061677 ], [ -71.296876242380975, -50.22726737256324 ], [ -71.305822818086213, -50.225759367450181 ], [ -71.317313643243111, -50.22029764765955 ], [ -71.32597424853067, -50.219504106060754 ], [ -71.337936101851227, -50.223107766371541 ], [ -71.344039152996203, -50.224027757004642 ], [ -71.348863466669684, -50.22188023040561 ], [ -71.350992430193074, -50.220429985973453 ], [ -71.357914169035055, -50.2195523561182 ], [ -71.36207520811567, -50.216693921761909 ], [ -71.377418340898132, -50.215895290353515 ], [ -71.39163655750805, -50.220350870430018 ], [ -71.400677963682838, -50.22234926232057 ], [ -71.408795793461266, -50.223039861236636 ], [ -71.419499449390273, -50.221441647824037 ], [ -71.425429598065264, -50.222585757624657 ], [ -71.430123870858267, -50.222847285210825 ], [ -71.435716418427162, -50.222033276226462 ], [ -71.440554176542506, -50.222291372338695 ], [ -71.441616376951998, -50.224840637556454 ], [ -71.436301312044193, -50.230140398083684 ], [ -71.438161020495343, -50.233828375660295 ], [ -71.441629462388093, -50.236619324302325 ], [ -71.445133134560152, -50.238173088509505 ], [ -71.45397452567012, -50.236098383552665 ], [ -71.457453203686583, -50.233547646864174 ], [ -71.459443423266237, -50.23034047633471 ], [ -71.462460861814023, -50.227556576564908 ], [ -71.47405971578641, -50.222890676938654 ], [ -71.478352479585155, -50.222632798046916 ], [ -71.481462639239993, -50.224027521576033 ], [ -71.486701946086185, -50.228627066530976 ], [ -71.488838637786884, -50.229552391422772 ], [ -71.49377062884362, -50.229446590125427 ], [ -71.497459806583919, -50.227218309276786 ], [ -71.502672559937878, -50.220366842072018 ], [ -71.506288451347672, -50.219434649977011 ], [ -71.509116768333556, -50.220187319088758 ], [ -71.511275905395706, -50.222739239668606 ], [ -71.511016623988681, -50.22627407575439 ], [ -71.513302533050989, -50.227564384638498 ], [ -71.515296884675962, -50.228173101716422 ], [ -71.518654840545466, -50.228257677078155 ], [ -71.523693980203021, -50.227662727895492 ], [ -71.52617033123849, -50.226714214028391 ], [ -71.530071312999752, -50.22143658823164 ], [ -71.530274020505232, -50.219242693476758 ], [ -71.51776662415736, -50.213791340910298 ], [ -71.513181566340705, -50.209669068897377 ], [ -71.51307301131007, -50.207603329721678 ], [ -71.514417498507783, -50.20546117531584 ], [ -71.518589248159998, -50.202938506703148 ], [ -71.524326672121973, -50.201357256579918 ], [ -71.530639108046515, -50.20105350071151 ], [ -71.538629863561326, -50.20380137695917 ], [ -71.543224172513789, -50.204510093030031 ], [ -71.552950138433388, -50.204175265905576 ], [ -71.557732949834048, -50.205980753530284 ], [ -71.560232427970206, -50.210142798211969 ], [ -71.56366556397505, -50.212827516848435 ], [ -71.570895623992612, -50.215428132499206 ], [ -71.572883305337882, -50.214736701020058 ], [ -71.582297261922164, -50.216762182720437 ], [ -71.589156714719437, -50.220705188846502 ], [ -71.593677886234715, -50.219956883965132 ], [ -71.60031648244555, -50.2164005254307 ], [ -71.600876938118986, -50.212728313305114 ], [ -71.595725006689804, -50.208747837310099 ], [ -71.595771737931017, -50.207285625903374 ], [ -71.597387965864641, -50.204668835648974 ], [ -71.607288580320642, -50.201888760753093 ], [ -71.626839360400382, -50.529108000907151 ], [ -71.559466104448546, -50.53061390958689 ], [ -71.56202959128909, -50.618663202654737 ], [ -71.499794230002266, -50.620020433549527 ], [ -71.506314132861121, -50.71146369036861 ], [ -71.697074744285402, -50.704888692989265 ], [ -72.053922333991181, -50.691475812946301 ], [ -72.04906492511823, -50.605487294250317 ], [ -72.053053135468886, -50.605324302486835 ], [ -72.03939340114438, -50.388864501436139 ], [ -72.028415401835048, -50.395261270575794 ], [ -72.017168271728764, -50.395198590374868 ], [ -72.006779460593506, -50.391416843013566 ], [ -72.00457111125391, -50.395641815412084 ], [ -72.000470444246147, -50.393135528779837 ], [ -71.996136579565274, -50.39183106672818 ], [ -71.996657402186273, -50.390109132268428 ], [ -71.993735019413279, -50.38625487771484 ], [ -71.988369461893512, -50.381056128804609 ], [ -71.98658847615205, -50.377779314048936 ], [ -71.987036851681182, -50.374845343277684 ], [ -71.98500626694252, -50.370163152273761 ], [ -71.983225785427024, -50.369404075339148 ], [ -71.983450465185356, -50.367887626372209 ], [ -71.982540955391229, -50.365995645069944 ], [ -71.980296951106055, -50.365351829854411 ], [ -71.979144920613905, -50.362054274991863 ], [ -71.975389290322042, -50.359938430027526 ], [ -71.971472084184313, -50.360236491430925 ], [ -71.970311381329154, -50.359263542807255 ], [ -71.971508095626689, -50.358225826993014 ], [ -71.971271266603821, -50.357022439732027 ], [ -71.968488242188158, -50.355277156255909 ], [ -71.963531827390511, -50.346447498835033 ], [ -71.963007929768452, -50.340517051021891 ], [ -71.960897402520303, -50.334429215370541 ], [ -71.957995354672789, -50.328253590299369 ], [ -71.957109015504699, -50.321446609029138 ], [ -71.937503301485734, -50.320100608879898 ], [ -71.90652943175202, -50.318860928499845 ], [ -71.870034501810892, -50.316279316953391 ], [ -71.859271763203949, -50.312385889172546 ], [ -71.869866661710958, -50.298865862225611 ], [ -71.873589093835236, -50.296633725774733 ], [ -71.875388315266235, -50.286783343120987 ], [ -71.877647650815206, -50.283000170508188 ], [ -71.889244422983538, -50.274106825993037 ], [ -71.889270726799893, -50.27002374936405 ], [ -71.883792390948017, -50.268055752987486 ], [ -71.886382408989576, -50.264372082882886 ], [ -71.895254653435217, -50.257542011765665 ], [ -71.902570423322629, -50.245219969195198 ], [ -71.906363800558822, -50.241307906719662 ], [ -71.912324549979516, -50.238460899891002 ], [ -71.92997128340015, -50.225976356547839 ], [ -71.931782085907287, -50.221335611669801 ], [ -71.935663670640039, -50.218984969419878 ], [ -71.93833743122228, -50.206395607657605 ], [ -71.941292964449204, -50.205129285150612 ], [ -71.945965852203855, -50.204223968752132 ], [ -71.9461360518237, -50.200164129749034 ], [ -71.981207081490282, -50.174063162335962 ], [ -71.986121498375184, -50.169009000050558 ] ] ] } },
{ "type": "Feature", "properties": { "codigo_indec": "780280102" }, "geometry": { "type": "Polygon", "coordinates": [ [ [ -73.077138755704723, -49.271384405753921 ], [ -73.045171754555284, -49.27361173704297 ], [ -73.075583106488907, -49.263110029494584 ], [ -73.091426616551416, -49.251075982913569 ], [ -73.132952969078062, -49.258815333833162 ], [ -73.149917970975878, -49.248086654425855 ], [ -73.148345279924953, -49.241626270314882 ], [ -73.145534343512963, -49.236775535083645 ], [ -73.150624770101771, -49.223774367389794 ], [ -73.142818181137102, -49.212590800988224 ], [ -73.146440183952677, -49.198585598174802 ], [ -73.145369813916147, -49.193834168540121 ], [ -73.101639272116174, -49.163011311809733 ], [ -73.097954002521064, -49.155721414426907 ], [ -73.087133202784599, -49.148729597106531 ], [ -73.08531536700049, -49.143806258139236 ], [ -73.086802615831985, -49.141055010560571 ], [ -73.086789701714778, -49.136778299336548 ], [ -73.074317405413936, -49.130927767233239 ], [ -73.071121717619533, -49.126893950256772 ], [ -73.073802962356638, -49.122279184581842 ], [ -73.057879726058033, -49.110144340903823 ], [ -73.059223293395092, -49.101560698386038 ], [ -73.054918273437835, -49.099000231021812 ], [ -73.054622130533474, -49.095412618841948 ], [ -73.049729744812836, -49.090466443735707 ], [ -73.053893978322506, -49.086443152442328 ], [ -73.046816941822172, -49.083413183488531 ], [ -73.040042821854826, -49.079297255491035 ], [ -73.033334976934682, -49.076955141544857 ], [ -73.033650174593973, -49.071007367133291 ], [ -73.029937474473186, -49.067089489792444 ], [ -73.012713564670094, -49.064047573187587 ], [ -73.007965114457065, -49.056121798154493 ], [ -73.010764648602503, -49.051373949431699 ], [ -72.984735650251409, -49.035519322776715 ], [ -72.989307423203655, -49.023932933338259 ], [ -72.984724236664974, -49.010918316471077 ], [ -72.961087523630582, -48.985472512382955 ], [ -72.938881717632739, -48.953820475566737 ], [ -72.933023471157767, -48.943339099567766 ], [ -72.927136615408983, -48.93802154800828 ], [ -72.902407968947628, -48.949107394290763 ], [ -72.867916377253223, -48.953414594478481 ], [ -72.845430518012989, -48.960050146252925 ], [ -72.813518927814854, -48.965743395831126 ], [ -72.787386830480912, -48.963066095550424 ], [ -72.782492321846135, -48.954128694739225 ], [ -72.777984511681879, -48.951681637315247 ], [ -72.770428917080537, -48.946527840925008 ], [ -72.770978718175215, -48.935716106278804 ], [ -72.761447610128144, -48.927032985706688 ], [ -72.757085392820272, -48.919435361657982 ], [ -72.740343914881734, -48.909510377414641 ], [ -72.728154123341099, -48.88999123439006 ], [ -72.680478927148073, -48.870980884967281 ], [ -72.612700122154394, -48.840724059458523 ], [ -72.601371654858852, -48.85180954959786 ], [ -72.601745637701995, -48.854217407040032 ], [ -72.603568056326708, -48.858428339083964 ], [ -72.604034047971282, -48.862492817064407 ], [ -72.602754562893523, -48.863895540192381 ], [ -72.604282634820649, -48.865997435880736 ], [ -72.598408880896471, -48.867881113557949 ], [ -72.592034032363046, -48.867630409392376 ], [ -72.584100158445111, -48.869123365536211 ], [ -72.580489280807356, -48.867198418302777 ], [ -72.571748300860946, -48.867222512215989 ], [ -72.56857198534955, -48.866318090975511 ], [ -72.564786296620184, -48.868585043213287 ], [ -72.560399855712291, -48.869741625780186 ], [ -72.557467581967941, -48.871986440802253 ], [ -72.551015563765404, -48.870602530397605 ], [ -72.55119172955969, -48.873088586526904 ], [ -72.549024278970904, -48.874059353500151 ], [ -72.545851161630637, -48.872911353785305 ], [ -72.54605263622372, -48.868484335182941 ], [ -72.535168195348461, -48.870064718122713 ], [ -72.533992333340251, -48.872821650421223 ], [ -72.535511691463753, -48.87493370116205 ], [ -72.543219400822764, -48.876958942745127 ], [ -72.540109810238363, -48.879123311641834 ], [ -72.536439926518383, -48.880792112738959 ], [ -72.537101191625595, -48.882818057575705 ], [ -72.539409164114844, -48.883875963112814 ], [ -72.538882024372185, -48.886163276807451 ], [ -72.540328255100832, -48.887135209095248 ], [ -72.531570270240323, -48.889675204383742 ], [ -72.522067503296242, -48.891432296560438 ], [ -72.529646735178318, -48.891654494721251 ], [ -72.530568136038227, -48.892534697828388 ], [ -72.537479747373013, -48.89300620407311 ], [ -72.537046917122922, -48.894265235888057 ], [ -72.532438181958341, -48.89463154037626 ], [ -72.53708440170692, -48.897209783821815 ], [ -72.524612270918837, -48.898275705688306 ], [ -72.520766315287162, -48.899747000942085 ], [ -72.521484164615785, -48.895308766752443 ], [ -72.519188377879573, -48.894474991151469 ], [ -72.516038914222122, -48.896149708664169 ], [ -72.512963533860486, -48.896841681546491 ], [ -72.511181724196462, -48.895506367942367 ], [ -72.510134842198127, -48.897696948631129 ], [ -72.50258665614399, -48.898466401028472 ], [ -72.501820485945188, -48.895265185718848 ], [ -72.499084561537515, -48.895204423035651 ], [ -72.495171998075264, -48.897585321082218 ], [ -72.494121529388295, -48.900077172608654 ], [ -72.49278820219773, -48.900373953612444 ], [ -72.492361305075462, -48.901637124775526 ], [ -72.488959974300954, -48.903925849539469 ], [ -72.488844032105803, -48.901136590547956 ], [ -72.481572954701093, -48.902175089993754 ], [ -72.47752752366749, -48.901631709297021 ], [ -72.475170186340634, -48.905948217718759 ], [ -72.46860881340946, -48.911187345786345 ], [ -72.468406517924734, -48.912403183261411 ], [ -72.462216764175778, -48.915687955213926 ], [ -72.459781750080495, -48.915306899005216 ], [ -72.458008475673438, -48.916947652264881 ], [ -72.453975756555025, -48.917788188488771 ], [ -72.448659670601074, -48.92357343328036 ], [ -72.443503248973769, -48.9257469141142 ], [ -72.440686943279729, -48.927665908777229 ], [ -72.437946392684097, -48.927860155937211 ], [ -72.436322700889647, -48.925237281035209 ], [ -72.431223085407126, -48.925114956404066 ], [ -72.431168906185007, -48.924325068700163 ], [ -72.427415446973043, -48.92477408833151 ], [ -72.423093643984245, -48.924448373498187 ], [ -72.42184859777656, -48.923806290538671 ], [ -72.423154942903139, -48.922751121826302 ], [ -72.420650178851361, -48.921350453720777 ], [ -72.418791592279987, -48.92186433619424 ], [ -72.416162701985328, -48.921141828912347 ], [ -72.415927446547641, -48.920244875941862 ], [ -72.41448171416657, -48.919158949032166 ], [ -72.409035233958932, -48.919994825306283 ], [ -72.401803375409486, -48.919866820807201 ], [ -72.400238953833991, -48.91707980171963 ], [ -72.395891693829711, -48.916416535433775 ], [ -72.385559142900092, -48.921532597824751 ], [ -72.382970868856262, -48.921100455540561 ], [ -72.375208923144683, -48.92586123366447 ], [ -72.375384578019364, -48.9284644227996 ], [ -72.373000765930342, -48.931371926649049 ], [ -72.367220979358621, -48.934940820279898 ], [ -72.36555441079787, -48.938272412544606 ], [ -72.362104021043976, -48.939902170188745 ], [ -72.356568430756482, -48.937626136105571 ], [ -72.354674105671364, -48.935081977330753 ], [ -72.349942458675685, -48.933636668727786 ], [ -72.347798705491456, -48.930060818571199 ], [ -72.348649531557655, -48.927324333386643 ], [ -72.350842158096214, -48.9266894485542 ], [ -72.345536439879766, -48.921595511904236 ], [ -72.330751255614743, -48.921942966946666 ], [ -72.32850521769916, -48.924391344150649 ], [ -72.326637737893108, -48.92478706185139 ], [ -72.323959401057195, -48.928489027538483 ], [ -72.321326527372449, -48.930260362644802 ], [ -72.319241898471816, -48.932479043081621 ], [ -72.302554540758877, -48.937716491359225 ], [ -72.297413366097956, -48.938115575564154 ], [ -72.294084697283168, -48.939294583504385 ], [ -72.289921879217204, -48.939211152396993 ], [ -72.283823800293476, -48.94063529458753 ], [ -72.277135546521123, -48.940663820674636 ], [ -72.272314155825427, -48.938237524753831 ], [ -72.265112697321186, -48.937771760583828 ], [ -72.260331784058323, -48.93616228420364 ], [ -72.253127679912794, -48.936856085872535 ], [ -72.249013486488323, -48.938514656983486 ], [ -72.248002260883169, -48.941915949401356 ], [ -72.248270308067504, -48.948878807199961 ], [ -72.250523289698521, -48.952340953762977 ], [ -72.247039458047553, -48.954368403779718 ], [ -72.250353275028601, -48.960278522222914 ], [ -72.254621675445378, -48.962429051590604 ], [ -72.25449846488651, -48.965832289859812 ], [ -72.24963872083066, -48.970502439015739 ], [ -72.246402257658644, -48.971047856339396 ], [ -72.244993487748545, -48.975701479962531 ], [ -72.240750540017643, -48.980902503136527 ], [ -72.240964857298565, -48.985362013873115 ], [ -72.236539206477815, -48.990451082511683 ], [ -72.237425449743156, -48.994527464433503 ], [ -72.236879338410063, -48.996696869319308 ], [ -72.240492133628507, -49.00191980861235 ], [ -72.238487898096793, -49.008213482786005 ], [ -72.236313666326225, -49.011894634239482 ], [ -72.238610815685973, -49.015791970713934 ], [ -72.247410606327392, -49.018269577172845 ], [ -72.256862303115355, -49.017890487288334 ], [ -72.258142975597551, -49.016667084942057 ], [ -72.259714804847519, -49.012211076743576 ], [ -72.257824241254568, -49.008909755346735 ], [ -72.258469646856412, -49.005604193990976 ], [ -72.255565332438792, -49.003311839514154 ], [ -72.254555979096054, -48.995749381153097 ], [ -72.256756881856731, -48.993083436995128 ], [ -72.261147213991535, -48.991142497043185 ], [ -72.26290511572833, -48.988920678901046 ], [ -72.262915283938128, -48.986671877170508 ], [ -72.269748896867767, -48.977866381539499 ], [ -72.271686033843736, -48.975994600487979 ], [ -72.27221490943387, -48.973483727380355 ], [ -72.273714860800069, -48.972762074078567 ], [ -72.275787891320789, -48.967603516676462 ], [ -72.275550702046928, -48.961381847477497 ], [ -72.274158408208294, -48.958529812306132 ], [ -72.274116662251416, -48.9525769019249 ], [ -72.276640894899373, -48.946501580612995 ], [ -72.277314166397943, -48.943649285710208 ], [ -72.280023496177293, -48.943113492239505 ], [ -72.278439679447573, -48.945092303125882 ], [ -72.280544830005397, -48.945284222484794 ], [ -72.282030090958429, -48.94736903645871 ], [ -72.283970284087843, -48.946711150419638 ], [ -72.287434222171925, -48.948460668095947 ], [ -72.291428396273631, -48.949030197938612 ], [ -72.297597745294979, -48.948156759566466 ], [ -72.31684360749469, -48.956211768147178 ], [ -72.332530861140071, -48.964168691412759 ], [ -72.338920921690146, -48.969645543457148 ], [ -72.343874470762017, -48.976755707679921 ], [ -72.34663381825429, -48.979396343063797 ], [ -72.347368298270055, -48.982657882568816 ], [ -72.350502980985226, -48.985741729770773 ], [ -72.351813670676066, -48.988572755730615 ], [ -72.3551609338068, -48.991047686337431 ], [ -72.357966994796172, -48.994361258086869 ], [ -72.358463680680075, -48.996613315423325 ], [ -72.358066278837441, -48.998324792771726 ], [ -72.361130435719687, -49.008097570956139 ], [ -72.36395961746129, -49.009148294226136 ], [ -72.364786174982569, -49.011165841088463 ], [ -72.369126999033057, -49.011718092855155 ], [ -72.370761460376158, -49.016581117341758 ], [ -72.368102682394294, -49.022059833572143 ], [ -72.367123176105366, -49.025375813671701 ], [ -72.370588891552217, -49.030715981370996 ], [ -72.372730635200014, -49.031894526262313 ], [ -72.374434681394135, -49.036607055220998 ], [ -72.374220335064607, -49.038542573989986 ], [ -72.379193820971665, -49.040771338374483 ], [ -72.38110189362736, -49.043436117963672 ], [ -72.382171235015548, -49.045936600882321 ], [ -72.380364446269112, -49.047891859221579 ], [ -72.380430738018831, -49.051388636153668 ], [ -72.38263080978237, -49.053257840514718 ], [ -72.38354280612576, -49.056509440271 ], [ -72.382817364645092, -49.058572398823891 ], [ -72.388868307611219, -49.066439939946711 ], [ -72.388675771736388, -49.069040406899887 ], [ -72.386335480633647, -49.071964806899075 ], [ -72.391650064254662, -49.07939063363505 ], [ -72.403295107115596, -49.088801618143819 ], [ -72.412128184654733, -49.098735406906997 ], [ -72.415763355742357, -49.101456431716777 ], [ -72.4249527941856, -49.112066751917411 ], [ -72.422905940070493, -49.114672868763151 ], [ -72.42040990182754, -49.116280432085624 ], [ -72.418566271883662, -49.114527283565238 ], [ -72.415636717963508, -49.114614095877506 ], [ -72.415019064587085, -49.113152856442845 ], [ -72.410464329060005, -49.112266824313821 ], [ -72.410057492642835, -49.11137944446083 ], [ -72.406347521441404, -49.11012199269851 ], [ -72.404872893403891, -49.1086950070722 ], [ -72.401606405482497, -49.108908336562408 ], [ -72.395965759954578, -49.107257785600666 ], [ -72.39463178011809, -49.104023211099381 ], [ -72.392455320120902, -49.104698863418399 ], [ -72.390178040180587, -49.103344772149711 ], [ -72.387020934638045, -49.102646070355206 ], [ -72.387975485536742, -49.101376842318828 ], [ -72.382737044046436, -49.098018446193969 ], [ -72.384017161994663, -49.096501355167739 ], [ -72.380702573324669, -49.093428166895187 ], [ -72.377860248925515, -49.092261289973784 ], [ -72.375156647685756, -49.093136438647328 ], [ -72.371589309086616, -49.091424000844476 ], [ -72.368820340493855, -49.091284580340321 ], [ -72.368488378882233, -49.088910846589748 ], [ -72.366856411960725, -49.087712831674722 ], [ -72.363041085356812, -49.087486900151056 ], [ -72.361269094708447, -49.086747092126423 ], [ -72.357637400916005, -49.087262136778584 ], [ -72.357607886443418, -49.089462046699303 ], [ -72.35881329634816, -49.092660307169631 ], [ -72.354940603322078, -49.092705597721775 ], [ -72.35240020014885, -49.089811445573424 ], [ -72.350857086690141, -49.085912404003395 ], [ -72.346400217530757, -49.083779835976166 ], [ -72.345447908411472, -49.084940722728867 ], [ -72.344066597239475, -49.085016769254857 ], [ -72.343350088474665, -49.082047023664117 ], [ -72.341707587207409, -49.080628608267048 ], [ -72.337524646414934, -49.080066218381852 ], [ -72.334050520098842, -49.074500477789748 ], [ -72.329375191187367, -49.074293807068038 ], [ -72.325367674668797, -49.071122137682316 ], [ -72.325099470257868, -49.069259111087042 ], [ -72.328053040659469, -49.067420050769591 ], [ -72.325553580775974, -49.065504488155149 ], [ -72.326108326673278, -49.064076418677253 ], [ -72.321235725807469, -49.062179736939086 ], [ -72.315185344186943, -49.065969480385775 ], [ -72.310213897529039, -49.067214093944244 ], [ -72.310195772436828, -49.071212460466491 ], [ -72.311035372745735, -49.074727501579872 ], [ -72.310600784559398, -49.079821603159836 ], [ -72.313600094403299, -49.082352705920286 ], [ -72.315336827544016, -49.091359757704943 ], [ -72.317581016310555, -49.096619666273014 ], [ -72.320683659080217, -49.099138622328276 ], [ -72.320625787767, -49.100835659922375 ], [ -72.324888690451857, -49.107741643494194 ], [ -72.319626347260282, -49.106535156862471 ], [ -72.302079047888739, -49.097064627512147 ], [ -72.301535807574112, -49.094710266056744 ], [ -72.297677195398904, -49.093111822548273 ], [ -72.291136377962189, -49.094022709135288 ], [ -72.282747151367602, -49.102154047178189 ], [ -72.27257712804527, -49.106791683162406 ], [ -72.266189055007374, -49.107611357659614 ], [ -72.265247552123114, -49.111734754384784 ], [ -72.265119589924296, -49.117606912603371 ], [ -72.26256224684235, -49.119455585903893 ], [ -72.256059202672205, -49.121788912855642 ], [ -72.234459630514792, -49.12378625007517 ], [ -72.224010464670442, -49.122621812476005 ], [ -72.217509442660202, -49.125231698420912 ], [ -72.209911639476161, -49.128906032575379 ], [ -72.208337177056933, -49.131211789407061 ], [ -72.202825114343142, -49.136806247092956 ], [ -72.20118653675074, -49.139136164757446 ], [ -72.20186634691305, -49.143407345290697 ], [ -72.19997094162774, -49.146063650918911 ], [ -72.200693404451087, -49.150783341664699 ], [ -72.204756339496853, -49.15616125236518 ], [ -72.211951416854248, -49.162243309914523 ], [ -72.120824782139408, -49.166385855053321 ], [ -72.099597917542937, -49.177152417734135 ], [ -72.053616707504275, -49.176121148264883 ], [ -72.034695384048533, -49.177838998900675 ], [ -72.017900806496883, -49.173553390730525 ], [ -71.999258540332363, -49.170077847553912 ], [ -71.982377838106302, -49.170137698102863 ], [ -71.970112482469915, -49.192299262488952 ], [ -71.963086436679333, -49.200097352475375 ], [ -71.961986631108687, -49.204887619558413 ], [ -71.952175452201047, -49.214316820098546 ], [ -71.940715432611185, -49.222285274929355 ], [ -71.922320109376898, -49.236588819769466 ], [ -71.906578374696878, -49.250287444315525 ], [ -71.889998817900263, -49.263375284894948 ], [ -71.856455868683597, -49.297566033442855 ], [ -71.796575136554154, -49.337167174102326 ], [ -71.762456628541912, -49.386613583494793 ], [ -71.749565095898575, -49.399362905450189 ], [ -71.731536678794129, -49.406409346983281 ], [ -71.738154867661805, -49.415875146877589 ], [ -71.739499332198378, -49.421823581648631 ], [ -71.727900929645429, -49.444535270884174 ], [ -71.71508746823217, -49.451635624990274 ], [ -71.671205100518236, -49.456511603971684 ], [ -71.66757299704048, -49.459994770987606 ], [ -71.657112690567743, -49.472245580278717 ], [ -71.645999229825506, -49.479069726154272 ], [ -71.634163001279035, -49.483350815552342 ], [ -71.626377125311606, -49.489260833145444 ], [ -71.619512769031431, -49.491003793917763 ], [ -71.613186961159229, -49.4944427842292 ], [ -71.602479666937754, -49.503533115289805 ], [ -71.594353163383204, -49.515140933189691 ], [ -71.5877672493706, -49.52231177499381 ], [ -71.581978011137252, -49.524711833857381 ], [ -71.572319485926073, -49.526509804180279 ], [ -71.563839058881413, -49.526149599700645 ], [ -71.564141340048735, -49.539249608331176 ], [ -71.702423032826999, -49.534297532516078 ], [ -71.699149636980536, -49.477319274019145 ], [ -71.839523802253225, -49.474594500947759 ], [ -71.84315879970076, -49.528921541480706 ], [ -72.118076839145246, -49.52200862047733 ], [ -72.118401918625636, -49.526626897393179 ], [ -72.125035722307601, -49.528880430616397 ], [ -72.132672626740415, -49.632586167863892 ], [ -72.138843195861156, -49.63229746827021 ], [ -72.14380034778182, -49.631335460059567 ], [ -72.145160684251906, -49.629670706099716 ], [ -72.148033015277747, -49.629286793553973 ], [ -72.151846034334781, -49.627069541075507 ], [ -72.154998714729189, -49.626367547035059 ], [ -72.165043894932751, -49.620301440115568 ], [ -72.17461445457954, -49.618681144765652 ], [ -72.205563927040956, -49.61955414381773 ], [ -72.216371505244723, -49.619083199445079 ], [ -72.224593066944479, -49.615823496819033 ], [ -72.233093563242619, -49.615590656308704 ], [ -72.246285049428977, -49.611021201050548 ], [ -72.256530899927881, -49.609631431487969 ], [ -72.263193411147071, -49.606246460666483 ], [ -72.268451520892498, -49.605927084238047 ], [ -72.279345034067504, -49.601378261375729 ], [ -72.281228233782883, -49.598410965360877 ], [ -72.2916846593005, -49.594552360226182 ], [ -72.315729434354367, -49.594328500171734 ], [ -72.315365628399562, -49.595440634699408 ], [ -72.339833048155157, -49.593297506214647 ], [ -72.363645151901139, -49.590205928972821 ], [ -72.372331498152576, -49.589530192022089 ], [ -72.376853245491816, -49.588049173580139 ], [ -72.393780587953358, -49.587126323219813 ], [ -72.398424989616885, -49.585780252659397 ], [ -72.403643735828481, -49.585037645592159 ], [ -72.406965095795442, -49.582974705777204 ], [ -72.411175770973244, -49.581766807392313 ], [ -72.419712143878741, -49.57779123875315 ], [ -72.446305296998872, -49.564050576655148 ], [ -72.449522072887618, -49.563833211271088 ], [ -72.453499885708524, -49.561861729149214 ], [ -72.458945975854959, -49.56154599483979 ], [ -72.462132579187099, -49.559440493309445 ], [ -72.466841623090048, -49.558678782395283 ], [ -72.469728391480842, -49.555813092601753 ], [ -72.473485080929194, -49.555079690979213 ], [ -72.477824111998785, -49.552475928439051 ], [ -72.481807824477841, -49.551587023811919 ], [ -72.484963834138185, -49.549171511887643 ], [ -72.507232792959158, -49.547724439219394 ], [ -72.517091437800588, -49.542478241778575 ], [ -72.522671651693557, -49.541948536883993 ], [ -72.526670520362387, -49.540477502245992 ], [ -72.537656996395782, -49.539507655615118 ], [ -72.557157038962501, -49.531844379086429 ], [ -72.561763516472098, -49.530915526028657 ], [ -72.563591894919597, -49.529694445166463 ], [ -72.565844047134021, -49.529170779215761 ], [ -72.571048467194856, -49.526073547509888 ], [ -72.583450293793874, -49.516839568431188 ], [ -72.586603147225532, -49.51509135480692 ], [ -72.590966199412563, -49.514780462093981 ], [ -72.596325175283994, -49.5129364142594 ], [ -72.602440213543545, -49.512691961353326 ], [ -72.607037915098488, -49.510835165958753 ], [ -72.618848326996584, -49.510938053352405 ], [ -72.630525069381022, -49.509748788663288 ], [ -72.641842303791378, -49.501500328707678 ], [ -72.647738465533848, -49.498939884170689 ], [ -72.654001028675083, -49.498755477123225 ], [ -72.659378200657031, -49.495729656937343 ], [ -72.673275089809692, -49.492810756840576 ], [ -72.6887423499996, -49.487663447483058 ], [ -72.700223199830234, -49.488865765274454 ], [ -72.717694644724119, -49.491677649943739 ], [ -72.728435899293643, -49.492482739302808 ], [ -72.73499741156806, -49.48912280060636 ], [ -72.739714024513574, -49.487922376356295 ], [ -72.752212483661694, -49.488286090348119 ], [ -72.770412088976215, -49.486749095099533 ], [ -72.791647319764166, -49.478242439267326 ], [ -72.80237784639786, -49.472565040035121 ], [ -72.811113952166153, -49.466160938615495 ], [ -72.816637270304582, -49.463496100445298 ], [ -72.821026408159071, -49.462222177609597 ], [ -72.824481404491024, -49.462332680416964 ], [ -72.822737400531224, -49.464301728147177 ], [ -72.823988928557327, -49.4648224475891 ], [ -72.82766113343736, -49.463778878049908 ], [ -72.830747759721746, -49.465709278449758 ], [ -72.830574931689526, -49.460579201160549 ], [ -72.831776574452022, -49.458119841256 ], [ -72.838344199695129, -49.453220150052111 ], [ -72.839986190750523, -49.45044474745913 ], [ -72.844488141725705, -49.448783898207608 ], [ -72.854715739473363, -49.442655023680089 ], [ -72.863429868613224, -49.440461479661522 ], [ -72.859061707822022, -49.440648014884594 ], [ -72.85391835524436, -49.440140700206506 ], [ -72.841361206944029, -49.436898353716096 ], [ -72.839417162034138, -49.432672653353187 ], [ -72.837176191859768, -49.429275284059209 ], [ -72.839488910700652, -49.427768289463941 ], [ -72.845708546030238, -49.425528563435748 ], [ -72.847342753459728, -49.422757793092885 ], [ -72.847597833191202, -49.420028464445984 ], [ -72.848518396602188, -49.418491209759459 ], [ -72.848182031548205, -49.417584983652269 ], [ -72.84852705624732, -49.412747943786705 ], [ -72.847304598512281, -49.408930050298927 ], [ -72.846785306519166, -49.402822106426754 ], [ -72.851505119010312, -49.401976671933824 ], [ -72.854964006871484, -49.402014138168866 ], [ -72.857389991132848, -49.403291279764808 ], [ -72.857356968561959, -49.40177231112326 ], [ -72.858881835331587, -49.400084352678469 ], [ -72.85934651083376, -49.398629697915588 ], [ -72.860576765832306, -49.398062386242998 ], [ -72.860945939128015, -49.396840277906065 ], [ -72.867914995888924, -49.3951229034313 ], [ -72.871525173060348, -49.397394439025746 ], [ -72.87387221899138, -49.397841888085622 ], [ -72.875762319665427, -49.399572861256928 ], [ -72.875678739360708, -49.401572455037481 ], [ -72.87745199153477, -49.405052265005082 ], [ -72.877936178418281, -49.407608440816297 ], [ -72.874554731437684, -49.407946832298265 ], [ -72.870345109488909, -49.409059435065622 ], [ -72.868280832658698, -49.408971211785577 ], [ -72.865888656855631, -49.411111079516978 ], [ -72.863382594637017, -49.416101467869993 ], [ -72.859012264629939, -49.420929254362804 ], [ -72.859945444037024, -49.422409137557906 ], [ -72.863547457948954, -49.424029103575023 ], [ -72.86372559251015, -49.426294254115959 ], [ -72.862195109409114, -49.427699127949616 ], [ -72.863701423505617, -49.429011401069914 ], [ -72.865754968249988, -49.430004020186381 ], [ -72.868666995948772, -49.430207808706896 ], [ -72.875856584435567, -49.434724802985087 ], [ -72.88368567570663, -49.434884492409353 ], [ -72.885554892885708, -49.435761537145389 ], [ -72.885874377068788, -49.436879599315695 ], [ -72.884163493033199, -49.44162330692793 ], [ -72.884119172564027, -49.447034999621366 ], [ -72.885510859122206, -49.451328035520213 ], [ -72.887078424639142, -49.453613856136876 ], [ -72.88898160038255, -49.454952925293618 ], [ -72.890200861905939, -49.457889044474292 ], [ -72.891916920620034, -49.460475613161123 ], [ -72.892577693160149, -49.463021277550759 ], [ -72.896249859221797, -49.4683391313242 ], [ -72.898813429067019, -49.469988559974567 ], [ -72.901378101370526, -49.4701313130209 ], [ -72.903459818427308, -49.473006680170869 ], [ -72.904765740235732, -49.476753727763224 ], [ -72.906722507642797, -49.477578013688529 ], [ -72.908665235969437, -49.484546003689658 ], [ -72.910712338956245, -49.486887242557493 ], [ -72.910796427066813, -49.487941252152737 ], [ -72.912067030606138, -49.487902721203767 ], [ -72.913317349120732, -49.488993676837453 ], [ -72.9184247587621, -49.486171630137882 ], [ -72.919550644324787, -49.484280552834939 ], [ -72.922043407441237, -49.483557319581706 ], [ -72.923757729811328, -49.484708859858557 ], [ -72.926976730402089, -49.485813723603883 ], [ -72.928696701214079, -49.48552587088156 ], [ -72.930088534660683, -49.484115843698859 ], [ -72.934486229763664, -49.482531484897372 ], [ -72.937092636583131, -49.483270167182361 ], [ -72.937408617408735, -49.484325252472765 ], [ -72.939488363085601, -49.484177879807874 ], [ -72.947660744225914, -49.477697067622579 ], [ -72.951232181977758, -49.477350071782126 ], [ -72.951067355908052, -49.478259668146102 ], [ -72.955913286659964, -49.479380013460869 ], [ -72.95993339697722, -49.483177388383552 ], [ -72.960448598089371, -49.485966041634299 ], [ -72.956280624246077, -49.488209127712764 ], [ -72.954827057792443, -49.49030068261078 ], [ -72.952487507077436, -49.491509588400767 ], [ -72.948136771199202, -49.492265523993943 ], [ -72.946240959936276, -49.493157813083315 ], [ -72.943142672346212, -49.497855356180835 ], [ -72.944318254192581, -49.498134525637873 ], [ -72.948075796598445, -49.497250606823165 ], [ -72.948587706217012, -49.496405606681378 ], [ -72.9524722421977, -49.494230974651288 ], [ -72.962440283857788, -49.489810384935332 ], [ -72.964676731661996, -49.48814159033315 ], [ -72.968802637006149, -49.483848867799892 ], [ -72.980970202220718, -49.483735922579783 ], [ -72.981327822382426, -49.482954552700868 ], [ -72.983998955474206, -49.48392830759861 ], [ -72.986431631889559, -49.48392082017974 ], [ -72.988068159614869, -49.482654539394076 ], [ -72.990793370602162, -49.483315954584874 ], [ -72.990704058365083, -49.485059508170671 ], [ -72.992989072870628, -49.484679208916802 ], [ -72.992290543442095, -49.486061551856714 ], [ -72.993031324764971, -49.486638585470637 ], [ -72.993240419951164, -49.487764684051747 ], [ -72.994856139936843, -49.487641349196977 ], [ -72.99545190058538, -49.489275759899051 ], [ -72.997765507886555, -49.490302044537998 ], [ -72.99858952987185, -49.492193881494316 ], [ -72.999961290527708, -49.493351668336174 ], [ -73.001059390690543, -49.495427381678368 ], [ -73.002022429391914, -49.495848247677337 ], [ -73.001914182085429, -49.497439558188667 ], [ -73.003985787385801, -49.498582042864541 ], [ -73.005761342668166, -49.506152459398329 ], [ -73.002542599553053, -49.506484410204784 ], [ -72.998265012834793, -49.508143660763167 ], [ -72.997092170886077, -49.512263327869654 ], [ -72.997031426710421, -49.514311713013413 ], [ -72.994975075774107, -49.516114319391548 ], [ -72.989579869356859, -49.518270608610365 ], [ -72.9942963505395, -49.518759729290252 ], [ -73.063503133748227, -49.51592761676315 ], [ -73.05003791097711, -49.344311844263601 ], [ -73.081585771024535, -49.343910901071958 ], [ -73.077138755704723, -49.271384405753921 ] ], [ [ -72.896810688192147, -49.324357483551232 ], [ -72.901872747696288, -49.322985651324501 ], [ -72.90176502762769, -49.330796645509999 ], [ -72.903751201422381, -49.338150055857398 ], [ -72.903205476460727, -49.339688607815091 ], [ -72.900578150546082, -49.340798326507262 ], [ -72.897622257478858, -49.340192112550213 ], [ -72.895183808158862, -49.337859381588103 ], [ -72.892913348209689, -49.337301869332684 ], [ -72.88305989866096, -49.337543874415857 ], [ -72.883482015017591, -49.333904844070616 ], [ -72.884670629994488, -49.33230877273261 ], [ -72.890686008930999, -49.329443723326996 ], [ -72.892259164461279, -49.326665303058185 ], [ -72.893322774262074, -49.326323607287748 ], [ -72.89427979628914, -49.326592636232782 ], [ -72.896810688192147, -49.324357483551232 ] ] ] } },
{ "type": "Feature", "properties": { "codigo_indec": "780140401" }, "geometry": { "type": "Polygon", "coordinates": [ [ [ -67.467656516058511, -46.774961202292474 ], [ -67.085522069019703, -46.77075692772916 ], [ -67.083538940814591, -46.774065675217265 ], [ -67.071642747932373, -46.782609721416492 ], [ -67.071225787610771, -46.782184387215572 ], [ -67.059659845734842, -46.7889965582945 ], [ -67.056475550502611, -46.792680269526336 ], [ -67.053426840879069, -46.798493705283541 ], [ -67.042463901534347, -46.808836241673724 ], [ -67.037014128815699, -46.812237735285947 ], [ -67.033321373820641, -46.816307884107438 ], [ -67.029596686396346, -46.817291809175146 ], [ -67.021503138105217, -46.821357669332038 ], [ -67.002989472201165, -46.827710902202796 ], [ -66.998643179206937, -46.829955871445563 ], [ -66.994354230795381, -46.832323123615105 ], [ -66.99253549907759, -46.834962973325283 ], [ -66.990599489635287, -46.839512334505372 ], [ -66.987270459733054, -46.843263529391123 ], [ -66.984490739258675, -46.845899833546383 ], [ -66.981266290307403, -46.847363273545227 ], [ -66.978134197035317, -46.850029188197915 ], [ -66.974445015913091, -46.851722610471427 ], [ -66.970793032433974, -46.852161665619548 ], [ -66.963132409145004, -46.85189061658992 ], [ -66.95722357904404, -46.854785364446855 ], [ -66.949887426711641, -46.861999191234446 ], [ -66.947010692791608, -46.862892167046951 ], [ -66.94527981979698, -46.864687235853744 ], [ -66.9429045759574, -46.865751036027703 ], [ -66.943232943907319, -46.8713163081201 ], [ -66.941333620205143, -46.872703479592218 ], [ -66.939398087275762, -46.875461817117461 ], [ -66.934558169973201, -46.877663972400534 ], [ -66.929100954234144, -46.881662894889189 ], [ -66.92775309160487, -46.885659584124554 ], [ -66.913311204079278, -46.899165090633701 ], [ -66.902721241861784, -46.913094751002028 ], [ -66.896285129921537, -46.915702311200469 ], [ -66.892519420575098, -46.919163833533318 ], [ -66.890417623985144, -46.923038232982343 ], [ -66.884314705760431, -46.93072482665832 ], [ -66.880451940578268, -46.932938252195861 ], [ -66.867176781761771, -46.936532768964362 ], [ -66.866447333410548, -46.934067849001764 ], [ -66.862931646520693, -46.93421814708126 ], [ -66.861975694479582, -46.935963445340789 ], [ -66.859526558526397, -46.937523392516567 ], [ -66.858313975419762, -46.939277352975488 ], [ -66.858078248703478, -46.941153037833566 ], [ -66.860001241256256, -46.945219074129781 ], [ -66.860507568746925, -46.947427981779349 ], [ -66.856218242440619, -46.950892005995229 ], [ -66.849693368978947, -46.957673765750251 ], [ -66.845336785952981, -46.960483931400667 ], [ -66.842550670308185, -46.963031187950641 ], [ -66.830275739989247, -46.971048147000211 ], [ -66.826175357562931, -46.974699033616133 ], [ -66.818757449256722, -46.978871310655599 ], [ -66.816264067504861, -46.979017169994329 ], [ -66.813533922921224, -46.981825659560464 ], [ -66.808905000600134, -46.985092508565835 ], [ -66.803303816385167, -46.991619421312727 ], [ -66.800657683692322, -46.993309258112944 ], [ -66.795474629199404, -46.999933774027269 ], [ -66.791001510731178, -47.002784600519568 ], [ -66.77771354232398, -47.010002732252502 ], [ -66.771967963477735, -47.01225688013708 ], [ -66.767706940673094, -47.014697126103577 ], [ -66.756605734386497, -47.019652558342266 ], [ -66.736197076749065, -47.027054425812786 ], [ -66.710266336894264, -47.03530485514289 ], [ -66.705660946243569, -47.035770362397045 ], [ -66.689010629348644, -47.035066579925939 ], [ -66.683243464012889, -47.032579646427138 ], [ -66.677614673960164, -47.031084746990381 ], [ -66.672025387909059, -47.030503429759776 ], [ -66.661364836130701, -47.031644448154225 ], [ -66.65620499224093, -47.037255631366413 ], [ -66.650689775857316, -47.041419985943371 ], [ -66.6473255246555, -47.043262456170204 ], [ -66.644809969957791, -47.043682993205984 ], [ -66.636310375195322, -47.046624772227602 ], [ -66.629234747075415, -47.047409485116511 ], [ -66.617966731655201, -47.04650536641217 ], [ -66.607011874705336, -47.042287290140109 ], [ -66.602557608506757, -47.110502214838633 ], [ -66.631838569738235, -47.122374091610894 ], [ -66.601939026571429, -47.121846146622104 ], [ -66.594736027861259, -47.211951311158238 ], [ -66.66209112451439, -47.21311237817288 ], [ -66.658880017141556, -47.30335999831459 ], [ -66.748795705228133, -47.304717156261518 ], [ -66.747364129591986, -47.350204750121058 ], [ -66.746162639073646, -47.371805485995907 ], [ -66.728400073466901, -47.37148616796587 ], [ -66.726907142796719, -47.397506481379864 ], [ -66.758211619182944, -47.398590980788171 ], [ -66.791435471117239, -47.398871881816611 ], [ -66.786841232098652, -47.619519104329918 ], [ -66.916039830936796, -47.623433062844043 ], [ -66.910383227722605, -47.763736241227157 ], [ -67.175340783736786, -47.766479537738178 ], [ -67.175913214947542, -47.683591299031526 ], [ -67.20381380199882, -47.693309397421821 ], [ -67.297890988744768, -47.710906860658653 ], [ -67.29757226258829, -47.766482866790689 ], [ -67.330733629421957, -47.767015047804449 ], [ -67.877176736131304, -47.76818977185367 ], [ -67.879150346436347, -47.639578304454957 ], [ -67.929534547474375, -47.639259039064633 ], [ -67.929121944995984, -47.612231755381721 ], [ -67.927914361380573, -47.584594294288287 ], [ -67.874359925250872, -47.58703135843524 ], [ -67.839339999245212, -47.561389998717083 ], [ -67.83348933990942, -47.560215326412433 ], [ -67.827046370673003, -47.554186288643493 ], [ -67.827311466138781, -47.501494747641644 ], [ -67.850169919705124, -47.473280986788502 ], [ -67.847599242606989, -47.472540108282537 ], [ -67.853844613855046, -47.408277684311251 ], [ -67.857807568448152, -47.408524118242475 ], [ -67.8436101050209, -47.378874677486436 ], [ -67.848845411183277, -47.376534782703693 ], [ -67.844217065546559, -47.365037915288973 ], [ -67.81817005338273, -47.366350868492233 ], [ -67.816760526811194, -47.315254965087192 ], [ -67.773660472181518, -47.268010537308989 ], [ -67.725241963778984, -47.266632057571115 ], [ -67.725515343534823, -47.182253191239397 ], [ -67.602278466364808, -47.181269979042291 ], [ -67.604836473397171, -47.134985331668972 ], [ -67.5919407132412, -47.134638616320252 ], [ -67.592683020240301, -47.023732022885575 ], [ -67.598543258039058, -47.023857875121443 ], [ -67.59845879993405, -47.0169079578328 ], [ -67.594579010371845, -47.01652307438291 ], [ -67.597128978364097, -46.888414595523415 ], [ -67.59689785329283, -46.866961919671922 ], [ -67.465533404926916, -46.865865264443521 ], [ -67.467656516058511, -46.774961202292474 ] ], [ [ -67.254094484645123, -47.025892409071396 ], [ -67.255305307719453, -47.025168746272456 ], [ -67.256318543530497, -47.025966784052336 ], [ -67.257763969905199, -47.025107239333899 ], [ -67.259696605645203, -47.026557909143889 ], [ -67.255705930924208, -47.028921439759415 ], [ -67.256696230810192, -47.029719124112859 ], [ -67.254347729353341, -47.031136096995425 ], [ -67.253287964248798, -47.030350825778257 ], [ -67.248289280596879, -47.033346383036978 ], [ -67.244351854509418, -47.030245622252053 ], [ -67.247567286652782, -47.028073019617501 ], [ -67.246098559092431, -47.02692610145602 ], [ -67.247295480025826, -47.026229296540834 ], [ -67.249106713945594, -47.027161050525578 ], [ -67.251219530658929, -47.025709100527813 ], [ -67.252656604973595, -47.023999425734836 ], [ -67.252758241085445, -47.024815062104494 ], [ -67.254094484645123, -47.025892409071396 ] ], [ [ -67.145199659325272, -47.179673428328677 ], [ -67.151690635304249, -47.183853205878087 ], [ -67.143626835026751, -47.189497719167413 ], [ -67.140773983707462, -47.190800726001513 ], [ -67.141627444545506, -47.189694672534458 ], [ -67.138134156551004, -47.187425111859511 ], [ -67.135386410148442, -47.186386437025988 ], [ -67.145199659325272, -47.179673428328677 ] ] ] } },
{ "type": "Feature", "properties": { "codigo_indec": "780210501" }, "geometry": { "type": "Polygon", "coordinates": [ [ [ -71.112444354083181, -51.659583048543702 ], [ -70.824854007229177, -51.666634407988816 ], [ -70.817714805848951, -51.531954971820667 ], [ -70.389038527949012, -51.538326827701198 ], [ -70.384383537261868, -51.448040631643146 ], [ -70.240196024429295, -51.451358042178903 ], [ -70.24270026397744, -51.54273219666117 ], [ -70.100015546989084, -51.542215242841671 ], [ -70.099848668603926, -51.519296243242053 ], [ -70.03250012548925, -51.560657272219721 ], [ -69.958114528765563, -51.564541966772126 ], [ -69.968337978023897, -52.010976825125965 ], [ -69.995128494262261, -52.003199408921247 ], [ -70.427887211461794, -51.998748027432761 ], [ -70.838182345440941, -51.996177365454805 ], [ -70.83645343977264, -51.981328388283195 ], [ -70.765265650283922, -51.982165536640153 ], [ -70.762217515806228, -51.893333164121877 ], [ -70.834360042250438, -51.891475411325558 ], [ -70.829372816004792, -51.710789468744956 ], [ -71.11505049315609, -51.704585815527864 ], [ -71.112444354083181, -51.659583048543702 ] ] ] } },
{ "type": "Feature", "properties": { "codigo_indec": "780420101" }, "geometry": { "type": "Polygon", "coordinates": [ [ [ -69.735908093006572, -48.321874678208005 ], [ -69.356778952844834, -48.438165544709747 ], [ -68.989779839926385, -48.418110882438434 ], [ -68.65684194801608, -48.398871806556116 ], [ -68.658507107053993, -48.580608524215748 ], [ -68.646929605439695, -48.580578104322989 ], [ -68.645969038518146, -48.821506949747771 ], [ -68.644646094768632, -49.426249685000897 ], [ -68.64419862223636, -49.453811311863809 ], [ -68.824234844895742, -49.454962316442241 ], [ -68.828739903114567, -49.316743967196587 ], [ -69.764140399136551, -49.318179565827805 ], [ -69.756829107449235, -49.100778875635456 ], [ -69.751600465460655, -48.910238615552352 ], [ -69.74993011442001, -48.824098479801108 ], [ -69.748228239321605, -48.776085455134215 ], [ -69.7400993251579, -48.485080492746562 ], [ -69.735908093006572, -48.321874678208005 ] ] ] } },
{ "type": "Feature", "properties": { "codigo_indec": "780211219" }, "geometry": { "type": "Polygon", "coordinates": [ [ [ -69.226699851831327, -51.643234294584538 ], [ -69.222768262738185, -51.644252959839086 ], [ -69.22153106431432, -51.644578865416285 ], [ -69.223601939971019, -51.646332079667573 ], [ -69.225358547041395, -51.64586135008507 ], [ -69.224368884337139, -51.644389225562456 ], [ -69.22701279785295, -51.643705556193034 ], [ -69.226699851831327, -51.643234294584538 ] ] ] } },
{ "type": "Feature", "properties": { "codigo_indec": "780141122" }, "geometry": { "type": "Polygon", "coordinates": [ [ [ -67.539760882797282, -46.447736778440571 ], [ -67.540513495385042, -46.448430096639065 ], [ -67.539378230174961, -46.449027341073403 ], [ -67.540203265112481, -46.449811547989107 ], [ -67.543867526457788, -46.44796457289776 ], [ -67.544312164537843, -46.445442307352025 ], [ -67.539760882797282, -46.447736778440571 ] ] ] } },
{ "type": "Feature", "properties": { "codigo_indec": "780141120" }, "geometry": { "type": "Polygon", "coordinates": [ [ [ -67.530119246033209, -46.435068056744434 ], [ -67.531020876251304, -46.436136697024828 ], [ -67.530379122814949, -46.436533279591636 ], [ -67.529731100301603, -46.43897641267872 ], [ -67.532150057928973, -46.438908532336704 ], [ -67.534204735113647, -46.440050417797906 ], [ -67.533392275680114, -46.440503303896115 ], [ -67.528275861770368, -46.43974036064936 ], [ -67.530382681663198, -46.440514141938131 ], [ -67.536931576395048, -46.446711032582414 ], [ -67.540424445796788, -46.444942939608424 ], [ -67.537881271436817, -46.437362645283045 ], [ -67.531849278617969, -46.434483039448317 ], [ -67.530119246033209, -46.435068056744434 ] ] ] } },
{ "type": "Feature", "properties": { "codigo_indec": "780141104" }, "geometry": { "type": "Polygon", "coordinates": [ [ [ -67.523854086669431, -46.435788009093315 ], [ -67.52187307717557, -46.436266204989025 ], [ -67.521773114018401, -46.436714722742813 ], [ -67.516992698164799, -46.436176023519799 ], [ -67.517223099971389, -46.439674034923982 ], [ -67.515928756251085, -46.440975185765431 ], [ -67.51328141158362, -46.442258738000106 ], [ -67.520568117346684, -46.443374315367457 ], [ -67.521324069170035, -46.439965540269448 ], [ -67.523854086669431, -46.435788009093315 ] ] ] } },
{ "type": "Feature", "properties": { "codigo_indec": "780140912" }, "geometry": { "type": "Polygon", "coordinates": [ [ [ -67.959421640990783, -46.807674399460858 ], [ -67.956496942428146, -46.808511343536061 ], [ -67.952106626224008, -46.80975759395475 ], [ -67.953550298421419, -46.812163621161503 ], [ -67.959419048427108, -46.810525967571635 ], [ -67.9584483429188, -46.808888941793668 ], [ -67.959907424159908, -46.808470424496207 ], [ -67.959421640990783, -46.807674399460858 ] ] ] } },
{ "type": "Feature", "properties": { "codigo_indec": "780140908" }, "geometry": { "type": "Polygon", "coordinates": [ [ [ -67.974970453929416, -46.802291443163568 ], [ -67.971980364425164, -46.803150686425596 ], [ -67.967656583934684, -46.804384638083114 ], [ -67.969558976838016, -46.807496255395527 ], [ -67.975440782593182, -46.805808421776497 ], [ -67.978668752310824, -46.803979690908186 ], [ -67.976525151068628, -46.804585732510517 ], [ -67.976987103478237, -46.803195550618739 ], [ -67.975459609606446, -46.803091930698265 ], [ -67.974970453929416, -46.802291443163568 ] ] ] } },
{ "type": "Feature", "properties": { "codigo_indec": "780140504" }, "geometry": { "type": "Polygon", "coordinates": [ [ [ -65.928069194398205, -47.750749115365153 ], [ -65.927464017735119, -47.749248690071369 ], [ -65.92764590277271, -47.748538444269457 ], [ -65.928973675820899, -47.747620521704732 ], [ -65.928763900425523, -47.742802461341206 ], [ -65.926106561758331, -47.741107613320132 ], [ -65.924630965493762, -47.738540385207159 ], [ -65.921448102265828, -47.735023287260816 ], [ -65.912695388824119, -47.738386033326073 ], [ -65.912000285819119, -47.740836507134603 ], [ -65.909565849957445, -47.741917808391236 ], [ -65.899575773509582, -47.741832504564513 ], [ -65.899548496826341, -47.743693782560051 ], [ -65.901941816204229, -47.745499054612019 ], [ -65.923558227815235, -47.746103577022787 ], [ -65.923163047967336, -47.750428668827006 ], [ -65.928069194398205, -47.750749115365153 ] ] ] } },
{ "type": "Feature", "properties": { "codigo_indec": "780280103" }, "geometry": { "type": "Polygon", "coordinates": [ [ [ -72.896810688192147, -49.324357483551232 ], [ -72.89427979628914, -49.326592636232782 ], [ -72.893322774262074, -49.326323607287748 ], [ -72.892259164461279, -49.326665303058185 ], [ -72.890686008930999, -49.329443723326996 ], [ -72.884670629994488, -49.33230877273261 ], [ -72.883482015017591, -49.333904844070616 ], [ -72.88305989866096, -49.337543874415857 ], [ -72.892913348209689, -49.337301869332684 ], [ -72.895183808158862, -49.337859381588103 ], [ -72.897622257478858, -49.340192112550213 ], [ -72.900578150546082, -49.340798326507262 ], [ -72.903205476460727, -49.339688607815091 ], [ -72.903751201422381, -49.338150055857398 ], [ -72.90176502762769, -49.330796645509999 ], [ -72.901872747696288, -49.322985651324501 ], [ -72.896810688192147, -49.324357483551232 ] ] ] } },
{ "type": "Feature", "properties": { "codigo_indec": "780140305" }, "geometry": { "type": "Polygon", "coordinates": [ [ [ -67.988874800373736, -46.786807811353043 ], [ -67.986442222975867, -46.788374013744246 ], [ -67.984927984277988, -46.790024775716269 ], [ -67.982740453843064, -46.795254272001166 ], [ -67.981098192916065, -46.794996782022949 ], [ -67.972067792038871, -46.797529241389412 ], [ -67.975459609606446, -46.803091930698265 ], [ -67.976987103478237, -46.803195550618739 ], [ -67.976525151068628, -46.804585732510517 ], [ -67.978668752310824, -46.803979690908186 ], [ -67.979921329465611, -46.802861919173374 ], [ -67.988616141388263, -46.80445933753014 ], [ -67.988874800373736, -46.786807811353043 ] ] ] } },
{ "type": "Feature", "properties": { "codigo_indec": "780140221" }, "geometry": { "type": "Polygon", "coordinates": [ [ [ -67.541237733569758, -46.440315783250057 ], [ -67.544350234377106, -46.443036312631726 ], [ -67.546360820041386, -46.441937366724503 ], [ -67.545869899769414, -46.441557782991595 ], [ -67.55137646519367, -46.44160968450965 ], [ -67.551355977617931, -46.442873389104378 ], [ -67.552959623948098, -46.442884698086239 ], [ -67.552896985332524, -46.445249901543491 ], [ -67.556045875410959, -46.445271716110788 ], [ -67.556063880228862, -46.444097941775027 ], [ -67.562497549832329, -46.444165508683689 ], [ -67.562484710222847, -46.445271877445492 ], [ -67.565348433575949, -46.446117498813905 ], [ -67.574524013169835, -46.451342076578619 ], [ -67.580582102024152, -46.451120562611464 ], [ -67.580870464478522, -46.438516000205652 ], [ -67.545102366428452, -46.438615261644188 ], [ -67.542143303376378, -46.437223645849997 ], [ -67.54165458115628, -46.437617744462976 ], [ -67.542657294665801, -46.438687581342315 ], [ -67.541785268635635, -46.438815904955177 ], [ -67.541237733569758, -46.440315783250057 ] ] ] } },
{ "type": "Feature", "properties": { "codigo_indec": "780140212" }, "geometry": { "type": "Polygon", "coordinates": [ [ [ -67.542099210874014, -46.455215447758647 ], [ -67.540160087584411, -46.45617578874343 ], [ -67.538525919857491, -46.45570960408579 ], [ -67.537212056395802, -46.457622482212386 ], [ -67.538530477944519, -46.458457991264886 ], [ -67.550345420437708, -46.462566694165886 ], [ -67.550762731538299, -46.4621716548032 ], [ -67.551625071292264, -46.460581264437245 ], [ -67.551202931717157, -46.460422982085824 ], [ -67.551520630806365, -46.459365459956175 ], [ -67.552431519774544, -46.458396413028076 ], [ -67.543369347272844, -46.455177657397009 ], [ -67.542971211075781, -46.455707857067814 ], [ -67.542099210874014, -46.455215447758647 ] ] ] } },
{ "type": "Feature", "properties": { "codigo_indec": "780140206" }, "geometry": { "type": "Polygon", "coordinates": [ [ [ -67.545145230721999, -46.449591152203766 ], [ -67.535925867201584, -46.454736243914063 ], [ -67.53526238303607, -46.454116007354031 ], [ -67.53503897330684, -46.455530042275186 ], [ -67.536244775474529, -46.45667900110081 ], [ -67.536053921317887, -46.457000419893639 ], [ -67.537212056395802, -46.457622482212386 ], [ -67.538525919857491, -46.45570960408579 ], [ -67.540160087584411, -46.45617578874343 ], [ -67.545775950392567, -46.453400058459067 ], [ -67.554522379310683, -46.456493185363527 ], [ -67.55621491952904, -46.455988292378798 ], [ -67.557639612103401, -46.453671766623145 ], [ -67.557155675975125, -46.451542565359858 ], [ -67.555349903992948, -46.449936439563423 ], [ -67.553097385831038, -46.450582672597768 ], [ -67.552540213817963, -46.450242762650326 ], [ -67.552184081246807, -46.448947302921454 ], [ -67.550322365051457, -46.448599853281323 ], [ -67.548801688881767, -46.44864353758399 ], [ -67.54735113791871, -46.449353809623432 ], [ -67.545294178501152, -46.449129744075819 ], [ -67.545145230721999, -46.449591152203766 ] ] ] } },
{ "type": "Feature", "properties": { "codigo_indec": "780211414" }, "geometry": { "type": "Polygon", "coordinates": [ [ [ -69.238357241200731, -51.629329340945887 ], [ -69.239771693867382, -51.630539834363546 ], [ -69.242585818887449, -51.630147572657343 ], [ -69.2463083266653, -51.634161929478246 ], [ -69.25014923676099, -51.632666305369646 ], [ -69.249306364923555, -51.631719869466693 ], [ -69.251816922056364, -51.63062697067717 ], [ -69.249138340964123, -51.628071118187421 ], [ -69.246330835006432, -51.628984824532537 ], [ -69.239973771081921, -51.627097036440972 ], [ -69.238357241200731, -51.629329340945887 ] ] ] } },
{ "type": "Feature", "properties": { "codigo_indec": "780211319" }, "geometry": { "type": "Polygon", "coordinates": [ [ [ -69.193885081964325, -51.637235192295002 ], [ -69.189637612581535, -51.633566063287219 ], [ -69.188231913311398, -51.63417051667944 ], [ -69.180812885550537, -51.63447428245135 ], [ -69.178215294609657, -51.635961262295304 ], [ -69.178356161846636, -51.637812562059935 ], [ -69.193103032469182, -51.637600492097931 ], [ -69.193885081964325, -51.637235192295002 ] ] ] } },
{ "type": "Feature", "properties": { "codigo_indec": "780211318" }, "geometry": { "type": "Polygon", "coordinates": [ [ [ -69.259642815481342, -51.607546799537893 ], [ -69.264159575809174, -51.618506551697756 ], [ -69.263282380900819, -51.618495040001662 ], [ -69.263181295301578, -51.619740100372276 ], [ -69.264620333541544, -51.620150312530086 ], [ -69.263948819809769, -51.620754017825796 ], [ -69.270208253164711, -51.622595794926475 ], [ -69.271598277361377, -51.622026346041132 ], [ -69.273737962389674, -51.622466281538131 ], [ -69.272726833312831, -51.606748661292251 ], [ -69.265469019158743, -51.606608007200016 ], [ -69.259642815481342, -51.607546799537893 ] ] ] } },
{ "type": "Feature", "properties": { "codigo_indec": "780211210" }, "geometry": { "type": "Polygon", "coordinates": [ [ [ -69.237794575106264, -51.630817987215366 ], [ -69.227006452635791, -51.632308867256633 ], [ -69.225582991080998, -51.632136345525922 ], [ -69.224749459917717, -51.631513281723095 ], [ -69.230349523241898, -51.640067935360008 ], [ -69.242117820110366, -51.637186098385691 ], [ -69.243013234750649, -51.635134998532244 ], [ -69.237794575106264, -51.630817987215366 ] ] ] } },
{ "type": "Feature", "properties": { "codigo_indec": "780211209" }, "geometry": { "type": "Polygon", "coordinates": [ [ [ -69.230302212698163, -51.639996124694214 ], [ -69.222158438586789, -51.642146446368209 ], [ -69.219493003667438, -51.642857010648612 ], [ -69.22004057750415, -51.643318864129888 ], [ -69.223113640494844, -51.642508646564757 ], [ -69.224059572536987, -51.643917950046195 ], [ -69.231590575727509, -51.641952959918726 ], [ -69.230302212698163, -51.639996124694214 ] ] ] } },
{ "type": "Feature", "properties": { "codigo_indec": "780211206" }, "geometry": { "type": "Polygon", "coordinates": [ [ [ -69.225695368955442, -51.632954032393549 ], [ -69.224614647495486, -51.633459429298519 ], [ -69.220756061137237, -51.635219394735508 ], [ -69.221216587678043, -51.635618491325658 ], [ -69.221904735171307, -51.635302615142713 ], [ -69.224150014749952, -51.637356588370885 ], [ -69.227900406397382, -51.6363337330313 ], [ -69.225695368955442, -51.632954032393549 ] ] ] } },
{ "type": "Feature", "properties": { "codigo_indec": "780211103" }, "geometry": { "type": "Polygon", "coordinates": [ [ [ -69.209005312939624, -51.623246483424936 ], [ -69.20793617417479, -51.622327116192253 ], [ -69.206469982828466, -51.622994812245587 ], [ -69.204379031871255, -51.621209867129728 ], [ -69.202635448678805, -51.62200832328962 ], [ -69.19959390287643, -51.621541665228342 ], [ -69.197658941852666, -51.623180746265042 ], [ -69.20176089948869, -51.62667457656439 ], [ -69.20604765030312, -51.624595409883888 ], [ -69.207116804392285, -51.625514793938457 ], [ -69.208611844707306, -51.624824569011665 ], [ -69.207546327687382, -51.623914179977383 ], [ -69.209005312939624, -51.623246483424936 ] ] ] } },
{ "type": "Feature", "properties": { "codigo_indec": "780211016" }, "geometry": { "type": "Polygon", "coordinates": [ [ [ -69.222982383332848, -51.623845435212679 ], [ -69.226140069925236, -51.626535782481049 ], [ -69.230469443225559, -51.624541026878127 ], [ -69.228341201500484, -51.62272062960956 ], [ -69.225445473141193, -51.624060936808689 ], [ -69.224412326396148, -51.623191084139435 ], [ -69.222982383332848, -51.623845435212679 ] ] ] } },
{ "type": "Feature", "properties": { "codigo_indec": "780211015" }, "geometry": { "type": "Polygon", "coordinates": [ [ [ -69.225100227906054, -51.619949607919018 ], [ -69.222190184772458, -51.621298850930657 ], [ -69.220767532311569, -51.621962149423936 ], [ -69.222982383332848, -51.623845435212679 ], [ -69.224412326396148, -51.623191084139435 ], [ -69.225445473141193, -51.624060936808689 ], [ -69.228341201500484, -51.62272062960956 ], [ -69.225100227906054, -51.619949607919018 ] ] ] } },
{ "type": "Feature", "properties": { "codigo_indec": "780211012" }, "geometry": { "type": "Polygon", "coordinates": [ [ [ -69.234884996445501, -51.616937448840623 ], [ -69.235969059814948, -51.61787002378307 ], [ -69.234539473578309, -51.618529009707942 ], [ -69.237414598248932, -51.620967957582756 ], [ -69.243150881217275, -51.618331732844382 ], [ -69.242345880199053, -51.617641323644762 ], [ -69.239494085024958, -51.618959418422044 ], [ -69.236328918517088, -51.616269441664279 ], [ -69.234884996445501, -51.616937448840623 ] ] ] } },
{ "type": "Feature", "properties": { "codigo_indec": "780211010" }, "geometry": { "type": "Polygon", "coordinates": [ [ [ -69.238175344969108, -51.613897380097178 ], [ -69.24967156048038, -51.616686731634815 ], [ -69.250233144366746, -51.615759775024472 ], [ -69.242586092191388, -51.613951265441123 ], [ -69.24095484685472, -51.612610922302771 ], [ -69.238175344969108, -51.613897380097178 ] ] ] } },
{ "type": "Feature", "properties": { "codigo_indec": "780211008" }, "geometry": { "type": "Polygon", "coordinates": [ [ [ -69.233732146083881, -51.615955566896346 ], [ -69.230908990564586, -51.617255420473199 ], [ -69.235999305032195, -51.62161345003291 ], [ -69.237414598248932, -51.620967957582756 ], [ -69.234539473578309, -51.618529009707942 ], [ -69.235969059814948, -51.61787002378307 ], [ -69.233732146083881, -51.615955566896346 ] ] ] } },
{ "type": "Feature", "properties": { "codigo_indec": "780211006" }, "geometry": { "type": "Polygon", "coordinates": [ [ [ -69.229915688418458, -51.616403512821378 ], [ -69.228842679678053, -51.615484342279096 ], [ -69.225936597756217, -51.616824683769941 ], [ -69.22491804374215, -51.615954806502224 ], [ -69.222000965639893, -51.617290577450113 ], [ -69.224096102349492, -51.619088684248545 ], [ -69.229915688418458, -51.616403512821378 ] ] ] } },
{ "type": "Feature", "properties": { "codigo_indec": "780210807" }, "geometry": { "type": "Polygon", "coordinates": [ [ [ -72.343399175088138, -51.537118811199626 ], [ -72.340740598181526, -51.539451495653992 ], [ -72.340717707806149, -51.538647406375404 ], [ -72.339684731982629, -51.538816214030653 ], [ -72.340025144558979, -51.540460954293728 ], [ -72.339700448112737, -51.543113714532005 ], [ -72.340895793958026, -51.545453410386536 ], [ -72.340409343736724, -51.545997774637989 ], [ -72.341801028791068, -51.547522629191114 ], [ -72.343879523724809, -51.546663105280473 ], [ -72.343799877764226, -51.546314707919358 ], [ -72.34461310891426, -51.54658822550703 ], [ -72.345400526609481, -51.544987740191786 ], [ -72.346626979330821, -51.544948232335216 ], [ -72.345809396180528, -51.540048708351485 ], [ -72.3445853543395, -51.540070157178967 ], [ -72.343399175088138, -51.537118811199626 ] ] ] } },
{ "type": "Feature", "properties": { "codigo_indec": "780210801" }, "geometry": { "type": "Polygon", "coordinates": [ [ [ -72.335408536202891, -51.529146217670743 ], [ -72.336682812557456, -51.533902428174244 ], [ -72.335971063767204, -51.535307384124351 ], [ -72.337245374364912, -51.535383499471514 ], [ -72.337647270499303, -51.53447290234444 ], [ -72.3409565296528, -51.536496118987628 ], [ -72.344090853436938, -51.534509514723176 ], [ -72.344349622990393, -51.531355091300547 ], [ -72.3427561583824, -51.531692777228606 ], [ -72.342271711577553, -51.530443282707182 ], [ -72.337710647720698, -51.530366464781537 ], [ -72.337451364235477, -51.52933532709315 ], [ -72.335408536202891, -51.529146217670743 ] ] ] } },
{ "type": "Feature", "properties": { "codigo_indec": "780211307" }, "geometry": { "type": "Polygon", "coordinates": [ [ [ -69.195463092902983, -51.640589567866321 ], [ -69.192310651524494, -51.640648700134122 ], [ -69.192496248490727, -51.643542507546883 ], [ -69.19040166806154, -51.643572885916186 ], [ -69.190527252955007, -51.645100628673553 ], [ -69.195788884958503, -51.644961649811428 ], [ -69.195463092902983, -51.640589567866321 ] ] ] } },
{ "type": "Feature", "properties": { "codigo_indec": "780210404" }, "geometry": { "type": "Polygon", "coordinates": [ [ [ -69.273737962389674, -51.622466281538131 ], [ -69.273837081775284, -51.637732090608772 ], [ -69.295382403330237, -51.645180309530872 ], [ -69.320980390310027, -51.651579955003363 ], [ -69.320941913606134, -51.632318894526563 ], [ -69.273737962389674, -51.622466281538131 ] ] ] } },
{ "type": "Feature", "properties": { "codigo_indec": "780140207" }, "geometry": { "type": "Polygon", "coordinates": [ [ [ -67.532173346013579, -46.452816932563266 ], [ -67.529776999148908, -46.454077097726184 ], [ -67.533040269050176, -46.45724967546527 ], [ -67.533070155668241, -46.45904479402828 ], [ -67.534416156534419, -46.459457884480713 ], [ -67.534349506470079, -46.459879849921613 ], [ -67.53558581431399, -46.457709621295741 ], [ -67.538530477944519, -46.458457991264886 ], [ -67.536053921317887, -46.457000419893639 ], [ -67.536244775474529, -46.45667900110081 ], [ -67.53503897330684, -46.455530042275186 ], [ -67.53526238303607, -46.454116007354031 ], [ -67.533707888294771, -46.452625210292773 ], [ -67.532617761526026, -46.45323196234078 ], [ -67.532173346013579, -46.452816932563266 ] ] ] } },
{ "type": "Feature", "properties": { "codigo_indec": "780070604" }, "geometry": { "type": "Polygon", "coordinates": [ [ [ -68.537890584821255, -50.012688625976089 ], [ -68.528060674573808, -50.019203127442829 ], [ -68.529381785752079, -50.020017635597014 ], [ -68.526639413341428, -50.021840539067497 ], [ -68.536796833808339, -50.028138891856322 ], [ -68.539296482150235, -50.026521567751914 ], [ -68.541859671239408, -50.02810954100687 ], [ -68.545318116291611, -50.025803602702297 ], [ -68.536484060066428, -50.020396849136567 ], [ -68.537038756659229, -50.020030453868316 ], [ -68.535779870141468, -50.01926123435797 ], [ -68.541968651511198, -50.015181672429016 ], [ -68.537890584821255, -50.012688625976089 ] ] ] } },
{ "type": "Feature", "properties": { "codigo_indec": "780350403" }, "geometry": { "type": "Polygon", "coordinates": [ [ [ -71.631564934333895, -46.540696059622036 ], [ -71.629461279077844, -46.544783846217555 ], [ -71.62916043344822, -46.549486877235147 ], [ -71.635254973389067, -46.551541660187617 ], [ -71.63431318118829, -46.553367140802237 ], [ -71.639249258120316, -46.55464772356315 ], [ -71.640110518065583, -46.553584256131195 ], [ -71.64036687095691, -46.552350329616665 ], [ -71.643451501520545, -46.548671491090111 ], [ -71.643344326686574, -46.547270533176039 ], [ -71.642471917215232, -46.545617375146421 ], [ -71.640876551949702, -46.543103766355948 ], [ -71.639239521450719, -46.543357487287182 ], [ -71.631564934333895, -46.540696059622036 ] ] ] } },
{ "type": "Feature", "properties": { "codigo_indec": "780280702" }, "geometry": { "type": "Polygon", "coordinates": [ [ [ -72.254809996960702, -50.339524657151408 ], [ -72.250888365642993, -50.341612842156387 ], [ -72.249098174459661, -50.34333105286305 ], [ -72.249279357639026, -50.344800771475477 ], [ -72.249918342206115, -50.344486141662273 ], [ -72.24988718729989, -50.345161458143593 ], [ -72.25211223913243, -50.345332998627335 ], [ -72.252438217871557, -50.346812148264803 ], [ -72.253110451046609, -50.34754870455783 ], [ -72.254818915124673, -50.346124982397832 ], [ -72.255395064663048, -50.346432572612862 ], [ -72.257425604469418, -50.345660741987068 ], [ -72.258054692092344, -50.344330179319414 ], [ -72.257592348549792, -50.344145307631415 ], [ -72.25981519353752, -50.342131556139599 ], [ -72.262824674410709, -50.342370801818113 ], [ -72.263060464910197, -50.341352508716533 ], [ -72.267411814498686, -50.341693320938731 ], [ -72.267635638502995, -50.340297663559866 ], [ -72.261159294303383, -50.339805209040932 ], [ -72.258220846691756, -50.34065203600224 ], [ -72.257263811969167, -50.340373125768579 ], [ -72.255866884043016, -50.341109214055919 ], [ -72.255072058009588, -50.340839228311573 ], [ -72.255972504227927, -50.339829302630172 ], [ -72.254809996960702, -50.339524657151408 ] ] ] } },
{ "type": "Feature", "properties": { "codigo_indec": "780210701" }, "geometry": { "type": "Polygon", "coordinates": [ [ [ -72.300387197087545, -51.207001325034781 ], [ -72.089781902733066, -51.211979487171689 ], [ -72.096415111902147, -51.321790528878701 ], [ -71.949331673313736, -51.325989981973215 ], [ -71.954744213331978, -51.414382982762817 ], [ -72.027214435317219, -51.41286477178879 ], [ -72.033294215064174, -51.503997655063145 ], [ -71.963098002404763, -51.505155107939267 ], [ -71.982751806369023, -51.775254473152586 ], [ -71.841202064008087, -51.778826312755115 ], [ -71.844256793955893, -51.867050072957461 ], [ -71.966083277587202, -51.865397005367186 ], [ -71.997893777065855, -51.831401611295213 ], [ -72.008461061415062, -51.822311833006864 ], [ -72.031408234710099, -51.805017536361504 ], [ -72.079356721349683, -51.77288741307251 ], [ -72.107318976667543, -51.759590804681423 ], [ -72.121655243003474, -51.753820585320966 ], [ -72.137334778065579, -51.748412785637534 ], [ -72.154115243889663, -51.744515224367277 ], [ -72.170377519282738, -51.74003132439568 ], [ -72.186230665529166, -51.735025768095674 ], [ -72.189156114257941, -51.725011266833384 ], [ -72.186584985708052, -51.717276878545434 ], [ -72.193554729121871, -51.710092443853036 ], [ -72.200213864987148, -51.706377595510354 ], [ -72.216864876296171, -51.703953384591138 ], [ -72.234158668123371, -51.706656504546842 ], [ -72.251167245752612, -51.707674654514328 ], [ -72.268495279409095, -51.70603803491025 ], [ -72.283981261071403, -51.701564206471019 ], [ -72.294802628906666, -51.693272176023775 ], [ -72.301822733089892, -51.682393219709112 ], [ -72.303487000545701, -51.671484878873201 ], [ -72.310303094974159, -51.649803476618906 ], [ -72.312670452488945, -51.63871773810871 ], [ -72.316251064499724, -51.627939301398904 ], [ -72.317939613508486, -51.617034438633652 ], [ -72.317761363642092, -51.605984547841452 ], [ -72.319569139910342, -51.594896419791738 ], [ -72.325998796888129, -51.585740759827431 ], [ -72.338858641997859, -51.582686808615868 ], [ -72.354374671356254, -51.582994714006581 ], [ -72.367715000807223, -51.584518492731789 ], [ -72.378529619202013, -51.589822585462649 ], [ -72.384673452360147, -51.59207760953894 ], [ -72.396634947003136, -51.590648220371435 ], [ -72.403649531752464, -51.591600223115599 ], [ -72.414959031167498, -51.597502569493237 ], [ -72.422966794204683, -51.595277424681463 ], [ -72.427037638655605, -51.590338984238088 ], [ -72.428391782398506, -51.579383511843929 ], [ -72.43171291616099, -51.568545774941278 ], [ -72.427637388735064, -51.547084952374547 ], [ -72.424611277045571, -51.536131601957003 ], [ -72.417952885828882, -51.525832670193587 ], [ -72.407068066109701, -51.519684623060257 ], [ -72.391740669019782, -51.518335435741335 ], [ -72.379617468472716, -51.521900217478603 ], [ -72.369265705524441, -51.523713391716882 ], [ -72.361734477224118, -51.520634264372305 ], [ -72.354068963731265, -51.521937402770888 ], [ -72.346838311691741, -51.522395896481612 ], [ -72.342947530569305, -51.520047762521365 ], [ -72.346776281972922, -51.511778632424274 ], [ -72.354034305894345, -51.501914139243141 ], [ -72.354736757221929, -51.493046295033487 ], [ -72.350037313196168, -51.484162192195058 ], [ -72.340807394561764, -51.478963378292811 ], [ -72.325677503603345, -51.476449141895898 ], [ -72.323593595240439, -51.469180162805742 ], [ -72.321318587544681, -51.467194614419505 ], [ -72.316794164416692, -51.465650384849638 ], [ -72.313642958865287, -51.459018387640711 ], [ -72.316392941376648, -51.452929697076833 ], [ -72.325938991548654, -51.447848506558913 ], [ -72.33650067759433, -51.440988711145152 ], [ -72.339035822705554, -51.43230697199872 ], [ -72.334946764199643, -51.421745934751129 ], [ -72.32609721499233, -51.412178795154148 ], [ -72.316553313233456, -51.402797030303716 ], [ -72.310572539997878, -51.39478393725895 ], [ -72.308248559817059, -51.384046208537711 ], [ -72.307660689885779, -51.373012114105222 ], [ -72.311288524096483, -51.362771461293384 ], [ -72.318186454940573, -51.352298622766625 ], [ -72.331099936613995, -51.351266376760286 ], [ -72.34790248761378, -51.347356541952628 ], [ -72.362058510757805, -51.341213938823536 ], [ -72.365853431259666, -51.331195893390642 ], [ -72.360392114100179, -51.32138997297583 ], [ -72.349611682806383, -51.31415951309053 ], [ -72.335487879964447, -51.311218114374405 ], [ -72.332031723726715, -51.302333846727834 ], [ -72.323323008833057, -51.298836519272236 ], [ -72.304712768870431, -51.296140222566663 ], [ -72.289008550971488, -51.291183323554627 ], [ -72.275977422844406, -51.283645332683129 ], [ -72.265483475243144, -51.274830234498495 ], [ -72.261859243854971, -51.264249287863699 ], [ -72.260924652041226, -51.253179645781266 ], [ -72.261648429185058, -51.243268624328913 ], [ -72.263361972416419, -51.241067307615261 ], [ -72.279579676211014, -51.231837647275952 ], [ -72.287260088183956, -51.224662353036507 ], [ -72.294152669414657, -51.216712954524418 ], [ -72.300387197087545, -51.207001325034781 ] ], [ [ -72.329657198155914, -51.529152410324407 ], [ -72.337451364235477, -51.52933532709315 ], [ -72.337710647720698, -51.530366464781537 ], [ -72.342271711577553, -51.530443282707182 ], [ -72.3427561583824, -51.531692777228606 ], [ -72.344824293052383, -51.531193184478106 ], [ -72.346106183059035, -51.533485402028937 ], [ -72.34594545074637, -51.535027544918279 ], [ -72.346373844953021, -51.536346062183064 ], [ -72.343399175088138, -51.537118811199626 ], [ -72.3445853543395, -51.540070157178967 ], [ -72.345730484669389, -51.539857642948611 ], [ -72.346454404922895, -51.542107338799184 ], [ -72.346626979330821, -51.544948232335216 ], [ -72.345400526609481, -51.544987740191786 ], [ -72.34461310891426, -51.54658822550703 ], [ -72.343799877764226, -51.546314707919358 ], [ -72.343879523724809, -51.546663105280473 ], [ -72.341801028791068, -51.547522629191114 ], [ -72.340023226108855, -51.545550210581069 ], [ -72.340155440018151, -51.546566980385919 ], [ -72.33958477048408, -51.546749584423175 ], [ -72.338393469527418, -51.544661523150943 ], [ -72.337910041145946, -51.544558401617543 ], [ -72.337579763365071, -51.545660275961531 ], [ -72.337005759542635, -51.545649644863019 ], [ -72.336878794968996, -51.544457388190743 ], [ -72.336391805569505, -51.544453268469191 ], [ -72.336684307965385, -51.544804602486849 ], [ -72.336230130239755, -51.545150216959755 ], [ -72.334798105344262, -51.543464599032809 ], [ -72.331464555815359, -51.542246637589479 ], [ -72.330800078861614, -51.542625182721196 ], [ -72.329205228263746, -51.54147012878294 ], [ -72.328895065790135, -51.540579788269028 ], [ -72.327159781045182, -51.540017639202496 ], [ -72.326970695537057, -51.53940259328941 ], [ -72.324881997469035, -51.539282034313558 ], [ -72.324146488977902, -51.538390260353609 ], [ -72.322529395493007, -51.537865153475323 ], [ -72.323279806670314, -51.533721277751525 ], [ -72.325242573603546, -51.531970707561051 ], [ -72.325811746177308, -51.530830619032805 ], [ -72.326766466493623, -51.530776547563846 ], [ -72.326610121941584, -51.530115613940396 ], [ -72.329890746860968, -51.529833625579819 ], [ -72.329657198155914, -51.529152410324407 ] ], [ [ -72.233547900479522, -51.542943245280377 ], [ -72.230171439697529, -51.537061621141376 ], [ -72.243426550182107, -51.533589069733637 ], [ -72.247429828391546, -51.539799130377752 ], [ -72.23789604347229, -51.54300304154458 ], [ -72.238837922745958, -51.544285256052234 ], [ -72.238617091279693, -51.545033141002321 ], [ -72.241746962717087, -51.544231813516518 ], [ -72.243626459325938, -51.544705811284565 ], [ -72.244832417500078, -51.545643496820432 ], [ -72.243729999266165, -51.546312392780877 ], [ -72.243053508073359, -51.547495486954283 ], [ -72.234029377595022, -51.54596902285116 ], [ -72.23479774687172, -51.544401316823865 ], [ -72.235840139952643, -51.543698197525991 ], [ -72.235937313999017, -51.54212203578286 ], [ -72.233547900479522, -51.542943245280377 ] ], [ [ -72.23711404878361, -51.546863929527198 ], [ -72.231644618558647, -51.554077505140654 ], [ -72.224707263828051, -51.553009766152378 ], [ -72.232336816852268, -51.546757489993134 ], [ -72.23711404878361, -51.546863929527198 ] ], [ [ -72.217762709151202, -51.583123460967258 ], [ -72.221671434793279, -51.588797495783112 ], [ -72.221366963955376, -51.590307396074266 ], [ -72.219263865583954, -51.592765809152539 ], [ -72.224369217217543, -51.596873898004901 ], [ -72.221308211929397, -51.598396617537837 ], [ -72.218731680645732, -51.596363419203101 ], [ -72.21787772745931, -51.596791459702153 ], [ -72.216166790888579, -51.595359340856099 ], [ -72.210365654225541, -51.592321924797496 ], [ -72.208670317900513, -51.592844859315292 ], [ -72.207802996647004, -51.591906529565598 ], [ -72.207951132694262, -51.591448421512517 ], [ -72.207360585723791, -51.591671372926413 ], [ -72.206284076186762, -51.588122314370445 ], [ -72.20552099567054, -51.588098220788758 ], [ -72.205882836501701, -51.580378370215385 ], [ -72.20925352273008, -51.574558755909166 ], [ -72.209953752228841, -51.574359763038835 ], [ -72.210483467354564, -51.575374754777719 ], [ -72.211920984161864, -51.57631992346122 ], [ -72.213645270596572, -51.57504087739585 ], [ -72.215045507140985, -51.575712797518058 ], [ -72.214397213728816, -51.576238576934372 ], [ -72.215207370844482, -51.576625464715661 ], [ -72.214538528841217, -51.577115843300192 ], [ -72.216005103221363, -51.578010714645302 ], [ -72.216183800350805, -51.578446383523918 ], [ -72.215451131086169, -51.57864630281049 ], [ -72.217762709151202, -51.583123460967258 ] ], [ [ -72.141426296498267, -51.661365434626958 ], [ -72.149163269505834, -51.660672526786016 ], [ -72.15045605954289, -51.664665795651203 ], [ -72.146768960251762, -51.66992556469328 ], [ -72.138934193351986, -51.667869673355483 ], [ -72.141426296498267, -51.661365434626958 ] ], [ [ -72.07923704918251, -51.680492099760563 ], [ -72.078697766336802, -51.679099179705858 ], [ -72.089265490044511, -51.677868448342302 ], [ -72.090295934950547, -51.67654213745918 ], [ -72.09227259256545, -51.677164386513105 ], [ -72.087571236123566, -51.683253609441948 ], [ -72.085689633377683, -51.682543367275997 ], [ -72.088189346684516, -51.679267878825435 ], [ -72.07923704918251, -51.680492099760563 ] ] ] } },
{ "type": "Feature", "properties": { "codigo_indec": "780280101" }, "geometry": { "type": "Polygon", "coordinates": [ [ [ -72.587358351325307, -48.489051123316578 ], [ -72.044412989464377, -48.817840729085972 ], [ -71.957480177987307, -48.869855341975764 ], [ -71.412443156063361, -49.192142095753852 ], [ -70.994145774568835, -49.199091480688637 ], [ -71.001173870719313, -49.36951047017596 ], [ -71.146855918479972, -49.368069246817335 ], [ -71.157280156260583, -49.548705435748523 ], [ -71.152560197759712, -49.548856314458654 ], [ -71.510863971296857, -49.539978033260759 ], [ -71.515465261213578, -49.506066023712648 ], [ -71.563392640816204, -49.506721954628972 ], [ -71.563839058881413, -49.526149599700645 ], [ -71.572319485926073, -49.526509804180279 ], [ -71.581978011137252, -49.524711833857381 ], [ -71.5877672493706, -49.52231177499381 ], [ -71.594353163383204, -49.515140933189691 ], [ -71.602479666937754, -49.503533115289805 ], [ -71.613186961159229, -49.4944427842292 ], [ -71.619512769031431, -49.491003793917763 ], [ -71.626377125311606, -49.489260833145444 ], [ -71.634163001279035, -49.483350815552342 ], [ -71.645999229825506, -49.479069726154272 ], [ -71.657112690567743, -49.472245580278717 ], [ -71.66757299704048, -49.459994770987606 ], [ -71.671205100518236, -49.456511603971684 ], [ -71.71508746823217, -49.451635624990274 ], [ -71.727900929645429, -49.444535270884174 ], [ -71.739499332198378, -49.421823581648631 ], [ -71.738154867661805, -49.415875146877589 ], [ -71.731536678794129, -49.406409346983281 ], [ -71.749565095898575, -49.399362905450189 ], [ -71.762456628541912, -49.386613583494793 ], [ -71.796575136554154, -49.337167174102326 ], [ -71.856455868683597, -49.297566033442855 ], [ -71.889998817900263, -49.263375284894948 ], [ -71.906578374696878, -49.250287444315525 ], [ -71.922320109376898, -49.236588819769466 ], [ -71.940715432611185, -49.222285274929355 ], [ -71.952175452201047, -49.214316820098546 ], [ -71.961986631108687, -49.204887619558413 ], [ -71.963086436679333, -49.200097352475375 ], [ -71.970112482469915, -49.192299262488952 ], [ -71.982377838106302, -49.170137698102863 ], [ -71.999258540332363, -49.170077847553912 ], [ -72.017900806496883, -49.173553390730525 ], [ -72.034695384048533, -49.177838998900675 ], [ -72.053616707504275, -49.176121148264883 ], [ -72.099597917542937, -49.177152417734135 ], [ -72.120824782139408, -49.166385855053321 ], [ -72.211951416854248, -49.162243309914523 ], [ -72.204756339496853, -49.15616125236518 ], [ -72.200693404451087, -49.150783341664699 ], [ -72.19997094162774, -49.146063650918911 ], [ -72.20186634691305, -49.143407345290697 ], [ -72.20118653675074, -49.139136164757446 ], [ -72.202825114343142, -49.136806247092956 ], [ -72.208337177056933, -49.131211789407061 ], [ -72.209911639476161, -49.128906032575379 ], [ -72.217509442660202, -49.125231698420912 ], [ -72.224010464670442, -49.122621812476005 ], [ -72.234459630514792, -49.12378625007517 ], [ -72.256059202672205, -49.121788912855642 ], [ -72.26256224684235, -49.119455585903893 ], [ -72.265119589924296, -49.117606912603371 ], [ -72.265247552123114, -49.111734754384784 ], [ -72.266189055007374, -49.107611357659614 ], [ -72.27257712804527, -49.106791683162406 ], [ -72.282747151367602, -49.102154047178189 ], [ -72.291136377962189, -49.094022709135288 ], [ -72.297677195398904, -49.093111822548273 ], [ -72.301535807574112, -49.094710266056744 ], [ -72.302079047888739, -49.097064627512147 ], [ -72.319626347260282, -49.106535156862471 ], [ -72.324888690451857, -49.107741643494194 ], [ -72.320625787767, -49.100835659922375 ], [ -72.320683659080217, -49.099138622328276 ], [ -72.317581016310555, -49.096619666273014 ], [ -72.315336827544016, -49.091359757704943 ], [ -72.313600094403299, -49.082352705920286 ], [ -72.310600784559398, -49.079821603159836 ], [ -72.311035372745735, -49.074727501579872 ], [ -72.310195772436828, -49.071212460466491 ], [ -72.310213897529039, -49.067214093944244 ], [ -72.315185344186943, -49.065969480385775 ], [ -72.321235725807469, -49.062179736939086 ], [ -72.326108326673278, -49.064076418677253 ], [ -72.325553580775974, -49.065504488155149 ], [ -72.328053040659469, -49.067420050769591 ], [ -72.325099470257868, -49.069259111087042 ], [ -72.325367674668797, -49.071122137682316 ], [ -72.329375191187367, -49.074293807068038 ], [ -72.334050520098842, -49.074500477789748 ], [ -72.337524646414934, -49.080066218381852 ], [ -72.341707587207409, -49.080628608267048 ], [ -72.343350088474665, -49.082047023664117 ], [ -72.344066597239475, -49.085016769254857 ], [ -72.345447908411472, -49.084940722728867 ], [ -72.346400217530757, -49.083779835976166 ], [ -72.350857086690141, -49.085912404003395 ], [ -72.35240020014885, -49.089811445573424 ], [ -72.354940603322078, -49.092705597721775 ], [ -72.35881329634816, -49.092660307169631 ], [ -72.357607886443418, -49.089462046699303 ], [ -72.357637400916005, -49.087262136778584 ], [ -72.361269094708447, -49.086747092126423 ], [ -72.363041085356812, -49.087486900151056 ], [ -72.366856411960725, -49.087712831674722 ], [ -72.368488378882233, -49.088910846589748 ], [ -72.368820340493855, -49.091284580340321 ], [ -72.371589309086616, -49.091424000844476 ], [ -72.375156647685756, -49.093136438647328 ], [ -72.377860248925515, -49.092261289973784 ], [ -72.380702573324669, -49.093428166895187 ], [ -72.384017161994663, -49.096501355167739 ], [ -72.382737044046436, -49.098018446193969 ], [ -72.387975485536742, -49.101376842318828 ], [ -72.387020934638045, -49.102646070355206 ], [ -72.390178040180587, -49.103344772149711 ], [ -72.392455320120902, -49.104698863418399 ], [ -72.39463178011809, -49.104023211099381 ], [ -72.395965759954578, -49.107257785600666 ], [ -72.401606405482497, -49.108908336562408 ], [ -72.404872893403891, -49.1086950070722 ], [ -72.406347521441404, -49.11012199269851 ], [ -72.410057492642835, -49.11137944446083 ], [ -72.410464329060005, -49.112266824313821 ], [ -72.415019064587085, -49.113152856442845 ], [ -72.415636717963508, -49.114614095877506 ], [ -72.418566271883662, -49.114527283565238 ], [ -72.42040990182754, -49.116280432085624 ], [ -72.422905940070493, -49.114672868763151 ], [ -72.4249527941856, -49.112066751917411 ], [ -72.415763355742357, -49.101456431716777 ], [ -72.412128184654733, -49.098735406906997 ], [ -72.403295107115596, -49.088801618143819 ], [ -72.391650064254662, -49.07939063363505 ], [ -72.386335480633647, -49.071964806899075 ], [ -72.388675771736388, -49.069040406899887 ], [ -72.388868307611219, -49.066439939946711 ], [ -72.382817364645092, -49.058572398823891 ], [ -72.38354280612576, -49.056509440271 ], [ -72.38263080978237, -49.053257840514718 ], [ -72.380430738018831, -49.051388636153668 ], [ -72.380364446269112, -49.047891859221579 ], [ -72.382171235015548, -49.045936600882321 ], [ -72.38110189362736, -49.043436117963672 ], [ -72.379193820971665, -49.040771338374483 ], [ -72.374220335064607, -49.038542573989986 ], [ -72.374434681394135, -49.036607055220998 ], [ -72.372730635200014, -49.031894526262313 ], [ -72.370588891552217, -49.030715981370996 ], [ -72.367123176105366, -49.025375813671701 ], [ -72.368102682394294, -49.022059833572143 ], [ -72.370761460376158, -49.016581117341758 ], [ -72.369126999033057, -49.011718092855155 ], [ -72.364786174982569, -49.011165841088463 ], [ -72.36395961746129, -49.009148294226136 ], [ -72.361130435719687, -49.008097570956139 ], [ -72.358066278837441, -48.998324792771726 ], [ -72.358463680680075, -48.996613315423325 ], [ -72.357966994796172, -48.994361258086869 ], [ -72.3551609338068, -48.991047686337431 ], [ -72.351813670676066, -48.988572755730615 ], [ -72.350502980985226, -48.985741729770773 ], [ -72.347368298270055, -48.982657882568816 ], [ -72.34663381825429, -48.979396343063797 ], [ -72.343874470762017, -48.976755707679921 ], [ -72.338920921690146, -48.969645543457148 ], [ -72.332530861140071, -48.964168691412759 ], [ -72.31684360749469, -48.956211768147178 ], [ -72.297597745294979, -48.948156759566466 ], [ -72.291428396273631, -48.949030197938612 ], [ -72.287434222171925, -48.948460668095947 ], [ -72.283970284087843, -48.946711150419638 ], [ -72.282030090958429, -48.94736903645871 ], [ -72.280544830005397, -48.945284222484794 ], [ -72.278439679447573, -48.945092303125882 ], [ -72.280023496177293, -48.943113492239505 ], [ -72.277314166397943, -48.943649285710208 ], [ -72.276640894899373, -48.946501580612995 ], [ -72.274116662251416, -48.9525769019249 ], [ -72.274158408208294, -48.958529812306132 ], [ -72.275550702046928, -48.961381847477497 ], [ -72.275787891320789, -48.967603516676462 ], [ -72.273714860800069, -48.972762074078567 ], [ -72.27221490943387, -48.973483727380355 ], [ -72.271686033843736, -48.975994600487979 ], [ -72.269748896867767, -48.977866381539499 ], [ -72.262915283938128, -48.986671877170508 ], [ -72.26290511572833, -48.988920678901046 ], [ -72.261147213991535, -48.991142497043185 ], [ -72.256756881856731, -48.993083436995128 ], [ -72.254555979096054, -48.995749381153097 ], [ -72.255565332438792, -49.003311839514154 ], [ -72.258469646856412, -49.005604193990976 ], [ -72.257824241254568, -49.008909755346735 ], [ -72.259714804847519, -49.012211076743576 ], [ -72.258142975597551, -49.016667084942057 ], [ -72.256862303115355, -49.017890487288334 ], [ -72.247410606327392, -49.018269577172845 ], [ -72.238610815685973, -49.015791970713934 ], [ -72.236313666326225, -49.011894634239482 ], [ -72.238487898096793, -49.008213482786005 ], [ -72.240492133628507, -49.00191980861235 ], [ -72.236879338410063, -48.996696869319308 ], [ -72.237425449743156, -48.994527464433503 ], [ -72.236539206477815, -48.990451082511683 ], [ -72.240964857298565, -48.985362013873115 ], [ -72.240750540017643, -48.980902503136527 ], [ -72.244993487748545, -48.975701479962531 ], [ -72.246402257658644, -48.971047856339396 ], [ -72.24963872083066, -48.970502439015739 ], [ -72.25449846488651, -48.965832289859812 ], [ -72.254621675445378, -48.962429051590604 ], [ -72.250353275028601, -48.960278522222914 ], [ -72.247039458047553, -48.954368403779718 ], [ -72.250523289698521, -48.952340953762977 ], [ -72.248270308067504, -48.948878807199961 ], [ -72.248002260883169, -48.941915949401356 ], [ -72.249013486488323, -48.938514656983486 ], [ -72.253127679912794, -48.936856085872535 ], [ -72.260331784058323, -48.93616228420364 ], [ -72.265112697321186, -48.937771760583828 ], [ -72.272314155825427, -48.938237524753831 ], [ -72.277135546521123, -48.940663820674636 ], [ -72.283823800293476, -48.94063529458753 ], [ -72.289921879217204, -48.939211152396993 ], [ -72.294084697283168, -48.939294583504385 ], [ -72.297413366097956, -48.938115575564154 ], [ -72.302554540758877, -48.937716491359225 ], [ -72.319241898471816, -48.932479043081621 ], [ -72.321326527372449, -48.930260362644802 ], [ -72.323959401057195, -48.928489027538483 ], [ -72.326637737893108, -48.92478706185139 ], [ -72.32850521769916, -48.924391344150649 ], [ -72.330751255614743, -48.921942966946666 ], [ -72.345536439879766, -48.921595511904236 ], [ -72.350842158096214, -48.9266894485542 ], [ -72.348649531557655, -48.927324333386643 ], [ -72.347798705491456, -48.930060818571199 ], [ -72.349942458675685, -48.933636668727786 ], [ -72.354674105671364, -48.935081977330753 ], [ -72.356568430756482, -48.937626136105571 ], [ -72.362104021043976, -48.939902170188745 ], [ -72.36555441079787, -48.938272412544606 ], [ -72.367220979358621, -48.934940820279898 ], [ -72.373000765930342, -48.931371926649049 ], [ -72.375384578019364, -48.9284644227996 ], [ -72.375208923144683, -48.92586123366447 ], [ -72.382970868856262, -48.921100455540561 ], [ -72.385559142900092, -48.921532597824751 ], [ -72.395891693829711, -48.916416535433775 ], [ -72.400238953833991, -48.91707980171963 ], [ -72.401803375409486, -48.919866820807201 ], [ -72.409035233958932, -48.919994825306283 ], [ -72.41448171416657, -48.919158949032166 ], [ -72.415927446547641, -48.920244875941862 ], [ -72.416162701985328, -48.921141828912347 ], [ -72.418791592279987, -48.92186433619424 ], [ -72.420650178851361, -48.921350453720777 ], [ -72.423154942903139, -48.922751121826302 ], [ -72.42184859777656, -48.923806290538671 ], [ -72.423093643984245, -48.924448373498187 ], [ -72.427415446973043, -48.92477408833151 ], [ -72.431168906185007, -48.924325068700163 ], [ -72.431223085407126, -48.925114956404066 ], [ -72.436322700889647, -48.925237281035209 ], [ -72.437946392684097, -48.927860155937211 ], [ -72.440686943279729, -48.927665908777229 ], [ -72.443503248973769, -48.9257469141142 ], [ -72.448659670601074, -48.92357343328036 ], [ -72.453975756555025, -48.917788188488771 ], [ -72.458008475673438, -48.916947652264881 ], [ -72.459781750080495, -48.915306899005216 ], [ -72.462216764175778, -48.915687955213926 ], [ -72.468406517924734, -48.912403183261411 ], [ -72.46860881340946, -48.911187345786345 ], [ -72.475170186340634, -48.905948217718759 ], [ -72.47752752366749, -48.901631709297021 ], [ -72.481572954701093, -48.902175089993754 ], [ -72.488844032105803, -48.901136590547956 ], [ -72.488959974300954, -48.903925849539469 ], [ -72.492361305075462, -48.901637124775526 ], [ -72.49278820219773, -48.900373953612444 ], [ -72.494121529388295, -48.900077172608654 ], [ -72.495171998075264, -48.897585321082218 ], [ -72.499084561537515, -48.895204423035651 ], [ -72.501820485945188, -48.895265185718848 ], [ -72.50258665614399, -48.898466401028472 ], [ -72.510134842198127, -48.897696948631129 ], [ -72.511181724196462, -48.895506367942367 ], [ -72.512963533860486, -48.896841681546491 ], [ -72.516038914222122, -48.896149708664169 ], [ -72.519188377879573, -48.894474991151469 ], [ -72.521484164615785, -48.895308766752443 ], [ -72.520766315287162, -48.899747000942085 ], [ -72.524612270918837, -48.898275705688306 ], [ -72.53708440170692, -48.897209783821815 ], [ -72.532438181958341, -48.89463154037626 ], [ -72.537046917122922, -48.894265235888057 ], [ -72.537479747373013, -48.89300620407311 ], [ -72.530568136038227, -48.892534697828388 ], [ -72.529646735178318, -48.891654494721251 ], [ -72.522067503296242, -48.891432296560438 ], [ -72.531570270240323, -48.889675204383742 ], [ -72.540328255100832, -48.887135209095248 ], [ -72.538882024372185, -48.886163276807451 ], [ -72.539409164114844, -48.883875963112814 ], [ -72.537101191625595, -48.882818057575705 ], [ -72.536439926518383, -48.880792112738959 ], [ -72.540109810238363, -48.879123311641834 ], [ -72.543219400822764, -48.876958942745127 ], [ -72.535511691463753, -48.87493370116205 ], [ -72.533992333340251, -48.872821650421223 ], [ -72.535168195348461, -48.870064718122713 ], [ -72.54605263622372, -48.868484335182941 ], [ -72.545851161630637, -48.872911353785305 ], [ -72.549024278970904, -48.874059353500151 ], [ -72.55119172955969, -48.873088586526904 ], [ -72.551015563765404, -48.870602530397605 ], [ -72.557467581967941, -48.871986440802253 ], [ -72.560399855712291, -48.869741625780186 ], [ -72.564786296620184, -48.868585043213287 ], [ -72.56857198534955, -48.866318090975511 ], [ -72.571748300860946, -48.867222512215989 ], [ -72.580489280807356, -48.867198418302777 ], [ -72.584100158445111, -48.869123365536211 ], [ -72.592034032363046, -48.867630409392376 ], [ -72.598408880896471, -48.867881113557949 ], [ -72.604282634820649, -48.865997435880736 ], [ -72.602754562893523, -48.863895540192381 ], [ -72.604034047971282, -48.862492817064407 ], [ -72.603568056326708, -48.858428339083964 ], [ -72.601745637701995, -48.854217407040032 ], [ -72.601371654858852, -48.85180954959786 ], [ -72.612700122154394, -48.840724059458523 ], [ -72.567854949866089, -48.823287699258465 ], [ -72.537564900465114, -48.798030129361422 ], [ -72.534731576891062, -48.775459751547899 ], [ -72.540715682419403, -48.754142947916108 ], [ -72.54769930258432, -48.736945980619574 ], [ -72.544354033017044, -48.71400019613214 ], [ -72.542312571960665, -48.675084507987926 ], [ -72.549133550968236, -48.642434746469647 ], [ -72.554065467820138, -48.610710788304701 ], [ -72.568459955566581, -48.58127925748331 ], [ -72.574614541795668, -48.543489558559081 ], [ -72.580931593657425, -48.521062084673709 ], [ -72.582656038510251, -48.509863648248697 ], [ -72.587742615206864, -48.496837756098522 ], [ -72.588986524090942, -48.492081074930134 ], [ -72.587358351325307, -48.489051123316578 ] ] ] } },
{ "type": "Feature", "properties": { "codigo_indec": "780210102" }, "geometry": { "type": "Polygon", "coordinates": [ [ [ -70.58793690460061, -51.10477280147223 ], [ -70.589024989908822, -51.133268054417776 ], [ -70.654963062530385, -51.132982633092602 ], [ -70.657259280541311, -51.175753438685824 ], [ -70.949075057897161, -51.169020414508516 ], [ -70.953692146324414, -51.259168429069511 ], [ -71.025313988962608, -51.257204666954934 ], [ -71.022480315447027, -51.167297480123068 ], [ -71.091652596629658, -51.165428897276399 ], [ -71.100393372700637, -51.346470878632267 ], [ -71.647055376425996, -51.334007681800195 ], [ -72.096415111902147, -51.321790528878701 ], [ -72.089781902733066, -51.211979487171689 ], [ -72.219963330694213, -51.208907054406879 ], [ -72.217596550928306, -51.205092332834219 ], [ -72.217430419839346, -51.19511619010148 ], [ -72.215790169778245, -51.186722670499933 ], [ -72.213127742129416, -51.181463845851276 ], [ -72.209792286953146, -51.17808921517544 ], [ -72.208164910218628, -51.171394659019903 ], [ -72.202041750707295, -51.164513136866333 ], [ -72.194362761415249, -51.16162566831202 ], [ -72.186188802122075, -51.160981120680944 ], [ -72.159096892361717, -51.155525921061077 ], [ -72.068215935983545, -51.145772927103316 ], [ -72.020614100108062, -51.143353569913067 ], [ -71.999405924230004, -51.138783787589162 ], [ -71.953943563652061, -51.136174503872319 ], [ -71.925888563290712, -51.13163845032139 ], [ -71.892575862147098, -51.125018642277617 ], [ -71.86050331961728, -51.111782064135582 ], [ -71.856795636566176, -51.108523593645998 ], [ -71.843782981400039, -51.090827397716666 ], [ -71.835484262066558, -51.080617434163209 ], [ -71.81364280881678, -51.060470585422415 ], [ -71.807182803556827, -51.058755882451315 ], [ -71.791955727872022, -51.060109878673117 ], [ -71.778105095941285, -51.063793788576277 ], [ -71.759662037704175, -51.071091106875976 ], [ -71.746370427462196, -51.075454787742437 ], [ -71.734197359187732, -51.077286782791269 ], [ -71.714289820432199, -51.078856907529158 ], [ -71.694695772917854, -51.078352989791988 ], [ -71.673308442202398, -51.082445189623037 ], [ -71.651863951631682, -51.082484380900624 ], [ -71.608652608219245, -51.073661803398487 ], [ -71.565110958830331, -51.061787248123075 ], [ -71.53428134780539, -51.052687303805705 ], [ -71.50009648824711, -51.041700193946312 ], [ -71.469952317155659, -51.021932869342649 ], [ -71.461305062347392, -51.017395367970565 ], [ -71.447915984464245, -51.015474092980035 ], [ -71.439641812062305, -51.012006054584809 ], [ -71.4298482487428, -51.001871084603792 ], [ -71.420598718482935, -50.998341093332051 ], [ -71.409805102487923, -51.000038794799423 ], [ -71.399592809458468, -51.002316922779919 ], [ -71.393694810829913, -51.00067582909049 ], [ -71.387599878253269, -50.994358897968638 ], [ -71.378796759809845, -50.989993860363597 ], [ -71.365835200502588, -50.98974024858159 ], [ -71.353753017723477, -50.990393494926529 ], [ -71.344341133901438, -50.987436172424225 ], [ -71.334135971790531, -50.982695864335788 ], [ -71.31983047833053, -50.982720243825938 ], [ -71.309410993023349, -50.986788188091907 ], [ -71.297120828014016, -50.995270332491906 ], [ -71.284303910008319, -50.997616519463783 ], [ -71.260447341037221, -50.990438942517471 ], [ -71.245181090291908, -50.988755591372829 ], [ -71.22773589425789, -50.991517099896072 ], [ -71.200346605410445, -50.998828560534427 ], [ -71.18218169135028, -51.009233986418053 ], [ -71.166585903474882, -51.016141143482272 ], [ -71.154787311600131, -51.015811006632312 ], [ -71.14010047892674, -51.017906042714145 ], [ -71.119459842721199, -51.022543738629835 ], [ -71.108343568398823, -51.028795272486207 ], [ -71.093568234633381, -51.033173989950598 ], [ -71.055848553380173, -51.036851071027947 ], [ -71.032672236176793, -51.035737314989134 ], [ -71.025361364629902, -51.038354527739671 ], [ -71.011961590218348, -51.041732565877098 ], [ -70.997488181591081, -51.042160721868427 ], [ -70.98937386387189, -51.047063855555336 ], [ -70.973781717843138, -51.0544303582925 ], [ -70.951416429023851, -51.058514364391627 ], [ -70.930662482100402, -51.058387156752076 ], [ -70.911019610286516, -51.056485072767565 ], [ -70.896165850914329, -51.051400575651805 ], [ -70.871142818313501, -51.041344308221717 ], [ -70.843996616951017, -51.031756756010701 ], [ -70.803608046914889, -51.02443129893345 ], [ -70.790630546789274, -51.025386076700585 ], [ -70.763636849568044, -51.036305712055949 ], [ -70.738953008079164, -51.043930399587801 ], [ -70.718402117123631, -51.046868422329098 ], [ -70.680063531227503, -51.051471291364173 ], [ -70.652665374081863, -51.057484995592816 ], [ -70.635598058293922, -51.066692222212829 ], [ -70.612000888950263, -51.083443966109677 ], [ -70.58793690460061, -51.10477280147223 ] ] ] } },
{ "type": "Feature", "properties": { "codigo_indec": "780140502" }, "geometry": { "type": "Polygon", "coordinates": [ [ [ -66.758211619182944, -47.398590980788171 ], [ -66.742006024431589, -47.410834435106523 ], [ -66.737181952271484, -47.412551783312196 ], [ -66.731808108014874, -47.413255094078117 ], [ -66.721414732348876, -47.417802798519688 ], [ -66.498284480912602, -47.492814024497413 ], [ -66.394542783881889, -47.528578872861196 ], [ -66.187922519552245, -47.59825209081712 ], [ -66.155419872428794, -47.609840962014815 ], [ -66.14648752982923, -47.60972238509359 ], [ -66.127609667877309, -47.614382636950559 ], [ -66.113680155059612, -47.618935119060701 ], [ -66.078366445702557, -47.628857216196465 ], [ -66.056590559589225, -47.635536782306559 ], [ -66.04519147298619, -47.644800954433052 ], [ -66.049079773151988, -47.646839591864193 ], [ -66.042082258094993, -47.654066818702134 ], [ -66.038069249841726, -47.65211017911826 ], [ -66.038348849624583, -47.654226786546666 ], [ -66.031838684219537, -47.661209616837162 ], [ -66.025820918173096, -47.666527243795834 ], [ -65.994348785932573, -47.676820012794863 ], [ -65.976951389316056, -47.682857124805729 ], [ -65.969852221433712, -47.685889998491866 ], [ -65.963535806608107, -47.692060024733451 ], [ -65.938419748486837, -47.707106748730453 ], [ -65.919081505908423, -47.729769464713868 ], [ -65.912695388824119, -47.738386033326073 ], [ -65.921448102265828, -47.735023287260816 ], [ -65.924630965493762, -47.738540385207159 ], [ -65.926106561758331, -47.741107613320132 ], [ -65.928763900425523, -47.742802461341206 ], [ -65.928973675820899, -47.747620521704732 ], [ -65.92764590277271, -47.748538444269457 ], [ -65.927464017735119, -47.749248690071369 ], [ -65.928077221115686, -47.750839282533249 ], [ -65.927245414333129, -47.751770486942689 ], [ -65.92491766565999, -47.751604638472358 ], [ -65.926209985591669, -47.752421873002589 ], [ -65.937577709949736, -47.752136860927166 ], [ -65.96095703190386, -47.747262828921464 ], [ -65.966028781949348, -47.74834613123091 ], [ -65.973495626649552, -47.748381545502419 ], [ -65.985123687906182, -47.745071813239356 ], [ -65.98754480150086, -47.743561291456395 ], [ -65.991031160531762, -47.743810248245047 ], [ -65.995368463217318, -47.745493640806096 ], [ -66.010398729727456, -47.747937396645618 ], [ -66.01000496514483, -47.746663310966149 ], [ -66.012120135854943, -47.74640811331728 ], [ -66.020259225948706, -47.742841944925416 ], [ -66.026076077599086, -47.743150371503411 ], [ -66.039467299643377, -47.745700704671258 ], [ -66.04372930205065, -47.748801542302765 ], [ -66.05543436275056, -47.755979471670756 ], [ -66.06759443912614, -47.770125516700652 ], [ -66.071668192993599, -47.777412177199771 ], [ -66.069836541381775, -47.783405579459469 ], [ -66.078292004506082, -47.785892552996216 ], [ -66.083221036299477, -47.784628281886235 ], [ -66.089459317308652, -47.786680225037607 ], [ -66.108512443050628, -47.800258919573572 ], [ -66.115933413176265, -47.801196847664016 ], [ -66.120937091080634, -47.805352318060933 ], [ -66.126031582782431, -47.807877249003731 ], [ -66.135780128416698, -47.810765624836606 ], [ -66.142321121740181, -47.810802845606503 ], [ -66.151518202381794, -47.813545706911725 ], [ -66.152037010398146, -47.814314166524511 ], [ -66.156034275495657, -47.816432713131469 ], [ -66.158088099632366, -47.816483617122046 ], [ -66.160827269409438, -47.817680316598221 ], [ -66.163434201571775, -47.817875240435832 ], [ -66.165356184257789, -47.816915319145814 ], [ -66.166242061095758, -47.817814215395039 ], [ -66.166373746769537, -47.818829400097414 ], [ -66.169167973889088, -47.819019824795163 ], [ -66.172633704715196, -47.820616453196465 ], [ -66.181413483851969, -47.820706597035283 ], [ -66.180751667928661, -47.819179184093137 ], [ -66.183172286939268, -47.819364581225067 ], [ -66.183504894399661, -47.820128322790751 ], [ -66.188206864865521, -47.819618529705984 ], [ -66.19130656588878, -47.821079688416901 ], [ -66.197248426177381, -47.821850170805817 ], [ -66.204362021373228, -47.825176477072674 ], [ -66.206396015346641, -47.825603815992508 ], [ -66.221946636650756, -47.83554753582456 ], [ -66.241179484577529, -47.846715564410516 ], [ -66.234713698404192, -47.8451791821591 ], [ -66.230936979178693, -47.845843652836713 ], [ -66.227454318721101, -47.844500256043389 ], [ -66.217287058868521, -47.842234733285402 ], [ -66.211029875388633, -47.840319785182224 ], [ -66.207014499115928, -47.838463593197247 ], [ -66.202873986647319, -47.835461855564922 ], [ -66.194152296939862, -47.830719923676952 ], [ -66.183540622439253, -47.829830227605726 ], [ -66.177293304514919, -47.827783237421365 ], [ -66.17467873674525, -47.827718870081377 ], [ -66.173633374879998, -47.826307898516347 ], [ -66.168500245181463, -47.824418298566926 ], [ -66.16549843544739, -47.824600517171113 ], [ -66.164052735819197, -47.823678782197014 ], [ -66.160926231396147, -47.822719937391916 ], [ -66.151769419034935, -47.822618863252693 ], [ -66.150897492574771, -47.821468342669974 ], [ -66.149970986792013, -47.821314899176542 ], [ -66.148546089774214, -47.820020192569139 ], [ -66.144493169107662, -47.818916430881906 ], [ -66.143449051208222, -47.817500711286336 ], [ -66.137474018277686, -47.817356252082661 ], [ -66.135918032526291, -47.818450776723026 ], [ -66.131153349171171, -47.820090223295679 ], [ -66.126699859325939, -47.81947503224017 ], [ -66.117123014107392, -47.816842067119538 ], [ -66.114578863949674, -47.815518796398905 ], [ -66.104437437884712, -47.816396598616286 ], [ -66.096859850571363, -47.814819824506884 ], [ -66.093252382066154, -47.812461717287924 ], [ -66.078966232886017, -47.807187494453281 ], [ -66.057386035404562, -47.79542802503439 ], [ -66.053113546628722, -47.791666328527207 ], [ -66.057467283390835, -47.787375030894793 ], [ -66.056127511502226, -47.778017253829361 ], [ -66.052458789352443, -47.773515427516791 ], [ -66.043747438168964, -47.769009527149265 ], [ -66.020855827088198, -47.767535595316666 ], [ -66.018230509885058, -47.764449498256305 ], [ -66.010684915641733, -47.762490001309608 ], [ -65.995564587216379, -47.762346704656792 ], [ -65.995368907519122, -47.765741741772977 ], [ -66.007252481385308, -47.773477973901763 ], [ -66.011620852840821, -47.775485365723569 ], [ -66.022641191902849, -47.775520150755369 ], [ -66.025511284867022, -47.777605036092417 ], [ -66.011728327896691, -47.77686891673617 ], [ -65.992489688063031, -47.770321250209811 ], [ -65.984588458143918, -47.764824608180035 ], [ -65.978254855158028, -47.764531951563157 ], [ -65.971123962793428, -47.765103911006548 ], [ -65.966377782802056, -47.763210898081006 ], [ -65.962981011316913, -47.76060233675895 ], [ -65.961682726770249, -47.760446509102152 ], [ -65.955477577646292, -47.761163452750488 ], [ -65.952891660774497, -47.76386528053218 ], [ -65.945715239804329, -47.76845529404595 ], [ -65.936859174176305, -47.766581942407868 ], [ -65.913240836696403, -47.763533375269546 ], [ -65.907844118594312, -47.765447874243883 ], [ -65.905073515796659, -47.764361165249575 ], [ -65.900200084046048, -47.764256508745326 ], [ -65.894614693152121, -47.771679355287567 ], [ -65.885360317976662, -47.775988934960793 ], [ -65.89113371294593, -47.780094504632643 ], [ -65.890756770024709, -47.78752781748382 ], [ -65.883756298408045, -47.801910017306156 ], [ -65.880813991477439, -47.811630284468649 ], [ -65.87230941333884, -47.825930375244837 ], [ -65.870416322373259, -47.833083865508463 ], [ -65.869418768020338, -47.847210527029141 ], [ -65.868256485855056, -47.854689747778387 ], [ -65.864168153654248, -47.87393108919553 ], [ -65.852371807018471, -47.889326986604523 ], [ -65.847996682359977, -47.897504852223364 ], [ -65.844511976922462, -47.895695480887369 ], [ -65.838220371225617, -47.898139825023641 ], [ -65.836433236897193, -47.900959998888439 ], [ -65.828720205760831, -47.905303066804919 ], [ -65.819244895050275, -47.906237090030913 ], [ -65.815520123662751, -47.904640560588163 ], [ -65.810231982623563, -47.904160821727615 ], [ -65.803389763430729, -47.904316677072778 ], [ -65.799895398464585, -47.904633028295692 ], [ -65.79013581180233, -47.910207210334079 ], [ -65.781854610574072, -47.909282569260064 ], [ -65.775657254164301, -47.909382898653135 ], [ -65.77574864600048, -47.910118573516904 ], [ -65.77762985200286, -47.910310857058953 ], [ -65.780576031887449, -47.91215213121221 ], [ -65.7797497234492, -47.913338787751485 ], [ -65.776693924996508, -47.915627689821541 ], [ -65.76972398057184, -47.91539116072024 ], [ -65.767456729699234, -47.918007855712332 ], [ -65.770150756688921, -47.918313113030173 ], [ -65.772532389354339, -47.919284155444167 ], [ -65.769252977094638, -47.920801980917268 ], [ -65.776636335040394, -47.921234552064533 ], [ -65.782431749674345, -47.922188815055087 ], [ -65.785372910733869, -47.924178237886693 ], [ -65.791486648165048, -47.924646226443414 ], [ -65.796522676393991, -47.930588818700308 ], [ -65.797033355446587, -47.932991282639456 ], [ -65.795480833727296, -47.934612026455994 ], [ -65.793535024369945, -47.935340236294422 ], [ -65.793830853744808, -47.936886669809972 ], [ -65.795297450055102, -47.936981616181498 ], [ -65.79705130346936, -47.938330387426802 ], [ -65.797126940490983, -47.94095007763287 ], [ -65.794770822087742, -47.941869244033818 ], [ -65.79441532686549, -47.944530860942152 ], [ -65.792340586197284, -47.946523760209601 ], [ -65.787019734466256, -47.947854574404161 ], [ -65.780440927793904, -47.946640210611868 ], [ -65.776529652683692, -47.946453928444086 ], [ -65.77533871326979, -47.945475973341743 ], [ -65.773351987338515, -47.947655406278372 ], [ -65.771195264340548, -47.948048985561172 ], [ -65.770611012979529, -47.949849558109406 ], [ -65.7707490462777, -47.950910370802781 ], [ -65.77379972937058, -47.95261081886337 ], [ -65.780746593769862, -47.952760971425938 ], [ -65.786036603898367, -47.952099717923353 ], [ -65.794395963755306, -47.952738356285998 ], [ -65.795370527420772, -47.953975421837526 ], [ -65.802339087712227, -47.952856560858962 ], [ -65.805465671462926, -47.953074084030646 ], [ -65.811425238065851, -47.959473451060802 ], [ -65.810494501165763, -47.96164687965878 ], [ -65.812632777978223, -47.962263993404783 ], [ -65.816901060637676, -47.962328511340829 ], [ -65.817156384953293, -47.960626530131059 ], [ -65.82126032880393, -47.957313175215617 ], [ -65.825075192030596, -47.958705093714002 ], [ -65.83400436445902, -47.96472215040167 ], [ -65.838746075717339, -47.963233775960305 ], [ -65.837074025700687, -47.96117280527119 ], [ -65.837288305398857, -47.96007681736377 ], [ -65.839292568669904, -47.959219046654297 ], [ -65.842873640915656, -47.959349118732447 ], [ -65.84407852400571, -47.962485557122797 ], [ -65.847985062610533, -47.961783382609468 ], [ -65.8469329088975, -47.959433752556365 ], [ -65.845361676265199, -47.958077287433859 ], [ -65.847064386203797, -47.957220085501419 ], [ -65.842781671553141, -47.94680297700117 ], [ -65.843337351570483, -47.944605479750564 ], [ -65.845235730939578, -47.943056571094587 ], [ -65.856072874199839, -47.940025864662175 ], [ -65.862017897295644, -47.939397049257266 ], [ -65.868954872754813, -47.940072297383772 ], [ -65.87153469313435, -47.942296983553263 ], [ -65.872897422067823, -47.944893222212734 ], [ -65.87254364609646, -47.94753711688098 ], [ -65.869305024308872, -47.949063405473176 ], [ -65.86954137073279, -47.950081796015091 ], [ -65.873723465008439, -47.950393710930271 ], [ -65.876017965203815, -47.949646652112953 ], [ -65.874878674226665, -47.948612680932307 ], [ -65.875880539214052, -47.946930907061663 ], [ -65.879767899401074, -47.947131134218907 ], [ -65.878671069735432, -47.945392244882854 ], [ -65.874673937348433, -47.944572829476691 ], [ -65.874524932481648, -47.942050158725735 ], [ -65.875683255517202, -47.940269204689216 ], [ -65.878090333758095, -47.938256870091692 ], [ -65.882699790505441, -47.936012005351948 ], [ -65.901860984580068, -47.933445709443362 ], [ -65.909591520510787, -47.933771127843656 ], [ -65.918957776040415, -47.936303260565545 ], [ -65.928089347594849, -47.94055088162888 ], [ -65.935891796264045, -47.945904642889595 ], [ -65.945168663479336, -47.954436368122195 ], [ -65.947034971471822, -47.957814175360802 ], [ -65.950591297957246, -47.962572623908734 ], [ -65.952675821700751, -47.968339792354513 ], [ -65.955251656754555, -47.973049555398717 ], [ -65.956419669479928, -47.97903968368162 ], [ -65.953680917720504, -47.983972693769388 ], [ -65.94616113169765, -47.987775578880687 ], [ -65.936912479611735, -47.989980216418566 ], [ -65.934045349354662, -47.995341092845635 ], [ -65.935690888096531, -47.998101510697175 ], [ -65.946568717646372, -48.003905321932898 ], [ -65.94884978998769, -48.008063167608327 ], [ -65.944051997201555, -48.010993787398114 ], [ -65.938216288862222, -48.012992535925783 ], [ -65.937745379131428, -48.019015554161982 ], [ -65.940672324375356, -48.020303423330709 ], [ -65.951165151157042, -48.018064058898666 ], [ -65.955253828756923, -48.014943430347166 ], [ -65.959306613705493, -48.016980274835859 ], [ -65.962440724124704, -48.021079476806165 ], [ -65.955010056441836, -48.023572054574039 ], [ -65.953394875371515, -48.025836380595635 ], [ -65.95675656607763, -48.027382731693962 ], [ -65.952925624920212, -48.029642250329914 ], [ -65.948574670676706, -48.028384312885045 ], [ -65.946397768458581, -48.032486551813868 ], [ -65.957875345993983, -48.033942665938682 ], [ -65.961099375968047, -48.0380667614603 ], [ -65.980781394851306, -48.049078624644004 ], [ -65.9803801596413, -48.051465192691872 ], [ -65.971773370110441, -48.052848541681286 ], [ -65.968113679957611, -48.059763412603729 ], [ -65.95775074083295, -48.070076162501643 ], [ -65.945388500956184, -48.077415982435973 ], [ -65.936988530323305, -48.079238494047218 ], [ -65.920505389072829, -48.081594918918327 ], [ -65.906456429485701, -48.081671439479649 ], [ -65.905867256684715, -48.082541555106189 ], [ -65.909617734399887, -48.083069833359616 ], [ -65.911391482074848, -48.088024259411377 ], [ -65.908153898524802, -48.09186336304343 ], [ -65.904834694461783, -48.092079749160639 ], [ -65.909811936539739, -48.09432761737947 ], [ -65.914180561847417, -48.097440403530719 ], [ -65.915484061812151, -48.101460142393364 ], [ -65.918416509998551, -48.099973789093355 ], [ -65.922718444847135, -48.107365986195717 ], [ -65.920506368001497, -48.107805887774489 ], [ -65.915809611705527, -48.107180602947786 ], [ -65.916789877121445, -48.108416735051847 ], [ -65.922776430913316, -48.109935560049855 ], [ -65.928443560885626, -48.115407736773562 ], [ -65.92840579013226, -48.117898286178601 ], [ -65.939445006193907, -48.116983275023607 ], [ -65.9395912964236, -48.114126830566306 ], [ -65.942502644056063, -48.113448832160458 ], [ -65.945907077988707, -48.114533363494942 ], [ -65.948173918265951, -48.116909794797756 ], [ -65.948036562695748, -48.119226797470667 ], [ -65.943350916624922, -48.122124402055604 ], [ -65.947269675520161, -48.122021776585512 ], [ -65.953572280608284, -48.119774073109056 ], [ -65.950971837981839, -48.118544722104687 ], [ -65.950042788291569, -48.113366037439988 ], [ -65.953120802434611, -48.109584499310188 ], [ -65.96010816676953, -48.103896117195909 ], [ -65.980192214084809, -48.102168429276801 ], [ -65.994990965032926, -48.105502487159299 ], [ -65.995566359618508, -48.109682114491626 ], [ -65.997655727756737, -48.110991534330758 ], [ -65.998856793625947, -48.1094533510148 ], [ -66.002463846998268, -48.10695708936251 ], [ -66.006003482642512, -48.108155796450141 ], [ -66.012838506382835, -48.104699947853248 ], [ -66.016521705563832, -48.105740159799218 ], [ -66.023351122299786, -48.109915569163228 ], [ -66.032656218736989, -48.108325994480545 ], [ -66.038563146559852, -48.106441193994129 ], [ -66.047590662753549, -48.106453304824541 ], [ -66.05590659538754, -48.107989052243852 ], [ -66.061607159217843, -48.110941418564821 ], [ -66.0610740071604, -48.115811888221344 ], [ -66.063297813450731, -48.116210581846637 ], [ -66.070175708404633, -48.113368564495978 ], [ -66.081516715934256, -48.111507647669526 ], [ -66.100690605267062, -48.116499699361157 ], [ -66.110492720972985, -48.120870813503942 ], [ -66.124827770937699, -48.125053342117326 ], [ -66.133746088921228, -48.133839150422723 ], [ -66.13400382162267, -48.139102924038184 ], [ -66.12908069357654, -48.140873318903871 ], [ -66.141807175868109, -48.140147387615173 ], [ -66.144391096296602, -48.143409240179153 ], [ -66.13974377125578, -48.150309361401547 ], [ -66.143651987310633, -48.152362947359798 ], [ -66.1468830732573, -48.16020556714043 ], [ -66.153202070730984, -48.165903008577381 ], [ -66.162600995152872, -48.171370402826909 ], [ -66.169689619344211, -48.174198681159076 ], [ -66.171682036930207, -48.17928918572602 ], [ -66.169876905815698, -48.183188816352271 ], [ -66.162436002714401, -48.182150760581465 ], [ -66.161064703140525, -48.187859873837681 ], [ -66.165924087354028, -48.192121841043694 ], [ -66.17458220336357, -48.195941922284845 ], [ -66.185031619020947, -48.195272034057368 ], [ -66.199026652358199, -48.196801405111891 ], [ -66.213987397048612, -48.201995242533201 ], [ -66.227531745828884, -48.201454961867697 ], [ -66.241571123322487, -48.208723135534434 ], [ -66.251668616660154, -48.217734687727422 ], [ -66.260064913886382, -48.220858415778729 ], [ -66.271539952089114, -48.240707744595554 ], [ -66.280195934815694, -48.243026641505523 ], [ -66.28802404041825, -48.249809018070501 ], [ -66.303814043486156, -48.25506002605173 ], [ -66.312486065131665, -48.261640137154956 ], [ -66.320675432991564, -48.266994096220515 ], [ -66.334474482070107, -48.271897584362975 ], [ -66.341663679167183, -48.279007677889247 ], [ -66.347365132348585, -48.287688445483248 ], [ -66.348389112029906, -48.296018244157843 ], [ -66.354657041510805, -48.301100508261072 ], [ -66.361222466318736, -48.308541233701987 ], [ -66.364907226952567, -48.321285086435267 ], [ -66.358510210576455, -48.336513791311148 ], [ -66.348976034065743, -48.348607312428278 ], [ -66.342137021158635, -48.350189760142911 ], [ -66.341728152049569, -48.35208257055428 ], [ -66.346283333005644, -48.353622383398545 ], [ -66.353920063006711, -48.353969308738904 ], [ -66.356834944101749, -48.356901000336414 ], [ -66.356885116238502, -48.358017427045617 ], [ -66.360601478287919, -48.362096207243596 ], [ -66.366463178113435, -48.361753947850922 ], [ -66.36663984155291, -48.35767466095453 ], [ -66.376179760540367, -48.354155735527506 ], [ -66.400525824001079, -48.350670475653942 ], [ -66.420703710529395, -48.350036685981472 ], [ -66.443306286976451, -48.351967147177042 ], [ -66.464504937675542, -48.357270942020001 ], [ -66.476811300907556, -48.364943782739431 ], [ -66.481234806100503, -48.377052289787791 ], [ -66.471743440759639, -48.382717062819601 ], [ -66.471800063578783, -48.388249622658023 ], [ -66.478743886510685, -48.395017176323819 ], [ -66.479571242464473, -48.399590768835139 ], [ -66.472039006256239, -48.401273685218044 ], [ -66.473198914428366, -48.402261536109393 ], [ -66.481436007767968, -48.405725048175796 ], [ -66.492372894702427, -48.408977049750291 ], [ -66.49849395216728, -48.41431336973281 ], [ -66.498962961922771, -48.41638768220848 ], [ -66.497369056030834, -48.418718413373675 ], [ -66.49990145622904, -48.419564963757125 ], [ -66.508126725618652, -48.418183041873895 ], [ -66.524185704086221, -48.41781937937111 ], [ -66.536416492023122, -48.41852274780527 ], [ -66.543505528745129, -48.42274863325467 ], [ -66.548335802233211, -48.424583033712587 ], [ -66.555896365721978, -48.424159359799262 ], [ -66.57209462110329, -48.424448506702099 ], [ -66.600593625693122, -48.42666551807072 ], [ -66.621641798443022, -48.428887995534318 ], [ -66.645946841435446, -48.432468424639488 ], [ -66.667673784020266, -48.437965581497828 ], [ -66.685845628266208, -48.447875020826785 ], [ -66.692248671472683, -48.453948534821954 ], [ -66.705863458607411, -48.456433338636671 ], [ -66.730242256579402, -48.463405928527315 ], [ -66.759683321648239, -48.477271223073423 ], [ -66.761715301527218, -48.485117270916426 ], [ -66.76977612751044, -48.490413684148336 ], [ -66.775434801287929, -48.49768666547979 ], [ -66.782321262946212, -48.502060101337392 ], [ -66.794091972250257, -48.50486304618402 ], [ -66.808147861556691, -48.513001058827378 ], [ -66.825002662413084, -48.519112751621066 ], [ -66.836959253720536, -48.528106842922298 ], [ -66.845344535959427, -48.53782427837092 ], [ -66.845212444886485, -48.544602916236933 ], [ -66.850321742096881, -48.550526261165082 ], [ -66.863743518581998, -48.561118693159685 ], [ -66.870128401638922, -48.570797083341695 ], [ -66.876341594616648, -48.582284105396937 ], [ -67.173394553756708, -48.48379180016854 ], [ -67.19462295427455, -48.463320651484963 ], [ -67.203550310792906, -48.111678743557334 ], [ -67.192345453962403, -48.11112974470668 ], [ -67.197126110114183, -47.945688123325603 ], [ -67.172212133138103, -47.945240242269278 ], [ -67.175660785547379, -47.766484626160135 ], [ -66.910383227722605, -47.763736241227157 ], [ -66.916039830936796, -47.623433062844043 ], [ -66.786841232098652, -47.619519104329918 ], [ -66.791435471117239, -47.398871881816611 ], [ -66.758211619182944, -47.398590980788171 ] ] ] } },
{ "type": "Feature", "properties": { "codigo_indec": "780490401" }, "geometry": { "type": "Polygon", "coordinates": [ [ [ -72.045335827946346, -48.817281189052039 ], [ -71.988746204450294, -48.821371832554426 ], [ -71.927650752613999, -48.821164685324163 ], [ -71.92448056547704, -48.715409369475047 ], [ -71.906635762445816, -48.715069826653306 ], [ -71.902811277624068, -48.662200764750473 ], [ -71.894571374183315, -48.657960748598704 ], [ -71.865534883459247, -48.648609569091143 ], [ -71.839295954749943, -48.638192782240488 ], [ -71.785488078668948, -48.632883624578142 ], [ -71.712377852183906, -48.633001951161631 ], [ -71.70385653146478, -48.649620714997212 ], [ -71.724141924130848, -48.665227893748714 ], [ -71.727588624042241, -48.698243518963842 ], [ -71.690218520221265, -48.72059088512637 ], [ -71.685249084798258, -48.618672325868509 ], [ -71.651811616119929, -48.61343975217715 ], [ -71.606720716680471, -48.608857750960617 ], [ -71.59585618558711, -48.604341107048079 ], [ -71.590512910197361, -48.603939865014503 ], [ -71.584877703676142, -48.604259937854962 ], [ -71.574387210822778, -48.603240447106877 ], [ -71.565757720934684, -48.601539969242957 ], [ -71.554344698828444, -48.60116428345944 ], [ -71.50483423136761, -48.594198623367909 ], [ -71.453864306826176, -48.59417695925012 ], [ -71.451176391182742, -48.547030760734287 ], [ -71.370515443694799, -48.549988839751045 ], [ -71.347656885349309, -48.53566289241806 ], [ -71.262032993145425, -48.549892551622378 ], [ -71.255851870736592, -48.555054785331215 ], [ -70.963884812104425, -48.563240200060115 ], [ -70.975832142593347, -48.833644843711447 ], [ -70.835025945913017, -48.836328081941403 ], [ -70.840179959600448, -48.924789281773961 ], [ -70.543716474485564, -48.93170678777463 ], [ -70.546550725498278, -49.0167649166698 ], [ -70.375540322869711, -49.019308304784353 ], [ -70.374953902615857, -49.112718090176415 ], [ -70.439891232817146, -49.111840862177843 ], [ -70.442471706001683, -49.196285732216865 ], [ -70.445222391068043, -49.196507614476523 ], [ -70.445454563716623, -49.20494381225474 ], [ -70.975391576012896, -49.199373414973074 ], [ -71.412443156063361, -49.192142095753852 ], [ -71.957480177987307, -48.869855341975764 ], [ -72.045335827946346, -48.817281189052039 ] ] ] } },
{ "type": "Feature", "properties": { "codigo_indec": "780280601" }, "geometry": { "type": "Polygon", "coordinates": [ [ [ -71.251949463407584, -50.218225187279202 ], [ -71.247581332787249, -50.217639947285384 ], [ -71.241337350573474, -50.218363037630603 ], [ -71.231602182574576, -50.218150390401952 ], [ -71.229452092965118, -50.219297619353526 ], [ -71.226297581390469, -50.22227581994575 ], [ -71.222897104597763, -50.223514321142162 ], [ -71.218385260685608, -50.22398721313543 ], [ -71.212372944703645, -50.223004952829285 ], [ -71.200593752496459, -50.222702739187362 ], [ -71.19276512805213, -50.220225344526952 ], [ -71.187594143755959, -50.22068700412877 ], [ -71.1839515847836, -50.219559713514769 ], [ -71.175458508969839, -50.215691009964253 ], [ -71.163423409850893, -50.213402756057697 ], [ -71.159025089471285, -50.213277804403369 ], [ -71.154339104993738, -50.213764933252683 ], [ -71.15086543932388, -50.213325805024823 ], [ -71.146188629806588, -50.214019233354556 ], [ -71.140979515156985, -50.21331065932727 ], [ -71.132533654383991, -50.211182269211349 ], [ -71.113103796719741, -50.211101335540135 ], [ -71.107517465885891, -50.211908651966489 ], [ -71.10356281735622, -50.21445742628233 ], [ -71.098756317544726, -50.21660336759399 ], [ -71.086920619565191, -50.218722769047837 ], [ -71.081235788447856, -50.221643510047549 ], [ -71.075747895837267, -50.224758254017267 ], [ -71.072409604061704, -50.227200523328754 ], [ -71.068472582410777, -50.23119983628839 ], [ -71.062519417498592, -50.23527078978892 ], [ -71.059402116416777, -50.239457525475814 ], [ -71.058981020144245, -50.247822244306512 ], [ -71.054284276768854, -50.250849983588928 ], [ -71.051741079984623, -50.253668684167785 ], [ -71.051349738807758, -50.25671908401938 ], [ -71.051711180113358, -50.260479972881612 ], [ -71.050522463050527, -50.266601415800721 ], [ -71.048246096654225, -50.268552173928562 ], [ -71.045293435566663, -50.269211086243885 ], [ -71.040866620646909, -50.268695517406876 ], [ -71.027560796163954, -50.270582829952268 ], [ -71.019714328289254, -50.270058646395782 ], [ -71.01162409168596, -50.271152046685444 ], [ -71.007345983392881, -50.271082178381043 ], [ -70.990218636811761, -50.267245434819287 ], [ -70.983902093738195, -50.264611197890304 ], [ -70.977874613427858, -50.261319850349601 ], [ -70.973409777657082, -50.259678486678517 ], [ -70.968858946278488, -50.256028916834545 ], [ -70.966027113957168, -50.252646797110103 ], [ -70.962817973476234, -50.250480276683923 ], [ -70.955422019269932, -50.242364724286837 ], [ -70.951509326034639, -50.237359578319776 ], [ -70.948235067303514, -50.235530916018099 ], [ -70.947012605559735, -50.232534920753331 ], [ -70.941079087557682, -50.226560778234798 ], [ -70.934150403708827, -50.220890622818452 ], [ -70.928652900885737, -50.217920586271958 ], [ -70.92129596505012, -50.212333204062311 ], [ -70.91177703073042, -50.209042210991363 ], [ -70.905060959850942, -50.205304401947124 ], [ -70.899894374936437, -50.204314603316689 ], [ -70.892018894978506, -50.204159945369504 ], [ -70.883061176203796, -50.207205121934109 ], [ -70.876473343734773, -50.207208344120296 ], [ -70.869207471774729, -50.203841491561903 ], [ -70.857777322726861, -50.201606304178213 ], [ -70.85258101045838, -50.199450548421467 ], [ -70.843751149768053, -50.196857796571344 ], [ -70.841030289886916, -50.195489373753588 ], [ -70.834734280448686, -50.195481113377568 ], [ -70.831119490991441, -50.196455240844784 ], [ -70.823304724072386, -50.199599150889554 ], [ -70.813466666350507, -50.200760163486954 ], [ -70.808858199560305, -50.20335398740135 ], [ -70.805287974784278, -50.206745172415765 ], [ -70.802456457117515, -50.208281641827703 ], [ -70.79422611106024, -50.210625331143085 ], [ -70.789773772361869, -50.213512672474401 ], [ -70.782779092628232, -50.215027314111239 ], [ -70.776048169979504, -50.215355196353904 ], [ -70.770656285450897, -50.216466969221365 ], [ -70.756847746630399, -50.217238564650195 ], [ -70.750865051542533, -50.218209999620484 ], [ -70.744354560361572, -50.218164093052692 ], [ -70.738671915868821, -50.218919106608929 ], [ -70.727973210992459, -50.222603159218302 ], [ -70.715166050762008, -50.224303418982963 ], [ -70.708948965492027, -50.227096787897757 ], [ -70.704023140828212, -50.228486300576563 ], [ -70.694319591661085, -50.22874510822313 ], [ -70.687976801619143, -50.227830471213721 ], [ -70.68357796178158, -50.227786413217707 ], [ -70.669234393631896, -50.222396625925896 ], [ -70.664652695298756, -50.221311548397523 ], [ -70.647592249758446, -50.212181868965565 ], [ -70.643602060183639, -50.210939226101942 ], [ -70.632222833094488, -50.209211611979576 ], [ -70.640375687933755, -50.368042995106975 ], [ -70.631659789722406, -50.374369104590428 ], [ -70.646842903339135, -50.723550144393926 ], [ -70.647928187228899, -50.736619834837406 ], [ -71.506314132861121, -50.71146369036861 ], [ -71.499794230002266, -50.620020433549527 ], [ -71.56202959128909, -50.618663202654737 ], [ -71.559466104448546, -50.53061390958689 ], [ -71.626839360400382, -50.529108000907151 ], [ -71.607288580320642, -50.201888760753093 ], [ -71.597387965864641, -50.204668835648974 ], [ -71.595771737931017, -50.207285625903374 ], [ -71.595725006689804, -50.208747837310099 ], [ -71.600876938118986, -50.212728313305114 ], [ -71.60031648244555, -50.2164005254307 ], [ -71.593677886234715, -50.219956883965132 ], [ -71.589156714719437, -50.220705188846502 ], [ -71.582297261922164, -50.216762182720437 ], [ -71.572883305337882, -50.214736701020058 ], [ -71.570895623992612, -50.215428132499206 ], [ -71.56366556397505, -50.212827516848435 ], [ -71.560232427970206, -50.210142798211969 ], [ -71.557732949834048, -50.205980753530284 ], [ -71.552950138433388, -50.204175265905576 ], [ -71.543224172513789, -50.204510093030031 ], [ -71.538629863561326, -50.20380137695917 ], [ -71.530639108046515, -50.20105350071151 ], [ -71.524326672121973, -50.201357256579918 ], [ -71.518589248159998, -50.202938506703148 ], [ -71.514417498507783, -50.20546117531584 ], [ -71.51307301131007, -50.207603329721678 ], [ -71.513181566340705, -50.209669068897377 ], [ -71.51776662415736, -50.213791340910298 ], [ -71.530274020505232, -50.219242693476758 ], [ -71.530071312999752, -50.22143658823164 ], [ -71.52617033123849, -50.226714214028391 ], [ -71.523693980203021, -50.227662727895492 ], [ -71.518654840545466, -50.228257677078155 ], [ -71.515296884675962, -50.228173101716422 ], [ -71.513302533050989, -50.227564384638498 ], [ -71.511016623988681, -50.22627407575439 ], [ -71.511275905395706, -50.222739239668606 ], [ -71.509116768333556, -50.220187319088758 ], [ -71.506288451347672, -50.219434649977011 ], [ -71.502672559937878, -50.220366842072018 ], [ -71.497459806583919, -50.227218309276786 ], [ -71.49377062884362, -50.229446590125427 ], [ -71.488838637786884, -50.229552391422772 ], [ -71.486701946086185, -50.228627066530976 ], [ -71.481462639239993, -50.224027521576033 ], [ -71.478352479585155, -50.222632798046916 ], [ -71.47405971578641, -50.222890676938654 ], [ -71.462460861814023, -50.227556576564908 ], [ -71.459443423266237, -50.23034047633471 ], [ -71.457453203686583, -50.233547646864174 ], [ -71.45397452567012, -50.236098383552665 ], [ -71.445133134560152, -50.238173088509505 ], [ -71.441629462388093, -50.236619324302325 ], [ -71.438161020495343, -50.233828375660295 ], [ -71.436301312044193, -50.230140398083684 ], [ -71.441616376951998, -50.224840637556454 ], [ -71.440554176542506, -50.222291372338695 ], [ -71.435716418427162, -50.222033276226462 ], [ -71.430123870858267, -50.222847285210825 ], [ -71.425429598065264, -50.222585757624657 ], [ -71.419499449390273, -50.221441647824037 ], [ -71.408795793461266, -50.223039861236636 ], [ -71.400677963682838, -50.22234926232057 ], [ -71.39163655750805, -50.220350870430018 ], [ -71.377418340898132, -50.215895290353515 ], [ -71.36207520811567, -50.216693921761909 ], [ -71.357914169035055, -50.2195523561182 ], [ -71.350992430193074, -50.220429985973453 ], [ -71.348863466669684, -50.22188023040561 ], [ -71.344039152996203, -50.224027757004642 ], [ -71.337936101851227, -50.223107766371541 ], [ -71.32597424853067, -50.219504106060754 ], [ -71.317313643243111, -50.22029764765955 ], [ -71.305822818086213, -50.225759367450181 ], [ -71.296876242380975, -50.22726737256324 ], [ -71.2894986275642, -50.226208192061677 ], [ -71.286962077770198, -50.224383460127768 ], [ -71.286523286268221, -50.220557266428678 ], [ -71.284734951897747, -50.218618847962489 ], [ -71.279969989439351, -50.21809657903983 ], [ -71.276477450583585, -50.218691087766608 ], [ -71.26852284776291, -50.228912587970861 ], [ -71.263912978786522, -50.231016601127159 ], [ -71.259194517053842, -50.230906170317049 ], [ -71.256964894648505, -50.230144790746245 ], [ -71.259042718592227, -50.22769471071355 ], [ -71.259271807523447, -50.225869503020142 ], [ -71.258855819877553, -50.223665717586172 ], [ -71.256184419083951, -50.220291931394804 ], [ -71.251949463407584, -50.218225187279202 ] ] ] } },
{ "type": "Feature", "properties": { "codigo_indec": "780420305" }, "geometry": { "type": "Polygon", "coordinates": [ [ [ -67.739221740482364, -49.306855197030508 ], [ -67.72886993605411, -49.310873544087215 ], [ -67.731615258532742, -49.31388900822963 ], [ -67.736251501734131, -49.312091979524837 ], [ -67.736626019220395, -49.312505204264248 ], [ -67.738493874418353, -49.312471659931056 ], [ -67.738908514501702, -49.312930274464826 ], [ -67.740750031829748, -49.312851446911694 ], [ -67.742118123184753, -49.31354073654721 ], [ -67.742996598832619, -49.313204109832 ], [ -67.743852682441883, -49.314153067494594 ], [ -67.745325011869284, -49.313584593209185 ], [ -67.739221740482364, -49.306855197030508 ] ] ] } },
{ "type": "Feature", "properties": { "codigo_indec": "780350604" }, "geometry": { "type": "Polygon", "coordinates": [ [ [ -70.926957790687382, -46.591019518747032 ], [ -70.926612254888738, -46.593143918419848 ], [ -70.936949529782297, -46.59401734613833 ], [ -70.938534425813188, -46.594089448539471 ], [ -70.938614763383882, -46.593597800028782 ], [ -70.940672696220602, -46.593760809964039 ], [ -70.942883112749058, -46.592256916089511 ], [ -70.926957790687382, -46.591019518747032 ] ] ] } },
{ "type": "Feature", "properties": { "codigo_indec": "780210704" }, "geometry": { "type": "Polygon", "coordinates": [ [ [ -72.141426296498267, -51.661365434626958 ], [ -72.138934193351986, -51.667869673355483 ], [ -72.146768960251762, -51.66992556469328 ], [ -72.15045605954289, -51.664665795651203 ], [ -72.149163269505834, -51.660672526786016 ], [ -72.141426296498267, -51.661365434626958 ] ] ] } },
{ "type": "Feature", "properties": { "codigo_indec": "780141204" }, "geometry": { "type": "Polygon", "coordinates": [ [ [ -65.877677028378898, -47.753552749969032 ], [ -65.8820530908649, -47.7529791982913 ], [ -65.883872573452976, -47.754562350545108 ], [ -65.888056463097058, -47.756259142201316 ], [ -65.898369611521673, -47.758247673610043 ], [ -65.901013639779151, -47.759155720162916 ], [ -65.901896984012396, -47.758770308080948 ], [ -65.904717171533818, -47.7598584349576 ], [ -65.905438940427032, -47.759554088491626 ], [ -65.904901416011413, -47.758945895800125 ], [ -65.905844675727565, -47.758112309584988 ], [ -65.904878336155534, -47.756862878647659 ], [ -65.9013893227728, -47.757155440139471 ], [ -65.900058276456718, -47.755311421465215 ], [ -65.899062186609143, -47.755630803631597 ], [ -65.898337613532235, -47.755309865545932 ], [ -65.895229131835947, -47.7510609425143 ], [ -65.893259284503145, -47.751718209610168 ], [ -65.892111108710822, -47.751232833974271 ], [ -65.891066282257029, -47.752090540021499 ], [ -65.887684732259018, -47.750586547707705 ], [ -65.887175364452119, -47.750964013393705 ], [ -65.880431021367656, -47.746759837021699 ], [ -65.878873941825361, -47.748431057794313 ], [ -65.881773185456495, -47.748793292868342 ], [ -65.877677028378898, -47.753552749969032 ] ] ] } },
{ "type": "Feature", "properties": { "codigo_indec": "780141117" }, "geometry": { "type": "Polygon", "coordinates": [ [ [ -67.511977277808654, -46.443555218344159 ], [ -67.510224767710483, -46.445781446454376 ], [ -67.512728849646905, -46.445706089653882 ], [ -67.513693500555959, -46.446604757078291 ], [ -67.513007309598208, -46.446951185078625 ], [ -67.514927792918925, -46.448716905310469 ], [ -67.518549800034279, -46.446897180357205 ], [ -67.51678582236589, -46.445237006878592 ], [ -67.51692703998016, -46.444109816807021 ], [ -67.511977277808654, -46.443555218344159 ] ] ] } },
{ "type": "Feature", "properties": { "codigo_indec": "780141114" }, "geometry": { "type": "Polygon", "coordinates": [ [ [ -67.523896820750835, -46.451909731715133 ], [ -67.520231875527713, -46.453747061499882 ], [ -67.518607584808137, -46.452205676246209 ], [ -67.518273560135839, -46.453483303629639 ], [ -67.52006720635309, -46.4552607857593 ], [ -67.523346886132671, -46.455761990202767 ], [ -67.523831648338401, -46.457090686292531 ], [ -67.524785108644565, -46.457453841473182 ], [ -67.526696830637647, -46.457159124636284 ], [ -67.525141539334626, -46.452690467898314 ], [ -67.523896820750835, -46.451909731715133 ] ] ] } },
{ "type": "Feature", "properties": { "codigo_indec": "780141113" }, "geometry": { "type": "Polygon", "coordinates": [ [ [ -67.529776999148908, -46.454077097726184 ], [ -67.526396596829073, -46.455742857245198 ], [ -67.526625172689066, -46.456317059496712 ], [ -67.533040269050176, -46.45724967546527 ], [ -67.529776999148908, -46.454077097726184 ] ] ] } },
{ "type": "Feature", "properties": { "codigo_indec": "780141112" }, "geometry": { "type": "Polygon", "coordinates": [ [ [ -67.53499857224746, -46.447693855837464 ], [ -67.532396148239656, -46.449005413283956 ], [ -67.527220324076183, -46.451624225762508 ], [ -67.529776999148908, -46.454077097726184 ], [ -67.532173346013579, -46.452816932563266 ], [ -67.531313689997731, -46.451991740531099 ], [ -67.532182149129781, -46.451157251187823 ], [ -67.53637575354243, -46.449119393988283 ], [ -67.53499857224746, -46.447693855837464 ] ] ] } },
{ "type": "Feature", "properties": { "codigo_indec": "780141111" }, "geometry": { "type": "Polygon", "coordinates": [ [ [ -67.538102476435057, -46.446118765927309 ], [ -67.53499857224746, -46.447693855837464 ], [ -67.53637575354243, -46.449119393988283 ], [ -67.531313689997731, -46.451991740531099 ], [ -67.532617761526026, -46.45323196234078 ], [ -67.533707888294771, -46.452625210292773 ], [ -67.535925867201584, -46.454736243914063 ], [ -67.541790149347406, -46.451311666508111 ], [ -67.540643504753788, -46.450262478117637 ], [ -67.543718739198027, -46.448785828437622 ], [ -67.543867526457788, -46.44796457289776 ], [ -67.540203265112481, -46.449811547989107 ], [ -67.539378230174961, -46.449027341073403 ], [ -67.540513495385042, -46.448430096639065 ], [ -67.538102476435057, -46.446118765927309 ] ] ] } },
{ "type": "Feature", "properties": { "codigo_indec": "780141103" }, "geometry": { "type": "Polygon", "coordinates": [ [ [ -67.524812696874974, -46.424375194647027 ], [ -67.521500775852189, -46.427661017596527 ], [ -67.51968130860304, -46.430111434875869 ], [ -67.519336752994633, -46.430943621130112 ], [ -67.519663580791899, -46.431006328219091 ], [ -67.518526836538257, -46.431783272108916 ], [ -67.516992698164799, -46.436176023519799 ], [ -67.521773114018401, -46.436714722742813 ], [ -67.52187307717557, -46.436266204989025 ], [ -67.523854086669431, -46.435788009093315 ], [ -67.525831259993893, -46.432435442395679 ], [ -67.52639010825861, -46.432217740817535 ], [ -67.526217877260308, -46.431608277122074 ], [ -67.526759690398038, -46.430936045681754 ], [ -67.533039340447274, -46.429653857116222 ], [ -67.534249719329637, -46.430852380457608 ], [ -67.541884406532077, -46.43217347701453 ], [ -67.542056194453465, -46.424146551222208 ], [ -67.524812696874974, -46.424375194647027 ] ] ] } },
{ "type": "Feature", "properties": { "codigo_indec": "780141001" }, "geometry": { "type": "Polygon", "coordinates": [ [ [ -67.613873761305612, -46.542456970570711 ], [ -67.614635993206903, -46.549136754748147 ], [ -67.613351478715188, -46.551446658008203 ], [ -67.611474337366104, -46.550785167345623 ], [ -67.611413511269518, -46.549974787638654 ], [ -67.607273703051703, -46.548948383833547 ], [ -67.606232450648747, -46.549893775321202 ], [ -67.604586247994206, -46.549257475314604 ], [ -67.606482154977698, -46.551727506880532 ], [ -67.605084917314301, -46.55180493250824 ], [ -67.605437909104893, -46.553932295794851 ], [ -67.603932834104029, -46.55401738847381 ], [ -67.604066896743348, -46.554891637690375 ], [ -67.603429986330028, -46.554937838433659 ], [ -67.60454766834205, -46.564113908154077 ], [ -67.606124354751202, -46.56391722998795 ], [ -67.606629902235824, -46.567476806722354 ], [ -67.609780113797527, -46.567213774641495 ], [ -67.609906198956793, -46.567894504244656 ], [ -67.612797743696802, -46.567673224921428 ], [ -67.613120746457653, -46.56894557609904 ], [ -67.614683131190944, -46.568802582427388 ], [ -67.614547372699036, -46.568243186916817 ], [ -67.615183405212193, -46.5679810098556 ], [ -67.617321971706531, -46.56838921198478 ], [ -67.620257763183517, -46.570151893381833 ], [ -67.620748982088529, -46.569941914355802 ], [ -67.621324404772324, -46.561132782383311 ], [ -67.623283596283741, -46.561147385634563 ], [ -67.621600558181811, -46.560142053186716 ], [ -67.621106207961148, -46.558935128659158 ], [ -67.631956324527636, -46.552984125207765 ], [ -67.62872412360403, -46.550844850723131 ], [ -67.624769172699331, -46.549969731427716 ], [ -67.624724180514136, -46.549298987518128 ], [ -67.622347725444413, -46.547498172223086 ], [ -67.621297034180898, -46.547283101086435 ], [ -67.62142085597381, -46.545611334358419 ], [ -67.620727986226242, -46.542081038283229 ], [ -67.613873761305612, -46.542456970570711 ] ] ] } },
{ "type": "Feature", "properties": { "codigo_indec": "780140914" }, "geometry": { "type": "Polygon", "coordinates": [ [ [ -67.973512724871767, -46.799899050181288 ], [ -67.969149518057137, -46.801155193914035 ], [ -67.969641765526433, -46.801960232207286 ], [ -67.966687975796717, -46.802801672959042 ], [ -67.967656583934684, -46.804384638083114 ], [ -67.974970453929416, -46.802291443163568 ], [ -67.973512724871767, -46.799899050181288 ] ] ] } },
{ "type": "Feature", "properties": { "codigo_indec": "780140507" }, "geometry": { "type": "Polygon", "coordinates": [ [ [ -65.899575773509582, -47.741832504564513 ], [ -65.897199825969693, -47.741813207957406 ], [ -65.896886097828542, -47.741314476456409 ], [ -65.895473487978762, -47.741802458047907 ], [ -65.893114367187565, -47.741612622473632 ], [ -65.893170648428494, -47.744362196216862 ], [ -65.890337792448577, -47.744231428282774 ], [ -65.891505178510343, -47.745846247395356 ], [ -65.901941816204229, -47.745499054612019 ], [ -65.899548496826341, -47.743693782560051 ], [ -65.899575773509582, -47.741832504564513 ] ] ] } },
{ "type": "Feature", "properties": { "codigo_indec": "780140403" }, "geometry": { "type": "Polygon", "coordinates": [ [ [ -67.151690635304249, -47.183853205878087 ], [ -67.145199659325272, -47.179673428328677 ], [ -67.135386410148442, -47.186386437025988 ], [ -67.138134156551004, -47.187425111859511 ], [ -67.141627444545506, -47.189694672534458 ], [ -67.140773983707462, -47.190800726001513 ], [ -67.143626835026751, -47.189497719167413 ], [ -67.151690635304249, -47.183853205878087 ] ] ] } },
{ "type": "Feature", "properties": { "codigo_indec": "780280514" }, "geometry": { "type": "Polygon", "coordinates": [ [ [ -72.24824785542171, -50.354235868173802 ], [ -72.243971578961819, -50.356967694087508 ], [ -72.243038580663807, -50.360033230957285 ], [ -72.243750935489572, -50.360017841005195 ], [ -72.241631639470413, -50.366767459552804 ], [ -72.25166057522469, -50.367966500090958 ], [ -72.253072942578854, -50.363489125707531 ], [ -72.269436093481971, -50.363223159103512 ], [ -72.268587815553431, -50.361875653502345 ], [ -72.268207083196316, -50.353473772005074 ], [ -72.251540394401857, -50.353927942604656 ], [ -72.250594445144316, -50.35489413924148 ], [ -72.24824785542171, -50.354235868173802 ] ] ] } },
{ "type": "Feature", "properties": { "codigo_indec": "780280513" }, "geometry": { "type": "Polygon", "coordinates": [ [ [ -72.265452445765902, -50.344572099901107 ], [ -72.265496316098265, -50.345825337829176 ], [ -72.267631774962808, -50.346174455957673 ], [ -72.267256566987598, -50.347821666983087 ], [ -72.267903217375505, -50.351710773531828 ], [ -72.268671429012628, -50.351743117563387 ], [ -72.268825526670454, -50.351275661700072 ], [ -72.272043543532618, -50.351625709794298 ], [ -72.273386774467426, -50.352559074110644 ], [ -72.279288985143012, -50.353309870419338 ], [ -72.282943154612624, -50.352950375824975 ], [ -72.281793562938105, -50.352483764340086 ], [ -72.280329108081261, -50.347502732515792 ], [ -72.278689735216886, -50.344464534725127 ], [ -72.27863912301801, -50.343373356479844 ], [ -72.275902185237086, -50.344390300948348 ], [ -72.265452445765902, -50.344572099901107 ] ] ] } },
{ "type": "Feature", "properties": { "codigo_indec": "780280511" }, "geometry": { "type": "Polygon", "coordinates": [ [ [ -72.242212552770809, -50.313065480277558 ], [ -72.23714116973477, -50.312420082241331 ], [ -72.237145500188404, -50.313310230105728 ], [ -72.23853348256462, -50.313379448681879 ], [ -72.237913405239723, -50.320163674753914 ], [ -72.22226474859383, -50.318939714335336 ], [ -72.217686517172353, -50.317803174582252 ], [ -72.211414190431881, -50.317886836924934 ], [ -72.206090350035907, -50.313753451470802 ], [ -72.196801666003807, -50.318685596429837 ], [ -72.197116625230763, -50.320291088523213 ], [ -72.194031732230854, -50.325182464885017 ], [ -72.192725401846673, -50.326230036616856 ], [ -72.193168572052784, -50.326973227187203 ], [ -72.201951495605172, -50.330625228446266 ], [ -72.214341264224004, -50.334199309344974 ], [ -72.22440405565159, -50.33347080247438 ], [ -72.233339380010577, -50.334710709557584 ], [ -72.236268625978454, -50.333675925038058 ], [ -72.248537776474407, -50.337542000898942 ], [ -72.247325899101995, -50.331519364639661 ], [ -72.246488436027448, -50.329591377262645 ], [ -72.247838656973343, -50.329202920768289 ], [ -72.246915985123707, -50.316499665659563 ], [ -72.245652874295715, -50.314142930942573 ], [ -72.242212552770809, -50.313065480277558 ] ] ] } },
{ "type": "Feature", "properties": { "codigo_indec": "780140220" }, "geometry": { "type": "Polygon", "coordinates": [ [ [ -67.506554832344435, -46.451846481037485 ], [ -67.504820889051416, -46.45194976800191 ], [ -67.50174083629166, -46.456641442054867 ], [ -67.505187508460338, -46.457815570338603 ], [ -67.505013033684818, -46.458245105648622 ], [ -67.506516269460477, -46.459326297163585 ], [ -67.506307969828356, -46.459921821681355 ], [ -67.508070758056562, -46.460439623946939 ], [ -67.509694709453015, -46.459367765929784 ], [ -67.510176630332722, -46.459715900195526 ], [ -67.510806298008433, -46.454407364433649 ], [ -67.515015852801412, -46.452419977436264 ], [ -67.509133764917721, -46.451781176480857 ], [ -67.506274517841007, -46.456147490646984 ], [ -67.504005961151776, -46.455447618917226 ], [ -67.506554832344435, -46.451846481037485 ] ] ] } },
{ "type": "Feature", "properties": { "codigo_indec": "780140213" }, "geometry": { "type": "Polygon", "coordinates": [ [ [ -67.519113521760261, -46.454308338690879 ], [ -67.518378959272269, -46.454636179774411 ], [ -67.51752005042826, -46.4573868725114 ], [ -67.522788327020351, -46.458125266618602 ], [ -67.522857648325839, -46.457006139067985 ], [ -67.523831648338401, -46.457090686292531 ], [ -67.523346886132671, -46.455761990202767 ], [ -67.52006720635309, -46.4552607857593 ], [ -67.519113521760261, -46.454308338690879 ] ] ] } },
{ "type": "Feature", "properties": { "codigo_indec": "780140210" }, "geometry": { "type": "Polygon", "coordinates": [ [ [ -67.546360820041386, -46.441937366724503 ], [ -67.543310146214068, -46.443486370979315 ], [ -67.544522434134407, -46.444266483937213 ], [ -67.543718739198027, -46.448785828437622 ], [ -67.540643504753788, -46.450262478117637 ], [ -67.541790149347406, -46.451311666508111 ], [ -67.545145230721999, -46.449591152203766 ], [ -67.545294178501152, -46.449129744075819 ], [ -67.54735113791871, -46.449353809623432 ], [ -67.548801688881767, -46.44864353758399 ], [ -67.552184081246807, -46.448947302921454 ], [ -67.552540213817963, -46.450242762650326 ], [ -67.553097385831038, -46.450582672597768 ], [ -67.555349903992948, -46.449936439563423 ], [ -67.55220487746584, -46.447548660698793 ], [ -67.552735651329343, -46.447532889335257 ], [ -67.546360820041386, -46.441937366724503 ] ] ] } },
{ "type": "Feature", "properties": { "codigo_indec": "780140205" }, "geometry": { "type": "Polygon", "coordinates": [ [ [ -67.5163359287275, -46.4517399092815 ], [ -67.510806298008433, -46.454407364433649 ], [ -67.510858730654903, -46.454871350328276 ], [ -67.516348807839634, -46.45569839386998 ], [ -67.519113521760261, -46.454308338690879 ], [ -67.517998566048234, -46.453304314467992 ], [ -67.518139620969791, -46.452662915878712 ], [ -67.5163359287275, -46.4517399092815 ] ] ] } },
{ "type": "Feature", "properties": { "codigo_indec": "780211405" }, "geometry": { "type": "Polygon", "coordinates": [ [ [ -69.230469443225559, -51.624541026878127 ], [ -69.233504434084523, -51.627146031345795 ], [ -69.234995493009706, -51.626450984382359 ], [ -69.233008370440857, -51.624747233021118 ], [ -69.234430977220171, -51.624092774513684 ], [ -69.233386713167477, -51.623200552988585 ], [ -69.230469443225559, -51.624541026878127 ] ] ] } },
{ "type": "Feature", "properties": { "codigo_indec": "780211401" }, "geometry": { "type": "Polygon", "coordinates": [ [ [ -69.242952720274175, -51.615020076165905 ], [ -69.242007331399179, -51.616424152121191 ], [ -69.240923550490237, -51.616925213306772 ], [ -69.254304834617088, -51.620339385002346 ], [ -69.253596372179288, -51.623405812846244 ], [ -69.25951980208707, -51.623945629824945 ], [ -69.265438354808609, -51.621150624442897 ], [ -69.255573448079303, -51.618696326454099 ], [ -69.25632528736557, -51.618240795079984 ], [ -69.242952720274175, -51.615020076165905 ] ] ] } },
{ "type": "Feature", "properties": { "codigo_indec": "780211214" }, "geometry": { "type": "Polygon", "coordinates": [ [ [ -69.212810941161706, -51.632663511403656 ], [ -69.207269320074985, -51.635217010115589 ], [ -69.208306127115122, -51.636109475134674 ], [ -69.206389101597381, -51.636993677570914 ], [ -69.210076122140208, -51.640150891558342 ], [ -69.213002069744874, -51.638779455513834 ], [ -69.212810941161706, -51.632663511403656 ] ] ] } },
{ "type": "Feature", "properties": { "codigo_indec": "780211213" }, "geometry": { "type": "Polygon", "coordinates": [ [ [ -69.218230103081879, -51.645349019222891 ], [ -69.21962300167138, -51.646591249757407 ], [ -69.220954086681019, -51.646247211997562 ], [ -69.221918550050319, -51.647750870115175 ], [ -69.218084740301194, -51.648926481180609 ], [ -69.228989992966447, -51.650487597919835 ], [ -69.225358547041395, -51.64586135008507 ], [ -69.223601939971019, -51.646332079667573 ], [ -69.22153106431432, -51.644578865416285 ], [ -69.218230103081879, -51.645349019222891 ] ] ] } },
{ "type": "Feature", "properties": { "codigo_indec": "780211110" }, "geometry": { "type": "Polygon", "coordinates": [ [ [ -69.21029551888293, -51.62824597464121 ], [ -69.207380833603082, -51.629581374445088 ], [ -69.205928842465369, -51.630249037675021 ], [ -69.208056582565774, -51.632078827272636 ], [ -69.208499762414192, -51.631875812529302 ], [ -69.210924533571642, -51.630756977229488 ], [ -69.209887797542791, -51.629864534431952 ], [ -69.211386548883482, -51.629174268124068 ], [ -69.21029551888293, -51.62824597464121 ] ] ] } },
{ "type": "Feature", "properties": { "codigo_indec": "780211011" }, "geometry": { "type": "Polygon", "coordinates": [ [ [ -69.24050879612065, -51.614256636204878 ], [ -69.236328918517088, -51.616269441664279 ], [ -69.239494085024958, -51.618959418422044 ], [ -69.242345880199053, -51.617641323644762 ], [ -69.240923550490237, -51.616925213306772 ], [ -69.242007331399179, -51.616424152121191 ], [ -69.242952720274175, -51.615020076165905 ], [ -69.24050879612065, -51.614256636204878 ] ] ] } },
{ "type": "Feature", "properties": { "codigo_indec": "780211001" }, "geometry": { "type": "Polygon", "coordinates": [ [ [ -69.24095484685472, -51.612610922302771 ], [ -69.235735014378321, -51.608226397465707 ], [ -69.232213474033514, -51.609761372176692 ], [ -69.229448635135498, -51.610391472622403 ], [ -69.234168324547753, -51.614444718685128 ], [ -69.235637419092228, -51.61377217548219 ], [ -69.236627091260843, -51.614610560505206 ], [ -69.24095484685472, -51.612610922302771 ] ] ] } },
{ "type": "Feature", "properties": { "codigo_indec": "780211306" }, "geometry": { "type": "Polygon", "coordinates": [ [ [ -69.192310651524494, -51.640648700134122 ], [ -69.185864902014274, -51.640766933812863 ], [ -69.186139521790437, -51.645215520119429 ], [ -69.190527252955007, -51.645100628673553 ], [ -69.19040166806154, -51.643572885916186 ], [ -69.192496248490727, -51.643542507546883 ], [ -69.192310651524494, -51.640648700134122 ] ] ] } },
{ "type": "Feature", "properties": { "codigo_indec": "780211301" }, "geometry": { "type": "Polygon", "coordinates": [ [ [ -69.251260178031657, -51.608926718547394 ], [ -69.249259031595699, -51.603974109649492 ], [ -69.241965066003033, -51.605760003021423 ], [ -69.235735014378321, -51.608226397465707 ], [ -69.24095484685472, -51.612610922302771 ], [ -69.251260178031657, -51.608926718547394 ] ] ] } },
{ "type": "Feature", "properties": { "codigo_indec": "780211217" }, "geometry": { "type": "Polygon", "coordinates": [ [ [ -69.227081586229346, -51.640847262050293 ], [ -69.223820547251776, -51.637181952044422 ], [ -69.219039948374899, -51.639523334998245 ], [ -69.222158438586789, -51.642146446368209 ], [ -69.227081586229346, -51.640847262050293 ] ] ] } },
{ "type": "Feature", "properties": { "codigo_indec": "780210403" }, "geometry": { "type": "Polygon", "coordinates": [ [ [ -69.27329709088734, -51.619384435438036 ], [ -69.273737962389674, -51.622466281538131 ], [ -69.296475398652547, -51.627251091393546 ], [ -69.296310077053491, -51.619607241537928 ], [ -69.27329709088734, -51.619384435438036 ] ] ] } },
{ "type": "Feature", "properties": { "codigo_indec": "780420203" }, "geometry": { "type": "Polygon", "coordinates": [ [ [ -67.741426764341895, -49.29857075063601 ], [ -67.743019272356477, -49.30042242781898 ], [ -67.741633683578002, -49.300973833884761 ], [ -67.74563565687086, -49.305549248000773 ], [ -67.747615409006784, -49.305566226799542 ], [ -67.755853793946741, -49.314521188103775 ], [ -67.760058483628171, -49.312898396031635 ], [ -67.756749246718215, -49.309135718594213 ], [ -67.757803516653581, -49.308773895286294 ], [ -67.757781119935558, -49.307613705840041 ], [ -67.755980327665384, -49.305674571704202 ], [ -67.778380702863629, -49.305832639661709 ], [ -67.780292168994833, -49.306945341111017 ], [ -67.780263644348679, -49.297656461330234 ], [ -67.752299183459073, -49.297339887567574 ], [ -67.751842496986754, -49.295824320870615 ], [ -67.745713007311281, -49.296814489100171 ], [ -67.741426764341895, -49.29857075063601 ] ] ] } },
{ "type": "Feature", "properties": { "codigo_indec": "780490502" }, "geometry": { "type": "Polygon", "coordinates": [ [ [ -70.26127022539464, -48.748613716040765 ], [ -70.243902935234289, -48.752943645051388 ], [ -70.238124011380734, -48.753536453348744 ], [ -70.239807140125649, -48.756719747899233 ], [ -70.236317836376145, -48.756136744132561 ], [ -70.236916327508055, -48.756831749566537 ], [ -70.238850226037897, -48.75748992065212 ], [ -70.241792624987767, -48.756158807392481 ], [ -70.243331637463911, -48.75624562718756 ], [ -70.245023157361956, -48.757275009555087 ], [ -70.247845653211243, -48.757150055313254 ], [ -70.249130088994903, -48.756704490105328 ], [ -70.248811397906351, -48.755233145307066 ], [ -70.249285216971572, -48.754459135070945 ], [ -70.251264972054031, -48.753538385450113 ], [ -70.253968316083004, -48.753279684133581 ], [ -70.255335285441888, -48.753696448571283 ], [ -70.256533665185117, -48.756758883859284 ], [ -70.258092009001317, -48.757209499302348 ], [ -70.259508642806978, -48.756479105239052 ], [ -70.260265018936238, -48.755045494836111 ], [ -70.262624836544873, -48.754916244851898 ], [ -70.2631494077946, -48.754276511168761 ], [ -70.262356271816358, -48.754375129922551 ], [ -70.26036915607844, -48.750781822015945 ], [ -70.262268843511833, -48.750342866681883 ], [ -70.26127022539464, -48.748613716040765 ] ] ] } },
{ "type": "Feature", "properties": { "codigo_indec": "780280706" }, "geometry": { "type": "Polygon", "coordinates": [ [ [ -72.273688040679261, -50.337843125594119 ], [ -72.273131756285451, -50.340633031780186 ], [ -72.274863023773534, -50.34077757987081 ], [ -72.274554118278189, -50.342261081411934 ], [ -72.27620387848529, -50.342394418578081 ], [ -72.275902185237086, -50.344390300948348 ], [ -72.281429474104769, -50.342674076694145 ], [ -72.283341756508747, -50.343352945083225 ], [ -72.285211874997941, -50.342809973123217 ], [ -72.284746805158775, -50.342027274084948 ], [ -72.292142220068612, -50.343558004896316 ], [ -72.291528921484741, -50.34185328764196 ], [ -72.287360938984136, -50.34188138520652 ], [ -72.288515784445565, -50.340648177555622 ], [ -72.292305255951632, -50.339619089932611 ], [ -72.284927806359889, -50.33737294932407 ], [ -72.273688040679261, -50.337843125594119 ] ] ] } },
{ "type": "Feature", "properties": { "codigo_indec": "780280705" }, "geometry": { "type": "Polygon", "coordinates": [ [ [ -72.257603994838604, -50.344828419563584 ], [ -72.258144171348519, -50.344867226553355 ], [ -72.258141982105968, -50.345604682148 ], [ -72.261605794398335, -50.345498491257821 ], [ -72.261541493351956, -50.34481685759993 ], [ -72.263288797017552, -50.344578942789028 ], [ -72.264817292704407, -50.342535137106623 ], [ -72.267258417537434, -50.342682328446472 ], [ -72.267411814498686, -50.341693320938731 ], [ -72.263060464910197, -50.341352508716533 ], [ -72.262824674410709, -50.342370801818113 ], [ -72.25981519353752, -50.342131556139599 ], [ -72.257954332774034, -50.34368552576975 ], [ -72.257603994838604, -50.344828419563584 ] ] ] } },
{ "type": "Feature", "properties": { "codigo_indec": "780070302" }, "geometry": { "type": "Polygon", "coordinates": [ [ [ -70.051918841621912, -49.838014918346197 ], [ -70.046507217745599, -49.655158024466246 ], [ -69.767760514574377, -49.659666108801908 ], [ -69.769915885142311, -49.716142714869122 ], [ -69.655645796272964, -49.717727014327721 ], [ -69.655761619014868, -49.787558975351565 ], [ -69.630861801386715, -49.788578313189902 ], [ -69.6134674774476, -49.785502420373966 ], [ -69.590901624663886, -49.780310576626952 ], [ -69.579102263238838, -49.775294795297448 ], [ -69.572242749382553, -49.773724002081281 ], [ -69.560702698156064, -49.767716067635433 ], [ -69.55958515192701, -49.717345303315042 ], [ -69.60173239166879, -49.717268887290274 ], [ -69.599964637489109, -49.634515525746927 ], [ -69.486499383668686, -49.636014451904572 ], [ -69.486660354749816, -49.604927048603969 ], [ -69.502398718766742, -49.593935582700418 ], [ -69.49842235031312, -49.592604101682952 ], [ -69.481416887244663, -49.592626627541556 ], [ -69.454104602115279, -49.587917749477981 ], [ -69.433894824894466, -49.58238929519765 ], [ -69.428466928229611, -49.579995392379914 ], [ -69.410750233674662, -49.5791919764483 ], [ -69.379696305936989, -49.571084601246007 ], [ -69.362943535148005, -49.572482526897261 ], [ -69.353299261970193, -49.576670774044601 ], [ -69.335453649348409, -49.57989774407735 ], [ -69.327602411194135, -49.591177122169192 ], [ -69.319471963560304, -49.597857765236689 ], [ -69.312581702418456, -49.595997435538195 ], [ -69.292325386958041, -49.596756165188751 ], [ -69.265756543370358, -49.601198877114165 ], [ -69.234034662301767, -49.607475702154524 ], [ -69.207214731444495, -49.60753131257448 ], [ -69.203189973570488, -49.604535426454071 ], [ -69.192708178881304, -49.603146246002616 ], [ -69.186838317178427, -49.599352639812409 ], [ -69.177280873349901, -49.598760773151191 ], [ -69.169524722414494, -49.592986623859268 ], [ -69.160921039958154, -49.591771619839918 ], [ -69.155994125394741, -49.592983171529738 ], [ -69.14768440557279, -49.597399707016045 ], [ -69.146460063636212, -49.600813379694628 ], [ -69.136308570917109, -49.606634014990014 ], [ -69.122764306206108, -49.616462918488793 ], [ -69.114755935157319, -49.619582038722179 ], [ -69.071876130570331, -49.619684034682926 ], [ -69.071847075627787, -49.632864917268975 ], [ -69.060247366499155, -49.630443956001585 ], [ -69.054865325188388, -49.63267191179667 ], [ -69.048943737195572, -49.642636618381722 ], [ -69.027193956830601, -49.645246667223446 ], [ -69.000972740235255, -49.647452653365285 ], [ -68.984003771808545, -49.646449055278751 ], [ -68.971351067822951, -49.653059498209316 ], [ -68.95646619215573, -49.654493418159511 ], [ -68.944617702535368, -49.658260078759547 ], [ -68.932608423385332, -49.659283180543689 ], [ -68.918479407419909, -49.658298573386773 ], [ -68.913487950106344, -49.655534717084329 ], [ -68.90715108909815, -49.659638692573886 ], [ -68.894797963048106, -49.663835910028325 ], [ -68.887528701918782, -49.671646732270155 ], [ -68.879954262360599, -49.677244995979997 ], [ -68.868422697220481, -49.67871148165932 ], [ -68.865568707292667, -49.684889486276447 ], [ -68.859065886561325, -49.688554558169493 ], [ -68.849961995500962, -49.690431220554103 ], [ -68.84100953903021, -49.689218985769138 ], [ -68.836080501043909, -49.686802540261809 ], [ -68.83640843079381, -49.681997339022722 ], [ -68.828996546395999, -49.681591029929514 ], [ -68.821432232335027, -49.683112572098807 ], [ -68.787794688810877, -49.697378404214533 ], [ -68.782617880661149, -49.696537141915293 ], [ -68.776745852059591, -49.697726262431459 ], [ -68.77118253681347, -49.697315308433147 ], [ -68.763767531703365, -49.697898319547782 ], [ -68.751157856179162, -49.703900337002217 ], [ -68.73556969571365, -49.715270785941726 ], [ -68.733526544774861, -49.719321005316537 ], [ -68.724390252892263, -49.725660693441249 ], [ -68.723256777647677, -49.734752280114996 ], [ -68.71264883286355, -49.748774699002126 ], [ -68.701031220551599, -49.754450005034634 ], [ -68.684157691132654, -49.757992588223047 ], [ -68.676059803557507, -49.762141986543178 ], [ -68.674539322291025, -49.768462785521116 ], [ -68.66784969519604, -49.772862799423933 ], [ -68.655183609555095, -49.772614515255093 ], [ -68.643682886064809, -49.774854402409808 ], [ -68.632765545480652, -49.786103806987491 ], [ -68.62591231130267, -49.791103257633921 ], [ -68.628950006684107, -49.79931713452104 ], [ -68.61576951771346, -49.81056662171062 ], [ -68.617182592755967, -49.828692195595941 ], [ -68.608272165546978, -49.838336472579449 ], [ -68.610371975646828, -49.840842975421801 ], [ -68.611367467613647, -49.846726257187036 ], [ -68.611199531239393, -49.84859576549011 ], [ -68.60923405920002, -49.852230400147818 ], [ -68.608725844793113, -49.857910819079621 ], [ -68.604133791066516, -49.862930027185577 ], [ -68.601722519404149, -49.866513554712945 ], [ -68.600560872671053, -49.874129172162796 ], [ -68.596130800185762, -49.879040721314958 ], [ -68.593586735816416, -49.884601557047908 ], [ -68.589088588099614, -49.889548553983836 ], [ -68.587293467232357, -49.893214865160829 ], [ -68.582738044262157, -49.898179387323019 ], [ -68.582217522083823, -49.900029587796588 ], [ -68.582118835939895, -49.90581471399318 ], [ -68.58129554523137, -49.907650330640827 ], [ -68.578267626919768, -49.910849016707601 ], [ -68.578216749008405, -49.912691911792521 ], [ -68.580350465691382, -49.918700896749272 ], [ -68.580031375812553, -49.920569791116293 ], [ -68.577387379383595, -49.923954145216669 ], [ -68.577859321405754, -49.927718435482497 ], [ -68.576535020984451, -49.929448795384573 ], [ -68.575515571173938, -49.931346582048533 ], [ -68.575111571808264, -49.933336521435031 ], [ -68.573920925997982, -49.93488752762066 ], [ -68.571381873820599, -49.936118875304224 ], [ -68.569857293260313, -49.937605670576573 ], [ -68.572429603094648, -49.938532222113942 ], [ -68.579335678962238, -49.939308188717398 ], [ -68.593556936919015, -49.939089175737024 ], [ -68.599227163566354, -49.939437062726824 ], [ -68.60764267517483, -49.941389820003856 ], [ -68.617454264143319, -49.94569761380226 ], [ -68.631271515207061, -49.952997746623318 ], [ -68.633386547487731, -49.954308081491902 ], [ -68.638440490054862, -49.959075451772883 ], [ -68.642786200826976, -49.961745621692977 ], [ -68.645357783495271, -49.962661556696212 ], [ -68.651103657569323, -49.963582529333792 ], [ -68.68974785521182, -49.965297125768437 ], [ -68.701497303091358, -49.966447273991278 ], [ -68.716367042788733, -49.966241837485789 ], [ -68.743077796928404, -49.967198624208969 ], [ -68.763818898329319, -49.966321175452308 ], [ -68.787521210454756, -49.967778519726473 ], [ -68.799415797982846, -49.967408607679793 ], [ -68.813510081712622, -49.970358532288735 ], [ -68.818353034714036, -49.972461004542744 ], [ -68.822667483418755, -49.975290697753238 ], [ -68.843415151779112, -49.973009996226999 ], [ -68.870254681289836, -49.972458733752184 ], [ -68.884043896861158, -49.972792498121031 ], [ -68.893397226643373, -49.97454562648862 ], [ -68.901515177931017, -49.977416274516621 ], [ -68.904221714753248, -49.979958354220614 ], [ -68.907413314829753, -49.985993560147364 ], [ -68.908141888062119, -49.989648768112552 ], [ -68.910356400197074, -49.992985965053791 ], [ -68.914290155305622, -49.996324400412462 ], [ -68.917488480382758, -49.997760697538894 ], [ -68.93226320139506, -50.001892387798115 ], [ -68.969447726787678, -50.004803061491195 ], [ -68.983535775167368, -50.006738861670094 ], [ -68.989108395217599, -50.008137532624481 ], [ -68.99391046371008, -50.010367513485058 ], [ -68.995748351612136, -50.011882484284214 ], [ -68.99823503772798, -50.015352856556341 ], [ -68.99958837607339, -50.019092887761758 ], [ -69.00114435541326, -50.026685292787946 ], [ -69.005251780431337, -50.035886861393649 ], [ -69.010222391875004, -50.042881057057301 ], [ -69.01555671310399, -50.047541979594982 ], [ -69.018108498169653, -50.048346248665979 ], [ -69.024004296693207, -50.049176789279002 ], [ -69.03587903904085, -50.049173726101706 ], [ -69.038675409663597, -50.049752707493973 ], [ -69.040959291525922, -50.050992596183498 ], [ -69.052261104809631, -50.053366012128208 ], [ -69.059986375437788, -50.056230205363661 ], [ -69.074463389929704, -50.058298596189104 ], [ -69.081681938975805, -50.061696593924857 ], [ -69.083385020495683, -50.063286676808154 ], [ -69.085968045752352, -50.068746433216425 ], [ -69.082390526648808, -50.081978313032401 ], [ -69.082296011653568, -50.083897815183164 ], [ -69.084377138136702, -50.09144369590269 ], [ -69.085260767400641, -50.093272579240249 ], [ -69.088578694345046, -50.096461655415375 ], [ -69.09648177698574, -50.106780716616214 ], [ -69.103348392864916, -50.113054523704193 ], [ -69.106820325663406, -50.118324180081601 ], [ -69.110459252865468, -50.121390953635405 ], [ -69.112835473295547, -50.122494472152546 ], [ -69.118624087643568, -50.123702389438556 ], [ -69.121514889577583, -50.123569041627945 ], [ -69.12686242201049, -50.121778754508298 ], [ -69.132628071700495, -50.1209047514728 ], [ -69.135640888463797, -50.120725961099957 ], [ -69.144299881800407, -50.121920220496413 ], [ -69.152753779434448, -50.120048421265302 ], [ -69.161509884398015, -50.118845361474854 ], [ -69.170423993442299, -50.11894949478377 ], [ -69.17572958391257, -50.120663225057733 ], [ -69.177301649833367, -50.122283579963671 ], [ -69.179157517441936, -50.125917295989936 ], [ -69.181635454447218, -50.129401669592312 ], [ -69.185007629984142, -50.132560917989373 ], [ -69.187156264800592, -50.133901518629294 ], [ -69.200385072072038, -50.138293660947014 ], [ -69.203363924346519, -50.138153629247064 ], [ -69.208728261347801, -50.136534856860386 ], [ -69.215639067184753, -50.132863195875714 ], [ -69.223047484535044, -50.129662155037735 ], [ -69.231722713598202, -50.128364055722379 ], [ -69.237654303927883, -50.128747640375543 ], [ -69.243019241858022, -50.13044468842115 ], [ -69.250037384462686, -50.133953974047422 ], [ -69.255593604021755, -50.135263447120423 ], [ -69.267338533347413, -50.133870484563332 ], [ -69.273202863366237, -50.134553582463269 ], [ -69.278172655435753, -50.136524137988495 ], [ -69.283886392255653, -50.137679045773332 ], [ -69.292798435289924, -50.137971578287122 ], [ -69.298670251492382, -50.13747115192588 ], [ -69.307102951240793, -50.135529737411957 ], [ -69.311253692226259, -50.13283958657177 ], [ -69.3129322356248, -50.131257282597709 ], [ -69.313825876513434, -50.129429844928353 ], [ -69.314096573006495, -50.127518678639198 ], [ -69.315669719580967, -50.123774454743099 ], [ -69.317527185982286, -50.122357915348587 ], [ -69.326076781293551, -50.120630562573695 ], [ -69.331970746362572, -50.12015086248249 ], [ -69.347108416692222, -50.11405163168844 ], [ -69.364587079199381, -50.111611140065044 ], [ -69.367512531766934, -50.112078404447651 ], [ -69.372127288437781, -50.114491091471791 ], [ -69.377809530009529, -50.115686434515709 ], [ -69.389708346555807, -50.115759489516591 ], [ -69.392656005810338, -50.115461869461406 ], [ -69.39532187933689, -50.114481870261706 ], [ -69.396843074515559, -50.112880900179775 ], [ -69.397389969399185, -50.110968586868218 ], [ -69.397517013664611, -50.105205353197796 ], [ -69.400849196706247, -50.102074251753706 ], [ -69.405212858981812, -50.099492363235022 ], [ -69.408315489587125, -50.094123247829657 ], [ -69.412536977196737, -50.091388743223249 ], [ -69.423608524314744, -50.088651767648827 ], [ -69.431858176614057, -50.090788051233794 ], [ -69.439629365616113, -50.093626809226343 ], [ -69.444551115305401, -50.095788229759528 ], [ -69.45580800337018, -50.101992877226557 ], [ -69.461305189664529, -50.10350402099283 ], [ -69.46424313756755, -50.103771012072443 ], [ -69.467156781929134, -50.103332284375213 ], [ -69.474184528557103, -50.099829025124514 ], [ -69.482908101540417, -50.098637809073587 ], [ -69.487389667871156, -50.096088296062412 ], [ -69.490202879593468, -50.095460612498449 ], [ -69.514012907890944, -50.096027424725612 ], [ -69.528062205496028, -50.099218890070745 ], [ -69.534009849901807, -50.099582768266629 ], [ -69.536922991138127, -50.099178252099989 ], [ -69.544453151455386, -50.096113428696903 ], [ -69.547718431557101, -50.092910980566195 ], [ -69.548095211551811, -50.091025716799301 ], [ -69.547906523999828, -50.083362297982717 ], [ -69.548517389746337, -50.081489410221991 ], [ -69.549782912143428, -50.079752771374501 ], [ -69.553886374480726, -50.076977705816191 ], [ -69.563045885124311, -50.072078817801028 ], [ -69.568414812438192, -50.071310943054279 ], [ -69.568099929315551, -50.063279536691226 ], [ -69.574813898624853, -50.046011791520556 ], [ -69.586787682299544, -50.024986068475975 ], [ -69.598845595001947, -50.010723957728551 ], [ -69.611054829888289, -50.00208333749098 ], [ -69.618816401727074, -49.992512220225173 ], [ -69.634422244649159, -49.980358095240199 ], [ -69.651129833023717, -49.97709185130774 ], [ -69.667275020931484, -49.9774226711761 ], [ -69.687912914702579, -49.972361795169633 ], [ -69.729111959872412, -49.958475881281963 ], [ -69.736349706077064, -49.959257302448037 ], [ -69.754776221744734, -49.964115194775239 ], [ -69.771226545178237, -49.963921583018085 ], [ -69.792369726897192, -49.973673301641035 ], [ -69.821209663833542, -49.970842966200927 ], [ -69.841213462060992, -49.96286875821167 ], [ -69.863657851303955, -49.951865539125045 ], [ -69.876286831411491, -49.941943963489166 ], [ -69.884343809982894, -49.941437770682107 ], [ -69.927650539976966, -49.920658982253563 ], [ -69.945110603792969, -49.91431435543582 ], [ -69.954967905265136, -49.907063430479909 ], [ -69.982635981076555, -49.891786105491377 ], [ -69.997425655020749, -49.87808361509105 ], [ -70.001632172239184, -49.869739772885211 ], [ -70.011023627403702, -49.863993984913293 ], [ -70.024108674591645, -49.858902658039078 ], [ -70.03479077044868, -49.851628540193495 ], [ -70.051918841621912, -49.838014918346197 ] ], [ [ -68.90812562563822, -49.981714656421964 ], [ -68.905023541965065, -49.97633584505315 ], [ -68.901461582574342, -49.974647156372747 ], [ -68.901459061334165, -49.974175153081248 ], [ -68.903053948909744, -49.973079655850867 ], [ -68.904905346567318, -49.972645148881043 ], [ -68.906051896534805, -49.974439687603031 ], [ -68.908566250027405, -49.973601084818476 ], [ -68.90932383576822, -49.974747967913153 ], [ -68.91062447104953, -49.974380366766233 ], [ -68.911316130775646, -49.975401318933045 ], [ -68.914635822586661, -49.974383387613287 ], [ -68.918200388164067, -49.980962500735018 ], [ -68.915114640194375, -49.981535675303583 ], [ -68.915527437345233, -49.982673272999563 ], [ -68.924456774583263, -49.981110590801535 ], [ -68.924929121792161, -49.982198746177978 ], [ -68.926055302319043, -49.981997183473332 ], [ -68.926938887986182, -49.983166506206601 ], [ -68.928685660979909, -49.9828843927802 ], [ -68.929761032642404, -49.984062802031396 ], [ -68.925807317531536, -49.984590779584501 ], [ -68.92617832797842, -49.985881150149076 ], [ -68.923030006842396, -49.98620725679654 ], [ -68.924101650031446, -49.98971424842361 ], [ -68.922480201125111, -49.989937938278814 ], [ -68.930821720457743, -49.993085380840732 ], [ -68.927908384366305, -49.999183636602403 ], [ -68.918068055700033, -49.995257264286884 ], [ -68.915324709260446, -49.994904666602629 ], [ -68.913660295094004, -49.993689727059717 ], [ -68.912046471628386, -49.991544288059458 ], [ -68.90812562563822, -49.981714656421964 ] ] ] } },
{ "type": "Feature", "properties": { "codigo_indec": "780350301" }, "geometry": { "type": "Polygon", "coordinates": [ [ [ -70.625471066117356, -46.67642240160108 ], [ -70.389279035561017, -46.680182285899477 ], [ -70.390551741747231, -46.679352701603953 ], [ -70.381166785379847, -46.671388137203181 ], [ -70.380069410221111, -46.669863093069161 ], [ -70.364505096636819, -46.669078242951159 ], [ -70.353357063242427, -46.68028901975979 ], [ -70.219438272999355, -46.68288779931752 ], [ -70.216044644349267, -46.59056801688142 ], [ -70.059563010731566, -46.593347944656813 ], [ -69.860326385952604, -46.598411285638733 ], [ -69.859838754606145, -46.597285972096998 ], [ -69.824267788433062, -46.597174473579287 ], [ -69.822412512450356, -46.517627977523318 ], [ -69.821819283675111, -46.509180517864046 ], [ -69.671207602527943, -46.510136520785828 ], [ -69.68037802602791, -46.874547086579753 ], [ -69.688265864828864, -47.161716049777674 ], [ -69.709019313912535, -47.234178356113787 ], [ -69.710913054895272, -47.314993761568886 ], [ -69.840902902673122, -47.314936708816553 ], [ -69.840834737821254, -47.313974771221687 ], [ -70.240309536360172, -47.309092669359977 ], [ -70.242774597656506, -47.273626169598273 ], [ -70.243510296757037, -47.243957438123999 ], [ -70.243757617327546, -47.213889082361106 ], [ -70.242554918343245, -47.180481164247183 ], [ -70.252401524833076, -47.17521077624216 ], [ -70.342525150542286, -47.170695358653447 ], [ -70.374381460448646, -47.180068217506324 ], [ -70.381833899452644, -47.176704347778461 ], [ -70.393388639425538, -47.184965773867233 ], [ -70.385561620751531, -47.188402384797214 ], [ -70.392147809729423, -47.230338339174573 ], [ -70.413112645550029, -47.246529009566721 ], [ -70.436121739287955, -47.223130211449451 ], [ -70.499253648790329, -47.223324315142079 ], [ -70.506743796, -47.217280311346585 ], [ -70.518425420088406, -47.218124515769141 ], [ -70.522302469474383, -47.306219535173973 ], [ -70.774039381803107, -47.299625458719397 ], [ -70.7729692530812, -47.269989831340716 ], [ -70.761716502332092, -47.268800676582352 ], [ -70.760578684519857, -47.212162457082854 ], [ -70.7592210079398, -47.212223795597716 ], [ -70.779835820330888, -47.131942341341912 ], [ -70.763920754169149, -47.124106338805682 ], [ -70.761756281154305, -47.12191782484841 ], [ -70.772083423221844, -47.086447385769894 ], [ -70.766545615017563, -47.087248086632911 ], [ -70.764140761124494, -47.065471445785128 ], [ -70.772470608823781, -47.061695174699004 ], [ -70.770490313510081, -47.027426372516913 ], [ -70.806903580979323, -47.032272695540371 ], [ -70.859123979443382, -47.027307669038407 ], [ -70.877215565356735, -47.034892452095207 ], [ -70.877282090000605, -47.035476065224252 ], [ -70.884450312401015, -47.034188887064253 ], [ -70.898189314963062, -47.037704015205215 ], [ -70.909960996486149, -47.035268357537063 ], [ -70.919357662394262, -47.027537016835922 ], [ -70.937381484645812, -47.019744664269801 ], [ -70.945835222320085, -47.01782466945405 ], [ -70.959202364077697, -47.019899519594212 ], [ -70.970060359441177, -47.022929061708879 ], [ -70.978402622394938, -47.022726718879809 ], [ -70.984443024707332, -47.026521714727338 ], [ -70.990079874895883, -47.027224458899617 ], [ -70.994719599027533, -47.028789881811527 ], [ -71.000293079291936, -47.028931008758896 ], [ -71.003550930665497, -47.02845124690198 ], [ -71.021516639511972, -47.000010873479297 ], [ -71.014159102124509, -46.973315802878417 ], [ -70.976425045172434, -46.954070876869565 ], [ -70.988884448850243, -46.939052767158643 ], [ -70.990060610127841, -46.925516386526986 ], [ -70.972303245750794, -46.90195383027028 ], [ -70.967406571603689, -46.903625852001277 ], [ -70.960211267750267, -46.893921558899329 ], [ -70.964957644898846, -46.892373863814399 ], [ -70.957949460500288, -46.879193865673123 ], [ -70.963248246830673, -46.872864563164434 ], [ -70.958470413894347, -46.871880443734455 ], [ -70.961642578338726, -46.862461573145652 ], [ -70.928010436192608, -46.848401648682923 ], [ -70.928739490684023, -46.847615729729917 ], [ -70.66204369157542, -46.853126929629312 ], [ -70.657206440998138, -46.766064752413577 ], [ -70.62698626109929, -46.766768343199196 ], [ -70.625471066117356, -46.67642240160108 ] ] ] } },
{ "type": "Feature", "properties": { "codigo_indec": "780420201" }, "geometry": { "type": "Polygon", "coordinates": [ [ [ -68.65684194801608, -48.398871806556116 ], [ -68.336838779953098, -48.379468312382748 ], [ -68.186972879639015, -48.444434850671804 ], [ -68.035122984481134, -48.35108239095193 ], [ -68.033164880194974, -48.356700176411252 ], [ -68.032244637360307, -48.360937215522867 ], [ -68.032347241200128, -48.363357240772579 ], [ -68.030293785648979, -48.364536039816848 ], [ -68.025888651975734, -48.36570840177103 ], [ -68.002452995379883, -48.389177540277693 ], [ -67.987081762584808, -48.401530192743543 ], [ -67.984631296475484, -48.409292135019655 ], [ -67.986681530832598, -48.424054396163861 ], [ -67.98836617933307, -48.445032069203073 ], [ -67.99293106263076, -48.483503800119948 ], [ -67.994010386676663, -48.496472130715304 ], [ -67.995011459849181, -48.498194037489448 ], [ -67.99527356461752, -48.505471635709128 ], [ -67.998729814953691, -48.52821342970185 ], [ -68.020507992593281, -48.551188806817429 ], [ -68.022257284312289, -48.552318793767448 ], [ -68.02254837696313, -48.55584197728966 ], [ -68.019937070020262, -48.557429502103446 ], [ -68.020002437528547, -48.560532599144395 ], [ -68.017909723727328, -48.560334909524862 ], [ -68.012333659239076, -48.566132573353229 ], [ -68.012261161772486, -48.5698549955207 ], [ -68.011474947341355, -48.571260126451328 ], [ -68.016080915949743, -48.575517226613542 ], [ -68.013966124269231, -48.583565714509653 ], [ -68.013234002416965, -48.590537879311739 ], [ -68.01146546718239, -48.595028114150793 ], [ -67.999587111674529, -48.601494781386101 ], [ -67.994591655235965, -48.60605559323367 ], [ -67.990142430856565, -48.611911445056201 ], [ -67.971757124320092, -48.619878241518443 ], [ -67.961039788283088, -48.622614781272496 ], [ -67.896409359549082, -48.642143954668889 ], [ -67.845887489828115, -48.664796204787358 ], [ -67.841911328944676, -48.665763485996237 ], [ -67.830929728209782, -48.667163335115895 ], [ -67.827679181510163, -48.669751691296135 ], [ -67.734563513408958, -48.714287780450768 ], [ -67.710659683958525, -48.71442740797449 ], [ -67.706932413408666, -48.723454823948806 ], [ -67.704901051736599, -48.726606445499314 ], [ -67.682033423678234, -48.750056463563126 ], [ -67.683556385574647, -48.801048876665114 ], [ -67.68688298302078, -48.855968658677298 ], [ -67.68758441836404, -48.875917610680588 ], [ -67.683745227934878, -48.884155958340344 ], [ -67.675764966485417, -48.89552103942323 ], [ -67.673282498233121, -48.902744953782815 ], [ -67.669493405099871, -48.918815828054782 ], [ -67.667256862044852, -48.922616297956218 ], [ -67.645036163910149, -48.936300173266673 ], [ -67.639449311482679, -48.939215397987063 ], [ -67.636165109218396, -48.941892328460405 ], [ -67.634050320980094, -48.946601826954577 ], [ -67.63598331293457, -48.948436682937839 ], [ -67.650385840732554, -48.953039391607383 ], [ -67.650842606876466, -48.958885317455518 ], [ -67.649213883955795, -48.96622654885514 ], [ -67.652308640695807, -48.970232898896825 ], [ -67.658505543793098, -48.998253460283877 ], [ -67.660864554572825, -49.00150912470837 ], [ -67.665536830484726, -49.038526219350274 ], [ -67.669996078372719, -49.063126623309778 ], [ -67.67861958848745, -49.117327348060485 ], [ -67.691495565850033, -49.146527648950659 ], [ -67.639136809706898, -49.146169620113291 ], [ -67.639555339254215, -49.153035561154546 ], [ -67.637757951758019, -49.15483977209707 ], [ -67.636250961770997, -49.158670616300583 ], [ -67.634517601842717, -49.159630271701367 ], [ -67.630280398406981, -49.15877978055638 ], [ -67.628475779413421, -49.159212460041701 ], [ -67.627823009334961, -49.160135390091099 ], [ -67.616801726055115, -49.163002756304351 ], [ -67.616254125862667, -49.16383246359878 ], [ -67.619122523107961, -49.165588799441892 ], [ -67.619383906886085, -49.167161052540379 ], [ -67.618716327035088, -49.173411588984692 ], [ -67.613104273007124, -49.179521903424643 ], [ -67.612892510390651, -49.182558694649934 ], [ -67.615740169240752, -49.186198703626268 ], [ -67.617389413266153, -49.18965794214423 ], [ -67.619874059324445, -49.190591371029285 ], [ -67.620984698864788, -49.191971438441769 ], [ -67.625495667152137, -49.192074677484371 ], [ -67.627663815334571, -49.192927737040002 ], [ -67.627862219149392, -49.194063097918168 ], [ -67.629504900449504, -49.194199502425469 ], [ -67.631384959674676, -49.195305346268349 ], [ -67.631764624780743, -49.19633943889238 ], [ -67.633875623915756, -49.198032462576791 ], [ -67.637327770415311, -49.199237724026609 ], [ -67.642392478646585, -49.19994031021124 ], [ -67.646560000517596, -49.198703363214115 ], [ -67.649857469521024, -49.20068874566627 ], [ -67.654238265747878, -49.20195380904994 ], [ -67.659034631878782, -49.202576103381638 ], [ -67.66125451609831, -49.203838266797284 ], [ -67.660806926802508, -49.204786235042249 ], [ -67.666445485957681, -49.205233646408516 ], [ -67.667691298063488, -49.207005971219701 ], [ -67.667852214933731, -49.208167801520432 ], [ -67.669843386011408, -49.210043113670437 ], [ -67.67011949428435, -49.214587272749924 ], [ -67.671414491440302, -49.218122557848226 ], [ -67.670508455693778, -49.218764053629528 ], [ -67.672947239018654, -49.219322631493426 ], [ -67.673705713039482, -49.220859988326204 ], [ -67.677497579073219, -49.222162353500607 ], [ -67.677193889914477, -49.224024719451762 ], [ -67.676264950078846, -49.224751421706117 ], [ -67.676325430135051, -49.227112518718364 ], [ -67.67363908086169, -49.233092858909806 ], [ -67.672221378811628, -49.238341387391365 ], [ -67.669382496127596, -49.243694923828471 ], [ -67.671123566688621, -49.248674048418899 ], [ -67.673166452083095, -49.249965401817711 ], [ -67.67673198126009, -49.249925374663071 ], [ -67.678099362985733, -49.250543493382118 ], [ -67.67926087221521, -49.250255548414501 ], [ -67.681097735969175, -49.250654199073736 ], [ -67.682652980366754, -49.252861491568311 ], [ -67.682837487400974, -49.253929144089156 ], [ -67.685760691003452, -49.255585489171743 ], [ -67.687429935941253, -49.25920574921205 ], [ -67.689470477287273, -49.259709986559557 ], [ -67.691379470974326, -49.261813265499548 ], [ -67.691516202014924, -49.263267014631332 ], [ -67.69292895880173, -49.264658776353173 ], [ -67.695344311994404, -49.265679689775467 ], [ -67.700210601922635, -49.269254889654086 ], [ -67.704961426828092, -49.26939366781982 ], [ -67.709758205914113, -49.272117943745954 ], [ -67.713047302347121, -49.272595235117677 ], [ -67.721300111273663, -49.27163931631938 ], [ -67.727920780192321, -49.272153011117283 ], [ -67.731588902412028, -49.273263380934289 ], [ -67.735707896898035, -49.27609602351199 ], [ -67.74006804570007, -49.277978004933153 ], [ -67.741013150203074, -49.280263259180643 ], [ -67.740754280463904, -49.28260282753881 ], [ -67.739288410923848, -49.284569554329224 ], [ -67.736076069074443, -49.286022615479922 ], [ -67.728019894703891, -49.288469917538073 ], [ -67.728261249584435, -49.288706363682834 ], [ -67.724536546604199, -49.288948549929891 ], [ -67.723890347355564, -49.290150824391432 ], [ -67.727746440461814, -49.295489572543261 ], [ -67.728226398632188, -49.298075526692536 ], [ -67.72609195276398, -49.301271106045419 ], [ -67.72273846157313, -49.302807662991199 ], [ -67.723203933477578, -49.303685019349032 ], [ -67.724314589627298, -49.303274668728946 ], [ -67.72400746852766, -49.302920594430887 ], [ -67.731942742874836, -49.300998268711353 ], [ -67.731397819461804, -49.300398823389713 ], [ -67.733493681779919, -49.29842561911078 ], [ -67.736294754770682, -49.29736377551928 ], [ -67.735334419550981, -49.296341681908196 ], [ -67.736889697595231, -49.295738255045286 ], [ -67.739955300080382, -49.299121201206546 ], [ -67.745713007311281, -49.296814489100171 ], [ -67.751842496986754, -49.295824320870615 ], [ -67.752299183459073, -49.297339887567574 ], [ -67.780263644348679, -49.297656461330234 ], [ -67.780292168994833, -49.306945341111017 ], [ -67.778380702863629, -49.305832639661709 ], [ -67.755980327665384, -49.305674571704202 ], [ -67.757781119935558, -49.307613705840041 ], [ -67.757803516653581, -49.308773895286294 ], [ -67.756749246718215, -49.309135718594213 ], [ -67.760058483628171, -49.312898396031635 ], [ -67.748673300826795, -49.317276084884206 ], [ -67.745325011869284, -49.313584593209185 ], [ -67.743852682441883, -49.314153067494594 ], [ -67.742996598832619, -49.313204109832 ], [ -67.742118123184753, -49.31354073654721 ], [ -67.740750031829748, -49.312851446911694 ], [ -67.738908514501702, -49.312930274464826 ], [ -67.738493874418353, -49.312471659931056 ], [ -67.736626019220395, -49.312505204264248 ], [ -67.736251501734131, -49.312091979524837 ], [ -67.725690096031414, -49.315918920539779 ], [ -67.725173513208929, -49.318880534177744 ], [ -67.725697835871941, -49.318684000722641 ], [ -67.725286689539672, -49.320091186529268 ], [ -67.734634646963968, -49.316152090739777 ], [ -67.741442356437204, -49.316311859540995 ], [ -67.745957134645337, -49.319022528897342 ], [ -67.749724157698409, -49.322219482214209 ], [ -67.752953318939831, -49.321948652314788 ], [ -67.755450967833696, -49.323684026162248 ], [ -67.757685582547026, -49.323851939956619 ], [ -67.761487699243489, -49.319662096436417 ], [ -67.763475824135824, -49.320191425835219 ], [ -67.766100569131751, -49.320017165855404 ], [ -67.767770220131766, -49.321046562407886 ], [ -67.771227720906523, -49.320022343462192 ], [ -67.775627772137625, -49.320365777180783 ], [ -67.781316883346975, -49.323937219413281 ], [ -67.788031323079792, -49.324583309363575 ], [ -67.790909102004747, -49.325598057669893 ], [ -67.793002814230888, -49.32802075641132 ], [ -67.79647115183954, -49.328807744478851 ], [ -67.796781585609224, -49.330888082451104 ], [ -67.798591206382625, -49.332143281044573 ], [ -67.800263129591301, -49.334255737402074 ], [ -67.800424684928757, -49.335534248472591 ], [ -67.802115043988479, -49.338312259659261 ], [ -67.800922499499634, -49.339396890327912 ], [ -67.804713583882474, -49.340106049075445 ], [ -67.806950635620609, -49.341064308685688 ], [ -67.806940594041819, -49.344467591503019 ], [ -67.805403142597228, -49.346722132455035 ], [ -67.805410553906214, -49.349257887346958 ], [ -67.803607007298055, -49.351550115539695 ], [ -67.795919155844558, -49.357778001311765 ], [ -67.798408802678964, -49.362236844311802 ], [ -67.799301657977963, -49.366135052751552 ], [ -67.79829253131058, -49.367572236307765 ], [ -67.792924244338977, -49.372574154642876 ], [ -67.785997137408572, -49.376381544813974 ], [ -67.78220740922194, -49.378998739300023 ], [ -67.782344863726877, -49.379706038221805 ], [ -67.778776906132265, -49.380581060162619 ], [ -67.777671209844797, -49.38157195176646 ], [ -67.775019775003315, -49.382550958884323 ], [ -67.775232935440272, -49.383533316067663 ], [ -67.782886391847015, -49.382732962032513 ], [ -67.784727479186188, -49.383053554669296 ], [ -67.785163926021426, -49.384065215237314 ], [ -67.786287374760221, -49.384166933384805 ], [ -67.786855242068228, -49.385296859373938 ], [ -67.787912195026863, -49.385303450712328 ], [ -67.789172680963659, -49.38431408350764 ], [ -67.790251282460147, -49.384419789186211 ], [ -67.79134849905347, -49.383626507415258 ], [ -67.793409690403024, -49.384102121772443 ], [ -67.796344819898138, -49.384042803323354 ], [ -67.798917121381109, -49.384883308546591 ], [ -67.806168856883275, -49.382607093569291 ], [ -67.806486210375411, -49.381445943402561 ], [ -67.808480533314977, -49.380702221120309 ], [ -67.812340122194229, -49.3805621050196 ], [ -67.815167011224517, -49.3796964386149 ], [ -67.820794465751405, -49.378908760224682 ], [ -67.82384900511174, -49.379169167941676 ], [ -67.824510265554665, -49.379881743366937 ], [ -67.826338641922135, -49.379441744160225 ], [ -67.827225099766721, -49.381109711109275 ], [ -67.82734288218613, -49.382670966886955 ], [ -67.82679743454203, -49.384899870672676 ], [ -67.825390816736842, -49.385694839821291 ], [ -67.827828012572283, -49.387027870307094 ], [ -67.830332934846624, -49.387399422652443 ], [ -67.832319096369844, -49.386268564559494 ], [ -67.834676275773745, -49.386917272937197 ], [ -67.835774667712471, -49.388960462486168 ], [ -67.837845601059882, -49.390802116887059 ], [ -67.838896164139712, -49.392984165143368 ], [ -67.836400753048963, -49.396277005924233 ], [ -67.836968702107313, -49.398332823470284 ], [ -67.835531885132355, -49.400395437172278 ], [ -67.835911625265851, -49.40210767915049 ], [ -67.833919859371051, -49.403305978470662 ], [ -67.830663689032136, -49.404073349290201 ], [ -67.829824781196194, -49.406470132869565 ], [ -67.823807466096923, -49.406723781326512 ], [ -67.823597121043349, -49.408029929072917 ], [ -67.821009401953461, -49.409060090760079 ], [ -67.817751744318457, -49.409004345794514 ], [ -67.815380579952034, -49.408615912066622 ], [ -67.812830265473977, -49.407515247921715 ], [ -67.810560673220593, -49.405779006312869 ], [ -67.80621601353721, -49.404389970183033 ], [ -67.804754893355181, -49.402001069043109 ], [ -67.797892726638239, -49.399911285989106 ], [ -67.795618040357581, -49.39827809792682 ], [ -67.793631379553986, -49.397547040102907 ], [ -67.789624745735594, -49.397307343967043 ], [ -67.787545204423651, -49.398535399577021 ], [ -67.775801841809411, -49.397220241854107 ], [ -67.772336797943424, -49.395016495006445 ], [ -67.76968363580805, -49.392722377005427 ], [ -67.767652735752733, -49.389791923458006 ], [ -67.766227776893643, -49.389075369727905 ], [ -67.763107154647912, -49.389788335666992 ], [ -67.761595917065975, -49.390999526735428 ], [ -67.758506162773827, -49.391573327674287 ], [ -67.747865985401347, -49.391660883841695 ], [ -67.743591465693171, -49.393039695498963 ], [ -67.73756341712091, -49.392951544551671 ], [ -67.729367023462657, -49.392012026395498 ], [ -67.725860350188285, -49.390579709751158 ], [ -67.723826189830845, -49.390404411994815 ], [ -67.716824985577333, -49.387499004663709 ], [ -67.712178264109426, -49.384785771285941 ], [ -67.707929622472847, -49.381748599111901 ], [ -67.697615021659487, -49.370505518235838 ], [ -67.695804448159492, -49.367639201225188 ], [ -67.695113829273652, -49.364470790054241 ], [ -67.69554971228564, -49.363216858146814 ], [ -67.695017953934425, -49.359380347079721 ], [ -67.691806613053188, -49.358485326501842 ], [ -67.68698460933831, -49.349065667913571 ], [ -67.686750796510722, -49.345052655371617 ], [ -67.688077592219699, -49.341736249660968 ], [ -67.688306566718168, -49.338299470223781 ], [ -67.690555964166734, -49.333518838459383 ], [ -67.690669664649874, -49.331177749990957 ], [ -67.694703416476557, -49.324578402218648 ], [ -67.695945748658488, -49.321683561581821 ], [ -67.703764449813264, -49.313355145660957 ], [ -67.703857122891904, -49.311395957137613 ], [ -67.701640360165086, -49.310053760483569 ], [ -67.697529088721978, -49.309243181853816 ], [ -67.686383299869846, -49.308707877912418 ], [ -67.679067346198963, -49.304456731838364 ], [ -67.67761414240664, -49.302237094159786 ], [ -67.677231237342127, -49.299076553114567 ], [ -67.67777150950657, -49.292887311014098 ], [ -67.676485926387102, -49.289941226439311 ], [ -67.676727384516624, -49.285286176030667 ], [ -67.6780542066751, -49.279231812317327 ], [ -67.677808800428721, -49.275173640008383 ], [ -67.676275585204081, -49.272125797318502 ], [ -67.674064812069602, -49.270140199612882 ], [ -67.671276324826451, -49.269078582348008 ], [ -67.668739044366916, -49.26711160468556 ], [ -67.668680069023026, -49.265856546810483 ], [ -67.669439835752868, -49.263662269800797 ], [ -67.671363746654492, -49.261346502973346 ], [ -67.672832027874705, -49.258467967941698 ], [ -67.672982939283997, -49.256810683288684 ], [ -67.668523292032575, -49.256619990303903 ], [ -67.660831455243681, -49.257587632397289 ], [ -67.656893427841723, -49.257411528299087 ], [ -67.652823684739673, -49.258416199169297 ], [ -67.647717862140709, -49.258743196265129 ], [ -67.63959070892507, -49.255653438300868 ], [ -67.639779324168288, -49.254288876775291 ], [ -67.63024490842281, -49.254320083084373 ], [ -67.622072814111974, -49.252662776475155 ], [ -67.618403584521744, -49.251364563265071 ], [ -67.616072912044871, -49.251817735651052 ], [ -67.615577553090858, -49.255408602449982 ], [ -67.613486012669426, -49.25969967749193 ], [ -67.61335022909067, -49.263564605996038 ], [ -67.612222173796766, -49.267165840128889 ], [ -67.612360730846831, -49.272513239452977 ], [ -67.611866620360004, -49.273838116319439 ], [ -67.606071823531849, -49.276358031470458 ], [ -67.606045291197916, -49.279005848459562 ], [ -67.606911193856689, -49.28241975448605 ], [ -67.607130020383678, -49.293801719218351 ], [ -67.605987767327917, -49.297132948567977 ], [ -67.608584398255118, -49.304159978967022 ], [ -67.610930860531894, -49.308126678326758 ], [ -67.612991842344698, -49.310273531271172 ], [ -67.61404525566833, -49.313779532981066 ], [ -67.618783191707792, -49.320548726627351 ], [ -67.620111869801789, -49.323702774931697 ], [ -67.62099841010081, -49.323852732437217 ], [ -67.62434890930345, -49.329624999896673 ], [ -67.627586585805119, -49.341213565735735 ], [ -67.628688092873205, -49.342058389340991 ], [ -67.629112099977888, -49.346114255325155 ], [ -67.633356817256328, -49.355839762013403 ], [ -67.635828777978574, -49.360279463659538 ], [ -67.638078462625643, -49.363561038610293 ], [ -67.639710033862528, -49.364429980216535 ], [ -67.646983428009449, -49.373187961721719 ], [ -67.652707396301167, -49.384179860714681 ], [ -67.655906971489614, -49.388065593910468 ], [ -67.662871098280874, -49.394872207411694 ], [ -67.663949754546124, -49.397640656079105 ], [ -67.667187299049303, -49.401333178961146 ], [ -67.667529264367147, -49.404479740152475 ], [ -67.668991538992827, -49.406582671298672 ], [ -67.670953627243975, -49.411231497674024 ], [ -67.671743816127616, -49.416419820337367 ], [ -67.672073538752073, -49.424502676327535 ], [ -67.673260944852316, -49.427753326890191 ], [ -67.677272511181684, -49.431085759573527 ], [ -67.677388482832484, -49.435232263213479 ], [ -67.678873385183508, -49.440005847834897 ], [ -67.679413027293393, -49.443658143753844 ], [ -68.234252548592934, -49.450528868033686 ], [ -68.64419862223636, -49.453811311863809 ], [ -68.644646094768632, -49.426249685000897 ], [ -68.645969038518146, -48.821506949747771 ], [ -68.646929605439695, -48.580578104322989 ], [ -68.658507107053993, -48.580608524215748 ], [ -68.65684194801608, -48.398871806556116 ] ] ] } },
{ "type": "Feature", "properties": { "codigo_indec": "780420307" }, "geometry": { "type": "Polygon", "coordinates": [ [ [ -67.733876937317021, -49.305200698993382 ], [ -67.736363930026897, -49.307965946049407 ], [ -67.743037607714939, -49.30537714521941 ], [ -67.74563565687086, -49.305549248000773 ], [ -67.742466277760101, -49.30189107706196 ], [ -67.733876937317021, -49.305200698993382 ] ] ] } },
{ "type": "Feature", "properties": { "codigo_indec": "780350605" }, "geometry": { "type": "Polygon", "coordinates": [ [ [ -70.924617776174571, -46.606469199915551 ], [ -70.924857722925935, -46.60191315153908 ], [ -70.921191667558759, -46.601587965168804 ], [ -70.922986304034836, -46.590708532782322 ], [ -70.919829549204337, -46.590464699295943 ], [ -70.92014631245867, -46.588349798865124 ], [ -70.92176895694692, -46.588479974276225 ], [ -70.921994510877099, -46.586371098656002 ], [ -70.930220992347543, -46.587001710172935 ], [ -70.929865026104608, -46.589103807100884 ], [ -70.939227327368812, -46.589827049152866 ], [ -70.938882118148427, -46.591946983588215 ], [ -70.942883112749058, -46.592256916089511 ], [ -70.944649896134877, -46.59030172285329 ], [ -70.943990391714607, -46.590195986369437 ], [ -70.955680035993382, -46.585323204175374 ], [ -70.954892921314354, -46.585296179703249 ], [ -70.954642402212528, -46.582048370025433 ], [ -70.952403555036412, -46.581650304088015 ], [ -70.953733742757578, -46.579000722453216 ], [ -70.956967778932565, -46.577690467006079 ], [ -70.957567134179868, -46.574135738853755 ], [ -70.954031991503655, -46.573413537237613 ], [ -70.952010295649089, -46.5737854191322 ], [ -70.947324756851458, -46.571899651641885 ], [ -70.945940818919212, -46.572777841101498 ], [ -70.945705757434567, -46.573955834008189 ], [ -70.943813090579411, -46.572647599673253 ], [ -70.938914661034147, -46.575847911027459 ], [ -70.928799227771094, -46.579936773627786 ], [ -70.926853904257229, -46.580266438776952 ], [ -70.925507007296005, -46.582574134301119 ], [ -70.921607704427714, -46.58225738764564 ], [ -70.924119424544273, -46.578850613417082 ], [ -70.932394001046404, -46.571320786366911 ], [ -70.933277677605489, -46.568382112215723 ], [ -70.928036267380293, -46.568353652998866 ], [ -70.926499085564544, -46.570804012902379 ], [ -70.920879198203195, -46.576039826382313 ], [ -70.917192370888003, -46.576092698786006 ], [ -70.916009154909645, -46.58333189869289 ], [ -70.916393805707074, -46.588043903223507 ], [ -70.913134617156729, -46.590630870257549 ], [ -70.911087538231783, -46.591141889491148 ], [ -70.913051834218578, -46.59504483230495 ], [ -70.91393464005921, -46.593802096721603 ], [ -70.915644953577996, -46.593638519413588 ], [ -70.915951796367381, -46.591514802062747 ], [ -70.916670320222138, -46.591907585770983 ], [ -70.916192004865223, -46.592405887658501 ], [ -70.91639332191005, -46.593396581241556 ], [ -70.916022499937426, -46.593983041727959 ], [ -70.914325096990737, -46.594420788937434 ], [ -70.912601209632072, -46.598556340361185 ], [ -70.906176830508727, -46.602743316672047 ], [ -70.904694237940532, -46.604850606579667 ], [ -70.924617776174571, -46.606469199915551 ] ] ] } },
{ "type": "Feature", "properties": { "codigo_indec": "780280504" }, "geometry": { "type": "Polygon", "coordinates": [ [ [ -72.263611234574967, -50.344106764798177 ], [ -72.263288797017552, -50.344578942789028 ], [ -72.261541493351956, -50.34481685759993 ], [ -72.261605794398335, -50.345498491257821 ], [ -72.258141982105968, -50.345604682148 ], [ -72.258144171348519, -50.344867226553355 ], [ -72.257603994838604, -50.344828419563584 ], [ -72.257425604469418, -50.345660741987068 ], [ -72.255395064663048, -50.346432572612862 ], [ -72.254818915124673, -50.346124982397832 ], [ -72.253774959993734, -50.347350242790149 ], [ -72.251482335370696, -50.348093373386234 ], [ -72.250650956830512, -50.351659721536222 ], [ -72.24824785542171, -50.354235868173802 ], [ -72.250594445144316, -50.35489413924148 ], [ -72.251540394401857, -50.353927942604656 ], [ -72.268207083196316, -50.353473772005074 ], [ -72.267256566987598, -50.347821666983087 ], [ -72.267631774962808, -50.346174455957673 ], [ -72.265496316098265, -50.345825337829176 ], [ -72.265452445765902, -50.344572099901107 ], [ -72.263611234574967, -50.344106764798177 ] ] ] } },
{ "type": "Feature", "properties": { "codigo_indec": "780211211" }, "geometry": { "type": "Polygon", "coordinates": [ [ [ -69.231590575727509, -51.641952959918726 ], [ -69.226699851831327, -51.643234294584538 ], [ -69.22701279785295, -51.643705556193034 ], [ -69.224368884337139, -51.644389225562456 ], [ -69.225358547041395, -51.64586135008507 ], [ -69.230000526422074, -51.644607523282268 ], [ -69.231590575727509, -51.641952959918726 ] ] ] } },
{ "type": "Feature", "properties": { "codigo_indec": "780140303" }, "geometry": { "type": "Polygon", "coordinates": [ [ [ -68.234343540216273, -46.712309121831751 ], [ -68.233752905935177, -46.711765428288558 ], [ -68.220980479670672, -46.716878680115975 ], [ -68.221940471627121, -46.717654340529336 ], [ -68.223882703189261, -46.717887923952752 ], [ -68.224823250466784, -46.718883821700018 ], [ -68.226116193303696, -46.718334842493945 ], [ -68.227034736864439, -46.719272101373974 ], [ -68.232325869990404, -46.717175749989032 ], [ -68.231466311700032, -46.716225435978401 ], [ -68.235997564561714, -46.714420664763274 ], [ -68.233901578388483, -46.712580531509168 ], [ -68.234343540216273, -46.712309121831751 ] ] ] } },
{ "type": "Feature", "properties": { "codigo_indec": "780140222" }, "geometry": { "type": "Polygon", "coordinates": [ [ [ -67.559225598438317, -46.444124328905367 ], [ -67.559118520930511, -46.448184754408636 ], [ -67.55220487746584, -46.447548660698793 ], [ -67.556495550298195, -46.450787551758658 ], [ -67.557480603690735, -46.452176396763967 ], [ -67.557418971797873, -46.454510124980004 ], [ -67.555794399700432, -46.456261863199963 ], [ -67.56172700578955, -46.455144644750931 ], [ -67.580548011158911, -46.453809992862681 ], [ -67.580582102024152, -46.451120562611464 ], [ -67.574524013169835, -46.451342076578619 ], [ -67.565348433575949, -46.446117498813905 ], [ -67.562484710222847, -46.445271877445492 ], [ -67.562497549832329, -46.444165508683689 ], [ -67.559225598438317, -46.444124328905367 ] ] ] } },
{ "type": "Feature", "properties": { "codigo_indec": "780141207" }, "geometry": { "type": "Polygon", "coordinates": [ [ [ -65.92491766565999, -47.751604638472358 ], [ -65.917971213269297, -47.752065788501362 ], [ -65.917381239874786, -47.751271842344174 ], [ -65.919777126743497, -47.750904459210844 ], [ -65.919493843234847, -47.749660006098047 ], [ -65.919103033288408, -47.749784434130234 ], [ -65.918190455899648, -47.748581535727318 ], [ -65.902383077648793, -47.753395299810748 ], [ -65.906101058252503, -47.758119227719213 ], [ -65.907837117978445, -47.756569406030458 ], [ -65.908623957281748, -47.756572631968069 ], [ -65.908794850030986, -47.757233890352616 ], [ -65.9095591960984, -47.757335450835114 ], [ -65.912370789567177, -47.756768037331476 ], [ -65.916567072754162, -47.755059426114045 ], [ -65.919998101821506, -47.754841304799385 ], [ -65.919379323239994, -47.754703246470278 ], [ -65.91927860487246, -47.753980923211856 ], [ -65.920683356859342, -47.754023154736579 ], [ -65.926209985591669, -47.752421873002589 ], [ -65.92491766565999, -47.751604638472358 ] ] ] } },
{ "type": "Feature", "properties": { "codigo_indec": "780141205" }, "geometry": { "type": "Polygon", "coordinates": [ [ [ -65.899612800447599, -47.749623384540691 ], [ -65.895229131835947, -47.7510609425143 ], [ -65.898337613532235, -47.755309865545932 ], [ -65.899062186609143, -47.755630803631597 ], [ -65.900058276456718, -47.755311421465215 ], [ -65.9013893227728, -47.757155440139471 ], [ -65.904878336155534, -47.756862878647659 ], [ -65.899612800447599, -47.749623384540691 ] ] ] } },
{ "type": "Feature", "properties": { "codigo_indec": "780141123" }, "geometry": { "type": "Polygon", "coordinates": [ [ [ -67.526275241809046, -46.450712431555417 ], [ -67.523896820750835, -46.451909731715133 ], [ -67.525141539334626, -46.452690467898314 ], [ -67.526396596829073, -46.455742857245198 ], [ -67.529776999148908, -46.454077097726184 ], [ -67.526275241809046, -46.450712431555417 ] ] ] } },
{ "type": "Feature", "properties": { "codigo_indec": "780141119" }, "geometry": { "type": "Polygon", "coordinates": [ [ [ -67.521324069170035, -46.439965540269448 ], [ -67.520875550011795, -46.441992879108142 ], [ -67.525146137947829, -46.44613231149107 ], [ -67.527349595887245, -46.445018195117946 ], [ -67.521781953657339, -46.439755551893029 ], [ -67.521324069170035, -46.439965540269448 ] ] ] } },
{ "type": "Feature", "properties": { "codigo_indec": "780141118" }, "geometry": { "type": "Polygon", "coordinates": [ [ [ -67.514927792918925, -46.448716905310469 ], [ -67.513007309598208, -46.446951185078625 ], [ -67.513693500555959, -46.446604757078291 ], [ -67.512728849646905, -46.445706089653882 ], [ -67.510224767710483, -46.445781446454376 ], [ -67.508799642643012, -46.447809502796673 ], [ -67.510574652807065, -46.448462370088315 ], [ -67.509677373467184, -46.449269331801084 ], [ -67.512157696705614, -46.450430652822696 ], [ -67.514927792918925, -46.448716905310469 ] ] ] } },
{ "type": "Feature", "properties": { "codigo_indec": "780140907" }, "geometry": { "type": "Polygon", "coordinates": [ [ [ -67.972537730799758, -46.798302582830274 ], [ -67.966096751161828, -46.800156134162791 ], [ -67.965224053630052, -46.800409118301538 ], [ -67.966687975796717, -46.802801672959042 ], [ -67.969641765526433, -46.801960232207286 ], [ -67.969149518057137, -46.801155193914035 ], [ -67.973512724871767, -46.799899050181288 ], [ -67.972537730799758, -46.798302582830274 ] ] ] } },
{ "type": "Feature", "properties": { "codigo_indec": "780140906" }, "geometry": { "type": "Polygon", "coordinates": [ [ [ -67.972537730799758, -46.798302582830274 ], [ -67.970975428255372, -46.795738300840618 ], [ -67.971919917919749, -46.794289505969701 ], [ -67.96304275573506, -46.796840621321749 ], [ -67.965224053630052, -46.800409118301538 ], [ -67.972537730799758, -46.798302582830274 ] ] ] } },
{ "type": "Feature", "properties": { "codigo_indec": "780140902" }, "geometry": { "type": "Polygon", "coordinates": [ [ [ -67.939070483732038, -46.801249124089871 ], [ -67.940266247157282, -46.80339665106991 ], [ -67.941290262502804, -46.803118270450909 ], [ -67.944743890269109, -46.809060253272911 ], [ -67.943979373150299, -46.809296081566728 ], [ -67.945061169061944, -46.810925258937964 ], [ -67.948213301085175, -46.812047231072064 ], [ -67.951671906222387, -46.812407301683187 ], [ -67.953550298421419, -46.812163621161503 ], [ -67.94764051222478, -46.802452696226702 ], [ -67.957849856639143, -46.799514612459596 ], [ -67.955995787397811, -46.796493191863121 ], [ -67.939070483732038, -46.801249124089871 ] ] ] } },
{ "type": "Feature", "properties": { "codigo_indec": "780140506" }, "geometry": { "type": "Polygon", "coordinates": [ [ [ -65.90180500044282, -47.741852284936833 ], [ -65.909565849957445, -47.741917808391236 ], [ -65.910121296033012, -47.739576026035238 ], [ -65.902957182815484, -47.738505698628529 ], [ -65.901916299790287, -47.738855378108433 ], [ -65.899098183937127, -47.73803258965642 ], [ -65.90180500044282, -47.741852284936833 ] ] ] } },
{ "type": "Feature", "properties": { "codigo_indec": "780280509" }, "geometry": { "type": "Polygon", "coordinates": [ [ [ -72.267903217375505, -50.351710773531828 ], [ -72.268537778320152, -50.359512003931378 ], [ -72.289991914660476, -50.359045830635438 ], [ -72.289667095016185, -50.352674740757031 ], [ -72.279288985143012, -50.353309870419338 ], [ -72.273386774467426, -50.352559074110644 ], [ -72.272043543532618, -50.351625709794298 ], [ -72.268825526670454, -50.351275661700072 ], [ -72.268671429012628, -50.351743117563387 ], [ -72.267903217375505, -50.351710773531828 ] ] ] } },
{ "type": "Feature", "properties": { "codigo_indec": "780140209" }, "geometry": { "type": "Polygon", "coordinates": [ [ [ -67.555794399700432, -46.456261863199963 ], [ -67.553023019922051, -46.458426389766466 ], [ -67.550762731538299, -46.4621716548032 ], [ -67.549364039440007, -46.463489848930621 ], [ -67.546429481533323, -46.465035907176073 ], [ -67.542692364342486, -46.465060311103279 ], [ -67.530848871537543, -46.463707775169496 ], [ -67.533318874244202, -46.466505800513417 ], [ -67.539352217146174, -46.479078668660449 ], [ -67.539569757387838, -46.483844898175477 ], [ -67.580006181443181, -46.484408136457262 ], [ -67.580548011158911, -46.453809992862681 ], [ -67.56172700578955, -46.455144644750931 ], [ -67.555794399700432, -46.456261863199963 ] ] ] } },
{ "type": "Feature", "properties": { "codigo_indec": "780211123" }, "geometry": { "type": "Polygon", "coordinates": [ [ [ -69.204689232987349, -51.636398955236302 ], [ -69.203623522540326, -51.63548853262035 ], [ -69.195947451326518, -51.639015873315728 ], [ -69.19700588809863, -51.6399308711649 ], [ -69.204689232987349, -51.636398955236302 ] ] ] } },
{ "type": "Feature", "properties": { "codigo_indec": "780140202" }, "geometry": { "type": "Polygon", "coordinates": [ [ [ -67.537881271436817, -46.437362645283045 ], [ -67.540280127528831, -46.444864629802645 ], [ -67.544350234377106, -46.443036312631726 ], [ -67.539370979916754, -46.43822282858109 ], [ -67.537881271436817, -46.437362645283045 ] ] ] } },
{ "type": "Feature", "properties": { "codigo_indec": "780211411" }, "geometry": { "type": "Polygon", "coordinates": [ [ [ -69.251344308381476, -51.619586276630542 ], [ -69.248586235791038, -51.620854957445459 ], [ -69.24557239081912, -51.622249939756983 ], [ -69.24609102837249, -51.622698251975216 ], [ -69.250898294623482, -51.623146464229585 ], [ -69.25152002249078, -51.620682432187266 ], [ -69.252766021687833, -51.620796600022743 ], [ -69.252952864362641, -51.619991774722379 ], [ -69.251344308381476, -51.619586276630542 ] ] ] } },
{ "type": "Feature", "properties": { "codigo_indec": "780211403" }, "geometry": { "type": "Polygon", "coordinates": [ [ [ -69.238510133898501, -51.62199485892544 ], [ -69.237916150038018, -51.625069945807418 ], [ -69.240112230017587, -51.62528568050476 ], [ -69.241262009830635, -51.624937287362386 ], [ -69.241865350658031, -51.622307068125011 ], [ -69.238510133898501, -51.62199485892544 ] ] ] } },
{ "type": "Feature", "properties": { "codigo_indec": "780211322" }, "geometry": { "type": "Polygon", "coordinates": [ [ [ -69.241677234775878, -51.639896868660642 ], [ -69.241033900069269, -51.643884338170537 ], [ -69.241371993865172, -51.644301582396857 ], [ -69.238775662634907, -51.645070863662625 ], [ -69.24005952253485, -51.646762470086649 ], [ -69.235525981893957, -51.648020970606709 ], [ -69.238027069365657, -51.65178186580053 ], [ -69.238038766132945, -51.652635693970169 ], [ -69.253484695434111, -51.65130012481535 ], [ -69.253332730742244, -51.642182202548241 ], [ -69.253777185876828, -51.642226182595508 ], [ -69.253733873133541, -51.640936507766313 ], [ -69.241677234775878, -51.639896868660642 ] ] ] } },
{ "type": "Feature", "properties": { "codigo_indec": "780211321" }, "geometry": { "type": "Polygon", "coordinates": [ [ [ -69.203334802602058, -51.641982812613044 ], [ -69.196807292937592, -51.644941971721757 ], [ -69.195788884958503, -51.644961649811428 ], [ -69.19590425253682, -51.654969497652459 ], [ -69.211542022821021, -51.654834518107506 ], [ -69.211277535644271, -51.644566301793432 ], [ -69.209262480664123, -51.644619343238695 ], [ -69.207010454032229, -51.642601051727212 ], [ -69.206358186956166, -51.642912283086801 ], [ -69.205582320977499, -51.642248537422276 ], [ -69.204331779059103, -51.642834935036888 ], [ -69.203334802602058, -51.641982812613044 ] ] ] } },
{ "type": "Feature", "properties": { "codigo_indec": "780211105" }, "geometry": { "type": "Polygon", "coordinates": [ [ [ -69.206687210184114, -51.627106418046381 ], [ -69.202295330935073, -51.629136354510742 ], [ -69.194396807283226, -51.632767342594157 ], [ -69.196509661619075, -51.634574895211721 ], [ -69.208800371238382, -51.628931726761422 ], [ -69.206687210184114, -51.627106418046381 ] ] ] } },
{ "type": "Feature", "properties": { "codigo_indec": "780211313" }, "geometry": { "type": "Polygon", "coordinates": [ [ [ -69.269297292248694, -51.622382176592218 ], [ -69.249306364923555, -51.631719869466693 ], [ -69.253943517672198, -51.63321092002117 ], [ -69.253497533912594, -51.635467857661212 ], [ -69.253484695434111, -51.65130012481535 ], [ -69.256666229963415, -51.65115839617814 ], [ -69.255796951232213, -51.641754428058462 ], [ -69.262134458118283, -51.641659561417441 ], [ -69.262062707534525, -51.64111595149344 ], [ -69.263384037547709, -51.641041091966194 ], [ -69.263317465410424, -51.640146941593351 ], [ -69.266339451255391, -51.640032271413283 ], [ -69.266261831129938, -51.639111183747083 ], [ -69.267843152478065, -51.639044672128719 ], [ -69.269223806446661, -51.63863256373552 ], [ -69.269213231466964, -51.638066347712879 ], [ -69.270581565285582, -51.638018263135791 ], [ -69.27056685537589, -51.636759985087728 ], [ -69.271975424871812, -51.635597286384744 ], [ -69.273819521566736, -51.636015434293491 ], [ -69.273737962389674, -51.622466281538131 ], [ -69.271598277361377, -51.622026346041132 ], [ -69.270208253164711, -51.622595794926475 ], [ -69.269297292248694, -51.622382176592218 ] ] ] } },
{ "type": "Feature", "properties": { "codigo_indec": "780211304" }, "geometry": { "type": "Polygon", "coordinates": [ [ [ -69.201525340625778, -51.626472752229958 ], [ -69.197565298559567, -51.62323033760898 ], [ -69.194647147042531, -51.625455235365685 ], [ -69.194771514353249, -51.62667739017494 ], [ -69.195746571049639, -51.628423924388201 ], [ -69.19201783827468, -51.630317549150362 ], [ -69.191698304159388, -51.630744998453324 ], [ -69.192255064651718, -51.631773207407264 ], [ -69.189637612581535, -51.633566063287219 ], [ -69.190684906392988, -51.634467654898096 ], [ -69.200673925226113, -51.629880642034614 ], [ -69.201525340625778, -51.626472752229958 ] ] ] } },
{ "type": "Feature", "properties": { "codigo_indec": "780211221" }, "geometry": { "type": "Polygon", "coordinates": [ [ [ -69.242117820110366, -51.637186098385691 ], [ -69.230349523241898, -51.640067935360008 ], [ -69.235525981893957, -51.648020970606709 ], [ -69.24005952253485, -51.646762470086649 ], [ -69.238775662634907, -51.645070863662625 ], [ -69.241371993865172, -51.644301582396857 ], [ -69.241033900069269, -51.643884338170537 ], [ -69.242117820110366, -51.637186098385691 ] ] ] } },
{ "type": "Feature", "properties": { "codigo_indec": "780210702" }, "geometry": { "type": "Polygon", "coordinates": [ [ [ -72.233547900479522, -51.542943245280377 ], [ -72.235937313999017, -51.54212203578286 ], [ -72.235840139952643, -51.543698197525991 ], [ -72.23479774687172, -51.544401316823865 ], [ -72.234029377595022, -51.54596902285116 ], [ -72.243053508073359, -51.547495486954283 ], [ -72.243729999266165, -51.546312392780877 ], [ -72.244832417500078, -51.545643496820432 ], [ -72.243626459325938, -51.544705811284565 ], [ -72.241746962717087, -51.544231813516518 ], [ -72.238617091279693, -51.545033141002321 ], [ -72.238837922745958, -51.544285256052234 ], [ -72.23789604347229, -51.54300304154458 ], [ -72.247429828391546, -51.539799130377752 ], [ -72.243426550182107, -51.533589069733637 ], [ -72.230171439697529, -51.537061621141376 ], [ -72.233547900479522, -51.542943245280377 ] ] ] } },
{ "type": "Feature", "properties": { "codigo_indec": "780210406" }, "geometry": { "type": "Polygon", "coordinates": [ [ [ -69.28716577254238, -51.642320055156894 ], [ -69.286498990472396, -51.643678862162638 ], [ -69.287056845267671, -51.659383896395155 ], [ -69.321238476326499, -51.658962829244665 ], [ -69.320980390310027, -51.651579955003363 ], [ -69.297263895578354, -51.645701356329283 ], [ -69.28716577254238, -51.642320055156894 ] ] ] } },
{ "type": "Feature", "properties": { "codigo_indec": "780070602" }, "geometry": { "type": "Polygon", "coordinates": [ [ [ -68.524063284923557, -50.0202341929079 ], [ -68.516709725127654, -50.025094620516249 ], [ -68.530210820628255, -50.03337633307175 ], [ -68.53062683496978, -50.032222742548399 ], [ -68.536796833808339, -50.028138891856322 ], [ -68.524063284923557, -50.0202341929079 ] ] ] } },
{ "type": "Feature", "properties": { "codigo_indec": "780141108" }, "geometry": { "type": "Polygon", "coordinates": [ [ [ -67.525146137947829, -46.44613231149107 ], [ -67.526903653386327, -46.447801268289993 ], [ -67.528025046686196, -46.447239953665168 ], [ -67.530773214324185, -46.449825714805861 ], [ -67.536931576395048, -46.446711032582414 ], [ -67.534209044699239, -46.444134743163438 ], [ -67.529116781028506, -46.446691740780054 ], [ -67.527349595887245, -46.445018195117946 ], [ -67.525146137947829, -46.44613231149107 ] ] ] } },
{ "type": "Feature", "properties": { "codigo_indec": "780420302" }, "geometry": { "type": "Polygon", "coordinates": [ [ [ -67.723203933477578, -49.303685019349032 ], [ -67.725691805245077, -49.305857045088509 ], [ -67.725877847933276, -49.306641389331865 ], [ -67.72527687163128, -49.307282175509762 ], [ -67.72886993605411, -49.310873544087215 ], [ -67.736363930026897, -49.307965946049407 ], [ -67.731393657710115, -49.302435437107349 ], [ -67.732765076972512, -49.301906477841996 ], [ -67.731942742874836, -49.300998268711353 ], [ -67.72400746852766, -49.302920594430887 ], [ -67.724314589627298, -49.303274668728946 ], [ -67.723203933477578, -49.303685019349032 ] ] ] } },
{ "type": "Feature", "properties": { "codigo_indec": "780070505" }, "geometry": { "type": "Polygon", "coordinates": [ [ [ -68.90812562563822, -49.981714656421964 ], [ -68.917362835767605, -49.97951893383091 ], [ -68.914635822586661, -49.974383387613287 ], [ -68.911316130775646, -49.975401318933045 ], [ -68.91062447104953, -49.974380366766233 ], [ -68.90932383576822, -49.974747967913153 ], [ -68.908566250027405, -49.973601084818476 ], [ -68.906051896534805, -49.974439687603031 ], [ -68.904905346567318, -49.972645148881043 ], [ -68.903053948909744, -49.973079655850867 ], [ -68.901459061334165, -49.974175153081248 ], [ -68.901461582574342, -49.974647156372747 ], [ -68.905023541965065, -49.97633584505315 ], [ -68.90812562563822, -49.981714656421964 ] ] ] } },
{ "type": "Feature", "properties": { "codigo_indec": "780280401" }, "geometry": { "type": "Polygon", "coordinates": [ [ [ -71.564141340048735, -49.539249608331176 ], [ -71.563392640816204, -49.506721954628972 ], [ -71.515465261213578, -49.506066023712648 ], [ -71.510863971296857, -49.539978033260759 ], [ -71.152560197759712, -49.548856314458654 ], [ -71.175606697286213, -49.99908460464551 ], [ -71.731946704446472, -49.985644000408193 ], [ -71.73857237420583, -50.073602236622868 ], [ -72.021991350485607, -50.066636223251251 ], [ -72.026222659004475, -50.118552143873963 ], [ -72.023876248760502, -50.120654620975792 ], [ -72.020977825403762, -50.121935122446608 ], [ -72.016859687357808, -50.12617432330714 ], [ -72.015337298420363, -50.12949165431727 ], [ -72.014212292785061, -50.133792306465622 ], [ -72.010928430296644, -50.13724973975809 ], [ -72.007995361400233, -50.137887842295314 ], [ -72.005529744229236, -50.137614518300744 ], [ -72.00469392778416, -50.140239476935314 ], [ -72.00286375794218, -50.142516979043656 ], [ -72.001739814085781, -50.146633119626536 ], [ -72.001454643799278, -50.150848951127621 ], [ -71.99811130340558, -50.156016094180586 ], [ -71.988501349050196, -50.1585750213141 ], [ -71.987351954469503, -50.160232238184506 ], [ -71.986839674683793, -50.166270323534803 ], [ -71.986075614218962, -50.168610019751448 ], [ -71.986422842162682, -50.171595547238311 ], [ -71.988163453222796, -50.17548041324963 ], [ -71.992009478490388, -50.178766957974432 ], [ -71.998205908237708, -50.18116988257308 ], [ -72.004421546672035, -50.180411157159689 ], [ -72.006073580819191, -50.17828664067688 ], [ -72.007490857644925, -50.177386652999928 ], [ -72.0124790175024, -50.1756566378168 ], [ -72.013967674169805, -50.177227629769277 ], [ -72.01931062452212, -50.177574345776868 ], [ -72.02176315797324, -50.175221944983726 ], [ -72.021889813719199, -50.173402177087034 ], [ -72.026260822967004, -50.170451168423845 ], [ -72.030491089015811, -50.169819219636196 ], [ -72.036732367468318, -50.170654235573991 ], [ -72.040947647639271, -50.173039265959687 ], [ -72.042898215885089, -50.178338650938223 ], [ -72.046557986542453, -50.183035618192669 ], [ -72.049474390965813, -50.184078588556197 ], [ -72.053918659680932, -50.184591205226113 ], [ -72.059830631018301, -50.186481281661479 ], [ -72.064299777766863, -50.186884937217123 ], [ -72.066879141451423, -50.185773680655188 ], [ -72.06927045057958, -50.181241200948762 ], [ -72.066792749142806, -50.180164653354261 ], [ -72.062635222741193, -50.18079150717184 ], [ -72.059863089329653, -50.17833774045063 ], [ -72.058256579076129, -50.174837048564434 ], [ -72.060523675534739, -50.172682035321657 ], [ -72.063860109849671, -50.172526556023314 ], [ -72.06636106276143, -50.175940597358647 ], [ -72.07088810700462, -50.175515152307582 ], [ -72.074284475217496, -50.171657372116634 ], [ -72.077789226854591, -50.170256064898872 ], [ -72.082066807246946, -50.16716151782655 ], [ -72.083249293684773, -50.165794716191584 ], [ -72.082961693960414, -50.163230493753254 ], [ -72.082276785311308, -50.160582402290117 ], [ -72.079705866778667, -50.157390869230298 ], [ -72.082004304696355, -50.155369472931618 ], [ -72.084751722760402, -50.154563576257274 ], [ -72.092633489500685, -50.154699992255551 ], [ -72.096725963402164, -50.155867790664388 ], [ -72.100204580220449, -50.155658000550829 ], [ -72.103174793696965, -50.152894323938845 ], [ -72.106410984396632, -50.151755600331114 ], [ -72.109584546205227, -50.147659902313933 ], [ -72.108308771041578, -50.143741842936748 ], [ -72.10909882365975, -50.142277364150281 ], [ -72.112497132605469, -50.141224043766321 ], [ -72.115820359552544, -50.139394778224528 ], [ -72.127620812794447, -50.138991846440192 ], [ -72.124506416776399, -50.135163968108309 ], [ -72.123499107891575, -50.134359273527402 ], [ -72.121556234706645, -50.133957436076962 ], [ -72.117156058114304, -50.134008296315891 ], [ -72.113256562937678, -50.136005943810673 ], [ -72.097485156340525, -50.137628578752896 ], [ -72.093876975474501, -50.136461392754782 ], [ -72.088306620609799, -50.133174635595026 ], [ -72.087696085850069, -50.129180197748028 ], [ -72.08803761207254, -50.125686483974242 ], [ -72.088687547030318, -50.12339855561428 ], [ -72.090444811282097, -50.121148574118031 ], [ -72.092919116448329, -50.119176205070083 ], [ -72.099091786427721, -50.117302878315733 ], [ -72.106148666525911, -50.116889328455414 ], [ -72.112487710218318, -50.117915444486393 ], [ -72.113920018648983, -50.118704328714173 ], [ -72.11717247350208, -50.118554031924624 ], [ -72.123405480366657, -50.119555425242361 ], [ -72.125265919999364, -50.121222914738304 ], [ -72.129484564461009, -50.121837593512531 ], [ -72.136822839171046, -50.125398334137905 ], [ -72.139173334506097, -50.126688150774854 ], [ -72.140185988431185, -50.129228148649318 ], [ -72.142122902664653, -50.130713450203366 ], [ -72.144071269033702, -50.131038356752455 ], [ -72.144441247851645, -50.13166680843652 ], [ -72.153641103813754, -50.134933229627393 ], [ -72.158397183490379, -50.140388301341616 ], [ -72.162622722363395, -50.142399962740313 ], [ -72.16334443857545, -50.143158154032072 ], [ -72.164960644051888, -50.143581696671014 ], [ -72.166860552168302, -50.145809498621496 ], [ -72.169870319443561, -50.146671540806416 ], [ -72.170070602869657, -50.147371994361698 ], [ -72.173416606178606, -50.148184291361765 ], [ -72.178953434601752, -50.150744019351663 ], [ -72.180952175196268, -50.154340273759125 ], [ -72.182422217025277, -50.155504984406562 ], [ -72.183733730882096, -50.158495046866761 ], [ -72.18754159208018, -50.16018454677166 ], [ -72.194152337976405, -50.160605267708533 ], [ -72.210582370546078, -50.162840647191416 ], [ -72.21597692776804, -50.163226326427164 ], [ -72.218290714116591, -50.1628159545999 ], [ -72.221802143309944, -50.163613287485632 ], [ -72.224465381731974, -50.163611251564745 ], [ -72.227536277617318, -50.164672450104042 ], [ -72.230264686303983, -50.164857316537855 ], [ -72.235960514254913, -50.166380258714788 ], [ -72.250534468353791, -50.168180636307405 ], [ -72.267674905934413, -50.167667732708303 ], [ -72.284616644153459, -50.168803604892481 ], [ -72.295510469850626, -50.16815748291949 ], [ -72.312417212244142, -50.168723738669684 ], [ -72.326506168259257, -50.168527511386799 ], [ -72.328878023301954, -50.169313814236688 ], [ -72.338523522548272, -50.169544786042081 ], [ -72.383493282820652, -50.166533460669811 ], [ -72.391882987417745, -50.166382922362118 ], [ -72.394192806862236, -50.166724555395398 ], [ -72.402527295728987, -50.165796963553696 ], [ -72.40854567183267, -50.166213849660366 ], [ -72.415525545149734, -50.165927643168246 ], [ -72.421374206437378, -50.165094326567257 ], [ -72.446321066302431, -50.164535826408319 ], [ -72.459534585359364, -50.164547252293616 ], [ -72.480120568647038, -50.166116899402596 ], [ -72.492563706491737, -50.16482117148356 ], [ -72.506401856783555, -50.164421736167824 ], [ -72.530565775621511, -50.165361618028491 ], [ -72.534464093901718, -50.1661557310875 ], [ -72.56104171073207, -50.165878050404586 ], [ -72.588171636530134, -50.164192206853983 ], [ -72.597678145373791, -50.164846570515657 ], [ -72.598457369252202, -50.167529408192593 ], [ -72.598282815259992, -50.171725734629447 ], [ -72.596749727765854, -50.174849007801228 ], [ -72.588175419591082, -50.173720550642685 ], [ -72.586398761571417, -50.1714552034829 ], [ -72.586141355961487, -50.170262548399435 ], [ -72.584140006509912, -50.172986428006567 ], [ -72.580909812982142, -50.172906311305312 ], [ -72.581157443800109, -50.173595651337862 ], [ -72.583260221691972, -50.174421063329227 ], [ -72.586504153015809, -50.174496194078905 ], [ -72.589069689599114, -50.175981696219658 ], [ -72.592710426214794, -50.17569813345407 ], [ -72.594578176543862, -50.176746461192252 ], [ -72.618730143461093, -50.183388190471014 ], [ -72.623856877381314, -50.182238892342859 ], [ -72.627035174856161, -50.18033189552385 ], [ -72.628712944484619, -50.177986108169513 ], [ -72.629492053315332, -50.175933719274248 ], [ -72.630945917823254, -50.175254188166647 ], [ -72.638517975540864, -50.175201311128312 ], [ -72.646780370981432, -50.176902446935614 ], [ -72.651580030476055, -50.17721912956862 ], [ -72.652052381177782, -50.180104651973586 ], [ -72.656235702502613, -50.18252253307827 ], [ -72.662730865086701, -50.182749338103768 ], [ -72.665105496166191, -50.18517902667304 ], [ -72.668855547533028, -50.186818721371004 ], [ -72.672680314154888, -50.189382261034233 ], [ -72.67633258699594, -50.190516681376849 ], [ -72.676903887776319, -50.19252660981526 ], [ -72.682797091677998, -50.19560433239517 ], [ -72.686516220695978, -50.196142744035257 ], [ -72.69038588740203, -50.195363195567388 ], [ -72.696135789162625, -50.19634482021889 ], [ -72.708735313783592, -50.196581283871957 ], [ -72.710267070279542, -50.197678986512685 ], [ -72.710423516535712, -50.199243357803397 ], [ -72.714786662039401, -50.200578682868581 ], [ -72.720566728263407, -50.200042723020985 ], [ -72.723915502532421, -50.202246633901723 ], [ -72.728023073753889, -50.202901660148015 ], [ -72.729944209713963, -50.202651049142858 ], [ -72.730758772552861, -50.200655264152246 ], [ -72.733541621446662, -50.201213283751727 ], [ -72.738068945364745, -50.200964079479874 ], [ -72.739313491609352, -50.202857598634985 ], [ -72.740715394282816, -50.203806200468414 ], [ -72.744594544198165, -50.202390483024203 ], [ -72.748533658620133, -50.201831586247785 ], [ -72.750661943425342, -50.202392356455654 ], [ -72.753189465444933, -50.199248289664375 ], [ -72.75657890083076, -50.198607966445529 ], [ -72.761530483592963, -50.195029944071102 ], [ -72.766950110881211, -50.196068239001782 ], [ -72.775234876723687, -50.195151392408768 ], [ -72.774495019133383, -50.191946737388875 ], [ -72.776753901703557, -50.188487099536772 ], [ -72.782049656030935, -50.185396114828173 ], [ -72.784840825091067, -50.185089232778672 ], [ -72.786872041944534, -50.182482220877262 ], [ -72.791583595129623, -50.180650988205926 ], [ -72.796954036103173, -50.181743440176149 ], [ -72.799816625173051, -50.184190434539836 ], [ -72.801320265161479, -50.19024341641753 ], [ -72.802700561807654, -50.193067177695475 ], [ -72.808382518979542, -50.195542932103805 ], [ -72.816815342013697, -50.195306262277128 ], [ -72.822980253588156, -50.191982428799719 ], [ -72.827217031038003, -50.191838230695645 ], [ -72.827770281469085, -50.207496116303133 ], [ -72.828918892854787, -50.209850555333624 ], [ -72.829612546165919, -50.214526901438411 ], [ -72.829291178904924, -50.218517246243664 ], [ -72.830572652599869, -50.221649741589296 ], [ -72.834125326020555, -50.222773536828839 ], [ -72.837506229004973, -50.22276069741239 ], [ -72.839405912144116, -50.223547762916276 ], [ -72.842253236903218, -50.2216502566231 ], [ -72.842224495935767, -50.224124497007608 ], [ -72.841444945288458, -50.225238555484111 ], [ -72.839382274662427, -50.225738528039209 ], [ -72.838546639826347, -50.22711524088119 ], [ -72.838104667314582, -50.229378302491781 ], [ -72.840814344908523, -50.230732140280828 ], [ -72.844547566170036, -50.230604009966356 ], [ -72.849901375399725, -50.228969503637224 ], [ -72.850552775133892, -50.228354298438042 ], [ -72.849274166757937, -50.223710959436204 ], [ -72.849599752564686, -50.221141423821216 ], [ -72.852160937134656, -50.216919270309603 ], [ -72.859546165038907, -50.216682823607279 ], [ -72.861291870511366, -50.218814732583667 ], [ -72.861324595993565, -50.22069335106206 ], [ -72.857709255561986, -50.224743908141306 ], [ -72.861438231254567, -50.227300021653683 ], [ -72.865557347918312, -50.228089227397113 ], [ -72.870628336981156, -50.234305789570243 ], [ -72.873463483477195, -50.236153846868554 ], [ -72.878849224112983, -50.237979559999658 ], [ -72.879561800657783, -50.236912452640389 ], [ -72.878184586222602, -50.232992209273746 ], [ -72.879891328939593, -50.231262296791435 ], [ -72.880820704240861, -50.227300905317506 ], [ -72.879611149940004, -50.224018129246538 ], [ -72.876704794081689, -50.223013529088625 ], [ -72.875825838206737, -50.219913036874928 ], [ -72.879356257592661, -50.218895660717543 ], [ -72.881587980601523, -50.219320176700315 ], [ -72.882555452041714, -50.221608220069257 ], [ -72.885657651981006, -50.221099643305898 ], [ -72.886581497668473, -50.217034950540942 ], [ -72.887520577980624, -50.215096787441603 ], [ -72.887525486906966, -50.213176431321138 ], [ -72.8895920864895, -50.213511888435029 ], [ -72.891265754490789, -50.216680069636652 ], [ -72.893131247365133, -50.214674807247327 ], [ -72.892918288871698, -50.208062454162366 ], [ -72.89426898599649, -50.207311101416153 ], [ -72.897406202014025, -50.209220380876211 ], [ -72.901434166746327, -50.210492537363244 ], [ -72.905319908222125, -50.210064997681918 ], [ -72.913314319799412, -50.211805746372754 ], [ -72.915464009289281, -50.211229553315498 ], [ -72.916740526756513, -50.209576549229645 ], [ -72.919573251478354, -50.209683239673346 ], [ -72.9218839014884, -50.207185777032144 ], [ -72.924550794947748, -50.207194520039565 ], [ -72.926443318950987, -50.209248556213325 ], [ -72.931432391567796, -50.208778290780984 ], [ -72.93360639124225, -50.206586515900952 ], [ -72.939929807365218, -50.207176886556866 ], [ -72.941590647261748, -50.204503217955548 ], [ -72.942381339304248, -50.204575282969017 ], [ -72.943577713344567, -50.201921863972807 ], [ -72.945498595201443, -50.202360209892625 ], [ -72.946764946949969, -50.20059927778756 ], [ -72.95554260724964, -50.200502661941336 ], [ -72.959778822646555, -50.203685919897339 ], [ -72.961084818457309, -50.206762257845249 ], [ -72.964162368411053, -50.209778057948725 ], [ -72.96732373583454, -50.213798244328224 ], [ -72.973233407054678, -50.21714863696814 ], [ -72.978836797682078, -50.218242740493537 ], [ -72.979047676781718, -50.217030305215609 ], [ -72.980778584812739, -50.217069858191302 ], [ -72.9834468013741, -50.218894004195839 ], [ -72.988202436310715, -50.219315227544655 ], [ -72.992517163501489, -50.219198295469255 ], [ -72.994946264026495, -50.217486743631362 ], [ -72.999344948191307, -50.217537551542733 ], [ -73.000374537063621, -50.216692584069399 ], [ -72.99972671162557, -50.214605807104974 ], [ -73.000304940205297, -50.213978767848587 ], [ -73.001729542926938, -50.214127503696872 ], [ -73.003509864780455, -50.212959801669456 ], [ -73.003420339862515, -50.208128560762674 ], [ -73.005428391221542, -50.207757938946088 ], [ -73.007330083876283, -50.206077815580002 ], [ -73.007038760143203, -50.202562186059424 ], [ -73.008721219315021, -50.200192564992093 ], [ -73.009619947219591, -50.196833675492236 ], [ -73.012424383661937, -50.193813604068843 ], [ -73.017334931217263, -50.194354166415557 ], [ -73.024988025170444, -50.192604808666538 ], [ -73.032010833964122, -50.1890780154922 ], [ -73.03785023183562, -50.18457114935655 ], [ -73.046106353565804, -50.169074198134645 ], [ -73.051906431006287, -50.159805496901917 ], [ -73.058072790583964, -50.151126270352158 ], [ -73.059337341397224, -50.140203441791705 ], [ -73.057519903329506, -50.118707779366915 ], [ -73.058834589155026, -50.112014978028 ], [ -73.061447775136685, -50.105879283793286 ], [ -73.061145477857153, -50.098635968826393 ], [ -73.062742825237223, -50.087903742196438 ], [ -73.064502601291835, -50.082809720536304 ], [ -73.068760310218821, -50.079611250375713 ], [ -73.071243021656059, -50.073700227456271 ], [ -73.077369650831542, -50.072077225342042 ], [ -73.082082057665247, -50.072316081970193 ], [ -73.085097992953337, -50.074624801255844 ], [ -73.096306267807421, -50.070199689443449 ], [ -73.106705138525641, -50.067893356699798 ], [ -73.10274063954644, -50.072764840292848 ], [ -73.099270267717358, -50.079053307282052 ], [ -73.096256324243882, -50.086031585779232 ], [ -73.089502824111975, -50.089580004360933 ], [ -73.087327654841246, -50.097113058442254 ], [ -73.083638357086059, -50.105306529536648 ], [ -73.080249485934218, -50.10964870868532 ], [ -73.079762465450301, -50.111280333324466 ], [ -73.083785968355315, -50.110733913421612 ], [ -73.087763751774773, -50.105961619024008 ], [ -73.089075829287239, -50.100725596369827 ], [ -73.095014407160036, -50.095434124757986 ], [ -73.097017979142592, -50.100598049902281 ], [ -73.099239966016782, -50.104548972184503 ], [ -73.098138388678294, -50.113748692099293 ], [ -73.100650725111322, -50.113767779111548 ], [ -73.100020891965414, -50.12103951976961 ], [ -73.10498101624971, -50.127133065724337 ], [ -73.109801921613467, -50.123229592291423 ], [ -73.111058567551297, -50.118471975079153 ], [ -73.115684293479276, -50.114876473131787 ], [ -73.118329501155912, -50.110091940966619 ], [ -73.116346483727156, -50.104100144475673 ], [ -73.116361876529908, -50.098455602213669 ], [ -73.111559909034369, -50.098468637387974 ], [ -73.111649859914948, -50.095848073565286 ], [ -73.116161177223134, -50.093673201628462 ], [ -73.11851473601692, -50.087743216794955 ], [ -73.121106007459332, -50.085645347390873 ], [ -73.132916787592777, -50.084613151732398 ], [ -73.135082908778998, -50.08071323786978 ], [ -73.135204657471533, -50.074866984846331 ], [ -73.139723819850062, -50.067469577848904 ], [ -73.1441348677386, -50.05863222348993 ], [ -73.140871044245813, -50.048526653352717 ], [ -73.138471481957282, -50.036114519371218 ], [ -73.140658397591267, -50.025512797725021 ], [ -73.137950014978415, -50.019268430797695 ], [ -73.130894883895223, -50.01014343997813 ], [ -73.13217758227033, -50.006877654967859 ], [ -73.129459080146503, -50.000732402892069 ], [ -73.125140495836803, -49.993043063055744 ], [ -73.121141742482052, -49.98389857266671 ], [ -73.123324791858707, -49.976566795499018 ], [ -73.130664462920052, -49.974695234559007 ], [ -73.136290809636961, -49.971067505227936 ], [ -73.151232957309247, -49.970532873977341 ], [ -73.150856496309203, -49.973366168852635 ], [ -73.153829616764895, -49.978489921825144 ], [ -73.154317752130396, -49.988150581497969 ], [ -73.152832338326505, -49.992642671361601 ], [ -73.158040203816014, -49.998702566646379 ], [ -73.16060191021289, -50.00666522391726 ], [ -73.159692114567804, -50.011073757421492 ], [ -73.164229172270751, -50.016001677459798 ], [ -73.172243997212831, -50.011081072334562 ], [ -73.169989385051068, -50.006727922492878 ], [ -73.173672433736229, -50.00236781328946 ], [ -73.181173892604562, -50.002295157232041 ], [ -73.184774212245514, -50.004179935984901 ], [ -73.187161540107823, -49.99925904731105 ], [ -73.194096024509321, -49.992765871779739 ], [ -73.198006845668885, -49.991014145262824 ], [ -73.198451464037916, -49.985353876882037 ], [ -73.195540810811423, -49.984249571433025 ], [ -73.196491403851439, -49.980270970969229 ], [ -73.20074509566075, -49.979424170524915 ], [ -73.214606008062205, -49.970056291472858 ], [ -73.229516828860227, -49.971041766039761 ], [ -73.245839167478323, -49.962875362953696 ], [ -73.254466361963111, -49.954499371038381 ], [ -73.359282607484786, -49.946723564560301 ], [ -73.443225052896707, -49.922015700131787 ], [ -73.53226557513851, -49.880741997779118 ], [ -73.523735922584493, -49.878552575290342 ], [ -73.514170923400769, -49.872125618798158 ], [ -73.505417749834194, -49.870199955994174 ], [ -73.504364458962257, -49.864609860136817 ], [ -73.504894972519466, -49.854883187823276 ], [ -73.494418651615177, -49.851593549407738 ], [ -73.509862266227913, -49.838174105858215 ], [ -73.517752601033763, -49.82212872604962 ], [ -73.520357845402401, -49.812802117421043 ], [ -73.518253039155056, -49.8014151716811 ], [ -73.51430231325368, -49.792574008095031 ], [ -73.511224523449528, -49.781899581680044 ], [ -73.508419422667032, -49.774142465495977 ], [ -73.501151687813504, -49.763181305328096 ], [ -73.497297402138415, -49.759053953992719 ], [ -73.48251562904457, -49.753110776775408 ], [ -73.463644454750622, -49.744170812266098 ], [ -73.437136820199413, -49.742712910533648 ], [ -73.435076269891255, -49.734552262677369 ], [ -73.441141914066776, -49.72556696628277 ], [ -73.449173403656843, -49.715043932773995 ], [ -73.457509777970088, -49.707958264702548 ], [ -73.462260023846753, -49.701680615390131 ], [ -73.465144911894683, -49.695186976056299 ], [ -73.466542793572529, -49.682660835043798 ], [ -73.459336732025676, -49.668321565173763 ], [ -73.43440868497936, -49.653313976922618 ], [ -73.46830015740116, -49.637620264244859 ], [ -73.480752143922174, -49.629937186502765 ], [ -73.495608818360125, -49.618340577684911 ], [ -73.508927042884139, -49.60140469782322 ], [ -73.515773652559659, -49.596868862217399 ], [ -73.529167878645325, -49.592071559370879 ], [ -73.537798277347505, -49.580708712266016 ], [ -73.547416378376383, -49.576282398849841 ], [ -73.548043549071522, -49.56816162689595 ], [ -73.546833160935535, -49.562587008677177 ], [ -73.549594360848587, -49.547941288663864 ], [ -73.548250629536724, -49.539367384727591 ], [ -73.544033904969581, -49.527830047988644 ], [ -73.537698987597949, -49.52412109248877 ], [ -73.524211579752034, -49.523669828771027 ], [ -73.51983069333204, -49.527592569565563 ], [ -73.513771496946745, -49.526552212895353 ], [ -73.503248632583706, -49.521115953416583 ], [ -73.498141291279083, -49.518166579408053 ], [ -73.493274537551812, -49.513993220972282 ], [ -73.489195823068542, -49.50345165283084 ], [ -73.485847760882734, -49.497060003200723 ], [ -73.485298498489598, -49.494832452708351 ], [ -73.487742814376716, -49.491364125637702 ], [ -73.513262503178709, -49.476484531547065 ], [ -73.499498495256518, -49.44643677078713 ], [ -73.49271168737873, -49.440120862762633 ], [ -73.491884688555785, -49.426826051283413 ], [ -73.482697386548438, -49.421965828045231 ], [ -73.470894773047064, -49.41262748813898 ], [ -73.442809636628695, -49.410788606036853 ], [ -73.443794948038118, -49.40647778835082 ], [ -73.440363173540391, -49.402786787999254 ], [ -73.438520572377385, -49.397685244432779 ], [ -73.430582794234908, -49.389898820996244 ], [ -73.433092499075968, -49.385102263969181 ], [ -73.427820180162371, -49.378310685119985 ], [ -73.432867389142828, -49.373164842239177 ], [ -73.434441844125331, -49.367707014240423 ], [ -73.434038359490827, -49.36322924654246 ], [ -73.425375898557959, -49.35883468950604 ], [ -73.423241241658573, -49.354198395296869 ], [ -73.422354608801982, -49.348160401246865 ], [ -73.418361134298891, -49.342016547900911 ], [ -73.419613588887515, -49.336796138323294 ], [ -73.417195026972877, -49.329013183650972 ], [ -73.424498321239355, -49.322211508069792 ], [ -73.430045305064993, -49.309859080228321 ], [ -73.436851036032138, -49.306979760494698 ], [ -73.449301728741588, -49.311137356638824 ], [ -73.461621041111272, -49.310436568881414 ], [ -73.469624156336991, -49.307657393107668 ], [ -73.471250013537514, -49.302867157461584 ], [ -73.474857534082588, -49.297104950629731 ], [ -73.468968859338972, -49.292835464016967 ], [ -73.469227814622656, -49.288102708385168 ], [ -73.473234682088886, -49.282999735553297 ], [ -73.477847566607139, -49.280796677880879 ], [ -73.486586993264652, -49.274834670090655 ], [ -73.494150737920705, -49.267343552479069 ], [ -73.498867128339739, -49.266264554054253 ], [ -73.504422782150584, -49.263124037081646 ], [ -73.512031639095341, -49.259898415378167 ], [ -73.510759301368253, -49.257253970780347 ], [ -73.514779557321233, -49.252369342312633 ], [ -73.514753697322661, -49.248326757807149 ], [ -73.518349068777084, -49.242563548186666 ], [ -73.511840087554503, -49.238990764910696 ], [ -73.510363906215545, -49.23410535348949 ], [ -73.514040299684154, -49.229234177807861 ], [ -73.489168191222305, -49.215465891632917 ], [ -73.4824219633594, -49.194089174839426 ], [ -73.16236857423759, -49.265403354897941 ], [ -73.077138755704723, -49.271384405753921 ], [ -73.081585771024535, -49.343910901071958 ], [ -73.05003791097711, -49.344311844263601 ], [ -73.063503133748227, -49.51592761676315 ], [ -72.9942963505395, -49.518759729290252 ], [ -72.989579869356859, -49.518270608610365 ], [ -72.994975075774107, -49.516114319391548 ], [ -72.997031426710421, -49.514311713013413 ], [ -72.997092170886077, -49.512263327869654 ], [ -72.998265012834793, -49.508143660763167 ], [ -73.002542599553053, -49.506484410204784 ], [ -73.005761342668166, -49.506152459398329 ], [ -73.003985787385801, -49.498582042864541 ], [ -73.001914182085429, -49.497439558188667 ], [ -73.002022429391914, -49.495848247677337 ], [ -73.001059390690543, -49.495427381678368 ], [ -72.999961290527708, -49.493351668336174 ], [ -72.99858952987185, -49.492193881494316 ], [ -72.997765507886555, -49.490302044537998 ], [ -72.99545190058538, -49.489275759899051 ], [ -72.994856139936843, -49.487641349196977 ], [ -72.993240419951164, -49.487764684051747 ], [ -72.993031324764971, -49.486638585470637 ], [ -72.992290543442095, -49.486061551856714 ], [ -72.992989072870628, -49.484679208916802 ], [ -72.990704058365083, -49.485059508170671 ], [ -72.990793370602162, -49.483315954584874 ], [ -72.988068159614869, -49.482654539394076 ], [ -72.986431631889559, -49.48392082017974 ], [ -72.983998955474206, -49.48392830759861 ], [ -72.981327822382426, -49.482954552700868 ], [ -72.980970202220718, -49.483735922579783 ], [ -72.968802637006149, -49.483848867799892 ], [ -72.964676731661996, -49.48814159033315 ], [ -72.962440283857788, -49.489810384935332 ], [ -72.9524722421977, -49.494230974651288 ], [ -72.948587706217012, -49.496405606681378 ], [ -72.948075796598445, -49.497250606823165 ], [ -72.944318254192581, -49.498134525637873 ], [ -72.943142672346212, -49.497855356180835 ], [ -72.946240959936276, -49.493157813083315 ], [ -72.948136771199202, -49.492265523993943 ], [ -72.952487507077436, -49.491509588400767 ], [ -72.954827057792443, -49.49030068261078 ], [ -72.956280624246077, -49.488209127712764 ], [ -72.960448598089371, -49.485966041634299 ], [ -72.95993339697722, -49.483177388383552 ], [ -72.955913286659964, -49.479380013460869 ], [ -72.951067355908052, -49.478259668146102 ], [ -72.951232181977758, -49.477350071782126 ], [ -72.947660744225914, -49.477697067622579 ], [ -72.939488363085601, -49.484177879807874 ], [ -72.937408617408735, -49.484325252472765 ], [ -72.937092636583131, -49.483270167182361 ], [ -72.934486229763664, -49.482531484897372 ], [ -72.930088534660683, -49.484115843698859 ], [ -72.928696701214079, -49.48552587088156 ], [ -72.926976730402089, -49.485813723603883 ], [ -72.923757729811328, -49.484708859858557 ], [ -72.922043407441237, -49.483557319581706 ], [ -72.919550644324787, -49.484280552834939 ], [ -72.9184247587621, -49.486171630137882 ], [ -72.913317349120732, -49.488993676837453 ], [ -72.912067030606138, -49.487902721203767 ], [ -72.910796427066813, -49.487941252152737 ], [ -72.910712338956245, -49.486887242557493 ], [ -72.908665235969437, -49.484546003689658 ], [ -72.906722507642797, -49.477578013688529 ], [ -72.904765740235732, -49.476753727763224 ], [ -72.903459818427308, -49.473006680170869 ], [ -72.901378101370526, -49.4701313130209 ], [ -72.898813429067019, -49.469988559974567 ], [ -72.896249859221797, -49.4683391313242 ], [ -72.892577693160149, -49.463021277550759 ], [ -72.891916920620034, -49.460475613161123 ], [ -72.890200861905939, -49.457889044474292 ], [ -72.88898160038255, -49.454952925293618 ], [ -72.887078424639142, -49.453613856136876 ], [ -72.885510859122206, -49.451328035520213 ], [ -72.884119172564027, -49.447034999621366 ], [ -72.884163493033199, -49.44162330692793 ], [ -72.885874377068788, -49.436879599315695 ], [ -72.885554892885708, -49.435761537145389 ], [ -72.88368567570663, -49.434884492409353 ], [ -72.875856584435567, -49.434724802985087 ], [ -72.868666995948772, -49.430207808706896 ], [ -72.865754968249988, -49.430004020186381 ], [ -72.863701423505617, -49.429011401069914 ], [ -72.862195109409114, -49.427699127949616 ], [ -72.86372559251015, -49.426294254115959 ], [ -72.863547457948954, -49.424029103575023 ], [ -72.859945444037024, -49.422409137557906 ], [ -72.859012264629939, -49.420929254362804 ], [ -72.863382594637017, -49.416101467869993 ], [ -72.865888656855631, -49.411111079516978 ], [ -72.868280832658698, -49.408971211785577 ], [ -72.870345109488909, -49.409059435065622 ], [ -72.874554731437684, -49.407946832298265 ], [ -72.877936178418281, -49.407608440816297 ], [ -72.87745199153477, -49.405052265005082 ], [ -72.875678739360708, -49.401572455037481 ], [ -72.875762319665427, -49.399572861256928 ], [ -72.87387221899138, -49.397841888085622 ], [ -72.871525173060348, -49.397394439025746 ], [ -72.867914995888924, -49.3951229034313 ], [ -72.860945939128015, -49.396840277906065 ], [ -72.860576765832306, -49.398062386242998 ], [ -72.85934651083376, -49.398629697915588 ], [ -72.858881835331587, -49.400084352678469 ], [ -72.857356968561959, -49.40177231112326 ], [ -72.857389991132848, -49.403291279764808 ], [ -72.854964006871484, -49.402014138168866 ], [ -72.851505119010312, -49.401976671933824 ], [ -72.846785306519166, -49.402822106426754 ], [ -72.847304598512281, -49.408930050298927 ], [ -72.84852705624732, -49.412747943786705 ], [ -72.848182031548205, -49.417584983652269 ], [ -72.848518396602188, -49.418491209759459 ], [ -72.847597833191202, -49.420028464445984 ], [ -72.847342753459728, -49.422757793092885 ], [ -72.845708546030238, -49.425528563435748 ], [ -72.839488910700652, -49.427768289463941 ], [ -72.837176191859768, -49.429275284059209 ], [ -72.839417162034138, -49.432672653353187 ], [ -72.841361206944029, -49.436898353716096 ], [ -72.85391835524436, -49.440140700206506 ], [ -72.859061707822022, -49.440648014884594 ], [ -72.863429868613224, -49.440461479661522 ], [ -72.854715739473363, -49.442655023680089 ], [ -72.844488141725705, -49.448783898207608 ], [ -72.839986190750523, -49.45044474745913 ], [ -72.838344199695129, -49.453220150052111 ], [ -72.831776574452022, -49.458119841256 ], [ -72.830574931689526, -49.460579201160549 ], [ -72.830747759721746, -49.465709278449758 ], [ -72.82766113343736, -49.463778878049908 ], [ -72.823988928557327, -49.4648224475891 ], [ -72.822737400531224, -49.464301728147177 ], [ -72.824481404491024, -49.462332680416964 ], [ -72.821026408159071, -49.462222177609597 ], [ -72.816637270304582, -49.463496100445298 ], [ -72.811113952166153, -49.466160938615495 ], [ -72.80237784639786, -49.472565040035121 ], [ -72.791647319764166, -49.478242439267326 ], [ -72.770412088976215, -49.486749095099533 ], [ -72.752212483661694, -49.488286090348119 ], [ -72.739714024513574, -49.487922376356295 ], [ -72.73499741156806, -49.48912280060636 ], [ -72.728435899293643, -49.492482739302808 ], [ -72.717694644724119, -49.491677649943739 ], [ -72.700223199830234, -49.488865765274454 ], [ -72.6887423499996, -49.487663447483058 ], [ -72.673275089809692, -49.492810756840576 ], [ -72.659378200657031, -49.495729656937343 ], [ -72.654001028675083, -49.498755477123225 ], [ -72.647738465533848, -49.498939884170689 ], [ -72.641842303791378, -49.501500328707678 ], [ -72.630525069381022, -49.509748788663288 ], [ -72.618848326996584, -49.510938053352405 ], [ -72.607037915098488, -49.510835165958753 ], [ -72.602440213543545, -49.512691961353326 ], [ -72.596325175283994, -49.5129364142594 ], [ -72.590966199412563, -49.514780462093981 ], [ -72.586603147225532, -49.51509135480692 ], [ -72.583450293793874, -49.516839568431188 ], [ -72.571048467194856, -49.526073547509888 ], [ -72.565844047134021, -49.529170779215761 ], [ -72.563591894919597, -49.529694445166463 ], [ -72.561763516472098, -49.530915526028657 ], [ -72.557157038962501, -49.531844379086429 ], [ -72.537656996395782, -49.539507655615118 ], [ -72.526670520362387, -49.540477502245992 ], [ -72.522671651693557, -49.541948536883993 ], [ -72.517091437800588, -49.542478241778575 ], [ -72.507232792959158, -49.547724439219394 ], [ -72.484963834138185, -49.549171511887643 ], [ -72.481807824477841, -49.551587023811919 ], [ -72.477824111998785, -49.552475928439051 ], [ -72.473485080929194, -49.555079690979213 ], [ -72.469728391480842, -49.555813092601753 ], [ -72.466841623090048, -49.558678782395283 ], [ -72.462132579187099, -49.559440493309445 ], [ -72.458945975854959, -49.56154599483979 ], [ -72.453499885708524, -49.561861729149214 ], [ -72.449522072887618, -49.563833211271088 ], [ -72.446305296998872, -49.564050576655148 ], [ -72.419712143878741, -49.57779123875315 ], [ -72.411175770973244, -49.581766807392313 ], [ -72.406965095795442, -49.582974705777204 ], [ -72.403643735828481, -49.585037645592159 ], [ -72.398424989616885, -49.585780252659397 ], [ -72.393780587953358, -49.587126323219813 ], [ -72.376853245491816, -49.588049173580139 ], [ -72.372331498152576, -49.589530192022089 ], [ -72.363645151901139, -49.590205928972821 ], [ -72.339833048155157, -49.593297506214647 ], [ -72.315365628399562, -49.595440634699408 ], [ -72.315729434354367, -49.594328500171734 ], [ -72.2916846593005, -49.594552360226182 ], [ -72.281228233782883, -49.598410965360877 ], [ -72.279345034067504, -49.601378261375729 ], [ -72.268451520892498, -49.605927084238047 ], [ -72.263193411147071, -49.606246460666483 ], [ -72.256530899927881, -49.609631431487969 ], [ -72.246285049428977, -49.611021201050548 ], [ -72.233093563242619, -49.615590656308704 ], [ -72.224593066944479, -49.615823496819033 ], [ -72.216371505244723, -49.619083199445079 ], [ -72.205563927040956, -49.61955414381773 ], [ -72.17461445457954, -49.618681144765652 ], [ -72.165043894932751, -49.620301440115568 ], [ -72.154998714729189, -49.626367547035059 ], [ -72.151846034334781, -49.627069541075507 ], [ -72.148033015277747, -49.629286793553973 ], [ -72.145160684251906, -49.629670706099716 ], [ -72.14380034778182, -49.631335460059567 ], [ -72.138843195861156, -49.63229746827021 ], [ -72.132672626740415, -49.632586167863892 ], [ -72.125035722307601, -49.528880430616397 ], [ -72.118401918625636, -49.526626897393179 ], [ -72.118076839145246, -49.52200862047733 ], [ -71.84315879970076, -49.528921541480706 ], [ -71.839523802253225, -49.474594500947759 ], [ -71.699149636980536, -49.477319274019145 ], [ -71.702423032826999, -49.534297532516078 ], [ -71.564141340048735, -49.539249608331176 ] ], [ [ -71.444882333894455, -49.59749101272832 ], [ -71.44785238234644, -49.599060324122803 ], [ -71.454574310850546, -49.600536526861681 ], [ -71.454771487019215, -49.601845232355011 ], [ -71.450148837692012, -49.603265108618587 ], [ -71.444939574971798, -49.60326740878633 ], [ -71.439951083300926, -49.600139967685493 ], [ -71.442538052716273, -49.600134835112101 ], [ -71.444882333894455, -49.59749101272832 ] ] ] } },
{ "type": "Feature", "properties": { "codigo_indec": "780280201" }, "geometry": { "type": "Polygon", "coordinates": [ [ [ -70.994145774568835, -49.199091480688637 ], [ -70.582284571597512, -49.203739004085683 ], [ -70.607390061301032, -49.830468743916214 ], [ -70.743530529325355, -49.82815869090237 ], [ -70.744955380481272, -49.854230288945509 ], [ -70.883555151062055, -49.852420210778071 ], [ -70.878693420271816, -49.734385749734628 ], [ -71.019949394377193, -49.730852521075526 ], [ -71.01522472180919, -49.638489648150838 ], [ -71.157125545024329, -49.635491116613188 ], [ -71.152560197759712, -49.548856314458654 ], [ -71.157280156260583, -49.548705435748523 ], [ -71.146855918479972, -49.368069246817335 ], [ -71.001173870719313, -49.36951047017596 ], [ -70.994145774568835, -49.199091480688637 ] ] ] } },
{ "type": "Feature", "properties": { "codigo_indec": "780210101" }, "geometry": { "type": "Polygon", "coordinates": [ [ [ -72.304726274273321, -50.681809393471042 ], [ -72.082095090754635, -50.69065272724054 ], [ -71.697074744285402, -50.704888692989265 ], [ -71.499893361734962, -50.711682544484951 ], [ -70.725784828483967, -50.734603254652562 ], [ -70.3636890203626, -50.743909374938177 ], [ -70.369936421705603, -50.913345649339369 ], [ -70.574337736526289, -50.909653275946155 ], [ -70.578002148163563, -50.996929510494631 ], [ -70.509456640090619, -50.997174664567083 ], [ -70.511750020350817, -51.089156920810417 ], [ -70.587282041709216, -51.087634261623087 ], [ -70.58793690460061, -51.10477280147223 ], [ -70.612000888950263, -51.083443966109677 ], [ -70.635598058293922, -51.066692222212829 ], [ -70.652665374081863, -51.057484995592816 ], [ -70.680063531227503, -51.051471291364173 ], [ -70.718402117123631, -51.046868422329098 ], [ -70.738953008079164, -51.043930399587801 ], [ -70.763636849568044, -51.036305712055949 ], [ -70.790630546789274, -51.025386076700585 ], [ -70.803608046914889, -51.02443129893345 ], [ -70.843996616951017, -51.031756756010701 ], [ -70.871142818313501, -51.041344308221717 ], [ -70.896165850914329, -51.051400575651805 ], [ -70.911019610286516, -51.056485072767565 ], [ -70.930662482100402, -51.058387156752076 ], [ -70.951416429023851, -51.058514364391627 ], [ -70.973781717843138, -51.0544303582925 ], [ -70.98937386387189, -51.047063855555336 ], [ -70.997488181591081, -51.042160721868427 ], [ -71.011961590218348, -51.041732565877098 ], [ -71.025361364629902, -51.038354527739671 ], [ -71.032672236176793, -51.035737314989134 ], [ -71.055848553380173, -51.036851071027947 ], [ -71.093568234633381, -51.033173989950598 ], [ -71.108343568398823, -51.028795272486207 ], [ -71.119459842721199, -51.022543738629835 ], [ -71.14010047892674, -51.017906042714145 ], [ -71.154787311600131, -51.015811006632312 ], [ -71.166585903474882, -51.016141143482272 ], [ -71.18218169135028, -51.009233986418053 ], [ -71.200346605410445, -50.998828560534427 ], [ -71.22773589425789, -50.991517099896072 ], [ -71.245181090291908, -50.988755591372829 ], [ -71.260447341037221, -50.990438942517471 ], [ -71.284303910008319, -50.997616519463783 ], [ -71.297120828014016, -50.995270332491906 ], [ -71.309410993023349, -50.986788188091907 ], [ -71.31983047833053, -50.982720243825938 ], [ -71.334135971790531, -50.982695864335788 ], [ -71.344341133901438, -50.987436172424225 ], [ -71.353753017723477, -50.990393494926529 ], [ -71.365835200502588, -50.98974024858159 ], [ -71.378796759809845, -50.989993860363597 ], [ -71.387599878253269, -50.994358897968638 ], [ -71.393694810829913, -51.00067582909049 ], [ -71.399592809458468, -51.002316922779919 ], [ -71.409805102487923, -51.000038794799423 ], [ -71.420598718482935, -50.998341093332051 ], [ -71.4298482487428, -51.001871084603792 ], [ -71.439641812062305, -51.012006054584809 ], [ -71.447915984464245, -51.015474092980035 ], [ -71.461305062347392, -51.017395367970565 ], [ -71.469952317155659, -51.021932869342649 ], [ -71.50009648824711, -51.041700193946312 ], [ -71.53428134780539, -51.052687303805705 ], [ -71.565110958830331, -51.061787248123075 ], [ -71.608652608219245, -51.073661803398487 ], [ -71.651863951631682, -51.082484380900624 ], [ -71.673308442202398, -51.082445189623037 ], [ -71.694695772917854, -51.078352989791988 ], [ -71.714289820432199, -51.078856907529158 ], [ -71.734197359187732, -51.077286782791269 ], [ -71.746370427462196, -51.075454787742437 ], [ -71.759662037704175, -51.071091106875976 ], [ -71.778105095941285, -51.063793788576277 ], [ -71.791955727872022, -51.060109878673117 ], [ -71.807182803556827, -51.058755882451315 ], [ -71.81364280881678, -51.060470585422415 ], [ -71.835484262066558, -51.080617434163209 ], [ -71.843782981400039, -51.090827397716666 ], [ -71.856795636566176, -51.108523593645998 ], [ -71.86050331961728, -51.111782064135582 ], [ -71.892575862147098, -51.125018642277617 ], [ -71.925888563290712, -51.13163845032139 ], [ -71.953943563652061, -51.136174503872319 ], [ -71.999405924230004, -51.138783787589162 ], [ -72.020614100108062, -51.143353569913067 ], [ -72.068215935983545, -51.145772927103316 ], [ -72.159096892361717, -51.155525921061077 ], [ -72.186188802122075, -51.160981120680944 ], [ -72.194362761415249, -51.16162566831202 ], [ -72.202041750707295, -51.164513136866333 ], [ -72.208164910218628, -51.171394659019903 ], [ -72.209792286953146, -51.17808921517544 ], [ -72.213127742129416, -51.181463845851276 ], [ -72.215790169778245, -51.186722670499933 ], [ -72.217430419839346, -51.19511619010148 ], [ -72.217596550928306, -51.205092332834219 ], [ -72.219963330694213, -51.208907054406879 ], [ -72.300387197087545, -51.207001325034781 ], [ -72.302795141915624, -51.203246679306126 ], [ -72.308269392984087, -51.208977010847839 ], [ -72.316093436933258, -51.210333385114545 ], [ -72.328897419786884, -51.20639970215236 ], [ -72.338557077017484, -51.199739986250613 ], [ -72.350523022900816, -51.18999656361985 ], [ -72.358700314896637, -51.179421141340981 ], [ -72.36155803090935, -51.169106146542781 ], [ -72.372879646696944, -51.163488136006549 ], [ -72.384594183193471, -51.15556015697409 ], [ -72.394215722214156, -51.146001274792745 ], [ -72.401472699565872, -51.135584237373173 ], [ -72.405429300059112, -51.125119091667656 ], [ -72.407844994072661, -51.113588225159319 ], [ -72.408616799054101, -51.102100774527123 ], [ -72.402704499298878, -51.091905284721115 ], [ -72.392388953159468, -51.082269130754838 ], [ -72.38640214932505, -51.072236875825602 ], [ -72.388655428988486, -51.046683366965851 ], [ -72.38906080752335, -51.029433679753865 ], [ -72.385194928862461, -51.023840344691259 ], [ -72.372054366205759, -51.023078701780484 ], [ -72.360077509073264, -51.02519103018178 ], [ -72.349310514189398, -51.030153861585298 ], [ -72.335913825958585, -51.031845811345647 ], [ -72.320170630334815, -51.029156424741323 ], [ -72.308380932601096, -51.029846335293584 ], [ -72.299074730942209, -51.032479091542925 ], [ -72.289943835321907, -51.03126209561578 ], [ -72.282821689992915, -51.029457393217676 ], [ -72.268374986593358, -51.028720785719251 ], [ -72.265714027778344, -51.025657079491957 ], [ -72.265048957207213, -51.011738212790355 ], [ -72.266138371475847, -50.994389267498008 ], [ -72.266518047861979, -50.977284937690271 ], [ -72.265179617083803, -50.95664535906301 ], [ -72.263744489320558, -50.945670331388094 ], [ -72.258537904388902, -50.929185185918648 ], [ -72.252201446114867, -50.920810632436783 ], [ -72.248540739403722, -50.912325286593408 ], [ -72.248569974187461, -50.901160899979978 ], [ -72.252159433044568, -50.878558313490267 ], [ -72.253475505483891, -50.876538855732257 ], [ -72.264521823765548, -50.872368031050506 ], [ -72.268114146414646, -50.868364839085991 ], [ -72.268397466196276, -50.859724496376508 ], [ -72.268004865313898, -50.8515751774097 ], [ -72.264218376945138, -50.84114252034005 ], [ -72.263306900443553, -50.830426969613917 ], [ -72.265977568437577, -50.819876351684776 ], [ -72.273531463445593, -50.809966413644062 ], [ -72.287481150504476, -50.800554607790438 ], [ -72.299773567244927, -50.795886439490275 ], [ -72.310499802197739, -50.784049673940899 ], [ -72.324970182388384, -50.771543045319717 ], [ -72.330559298126545, -50.76214382249249 ], [ -72.334434055742463, -50.76050879025879 ], [ -72.352724134621496, -50.762258925167842 ], [ -72.352074447051621, -50.745790143172833 ], [ -72.34834926117783, -50.733366427047535 ], [ -72.342568340053433, -50.723573426793713 ], [ -72.334892182271872, -50.712984658553211 ], [ -72.32837830637979, -50.702861265923701 ], [ -72.318324615015584, -50.692838450249958 ], [ -72.304726274273321, -50.681809393471042 ] ] ] } },
{ "type": "Feature", "properties": { "codigo_indec": "780140701" }, "geometry": { "type": "Polygon", "coordinates": [ [ [ -69.71091196922201, -47.314912815801065 ], [ -69.63028162651861, -47.314620057722983 ], [ -69.625774045264166, -47.320995020735523 ], [ -69.589335140576736, -47.321300620248792 ], [ -69.585742179026127, -47.318161900526277 ], [ -69.407929592554297, -47.319135101376716 ], [ -69.17632670959496, -47.319693939609358 ], [ -69.177209768049735, -47.369163012599891 ], [ -69.047704219522856, -47.367342735794161 ], [ -69.04634293944936, -47.301983766563737 ], [ -68.967081087610381, -47.254869540222138 ], [ -68.917936449636784, -47.254296203516802 ], [ -68.916932010115104, -47.227090751357892 ], [ -68.784995274999531, -47.2262130493923 ], [ -68.784622138427892, -47.183851122702158 ], [ -68.717969618286503, -47.184237131389075 ], [ -68.714578468670467, -47.272859116748371 ], [ -68.748969880157844, -47.273348874157854 ], [ -68.749676163211589, -47.314834008729314 ], [ -68.767085229843374, -47.315540813132827 ], [ -68.781552884782656, -47.330441971785937 ], [ -68.780808226703655, -47.699577991642499 ], [ -68.781252859155927, -47.774786737616701 ], [ -68.750666640667916, -47.772475883694128 ], [ -68.753128394592977, -47.816110711921155 ], [ -68.914568422981532, -47.818021727965018 ], [ -68.914583184898106, -47.861925175126132 ], [ -69.05156945912141, -47.860533338692996 ], [ -69.05368702626167, -48.073101571486973 ], [ -68.91924218132803, -48.075774783028876 ], [ -68.91989825665965, -48.221395657435941 ], [ -68.939725174411976, -48.221407760997735 ], [ -68.942160866475717, -48.415416905867033 ], [ -69.356778952844834, -48.438165544709747 ], [ -69.735720168082153, -48.321934336030473 ], [ -69.71091196922201, -47.314912815801065 ] ] ] } },
{ "type": "Feature", "properties": { "codigo_indec": "780350501" }, "geometry": { "type": "Polygon", "coordinates": [ [ [ -69.710913054895272, -47.314993761568886 ], [ -69.735720168082153, -48.321934336030473 ], [ -69.784188538107756, -48.307085590099327 ], [ -69.967854928358122, -48.126785560945571 ], [ -70.127100509226537, -47.969059576568583 ], [ -70.24684509527836, -47.849686503431649 ], [ -70.504337652459228, -47.590658402374075 ], [ -70.67727558203309, -47.41468863412522 ], [ -70.76967173466906, -47.319801364544524 ], [ -70.774792362647716, -47.320338318140685 ], [ -70.774039381803107, -47.299625458719397 ], [ -70.522302469474383, -47.306219535173973 ], [ -70.518425420088406, -47.218124515769141 ], [ -70.506743796, -47.217280311346585 ], [ -70.499253648790329, -47.223324315142079 ], [ -70.436121739287955, -47.223130211449451 ], [ -70.413112645550029, -47.246529009566721 ], [ -70.392147809729423, -47.230338339174573 ], [ -70.385561620751531, -47.188402384797214 ], [ -70.393388639425538, -47.184965773867233 ], [ -70.381833899452644, -47.176704347778461 ], [ -70.374381460448646, -47.180068217506324 ], [ -70.342525150542286, -47.170695358653447 ], [ -70.252401524833076, -47.17521077624216 ], [ -70.242554918343245, -47.180481164247183 ], [ -70.243757617327546, -47.213889082361106 ], [ -70.243510296757037, -47.243957438123999 ], [ -70.242774597656506, -47.273626169598273 ], [ -70.240309536360172, -47.309092669359977 ], [ -69.840834737821254, -47.313974771221687 ], [ -69.840902902673122, -47.314936708816553 ], [ -69.710913054895272, -47.314993761568886 ] ] ] } },
{ "type": "Feature", "properties": { "codigo_indec": "780141106" }, "geometry": { "type": "Polygon", "coordinates": [ [ [ -67.525146137947829, -46.44613231149107 ], [ -67.520875550011795, -46.441992879108142 ], [ -67.519300821345141, -46.449079486409268 ], [ -67.522758015294016, -46.447333961601288 ], [ -67.525146137947829, -46.44613231149107 ] ] ] } },
{ "type": "Feature", "properties": { "codigo_indec": "780070504" }, "geometry": { "type": "Polygon", "coordinates": [ [ [ -68.910221493048624, -49.986795919676467 ], [ -68.912046471628386, -49.991544288059458 ], [ -68.913121443100536, -49.992826239895422 ], [ -68.916175261168561, -49.990994430343811 ], [ -68.913910657975705, -49.986250296412742 ], [ -68.910221493048624, -49.986795919676467 ] ] ] } },
{ "type": "Feature", "properties": { "codigo_indec": "780070502" }, "geometry": { "type": "Polygon", "coordinates": [ [ [ -68.925807317531536, -49.984590779584501 ], [ -68.918293673655299, -49.985565694066722 ], [ -68.913910657975705, -49.986250296412742 ], [ -68.915962941412104, -49.990796486381122 ], [ -68.921441027515897, -49.990108058330947 ], [ -68.924101650031446, -49.98971424842361 ], [ -68.923030006842396, -49.98620725679654 ], [ -68.92617832797842, -49.985881150149076 ], [ -68.925807317531536, -49.984590779584501 ] ] ] } },
{ "type": "Feature", "properties": { "codigo_indec": "780140911" }, "geometry": { "type": "Polygon", "coordinates": [ [ [ -67.961371379332746, -46.805245317862152 ], [ -67.95844684248226, -46.806082313419381 ], [ -67.959907424159908, -46.808470424496207 ], [ -67.9584483429188, -46.808888941793668 ], [ -67.959419048427108, -46.810525967571635 ], [ -67.963769021969611, -46.80915763157968 ], [ -67.961371379332746, -46.805245317862152 ] ] ] } },
{ "type": "Feature", "properties": { "codigo_indec": "780140910" }, "geometry": { "type": "Polygon", "coordinates": [ [ [ -67.95844684248226, -46.806082313419381 ], [ -67.955519028278999, -46.806914706513879 ], [ -67.954556934577127, -46.805349689632642 ], [ -67.950179757177608, -46.806604982144705 ], [ -67.952106626224008, -46.80975759395475 ], [ -67.959421640990783, -46.807674399460858 ], [ -67.95844684248226, -46.806082313419381 ] ] ] } },
{ "type": "Feature", "properties": { "codigo_indec": "780140803" }, "geometry": { "type": "Polygon", "coordinates": [ [ [ -68.929026519281834, -46.543619006207351 ], [ -68.929751014271048, -46.547968962379301 ], [ -68.939041912578816, -46.547200644974133 ], [ -68.938326422908773, -46.542886735501561 ], [ -68.929026519281834, -46.543619006207351 ] ] ] } },
{ "type": "Feature", "properties": { "codigo_indec": "780280510" }, "geometry": { "type": "Polygon", "coordinates": [ [ [ -72.247997501780318, -50.334567067136874 ], [ -72.248537776474407, -50.337542000898942 ], [ -72.236268625978454, -50.333675925038058 ], [ -72.233339380010577, -50.334710709557584 ], [ -72.228775185054062, -50.334014839704643 ], [ -72.231674728223268, -50.334972853738392 ], [ -72.229945037120729, -50.336761023798751 ], [ -72.231014234856573, -50.346402800595285 ], [ -72.235809788819338, -50.345936602373158 ], [ -72.238553201886532, -50.347168576633194 ], [ -72.238749390062239, -50.350153139004959 ], [ -72.240004998623604, -50.355329325088377 ], [ -72.244185680174425, -50.35521265948595 ], [ -72.245095856437644, -50.35614045364148 ], [ -72.24824785542171, -50.354235868173802 ], [ -72.250650956830512, -50.351659721536222 ], [ -72.251482335370696, -50.348093373386234 ], [ -72.253110451046609, -50.34754870455783 ], [ -72.252438217871557, -50.346812148264803 ], [ -72.25211223913243, -50.345332998627335 ], [ -72.24988718729989, -50.345161458143593 ], [ -72.249918342206115, -50.344486141662273 ], [ -72.249279357639026, -50.344800771475477 ], [ -72.249098174459661, -50.34333105286305 ], [ -72.252476431668683, -50.340588196190808 ], [ -72.256578024984321, -50.33897601595681 ], [ -72.257370210476424, -50.337155281537022 ], [ -72.256755756926211, -50.337159020901431 ], [ -72.256429189919984, -50.336134024881474 ], [ -72.256735702277524, -50.335788208743445 ], [ -72.255887866071234, -50.33510155855533 ], [ -72.257352931687066, -50.333823999933749 ], [ -72.257040410130074, -50.333414606144373 ], [ -72.250710183951171, -50.333708829748787 ], [ -72.250747582476805, -50.334256332490405 ], [ -72.247997501780318, -50.334567067136874 ] ] ] } },
{ "type": "Feature", "properties": { "codigo_indec": "780280508" }, "geometry": { "type": "Polygon", "coordinates": [ [ [ -72.300592587799073, -50.335170838149267 ], [ -72.300897138419543, -50.335814154448236 ], [ -72.303816952126084, -50.334966766389009 ], [ -72.312889354391586, -50.336273104367493 ], [ -72.323018307851029, -50.331424465952509 ], [ -72.325677449787079, -50.331681092634867 ], [ -72.327220556372296, -50.332653080811745 ], [ -72.327878055632041, -50.33195978947024 ], [ -72.328114396670344, -50.326449457279836 ], [ -72.326821284088595, -50.323172674370262 ], [ -72.310970370220119, -50.308032210443827 ], [ -72.316158326550095, -50.307771781273708 ], [ -72.319181596879403, -50.30838685053444 ], [ -72.321173826023156, -50.309368559104158 ], [ -72.331199941516616, -50.312076002581861 ], [ -72.340220612738591, -50.31589963606374 ], [ -72.347171039772078, -50.317475609855798 ], [ -72.353321130986302, -50.317203778767826 ], [ -72.355992271174088, -50.318237236244947 ], [ -72.361165527699413, -50.315218928201197 ], [ -72.359875559180111, -50.314253554910415 ], [ -72.355684239471643, -50.313268617996421 ], [ -72.34828893720281, -50.313050406800684 ], [ -72.340869987902863, -50.31144301941081 ], [ -72.335199978991369, -50.309285849796204 ], [ -72.3352384073889, -50.308731690291495 ], [ -72.333556039745147, -50.308168484035058 ], [ -72.315873079244255, -50.303472398586614 ], [ -72.311325030036912, -50.302882746532134 ], [ -72.303068955032856, -50.303486560233061 ], [ -72.297867029883577, -50.305212617572238 ], [ -72.291803335039987, -50.313370169212966 ], [ -72.286904039702975, -50.315788571907298 ], [ -72.284558909825236, -50.317523058344939 ], [ -72.285670228249586, -50.31775241360036 ], [ -72.290421030193514, -50.315162915287083 ], [ -72.296313000298966, -50.313242265682959 ], [ -72.299446898343746, -50.314996784672068 ], [ -72.301943190558603, -50.315451916352814 ], [ -72.303801692733003, -50.318555508734271 ], [ -72.307846917801783, -50.317649011282768 ], [ -72.311279210076137, -50.31974543369202 ], [ -72.314490364375601, -50.324410995378315 ], [ -72.316026015570358, -50.325131545493349 ], [ -72.316953287782013, -50.32624264918595 ], [ -72.317992861231772, -50.328258803557738 ], [ -72.317706343758516, -50.329539458944026 ], [ -72.316236316233173, -50.331577822992664 ], [ -72.314410832170026, -50.332700059837585 ], [ -72.313781326324246, -50.334201818865445 ], [ -72.310514040910874, -50.334191566719618 ], [ -72.308059467480348, -50.334958431114039 ], [ -72.304152321317943, -50.334282774757753 ], [ -72.300592587799073, -50.335170838149267 ] ] ] } },
{ "type": "Feature", "properties": { "codigo_indec": "780280503" }, "geometry": { "type": "Polygon", "coordinates": [ [ [ -72.304130349274004, -50.343577350710511 ], [ -72.304609366500941, -50.34298819262979 ], [ -72.299573793801343, -50.340689818656429 ], [ -72.297850427716881, -50.341673996168289 ], [ -72.295825048815786, -50.340530955117437 ], [ -72.291528921484741, -50.34185328764196 ], [ -72.292142220068612, -50.343558004896316 ], [ -72.284746805158775, -50.342027274084948 ], [ -72.285211874997941, -50.342809973123217 ], [ -72.283341756508747, -50.343352945083225 ], [ -72.281429474104769, -50.342674076694145 ], [ -72.27863912301801, -50.343373356479844 ], [ -72.278689735216886, -50.344464534725127 ], [ -72.280329108081261, -50.347502732515792 ], [ -72.281793562938105, -50.352483764340086 ], [ -72.283684392767597, -50.353253162314942 ], [ -72.289667095016185, -50.352674740757031 ], [ -72.289271591321693, -50.346498989685827 ], [ -72.292929230941454, -50.346350404354013 ], [ -72.29782620794964, -50.345226792484006 ], [ -72.300648123079512, -50.343820227152726 ], [ -72.304130349274004, -50.343577350710511 ] ] ] } },
{ "type": "Feature", "properties": { "codigo_indec": "780141206" }, "geometry": { "type": "Polygon", "coordinates": [ [ [ -65.928069194398205, -47.750749115365153 ], [ -65.923163047967336, -47.750428668827006 ], [ -65.923558227815235, -47.746103577022787 ], [ -65.913416220225614, -47.745642106422743 ], [ -65.902791467226635, -47.745508516214244 ], [ -65.903576074906169, -47.746613633947703 ], [ -65.905010566719227, -47.746656861979957 ], [ -65.905719899532997, -47.74622174751137 ], [ -65.905708830164315, -47.747138962752935 ], [ -65.899612800447599, -47.749623384540691 ], [ -65.902383077648793, -47.753395299810748 ], [ -65.918190455899648, -47.748581535727318 ], [ -65.919103033288408, -47.749784434130234 ], [ -65.919493843234847, -47.749660006098047 ], [ -65.919777126743497, -47.750904459210844 ], [ -65.917381239874786, -47.751271842344174 ], [ -65.917971213269297, -47.752065788501362 ], [ -65.927245414333129, -47.751770486942689 ], [ -65.928069194398205, -47.750749115365153 ] ] ] } },
{ "type": "Feature", "properties": { "codigo_indec": "780211402" }, "geometry": { "type": "Polygon", "coordinates": [ [ [ -69.241758471486335, -51.617139208379356 ], [ -69.243150881217275, -51.618331732844382 ], [ -69.235999305032195, -51.62161345003291 ], [ -69.241103292876332, -51.622236731712398 ], [ -69.240581123641164, -51.621792898686465 ], [ -69.247519947112451, -51.618605724651545 ], [ -69.241758471486335, -51.617139208379356 ] ] ] } },
{ "type": "Feature", "properties": { "codigo_indec": "780211208" }, "geometry": { "type": "Polygon", "coordinates": [ [ [ -69.219493003667438, -51.642857010648612 ], [ -69.215922078210141, -51.643798374689133 ], [ -69.214872453893378, -51.644083419439546 ], [ -69.216196579278716, -51.64608080199757 ], [ -69.224059572536987, -51.643917950046195 ], [ -69.223113640494844, -51.642508646564757 ], [ -69.22004057750415, -51.643318864129888 ], [ -69.219493003667438, -51.642857010648612 ] ] ] } },
{ "type": "Feature", "properties": { "codigo_indec": "780211120" }, "geometry": { "type": "Polygon", "coordinates": [ [ [ -69.211801410365098, -51.627551196045282 ], [ -69.21029551888293, -51.62824597464121 ], [ -69.211386548883482, -51.629174268124068 ], [ -69.209887797542791, -51.629864534431952 ], [ -69.210924533571642, -51.630756977229488 ], [ -69.208056582565774, -51.632078827272636 ], [ -69.210151893214757, -51.633886166049869 ], [ -69.216039078502035, -51.631179100209089 ], [ -69.211801410365098, -51.627551196045282 ] ] ] } },
{ "type": "Feature", "properties": { "codigo_indec": "780211119" }, "geometry": { "type": "Polygon", "coordinates": [ [ [ -69.224008319728142, -51.624719808090795 ], [ -69.222567536555857, -51.625383162535975 ], [ -69.219739910188395, -51.626691741243533 ], [ -69.221857119590339, -51.6285033259581 ], [ -69.226140069925236, -51.626535782481049 ], [ -69.224008319728142, -51.624719808090795 ] ] ] } },
{ "type": "Feature", "properties": { "codigo_indec": "780211113" }, "geometry": { "type": "Polygon", "coordinates": [ [ [ -69.199771250961916, -51.637265772164874 ], [ -69.197611454042672, -51.635516779484533 ], [ -69.193885081964325, -51.637235192295002 ], [ -69.195947451326518, -51.639015873315728 ], [ -69.199771250961916, -51.637265772164874 ] ] ] } },
{ "type": "Feature", "properties": { "codigo_indec": "780211111" }, "geometry": { "type": "Polygon", "coordinates": [ [ [ -69.205928842465369, -51.630249037675021 ], [ -69.205165021931094, -51.630605398469562 ], [ -69.201842852736803, -51.632125624093469 ], [ -69.202937474586577, -51.633067471145822 ], [ -69.204140968917017, -51.632512626826745 ], [ -69.20517406237299, -51.633409620257368 ], [ -69.208056582565774, -51.632078827272636 ], [ -69.205928842465369, -51.630249037675021 ] ] ] } },
{ "type": "Feature", "properties": { "codigo_indec": "780211004" }, "geometry": { "type": "Polygon", "coordinates": [ [ [ -69.222000965639893, -51.617290577450113 ], [ -69.217771402426393, -51.613676347321771 ], [ -69.213533305845985, -51.615791810343943 ], [ -69.217635834490338, -51.619289583768442 ], [ -69.222000965639893, -51.617290577450113 ] ] ] } },
{ "type": "Feature", "properties": { "codigo_indec": "780210903" }, "geometry": { "type": "Polygon", "coordinates": [ [ [ -72.209361497581014, -51.59082540204605 ], [ -72.215647682149879, -51.59097687231219 ], [ -72.21767253586188, -51.590318916597731 ], [ -72.221366963955376, -51.590307396074266 ], [ -72.221671434793279, -51.588797495783112 ], [ -72.219834581543338, -51.586654087660406 ], [ -72.214108987625849, -51.586563908808266 ], [ -72.209361497581014, -51.59082540204605 ] ] ] } },
{ "type": "Feature", "properties": { "codigo_indec": "780210806" }, "geometry": { "type": "Polygon", "coordinates": [ [ [ -72.331099855110139, -51.536961005389621 ], [ -72.330968554558268, -51.537778468699415 ], [ -72.331601702630763, -51.538057192448015 ], [ -72.327029540413449, -51.539221092927313 ], [ -72.326887657008797, -51.53964772084575 ], [ -72.328895065790135, -51.540579788269028 ], [ -72.329205228263746, -51.54147012878294 ], [ -72.330800078861614, -51.542625182721196 ], [ -72.331464555815359, -51.542246637589479 ], [ -72.334704884262592, -51.543422293757516 ], [ -72.336428313849666, -51.545099618181723 ], [ -72.336391805569505, -51.544453268469191 ], [ -72.336878794968996, -51.544457388190743 ], [ -72.335271949437796, -51.541023407747446 ], [ -72.335756755096924, -51.540407179306676 ], [ -72.335577701858938, -51.53983232238636 ], [ -72.336835695684343, -51.538600641756879 ], [ -72.336005339548279, -51.538386004179657 ], [ -72.336225865639122, -51.537705363088662 ], [ -72.333611241839478, -51.536948045155981 ], [ -72.33197001187277, -51.535403217849876 ], [ -72.331802955344585, -51.537161311937638 ], [ -72.331099855110139, -51.536961005389621 ] ] ] } },
{ "type": "Feature", "properties": { "codigo_indec": "780211317" }, "geometry": { "type": "Polygon", "coordinates": [ [ [ -69.24095484685472, -51.612610922302771 ], [ -69.242586092191388, -51.613951265441123 ], [ -69.251010189376558, -51.615946863784885 ], [ -69.251185694899362, -51.616355441166043 ], [ -69.254132012591569, -51.615895208340511 ], [ -69.251260178031657, -51.608926718547394 ], [ -69.24095484685472, -51.612610922302771 ] ] ] } },
{ "type": "Feature", "properties": { "codigo_indec": "780211407" }, "geometry": { "type": "Polygon", "coordinates": [ [ [ -69.233504434084523, -51.627146031345795 ], [ -69.229203852395685, -51.629145335656844 ], [ -69.232072372464174, -51.63162936281492 ], [ -69.237794575106264, -51.630817987215366 ], [ -69.233504434084523, -51.627146031345795 ] ] ] } },
{ "type": "Feature", "properties": { "codigo_indec": "780211311" }, "geometry": { "type": "Polygon", "coordinates": [ [ [ -69.242585818887449, -51.630147572657343 ], [ -69.23789559910702, -51.630804300670505 ], [ -69.24192144069211, -51.634211494826637 ], [ -69.245004453270269, -51.632753549867608 ], [ -69.242585818887449, -51.630147572657343 ] ] ] } },
{ "type": "Feature", "properties": { "codigo_indec": "780211305" }, "geometry": { "type": "Polygon", "coordinates": [ [ [ -69.178215294609657, -51.635961262295304 ], [ -69.176148812108664, -51.637564231820299 ], [ -69.175169015405586, -51.639129596840569 ], [ -69.171471269724549, -51.641080939985358 ], [ -69.189194314881092, -51.64070768961065 ], [ -69.189041266721944, -51.638640712824412 ], [ -69.193757141984605, -51.638565617171452 ], [ -69.194849200190973, -51.638069474122091 ], [ -69.193885081964325, -51.637235192295002 ], [ -69.193103032469182, -51.637600492097931 ], [ -69.178356161846636, -51.637812562059935 ], [ -69.178215294609657, -51.635961262295304 ] ] ] } },
{ "type": "Feature", "properties": { "codigo_indec": "780211302" }, "geometry": { "type": "Polygon", "coordinates": [ [ [ -69.251260178031657, -51.608926718547394 ], [ -69.254735828951496, -51.617372421195427 ], [ -69.256344173755707, -51.617108269579354 ], [ -69.256878253615383, -51.618365418166853 ], [ -69.255573448079303, -51.618696326454099 ], [ -69.263948819809769, -51.620754017825796 ], [ -69.264620333541544, -51.620150312530086 ], [ -69.263181295301578, -51.619740100372276 ], [ -69.263282380900819, -51.618495040001662 ], [ -69.264159575809174, -51.618506551697756 ], [ -69.259642815481342, -51.607546799537893 ], [ -69.251260178031657, -51.608926718547394 ] ] ] } },
{ "type": "Feature", "properties": { "codigo_indec": "780211216" }, "geometry": { "type": "Polygon", "coordinates": [ [ [ -69.200180989810761, -51.638469457214995 ], [ -69.198898020559838, -51.639064840568899 ], [ -69.196270647677409, -51.640269149564688 ], [ -69.197336245363118, -51.641161662479391 ], [ -69.198662590560872, -51.640557235154539 ], [ -69.199735563376066, -51.641472183625595 ], [ -69.202301641952445, -51.640294866732113 ], [ -69.200180989810761, -51.638469457214995 ] ] ] } },
{ "type": "Feature", "properties": { "codigo_indec": "780140108" }, "geometry": { "type": "Polygon", "coordinates": [ [ [ -68.920047308089821, -46.545538201983938 ], [ -68.918381555053131, -46.545631482385154 ], [ -68.910668456571017, -46.546282418546134 ], [ -68.913854824675539, -46.549280490173153 ], [ -68.920590256099118, -46.548727619642996 ], [ -68.920047308089821, -46.545538201983938 ] ] ] } },
{ "type": "Feature", "properties": { "codigo_indec": "780140105" }, "geometry": { "type": "Polygon", "coordinates": [ [ [ -68.918993083006455, -46.539906035034932 ], [ -68.902841421079486, -46.54126533029676 ], [ -68.901084355143539, -46.54144374224034 ], [ -68.907927612809246, -46.544089747781797 ], [ -68.910668456571017, -46.546282418546134 ], [ -68.920047308089821, -46.545538201983938 ], [ -68.918993083006455, -46.539906035034932 ] ] ] } },
{ "type": "Feature", "properties": { "codigo_indec": "780070603" }, "geometry": { "type": "Polygon", "coordinates": [ [ [ -68.519389802685041, -50.017333482619222 ], [ -68.526639413341428, -50.021840539067497 ], [ -68.529381785752079, -50.020017635597014 ], [ -68.528060674573808, -50.019203127442829 ], [ -68.534215219863114, -50.015123838977438 ], [ -68.528300536366771, -50.011449809522802 ], [ -68.519389802685041, -50.017333482619222 ] ] ] } },
{ "type": "Feature", "properties": { "codigo_indec": "780070601" }, "geometry": { "type": "Polygon", "coordinates": [ [ [ -68.519389802685041, -50.017333482619222 ], [ -68.514487683703621, -50.020563136093287 ], [ -68.512520988714442, -50.021863006091735 ], [ -68.515953108963529, -50.024008115132801 ], [ -68.515464942187847, -50.024329735034208 ], [ -68.516709725127654, -50.025094620516249 ], [ -68.524063284923557, -50.0202341929079 ], [ -68.519389802685041, -50.017333482619222 ] ] ] } },
{ "type": "Feature", "properties": { "codigo_indec": "780280703" }, "geometry": { "type": "Polygon", "coordinates": [ [ [ -72.267635638502995, -50.340297663559866 ], [ -72.267258417537434, -50.342682328446472 ], [ -72.264817292704407, -50.342535137106623 ], [ -72.263611234574967, -50.344106764798177 ], [ -72.265452445765902, -50.344572099901107 ], [ -72.275902185237086, -50.344390300948348 ], [ -72.27620387848529, -50.342394418578081 ], [ -72.274554118278189, -50.342261081411934 ], [ -72.274863023773534, -50.34077757987081 ], [ -72.273131756285451, -50.340633031780186 ], [ -72.273414188532584, -50.338457846426053 ], [ -72.270292109245574, -50.338213054442313 ], [ -72.269954866090472, -50.340461714990525 ], [ -72.267635638502995, -50.340297663559866 ] ] ] } },
{ "type": "Feature", "properties": { "codigo_indec": "780140301" }, "geometry": { "type": "Polygon", "coordinates": [ [ [ -68.653488589294838, -46.691132739238576 ], [ -68.177054124707169, -46.689300773767428 ], [ -67.821102888517714, -46.686609674742115 ], [ -67.907158332783112, -46.779134518401946 ], [ -67.938967790240824, -46.790314042957398 ], [ -67.941985451235254, -46.789374955313598 ], [ -67.939306090872492, -46.785760911105051 ], [ -67.94311728559407, -46.784410850066088 ], [ -67.948349252134463, -46.784904331229768 ], [ -67.948603834563244, -46.785617322503164 ], [ -67.952482967126457, -46.784465476985261 ], [ -67.953361746956517, -46.785746394166402 ], [ -67.960901396301935, -46.783386290811656 ], [ -67.96476973723432, -46.789605818253818 ], [ -67.97066292550285, -46.788084748318134 ], [ -67.972750449637971, -46.791427373943677 ], [ -67.988874800373736, -46.786807811353043 ], [ -67.988616141388263, -46.80445933753014 ], [ -67.979921329465611, -46.802861919173374 ], [ -67.975440782593182, -46.805808421776497 ], [ -67.963769021969611, -46.80915763157968 ], [ -67.965888974289442, -46.811852983913603 ], [ -68.045727727375038, -46.859467064159908 ], [ -68.066914867421019, -46.877164873685437 ], [ -68.069744598056673, -46.880421763092791 ], [ -68.080316755432861, -46.880911986299374 ], [ -68.086207180121477, -46.87995167277144 ], [ -68.09643705405233, -46.883055342033295 ], [ -68.132259593519919, -46.885140578277785 ], [ -68.164303207715719, -46.888891702782153 ], [ -68.170697464587036, -46.889253043870831 ], [ -68.174201654064944, -46.890695151701081 ], [ -68.175336028994707, -46.893518887951039 ], [ -68.182926646871692, -46.896798165551075 ], [ -68.187932033019436, -46.896433487673875 ], [ -68.193837724713219, -46.894658161176729 ], [ -68.197664966801426, -46.894082358657435 ], [ -68.202353848214671, -46.895127107305235 ], [ -68.208488968343147, -46.897782850422153 ], [ -68.224781655144142, -46.909381429534228 ], [ -68.227116890469802, -46.910607095084963 ], [ -68.407732082331577, -46.956822396879424 ], [ -68.410352691868368, -46.959246653220632 ], [ -68.411788704454622, -46.962483337156847 ], [ -68.451962333568702, -47.0057967499989 ], [ -68.460141011426714, -47.012689925384208 ], [ -68.462854592763435, -47.024054581458614 ], [ -68.463422961997281, -47.037891775846361 ], [ -68.463058214466741, -47.044739855316109 ], [ -68.466856563429914, -47.04818024354158 ], [ -68.466221372627601, -47.052818762604431 ], [ -68.471182528568491, -47.057874538848147 ], [ -68.471751578410874, -47.059896564575631 ], [ -68.478798264237653, -47.063149093662304 ], [ -68.484891251561962, -47.073246654796044 ], [ -68.48420483484729, -47.083322537894254 ], [ -68.482388847786197, -47.087946798922843 ], [ -68.482650013777175, -47.091577481155774 ], [ -68.476656982499208, -47.101022030952912 ], [ -68.476283593045608, -47.108872981876608 ], [ -68.490615534953889, -47.139507102580801 ], [ -68.495984383703984, -47.147851191757667 ], [ -68.521724189442025, -47.175764885146997 ], [ -68.52580037321863, -47.182433561848427 ], [ -68.527446078291391, -47.196944618760838 ], [ -68.529146105674428, -47.205415790598856 ], [ -68.538291701892263, -47.220388960115315 ], [ -68.543429260873339, -47.228644316090993 ], [ -68.558407946463888, -47.242001854547837 ], [ -68.558243978103008, -47.26132652450422 ], [ -68.564699745953192, -47.268016352279723 ], [ -68.564390880645831, -47.269422858640553 ], [ -68.559060475176992, -47.270005120991449 ], [ -68.557212451959273, -47.278866821061612 ], [ -68.529448575535014, -47.304341686613178 ], [ -68.520239317403536, -47.307528107239321 ], [ -68.515797925651057, -47.307311545306916 ], [ -68.513368049023839, -47.314146220156083 ], [ -68.513295824199886, -47.322011768471477 ], [ -68.511433144578731, -47.331070476106476 ], [ -68.511050006901471, -47.340328845821475 ], [ -68.512818912818346, -47.341150394290821 ], [ -68.514313427202694, -47.362874283557701 ], [ -68.51824907728853, -47.363534007135506 ], [ -68.571730599405939, -47.400475679719321 ], [ -68.589358855235986, -47.409543719252568 ], [ -68.589627001082334, -47.41297609443788 ], [ -68.583072534355423, -47.416167989515415 ], [ -68.579778909949255, -47.419578381178731 ], [ -68.579150548459623, -47.424010374256582 ], [ -68.582084284950895, -47.428855655970168 ], [ -68.582328878390996, -47.434797416666655 ], [ -68.587059938147533, -47.437940141416057 ], [ -68.584267819411679, -47.452438150711004 ], [ -68.58927148706556, -47.459107591007779 ], [ -68.620344234156917, -47.475328234359786 ], [ -68.632139692712485, -47.488867306210658 ], [ -68.64221705615212, -47.492924187525126 ], [ -68.653453923075688, -47.502025045479627 ], [ -68.656710506786098, -47.503851706289524 ], [ -68.656693441947752, -47.506469020240409 ], [ -68.659941189498824, -47.510751025476914 ], [ -68.660521806159636, -47.5123222634965 ], [ -68.660801564435786, -47.514747073503202 ], [ -68.656328374751368, -47.517148742519396 ], [ -68.655705891117009, -47.520973975505122 ], [ -68.655949949648473, -47.528831273215864 ], [ -68.658181034691097, -47.551809453821043 ], [ -68.650911374095557, -47.564676387975702 ], [ -68.645678405042787, -47.590851651839074 ], [ -68.644205926732155, -47.602620552726307 ], [ -68.639140777738305, -47.607708954131375 ], [ -68.63630584804659, -47.614243294267524 ], [ -68.630712665192917, -47.621317357825511 ], [ -68.62703058561732, -47.628856073471148 ], [ -68.624168880667526, -47.631329130220834 ], [ -68.622336928338697, -47.633971901511181 ], [ -68.620654160677702, -47.64079742724477 ], [ -68.633340576046123, -47.65500447457466 ], [ -68.634946038525527, -47.659101929997952 ], [ -68.639811301366223, -47.663056739318471 ], [ -68.642812217540239, -47.667158450685854 ], [ -68.640684834362688, -47.671086738186382 ], [ -68.637178614997921, -47.672645178827004 ], [ -68.639020026883529, -47.675960822085855 ], [ -68.638359649566411, -47.678058868092123 ], [ -68.780895074934392, -47.678050816486156 ], [ -68.781552884782656, -47.330441971785937 ], [ -68.767085229843374, -47.315540813132827 ], [ -68.749676163211589, -47.314834008729314 ], [ -68.748969880157844, -47.273348874157854 ], [ -68.714578468670467, -47.272859116748371 ], [ -68.717969618286503, -47.184237131389075 ], [ -68.784991572893858, -47.183847319170923 ], [ -68.786465495023705, -47.10741557979965 ], [ -68.78515339715625, -47.050393539729889 ], [ -68.611690137766786, -47.05039101669604 ], [ -68.609748513297617, -46.960171853032605 ], [ -68.651281206123841, -46.960368844229571 ], [ -68.653488589294838, -46.691132739238576 ] ], [ [ -68.234343540216273, -46.712309121831751 ], [ -68.233901578388483, -46.712580531509168 ], [ -68.235997564561714, -46.714420664763274 ], [ -68.231466311700032, -46.716225435978401 ], [ -68.232325869990404, -46.717175749989032 ], [ -68.227034736864439, -46.719272101373974 ], [ -68.226116193303696, -46.718334842493945 ], [ -68.224823250466784, -46.718883821700018 ], [ -68.223882703189261, -46.717887923952752 ], [ -68.221940471627121, -46.717654340529336 ], [ -68.220980479670672, -46.716878680115975 ], [ -68.233752905935177, -46.711765428288558 ], [ -68.234343540216273, -46.712309121831751 ] ] ] } },
{ "type": "Feature", "properties": { "codigo_indec": "780140102" }, "geometry": { "type": "Polygon", "coordinates": [ [ [ -68.903070971212486, -46.542309048120686 ], [ -68.738928731616383, -46.555100727485652 ], [ -68.707550290388198, -46.558146379599592 ], [ -68.663769532949573, -46.567408762588883 ], [ -68.541450117700336, -46.59980066763594 ], [ -68.654397838055914, -46.599756829036856 ], [ -68.651281206123841, -46.960368844229571 ], [ -68.609748513297617, -46.960171853032605 ], [ -68.611690137766786, -47.05039101669604 ], [ -68.78515339715625, -47.050393539729889 ], [ -68.786465495023705, -47.10741557979965 ], [ -68.784991572893858, -47.183847319170923 ], [ -68.784622138427892, -47.183851122702158 ], [ -68.784995274999531, -47.2262130493923 ], [ -68.916932010115104, -47.227090751357892 ], [ -68.917936449636784, -47.254296203516802 ], [ -68.967081087610381, -47.254869540222138 ], [ -69.04634293944936, -47.301983766563737 ], [ -69.047704219522856, -47.367342735794161 ], [ -69.177209768049735, -47.369163012599891 ], [ -69.17632670959496, -47.319693939609358 ], [ -69.407929592554297, -47.319135101376716 ], [ -69.585742179026127, -47.318161900526277 ], [ -69.589335140576736, -47.321300620248792 ], [ -69.625774045264166, -47.320995020735523 ], [ -69.63028162651861, -47.314620057722983 ], [ -69.71091196922201, -47.314912815801065 ], [ -69.709019313912535, -47.234178356113787 ], [ -69.688265864828864, -47.161716049777674 ], [ -69.68037802602791, -46.874547086579753 ], [ -69.674983505352159, -46.868538606782117 ], [ -69.673184147828877, -46.865720145128726 ], [ -69.665050829503372, -46.849647881606323 ], [ -69.663565946936842, -46.848050813043905 ], [ -69.661901553255717, -46.844907546339314 ], [ -69.658398633407927, -46.833975782233892 ], [ -69.653590747779916, -46.824733504933562 ], [ -69.65059616276308, -46.820117893127666 ], [ -69.650238169233546, -46.814880055462119 ], [ -69.646961850961191, -46.810463842451163 ], [ -69.648380694627207, -46.806421330744641 ], [ -69.64628388813783, -46.802812497981485 ], [ -69.646213083673047, -46.797172709693264 ], [ -69.63649015294915, -46.790476053624502 ], [ -69.630917572077323, -46.768638737775213 ], [ -69.619884849354349, -46.752983761232343 ], [ -69.613078662029807, -46.747177790311987 ], [ -69.603580190827117, -46.73655050300551 ], [ -69.603103813571764, -46.720225959636117 ], [ -69.605132781322624, -46.718609526957621 ], [ -69.602422103364631, -46.711566747239395 ], [ -69.602022548302998, -46.702096424105953 ], [ -69.597874634121254, -46.697687806076353 ], [ -69.596852220385529, -46.694783043645373 ], [ -69.605100519172353, -46.689391791076076 ], [ -69.609484563310062, -46.688356508683619 ], [ -69.610345444278749, -46.686737194080614 ], [ -69.608853382877584, -46.68453670129368 ], [ -69.492639888366838, -46.65527080668079 ], [ -69.388185502392517, -46.628204373293215 ], [ -69.326366725263242, -46.613648849786074 ], [ -69.290938258715045, -46.599247709969219 ], [ -69.292143561501064, -46.590999978532707 ], [ -69.261848838011147, -46.576455110301403 ], [ -69.236190745708456, -46.579254691035104 ], [ -69.129402447807593, -46.557722842586031 ], [ -69.003756126196578, -46.562392853289055 ], [ -68.974416362737571, -46.558751229503642 ], [ -68.955814360188825, -46.557130799590261 ], [ -68.946693650053177, -46.555741549901185 ], [ -68.945112379948895, -46.555848752524895 ], [ -68.945595514521173, -46.55847577558368 ], [ -68.9394199699681, -46.558971942261607 ], [ -68.940135677296524, -46.563357799641729 ], [ -68.923374249821705, -46.564796132838865 ], [ -68.923152953862498, -46.5621826887648 ], [ -68.920965046790684, -46.562253164956509 ], [ -68.920359155370818, -46.555181997437728 ], [ -68.907927612809246, -46.544089747781797 ], [ -68.903070971212486, -46.542309048120686 ] ] ] } },
{ "type": "Feature", "properties": { "codigo_indec": "780070301" }, "geometry": { "type": "Polygon", "coordinates": [ [ [ -70.603693511634688, -49.741019839919083 ], [ -70.329444991415571, -49.745557720215416 ], [ -70.325915707359158, -49.651908656410598 ], [ -70.046523491103244, -49.655593952243827 ], [ -70.051918841621912, -49.838014918346197 ], [ -70.03479077044868, -49.851628540193495 ], [ -70.024108674591645, -49.858902658039078 ], [ -70.011023627403702, -49.863993984913293 ], [ -70.001632172239184, -49.869739772885211 ], [ -69.997425655020749, -49.87808361509105 ], [ -69.982635981076555, -49.891786105491377 ], [ -69.954967905265136, -49.907063430479909 ], [ -69.945110603792969, -49.91431435543582 ], [ -69.927650539976966, -49.920658982253563 ], [ -69.884343809982894, -49.941437770682107 ], [ -69.876286831411491, -49.941943963489166 ], [ -69.863657851303955, -49.951865539125045 ], [ -69.841213462060992, -49.96286875821167 ], [ -69.821209663833542, -49.970842966200927 ], [ -69.792369726897192, -49.973673301641035 ], [ -69.771226545178237, -49.963921583018085 ], [ -69.754776221744734, -49.964115194775239 ], [ -69.736349706077064, -49.959257302448037 ], [ -69.729111959872412, -49.958475881281963 ], [ -69.687912914702579, -49.972361795169633 ], [ -69.667275020931484, -49.9774226711761 ], [ -69.651129833023717, -49.97709185130774 ], [ -69.634422244649159, -49.980358095240199 ], [ -69.618816401727074, -49.992512220225173 ], [ -69.611054829888289, -50.00208333749098 ], [ -69.598845595001947, -50.010723957728551 ], [ -69.586787682299544, -50.024986068475975 ], [ -69.574813898624853, -50.046011791520556 ], [ -69.568099929315551, -50.063279536691226 ], [ -69.568414812438192, -50.071310943054279 ], [ -69.571786808093307, -50.071190993047296 ], [ -69.577493109669106, -50.070038942545089 ], [ -69.586259049283299, -50.06953649079805 ], [ -69.597764416210069, -50.070871331569819 ], [ -69.608526539825434, -50.067511428425341 ], [ -69.614409853341058, -50.067471447108503 ], [ -69.623197776280847, -50.066305290169659 ], [ -69.62612254696171, -50.066469360079516 ], [ -69.628846658237194, -50.067308727006726 ], [ -69.63084113538477, -50.068686928962478 ], [ -69.631835988067891, -50.070520063848349 ], [ -69.632622737918538, -50.074314239446018 ], [ -69.634728535699892, -50.07562883385615 ], [ -69.643484744772167, -50.074627640792713 ], [ -69.646374573104453, -50.075007165348367 ], [ -69.648397748747271, -50.076380410154592 ], [ -69.650614745125978, -50.0799372091046 ], [ -69.650851349517254, -50.087609212478235 ], [ -69.65249392669034, -50.089204782370409 ], [ -69.654909495990339, -50.090346449979798 ], [ -69.657733260643013, -50.090928349545678 ], [ -69.666478952236091, -50.092024751430678 ], [ -69.671573203875056, -50.094058696731025 ], [ -69.677402500895269, -50.098385183217552 ], [ -69.679622543094226, -50.101932412040391 ], [ -69.679921721666929, -50.105787544459886 ], [ -69.67764106747282, -50.106875230310209 ], [ -69.671677203476293, -50.106995292389961 ], [ -69.668798274278132, -50.107551334694534 ], [ -69.666522461668706, -50.108760143655566 ], [ -69.663548953022612, -50.112094628695303 ], [ -69.663278092377439, -50.113993147741212 ], [ -69.663913320325008, -50.115949421008175 ], [ -69.665729889177783, -50.117386471691574 ], [ -69.668416262371721, -50.118270077020711 ], [ -69.672919042202921, -50.120797337857631 ], [ -69.674702371932412, -50.122324344131478 ], [ -69.674831044156903, -50.124265517255367 ], [ -69.667309247317363, -50.13016620886183 ], [ -69.663549546174963, -50.135402159105759 ], [ -69.663061457404581, -50.137279434970402 ], [ -69.663828629625286, -50.139145044564344 ], [ -69.665511821021639, -50.140735692638991 ], [ -69.667788302135932, -50.14197677794153 ], [ -69.678310512826428, -50.145601838807885 ], [ -69.68053515802616, -50.14684747208964 ], [ -69.681568145836806, -50.148652967830458 ], [ -69.681634027704277, -50.150581008263678 ], [ -69.681283359614469, -50.152489016384621 ], [ -69.679589695643173, -50.15614901208432 ], [ -69.680043619557253, -50.158061294231373 ], [ -69.684324322639725, -50.163106692391707 ], [ -69.688433171736406, -50.165869409567648 ], [ -69.696842485860799, -50.167869055430742 ], [ -69.699773161453706, -50.167995281591558 ], [ -69.708595096324586, -50.16684048493925 ], [ -69.716429522648539, -50.164023407141734 ], [ -69.71930940061479, -50.163807820978434 ], [ -69.724588494614125, -50.165609035109561 ], [ -69.726295624017027, -50.167198651027753 ], [ -69.726866302896795, -50.169065068459481 ], [ -69.726271206645549, -50.174822593843835 ], [ -69.727739901835449, -50.180504267277065 ], [ -69.729151684282215, -50.182194581605039 ], [ -69.73345965564063, -50.184882532360419 ], [ -69.734295747452322, -50.18667531016434 ], [ -69.73448764272257, -50.188687923341242 ], [ -69.736597883099591, -50.189780368309698 ], [ -69.745654628701885, -50.189340501868358 ], [ -69.751463419511779, -50.190296500080947 ], [ -69.755046473698499, -50.193289512139444 ], [ -69.755234351452614, -50.195212213718555 ], [ -69.756584664784, -50.196911582996321 ], [ -69.75898735440677, -50.198064648514148 ], [ -69.767588956687078, -50.199725280877445 ], [ -69.770149347776794, -50.200643326234783 ], [ -69.777013383279154, -50.204364552648698 ], [ -69.780398775105667, -50.207528918033482 ], [ -69.783081213881232, -50.208373936393571 ], [ -69.789019871445461, -50.208311282216741 ], [ -69.794360040275151, -50.206584719426225 ], [ -69.797245362079437, -50.206142412423262 ], [ -69.800219539286815, -50.206409654762403 ], [ -69.805289521085541, -50.208433400938475 ], [ -69.809723487489563, -50.210928855409357 ], [ -69.815671790109818, -50.211004121730582 ], [ -69.817873173000649, -50.209680558527488 ], [ -69.818675623898969, -50.207863362316225 ], [ -69.818378713308903, -50.204017605665356 ], [ -69.819433839220324, -50.202239078449153 ], [ -69.821167699120593, -50.200635551661392 ], [ -69.823443911230399, -50.199423729179742 ], [ -69.826302310249048, -50.198881995818098 ], [ -69.835292668555383, -50.19859744103298 ], [ -69.840979677393833, -50.197437117622883 ], [ -69.843243937820517, -50.196180039972987 ], [ -69.847055843685482, -50.190978373429985 ], [ -69.856689109401657, -50.186408066181748 ], [ -69.859936239596635, -50.183210480797314 ], [ -69.864140098734893, -50.180491167938243 ], [ -69.869427951702789, -50.178707580325941 ], [ -69.878161877674586, -50.177446161663084 ], [ -69.883537272770099, -50.179127054870207 ], [ -69.884570351552213, -50.180863323687724 ], [ -69.884413996562159, -50.184716884743835 ], [ -69.885628554621675, -50.188497067108322 ], [ -69.886755926088426, -50.190205624426177 ], [ -69.888858092637037, -50.191614529618477 ], [ -69.895847217329049, -50.195233401314397 ], [ -69.898546108452706, -50.195949766371392 ], [ -69.904350742137012, -50.194996699142408 ], [ -69.906355450772367, -50.193623532301842 ], [ -69.907789646965711, -50.191895175509977 ], [ -69.908020479722012, -50.190036861938118 ], [ -69.906865349826049, -50.184314526845093 ], [ -69.907077665445044, -50.182402415087829 ], [ -69.907963429197707, -50.180565953637867 ], [ -69.91170493282074, -50.177614774330564 ], [ -69.914290145365158, -50.17663248348294 ], [ -69.917214997632939, -50.176577958356702 ], [ -69.931581630528072, -50.179259637699154 ], [ -69.934393325316876, -50.179317967670002 ], [ -69.937108691962067, -50.178388063595293 ], [ -69.939381064897489, -50.177182976765565 ], [ -69.942607410372872, -50.173951762387595 ], [ -69.944750721916833, -50.172608264743111 ], [ -69.955160844023581, -50.168864027796261 ], [ -69.958506134100048, -50.165712298779809 ], [ -69.958716135574548, -50.163791110087111 ], [ -69.961588754747623, -50.160476865850853 ], [ -69.96646846891089, -50.158346086523864 ], [ -69.969415249700674, -50.158222632905833 ], [ -69.972299645751434, -50.158818861924892 ], [ -69.97695568592863, -50.161193723044548 ], [ -69.982454625000173, -50.162675712758798 ], [ -69.997236842130846, -50.162819444584109 ], [ -70.003048835795141, -50.163839259727538 ], [ -70.01486242640172, -50.164882917530136 ], [ -70.026364952845626, -50.166899092995287 ], [ -70.030545265331085, -50.169608660868121 ], [ -70.031200600089022, -50.171441391583237 ], [ -70.0307691152031, -50.17724855337336 ], [ -70.031169593346121, -50.181056944216095 ], [ -70.032234719729189, -50.184841446221611 ], [ -70.033528306802182, -50.186551610938992 ], [ -70.04061984222956, -50.190061994111545 ], [ -70.061261319109761, -50.197971132586659 ], [ -70.064069709499776, -50.198453401829141 ], [ -70.071894496399736, -50.196529437737894 ], [ -70.074132552245445, -50.192971028904516 ], [ -70.078002650071539, -50.190233551296693 ], [ -70.08393174483912, -50.190479557708443 ], [ -70.087357107471462, -50.193472830357976 ], [ -70.089803686436881, -50.196978652787742 ], [ -70.094180491285101, -50.199585195450219 ], [ -70.099903912938274, -50.199207490900037 ], [ -70.10369803591135, -50.196254105721302 ], [ -70.106554331597039, -50.192886979615245 ], [ -70.110748167288349, -50.190149816404542 ], [ -70.11638621206356, -50.189016912537028 ], [ -70.128170616851747, -50.188004011629396 ], [ -70.133920936832908, -50.186909620836389 ], [ -70.151754262722704, -50.185637327067347 ], [ -70.157259271940575, -50.184130647064585 ], [ -70.171678683126672, -50.185743736260783 ], [ -70.177300999164842, -50.187039959129059 ], [ -70.182622668955375, -50.188766020753548 ], [ -70.189172044914642, -50.192686446222986 ], [ -70.200987944845281, -50.198534579768328 ], [ -70.204407378998326, -50.201672824458029 ], [ -70.207137464301539, -50.205092343458233 ], [ -70.207688675387132, -50.208894088164826 ], [ -70.207236025122043, -50.21274672112348 ], [ -70.211722782697962, -50.227678143175822 ], [ -70.209693784949252, -50.231264003333948 ], [ -70.204901223036586, -50.233520957215966 ], [ -70.199058649184963, -50.234309622972177 ], [ -70.19352665066566, -50.235755601907101 ], [ -70.186903641338546, -50.24210775551753 ], [ -70.184007216582089, -50.245441285174039 ], [ -70.183333976866692, -50.249251089874249 ], [ -70.181706985342387, -50.252913258243304 ], [ -70.180747458016285, -50.256640544301483 ], [ -70.182439538637084, -50.260273442735148 ], [ -70.184972342100011, -50.263722433296472 ], [ -70.188464690845265, -50.266824419720251 ], [ -70.193524016887096, -50.268763944718337 ], [ -70.199492084182907, -50.268891300707431 ], [ -70.210909286100929, -50.271218293504774 ], [ -70.232654817722164, -50.277579661529636 ], [ -70.238633750846702, -50.277808285282688 ], [ -70.244461673443766, -50.277220091255657 ], [ -70.249962275448141, -50.275790026019159 ], [ -70.255919216836915, -50.275321238902805 ], [ -70.261889582076734, -50.275099236910549 ], [ -70.26782164744877, -50.275681989090558 ], [ -70.273726064877366, -50.27561743082255 ], [ -70.285549676983536, -50.274475826072631 ], [ -70.291160317723751, -50.273280834312288 ], [ -70.297087845597488, -50.273691324852614 ], [ -70.302655488092995, -50.275175411364899 ], [ -70.308546400326904, -50.274749616483518 ], [ -70.310345605003832, -50.271173618603349 ], [ -70.309224237823656, -50.267495671064353 ], [ -70.309234934836056, -50.26366561066056 ], [ -70.311794121709042, -50.26045861781455 ], [ -70.317523614513803, -50.259715020022064 ], [ -70.323471184886259, -50.260141914155717 ], [ -70.329262662552978, -50.259239697089875 ], [ -70.333371982022612, -50.256486480270034 ], [ -70.335349645603458, -50.25298894226561 ], [ -70.335014608820359, -50.249153845101162 ], [ -70.332369344363244, -50.245803773812618 ], [ -70.33047536607323, -50.24223376460322 ], [ -70.332529371686235, -50.238721905152687 ], [ -70.336694066895845, -50.236012872269526 ], [ -70.342561452412369, -50.235680003193515 ], [ -70.360262415682541, -50.237308194053249 ], [ -70.374799705741879, -50.231981009294145 ], [ -70.379025090716254, -50.229292203308106 ], [ -70.384178604279882, -50.227455282123884 ], [ -70.389602361056603, -50.225889111061782 ], [ -70.39552715133776, -50.225296641810388 ], [ -70.400998311095364, -50.226804148219095 ], [ -70.405944495959602, -50.228915625939123 ], [ -70.413913157339465, -50.234635834603274 ], [ -70.418642219063827, -50.237059591224892 ], [ -70.424340460285052, -50.237061801916326 ], [ -70.429549329844292, -50.235348056382449 ], [ -70.433083049410087, -50.232238729669902 ], [ -70.436684991743547, -50.225001757352025 ], [ -70.436298380840668, -50.222511641318953 ], [ -70.436867502485413, -50.219299447243714 ], [ -70.439008989981687, -50.215726138460639 ], [ -70.441007675536198, -50.213817826063341 ], [ -70.446186222887988, -50.212130664157115 ], [ -70.451862921801208, -50.211174277722591 ], [ -70.462662982126488, -50.207910048419151 ], [ -70.46774980466688, -50.205903904248245 ], [ -70.476925485841093, -50.201027042302968 ], [ -70.482785067934799, -50.200723129670109 ], [ -70.488354653004663, -50.20190610062803 ], [ -70.505856586087802, -50.203564080819248 ], [ -70.516913706330996, -50.20062410441772 ], [ -70.528588095490974, -50.199073003990584 ], [ -70.534568464323698, -50.198949196199543 ], [ -70.546331004818938, -50.199939520754974 ], [ -70.551355335827694, -50.20197186229867 ], [ -70.554323718549242, -50.205276732699453 ], [ -70.558857882912093, -50.207823285589285 ], [ -70.563799277633976, -50.209955102655968 ], [ -70.569430820519869, -50.211223268722264 ], [ -70.587044481460595, -50.21331256711283 ], [ -70.593031106268285, -50.213221632834852 ], [ -70.598570626968055, -50.211805911640646 ], [ -70.610518458862359, -50.211506016503812 ], [ -70.623091044030303, -50.210112774925499 ], [ -70.603693511634688, -49.741019839919083 ] ] ] } },
{ "type": "Feature", "properties": { "codigo_indec": "780210601" }, "geometry": { "type": "Polygon", "coordinates": [ [ [ -71.949333978470676, -51.326025887899064 ], [ -71.647055376425996, -51.334007681800195 ], [ -71.115082207095028, -51.346166035906649 ], [ -70.958512437604995, -51.349334209606361 ], [ -70.961374875185442, -51.40238717144117 ], [ -70.884166190388129, -51.412023331102468 ], [ -70.885740201329284, -51.42852489802717 ], [ -70.957146409397183, -51.438321157327024 ], [ -71.099724185145291, -51.437898418442984 ], [ -71.11505049315609, -51.704585815527864 ], [ -70.829372816004792, -51.710789468744956 ], [ -70.834360042250438, -51.891475411325558 ], [ -70.762217515806228, -51.893333164121877 ], [ -70.765265650283922, -51.982165536640153 ], [ -70.83645343977264, -51.981328388283195 ], [ -70.838182345440941, -51.996177365454805 ], [ -71.231849028909892, -51.996960030253852 ], [ -71.464809722227173, -51.996924649225278 ], [ -71.717303445594808, -51.99636513020841 ], [ -71.930687025471698, -51.995227892939567 ], [ -71.939149318457495, -51.987905591221775 ], [ -71.948310995586468, -51.979081732711606 ], [ -71.97470594261857, -51.958328551961074 ], [ -71.989795228244034, -51.940715999559835 ], [ -71.97172085326163, -51.930862063264698 ], [ -71.955058764324036, -51.922794974878094 ], [ -71.940548905981373, -51.91253208386496 ], [ -71.941533827597596, -51.905863600625338 ], [ -71.951000944889643, -51.880727598530832 ], [ -71.966083277587202, -51.865397005367186 ], [ -71.844256793955893, -51.867050072957461 ], [ -71.841202064008087, -51.778826312755115 ], [ -71.982751806369023, -51.775254473152586 ], [ -71.963098002404763, -51.505155107939267 ], [ -72.033294215064174, -51.503997655063145 ], [ -72.027214435317219, -51.41286477178879 ], [ -71.954744213331978, -51.414382982762817 ], [ -71.949333978470676, -51.326025887899064 ] ] ] } },
{ "type": "Feature", "properties": { "codigo_indec": "780350401" }, "geometry": { "type": "Polygon", "coordinates": [ [ [ -71.673946739154687, -46.526888131274674 ], [ -71.749643268094175, -46.368178911273482 ], [ -71.758689671010785, -46.347232554011654 ], [ -71.75585439126705, -46.34174552339779 ], [ -71.748127332956045, -46.333173357447023 ], [ -71.740435444885037, -46.326619578073185 ], [ -71.738093399182901, -46.320288071000761 ], [ -71.736578073549126, -46.3184800503305 ], [ -71.729826638281978, -46.30629357086967 ], [ -71.722382777217334, -46.304159022326822 ], [ -71.72240916030637, -46.301877725817668 ], [ -71.720937843126222, -46.301067082321531 ], [ -71.716990254017716, -46.302479042807519 ], [ -71.710725970714691, -46.302195991977179 ], [ -71.708276321169564, -46.300693153406428 ], [ -71.706293676034591, -46.30089307595582 ], [ -71.703918586710486, -46.302019916728597 ], [ -71.697477077116744, -46.303476697645152 ], [ -71.687379771016566, -46.307295323002677 ], [ -71.684137387008363, -46.307690920847648 ], [ -71.682178470852662, -46.308848014317775 ], [ -71.681536006551255, -46.311773524750556 ], [ -71.68248756947574, -46.314108322136882 ], [ -71.68441113378988, -46.315475626928077 ], [ -71.684947240937305, -46.317077936115552 ], [ -71.684469205550741, -46.318519641316804 ], [ -71.682825990248332, -46.31917000991703 ], [ -71.660198834761289, -46.315466107015169 ], [ -71.645069700637947, -46.31103109981612 ], [ -71.625147549209956, -46.300923937855302 ], [ -71.61380313009235, -46.296096384003626 ], [ -71.611843807746624, -46.295835300499327 ], [ -71.608586703690406, -46.294074381714552 ], [ -71.604718155783985, -46.293919724495616 ], [ -71.593950500306178, -46.288388802074529 ], [ -71.584614780779759, -46.287250855560529 ], [ -71.575852850025655, -46.287547679216964 ], [ -71.575451496575724, -46.288397916742476 ], [ -71.571750617305455, -46.290150159110922 ], [ -71.568926964000809, -46.290407105786748 ], [ -71.564920986522324, -46.289386009884907 ], [ -71.562191118112878, -46.291305070662908 ], [ -71.559812051460028, -46.294349788120215 ], [ -71.558529710807392, -46.298791376335295 ], [ -71.568361340323847, -46.303631437908258 ], [ -71.570717960318873, -46.303920316881118 ], [ -71.575699867808453, -46.307316826190316 ], [ -71.582051819785931, -46.310155862430136 ], [ -71.584742833687642, -46.312506127665664 ], [ -71.603187805000445, -46.321174033082229 ], [ -71.606607925338764, -46.323601634317519 ], [ -71.608459587558244, -46.326015466241131 ], [ -71.614706300900295, -46.329561324383484 ], [ -71.621043558258108, -46.331723778280661 ], [ -71.628447090343101, -46.33281774738365 ], [ -71.631420705073452, -46.334157283566746 ], [ -71.639285756350958, -46.33491154345537 ], [ -71.650853023196206, -46.337684651320203 ], [ -71.653256239277312, -46.338762452501712 ], [ -71.656034439551021, -46.340875098865155 ], [ -71.666129445768007, -46.344049734395981 ], [ -71.67275225936524, -46.344398828896658 ], [ -71.675777635872564, -46.345299662361548 ], [ -71.676324931109335, -46.346397931290305 ], [ -71.675076232814945, -46.347164896049321 ], [ -71.676655732337551, -46.348382940299842 ], [ -71.679097488249624, -46.349099429088625 ], [ -71.679796830725522, -46.350050169729819 ], [ -71.67875915521455, -46.351612926520026 ], [ -71.67439075390277, -46.351553310496953 ], [ -71.668466806424476, -46.352766901582939 ], [ -71.668264150191959, -46.354341547045344 ], [ -71.66611109406503, -46.358224367424818 ], [ -71.659789499974252, -46.362105284733786 ], [ -71.659397284717883, -46.363194007968254 ], [ -71.66113692156695, -46.365164253774509 ], [ -71.661164276933974, -46.36733180181556 ], [ -71.662113365435616, -46.368542232143426 ], [ -71.668678694266248, -46.370251396350042 ], [ -71.672495316461891, -46.370625526489746 ], [ -71.675004883912507, -46.37164640167353 ], [ -71.683526744988853, -46.372220304694643 ], [ -71.689952794563183, -46.371138066374094 ], [ -71.690321708299919, -46.369586460592537 ], [ -71.692923183560325, -46.367977763873725 ], [ -71.697574402460305, -46.367089849222822 ], [ -71.701828024931913, -46.367299738620225 ], [ -71.702881064899827, -46.368754781230471 ], [ -71.701726249686104, -46.369780716508401 ], [ -71.691426897028137, -46.373892309125331 ], [ -71.691047456751932, -46.375295721270376 ], [ -71.685964513954985, -46.37634195973564 ], [ -71.679033148101951, -46.376342730682921 ], [ -71.674509904526232, -46.375216148528445 ], [ -71.673777450831608, -46.37399175633449 ], [ -71.669198464613416, -46.37178217622133 ], [ -71.65726639449025, -46.369896577483104 ], [ -71.647165096365299, -46.365605726039298 ], [ -71.645443779508938, -46.36568607254253 ], [ -71.640739447197276, -46.367508736002968 ], [ -71.632556757302979, -46.367544592860938 ], [ -71.622242180300432, -46.369198709957523 ], [ -71.609662348291735, -46.36990052544806 ], [ -71.601909662365216, -46.371471777576275 ], [ -71.590229062220132, -46.372240937486332 ], [ -71.581540107128973, -46.374097420394897 ], [ -71.559948165335058, -46.37591912696714 ], [ -71.552339250115978, -46.377416311124364 ], [ -71.548415065904294, -46.376748174104357 ], [ -71.531531973816143, -46.376718564034945 ], [ -71.528009386684886, -46.375451554506306 ], [ -71.523697439827657, -46.375173499199356 ], [ -71.518429632849731, -46.37361184791996 ], [ -71.510248168900674, -46.37327004812709 ], [ -71.498633655367939, -46.374811079542233 ], [ -71.494619688665267, -46.376931988308449 ], [ -71.491739656018282, -46.380125615842886 ], [ -71.490184205681814, -46.383366785512692 ], [ -71.492677760077356, -46.387594778168165 ], [ -71.491880526761108, -46.389002128089935 ], [ -71.488879547465601, -46.391483089383534 ], [ -71.481912361686909, -46.393960204708371 ], [ -71.477314708252919, -46.395009088351038 ], [ -71.471881249971233, -46.397420845528003 ], [ -71.464038491877076, -46.399474969382268 ], [ -71.460418186054923, -46.399647426689185 ], [ -71.456566930133206, -46.40184444903845 ], [ -71.453111894703497, -46.402588898033869 ], [ -71.447564780835606, -46.406787735633642 ], [ -71.447237388434033, -46.408045258950473 ], [ -71.448731540673123, -46.408737474426744 ], [ -71.450664751615861, -46.41088218699673 ], [ -71.450071040122083, -46.412653729449758 ], [ -71.443888820976724, -46.415476035892858 ], [ -71.430175262931812, -46.417810638276038 ], [ -71.422007171574705, -46.420916865251613 ], [ -71.418280970513507, -46.423141420954835 ], [ -71.409644087358885, -46.42678746662645 ], [ -71.403951135189828, -46.428022902571144 ], [ -71.397062285993556, -46.428621900802135 ], [ -71.392100900493446, -46.430232745728439 ], [ -71.383092509491263, -46.429080447386781 ], [ -71.367847626008398, -46.430143976349427 ], [ -71.355498259056318, -46.428968698961526 ], [ -71.351618714536329, -46.428990103651003 ], [ -71.341255862406257, -46.430210433286739 ], [ -71.334741770175768, -46.429857866087701 ], [ -71.329874438292961, -46.428913594818987 ], [ -71.325774974325341, -46.427206791278415 ], [ -71.314663727548265, -46.425430627855718 ], [ -71.294599138807129, -46.42341513311046 ], [ -71.289926112925031, -46.422109901015503 ], [ -71.282834568623812, -46.421059722283758 ], [ -71.27587942699833, -46.421013987178014 ], [ -71.272330549274329, -46.422092190810758 ], [ -71.269639335777924, -46.424012415303494 ], [ -71.263950289853028, -46.434048271847004 ], [ -71.260330310333345, -46.433040341681647 ], [ -71.263630791768975, -46.431832487615196 ], [ -71.26696815324712, -46.425792733808464 ], [ -71.266042215925012, -46.425032903617684 ], [ -71.26099179110399, -46.425677195093442 ], [ -71.258775232916122, -46.427605764720703 ], [ -71.257935334732281, -46.430501208472172 ], [ -71.258567925047558, -46.433686932411121 ], [ -71.259291842958717, -46.434909631708862 ], [ -71.261114800936525, -46.435804714372729 ], [ -71.264264079355613, -46.436439597358934 ], [ -71.26576042467174, -46.437849371482876 ], [ -71.265734809393948, -46.439271309829948 ], [ -71.262470216675467, -46.441198223694009 ], [ -71.261832220474105, -46.442290416193778 ], [ -71.263732190878002, -46.44487975201578 ], [ -71.268577939616193, -46.44600269867329 ], [ -71.274167852807224, -46.445378832751658 ], [ -71.275647287400659, -46.446370480751519 ], [ -71.274950327540651, -46.452681822519047 ], [ -71.273302817561088, -46.453753679686983 ], [ -71.272894161295227, -46.455741008690545 ], [ -71.276693875179589, -46.457505154669072 ], [ -71.277302139316987, -46.459292313448849 ], [ -71.291232181926603, -46.460241962476459 ], [ -71.29518249919191, -46.461386223488901 ], [ -71.297387981862684, -46.463060228202025 ], [ -71.29966932948534, -46.463904997722153 ], [ -71.27991589271042, -46.469977376675494 ], [ -71.274789556084102, -46.471082594654064 ], [ -71.260657411072501, -46.477336510076235 ], [ -71.256493219212174, -46.47748625364121 ], [ -71.245860932915136, -46.480106642584182 ], [ -71.241611491886175, -46.482070278610024 ], [ -71.23052078718824, -46.485462909857738 ], [ -71.22590941030154, -46.486241007007045 ], [ -71.215035967682525, -46.487009971321797 ], [ -71.206302401690806, -46.490215106617306 ], [ -71.198947385123745, -46.488867922314597 ], [ -71.194608346453577, -46.488906316442744 ], [ -71.189390873123827, -46.490180370870178 ], [ -71.18718819740991, -46.491931829325601 ], [ -71.186326712201137, -46.495542328278582 ], [ -71.18641610202252, -46.500776460688442 ], [ -71.183486293237635, -46.505366580291359 ], [ -71.179431529241953, -46.504971642508806 ], [ -71.173259346728116, -46.505386011790073 ], [ -71.167543004955633, -46.506371665908603 ], [ -71.159275188867383, -46.509969186358191 ], [ -71.154253099634673, -46.511147973642132 ], [ -71.147138434592208, -46.514700385995219 ], [ -71.147197176726365, -46.515612402887726 ], [ -71.145744910905705, -46.516458326665742 ], [ -71.145305394277486, -46.517541626732665 ], [ -71.146598882030432, -46.522753166427862 ], [ -71.145039332544457, -46.52402391759852 ], [ -71.143409930376222, -46.523024405163511 ], [ -71.140535453983404, -46.523339147113255 ], [ -71.140061720313241, -46.525048304963576 ], [ -71.138644778208104, -46.527134956373665 ], [ -71.138577660741333, -46.529907052461056 ], [ -71.140457026029082, -46.530132775820206 ], [ -71.13989898097671, -46.534258997266825 ], [ -71.141015547277689, -46.538785686796857 ], [ -71.142554363778302, -46.538797344806873 ], [ -71.142435417094873, -46.540081535327687 ], [ -71.144334144430829, -46.543023690852984 ], [ -71.147476483652653, -46.544102737562802 ], [ -71.147124301828811, -46.545503765096349 ], [ -71.147490223007949, -46.547260151127155 ], [ -71.150754513508645, -46.553891976161523 ], [ -71.154955204922629, -46.55673215287252 ], [ -71.161847898024362, -46.55838328985849 ], [ -71.168619997488051, -46.557162011261525 ], [ -71.170134477027347, -46.555896298798132 ], [ -71.174783440373176, -46.554260621053977 ], [ -71.178591132962069, -46.556536145824872 ], [ -71.182058937568058, -46.556182140724744 ], [ -71.183573995622424, -46.554776796885996 ], [ -71.186318768079772, -46.559150483113974 ], [ -71.182602827574101, -46.55958132351833 ], [ -71.180603107569951, -46.560775490093462 ], [ -71.180192267003846, -46.563378729183007 ], [ -71.182011021237898, -46.565961930520587 ], [ -71.185300363024197, -46.575192180686628 ], [ -71.165807975965166, -46.575302156465078 ], [ -71.161665547298782, -46.576932383202902 ], [ -71.145932209799895, -46.586193410080831 ], [ -71.141903468255208, -46.592813646184617 ], [ -71.141294294711869, -46.592919514502853 ], [ -71.142953197681194, -46.665801830967951 ], [ -71.08326313978209, -46.667471414661414 ], [ -71.086645251669935, -46.767714725378987 ], [ -71.08003600537387, -46.768028500721591 ], [ -71.080101318108518, -46.787908198926296 ], [ -71.097809691495613, -46.800237526765542 ], [ -71.109988455323347, -46.812018519568987 ], [ -71.093321476559765, -46.846351340308175 ], [ -71.085153889200342, -46.852550139552967 ], [ -71.025400935550451, -46.846318886346232 ], [ -70.961710572129931, -46.862258003854286 ], [ -70.958470413894347, -46.871880443734455 ], [ -70.963248246830673, -46.872864563164434 ], [ -70.957949460500288, -46.879193865673123 ], [ -70.964957644898846, -46.892373863814399 ], [ -70.960211267750267, -46.893921558899329 ], [ -70.967406571603689, -46.903625852001277 ], [ -70.972303245750794, -46.90195383027028 ], [ -70.990060610127841, -46.925516386526986 ], [ -70.988884448850243, -46.939052767158643 ], [ -70.976425045172434, -46.954070876869565 ], [ -71.014159102124509, -46.973315802878417 ], [ -71.021516639511972, -47.000010873479297 ], [ -71.003550930665497, -47.02845124690198 ], [ -71.000293079291936, -47.028931008758896 ], [ -70.994719599027533, -47.028789881811527 ], [ -70.990079874895883, -47.027224458899617 ], [ -70.984443024707332, -47.026521714727338 ], [ -70.978402622394938, -47.022726718879809 ], [ -70.970060359441177, -47.022929061708879 ], [ -70.959202364077697, -47.019899519594212 ], [ -70.945835222320085, -47.01782466945405 ], [ -70.937381484645812, -47.019744664269801 ], [ -70.919357662394262, -47.027537016835922 ], [ -70.909960996486149, -47.035268357537063 ], [ -70.898189314963062, -47.037704015205215 ], [ -70.884450312401015, -47.034188887064253 ], [ -70.877282090000605, -47.035476065224252 ], [ -70.877215565356735, -47.034892452095207 ], [ -70.859123979443382, -47.027307669038407 ], [ -70.806903580979323, -47.032272695540371 ], [ -70.770490313510081, -47.027426372516913 ], [ -70.772470608823781, -47.061695174699004 ], [ -70.764140761124494, -47.065471445785128 ], [ -70.766545615017563, -47.087248086632911 ], [ -70.772083423221844, -47.086447385769894 ], [ -70.761756281154305, -47.12191782484841 ], [ -70.763920754169149, -47.124106338805682 ], [ -70.779835820330888, -47.131942341341912 ], [ -70.7592210079398, -47.212223795597716 ], [ -70.760578684519857, -47.212162457082854 ], [ -70.761716502332092, -47.268800676582352 ], [ -70.7729692530812, -47.269989831340716 ], [ -70.774792362647716, -47.320338318140685 ], [ -71.600392841566517, -47.38440141263073 ], [ -72.014625495295363, -47.201778219825087 ], [ -72.012530795206374, -47.201208158918298 ], [ -72.008267538726955, -47.201967975017908 ], [ -72.002394439273687, -47.203556998241709 ], [ -71.991170942033008, -47.207656037494004 ], [ -71.978517639210196, -47.211183963502478 ], [ -71.961557353289024, -47.214214773123913 ], [ -71.917173207572262, -47.217203014783564 ], [ -71.913279389750159, -47.216380110034919 ], [ -71.910712777215679, -47.214898133731545 ], [ -71.908665450039749, -47.214639817845232 ], [ -71.904357177322751, -47.218608358310441 ], [ -71.896275219608015, -47.222155011200002 ], [ -71.887222967979156, -47.223539609347867 ], [ -71.884515717226279, -47.224750304782347 ], [ -71.881749350538783, -47.225116829318196 ], [ -71.875971130004245, -47.223512469461461 ], [ -71.873552714599541, -47.222255329616004 ], [ -71.86929633779458, -47.219236085986786 ], [ -71.867838966409408, -47.217370015708177 ], [ -71.867472115701972, -47.215220240409927 ], [ -71.869123762697754, -47.213838501758673 ], [ -71.878333471208606, -47.212518839841799 ], [ -71.881086590134785, -47.211675956465029 ], [ -71.883552314537198, -47.210403954167745 ], [ -71.887672081217048, -47.207201089318374 ], [ -71.888758197603778, -47.205325068989218 ], [ -71.888007613179838, -47.203171542506176 ], [ -71.885390488251133, -47.202922686825772 ], [ -71.884110261286068, -47.200917418812622 ], [ -71.885230059051139, -47.199175517623544 ], [ -71.889630904313378, -47.196122914478202 ], [ -71.891286749847438, -47.194353925772006 ], [ -71.892328562851603, -47.192398024378697 ], [ -71.893016444618951, -47.188242605685687 ], [ -71.892171269886035, -47.181980440172076 ], [ -71.889504742338687, -47.178251577965781 ], [ -71.885771674603234, -47.174918371288513 ], [ -71.856683704394257, -47.159707536811332 ], [ -71.855440192832489, -47.157669542350249 ], [ -71.854797309879942, -47.155517602520064 ], [ -71.858806382867286, -47.153060656597532 ], [ -71.860458153713395, -47.151404652129365 ], [ -71.861497932328888, -47.14940409378795 ], [ -71.866343951130673, -47.137273488670154 ], [ -71.866672691481924, -47.133091213386656 ], [ -71.869044126250117, -47.127310472814173 ], [ -71.8837697200196, -47.108350551905126 ], [ -71.885980411191738, -47.105861456486195 ], [ -71.889341373572549, -47.10357267612099 ], [ -71.892695938094718, -47.101900171669456 ], [ -71.89698951134595, -47.100784033543313 ], [ -71.923376816408037, -47.096924000205284 ], [ -71.931545415212895, -47.09400728820755 ], [ -71.935830739802014, -47.093784984850807 ], [ -71.94199997045331, -47.094643086892773 ], [ -71.944863612207712, -47.094259075189342 ], [ -71.947182472426121, -47.093074895912878 ], [ -71.950830579917707, -47.089548957849047 ], [ -71.953535351962415, -47.085763880357 ], [ -71.954158216125535, -47.083750715043642 ], [ -71.953988817223006, -47.081641053013392 ], [ -71.951343825186271, -47.071373011522724 ], [ -71.946863786671997, -47.065884020377887 ], [ -71.943539084962126, -47.06408494839873 ], [ -71.941679443269251, -47.062410053094084 ], [ -71.938784087294067, -47.061229518807608 ], [ -71.93200677393844, -47.059473750726106 ], [ -71.927942640307975, -47.059658775986676 ], [ -71.925021939574464, -47.058968819362114 ], [ -71.921473201716012, -47.057925992164172 ], [ -71.91953094427069, -47.056770111807367 ], [ -71.908687755592794, -47.052660746414091 ], [ -71.906126957296308, -47.047926496382139 ], [ -71.901433856347694, -47.043115833929939 ], [ -71.90119252236164, -47.041093375210551 ], [ -71.900177259072308, -47.039540329409554 ], [ -71.897121842697672, -47.038097420397669 ], [ -71.897160419906399, -47.035955416116003 ], [ -71.894985311112436, -47.034179798905001 ], [ -71.890819673271906, -47.028131907660232 ], [ -71.890978665515121, -47.026265734834219 ], [ -71.887873047116827, -47.020339378673455 ], [ -71.887668900355209, -47.01625138243832 ], [ -71.889084790645995, -47.012387869242097 ], [ -71.893904348382648, -47.008784642926877 ], [ -71.894949339956341, -47.006707131640766 ], [ -71.895736105248758, -47.002531092760442 ], [ -71.897399204823344, -46.999911647751802 ], [ -71.899634674634328, -46.997970361733834 ], [ -71.905164874699551, -46.996233289649943 ], [ -71.91010686442938, -46.992509307263049 ], [ -71.925494461504698, -46.98429486872665 ], [ -71.927530499798479, -46.982101740949467 ], [ -71.934361945311636, -46.978188890028889 ], [ -71.936623883205499, -46.976291168406377 ], [ -71.939808270751527, -46.974859983386033 ], [ -71.947110383675621, -46.966931035030406 ], [ -71.955929442174209, -46.953605275962936 ], [ -71.95753384609263, -46.949583057087253 ], [ -71.959508775041812, -46.941327578256974 ], [ -71.961209690684271, -46.937041916417733 ], [ -71.964090276308809, -46.934740784505045 ], [ -71.964921651515297, -46.932375762071622 ], [ -71.964228619553779, -46.928030626069749 ], [ -71.965418435696321, -46.925975669420133 ], [ -71.969112522888096, -46.921777628499292 ], [ -71.969369626320884, -46.916751135625873 ], [ -71.970303001867819, -46.91149117305266 ], [ -71.971249328513764, -46.909019655110775 ], [ -71.971330858220483, -46.906399670441402 ], [ -71.97024951688455, -46.905775537710703 ], [ -71.966780922237561, -46.905181852427283 ], [ -71.960998393419942, -46.901958150190524 ], [ -71.958300027411383, -46.899792438191533 ], [ -71.95820892030217, -46.897064475256435 ], [ -71.956822523455131, -46.89339392460974 ], [ -71.953106872908364, -46.892167488370674 ], [ -71.951068960084328, -46.890902155229604 ], [ -71.949341833635387, -46.888423292921139 ], [ -71.946559710111671, -46.887042125297612 ], [ -71.944678084967322, -46.8848505500182 ], [ -71.943755750994143, -46.882143969671851 ], [ -71.933849726388416, -46.87438744795697 ], [ -71.932635300788945, -46.872565390825926 ], [ -71.931858403044203, -46.868420100819023 ], [ -71.931708960897168, -46.864173258702124 ], [ -71.933143612279622, -46.857407362845571 ], [ -71.93515068756291, -46.853510019297651 ], [ -71.933959975302116, -46.851633387173905 ], [ -71.931725055659754, -46.849482143077459 ], [ -71.931071402740017, -46.847591712310212 ], [ -71.931844720561244, -46.844877542126667 ], [ -71.934111372757897, -46.843344043482624 ], [ -71.935201816455034, -46.837131199351234 ], [ -71.937348344351463, -46.834183819386794 ], [ -71.941451864302849, -46.831671873617843 ], [ -71.943781911726632, -46.829574285917829 ], [ -71.949253866126227, -46.822501739753285 ], [ -71.958550750652464, -46.816859385301633 ], [ -71.950985885690898, -46.814760811892235 ], [ -71.94683109267767, -46.812708860599557 ], [ -71.939098885269857, -46.810285452314311 ], [ -71.936931394831163, -46.808681338608473 ], [ -71.929672026680251, -46.808008404717427 ], [ -71.915073783024198, -46.803545998576951 ], [ -71.910736653876228, -46.80068322940464 ], [ -71.907922556079455, -46.799940665653821 ], [ -71.892211842872186, -46.79926853381734 ], [ -71.884380680980399, -46.800055570842524 ], [ -71.881116686647729, -46.800754087409452 ], [ -71.874716906949956, -46.803209166028061 ], [ -71.871219736506589, -46.803040630537566 ], [ -71.865165559119006, -46.8043079951455 ], [ -71.86231662638599, -46.805368913990499 ], [ -71.860095213010439, -46.80418301964017 ], [ -71.856607761251624, -46.804198214997868 ], [ -71.854365482576839, -46.80224355826865 ], [ -71.849548019316089, -46.801135718881085 ], [ -71.844713905945682, -46.800950197911547 ], [ -71.841521105493683, -46.79971613262807 ], [ -71.838958801246292, -46.799631331850222 ], [ -71.837294082055578, -46.797931887148337 ], [ -71.834789460559861, -46.79807046607322 ], [ -71.83108814865642, -46.794752606982065 ], [ -71.824287220311135, -46.791452743468412 ], [ -71.822237503936236, -46.78957816538945 ], [ -71.818772180807997, -46.7886200757818 ], [ -71.818452039745267, -46.787130104058939 ], [ -71.814258559777812, -46.784197169505333 ], [ -71.808005450484572, -46.783766128572104 ], [ -71.803703259575002, -46.780678043731896 ], [ -71.799725418422526, -46.780235727091302 ], [ -71.797560039184788, -46.776420365444338 ], [ -71.795120971950524, -46.77534199037806 ], [ -71.791527784256672, -46.774732553955921 ], [ -71.785699019513615, -46.770066232636786 ], [ -71.77991188136582, -46.768286374315458 ], [ -71.772310852648459, -46.767251912193622 ], [ -71.769008903720504, -46.763944852441305 ], [ -71.763434904208523, -46.760166347142253 ], [ -71.760447358856581, -46.758893573715852 ], [ -71.757866387277105, -46.75660784415993 ], [ -71.756015789599019, -46.75413802693464 ], [ -71.755065059151576, -46.750895321883142 ], [ -71.753162365199131, -46.748102849809953 ], [ -71.752354014132635, -46.745144570387119 ], [ -71.750822512035924, -46.742374609993 ], [ -71.747353044723624, -46.740348409964824 ], [ -71.743713281194886, -46.739666623569953 ], [ -71.741482334160807, -46.737799442598906 ], [ -71.741191347018145, -46.736447992998819 ], [ -71.742084083716293, -46.734636346204169 ], [ -71.741521712476725, -46.733093487802208 ], [ -71.736702783671987, -46.731980936566252 ], [ -71.729813607750913, -46.732941766201819 ], [ -71.729169603054572, -46.729385648204094 ], [ -71.727532493358382, -46.727665951766888 ], [ -71.721719129360707, -46.725559914267819 ], [ -71.719483342279631, -46.723764388370157 ], [ -71.717605362214528, -46.721276604308379 ], [ -71.709756653508677, -46.714684225024676 ], [ -71.707224154063539, -46.714456331663499 ], [ -71.704243527095741, -46.715206072895683 ], [ -71.702262855702088, -46.714438740067209 ], [ -71.697840060473766, -46.71118758805369 ], [ -71.69422018544833, -46.710130416582295 ], [ -71.692457477358161, -46.707626008297851 ], [ -71.691757514112112, -46.705253993863558 ], [ -71.68906415292291, -46.702699466554293 ], [ -71.683633396342117, -46.700510526046813 ], [ -71.682372554302418, -46.698947780176233 ], [ -71.680165271363663, -46.697942482624711 ], [ -71.673533580865637, -46.697827843673821 ], [ -71.667702177278201, -46.697037428533903 ], [ -71.665965697197379, -46.694765900776929 ], [ -71.663515612476715, -46.693001264507231 ], [ -71.655801940313722, -46.692272064299743 ], [ -71.651592434479809, -46.689810334031463 ], [ -71.647874239224251, -46.689100330508559 ], [ -71.645712328883889, -46.687463582732647 ], [ -71.645167744929907, -46.685213633892133 ], [ -71.645743287753575, -46.681876215628826 ], [ -71.647393038252915, -46.678455451268384 ], [ -71.647937095558774, -46.671335831642672 ], [ -71.648689896892421, -46.668021274903033 ], [ -71.647768854816576, -46.662343487580543 ], [ -71.649805695196505, -46.656898552266242 ], [ -71.651650724456033, -46.656154070679371 ], [ -71.651623216440314, -46.654656832017139 ], [ -71.653069035885153, -46.652698093253107 ], [ -71.654349612803443, -46.649434215297028 ], [ -71.652815703831521, -46.646118706141031 ], [ -71.650343171502897, -46.642703487333684 ], [ -71.648335554428584, -46.641112685983806 ], [ -71.647807621107319, -46.639663018949364 ], [ -71.648633904315545, -46.638128008112943 ], [ -71.648359399125965, -46.636384591020899 ], [ -71.648921245956089, -46.63538648274929 ], [ -71.651188390145421, -46.634942595779464 ], [ -71.651826815770448, -46.632840652372181 ], [ -71.655586865608299, -46.628547614949632 ], [ -71.657809892213734, -46.627609823865214 ], [ -71.658332252699353, -46.62501124475591 ], [ -71.659950067095821, -46.623318297984603 ], [ -71.659633251996752, -46.620383878070292 ], [ -71.660698312537448, -46.617939090623508 ], [ -71.661103430833094, -46.612154030831825 ], [ -71.662230082271662, -46.609505374993951 ], [ -71.666792234649236, -46.601990575527786 ], [ -71.668196361395232, -46.598822592015786 ], [ -71.668348075216201, -46.596331564560622 ], [ -71.670116110794851, -46.594266107924504 ], [ -71.669846427400046, -46.591434060784408 ], [ -71.670400791365665, -46.589172026795957 ], [ -71.670323529755763, -46.586803294028137 ], [ -71.66950120282111, -46.583876194547763 ], [ -71.669916573737709, -46.578918499017959 ], [ -71.669003172481453, -46.576258912801393 ], [ -71.665860257497343, -46.572625746668336 ], [ -71.665657176305942, -46.569148888477223 ], [ -71.666597518449947, -46.563652664834642 ], [ -71.665584853456139, -46.561553137614162 ], [ -71.66629245429138, -46.55869377948904 ], [ -71.666406102629409, -46.553828582609832 ], [ -71.668169374483313, -46.552887800809991 ], [ -71.6687355847437, -46.551138279993026 ], [ -71.667427450898188, -46.548460897888042 ], [ -71.665363085712499, -46.548243656994693 ], [ -71.662990547515591, -46.546391716329971 ], [ -71.662125037296718, -46.542026131826468 ], [ -71.660910864187002, -46.540592486523742 ], [ -71.659581138907754, -46.540061157009085 ], [ -71.658862124890376, -46.545358769676618 ], [ -71.660210604438134, -46.549605181356455 ], [ -71.660155391899153, -46.55174310870126 ], [ -71.659019772922846, -46.55525562924818 ], [ -71.658767139850681, -46.560092561553148 ], [ -71.651037022820191, -46.558702221879635 ], [ -71.650167220791246, -46.560859028714603 ], [ -71.643198806053704, -46.558433907546359 ], [ -71.641771426097606, -46.559254085069 ], [ -71.640882404228933, -46.564447537997694 ], [ -71.639547303607728, -46.567172783497021 ], [ -71.639999972345166, -46.576496049151267 ], [ -71.640612178583879, -46.578960403639968 ], [ -71.640322907212635, -46.586501521167612 ], [ -71.642594846070281, -46.592971369101221 ], [ -71.6432531001565, -46.596442228694549 ], [ -71.642374696517962, -46.601860327863356 ], [ -71.641467891044343, -46.603343184600647 ], [ -71.640968937575678, -46.60650342170927 ], [ -71.639844423333898, -46.60686675436591 ], [ -71.638339124597081, -46.606109826899072 ], [ -71.638268399396182, -46.604654056361603 ], [ -71.640287990797418, -46.599209642425329 ], [ -71.640004701904502, -46.596737697636307 ], [ -71.6389232880815, -46.594626037572979 ], [ -71.634403567134171, -46.588887161070659 ], [ -71.628823352990537, -46.57799510067526 ], [ -71.629528862170204, -46.572351660208447 ], [ -71.627494217155075, -46.563181676173848 ], [ -71.627196635366545, -46.557898653293528 ], [ -71.610517920338481, -46.553449695269784 ], [ -71.605735226665132, -46.555695448751578 ], [ -71.600119688530583, -46.557510128203134 ], [ -71.594264541111386, -46.557863562210535 ], [ -71.592276392804905, -46.557125979853303 ], [ -71.595316820584387, -46.555932450001045 ], [ -71.597979691364273, -46.553730830905792 ], [ -71.598401915643976, -46.552263823868593 ], [ -71.599335736101807, -46.551338459796092 ], [ -71.601406454089258, -46.550396218360788 ], [ -71.604027158524005, -46.547187821267329 ], [ -71.606879180274959, -46.545548452851151 ], [ -71.610261578360451, -46.541310443660031 ], [ -71.610148239481092, -46.538946982826332 ], [ -71.6107651436173, -46.538150209617768 ], [ -71.612205167886955, -46.537662994542167 ], [ -71.618525402556926, -46.533474514672044 ], [ -71.628844728952217, -46.531208974944384 ], [ -71.632094517229163, -46.531021736568199 ], [ -71.637879863544455, -46.529426460539923 ], [ -71.648076730652278, -46.527958185959214 ], [ -71.654732984131826, -46.527466426464358 ], [ -71.663267187049698, -46.528729822902534 ], [ -71.665492931894065, -46.527665845940859 ], [ -71.669034792647054, -46.526796012291577 ], [ -71.673946739154687, -46.526888131274674 ] ] ] } },
{ "type": "Feature", "properties": { "codigo_indec": "780350102" }, "geometry": { "type": "Polygon", "coordinates": [ [ [ -71.729826638281978, -46.30629357086967 ], [ -71.726588290008081, -46.301472183251754 ], [ -71.723629690260537, -46.293382719571724 ], [ -71.723396342180706, -46.287108562034433 ], [ -71.725516969176269, -46.276756721534611 ], [ -71.728589490378198, -46.274551152879901 ], [ -71.735734102184068, -46.273228712177584 ], [ -71.737622276161346, -46.271285167272787 ], [ -71.742043877594426, -46.256028567147517 ], [ -71.745513652414161, -46.248698323306833 ], [ -71.749906165923207, -46.240909412585815 ], [ -71.752885187930133, -46.230675769698443 ], [ -71.7563439725824, -46.222666169709697 ], [ -71.757444323925668, -46.218433597308476 ], [ -71.75839667671984, -46.216552759504921 ], [ -71.766213814581931, -46.213430767843107 ], [ -71.770814704002831, -46.210665196111897 ], [ -71.772386172129572, -46.208931163109149 ], [ -71.773330590176371, -46.204783182651219 ], [ -71.775125781498005, -46.200807959181809 ], [ -71.777707554085453, -46.197020508711361 ], [ -71.780923218076467, -46.193478476349149 ], [ -71.785395396981983, -46.19064796118974 ], [ -71.790502627473231, -46.188472024454924 ], [ -71.79645533724235, -46.187840620098655 ], [ -71.799444831358258, -46.18823073457213 ], [ -71.805015283270038, -46.189825982364141 ], [ -71.810104512350705, -46.192076074748265 ], [ -71.814284232040649, -46.195090593975834 ], [ -71.817892972989668, -46.19896475267511 ], [ -71.821424944450953, -46.201077305343581 ], [ -71.824245888048765, -46.201700354087514 ], [ -71.831153545202667, -46.19794860142472 ], [ -71.838503278238079, -46.192862899625062 ], [ -71.843931556748117, -46.191045461638517 ], [ -71.849790388049286, -46.190170694280489 ], [ -71.858605803692114, -46.191479894080018 ], [ -71.861413100798899, -46.191405106128549 ], [ -71.863993120413497, -46.190634189675066 ], [ -71.864568332420816, -46.188491998706958 ], [ -71.86460136517897, -46.181527564481691 ], [ -71.866575315145923, -46.171167575432733 ], [ -71.869818484267128, -46.16530561060052 ], [ -71.871315419612074, -46.164026413242588 ], [ -71.871978210045654, -46.162394800025666 ], [ -71.871450262513221, -46.160896588282988 ], [ -71.86684579376913, -46.158250190251955 ], [ -71.867341037711455, -46.156631805007585 ], [ -71.869356933981052, -46.156248293693324 ], [ -71.873214425488925, -46.158288096370022 ], [ -71.877866558021267, -46.159794923986105 ], [ -71.883147507461686, -46.160817850074118 ], [ -71.892521145412999, -46.16037842180048 ], [ -71.899014529966237, -46.158720301988232 ], [ -71.902166132501108, -46.157101787476982 ], [ -71.906496971358408, -46.15305099556047 ], [ -71.907929042561932, -46.147431929433097 ], [ -71.910148037995555, -46.142382094349671 ], [ -71.910323857145769, -46.135162039680949 ], [ -71.912289481344871, -46.133110107023171 ], [ -71.906169222825696, -46.132757673142002 ], [ -71.891334860713116, -46.128356775726758 ], [ -71.88578494722465, -46.127453488533668 ], [ -71.874774170179521, -46.124550729954088 ], [ -71.870391677989971, -46.120081489604821 ], [ -71.865884697807104, -46.116627364569865 ], [ -71.860336312353866, -46.114598178507961 ], [ -71.856162168292286, -46.114495708386272 ], [ -71.840173916122339, -46.116977212108608 ], [ -71.836047589017141, -46.116611904013261 ], [ -71.829658372180049, -46.109131937153393 ], [ -71.827022249799214, -46.107667729166415 ], [ -71.824191852867031, -46.1069550142414 ], [ -71.81814605664546, -46.106789455262401 ], [ -71.815914161323491, -46.107982622208695 ], [ -71.814171005537929, -46.109757504740152 ], [ -71.806618809398742, -46.11311027086078 ], [ -71.800648791906639, -46.112474078540373 ], [ -71.794618511001502, -46.113265068459135 ], [ -71.792142022977714, -46.112385451987691 ], [ -71.787413900711087, -46.109693882410014 ], [ -71.778612051116212, -46.108036978327675 ], [ -71.776616632321307, -46.106681976626049 ], [ -71.772732373406285, -46.100869822181743 ], [ -71.766097064563368, -46.093882607016802 ], [ -71.756140947196769, -46.089305406038051 ], [ -71.749925459120746, -46.084709311045508 ], [ -71.744288529638396, -46.083414368970971 ], [ -71.738270192174639, -46.083027992479032 ], [ -71.732563183518167, -46.084230816162083 ], [ -71.727165232745705, -46.0861997153538 ], [ -71.724433479949241, -46.086062476893112 ], [ -71.721730000655398, -46.084988812960937 ], [ -71.720094948947377, -46.083291345603271 ], [ -71.714957933000605, -46.080903409986369 ], [ -71.713358437667267, -46.079330958328349 ], [ -71.712800811766769, -46.070860038647545 ], [ -71.712039779338127, -46.068849288339749 ], [ -71.709637495088501, -46.06671103694211 ], [ -71.699509157417694, -46.063505020762662 ], [ -71.695250663919069, -46.071801857938269 ], [ -71.689995201070644, -46.085277277588645 ], [ -71.674683791110709, -46.106005965266668 ], [ -71.672745386018178, -46.111926341612602 ], [ -71.676411670698613, -46.117845949071203 ], [ -71.678651310448544, -46.123812395010752 ], [ -71.676963395345922, -46.127027878351591 ], [ -71.670983507692426, -46.135750918311615 ], [ -71.657641546771885, -46.149409004176057 ], [ -71.65443424573877, -46.154314904097056 ], [ -71.644970447035902, -46.172600128198987 ], [ -71.626957341383061, -46.19265586469092 ], [ -71.590379829375252, -46.202658839425915 ], [ -71.571107273614714, -46.203867918730381 ], [ -71.506098087223421, -46.219572291106232 ], [ -71.476598600011414, -46.225483128471041 ], [ -71.433761056434378, -46.241617072696826 ], [ -71.423512403240167, -46.245986884581043 ], [ -71.408735302668632, -46.253816081566335 ], [ -71.400662234192325, -46.261025876275411 ], [ -71.380577639399078, -46.263443329690737 ], [ -71.356855768823465, -46.270925462753695 ], [ -71.335626557453665, -46.279660736468315 ], [ -71.314645602388964, -46.283744758853814 ], [ -71.287997831542611, -46.293300488454861 ], [ -71.275095523811089, -46.299212433362428 ], [ -71.249925822582796, -46.312949183753688 ], [ -71.221997956555484, -46.324705274673583 ], [ -71.203162871822698, -46.331439451458493 ], [ -71.184324817183978, -46.339762945205436 ], [ -71.165046784235003, -46.349013786335043 ], [ -71.113036837480834, -46.369203566174171 ], [ -71.095072619893202, -46.3850890703091 ], [ -71.089101710767338, -46.393079208134765 ], [ -71.067602452464115, -46.393330656716337 ], [ -71.066303834357683, -46.394492182677197 ], [ -71.067240711499636, -46.403975433884185 ], [ -71.062275226633503, -46.412229335565669 ], [ -71.010498862089946, -46.412314999057322 ], [ -71.009939307258179, -46.398326489324958 ], [ -70.743127508876938, -46.402904024401394 ], [ -70.675280485990015, -46.399923978592994 ], [ -70.612184895230982, -46.404816456173798 ], [ -70.617889328628749, -46.541716150560475 ], [ -70.604157035258524, -46.530187702767975 ], [ -70.599869042502021, -46.524098941114538 ], [ -70.586954909620488, -46.520244128824849 ], [ -70.574070375928954, -46.520170310446794 ], [ -70.55779315103176, -46.523933157440212 ], [ -70.562939768617127, -46.677482745756741 ], [ -70.625471066117356, -46.67642240160108 ], [ -70.62698626109929, -46.766768343199196 ], [ -70.657206440998138, -46.766064752413577 ], [ -70.66204369157542, -46.853126929629312 ], [ -70.928739490684023, -46.847615729729917 ], [ -70.928010436192608, -46.848401648682923 ], [ -70.961642578338726, -46.862461573145652 ], [ -71.025400935550451, -46.846318886346232 ], [ -71.085153889200342, -46.852550139552967 ], [ -71.093321476559765, -46.846351340308175 ], [ -71.109988455323347, -46.812018519568987 ], [ -71.097809691495613, -46.800237526765542 ], [ -71.080101318108518, -46.787908198926296 ], [ -71.08003600537387, -46.768028500721591 ], [ -71.086645251669935, -46.767714725378987 ], [ -71.08326313978209, -46.667471414661414 ], [ -71.142953197681194, -46.665801830967951 ], [ -71.141294294711869, -46.592919514502853 ], [ -71.141903468255208, -46.592813646184617 ], [ -71.145932209799895, -46.586193410080831 ], [ -71.161665547298782, -46.576932383202902 ], [ -71.165807975965166, -46.575302156465078 ], [ -71.185300363024197, -46.575192180686628 ], [ -71.182011021237898, -46.565961930520587 ], [ -71.180192267003846, -46.563378729183007 ], [ -71.180603107569951, -46.560775490093462 ], [ -71.182602827574101, -46.55958132351833 ], [ -71.186318768079772, -46.559150483113974 ], [ -71.183573995622424, -46.554776796885996 ], [ -71.182058937568058, -46.556182140724744 ], [ -71.178591132962069, -46.556536145824872 ], [ -71.174783440373176, -46.554260621053977 ], [ -71.170134477027347, -46.555896298798132 ], [ -71.168619997488051, -46.557162011261525 ], [ -71.161847898024362, -46.55838328985849 ], [ -71.154955204922629, -46.55673215287252 ], [ -71.150754513508645, -46.553891976161523 ], [ -71.147490223007949, -46.547260151127155 ], [ -71.147124301828811, -46.545503765096349 ], [ -71.147476483652653, -46.544102737562802 ], [ -71.144334144430829, -46.543023690852984 ], [ -71.142435417094873, -46.540081535327687 ], [ -71.142554363778302, -46.538797344806873 ], [ -71.141015547277689, -46.538785686796857 ], [ -71.13989898097671, -46.534258997266825 ], [ -71.140457026029082, -46.530132775820206 ], [ -71.138577660741333, -46.529907052461056 ], [ -71.138644778208104, -46.527134956373665 ], [ -71.140061720313241, -46.525048304963576 ], [ -71.140535453983404, -46.523339147113255 ], [ -71.143409930376222, -46.523024405163511 ], [ -71.145039332544457, -46.52402391759852 ], [ -71.146598882030432, -46.522753166427862 ], [ -71.145305394277486, -46.517541626732665 ], [ -71.145744910905705, -46.516458326665742 ], [ -71.147197176726365, -46.515612402887726 ], [ -71.147138434592208, -46.514700385995219 ], [ -71.154253099634673, -46.511147973642132 ], [ -71.159275188867383, -46.509969186358191 ], [ -71.167543004955633, -46.506371665908603 ], [ -71.173259346728116, -46.505386011790073 ], [ -71.179431529241953, -46.504971642508806 ], [ -71.183486293237635, -46.505366580291359 ], [ -71.18641610202252, -46.500776460688442 ], [ -71.186326712201137, -46.495542328278582 ], [ -71.18718819740991, -46.491931829325601 ], [ -71.189390873123827, -46.490180370870178 ], [ -71.194608346453577, -46.488906316442744 ], [ -71.198947385123745, -46.488867922314597 ], [ -71.206302401690806, -46.490215106617306 ], [ -71.215035967682525, -46.487009971321797 ], [ -71.22590941030154, -46.486241007007045 ], [ -71.23052078718824, -46.485462909857738 ], [ -71.241611491886175, -46.482070278610024 ], [ -71.245860932915136, -46.480106642584182 ], [ -71.256493219212174, -46.47748625364121 ], [ -71.260657411072501, -46.477336510076235 ], [ -71.274789556084102, -46.471082594654064 ], [ -71.27991589271042, -46.469977376675494 ], [ -71.29966932948534, -46.463904997722153 ], [ -71.297387981862684, -46.463060228202025 ], [ -71.29518249919191, -46.461386223488901 ], [ -71.291232181926603, -46.460241962476459 ], [ -71.277302139316987, -46.459292313448849 ], [ -71.276693875179589, -46.457505154669072 ], [ -71.272894161295227, -46.455741008690545 ], [ -71.273302817561088, -46.453753679686983 ], [ -71.274950327540651, -46.452681822519047 ], [ -71.275647287400659, -46.446370480751519 ], [ -71.274167852807224, -46.445378832751658 ], [ -71.268577939616193, -46.44600269867329 ], [ -71.263732190878002, -46.44487975201578 ], [ -71.261832220474105, -46.442290416193778 ], [ -71.262470216675467, -46.441198223694009 ], [ -71.265734809393948, -46.439271309829948 ], [ -71.26576042467174, -46.437849371482876 ], [ -71.264264079355613, -46.436439597358934 ], [ -71.261114800936525, -46.435804714372729 ], [ -71.259291842958717, -46.434909631708862 ], [ -71.258567925047558, -46.433686932411121 ], [ -71.257935334732281, -46.430501208472172 ], [ -71.258775232916122, -46.427605764720703 ], [ -71.26099179110399, -46.425677195093442 ], [ -71.266042215925012, -46.425032903617684 ], [ -71.26696815324712, -46.425792733808464 ], [ -71.263630791768975, -46.431832487615196 ], [ -71.260330310333345, -46.433040341681647 ], [ -71.263950289853028, -46.434048271847004 ], [ -71.269639335777924, -46.424012415303494 ], [ -71.272330549274329, -46.422092190810758 ], [ -71.27587942699833, -46.421013987178014 ], [ -71.282834568623812, -46.421059722283758 ], [ -71.289926112925031, -46.422109901015503 ], [ -71.294599138807129, -46.42341513311046 ], [ -71.314663727548265, -46.425430627855718 ], [ -71.325774974325341, -46.427206791278415 ], [ -71.329874438292961, -46.428913594818987 ], [ -71.334741770175768, -46.429857866087701 ], [ -71.341255862406257, -46.430210433286739 ], [ -71.351618714536329, -46.428990103651003 ], [ -71.355498259056318, -46.428968698961526 ], [ -71.367847626008398, -46.430143976349427 ], [ -71.383092509491263, -46.429080447386781 ], [ -71.392100900493446, -46.430232745728439 ], [ -71.397062285993556, -46.428621900802135 ], [ -71.403951135189828, -46.428022902571144 ], [ -71.409644087358885, -46.42678746662645 ], [ -71.418280970513507, -46.423141420954835 ], [ -71.422007171574705, -46.420916865251613 ], [ -71.430175262931812, -46.417810638276038 ], [ -71.443888820976724, -46.415476035892858 ], [ -71.450071040122083, -46.412653729449758 ], [ -71.450664751615861, -46.41088218699673 ], [ -71.448731540673123, -46.408737474426744 ], [ -71.447237388434033, -46.408045258950473 ], [ -71.447564780835606, -46.406787735633642 ], [ -71.453111894703497, -46.402588898033869 ], [ -71.456566930133206, -46.40184444903845 ], [ -71.460418186054923, -46.399647426689185 ], [ -71.464038491877076, -46.399474969382268 ], [ -71.471881249971233, -46.397420845528003 ], [ -71.477314708252919, -46.395009088351038 ], [ -71.481912361686909, -46.393960204708371 ], [ -71.488879547465601, -46.391483089383534 ], [ -71.491880526761108, -46.389002128089935 ], [ -71.492677760077356, -46.387594778168165 ], [ -71.490184205681814, -46.383366785512692 ], [ -71.491739656018282, -46.380125615842886 ], [ -71.494619688665267, -46.376931988308449 ], [ -71.498633655367939, -46.374811079542233 ], [ -71.510248168900674, -46.37327004812709 ], [ -71.518429632849731, -46.37361184791996 ], [ -71.523697439827657, -46.375173499199356 ], [ -71.528009386684886, -46.375451554506306 ], [ -71.531531973816143, -46.376718564034945 ], [ -71.548415065904294, -46.376748174104357 ], [ -71.552339250115978, -46.377416311124364 ], [ -71.559948165335058, -46.37591912696714 ], [ -71.581540107128973, -46.374097420394897 ], [ -71.590229062220132, -46.372240937486332 ], [ -71.601909662365216, -46.371471777576275 ], [ -71.609662348291735, -46.36990052544806 ], [ -71.622242180300432, -46.369198709957523 ], [ -71.632556757302979, -46.367544592860938 ], [ -71.640739447197276, -46.367508736002968 ], [ -71.645443779508938, -46.36568607254253 ], [ -71.647165096365299, -46.365605726039298 ], [ -71.65726639449025, -46.369896577483104 ], [ -71.669198464613416, -46.37178217622133 ], [ -71.673777450831608, -46.37399175633449 ], [ -71.674509904526232, -46.375216148528445 ], [ -71.679033148101951, -46.376342730682921 ], [ -71.685964513954985, -46.37634195973564 ], [ -71.691047456751932, -46.375295721270376 ], [ -71.691426897028137, -46.373892309125331 ], [ -71.701726249686104, -46.369780716508401 ], [ -71.702881064899827, -46.368754781230471 ], [ -71.701828024931913, -46.367299738620225 ], [ -71.697574402460305, -46.367089849222822 ], [ -71.692923183560325, -46.367977763873725 ], [ -71.690321708299919, -46.369586460592537 ], [ -71.689952794563183, -46.371138066374094 ], [ -71.683526744988853, -46.372220304694643 ], [ -71.675004883912507, -46.37164640167353 ], [ -71.672495316461891, -46.370625526489746 ], [ -71.668678694266248, -46.370251396350042 ], [ -71.662113365435616, -46.368542232143426 ], [ -71.661164276933974, -46.36733180181556 ], [ -71.66113692156695, -46.365164253774509 ], [ -71.659397284717883, -46.363194007968254 ], [ -71.659789499974252, -46.362105284733786 ], [ -71.66611109406503, -46.358224367424818 ], [ -71.668264150191959, -46.354341547045344 ], [ -71.668466806424476, -46.352766901582939 ], [ -71.67439075390277, -46.351553310496953 ], [ -71.67875915521455, -46.351612926520026 ], [ -71.679796830725522, -46.350050169729819 ], [ -71.679097488249624, -46.349099429088625 ], [ -71.676655732337551, -46.348382940299842 ], [ -71.675076232814945, -46.347164896049321 ], [ -71.676324931109335, -46.346397931290305 ], [ -71.675777635872564, -46.345299662361548 ], [ -71.67275225936524, -46.344398828896658 ], [ -71.666129445768007, -46.344049734395981 ], [ -71.656034439551021, -46.340875098865155 ], [ -71.653256239277312, -46.338762452501712 ], [ -71.650853023196206, -46.337684651320203 ], [ -71.639285756350958, -46.33491154345537 ], [ -71.631420705073452, -46.334157283566746 ], [ -71.628447090343101, -46.33281774738365 ], [ -71.621043558258108, -46.331723778280661 ], [ -71.611257602374891, -46.327912829725179 ], [ -71.608459587558244, -46.326015466241131 ], [ -71.606607925338764, -46.323601634317519 ], [ -71.603187805000445, -46.321174033082229 ], [ -71.584742833687642, -46.312506127665664 ], [ -71.582051819785931, -46.310155862430136 ], [ -71.575699867808453, -46.307316826190316 ], [ -71.570717960318873, -46.303920316881118 ], [ -71.568361340323847, -46.303631437908258 ], [ -71.558529710807392, -46.298791376335295 ], [ -71.559812051460028, -46.294349788120215 ], [ -71.562191118112878, -46.291305070662908 ], [ -71.564920986522324, -46.289386009884907 ], [ -71.568926964000809, -46.290407105786748 ], [ -71.571750617305455, -46.290150159110922 ], [ -71.575451496575724, -46.288397916742476 ], [ -71.575852850025655, -46.287547679216964 ], [ -71.578461845066187, -46.287421358623817 ], [ -71.584614780779759, -46.287250855560529 ], [ -71.593950500306178, -46.288388802074529 ], [ -71.604718155783985, -46.293919724495616 ], [ -71.608586703690406, -46.294074381714552 ], [ -71.611843807746624, -46.295835300499327 ], [ -71.61380313009235, -46.296096384003626 ], [ -71.620299215259877, -46.298678092578172 ], [ -71.645069700637947, -46.31103109981612 ], [ -71.660198834761289, -46.315466107015169 ], [ -71.682825990248332, -46.31917000991703 ], [ -71.684469205550741, -46.318519641316804 ], [ -71.684947240937305, -46.317077936115552 ], [ -71.68441113378988, -46.315475626928077 ], [ -71.68248756947574, -46.314108322136882 ], [ -71.681536006551255, -46.311773524750556 ], [ -71.682178470852662, -46.308848014317775 ], [ -71.684137387008363, -46.307690920847648 ], [ -71.687379771016566, -46.307295323002677 ], [ -71.697477077116744, -46.303476697645152 ], [ -71.703918586710486, -46.302019916728597 ], [ -71.706293676034591, -46.30089307595582 ], [ -71.708276321169564, -46.300693153406428 ], [ -71.710725970714691, -46.302195991977179 ], [ -71.716990254017716, -46.302479042807519 ], [ -71.720937843126222, -46.301067082321531 ], [ -71.72240916030637, -46.301877725817668 ], [ -71.722382777217334, -46.304159022326822 ], [ -71.729826638281978, -46.30629357086967 ] ], [ [ -70.924845326504652, -46.604049926598364 ], [ -70.924617776174571, -46.606469199915551 ], [ -70.904694237940532, -46.604850606579667 ], [ -70.906176830508727, -46.602743316672047 ], [ -70.912601209632072, -46.598556340361185 ], [ -70.914325096990737, -46.594420788937434 ], [ -70.916022499937426, -46.593983041727959 ], [ -70.91639332191005, -46.593396581241556 ], [ -70.916192004865223, -46.592405887658501 ], [ -70.916670320222138, -46.591907585770983 ], [ -70.915951796367381, -46.591514802062747 ], [ -70.915644953577996, -46.593638519413588 ], [ -70.91393464005921, -46.593802096721603 ], [ -70.913051834218578, -46.59504483230495 ], [ -70.911087538231783, -46.591141889491148 ], [ -70.913134617156729, -46.590630870257549 ], [ -70.916393805707074, -46.588043903223507 ], [ -70.916009154909645, -46.58333189869289 ], [ -70.917192370888003, -46.576092698786006 ], [ -70.920879198203195, -46.576039826382313 ], [ -70.926499085564544, -46.570804012902379 ], [ -70.928036267380293, -46.568353652998866 ], [ -70.933277677605489, -46.568382112215723 ], [ -70.932394001046404, -46.571320786366911 ], [ -70.924119424544273, -46.578850613417082 ], [ -70.921607704427714, -46.58225738764564 ], [ -70.925507007296005, -46.582574134301119 ], [ -70.926853904257229, -46.580266438776952 ], [ -70.928799227771094, -46.579936773627786 ], [ -70.938914661034147, -46.575847911027459 ], [ -70.943813090579411, -46.572647599673253 ], [ -70.945705757434567, -46.573955834008189 ], [ -70.945940818919212, -46.572777841101498 ], [ -70.947324756851458, -46.571899651641885 ], [ -70.952010295649089, -46.5737854191322 ], [ -70.954031991503655, -46.573413537237613 ], [ -70.957567134179868, -46.574135738853755 ], [ -70.956967778932565, -46.577690467006079 ], [ -70.953733742757578, -46.579000722453216 ], [ -70.952403555036412, -46.581650304088015 ], [ -70.954642402212528, -46.582048370025433 ], [ -70.954892921314354, -46.585296179703249 ], [ -70.955680035993382, -46.585323204175374 ], [ -70.943990391714607, -46.590195986369437 ], [ -70.944649896134877, -46.59030172285329 ], [ -70.942883112749058, -46.592256916089511 ], [ -70.940672696220602, -46.593760809964039 ], [ -70.938614763383882, -46.593597800028782 ], [ -70.938351991079173, -46.595194561218307 ], [ -70.936774922235315, -46.59506834718416 ], [ -70.936671148061635, -46.595726818680646 ], [ -70.933599148413975, -46.595490925874614 ], [ -70.930071141100356, -46.597480181115223 ], [ -70.926939414793296, -46.597218128976877 ], [ -70.926636384050084, -46.599161888913898 ], [ -70.927254604315664, -46.599205448735674 ], [ -70.926589869593187, -46.603647214328255 ], [ -70.924845326504652, -46.604049926598364 ] ] ] } },
{ "type": "Feature", "properties": { "codigo_indec": "780211202" }, "geometry": { "type": "Polygon", "coordinates": [ [ [ -69.212862073210957, -51.634330681539275 ], [ -69.213002069744874, -51.638779455513834 ], [ -69.217733166322972, -51.636609180794906 ], [ -69.21596015969827, -51.635088999564282 ], [ -69.2145369429429, -51.635743233745991 ], [ -69.212862073210957, -51.634330681539275 ] ] ] } },
{ "type": "Feature", "properties": { "codigo_indec": "780141115" }, "geometry": { "type": "Polygon", "coordinates": [ [ [ -67.522758015294016, -46.447333961601288 ], [ -67.519300821345141, -46.449079486409268 ], [ -67.518607584808137, -46.452205676246209 ], [ -67.520231875527713, -46.453747061499882 ], [ -67.526275241809046, -46.450712431555417 ], [ -67.522758015294016, -46.447333961601288 ] ] ] } },
{ "type": "Feature", "properties": { "codigo_indec": "780141102" }, "geometry": { "type": "Polygon", "coordinates": [ [ [ -67.525831259993893, -46.432435442395679 ], [ -67.522166802802786, -46.438757450581399 ], [ -67.523632504272499, -46.439896410835935 ], [ -67.527290971754979, -46.43958823897119 ], [ -67.533392275680114, -46.440503303896115 ], [ -67.534204735113647, -46.440050417797906 ], [ -67.532150057928973, -46.438908532336704 ], [ -67.529731100301603, -46.43897641267872 ], [ -67.530379122814949, -46.436533279591636 ], [ -67.531032214194312, -46.43595691869745 ], [ -67.530119246033209, -46.435068056744434 ], [ -67.528120326904684, -46.435006358592283 ], [ -67.528004250141464, -46.434001787813123 ], [ -67.525831259993893, -46.432435442395679 ] ] ] } },
{ "type": "Feature", "properties": { "codigo_indec": "780141101" }, "geometry": { "type": "Polygon", "coordinates": [ [ [ -67.541884406532077, -46.43217347701453 ], [ -67.534249719329637, -46.430852380457608 ], [ -67.533039340447274, -46.429653857116222 ], [ -67.526759690398038, -46.430936045681754 ], [ -67.526217877260308, -46.431608277122074 ], [ -67.52639010825861, -46.432217740817535 ], [ -67.525831259993893, -46.432435442395679 ], [ -67.528004250141464, -46.434001787813123 ], [ -67.528120326904684, -46.435006358592283 ], [ -67.5299228045685, -46.435115010448911 ], [ -67.531849278617969, -46.434483039448317 ], [ -67.538973248481312, -46.43788938621654 ], [ -67.541237733569758, -46.440315783250057 ], [ -67.541785268635635, -46.438815904955177 ], [ -67.542657294665801, -46.438687581342315 ], [ -67.54165458115628, -46.437617744462976 ], [ -67.542143303376378, -46.437223645849997 ], [ -67.541884406532077, -46.43217347701453 ] ] ] } },
{ "type": "Feature", "properties": { "codigo_indec": "780140905" }, "geometry": { "type": "Polygon", "coordinates": [ [ [ -67.96304275573506, -46.796840621321749 ], [ -67.957237122977077, -46.798515020302126 ], [ -67.960402768191869, -46.803671295124914 ], [ -67.966198953435025, -46.802001148952165 ], [ -67.96304275573506, -46.796840621321749 ] ] ] } },
{ "type": "Feature", "properties": { "codigo_indec": "780140901" }, "geometry": { "type": "Polygon", "coordinates": [ [ [ -67.972750449637971, -46.791427373943677 ], [ -67.97066292550285, -46.788084748318134 ], [ -67.96476973723432, -46.789605818253818 ], [ -67.960901396301935, -46.783386290811656 ], [ -67.953361746956517, -46.785746394166402 ], [ -67.952482967126457, -46.784465476985261 ], [ -67.948603834563244, -46.785617322503164 ], [ -67.948349252134463, -46.784904331229768 ], [ -67.94311728559407, -46.784410850066088 ], [ -67.939306090872492, -46.785760911105051 ], [ -67.941985451235254, -46.789374955313598 ], [ -67.938967790240824, -46.790314042957398 ], [ -67.936205875871821, -46.789402337003672 ], [ -67.931795508403866, -46.79469563887119 ], [ -67.925906248211703, -46.792800919264501 ], [ -67.924813988945985, -46.80456587609001 ], [ -67.936949847897623, -46.801170974266057 ], [ -67.937305241035403, -46.801749991573494 ], [ -67.955995787397811, -46.796493191863121 ], [ -67.957237122977077, -46.798515020302126 ], [ -67.9688580262671, -46.79515701892808 ], [ -67.968235571810126, -46.794143904136469 ], [ -67.971491775990614, -46.793215185152732 ], [ -67.970761841039192, -46.791998717225098 ], [ -67.972750449637971, -46.791427373943677 ] ] ] } },
{ "type": "Feature", "properties": { "codigo_indec": "780140503" }, "geometry": { "type": "Polygon", "coordinates": [ [ [ -66.038069249841726, -47.65211017911826 ], [ -66.042082258094993, -47.654066818702134 ], [ -66.049079773151988, -47.646839591864193 ], [ -66.04519147298619, -47.644800954433052 ], [ -66.038069249841726, -47.65211017911826 ] ] ] } },
{ "type": "Feature", "properties": { "codigo_indec": "780140402" }, "geometry": { "type": "Polygon", "coordinates": [ [ [ -67.254094484645123, -47.025892409071396 ], [ -67.252758241085445, -47.024815062104494 ], [ -67.252656604973595, -47.023999425734836 ], [ -67.251219530658929, -47.025709100527813 ], [ -67.249106713945594, -47.027161050525578 ], [ -67.247295480025826, -47.026229296540834 ], [ -67.246098559092431, -47.02692610145602 ], [ -67.247567286652782, -47.028073019617501 ], [ -67.244351854509418, -47.030245622252053 ], [ -67.248289280596879, -47.033346383036978 ], [ -67.253287964248798, -47.030350825778257 ], [ -67.254347729353341, -47.031136096995425 ], [ -67.256696230810192, -47.029719124112859 ], [ -67.255705930924208, -47.028921439759415 ], [ -67.259696605645203, -47.026557909143889 ], [ -67.257763969905199, -47.025107239333899 ], [ -67.256318543530497, -47.025966784052336 ], [ -67.255305307719453, -47.025168746272456 ], [ -67.254094484645123, -47.025892409071396 ] ] ] } },
{ "type": "Feature", "properties": { "codigo_indec": "780280505" }, "geometry": { "type": "Polygon", "coordinates": [ [ [ -72.315107392292944, -50.342900403069009 ], [ -72.300648123079512, -50.343820227152726 ], [ -72.29782620794964, -50.345226792484006 ], [ -72.292929230941454, -50.346350404354013 ], [ -72.289271591321693, -50.346498989685827 ], [ -72.290297296940139, -50.361325811795751 ], [ -72.29380990991497, -50.361248761121153 ], [ -72.293742701129332, -50.359771374669982 ], [ -72.297283643409614, -50.359648451246777 ], [ -72.297102309063874, -50.357540321694032 ], [ -72.305112207928289, -50.352955770536816 ], [ -72.309628742977694, -50.3515097581273 ], [ -72.318539929490242, -50.344263710390372 ], [ -72.315107392292944, -50.342900403069009 ] ] ] } },
{ "type": "Feature", "properties": { "codigo_indec": "780140219" }, "geometry": { "type": "Polygon", "coordinates": [ [ [ -67.510858730654903, -46.454871350328276 ], [ -67.510183420177626, -46.458631950257889 ], [ -67.51016206680211, -46.461919771336007 ], [ -67.511706085118988, -46.463064398178837 ], [ -67.522917995677943, -46.463317728546812 ], [ -67.522788327020351, -46.458125266618602 ], [ -67.51752005042826, -46.4573868725114 ], [ -67.518225458535085, -46.455016528141769 ], [ -67.516348807839634, -46.45569839386998 ], [ -67.510858730654903, -46.454871350328276 ] ] ] } },
{ "type": "Feature", "properties": { "codigo_indec": "780140215" }, "geometry": { "type": "Polygon", "coordinates": [ [ [ -67.517111366290962, -46.463089640902943 ], [ -67.50006241833546, -46.462655868541738 ], [ -67.499310168291487, -46.46314528588141 ], [ -67.497977576685216, -46.462606011864857 ], [ -67.498462038079367, -46.461321424395699 ], [ -67.497762687751191, -46.461307740851353 ], [ -67.496497576848384, -46.462811466031539 ], [ -67.495473235561107, -46.465969141060988 ], [ -67.497054664961425, -46.469412976043422 ], [ -67.497033208341179, -46.472556850062453 ], [ -67.494898705534411, -46.475002716941134 ], [ -67.491013090641687, -46.478253094401467 ], [ -67.487082833598251, -46.483801261657412 ], [ -67.489335723161048, -46.484748651584177 ], [ -67.491498608425488, -46.48271259041956 ], [ -67.494385727420095, -46.482269346284319 ], [ -67.496378311161251, -46.483213169992965 ], [ -67.497963154905932, -46.484659885400859 ], [ -67.501926087079823, -46.485710440513849 ], [ -67.504387035187079, -46.485850606746524 ], [ -67.517622135880259, -46.483953829382685 ], [ -67.520338847160161, -46.482945462638099 ], [ -67.52077725399549, -46.481786135249891 ], [ -67.519503092989595, -46.464906369621943 ], [ -67.518707172475331, -46.463771542042672 ], [ -67.517111366290962, -46.463089640902943 ] ] ] } },
{ "type": "Feature", "properties": { "codigo_indec": "780140214" }, "geometry": { "type": "Polygon", "coordinates": [ [ [ -67.510176630332722, -46.459715900195526 ], [ -67.509694709453015, -46.459367765929784 ], [ -67.508070758056562, -46.460439623946939 ], [ -67.506739050020926, -46.460224325465049 ], [ -67.506307969828356, -46.459921821681355 ], [ -67.506516269460477, -46.459326297163585 ], [ -67.505013033684818, -46.458245105648622 ], [ -67.505187508460338, -46.457815570338603 ], [ -67.50174083629166, -46.456641442054867 ], [ -67.499735173335978, -46.460114656115309 ], [ -67.498000764184042, -46.461171427677805 ], [ -67.498462038079367, -46.461321424395699 ], [ -67.497977576685216, -46.462606011864857 ], [ -67.49970923426261, -46.463191005171815 ], [ -67.50006241833546, -46.462655868541738 ], [ -67.511706085118988, -46.463064398178837 ], [ -67.51016206680211, -46.461919771336007 ], [ -67.510176630332722, -46.459715900195526 ] ] ] } },
{ "type": "Feature", "properties": { "codigo_indec": "780211409" }, "geometry": { "type": "Polygon", "coordinates": [ [ [ -69.241865350658031, -51.622307068125011 ], [ -69.241262009830635, -51.624937287362386 ], [ -69.240112230017587, -51.62528568050476 ], [ -69.242444035946178, -51.625901058011394 ], [ -69.243664811720578, -51.62532779585316 ], [ -69.244723814995069, -51.62622888307213 ], [ -69.249592449314036, -51.627926346562987 ], [ -69.253113370920758, -51.626781833428936 ], [ -69.248547017684359, -51.622926765865628 ], [ -69.241865350658031, -51.622307068125011 ] ] ] } },
{ "type": "Feature", "properties": { "codigo_indec": "780211215" }, "geometry": { "type": "Polygon", "coordinates": [ [ [ -69.206389101597381, -51.636993677570914 ], [ -69.205091790892425, -51.63758466006044 ], [ -69.206168474491236, -51.638508531708517 ], [ -69.20490357789636, -51.639090467094441 ], [ -69.20656760382974, -51.640516632578368 ], [ -69.209147958018036, -51.639352622526474 ], [ -69.206389101597381, -51.636993677570914 ] ] ] } },
{ "type": "Feature", "properties": { "codigo_indec": "780211212" }, "geometry": { "type": "Polygon", "coordinates": [ [ [ -69.231608815909453, -51.64198887566382 ], [ -69.230000526422074, -51.644607523282268 ], [ -69.225358547041395, -51.64586135008507 ], [ -69.228989992966447, -51.650487597919835 ], [ -69.238027069365657, -51.65178186580053 ], [ -69.231608815909453, -51.64198887566382 ] ] ] } },
{ "type": "Feature", "properties": { "codigo_indec": "780211107" }, "geometry": { "type": "Polygon", "coordinates": [ [ [ -69.220767532311569, -51.621962149423936 ], [ -69.217635834490338, -51.619289583768442 ], [ -69.213382011589005, -51.621243284833547 ], [ -69.217622869529464, -51.624880117596739 ], [ -69.220439636434278, -51.623576103795017 ], [ -69.219326767312026, -51.622620970431221 ], [ -69.220767532311569, -51.621962149423936 ] ] ] } },
{ "type": "Feature", "properties": { "codigo_indec": "780211013" }, "geometry": { "type": "Polygon", "coordinates": [ [ [ -69.232054594073858, -51.618237344221754 ], [ -69.230585302473671, -51.618909842322978 ], [ -69.226227636178834, -51.620913646986551 ], [ -69.228341201500484, -51.62272062960956 ], [ -69.234161046484559, -51.620044237044951 ], [ -69.232054594073858, -51.618237344221754 ] ] ] } },
{ "type": "Feature", "properties": { "codigo_indec": "780211009" }, "geometry": { "type": "Polygon", "coordinates": [ [ [ -69.238175344969108, -51.613897380097178 ], [ -69.23516522615482, -51.615287595491424 ], [ -69.233732146083881, -51.615955566896346 ], [ -69.234884996445501, -51.616937448840623 ], [ -69.24050879612065, -51.614256636204878 ], [ -69.238175344969108, -51.613897380097178 ] ] ] } },
{ "type": "Feature", "properties": { "codigo_indec": "780211003" }, "geometry": { "type": "Polygon", "coordinates": [ [ [ -69.228842679678053, -51.615484342279096 ], [ -69.224065479324054, -51.611404028960841 ], [ -69.217771402426393, -51.613676347321771 ], [ -69.222000965639893, -51.617290577450113 ], [ -69.22491804374215, -51.615954806502224 ], [ -69.225936597756217, -51.616824683769941 ], [ -69.228842679678053, -51.615484342279096 ] ] ] } },
{ "type": "Feature", "properties": { "codigo_indec": "780210802" }, "geometry": { "type": "Polygon", "coordinates": [ [ [ -72.324146488977902, -51.538390260353609 ], [ -72.326606606735396, -51.538217058379182 ], [ -72.330096931430532, -51.53694904418132 ], [ -72.331802955344585, -51.537161311937638 ], [ -72.33197001187277, -51.535403217849876 ], [ -72.333611241839478, -51.536948045155981 ], [ -72.336225865639122, -51.537705363088662 ], [ -72.336701648676907, -51.536621827701325 ], [ -72.335393575658344, -51.53638032381761 ], [ -72.33520852540282, -51.535329086397461 ], [ -72.335971063767204, -51.535307384124351 ], [ -72.336682812557456, -51.533902428174244 ], [ -72.335408536202891, -51.529146217670743 ], [ -72.329657198155914, -51.529152410324407 ], [ -72.329890746860968, -51.529833625579819 ], [ -72.326610121941584, -51.530115613940396 ], [ -72.326766466493623, -51.530776547563846 ], [ -72.325811746177308, -51.530830619032805 ], [ -72.325242573603546, -51.531970707561051 ], [ -72.323279806670314, -51.533721277751525 ], [ -72.322529395493007, -51.537865153475323 ], [ -72.324146488977902, -51.538390260353609 ] ] ] } },
{ "type": "Feature", "properties": { "codigo_indec": "780211308" }, "geometry": { "type": "Polygon", "coordinates": [ [ [ -69.196270647677409, -51.640269149564688 ], [ -69.195463092902983, -51.640589567866321 ], [ -69.195788884958503, -51.644961649811428 ], [ -69.196807292937592, -51.644941971721757 ], [ -69.203334802602058, -51.641982812613044 ], [ -69.201688960408163, -51.640574546336047 ], [ -69.199735563376066, -51.641472183625595 ], [ -69.198662590560872, -51.640557235154539 ], [ -69.197336245363118, -51.641161662479391 ], [ -69.196270647677409, -51.640269149564688 ] ] ] } },
{ "type": "Feature", "properties": { "codigo_indec": "780140107" }, "geometry": { "type": "Polygon", "coordinates": [ [ [ -68.945242193039533, -46.546713505470478 ], [ -68.928235106443537, -46.548093963723069 ], [ -68.929697726465946, -46.556420551318951 ], [ -68.938875918288758, -46.555692660532053 ], [ -68.9394199699681, -46.558971942261607 ], [ -68.945595514521173, -46.55847577558368 ], [ -68.945112379948895, -46.555848752524895 ], [ -68.946693650053177, -46.555741549901185 ], [ -68.945242193039533, -46.546713505470478 ] ] ] } },
{ "type": "Feature", "properties": { "codigo_indec": "780070503" }, "geometry": { "type": "Polygon", "coordinates": [ [ [ -68.910221493048624, -49.986795919676467 ], [ -68.929761032642404, -49.984062802031396 ], [ -68.928685660979909, -49.9828843927802 ], [ -68.926938887986182, -49.983166506206601 ], [ -68.926055302319043, -49.981997183473332 ], [ -68.924929121792161, -49.982198746177978 ], [ -68.924456774583263, -49.981110590801535 ], [ -68.915527437345233, -49.982673272999563 ], [ -68.915114640194375, -49.981535675303583 ], [ -68.918200388164067, -49.980962500735018 ], [ -68.917362835767605, -49.97951893383091 ], [ -68.90812562563822, -49.981714656421964 ], [ -68.910221493048624, -49.986795919676467 ] ] ] } },
{ "type": "Feature", "properties": { "codigo_indec": "780280704" }, "geometry": { "type": "Polygon", "coordinates": [ [ [ -72.276386748920501, -50.329898467300005 ], [ -72.276209648910353, -50.332070692913398 ], [ -72.274545175356508, -50.330391037074428 ], [ -72.27449101741, -50.329808041209908 ], [ -72.268433801257871, -50.330949842242653 ], [ -72.26271827962195, -50.328165434320738 ], [ -72.259729406761011, -50.330983109733758 ], [ -72.257676194782874, -50.331157614063216 ], [ -72.257736401391838, -50.332037202897013 ], [ -72.255710515648744, -50.332098497798206 ], [ -72.257352931687066, -50.333823999933749 ], [ -72.255887866071234, -50.33510155855533 ], [ -72.256735702277524, -50.335788208743445 ], [ -72.256429189919984, -50.336134024881474 ], [ -72.256755756926211, -50.337159020901431 ], [ -72.257370210476424, -50.337155281537022 ], [ -72.256578024984321, -50.33897601595681 ], [ -72.254809996960702, -50.339524657151408 ], [ -72.255972504227927, -50.339829302630172 ], [ -72.255072058009588, -50.340839228311573 ], [ -72.255866884043016, -50.341109214055919 ], [ -72.257263811969167, -50.340373125768579 ], [ -72.258723215964679, -50.340498559016119 ], [ -72.259253662732107, -50.337421690345252 ], [ -72.258172556970493, -50.337330617775557 ], [ -72.259225250087695, -50.337314576055647 ], [ -72.259409665995349, -50.336724881259158 ], [ -72.25835905236373, -50.336052930871681 ], [ -72.27097246146036, -50.337123774612273 ], [ -72.273688040679261, -50.337843125594119 ], [ -72.284927806359889, -50.33737294932407 ], [ -72.285010822059078, -50.336489320479728 ], [ -72.281743288136724, -50.3347966357709 ], [ -72.281613758758681, -50.333936999517711 ], [ -72.280106568085912, -50.332657647873411 ], [ -72.27988675917932, -50.331863507724265 ], [ -72.279312695314516, -50.331789789129708 ], [ -72.279356547590424, -50.33003048559079 ], [ -72.276386748920501, -50.329898467300005 ] ] ] } },
{ "type": "Feature", "properties": { "codigo_indec": "780140501" }, "geometry": { "type": "Polygon", "coordinates": [ [ [ -66.758211619182944, -47.398590980788171 ], [ -66.726907142796719, -47.397506481379864 ], [ -66.728400073466901, -47.37148616796587 ], [ -66.746162639073646, -47.371805485995907 ], [ -66.747364129591986, -47.350204750121058 ], [ -66.748795705228133, -47.304717156261518 ], [ -66.658880017141556, -47.30335999831459 ], [ -66.66209112451439, -47.21311237817288 ], [ -66.594736027861259, -47.211951311158238 ], [ -66.601939026571429, -47.121846146622104 ], [ -66.631838569738235, -47.122374091610894 ], [ -66.602557608506757, -47.110502214838633 ], [ -66.607011874705336, -47.042287290140109 ], [ -66.603397867609928, -47.041078222468784 ], [ -66.599308027925161, -47.042265397896593 ], [ -66.593985237856486, -47.042846296460674 ], [ -66.585142422026721, -47.046699118731475 ], [ -66.580806861319275, -47.047408177375544 ], [ -66.574329907541411, -47.045854280390749 ], [ -66.56934627216792, -47.048586685292065 ], [ -66.562728250651091, -47.050348533938674 ], [ -66.546823141228927, -47.049406033670394 ], [ -66.543761566923109, -47.048796135258598 ], [ -66.542829129545538, -47.047678649425301 ], [ -66.539200559216326, -47.046881038818945 ], [ -66.526159854335376, -47.045569913609022 ], [ -66.522839780579901, -47.044513077166343 ], [ -66.521658935636395, -47.043655412664435 ], [ -66.517847563711399, -47.04312303442638 ], [ -66.517306242952642, -47.042027312757952 ], [ -66.512142174585563, -47.041793736044703 ], [ -66.491032806221952, -47.04540798471092 ], [ -66.485465233258878, -47.045564666309005 ], [ -66.480988228052993, -47.04631631195155 ], [ -66.479358301565966, -47.047530829552159 ], [ -66.46190862341733, -47.048746430682954 ], [ -66.445549377030829, -47.052740899647219 ], [ -66.444280323895654, -47.05402594267111 ], [ -66.434717937244869, -47.055395260270153 ], [ -66.428763322745766, -47.055158189980325 ], [ -66.424417139261223, -47.056234408637437 ], [ -66.420934741476941, -47.05829697007902 ], [ -66.414854688026452, -47.058946925837553 ], [ -66.411272124687784, -47.058717520241338 ], [ -66.409065494676852, -47.058006402450893 ], [ -66.400459302256891, -47.060860803904561 ], [ -66.397636064123603, -47.0605132793617 ], [ -66.394196649154324, -47.062409585351496 ], [ -66.387404943005549, -47.064539666999565 ], [ -66.384223012179419, -47.064390525011341 ], [ -66.367830465654322, -47.066771893028914 ], [ -66.359186954912843, -47.069374953684672 ], [ -66.355492223211883, -47.06914121343582 ], [ -66.34883730380119, -47.070853867531795 ], [ -66.339031862966948, -47.070581334007862 ], [ -66.329906151936655, -47.072253407123839 ], [ -66.321763964672087, -47.07274683980161 ], [ -66.32140822681832, -47.073539136529341 ], [ -66.308946022355769, -47.074506198359224 ], [ -66.299569215363874, -47.072256793070608 ], [ -66.283949297978708, -47.075957757768364 ], [ -66.264364862351371, -47.079629367192751 ], [ -66.247266422499564, -47.079475768612802 ], [ -66.237310141639767, -47.081588261335298 ], [ -66.227408537662058, -47.084344412166388 ], [ -66.20836908536505, -47.087722784776965 ], [ -66.203002189715505, -47.087906601151317 ], [ -66.202898292463232, -47.088632721500858 ], [ -66.185516148256369, -47.088498942646552 ], [ -66.183490452162687, -47.087886870428967 ], [ -66.182417981183036, -47.086807962229074 ], [ -66.173887732165667, -47.085419182301514 ], [ -66.17171358246469, -47.083822689912644 ], [ -66.163421263860897, -47.082803336413683 ], [ -66.158762936007278, -47.082732759640869 ], [ -66.15220592556868, -47.083815705229888 ], [ -66.150273504000566, -47.084797625172925 ], [ -66.138748651553954, -47.08475295266085 ], [ -66.137269663602652, -47.084027784164086 ], [ -66.128924522762745, -47.084124586582185 ], [ -66.124494751365944, -47.084332720159146 ], [ -66.115984527609129, -47.086569939818361 ], [ -66.105451045464903, -47.086330988840544 ], [ -66.090410140093766, -47.081739502340689 ], [ -66.086038321381977, -47.078835046429667 ], [ -66.081827204880184, -47.077094987106982 ], [ -66.073418955461719, -47.075296987323377 ], [ -66.053402692682255, -47.07394221650258 ], [ -66.053110332750947, -47.073215016009968 ], [ -66.045153234525969, -47.072631998450518 ], [ -66.041080751306467, -47.072819133825533 ], [ -66.040026095656117, -47.073376592239363 ], [ -66.0369808953904, -47.073261798790377 ], [ -66.036001187625345, -47.074010074919642 ], [ -66.026557335402771, -47.074057438257768 ], [ -66.026036321801413, -47.074664616890246 ], [ -66.013679451209114, -47.074644168266559 ], [ -66.010799324595652, -47.073579416923025 ], [ -66.005019968955708, -47.073792634354 ], [ -66.001314297863843, -47.074536704693038 ], [ -65.99896970107423, -47.075662702033313 ], [ -65.991249644123229, -47.076193143792338 ], [ -65.98317904284086, -47.07243625363234 ], [ -65.974443905577388, -47.075898458349513 ], [ -65.967641638012012, -47.075682415434528 ], [ -65.966447267855884, -47.076946174611351 ], [ -65.962327257953035, -47.078478636996287 ], [ -65.957132347317128, -47.078821895115134 ], [ -65.94836045509112, -47.077751671706245 ], [ -65.94577958941143, -47.080453568534033 ], [ -65.942593228663767, -47.080845261643539 ], [ -65.94198367351521, -47.083842618468566 ], [ -65.93657022981192, -47.086949857629051 ], [ -65.931967472701658, -47.087055939064271 ], [ -65.924199670406395, -47.090774142531643 ], [ -65.91816429803778, -47.092644841999494 ], [ -65.905907904260715, -47.097464281377206 ], [ -65.902605396796829, -47.097734774920731 ], [ -65.902202438285116, -47.09832209841376 ], [ -65.898201809236923, -47.098533081645314 ], [ -65.893983207733669, -47.098018331130334 ], [ -65.885613415229813, -47.097925777712618 ], [ -65.881694398632405, -47.096739529832938 ], [ -65.87789534231166, -47.096995776611251 ], [ -65.87510287774721, -47.1028389047164 ], [ -65.872062140613522, -47.104591005053017 ], [ -65.870720606040791, -47.107077696927369 ], [ -65.868922105240586, -47.10791910118202 ], [ -65.860650869124939, -47.109316255337248 ], [ -65.857678404318094, -47.11134872279893 ], [ -65.857975928490447, -47.118432224515729 ], [ -65.856802278929592, -47.124368816260422 ], [ -65.855031016807047, -47.129537807981613 ], [ -65.850349712031985, -47.137208553063076 ], [ -65.839579162194212, -47.146370855719141 ], [ -65.8308551982648, -47.150829983298884 ], [ -65.826453926749323, -47.152547688732881 ], [ -65.819331442500484, -47.156434117034756 ], [ -65.815912137011694, -47.157706418243777 ], [ -65.813100753193112, -47.16005707045089 ], [ -65.809655635841906, -47.164229660628628 ], [ -65.802981484958167, -47.170596959779274 ], [ -65.790311694774232, -47.179166309528028 ], [ -65.788651782672275, -47.179834922563408 ], [ -65.788517607463305, -47.180582319041875 ], [ -65.757647432493243, -47.19950300691584 ], [ -65.75326702259612, -47.201420907544012 ], [ -65.752705628537498, -47.201157592059658 ], [ -65.749336524170317, -47.202937606776139 ], [ -65.746684916830915, -47.203127645125257 ], [ -65.745666256132239, -47.202032664604744 ], [ -65.740480236151996, -47.202870142644194 ], [ -65.742764859084147, -47.204361043536238 ], [ -65.744577559338182, -47.20703943473157 ], [ -65.74207929319121, -47.208439185427757 ], [ -65.741860862099841, -47.211194722854891 ], [ -65.743612114741325, -47.212616443452056 ], [ -65.745906736982434, -47.212173435244843 ], [ -65.746951016525784, -47.210696300828793 ], [ -65.747222940244711, -47.208841869230504 ], [ -65.750037368151396, -47.208260619442399 ], [ -65.754169123436156, -47.209236980458243 ], [ -65.757811756010454, -47.212065992953804 ], [ -65.760511048443178, -47.214998631911357 ], [ -65.762744444332355, -47.219514804698328 ], [ -65.762660838658675, -47.22646628402692 ], [ -65.762121707344249, -47.230490198525587 ], [ -65.760952527027769, -47.233961025110311 ], [ -65.755774349953796, -47.243215096856993 ], [ -65.75236194448415, -47.247440859728464 ], [ -65.749472855842043, -47.2623100265467 ], [ -65.748208162284811, -47.264563559539411 ], [ -65.747690661284295, -47.266968749877634 ], [ -65.743180725897346, -47.273479486887226 ], [ -65.73874390145761, -47.282758358784989 ], [ -65.735861618588785, -47.296502854763681 ], [ -65.730679759388423, -47.310082662416768 ], [ -65.730160098061702, -47.313036450377446 ], [ -65.730485841449521, -47.315258730704237 ], [ -65.729079786090836, -47.317463030266389 ], [ -65.725536995055876, -47.327261676273409 ], [ -65.72431611197139, -47.327694535418331 ], [ -65.723525941719956, -47.331054357707188 ], [ -65.723266177322159, -47.337546408003455 ], [ -65.724534078845892, -47.341594822987986 ], [ -65.724302851171771, -47.349549502716151 ], [ -65.725743216777687, -47.352100531447071 ], [ -65.726266651868158, -47.354229512516625 ], [ -65.725840026570467, -47.360851715993832 ], [ -65.727807818750918, -47.369004178840619 ], [ -65.731289778810961, -47.378913525168521 ], [ -65.731791593294517, -47.387392866179702 ], [ -65.731259395098277, -47.398024155471632 ], [ -65.730512083826113, -47.399127290711498 ], [ -65.731625236350155, -47.406238719460326 ], [ -65.731573298123848, -47.411463762426649 ], [ -65.731078929351042, -47.412331234259 ], [ -65.730932863530327, -47.414742419941788 ], [ -65.731513067219765, -47.419603182274656 ], [ -65.73474928362532, -47.432307497554177 ], [ -65.735154362833569, -47.438665518947097 ], [ -65.734843366874713, -47.441224926892446 ], [ -65.735615510329907, -47.446046143512639 ], [ -65.7368699021563, -47.448596185980215 ], [ -65.736346829762951, -47.45329502479467 ], [ -65.739187710905355, -47.461930834053781 ], [ -65.740910229855388, -47.470215397818308 ], [ -65.744110571803844, -47.477354514350182 ], [ -65.743712668769987, -47.484323831270281 ], [ -65.744125999658635, -47.491586071634373 ], [ -65.744752888690897, -47.493627907411081 ], [ -65.74440222372823, -47.499456110327557 ], [ -65.745350159223364, -47.512454740060818 ], [ -65.746632439503813, -47.514906486532027 ], [ -65.747405866680751, -47.515067880710589 ], [ -65.747994221208856, -47.516987156295457 ], [ -65.750715824427516, -47.519520183720132 ], [ -65.751806165115681, -47.521431185584419 ], [ -65.752306318198492, -47.524512866046834 ], [ -65.753299513504743, -47.526708956956135 ], [ -65.754694397439778, -47.52777847503873 ], [ -65.758605852300292, -47.53978137490175 ], [ -65.758752881964014, -47.542781062067625 ], [ -65.760740545001838, -47.54690327595727 ], [ -65.761531878451763, -47.556047149244598 ], [ -65.762601878896064, -47.556797032687612 ], [ -65.761931871885878, -47.55753372607176 ], [ -65.763076472849647, -47.561492628263231 ], [ -65.764298253880355, -47.563339741977543 ], [ -65.764900326305252, -47.566185842905085 ], [ -65.768294944496404, -47.571818394039461 ], [ -65.768803302742697, -47.575543389185036 ], [ -65.769873525667421, -47.577161275535914 ], [ -65.771411730586507, -47.581760861955871 ], [ -65.773355805118257, -47.585710682907781 ], [ -65.77526726456712, -47.587059846141727 ], [ -65.775925006370286, -47.588418686183019 ], [ -65.77710059563978, -47.588654155933035 ], [ -65.777871882340406, -47.590654858905545 ], [ -65.781331786020786, -47.594566189880631 ], [ -65.781818159895494, -47.597854212502824 ], [ -65.783709430619311, -47.599922302254107 ], [ -65.784062466929939, -47.602459944048128 ], [ -65.786107232762902, -47.604523303863346 ], [ -65.787849857247437, -47.611952957311722 ], [ -65.790615564648732, -47.620009429877555 ], [ -65.792485026851267, -47.624298632188804 ], [ -65.793221887637927, -47.624814003544458 ], [ -65.793538464706117, -47.6268153556302 ], [ -65.797317520874728, -47.636932961470528 ], [ -65.800148697844278, -47.641347844624747 ], [ -65.80081574825644, -47.643772745288302 ], [ -65.802085580730491, -47.645265443685375 ], [ -65.806965138788897, -47.655067070891256 ], [ -65.809888466017782, -47.659691156393883 ], [ -65.81065069521631, -47.662258068911058 ], [ -65.812622073624837, -47.663995047468731 ], [ -65.81374431931043, -47.666284095190363 ], [ -65.814810216977023, -47.670429113877375 ], [ -65.816039150179151, -47.670422778440958 ], [ -65.817962323000089, -47.673233270796281 ], [ -65.820924945965643, -47.679706695995648 ], [ -65.822888150452869, -47.682635149616139 ], [ -65.8239509225142, -47.686519117605769 ], [ -65.825522158988704, -47.689985377837765 ], [ -65.826338037085563, -47.690426253540736 ], [ -65.827814728313172, -47.695509025837808 ], [ -65.83035848003118, -47.699096572136568 ], [ -65.830722784722994, -47.70187721158382 ], [ -65.833258564553034, -47.705329537716068 ], [ -65.833791342558101, -47.707147819371926 ], [ -65.835477663213268, -47.709834512640555 ], [ -65.835852046910702, -47.712179135177031 ], [ -65.841114179418383, -47.721638907815837 ], [ -65.842805721765814, -47.723205711868523 ], [ -65.849785004083643, -47.734848718441661 ], [ -65.850886686739486, -47.737528097287388 ], [ -65.851214169069493, -47.740442569859603 ], [ -65.848613720662883, -47.744526944355805 ], [ -65.853290128031261, -47.74753387454399 ], [ -65.857103132585507, -47.747723914122858 ], [ -65.859016121450793, -47.749399982829772 ], [ -65.859313357140067, -47.751274643474119 ], [ -65.861890065197471, -47.752564054149616 ], [ -65.866384151322649, -47.752192226940856 ], [ -65.875386664122203, -47.753877153195759 ], [ -65.877677028378898, -47.753552749969032 ], [ -65.881773185456495, -47.748793292868342 ], [ -65.878873941825361, -47.748431057794313 ], [ -65.880431021367656, -47.746759837021699 ], [ -65.874273285306401, -47.742854600413764 ], [ -65.872552364122058, -47.741251490311711 ], [ -65.871946655871128, -47.73789772127531 ], [ -65.872162576472164, -47.736909634376552 ], [ -65.897333174425469, -47.737553068209429 ], [ -65.901916299790287, -47.738855378108433 ], [ -65.902957182815484, -47.738505698628529 ], [ -65.910121296033012, -47.739576026035238 ], [ -65.909565849957445, -47.741917808391236 ], [ -65.910892997504391, -47.741463331933389 ], [ -65.912000285819119, -47.740836507134603 ], [ -65.912113169506966, -47.739436290336791 ], [ -65.913627636056844, -47.736715529400151 ], [ -65.919081505908423, -47.729769464713868 ], [ -65.938419748486837, -47.707106748730453 ], [ -65.963535806608107, -47.692060024733451 ], [ -65.969852221433712, -47.685889998491866 ], [ -65.976951389316056, -47.682857124805729 ], [ -65.994348785932573, -47.676820012794863 ], [ -66.025820918173096, -47.666527243795834 ], [ -66.031838684219537, -47.661209616837162 ], [ -66.038348849624583, -47.654226786546666 ], [ -66.038069249841726, -47.65211017911826 ], [ -66.04519147298619, -47.644800954433052 ], [ -66.056590559589225, -47.635536782306559 ], [ -66.078366445702557, -47.628857216196465 ], [ -66.113680155059612, -47.618935119060701 ], [ -66.127609667877309, -47.614382636950559 ], [ -66.14648752982923, -47.60972238509359 ], [ -66.155419872428794, -47.609840962014815 ], [ -66.187922519552245, -47.59825209081712 ], [ -66.394542783881889, -47.528578872861196 ], [ -66.498284480912602, -47.492814024497413 ], [ -66.721414732348876, -47.417802798519688 ], [ -66.731808108014874, -47.413255094078117 ], [ -66.737181952271484, -47.412551783312196 ], [ -66.742006024431589, -47.410834435106523 ], [ -66.758211619182944, -47.398590980788171 ] ] ] } },
{ "type": "Feature", "properties": { "codigo_indec": "780280301" }, "geometry": { "type": "Polygon", "coordinates": [ [ [ -71.157125545024329, -49.635491116613188 ], [ -71.01522472180919, -49.638489648150838 ], [ -71.019949394377193, -49.730852521075526 ], [ -70.878693420271816, -49.734385749734628 ], [ -70.883555151062055, -49.852420210778071 ], [ -70.744955380481272, -49.854230288945509 ], [ -70.743530529325355, -49.82815869090237 ], [ -70.607390061301032, -49.830468743916214 ], [ -70.623091044030303, -50.210112774925499 ], [ -70.632221913286614, -50.209184652544252 ], [ -70.643602060183639, -50.210939226101942 ], [ -70.647592249758446, -50.212181868965565 ], [ -70.664652695298756, -50.221311548397523 ], [ -70.669234393631896, -50.222396625925896 ], [ -70.68357796178158, -50.227786413217707 ], [ -70.687976801619143, -50.227830471213721 ], [ -70.694319591661085, -50.22874510822313 ], [ -70.704023140828212, -50.228486300576563 ], [ -70.708948965492027, -50.227096787897757 ], [ -70.715166050762008, -50.224303418982963 ], [ -70.727973210992459, -50.222603159218302 ], [ -70.738671915868821, -50.218919106608929 ], [ -70.744354560361572, -50.218164093052692 ], [ -70.750865051542533, -50.218209999620484 ], [ -70.756847746630399, -50.217238564650195 ], [ -70.770656285450897, -50.216466969221365 ], [ -70.776048169979504, -50.215355196353904 ], [ -70.782779092628232, -50.215027314111239 ], [ -70.789773772361869, -50.213512672474401 ], [ -70.79422611106024, -50.210625331143085 ], [ -70.802456457117515, -50.208281641827703 ], [ -70.805287974784278, -50.206745172415765 ], [ -70.808858199560305, -50.20335398740135 ], [ -70.813466666350507, -50.200760163486954 ], [ -70.823304724072386, -50.199599150889554 ], [ -70.831119490991441, -50.196455240844784 ], [ -70.834734280448686, -50.195481113377568 ], [ -70.841030289886916, -50.195489373753588 ], [ -70.843751149768053, -50.196857796571344 ], [ -70.85258101045838, -50.199450548421467 ], [ -70.857777322726861, -50.201606304178213 ], [ -70.869207471774729, -50.203841491561903 ], [ -70.876473343734773, -50.207208344120296 ], [ -70.883061176203796, -50.207205121934109 ], [ -70.892018894978506, -50.204159945369504 ], [ -70.899894374936437, -50.204314603316689 ], [ -70.905060959850942, -50.205304401947124 ], [ -70.91177703073042, -50.209042210991363 ], [ -70.92129596505012, -50.212333204062311 ], [ -70.928652900885737, -50.217920586271958 ], [ -70.934150403708827, -50.220890622818452 ], [ -70.941079087557682, -50.226560778234798 ], [ -70.947012605559735, -50.232534920753331 ], [ -70.948235067303514, -50.235530916018099 ], [ -70.951509326034639, -50.237359578319776 ], [ -70.955422019269932, -50.242364724286837 ], [ -70.962817973476234, -50.250480276683923 ], [ -70.966027113957168, -50.252646797110103 ], [ -70.968858946278488, -50.256028916834545 ], [ -70.973409777657082, -50.259678486678517 ], [ -70.977874613427858, -50.261319850349601 ], [ -70.983902093738195, -50.264611197890304 ], [ -70.990218636811761, -50.267245434819287 ], [ -71.007345983392881, -50.271082178381043 ], [ -71.01162409168596, -50.271152046685444 ], [ -71.019714328289254, -50.270058646395782 ], [ -71.027560796163954, -50.270582829952268 ], [ -71.040866620646909, -50.268695517406876 ], [ -71.045293435566663, -50.269211086243885 ], [ -71.048246096654225, -50.268552173928562 ], [ -71.050522463050527, -50.266601415800721 ], [ -71.051711180113358, -50.260479972881612 ], [ -71.051349738807758, -50.25671908401938 ], [ -71.051741079984623, -50.253668684167785 ], [ -71.054284276768854, -50.250849983588928 ], [ -71.058981020144245, -50.247822244306512 ], [ -71.059402116416777, -50.239457525475814 ], [ -71.062519417498592, -50.23527078978892 ], [ -71.068472582410777, -50.23119983628839 ], [ -71.072409604061704, -50.227200523328754 ], [ -71.075747895837267, -50.224758254017267 ], [ -71.081235788447856, -50.221643510047549 ], [ -71.086920619565191, -50.218722769047837 ], [ -71.098756317544726, -50.21660336759399 ], [ -71.10356281735622, -50.21445742628233 ], [ -71.107517465885891, -50.211908651966489 ], [ -71.113103796719741, -50.211101335540135 ], [ -71.132533654383991, -50.211182269211349 ], [ -71.140979515156985, -50.21331065932727 ], [ -71.146188629806588, -50.214019233354556 ], [ -71.15086543932388, -50.213325805024823 ], [ -71.154339104993738, -50.213764933252683 ], [ -71.159025089471285, -50.213277804403369 ], [ -71.163423409850893, -50.213402756057697 ], [ -71.175458508969839, -50.215691009964253 ], [ -71.1839515847836, -50.219559713514769 ], [ -71.187594143755959, -50.22068700412877 ], [ -71.19276512805213, -50.220225344526952 ], [ -71.200593752496459, -50.222702739187362 ], [ -71.212372944703645, -50.223004952829285 ], [ -71.218385260685608, -50.22398721313543 ], [ -71.222897104597763, -50.223514321142162 ], [ -71.226297581390469, -50.22227581994575 ], [ -71.229452092965118, -50.219297619353526 ], [ -71.231602182574576, -50.218150390401952 ], [ -71.241337350573474, -50.218363037630603 ], [ -71.247581332787249, -50.217639947285384 ], [ -71.251949463407584, -50.218225187279202 ], [ -71.243536411099768, -50.08778276663184 ], [ -71.180815346144016, -50.088767142964542 ], [ -71.170693758920123, -49.905591721435428 ], [ -71.157125545024329, -49.635491116613188 ] ] ] } },
{ "type": "Feature", "properties": { "codigo_indec": "780070401" }, "geometry": { "type": "Polygon", "coordinates": [ [ [ -68.822667483418755, -49.975290697753238 ], [ -68.814766086401477, -49.979054361288611 ], [ -68.808977221855045, -49.97981815730131 ], [ -68.797409730648113, -49.977946492675585 ], [ -68.77969638947944, -49.976574625021023 ], [ -68.776730505623746, -49.977310671847007 ], [ -68.7589090207087, -49.977517750684413 ], [ -68.753015848005546, -49.97945629417039 ], [ -68.7309448531188, -49.984626195994153 ], [ -68.724973181375177, -49.985308957791872 ], [ -68.715111254113481, -49.98536158100702 ], [ -68.711584493387292, -49.986364298715422 ], [ -68.705981685537623, -49.987073970994516 ], [ -68.695435276638094, -49.990571040385802 ], [ -68.687065789357746, -49.99255364905806 ], [ -68.675458679392648, -49.994225461942222 ], [ -68.666573012635979, -49.994505944931106 ], [ -68.654922131761012, -49.992871572023702 ], [ -68.64123492795936, -49.989040562351065 ], [ -68.613381710615755, -49.978000644803842 ], [ -68.593045093871268, -49.966773835329896 ], [ -68.590513311431877, -49.967007671165526 ], [ -68.585041805563961, -49.965873401081453 ], [ -68.579687345337106, -49.966932990921421 ], [ -68.569629927365995, -49.972115128730422 ], [ -68.564668090158293, -49.976668305751296 ], [ -68.557902615671892, -49.983192325770133 ], [ -68.552229883918429, -49.990102265304841 ], [ -68.547127522642043, -49.997364778504469 ], [ -68.543552527708158, -50.000421028322158 ], [ -68.539141686401706, -50.001127329038219 ], [ -68.53317927665816, -50.005400954876016 ], [ -68.524236795174161, -50.010435274969915 ], [ -68.521581056891918, -50.011296434017588 ], [ -68.511711101260204, -50.018474685108899 ], [ -68.511553993724945, -50.022272502082032 ], [ -68.51477323127925, -50.029617736460644 ], [ -68.515788846570942, -50.03340696306222 ], [ -68.51670676274081, -50.041034693735419 ], [ -68.514675563575665, -50.052462056748425 ], [ -68.512893299332234, -50.056104704777447 ], [ -68.510393735020784, -50.059533025303374 ], [ -68.507133795526073, -50.062850179418795 ], [ -68.502179402610096, -50.064865366796262 ], [ -68.500786339938344, -50.066536096264301 ], [ -68.500900182357753, -50.070370995221523 ], [ -68.502702634513213, -50.07403332948185 ], [ -68.497800962480142, -50.080903366535722 ], [ -68.4946479700194, -50.084126224302871 ], [ -68.487248347251366, -50.090139811375074 ], [ -68.484194580515606, -50.093434743013816 ], [ -68.473806146918704, -50.100270255118716 ], [ -68.466343914324952, -50.106111399387835 ], [ -68.456399975505335, -50.110263767879445 ], [ -68.445152512768487, -50.113038033938984 ], [ -68.433479079513887, -50.113588515889745 ], [ -68.42831461651123, -50.115518606573545 ], [ -68.416394866718477, -50.115562698866988 ], [ -68.410768477904668, -50.116891828518071 ], [ -68.408892080689668, -50.120527880936777 ], [ -68.405525716657053, -50.123630347743081 ], [ -68.404039984460667, -50.127286298500657 ], [ -68.400884360460225, -50.1305290599473 ], [ -68.396221585734665, -50.132909826412067 ], [ -68.393291053127399, -50.132660804316046 ], [ -68.391410927596908, -50.131199026589847 ], [ -68.388484764324744, -50.130617263132415 ], [ -68.385409038094494, -50.13079881359694 ], [ -68.37813627491677, -50.134041571231108 ], [ -68.372194548200468, -50.134369215746595 ], [ -68.360906755815037, -50.13675301857473 ], [ -68.356946984949872, -50.139455233264727 ], [ -68.355511976795228, -50.143447978323927 ], [ -68.354434179847459, -50.15284587389943 ], [ -68.359352924494601, -50.162762450904012 ], [ -68.362838249436095, -50.165883275478635 ], [ -68.368977605023488, -50.169449975334608 ], [ -68.382081705614141, -50.17521127190102 ], [ -68.392583704998486, -50.181613791745654 ], [ -68.397928577462494, -50.184113937772217 ], [ -68.402096156841864, -50.186747131535348 ], [ -68.442295776142359, -50.197043106204532 ], [ -68.454458224532942, -50.200521632615065 ], [ -68.462246724771731, -50.203237026559933 ], [ -68.464916764005707, -50.204651826654498 ], [ -68.470502964324822, -50.206169793343548 ], [ -68.515988440947424, -50.217075490206192 ], [ -68.521723133597135, -50.218762418641482 ], [ -68.529892623421873, -50.222252477240211 ], [ -68.542273213112097, -50.225866503878301 ], [ -68.578413207938013, -50.234750648826136 ], [ -68.599694820270713, -50.241694361434405 ], [ -68.624713414849708, -50.248012486799801 ], [ -68.634761351632221, -50.251352855305448 ], [ -68.633192208580382, -50.253020071544576 ], [ -68.63886127091466, -50.253837943498048 ], [ -68.658196457455318, -50.258867932061314 ], [ -68.659643269573266, -50.261973755219373 ], [ -68.664433234933739, -50.262374256176948 ], [ -68.665052447284125, -50.260569036791708 ], [ -68.670292036571652, -50.261847123738583 ], [ -68.670226412109457, -50.263734853092267 ], [ -68.679841279832445, -50.266737447405696 ], [ -68.691072763631155, -50.269374959113172 ], [ -68.696356404301298, -50.271155428041055 ], [ -68.713386050668689, -50.274498015359313 ], [ -68.732198984987477, -50.280476307548327 ], [ -68.732515061349588, -50.284158454364011 ], [ -68.737486214730282, -50.28593183238241 ], [ -68.743286108769908, -50.286960657966581 ], [ -68.748181942453741, -50.288513155366473 ], [ -68.753876709874049, -50.288264640934678 ], [ -68.759936172676433, -50.287333359526521 ], [ -68.774002093644057, -50.290467606971674 ], [ -68.77912881474181, -50.292455263529362 ], [ -68.788319728229354, -50.297380906362363 ], [ -68.793414376352899, -50.298981301361174 ], [ -68.801440043738026, -50.304614032946795 ], [ -68.804698154083383, -50.307653672906397 ], [ -68.809504228948143, -50.309864192898459 ], [ -68.815202277843923, -50.311154461360125 ], [ -68.825330574775521, -50.31514818252861 ], [ -68.836469123285227, -50.317793948046372 ], [ -68.841562642245563, -50.31981924748974 ], [ -68.852745172871749, -50.322508460575769 ], [ -68.8579632026361, -50.324384862791412 ], [ -68.867485261283761, -50.328998959579337 ], [ -68.875522049976283, -50.334311907236035 ], [ -68.878874374028385, -50.337479905146921 ], [ -68.877916497968187, -50.341281644554179 ], [ -68.878531970068508, -50.34506255277801 ], [ -68.8784798335722, -50.348977608329193 ], [ -68.88136634534257, -50.352086603905086 ], [ -68.883794249257008, -50.353262238480184 ], [ -68.883270018935562, -50.355032725441959 ], [ -68.880969859864109, -50.356122667717059 ], [ -68.880749082431393, -50.360113958174814 ], [ -68.879525532029518, -50.36187022226774 ], [ -68.881159169529312, -50.363314781134527 ], [ -68.883814669992901, -50.362166757544131 ], [ -68.884508196545298, -50.360149216308528 ], [ -68.887217051731099, -50.360097935219102 ], [ -68.891289531965938, -50.362911155609503 ], [ -68.90310622047312, -50.364211649527562 ], [ -68.907489991096725, -50.36662001429228 ], [ -68.914365696342472, -50.372868753070264 ], [ -68.917118421163437, -50.376273414715925 ], [ -68.920902060250754, -50.379251696012851 ], [ -68.925168442860993, -50.381767186209224 ], [ -68.925668752513218, -50.385498299066768 ], [ -68.933439645191797, -50.391301459991702 ], [ -68.937788475758794, -50.393937891813657 ], [ -68.949314337210296, -50.402731049986386 ], [ -68.952159246289312, -50.406098944960554 ], [ -68.956162080204038, -50.408972770322315 ], [ -68.966818828475155, -50.418186360806665 ], [ -68.976614037031894, -50.427776361463721 ], [ -68.98299034743664, -50.434250113812787 ], [ -68.993952520476284, -50.452001494036239 ], [ -68.997556695755506, -50.45930130020097 ], [ -69.007631404840225, -50.473221673625439 ], [ -69.01518723417216, -50.479154145110023 ], [ -69.017868822553496, -50.482551874009523 ], [ -69.02176234790187, -50.485472864764979 ], [ -69.027715842636013, -50.492137458999451 ], [ -69.033584806371209, -50.496486922461443 ], [ -69.036145403283399, -50.499929203572862 ], [ -69.037776256694116, -50.50360995808947 ], [ -69.038931324397936, -50.511241804971498 ], [ -69.043075524536874, -50.518351163202802 ], [ -69.046614624333614, -50.521927679834505 ], [ -69.046058983938579, -50.523316800908923 ], [ -69.043613474441145, -50.524508870110957 ], [ -69.043110754739558, -50.52606875977883 ], [ -69.0463755876671, -50.526220329084609 ], [ -69.048619061804814, -50.527388066789946 ], [ -69.052145635586228, -50.534600719664084 ], [ -69.058603078163927, -50.541056691224931 ], [ -69.068339861647587, -50.552967107690655 ], [ -69.072563035442087, -50.555692895132751 ], [ -69.075083885706476, -50.559179258379935 ], [ -69.074966819899373, -50.560999725051559 ], [ -69.076366196224015, -50.564554195732562 ], [ -69.079761818923572, -50.567388131549954 ], [ -69.079112082228079, -50.571326007330903 ], [ -69.07996166566177, -50.577051779961074 ], [ -69.081252785178364, -50.580786047627264 ], [ -69.08306208952888, -50.596035530974476 ], [ -69.08636984577231, -50.603422515507496 ], [ -69.086924210137639, -50.607224668813174 ], [ -69.08963657199449, -50.614692894865932 ], [ -69.092862351563625, -50.625904762091317 ], [ -69.095028191303399, -50.629453861473785 ], [ -69.097796100400473, -50.636908340087167 ], [ -69.104996845743869, -50.647442217012539 ], [ -69.108644798188834, -50.656720475645592 ], [ -69.112613162471106, -50.661867654718272 ], [ -69.11906808902188, -50.668333625741894 ], [ -69.12391339291834, -50.675308856638139 ], [ -69.124330293589836, -50.67916037376488 ], [ -69.125998954937842, -50.682817268484051 ], [ -69.127352929947733, -50.694277269430174 ], [ -69.127373903566621, -50.698102226946652 ], [ -69.131669010244863, -50.709266743454307 ], [ -69.133710777595624, -50.712855667310727 ], [ -69.136562877300221, -50.716236852029766 ], [ -69.13871222781529, -50.720063775763791 ], [ -69.139841467357812, -50.723613215945356 ], [ -69.140600704404065, -50.731244244734938 ], [ -69.140570526089917, -50.738907675491149 ], [ -69.141166362710777, -50.742727412509595 ], [ -69.140471879380286, -50.765120571770062 ], [ -69.604245588399294, -50.758821656235227 ], [ -69.940290455444384, -50.752964637975765 ], [ -70.3636890203626, -50.743909374938177 ], [ -70.647916849548977, -50.73649862945669 ], [ -70.646842903339135, -50.723550144393926 ], [ -70.631659789722406, -50.374369104590428 ], [ -70.640375687933755, -50.368042995106975 ], [ -70.632221913286614, -50.209184652544252 ], [ -70.610518458862359, -50.211506016503812 ], [ -70.598570626968055, -50.211805911640646 ], [ -70.593031106268285, -50.213221632834852 ], [ -70.587044481460595, -50.21331256711283 ], [ -70.569430820519869, -50.211223268722264 ], [ -70.563799277633976, -50.209955102655968 ], [ -70.554323718549242, -50.205276732699453 ], [ -70.551355335827694, -50.20197186229867 ], [ -70.546331004818938, -50.199939520754974 ], [ -70.534568464323698, -50.198949196199543 ], [ -70.528588095490974, -50.199073003990584 ], [ -70.516913706330996, -50.20062410441772 ], [ -70.505856586087802, -50.203564080819248 ], [ -70.488354653004663, -50.20190610062803 ], [ -70.482785067934799, -50.200723129670109 ], [ -70.476925485841093, -50.201027042302968 ], [ -70.46774980466688, -50.205903904248245 ], [ -70.462662982126488, -50.207910048419151 ], [ -70.451862921801208, -50.211174277722591 ], [ -70.446186222887988, -50.212130664157115 ], [ -70.441007675536198, -50.213817826063341 ], [ -70.439008989981687, -50.215726138460639 ], [ -70.436867502485413, -50.219299447243714 ], [ -70.436298380840668, -50.222511641318953 ], [ -70.436684991743547, -50.225001757352025 ], [ -70.433083049410087, -50.232238729669902 ], [ -70.429549329844292, -50.235348056382449 ], [ -70.424340460285052, -50.237061801916326 ], [ -70.418642219063827, -50.237059591224892 ], [ -70.413913157339465, -50.234635834603274 ], [ -70.405944495959602, -50.228915625939123 ], [ -70.400998311095364, -50.226804148219095 ], [ -70.39552715133776, -50.225296641810388 ], [ -70.389602361056603, -50.225889111061782 ], [ -70.384178604279882, -50.227455282123884 ], [ -70.379025090716254, -50.229292203308106 ], [ -70.374799705741879, -50.231981009294145 ], [ -70.360262415682541, -50.237308194053249 ], [ -70.342561452412369, -50.235680003193515 ], [ -70.336694066895845, -50.236012872269526 ], [ -70.332529371686235, -50.238721905152687 ], [ -70.33047536607323, -50.24223376460322 ], [ -70.332369344363244, -50.245803773812618 ], [ -70.335014608820359, -50.249153845101162 ], [ -70.335349645603458, -50.25298894226561 ], [ -70.333371982022612, -50.256486480270034 ], [ -70.329262662552978, -50.259239697089875 ], [ -70.323471184886259, -50.260141914155717 ], [ -70.317523614513803, -50.259715020022064 ], [ -70.311794121709042, -50.26045861781455 ], [ -70.309234934836056, -50.26366561066056 ], [ -70.309224237823656, -50.267495671064353 ], [ -70.310345605003832, -50.271173618603349 ], [ -70.308546400326904, -50.274749616483518 ], [ -70.302655488092995, -50.275175411364899 ], [ -70.297087845597488, -50.273691324852614 ], [ -70.291160317723751, -50.273280834312288 ], [ -70.285549676983536, -50.274475826072631 ], [ -70.273726064877366, -50.27561743082255 ], [ -70.26782164744877, -50.275681989090558 ], [ -70.261889582076734, -50.275099236910549 ], [ -70.255919216836915, -50.275321238902805 ], [ -70.249962275448141, -50.275790026019159 ], [ -70.244461673443766, -50.277220091255657 ], [ -70.238633750846702, -50.277808285282688 ], [ -70.232654817722164, -50.277579661529636 ], [ -70.210909286100929, -50.271218293504774 ], [ -70.199492084182907, -50.268891300707431 ], [ -70.193524016887096, -50.268763944718337 ], [ -70.188464690845265, -50.266824419720251 ], [ -70.184972342100011, -50.263722433296472 ], [ -70.182439538637084, -50.260273442735148 ], [ -70.180747458016285, -50.256640544301483 ], [ -70.181706985342387, -50.252913258243304 ], [ -70.183333976866692, -50.249251089874249 ], [ -70.184007216582089, -50.245441285174039 ], [ -70.186903641338546, -50.24210775551753 ], [ -70.19352665066566, -50.235755601907101 ], [ -70.199058649184963, -50.234309622972177 ], [ -70.204901223036586, -50.233520957215966 ], [ -70.209693784949252, -50.231264003333948 ], [ -70.211722782697962, -50.227678143175822 ], [ -70.207236025122043, -50.21274672112348 ], [ -70.207688675387132, -50.208894088164826 ], [ -70.207137464301539, -50.205092343458233 ], [ -70.204407378998326, -50.201672824458029 ], [ -70.200987944845281, -50.198534579768328 ], [ -70.189172044914642, -50.192686446222986 ], [ -70.182622668955375, -50.188766020753548 ], [ -70.171678683126672, -50.185743736260783 ], [ -70.157259271940575, -50.184130647064585 ], [ -70.151754262722704, -50.185637327067347 ], [ -70.133920936832908, -50.186909620836389 ], [ -70.128170616851747, -50.188004011629396 ], [ -70.11638621206356, -50.189016912537028 ], [ -70.110748167288349, -50.190149816404542 ], [ -70.106554331597039, -50.192886979615245 ], [ -70.10369803591135, -50.196254105721302 ], [ -70.099903912938274, -50.199207490900037 ], [ -70.094180491285101, -50.199585195450219 ], [ -70.089803686436881, -50.196978652787742 ], [ -70.087357107471462, -50.193472830357976 ], [ -70.08393174483912, -50.190479557708443 ], [ -70.078002650071539, -50.190233551296693 ], [ -70.074132552245445, -50.192971028904516 ], [ -70.071894496399736, -50.196529437737894 ], [ -70.064069709499776, -50.198453401829141 ], [ -70.061261319109761, -50.197971132586659 ], [ -70.04061984222956, -50.190061994111545 ], [ -70.033528306802182, -50.186551610938992 ], [ -70.032234719729189, -50.184841446221611 ], [ -70.031169593346121, -50.181056944216095 ], [ -70.0307691152031, -50.17724855337336 ], [ -70.031200600089022, -50.171441391583237 ], [ -70.030545265331085, -50.169608660868121 ], [ -70.026364952845626, -50.166899092995287 ], [ -70.01486242640172, -50.164882917530136 ], [ -70.003048835795141, -50.163839259727538 ], [ -69.997236842130846, -50.162819444584109 ], [ -69.982454625000173, -50.162675712758798 ], [ -69.97695568592863, -50.161193723044548 ], [ -69.972299645751434, -50.158818861924892 ], [ -69.969415249700674, -50.158222632905833 ], [ -69.96646846891089, -50.158346086523864 ], [ -69.961588754747623, -50.160476865850853 ], [ -69.958716135574548, -50.163791110087111 ], [ -69.958506134100048, -50.165712298779809 ], [ -69.955160844023581, -50.168864027796261 ], [ -69.944750721916833, -50.172608264743111 ], [ -69.942607410372872, -50.173951762387595 ], [ -69.939381064897489, -50.177182976765565 ], [ -69.937108691962067, -50.178388063595293 ], [ -69.934393325316876, -50.179317967670002 ], [ -69.931581630528072, -50.179259637699154 ], [ -69.917214997632939, -50.176577958356702 ], [ -69.914290145365158, -50.17663248348294 ], [ -69.91170493282074, -50.177614774330564 ], [ -69.907963429197707, -50.180565953637867 ], [ -69.907077665445044, -50.182402415087829 ], [ -69.906865349826049, -50.184314526845093 ], [ -69.908020479722012, -50.190036861938118 ], [ -69.907789646965711, -50.191895175509977 ], [ -69.906355450772367, -50.193623532301842 ], [ -69.904350742137012, -50.194996699142408 ], [ -69.898546108452706, -50.195949766371392 ], [ -69.895847217329049, -50.195233401314397 ], [ -69.888858092637037, -50.191614529618477 ], [ -69.886755926088426, -50.190205624426177 ], [ -69.885628554621675, -50.188497067108322 ], [ -69.884413996562159, -50.184716884743835 ], [ -69.884570351552213, -50.180863323687724 ], [ -69.883537272770099, -50.179127054870207 ], [ -69.878161877674586, -50.177446161663084 ], [ -69.869427951702789, -50.178707580325941 ], [ -69.864140098734893, -50.180491167938243 ], [ -69.859936239596635, -50.183210480797314 ], [ -69.856689109401657, -50.186408066181748 ], [ -69.847055843685482, -50.190978373429985 ], [ -69.843243937820517, -50.196180039972987 ], [ -69.840979677393833, -50.197437117622883 ], [ -69.835292668555383, -50.19859744103298 ], [ -69.826302310249048, -50.198881995818098 ], [ -69.823443911230399, -50.199423729179742 ], [ -69.821167699120593, -50.200635551661392 ], [ -69.819433839220324, -50.202239078449153 ], [ -69.818378713308903, -50.204017605665356 ], [ -69.818675623898969, -50.207863362316225 ], [ -69.817873173000649, -50.209680558527488 ], [ -69.815671790109818, -50.211004121730582 ], [ -69.809723487489563, -50.210928855409357 ], [ -69.805289521085541, -50.208433400938475 ], [ -69.800219539286815, -50.206409654762403 ], [ -69.797245362079437, -50.206142412423262 ], [ -69.794360040275151, -50.206584719426225 ], [ -69.789019871445461, -50.208311282216741 ], [ -69.786054716618651, -50.20859659452509 ], [ -69.783081213881232, -50.208373936393571 ], [ -69.780398775105667, -50.207528918033482 ], [ -69.777013383279154, -50.204364552648698 ], [ -69.770149347776794, -50.200643326234783 ], [ -69.767588956687078, -50.199725280877445 ], [ -69.75898735440677, -50.198064648514148 ], [ -69.756584664784, -50.196911582996321 ], [ -69.755234351452614, -50.195212213718555 ], [ -69.755046473698499, -50.193289512139444 ], [ -69.751463419511779, -50.190296500080947 ], [ -69.745654628701885, -50.189340501868358 ], [ -69.736597883099591, -50.189780368309698 ], [ -69.73448764272257, -50.188687923341242 ], [ -69.734295747452322, -50.18667531016434 ], [ -69.73345965564063, -50.184882532360419 ], [ -69.729151684282215, -50.182194581605039 ], [ -69.727739901835449, -50.180504267277065 ], [ -69.726271206645549, -50.174822593843835 ], [ -69.726866302896795, -50.169065068459481 ], [ -69.726295624017027, -50.167198651027753 ], [ -69.724588494614125, -50.165609035109561 ], [ -69.71930940061479, -50.163807820978434 ], [ -69.716429522648539, -50.164023407141734 ], [ -69.708595096324586, -50.16684048493925 ], [ -69.699773161453706, -50.167995281591558 ], [ -69.696842485860799, -50.167869055430742 ], [ -69.688433171736406, -50.165869409567648 ], [ -69.684324322639725, -50.163106692391707 ], [ -69.680043619557253, -50.158061294231373 ], [ -69.679589695643173, -50.15614901208432 ], [ -69.681283359614469, -50.152489016384621 ], [ -69.681634027704277, -50.150581008263678 ], [ -69.681568145836806, -50.148652967830458 ], [ -69.68053515802616, -50.14684747208964 ], [ -69.678310512826428, -50.145601838807885 ], [ -69.667788302135932, -50.14197677794153 ], [ -69.665511821021639, -50.140735692638991 ], [ -69.663828629625286, -50.139145044564344 ], [ -69.663061457404581, -50.137279434970402 ], [ -69.663549546174963, -50.135402159105759 ], [ -69.667309247317363, -50.13016620886183 ], [ -69.674831044156903, -50.124265517255367 ], [ -69.674702371932412, -50.122324344131478 ], [ -69.672919042202921, -50.120797337857631 ], [ -69.668416262371721, -50.118270077020711 ], [ -69.665729889177783, -50.117386471691574 ], [ -69.663913320325008, -50.115949421008175 ], [ -69.663278092377439, -50.113993147741212 ], [ -69.663548953022612, -50.112094628695303 ], [ -69.666522461668706, -50.108760143655566 ], [ -69.668798274278132, -50.107551334694534 ], [ -69.671677203476293, -50.106995292389961 ], [ -69.67764106747282, -50.106875230310209 ], [ -69.679921721666929, -50.105787544459886 ], [ -69.679622543094226, -50.101932412040391 ], [ -69.678796096520628, -50.100076231880735 ], [ -69.673774691350502, -50.095331571226609 ], [ -69.669084630843287, -50.092985224474333 ], [ -69.663655329577068, -50.09146553965023 ], [ -69.654909495990339, -50.090346449979798 ], [ -69.65249392669034, -50.089204782370409 ], [ -69.650851349517254, -50.087609212478235 ], [ -69.650614745125978, -50.0799372091046 ], [ -69.648397748747271, -50.076380410154592 ], [ -69.646374573104453, -50.075007165348367 ], [ -69.643484744772167, -50.074627640792713 ], [ -69.634728535699892, -50.07562883385615 ], [ -69.632622737918538, -50.074314239446018 ], [ -69.631835988067891, -50.070520063848349 ], [ -69.63084113538477, -50.068686928962478 ], [ -69.628846658237194, -50.067308727006726 ], [ -69.62612254696171, -50.066469360079516 ], [ -69.623197776280847, -50.066305290169659 ], [ -69.614409853341058, -50.067471447108503 ], [ -69.608526539825434, -50.067511428425341 ], [ -69.597764416210069, -50.070871331569819 ], [ -69.586259049283299, -50.06953649079805 ], [ -69.577493109669106, -50.070038942545089 ], [ -69.571786808093307, -50.071190993047296 ], [ -69.565856003449056, -50.071390872359459 ], [ -69.563045885124311, -50.072078817801028 ], [ -69.553886374480726, -50.076977705816191 ], [ -69.549782912143428, -50.079752771374501 ], [ -69.548517389746337, -50.081489410221991 ], [ -69.547906523999828, -50.083362297982717 ], [ -69.548095211551811, -50.091025716799301 ], [ -69.547718431557101, -50.092910980566195 ], [ -69.546351073218815, -50.094639081275481 ], [ -69.544453151455386, -50.096113428696903 ], [ -69.539646610709539, -50.098392452941319 ], [ -69.534009849901807, -50.099582768266629 ], [ -69.528062205496028, -50.099218890070745 ], [ -69.514012907890944, -50.096027424725612 ], [ -69.490202879593468, -50.095460612498449 ], [ -69.487389667871156, -50.096088296062412 ], [ -69.482908101540417, -50.098637809073587 ], [ -69.474184528557103, -50.099829025124514 ], [ -69.467156781929134, -50.103332284375213 ], [ -69.46424313756755, -50.103771012072443 ], [ -69.461305189664529, -50.10350402099283 ], [ -69.45580800337018, -50.101992877226557 ], [ -69.442168111376873, -50.094633078640356 ], [ -69.431858176614057, -50.090788051233794 ], [ -69.423608524314744, -50.088651767648827 ], [ -69.420730731192009, -50.089138721204328 ], [ -69.412536977196737, -50.091388743223249 ], [ -69.408315489587125, -50.094123247829657 ], [ -69.405212858981812, -50.099492363235022 ], [ -69.400849196706247, -50.102074251753706 ], [ -69.397517013664611, -50.105205353197796 ], [ -69.397389969399185, -50.110968586868218 ], [ -69.396843074515559, -50.112880900179775 ], [ -69.39532187933689, -50.114481870261706 ], [ -69.392656005810338, -50.115461869461406 ], [ -69.389708346555807, -50.115759489516591 ], [ -69.377809530009529, -50.115686434515709 ], [ -69.372127288437781, -50.114491091471791 ], [ -69.367512531766934, -50.112078404447651 ], [ -69.364587079199381, -50.111611140065044 ], [ -69.347108416692222, -50.11405163168844 ], [ -69.331970746362572, -50.12015086248249 ], [ -69.326076781293551, -50.120630562573695 ], [ -69.317527185982286, -50.122357915348587 ], [ -69.315669719580967, -50.123774454743099 ], [ -69.3129322356248, -50.131257282597709 ], [ -69.309368271272163, -50.134350494886149 ], [ -69.307102951240793, -50.135529737411957 ], [ -69.295781065806921, -50.137923564156651 ], [ -69.283886392255653, -50.137679045773332 ], [ -69.278172655435753, -50.136524137988495 ], [ -69.273202863366237, -50.134553582463269 ], [ -69.267338533347413, -50.133870484563332 ], [ -69.255593604021755, -50.135263447120423 ], [ -69.250037384462686, -50.133953974047422 ], [ -69.243019241858022, -50.13044468842115 ], [ -69.237654303927883, -50.128747640375543 ], [ -69.231722713598202, -50.128364055722379 ], [ -69.223047484535044, -50.129662155037735 ], [ -69.215639067184753, -50.132863195875714 ], [ -69.208728261347801, -50.136534856860386 ], [ -69.203363924346519, -50.138153629247064 ], [ -69.200385072072038, -50.138293660947014 ], [ -69.187156264800592, -50.133901518629294 ], [ -69.185007629984142, -50.132560917989373 ], [ -69.181635454447218, -50.129401669592312 ], [ -69.179157517441936, -50.125917295989936 ], [ -69.177301649833367, -50.122283579963671 ], [ -69.17572958391257, -50.120663225057733 ], [ -69.170423993442299, -50.11894949478377 ], [ -69.161509884398015, -50.118845361474854 ], [ -69.152753779434448, -50.120048421265302 ], [ -69.144299881800407, -50.121920220496413 ], [ -69.135640888463797, -50.120725961099957 ], [ -69.132628071700495, -50.1209047514728 ], [ -69.12686242201049, -50.121778754508298 ], [ -69.121514889577583, -50.123569041627945 ], [ -69.115630425440202, -50.123228924734768 ], [ -69.110459252865468, -50.121390953635405 ], [ -69.106820325663406, -50.118324180081601 ], [ -69.103348392864916, -50.113054523704193 ], [ -69.09648177698574, -50.106780716616214 ], [ -69.088578694345046, -50.096461655415375 ], [ -69.085260767400641, -50.093272579240249 ], [ -69.082296011653568, -50.083897815183164 ], [ -69.08268065949045, -50.080076651680265 ], [ -69.085968045752352, -50.068746433216425 ], [ -69.083385020495683, -50.063286676808154 ], [ -69.081681938975805, -50.061696593924857 ], [ -69.074463389929704, -50.058298596189104 ], [ -69.059986375437788, -50.056230205363661 ], [ -69.052261104809631, -50.053366012128208 ], [ -69.040959291525922, -50.050992596183498 ], [ -69.038675409663597, -50.049752707493973 ], [ -69.03587903904085, -50.049173726101706 ], [ -69.024004296693207, -50.049176789279002 ], [ -69.018108498169653, -50.048346248665979 ], [ -69.01555671310399, -50.047541979594982 ], [ -69.010222391875004, -50.042881057057301 ], [ -69.005251780431337, -50.035886861393649 ], [ -69.00114435541326, -50.026685292787946 ], [ -68.99958837607339, -50.019092887761758 ], [ -68.99823503772798, -50.015352856556341 ], [ -68.995748351612136, -50.011882484284214 ], [ -68.991685526956161, -50.009090732804253 ], [ -68.983535775167368, -50.006738861670094 ], [ -68.969447726787678, -50.004803061491195 ], [ -68.93226320139506, -50.001892387798115 ], [ -68.917488480382758, -49.997760697538894 ], [ -68.914290155305622, -49.996324400412462 ], [ -68.910356400197074, -49.992985965053791 ], [ -68.908141888062119, -49.989648768112552 ], [ -68.907413314829753, -49.985993560147364 ], [ -68.904221714753248, -49.979958354220614 ], [ -68.901515177931017, -49.977416274516621 ], [ -68.893397226643373, -49.97454562648862 ], [ -68.884043896861158, -49.972792498121031 ], [ -68.870254681289836, -49.972458733752184 ], [ -68.843415151779112, -49.973009996226999 ], [ -68.822667483418755, -49.975290697753238 ] ], [ [ -68.512520988714442, -50.021863006091735 ], [ -68.528300536366771, -50.011449809522802 ], [ -68.534215219863114, -50.015123838977438 ], [ -68.537890584821255, -50.012688625976089 ], [ -68.541968651511198, -50.015181672429016 ], [ -68.535779870141468, -50.01926123435797 ], [ -68.537038756659229, -50.020030453868316 ], [ -68.536484060066428, -50.020396849136567 ], [ -68.545318116291611, -50.025803602702297 ], [ -68.541859671239408, -50.02810954100687 ], [ -68.539296482150235, -50.026521567751914 ], [ -68.53062683496978, -50.032222742548399 ], [ -68.530210820628255, -50.03337633307175 ], [ -68.515464942187847, -50.024329735034208 ], [ -68.515953108963529, -50.024008115132801 ], [ -68.512520988714442, -50.021863006091735 ] ] ] } },
{ "type": "Feature", "properties": { "codigo_indec": "780210401" }, "geometry": { "type": "Polygon", "coordinates": [ [ [ -69.272529974143339, -51.602196699810911 ], [ -69.27329709088734, -51.619384435438036 ], [ -69.32538946346763, -51.619588676699053 ], [ -69.325469506359354, -51.633299602281511 ], [ -69.320941913606134, -51.632318894526563 ], [ -69.321238476326499, -51.658962829244665 ], [ -69.28608867834744, -51.659395246524845 ], [ -69.286175653507541, -51.661731891130081 ], [ -69.281374499811989, -51.6618198880211 ], [ -69.281292950976749, -51.660903316787049 ], [ -69.273908836653604, -51.661028623796071 ], [ -69.273819521566736, -51.636015434293491 ], [ -69.271975424871812, -51.635597286384744 ], [ -69.27056685537589, -51.636759985087728 ], [ -69.270581565285582, -51.638018263135791 ], [ -69.269213231466964, -51.638066347712879 ], [ -69.269223806446661, -51.63863256373552 ], [ -69.267843152478065, -51.639044672128719 ], [ -69.266261831129938, -51.639111183747083 ], [ -69.266339451255391, -51.640032271413283 ], [ -69.263317465410424, -51.640146941593351 ], [ -69.263384037547709, -51.641041091966194 ], [ -69.262062707534525, -51.64111595149344 ], [ -69.262134458118283, -51.641659561417441 ], [ -69.255796951232213, -51.641754428058462 ], [ -69.256666229963415, -51.65115839617814 ], [ -69.238038766132945, -51.652635693970169 ], [ -69.238047146591754, -51.654235525427318 ], [ -69.19590425253682, -51.654969497652459 ], [ -69.195788884958503, -51.644961649811428 ], [ -69.178913213862657, -51.64539302779378 ], [ -69.178595840436728, -51.640913032425246 ], [ -69.171471269724549, -51.641080939985358 ], [ -69.167316856093038, -51.641698111174769 ], [ -69.166397923305226, -51.642238692090963 ], [ -69.162754020144405, -51.645281714933205 ], [ -69.160794141221174, -51.647684187610572 ], [ -69.159885166601725, -51.650085200526156 ], [ -69.155528051214745, -51.652976168937251 ], [ -69.155528284028236, -51.654099656410644 ], [ -69.154037310997012, -51.655445312407892 ], [ -69.155717225937479, -51.657582216815385 ], [ -69.160977537646218, -51.660711900003044 ], [ -69.162948713123299, -51.663320163913305 ], [ -69.169347934454578, -51.667292745289529 ], [ -69.18394662665402, -51.672730927806633 ], [ -69.187468298371869, -51.674904919848423 ], [ -69.191367242060352, -51.676471510458917 ], [ -69.204220953037691, -51.679254083256218 ], [ -69.217690007863766, -51.684901239127463 ], [ -69.219085308963614, -51.687141116349359 ], [ -69.218712146708057, -51.689972986244825 ], [ -69.215484708024718, -51.690181176922728 ], [ -69.210890322849338, -51.687982995776103 ], [ -69.208239272598433, -51.686149708029674 ], [ -69.204074451339466, -51.685258230725907 ], [ -69.192195420626831, -51.685988306022949 ], [ -69.187199848474918, -51.683425845171541 ], [ -69.183820320940271, -51.682595310845521 ], [ -69.177678056337726, -51.683278850757667 ], [ -69.171474717752844, -51.686024871341331 ], [ -69.165582317405494, -51.687004012224989 ], [ -69.158702811716694, -51.683867758301787 ], [ -69.149302231036813, -51.683205992396829 ], [ -69.141050556553111, -51.681113031146765 ], [ -69.13431421819466, -51.675404645784646 ], [ -69.12613908300284, -51.672784757313458 ], [ -69.119450749977375, -51.671780613582428 ], [ -69.113532891089434, -51.669512550635119 ], [ -69.108236860435468, -51.665612317581861 ], [ -69.103372395111563, -51.660435184553982 ], [ -69.093218339671893, -51.654277988660461 ], [ -69.092162471299247, -51.651982414019933 ], [ -69.08011956547044, -51.64394257769456 ], [ -69.074775268149565, -51.642269856418615 ], [ -69.072601194550984, -51.640024241733975 ], [ -69.068017574846607, -51.639420301561024 ], [ -69.065985793623355, -51.637857562883788 ], [ -69.057251353290781, -51.635651117257488 ], [ -69.05507982239034, -51.634528665369452 ], [ -69.052555194016591, -51.633968077067962 ], [ -69.049952378297334, -51.631200931374941 ], [ -69.041713729007029, -51.628022419081162 ], [ -69.032495870104313, -51.627054634863349 ], [ -69.029075210564059, -51.62431421065228 ], [ -69.024385536527333, -51.623865881237393 ], [ -69.02347780362102, -51.620720286217896 ], [ -69.020049764298207, -51.615301188086256 ], [ -69.015583764780857, -51.611585345789365 ], [ -69.012911911752255, -51.607442219319701 ], [ -69.008675307833784, -51.607465078730762 ], [ -69.001818895603762, -51.610274123737078 ], [ -68.995398442337162, -51.612103097484322 ], [ -68.983809054335012, -51.614016506120095 ], [ -68.972570790334345, -51.618616250024438 ], [ -68.961515846350267, -51.625727104256903 ], [ -68.955581840590114, -51.63202105672066 ], [ -68.948861678051074, -51.645531657482252 ], [ -68.941789203866406, -51.6545612054963 ], [ -68.9342799736025, -51.673831751530003 ], [ -68.929491590884979, -51.683059505040589 ], [ -68.923742519604986, -51.69267290657934 ], [ -68.905091150440299, -51.716468052526203 ], [ -68.887525944624102, -51.736585194446619 ], [ -68.871960414232632, -51.753344920423039 ], [ -68.858670206249087, -51.770752415144372 ], [ -68.844293564188774, -51.788197371244379 ], [ -68.819815810181737, -51.82457595399994 ], [ -68.808353814311744, -51.843404894384449 ], [ -68.801920763749635, -51.851995379792264 ], [ -68.783023470540613, -51.87945955700841 ], [ -68.776100121971496, -51.888249899392498 ], [ -68.766449211914662, -51.905631015989989 ], [ -68.755140212301527, -51.922491076893891 ], [ -68.736888850217568, -51.94456091582262 ], [ -68.732842716665445, -51.950613850336296 ], [ -68.726856247060155, -51.95741260792574 ], [ -68.710984948706198, -51.977861590789743 ], [ -68.679071554605173, -52.011607542140695 ], [ -68.646697898811993, -52.043083011478778 ], [ -68.638372044388674, -52.051663126883511 ], [ -68.631238108836556, -52.060300304594158 ], [ -68.623427132346123, -52.068481021227598 ], [ -68.596994607558656, -52.094479222496759 ], [ -68.583105226985367, -52.109551997319215 ], [ -68.544535527673759, -52.145214469679267 ], [ -68.50796457744562, -52.175313994708013 ], [ -68.500514976010535, -52.183950817557609 ], [ -68.481532601190651, -52.201623062368846 ], [ -68.426378204101567, -52.249956760595644 ], [ -68.415782759850273, -52.259826549666364 ], [ -68.401063969465724, -52.27529594863006 ], [ -68.384259759542431, -52.291386226033836 ], [ -68.367468843953034, -52.309285051401432 ], [ -68.356982928124069, -52.317802056312615 ], [ -68.351396145996759, -52.324030970400464 ], [ -68.35040924632861, -52.327072144003345 ], [ -68.351443265901267, -52.332092572182539 ], [ -68.353746685195915, -52.33760972744944 ], [ -68.37847985395274, -52.353262909963952 ], [ -68.390577980688974, -52.364671933355709 ], [ -68.398684961892414, -52.373345398190885 ], [ -68.403203464981189, -52.378814367159322 ], [ -68.403592421950989, -52.381009134886469 ], [ -68.414459206337526, -52.390504193796218 ], [ -68.428522174522641, -52.398319698445604 ], [ -68.434008231316184, -52.400141216254781 ], [ -68.434652846381724, -52.399710684540288 ], [ -68.418563636951134, -52.381928494587818 ], [ -68.419184582207308, -52.335433174371445 ], [ -68.577573827824708, -52.333103987848148 ], [ -68.588755996628805, -52.310163864502186 ], [ -68.717248347811321, -52.284407306195092 ], [ -68.845643791072646, -52.270966782860327 ], [ -68.990409444230679, -52.198029906694906 ], [ -69.086167413411331, -52.178424985637662 ], [ -69.203778515720273, -52.146070608814988 ], [ -69.498588384762982, -52.145929795869939 ], [ -69.968337978023897, -52.010976825125965 ], [ -69.961867093048824, -51.730738926399468 ], [ -69.94087479372466, -51.728266386652727 ], [ -69.916897522385923, -51.722820409689703 ], [ -69.875487350526456, -51.711829278689464 ], [ -69.83917840284488, -51.708278792077778 ], [ -69.811268064962434, -51.701028242638806 ], [ -69.79423150271316, -51.695419275157214 ], [ -69.765936404151304, -51.694888113196178 ], [ -69.747719857149534, -51.695293081338832 ], [ -69.738982827455388, -51.69698417945731 ], [ -69.725270120296642, -51.701653507445442 ], [ -69.707417103938525, -51.704926126079634 ], [ -69.689429069938726, -51.705671198921813 ], [ -69.676093938663868, -51.704643170483976 ], [ -69.663521754997561, -51.698621005320931 ], [ -69.653072534178762, -51.690401636576553 ], [ -69.644770832535897, -51.678124974207783 ], [ -69.635568365782305, -51.660028357835181 ], [ -69.595981689927257, -51.641028526305938 ], [ -69.581155267783558, -51.631296898662306 ], [ -69.570518194396612, -51.621785790148131 ], [ -69.563837918182017, -51.614924227064158 ], [ -69.561325857417017, -51.615219387820488 ], [ -69.557622913371659, -51.614356204235818 ], [ -69.549075450578556, -51.609812582583551 ], [ -69.544498391186409, -51.608225037764797 ], [ -69.539784970808, -51.60910965699928 ], [ -69.535727868552854, -51.610579810809448 ], [ -69.522256712182198, -51.611310118217204 ], [ -69.503281551471986, -51.608476374148033 ], [ -69.487345341956441, -51.606817905024393 ], [ -69.482334476520421, -51.607989067850944 ], [ -69.476374129306237, -51.608116766629642 ], [ -69.474392089720894, -51.610461680893749 ], [ -69.471145228694112, -51.610578117912631 ], [ -69.464896998220567, -51.609057084951772 ], [ -69.452748985384687, -51.608268674295978 ], [ -69.44508376430511, -51.605668986067037 ], [ -69.438845952301492, -51.605067801116121 ], [ -69.43239910669466, -51.603716554558069 ], [ -69.400266067543285, -51.595503101908044 ], [ -69.389162124120347, -51.593482178558595 ], [ -69.383601732225472, -51.593783603588982 ], [ -69.376418740688891, -51.592013744018224 ], [ -69.362335939523589, -51.590305391820145 ], [ -69.35277513134703, -51.588271760675504 ], [ -69.341012052314085, -51.587304357618628 ], [ -69.328045118783663, -51.587894075950487 ], [ -69.323736662479433, -51.588696983965008 ], [ -69.318788422298795, -51.589852005775285 ], [ -69.304116624268929, -51.595126453919676 ], [ -69.277498713735653, -51.600441388254659 ], [ -69.272529974143339, -51.602196699810911 ] ] ] } },
{ "type": "Feature", "properties": { "codigo_indec": "780070201" }, "geometry": { "type": "Polygon", "coordinates": [ [ [ -68.824234844895742, -49.454962316442241 ], [ -68.234252548592934, -49.450528868033686 ], [ -67.679413027293393, -49.443658143753844 ], [ -67.68201998815384, -49.4513488011292 ], [ -67.68519292049406, -49.466657262912769 ], [ -67.693316313242704, -49.497999726180375 ], [ -67.694040629889429, -49.505407990139318 ], [ -67.697149240959973, -49.517419829340454 ], [ -67.699199012115486, -49.530215408372655 ], [ -67.701118033599528, -49.538599105381429 ], [ -67.702011335254312, -49.547124110531833 ], [ -67.706022477737363, -49.562940149129602 ], [ -67.707169700562048, -49.570011294525209 ], [ -67.707039188504382, -49.57861468417012 ], [ -67.708224591141743, -49.586090841682527 ], [ -67.708767741993469, -49.604151734170841 ], [ -67.712251498459622, -49.621058454845063 ], [ -67.714501441634425, -49.627728110672727 ], [ -67.720079838331074, -49.633400553370706 ], [ -67.723954880273141, -49.639800238878024 ], [ -67.722425605265798, -49.648109380221179 ], [ -67.720246530772002, -49.654109524028534 ], [ -67.719909396294227, -49.65904204930937 ], [ -67.723291008737647, -49.668358451277605 ], [ -67.723797736806603, -49.67294961558293 ], [ -67.722924118101389, -49.679063073409061 ], [ -67.718638741754518, -49.687377651681601 ], [ -67.719728967862693, -49.69441191702721 ], [ -67.718097123816491, -49.698880519944723 ], [ -67.718723837975048, -49.70311785625568 ], [ -67.720733304727617, -49.707235599171177 ], [ -67.721342152653875, -49.714277992685396 ], [ -67.724361411483756, -49.722884451740704 ], [ -67.724205947921092, -49.731990870300592 ], [ -67.723416187449118, -49.737772523491948 ], [ -67.724980244490823, -49.743732949906175 ], [ -67.726827790422789, -49.748419712284253 ], [ -67.730737349892848, -49.768755742421504 ], [ -67.734143646019618, -49.7792137770384 ], [ -67.737582361653523, -49.78834584812671 ], [ -67.746463101435012, -49.803691223871091 ], [ -67.755866199382439, -49.82123529739377 ], [ -67.76301714000347, -49.831278452821216 ], [ -67.769272638559599, -49.838785150900627 ], [ -67.77312829626851, -49.845735647572901 ], [ -67.78452389162014, -49.863837750718133 ], [ -67.78834380297674, -49.873354253525996 ], [ -67.790315326302235, -49.880333865326904 ], [ -67.797172649671055, -49.892740820822759 ], [ -67.803586824164455, -49.901254181970366 ], [ -67.808226469874256, -49.910117572477887 ], [ -67.811616396254337, -49.913807173743542 ], [ -67.816936118083575, -49.917039858322731 ], [ -67.820714675037266, -49.920971409035268 ], [ -67.823448776362184, -49.925355271290321 ], [ -67.82705760298667, -49.929298370595212 ], [ -67.8321886909618, -49.93252393549151 ], [ -67.835483152582057, -49.936701856328078 ], [ -67.842933670323561, -49.949727758543837 ], [ -67.854530973894484, -49.962317653342453 ], [ -67.885891394422273, -49.987770335890765 ], [ -67.894694714623157, -49.993671563818538 ], [ -67.904988319514558, -49.998534269983246 ], [ -67.918653468098611, -50.006628222647684 ], [ -67.926504960407172, -50.010652550352283 ], [ -67.940253938878953, -50.016681333995884 ], [ -67.960891956907432, -50.026802684173106 ], [ -67.971240772586839, -50.034294204281515 ], [ -67.982466234482175, -50.04157669771233 ], [ -67.991350347280232, -50.046482219358495 ], [ -68.011877327042427, -50.05600903496449 ], [ -68.029479261185486, -50.065363914333759 ], [ -68.045106490525598, -50.072321861753636 ], [ -68.058018422600824, -50.075659464558477 ], [ -68.06410508421348, -50.078212564429386 ], [ -68.08349298135154, -50.084080738145538 ], [ -68.119274322453478, -50.096593786713385 ], [ -68.143776440723286, -50.105893416546103 ], [ -68.154070826416898, -50.108728948076646 ], [ -68.172328308197848, -50.112780367050256 ], [ -68.196533967248385, -50.117292767077764 ], [ -68.218151178228467, -50.120029577054581 ], [ -68.240060424598624, -50.121919169492053 ], [ -68.247064211936362, -50.122041212803502 ], [ -68.259349674074016, -50.121297602070896 ], [ -68.29380206312446, -50.121692048183512 ], [ -68.333120944555901, -50.124873355056508 ], [ -68.344574157641645, -50.122816837860306 ], [ -68.349979850891515, -50.121192995658802 ], [ -68.354352807941368, -50.118614680151573 ], [ -68.356971739879171, -50.115167918557368 ], [ -68.358555327697658, -50.111490622023801 ], [ -68.358867397406684, -50.103823545040314 ], [ -68.36153456592946, -50.096398687623974 ], [ -68.368072092969541, -50.090001818379037 ], [ -68.371938610392533, -50.087123391592499 ], [ -68.376376261806612, -50.084612016667776 ], [ -68.385628274729186, -50.079793035626118 ], [ -68.398022929290676, -50.074589581102543 ], [ -68.407000593977017, -50.069596653535299 ], [ -68.412402528321863, -50.065043497120278 ], [ -68.420615484219127, -50.054858151975523 ], [ -68.423083358033693, -50.049345810200194 ], [ -68.426928777644363, -50.044168373418067 ], [ -68.432041664464947, -50.039455529320769 ], [ -68.436956461219253, -50.032498372261912 ], [ -68.442463266963117, -50.025813561142805 ], [ -68.44498657575717, -50.018471431714708 ], [ -68.455495286578412, -49.994534519426075 ], [ -68.459557770432468, -49.987325119597138 ], [ -68.465935199040914, -49.978696751412045 ], [ -68.476714445365602, -49.969490088754156 ], [ -68.481509165041757, -49.967250489087235 ], [ -68.487190593251455, -49.965796793750343 ], [ -68.491175941164272, -49.963571194702574 ], [ -68.492860371441182, -49.960112703724647 ], [ -68.494020904350876, -49.951770013715397 ], [ -68.495906158123759, -49.948033639621968 ], [ -68.501816252238143, -49.943734695391413 ], [ -68.512164839788227, -49.934338543759843 ], [ -68.519243951337913, -49.930866257884759 ], [ -68.531911149472592, -49.925860849190762 ], [ -68.537325442751552, -49.924367654698116 ], [ -68.540819695088217, -49.921194364985894 ], [ -68.544487992549136, -49.913908436957115 ], [ -68.54590195904872, -49.907894746856485 ], [ -68.543137459943651, -49.904696703294206 ], [ -68.541368119633077, -49.901178868061351 ], [ -68.542941911706109, -49.89740001334718 ], [ -68.54845436290806, -49.890602187873313 ], [ -68.552336203363396, -49.887681783949162 ], [ -68.557085425243685, -49.885339969164498 ], [ -68.558108706089911, -49.881850993291351 ], [ -68.557586362041064, -49.877726770779191 ], [ -68.559445175215316, -49.87412408487657 ], [ -68.562178624149297, -49.870682010653901 ], [ -68.563731874649676, -49.866961218818943 ], [ -68.567817752239293, -49.864238850992336 ], [ -68.574607008737246, -49.858096331110843 ], [ -68.579166121289404, -49.855568596635244 ], [ -68.582395871302211, -49.85233911995865 ], [ -68.5896225513535, -49.841737880805162 ], [ -68.593770536881507, -49.839055268346492 ], [ -68.599575068098588, -49.838135931777167 ], [ -68.608389524839808, -49.838435767287912 ], [ -68.617182592755967, -49.828692195595941 ], [ -68.61576951771346, -49.81056662171062 ], [ -68.628950006684107, -49.79931713452104 ], [ -68.62591231130267, -49.791103257633921 ], [ -68.632765545480652, -49.786103806987491 ], [ -68.643682886064809, -49.774854402409808 ], [ -68.655183609555095, -49.772614515255093 ], [ -68.66784969519604, -49.772862799423933 ], [ -68.674539322291025, -49.768462785521116 ], [ -68.676059803557507, -49.762141986543178 ], [ -68.684157691132654, -49.757992588223047 ], [ -68.701031220551599, -49.754450005034634 ], [ -68.71264883286355, -49.748774699002126 ], [ -68.723256777647677, -49.734752280114996 ], [ -68.724390252892263, -49.725660693441249 ], [ -68.733526544774861, -49.719321005316537 ], [ -68.73556969571365, -49.715270785941726 ], [ -68.751157856179162, -49.703900337002217 ], [ -68.763767531703365, -49.697898319547782 ], [ -68.77118253681347, -49.697315308433147 ], [ -68.776745852059591, -49.697726262431459 ], [ -68.782617880661149, -49.696537141915293 ], [ -68.787794688810877, -49.697378404214533 ], [ -68.821432232335027, -49.683112572098807 ], [ -68.828996546395999, -49.681591029929514 ], [ -68.83640843079381, -49.681997339022722 ], [ -68.836080501043909, -49.686802540261809 ], [ -68.84100953903021, -49.689218985769138 ], [ -68.849961995500962, -49.690431220554103 ], [ -68.859065886561325, -49.688554558169493 ], [ -68.865568707292667, -49.684889486276447 ], [ -68.868422697220481, -49.67871148165932 ], [ -68.879954262360599, -49.677244995979997 ], [ -68.887528701918782, -49.671646732270155 ], [ -68.894797963048106, -49.663835910028325 ], [ -68.90715108909815, -49.659638692573886 ], [ -68.913487950106344, -49.655534717084329 ], [ -68.918479407419909, -49.658298573386773 ], [ -68.932608423385332, -49.659283180543689 ], [ -68.944617702535368, -49.658260078759547 ], [ -68.95646619215573, -49.654493418159511 ], [ -68.971351067822951, -49.653059498209316 ], [ -68.984003771808545, -49.646449055278751 ], [ -69.000972740235255, -49.647452653365285 ], [ -69.027193956830601, -49.645246667223446 ], [ -69.048943737195572, -49.642636618381722 ], [ -69.054865325188388, -49.63267191179667 ], [ -69.060247366499155, -49.630443956001585 ], [ -69.071847075627787, -49.632864917268975 ], [ -69.071876130570331, -49.619684034682926 ], [ -69.114755935157319, -49.619582038722179 ], [ -69.122764306206108, -49.616462918488793 ], [ -69.136308570917109, -49.606634014990014 ], [ -69.146460063636212, -49.600813379694628 ], [ -69.14768440557279, -49.597399707016045 ], [ -69.155994125394741, -49.592983171529738 ], [ -69.160921039958154, -49.591771619839918 ], [ -69.169524722414494, -49.592986623859268 ], [ -69.177280873349901, -49.598760773151191 ], [ -69.186838317178427, -49.599352639812409 ], [ -69.192708178881304, -49.603146246002616 ], [ -69.203189973570488, -49.604535426454071 ], [ -69.207214731444495, -49.60753131257448 ], [ -69.234034662301767, -49.607475702154524 ], [ -69.265756543370358, -49.601198877114165 ], [ -69.292325386958041, -49.596756165188751 ], [ -69.312581702418456, -49.595997435538195 ], [ -69.319471963560304, -49.597857765236689 ], [ -69.327602411194135, -49.591177122169192 ], [ -69.335453649348409, -49.57989774407735 ], [ -69.353299261970193, -49.576670774044601 ], [ -69.362943535148005, -49.572482526897261 ], [ -69.379696305936989, -49.571084601246007 ], [ -69.410750233674662, -49.5791919764483 ], [ -69.428466928229611, -49.579995392379914 ], [ -69.433894824894466, -49.58238929519765 ], [ -69.454104602115279, -49.587917749477981 ], [ -69.481416887244663, -49.592626627541556 ], [ -69.49842235031312, -49.592604101682952 ], [ -69.513034733642314, -49.597503369503436 ], [ -69.537806254756148, -49.587482674835172 ], [ -69.567112943884496, -49.572655698343063 ], [ -69.586194670760548, -49.554362411877733 ], [ -69.596533395300781, -49.538264711021483 ], [ -69.600198592104704, -49.526458212349901 ], [ -69.596517058123212, -49.520462087937808 ], [ -69.596386222693482, -49.511974987866196 ], [ -69.598435571936847, -49.486118874543578 ], [ -69.595770705424471, -49.46184698901142 ], [ -69.608652311081869, -49.445492022454012 ], [ -69.61774370099215, -49.42822975520172 ], [ -69.623723632403113, -49.419579364381569 ], [ -69.639086065258411, -49.403778409192007 ], [ -69.649647089876822, -49.390196360081411 ], [ -69.654897288411263, -49.385432714865772 ], [ -69.747261650116783, -49.386873222591916 ], [ -69.746019583453688, -49.318226027559852 ], [ -68.828739903114567, -49.316743967196587 ], [ -68.824234844895742, -49.454962316442241 ] ] ] } },
{ "type": "Feature", "properties": { "codigo_indec": "780350201" }, "geometry": { "type": "Polygon", "coordinates": [ [ [ -70.46605460181604, -45.997562269825778 ], [ -70.08626641356733, -46.001722740626967 ], [ -69.658593193062728, -46.004911162897919 ], [ -69.671207602527943, -46.510136520785828 ], [ -69.821819283675111, -46.509180517864046 ], [ -69.822412512450356, -46.517627977523318 ], [ -69.824267788433062, -46.597174473579287 ], [ -69.859838754606145, -46.597285972096998 ], [ -69.860326385952604, -46.598411285638733 ], [ -70.059563010731566, -46.593347944656813 ], [ -70.216044644349267, -46.59056801688142 ], [ -70.219438272999355, -46.68288779931752 ], [ -70.353357063242427, -46.68028901975979 ], [ -70.364505096636819, -46.669078242951159 ], [ -70.380069410221111, -46.669863093069161 ], [ -70.381166785379847, -46.671388137203181 ], [ -70.390551741747231, -46.679352701603953 ], [ -70.389279035561017, -46.680182285899477 ], [ -70.562942751030405, -46.67758615745835 ], [ -70.55779315103176, -46.523933157440212 ], [ -70.574070375928954, -46.520170310446794 ], [ -70.586954909620488, -46.520244128824849 ], [ -70.599869042502021, -46.524098941114538 ], [ -70.604157035258524, -46.530187702767975 ], [ -70.617889328628749, -46.541716150560475 ], [ -70.604806519384269, -46.224483881137004 ], [ -70.547146448118667, -46.225926661595892 ], [ -70.543457044702677, -46.136096126427461 ], [ -70.441573759405443, -46.137836016920886 ], [ -70.43750994537136, -46.051248991737275 ], [ -70.486910824911078, -46.047602949189489 ], [ -70.487056608165901, -46.024627742175014 ], [ -70.468325523949488, -46.026304959145442 ], [ -70.46605460181604, -45.997562269825778 ] ] ] } }
]
}
