{
"type": "FeatureCollection",
"name": "94",
"crs": { "type": "name", "properties": { "name": "urn:ogc:def:crs:OGC:1.3:CRS84" } },
"features": [
{ "type": "Feature", "properties": { "codigo_indec": "940071312" }, "geometry": { "type": "Polygon", "coordinates": [ [ [ -67.722504640721908, -53.79010089292953 ], [ -67.721279128867025, -53.790730279461442 ], [ -67.717155373087806, -53.792844952587032 ], [ -67.720139181546315, -53.794903025152948 ], [ -67.724929061895907, -53.792467371475972 ], [ -67.723985372779751, -53.79181039064364 ], [ -67.724632534244719, -53.791487065822736 ], [ -67.722504640721908, -53.79010089292953 ] ] ] } },
{ "type": "Feature", "properties": { "codigo_indec": "940140413" }, "geometry": { "type": "Polygon", "coordinates": [ [ [ -68.282244043337002, -54.792060853904196 ], [ -68.280753784177392, -54.792155338977935 ], [ -68.280200967643665, -54.793081840205915 ], [ -68.275461880879249, -54.792494422408794 ], [ -68.277863813984368, -54.793586744554233 ], [ -68.277603474771482, -54.794236489556255 ], [ -68.28391002045872, -54.796537675948514 ], [ -68.28466673270907, -54.797489883558782 ], [ -68.289972735309348, -54.797709693879348 ], [ -68.291309846084815, -54.795936558559141 ], [ -68.286572288837547, -54.795455139871606 ], [ -68.284227402362433, -54.793094427175248 ], [ -68.282244043337002, -54.792060853904196 ] ] ] } },
{ "type": "Feature", "properties": { "codigo_indec": "940140506" }, "geometry": { "type": "Polygon", "coordinates": [ [ [ -68.298909468329654, -54.803991602759659 ], [ -68.297010652733348, -54.806098442468524 ], [ -68.299580784699629, -54.806537764438232 ], [ -68.303368750494101, -54.808059782243262 ], [ -68.302406862396921, -54.8092759911519 ], [ -68.295401248443895, -54.810778413228931 ], [ -68.295073889002452, -54.811043766717766 ], [ -68.305057340465623, -54.80890042053872 ], [ -68.305997742622537, -54.809159580348528 ], [ -68.308931638673513, -54.805616674853439 ], [ -68.304897886619585, -54.804598735427426 ], [ -68.304317087704931, -54.805365728999867 ], [ -68.298909468329654, -54.803991602759659 ] ] ] } },
{ "type": "Feature", "properties": { "codigo_indec": "940140606" }, "geometry": { "type": "Polygon", "coordinates": [ [ [ -68.320531782800387, -54.807092552432799 ], [ -68.318478827025444, -54.809868118751083 ], [ -68.321699761744171, -54.810481306213397 ], [ -68.323566169816786, -54.809784285567751 ], [ -68.323600100269715, -54.809382471089819 ], [ -68.325317553750864, -54.809452667264495 ], [ -68.331541790612405, -54.810450566078259 ], [ -68.330754672005526, -54.809374968362697 ], [ -68.330488796818628, -54.809699147287567 ], [ -68.328793443225322, -54.80946744685577 ], [ -68.329254933983478, -54.808836674142235 ], [ -68.324976656081333, -54.807510374604163 ], [ -68.321554462357099, -54.807549685329114 ], [ -68.320531782800387, -54.807092552432799 ] ] ] } },
{ "type": "Feature", "properties": { "codigo_indec": "940140801" }, "geometry": { "type": "Polygon", "coordinates": [ [ [ -68.315987225745175, -54.811430676282278 ], [ -68.315406506866424, -54.811739572797975 ], [ -68.315700588837601, -54.811134856844447 ], [ -68.313958471028243, -54.812746512506052 ], [ -68.311195732230189, -54.813539365235762 ], [ -68.299337078112515, -54.815903728135616 ], [ -68.301128142438401, -54.818256454776055 ], [ -68.303024768859487, -54.824203085240477 ], [ -68.302645129642315, -54.827724608055327 ], [ -68.301160037370678, -54.829699133290127 ], [ -68.301202317468366, -54.830404566020199 ], [ -68.30164441572866, -54.831161707254942 ], [ -68.302112676797222, -54.830403064947859 ], [ -68.304333990369955, -54.831085069259409 ], [ -68.304723978129701, -54.831482568431227 ], [ -68.304565409288202, -54.832559656132304 ], [ -68.303124854264098, -54.83216960598957 ], [ -68.300375439363407, -54.83435245638919 ], [ -68.297795560085689, -54.835044997780095 ], [ -68.28576533119049, -54.833281471352038 ], [ -68.28241529468697, -54.83373334164191 ], [ -68.279830686215575, -54.83489485220192 ], [ -68.271360114453458, -54.835565224730814 ], [ -68.265162498112076, -54.835325748655812 ], [ -68.263703476131923, -54.83617930824515 ], [ -68.264722715822415, -54.837258991403672 ], [ -68.264520366003595, -54.838757979718025 ], [ -68.258910322904313, -54.839554825347129 ], [ -68.259797612007617, -54.840400177755463 ], [ -68.262465674637099, -54.840688158405918 ], [ -68.263546909717121, -54.841359486243746 ], [ -68.265742180311676, -54.841330110252777 ], [ -68.265570148836403, -54.839660419609586 ], [ -68.264936861704825, -54.839178225984647 ], [ -68.266832744943343, -54.838700097962288 ], [ -68.271022757708053, -54.840899286946723 ], [ -68.270911592162321, -54.843180379313054 ], [ -68.27305291737801, -54.843559287236275 ], [ -68.274776670544043, -54.844656573908857 ], [ -68.277957372326554, -54.845025877207227 ], [ -68.281402959812866, -54.843851537971148 ], [ -68.284587156297846, -54.844023055866472 ], [ -68.2869114085413, -54.844851961012509 ], [ -68.29049548114898, -54.845306398990232 ], [ -68.296034461569675, -54.845024221208 ], [ -68.298641140139651, -54.845517664689083 ], [ -68.300815938442511, -54.847133721890991 ], [ -68.303410796301435, -54.848098616201973 ], [ -68.308482312446714, -54.849223561206259 ], [ -68.31012635288387, -54.849131850192926 ], [ -68.318213130828497, -54.845961511444614 ], [ -68.320616735923764, -54.846747543827988 ], [ -68.322806363171409, -54.846604813037445 ], [ -68.323011728407906, -54.845961408753155 ], [ -68.320917720734755, -54.844815578838897 ], [ -68.323996541793761, -54.840828464659289 ], [ -68.322077077330832, -54.839265902348671 ], [ -68.318739164103121, -54.838762123145656 ], [ -68.316946410980009, -54.838008684703851 ], [ -68.314880866329801, -54.836824728698467 ], [ -68.314134454449615, -54.835639212467619 ], [ -68.312048009487242, -54.835009807338118 ], [ -68.312011402197768, -54.834645776661802 ], [ -68.312742486199184, -54.833522514105034 ], [ -68.314605014831344, -54.832208007156986 ], [ -68.321094583785168, -54.832889019745281 ], [ -68.328014593332185, -54.830623304854377 ], [ -68.327226789896798, -54.830273085341695 ], [ -68.329479288982029, -54.826750622428349 ], [ -68.32815406886624, -54.824800658694784 ], [ -68.328558241816793, -54.823181409898808 ], [ -68.328218707582991, -54.822312643251578 ], [ -68.324709455188724, -54.819568986560775 ], [ -68.322605540256134, -54.819325944350588 ], [ -68.322916180076973, -54.819123307181314 ], [ -68.320828915544553, -54.817889917147049 ], [ -68.319748702797838, -54.816444292955005 ], [ -68.31699856034291, -54.817634859845612 ], [ -68.314743876409423, -54.816198297425764 ], [ -68.310462510253018, -54.815035416892748 ], [ -68.31123132139426, -54.813961783300179 ], [ -68.314053318203236, -54.812886290017964 ], [ -68.315987225745175, -54.811430676282278 ] ] ] } },
{ "type": "Feature", "properties": { "codigo_indec": "940071007" }, "geometry": { "type": "Polygon", "coordinates": [ [ [ -67.719221956429237, -53.765605552330342 ], [ -67.719700246554396, -53.767082012510699 ], [ -67.721233267950183, -53.766916422852134 ], [ -67.722033322414575, -53.769411648649431 ], [ -67.723536232368986, -53.769241215538074 ], [ -67.72225776665897, -53.765267304862924 ], [ -67.719221956429237, -53.765605552330342 ] ] ] } },
{ "type": "Feature", "properties": { "codigo_indec": "940071011" }, "geometry": { "type": "Polygon", "coordinates": [ [ [ -67.72328854970506, -53.761908782248803 ], [ -67.724619308869478, -53.766033744978095 ], [ -67.727655244680832, -53.765690869541615 ], [ -67.727962498591324, -53.76668925680152 ], [ -67.729853319193893, -53.766475687698424 ], [ -67.729690227077967, -53.765975273237025 ], [ -67.730843269705886, -53.765834736028019 ], [ -67.724905221494183, -53.761728313064907 ], [ -67.72328854970506, -53.761908782248803 ] ] ] } },
{ "type": "Feature", "properties": { "codigo_indec": "940071101" }, "geometry": { "type": "Polygon", "coordinates": [ [ [ -67.71266312025034, -53.765595945138237 ], [ -67.711063363734084, -53.764969996000119 ], [ -67.705347831412197, -53.768361027421172 ], [ -67.702118263862189, -53.771895539125182 ], [ -67.703304468501486, -53.772532858164794 ], [ -67.702869204097382, -53.773121182825506 ], [ -67.704279114320158, -53.773145415400691 ], [ -67.704219925620464, -53.772358557043447 ], [ -67.705821103813477, -53.770971891749312 ], [ -67.708120203246352, -53.772537678373517 ], [ -67.711837650040323, -53.7706390925593 ], [ -67.708770358033391, -53.76852822981958 ], [ -67.71266312025034, -53.765595945138237 ] ] ] } },
{ "type": "Feature", "properties": { "codigo_indec": "940071103" }, "geometry": { "type": "Polygon", "coordinates": [ [ [ -67.720082528605133, -53.770718420240591 ], [ -67.718864024455996, -53.769889984334682 ], [ -67.717492339530196, -53.770605376402152 ], [ -67.716868460140603, -53.770174142643612 ], [ -67.713582915446565, -53.771846146114761 ], [ -67.711837650040323, -53.7706390925593 ], [ -67.708120203246352, -53.772537678373517 ], [ -67.70928983993258, -53.773347726999177 ], [ -67.709979420946652, -53.772995735507372 ], [ -67.71116751040114, -53.773823934767215 ], [ -67.713220963970855, -53.772769998514597 ], [ -67.714420690001077, -53.773591551168224 ], [ -67.720082528605133, -53.770718420240591 ] ] ] } },
{ "type": "Feature", "properties": { "codigo_indec": "940071203" }, "geometry": { "type": "Polygon", "coordinates": [ [ [ -67.71605364303656, -53.778732940436655 ], [ -67.712754711715263, -53.780447459379253 ], [ -67.7163934138851, -53.783009103590103 ], [ -67.717869064364422, -53.782256647625879 ], [ -67.721380326137236, -53.784284394300691 ], [ -67.725363462159564, -53.782269168083047 ], [ -67.720497212276968, -53.77890174847245 ], [ -67.71605364303656, -53.778732940436655 ] ] ] } },
{ "type": "Feature", "properties": { "codigo_indec": "940071401" }, "geometry": { "type": "Polygon", "coordinates": [ [ [ -67.660353000099065, -53.800240979584963 ], [ -67.656350169934356, -53.80093973390666 ], [ -67.654671071849933, -53.801235395921886 ], [ -67.657045928630453, -53.804103637014251 ], [ -67.660229082242495, -53.803532730221868 ], [ -67.659722206437621, -53.802529691189861 ], [ -67.660527340267166, -53.802390428677889 ], [ -67.660039079156462, -53.801398830397282 ], [ -67.660851776834363, -53.80125965031813 ], [ -67.660353000099065, -53.800240979584963 ] ] ] } },
{ "type": "Feature", "properties": { "codigo_indec": "940071412" }, "geometry": { "type": "Polygon", "coordinates": [ [ [ -67.68601362243102, -53.806369860805525 ], [ -67.684994683062158, -53.808369159025062 ], [ -67.685331292326111, -53.808527846338876 ], [ -67.684689186911982, -53.808913913696557 ], [ -67.68200063533321, -53.813799369182782 ], [ -67.681977794967636, -53.814648230938189 ], [ -67.680422467399111, -53.813409124865828 ], [ -67.672478138899152, -53.811362651035104 ], [ -67.671872994822877, -53.811895071221052 ], [ -67.668928743237544, -53.81796796437704 ], [ -67.669174954483424, -53.818583945207877 ], [ -67.666937817904483, -53.823404439286413 ], [ -67.692430596888371, -53.824920528120238 ], [ -67.734016713819841, -53.811691082351338 ], [ -67.729764803095293, -53.809712044606677 ], [ -67.717756173396054, -53.807102067973986 ], [ -67.697778865016303, -53.807947074366453 ], [ -67.68601362243102, -53.806369860805525 ] ] ] } },
{ "type": "Feature", "properties": { "codigo_indec": "940140409" }, "geometry": { "type": "Polygon", "coordinates": [ [ [ -68.235987390896042, -54.791327021991428 ], [ -68.229818110698403, -54.790167342538176 ], [ -68.224965861372027, -54.788236455865572 ], [ -68.226455495462446, -54.789395838354729 ], [ -68.228616806926937, -54.795087111083987 ], [ -68.231718231173261, -54.793876059515846 ], [ -68.237332221564813, -54.792974952622821 ], [ -68.23695877170762, -54.792372962893126 ], [ -68.235910170169277, -54.792330431158994 ], [ -68.235987390896042, -54.791327021991428 ] ] ] } },
{ "type": "Feature", "properties": { "codigo_indec": "940140407" }, "geometry": { "type": "MultiPolygon", "coordinates": [ [ [ [ -68.289972735309348, -54.797709693879348 ], [ -68.289599998459337, -54.79768505414706 ], [ -68.289319952798152, -54.798359412249418 ], [ -68.289459485139801, -54.79838268766683 ], [ -68.289972735309348, -54.797709693879348 ] ] ], [ [ [ -68.26257400904899, -54.790979447255538 ], [ -68.265446715372093, -54.788804924341555 ], [ -68.264266367036413, -54.788530517574941 ], [ -68.263396779690325, -54.789333746989975 ], [ -68.262088974956555, -54.78965594069863 ], [ -68.261786439261371, -54.7904760806382 ], [ -68.262252287422612, -54.791785996508196 ], [ -68.25819553786684, -54.794710061987011 ], [ -68.257563081947254, -54.79571008743217 ], [ -68.260180276773212, -54.796067439467784 ], [ -68.261667538828533, -54.795294943075973 ], [ -68.265159243385099, -54.795441904089806 ], [ -68.266092914245434, -54.796256058139427 ], [ -68.265713144573269, -54.796406478264004 ], [ -68.267653891924866, -54.797635452858287 ], [ -68.271003473044743, -54.79791613780182 ], [ -68.27324165770456, -54.797529801947476 ], [ -68.275762456044049, -54.798074890444255 ], [ -68.27731032770015, -54.79890385002674 ], [ -68.276529899894655, -54.799287730678422 ], [ -68.276594212941063, -54.799386931069698 ], [ -68.28226738938163, -54.801493525388196 ], [ -68.283365111310729, -54.802730732087142 ], [ -68.284633983448231, -54.803306415001664 ], [ -68.285552442609045, -54.802590911007947 ], [ -68.284762454985056, -54.801535205359571 ], [ -68.280478519237846, -54.798682370075198 ], [ -68.274995649082342, -54.797046207862579 ], [ -68.274692793713271, -54.795941689444355 ], [ -68.271918375031973, -54.79524233937201 ], [ -68.271840307118268, -54.79353053792444 ], [ -68.271208904903517, -54.792763160491987 ], [ -68.26257400904899, -54.790979447255538 ] ] ] ] } },
{ "type": "Feature", "properties": { "codigo_indec": "940140504" }, "geometry": { "type": "Polygon", "coordinates": [ [ [ -68.314866556696629, -54.806191568071412 ], [ -68.31621383442733, -54.80653154906139 ], [ -68.315621482292002, -54.80730302253302 ], [ -68.319628749575443, -54.808309225951788 ], [ -68.320802775460876, -54.806698802869292 ], [ -68.320501257513243, -54.806131165635968 ], [ -68.319327236854761, -54.806353662050952 ], [ -68.31545509512371, -54.805415584974185 ], [ -68.314866556696629, -54.806191568071412 ] ] ] } },
{ "type": "Feature", "properties": { "codigo_indec": "940140510" }, "geometry": { "type": "Polygon", "coordinates": [ [ [ -68.302694629353724, -54.799564407598801 ], [ -68.300154353930196, -54.802370556424435 ], [ -68.302240002444023, -54.801809877047688 ], [ -68.30747802531711, -54.803315392541435 ], [ -68.30903725798791, -54.801249128039075 ], [ -68.305798123471817, -54.800390700732564 ], [ -68.305705606368193, -54.79943793688274 ], [ -68.304138237362039, -54.799482860083366 ], [ -68.304611425583474, -54.798865721378618 ], [ -68.302694629353724, -54.799564407598801 ] ] ] } },
{ "type": "Feature", "properties": { "codigo_indec": "940140605" }, "geometry": { "type": "Polygon", "coordinates": [ [ [ -68.323699798609255, -54.809466122352902 ], [ -68.321875287226604, -54.810448599530403 ], [ -68.320529615738351, -54.810465778099243 ], [ -68.322354552536197, -54.812247939804713 ], [ -68.324613746783825, -54.813417133158936 ], [ -68.326632798892589, -54.813834845459468 ], [ -68.327214858160815, -54.813909939495296 ], [ -68.328928039853523, -54.811669103317271 ], [ -68.33025217826588, -54.812015536881404 ], [ -68.331376453643628, -54.810573175981276 ], [ -68.323699798609255, -54.809466122352902 ] ] ] } },
{ "type": "Feature", "properties": { "codigo_indec": "940140610" }, "geometry": { "type": "Polygon", "coordinates": [ [ [ -68.320123633425908, -54.802454869000151 ], [ -68.32405667530351, -54.803460512228881 ], [ -68.327774081660522, -54.80599199817857 ], [ -68.331808339691861, -54.806315216418504 ], [ -68.332730196018957, -54.806762716481771 ], [ -68.333691558400318, -54.805519316638694 ], [ -68.327559271100128, -54.803709043832406 ], [ -68.326512616183791, -54.80282512005757 ], [ -68.320842665724967, -54.801538103185543 ], [ -68.320123633425908, -54.802454869000151 ] ] ] } },
{ "type": "Feature", "properties": { "codigo_indec": "940140808" }, "geometry": { "type": "Polygon", "coordinates": [ [ [ -68.331169017823953, -54.815598195142108 ], [ -68.329382303430606, -54.819457895791935 ], [ -68.332113826924143, -54.819852499500797 ], [ -68.332380052959323, -54.819274541108051 ], [ -68.334339249375901, -54.819570520055436 ], [ -68.335679312440575, -54.816595405358747 ], [ -68.334752107753545, -54.816457823770222 ], [ -68.335256585102385, -54.815339920332057 ], [ -68.331169017823953, -54.815598195142108 ] ] ] } },
{ "type": "Feature", "properties": { "codigo_indec": "940140706" }, "geometry": { "type": "Polygon", "coordinates": [ [ [ -68.363209834713373, -54.82694795365525 ], [ -68.364136171846098, -54.829142480629628 ], [ -68.365584590048144, -54.828813185513866 ], [ -68.365175714767474, -54.829087283677602 ], [ -68.362303693216944, -54.829402367327603 ], [ -68.361654905433738, -54.829100264159813 ], [ -68.361402224993952, -54.829581785991905 ], [ -68.360385577891023, -54.829664021104001 ], [ -68.363748862762478, -54.829776017610364 ], [ -68.367666684868837, -54.830997997500596 ], [ -68.369522121817624, -54.832263057460317 ], [ -68.368529917035872, -54.834514944578984 ], [ -68.367385660062254, -54.835535325047708 ], [ -68.36029669327462, -54.833317496071658 ], [ -68.360418939119114, -54.832967792838417 ], [ -68.357930624439859, -54.832864826721455 ], [ -68.358283724455873, -54.831207035126184 ], [ -68.357716632806699, -54.831150136825471 ], [ -68.354733279221406, -54.831358899392676 ], [ -68.354251939433325, -54.832510690238983 ], [ -68.350341037938122, -54.831600482780644 ], [ -68.348857399318788, -54.831686859250439 ], [ -68.35007345282412, -54.833000440849609 ], [ -68.349109112971703, -54.832968325075932 ], [ -68.349188342104526, -54.834089412622845 ], [ -68.344618058624832, -54.833772872458511 ], [ -68.344466000391577, -54.834513171432398 ], [ -68.34704453499802, -54.835057078684905 ], [ -68.349838622032976, -54.836960804155922 ], [ -68.349866274604153, -54.837419098655808 ], [ -68.352096230016585, -54.837635387519867 ], [ -68.351997139495467, -54.83823449139971 ], [ -68.353076269616466, -54.838882548783467 ], [ -68.353789072449061, -54.838836936506787 ], [ -68.353743176658014, -54.838299942512052 ], [ -68.354442165957366, -54.838631549773694 ], [ -68.354844991785143, -54.83850343354716 ], [ -68.35428029325189, -54.838046777204923 ], [ -68.355711225729166, -54.838840413597687 ], [ -68.356524113453631, -54.838862690730451 ], [ -68.356601291695554, -54.838413936849875 ], [ -68.357916367827059, -54.838665691915864 ], [ -68.358626248837453, -54.838067565540605 ], [ -68.362575532158587, -54.83832192696724 ], [ -68.36476884848895, -54.839887523940114 ], [ -68.365258840682472, -54.84089845612079 ], [ -68.362955802043842, -54.841353524317988 ], [ -68.363218343145775, -54.841732197879928 ], [ -68.371316566952842, -54.842216821028018 ], [ -68.374113237386737, -54.842801704240792 ], [ -68.376527380283463, -54.844981329768842 ], [ -68.376362352221989, -54.84584062716953 ], [ -68.375163309060994, -54.846620496466855 ], [ -68.376599608617084, -54.847364503544696 ], [ -68.376982021521329, -54.848309705439078 ], [ -68.380606930410977, -54.850502189557822 ], [ -68.384026581269438, -54.851119213135014 ], [ -68.394384783163517, -54.835731386233448 ], [ -68.396429703121825, -54.834798328651736 ], [ -68.388189273047303, -54.832733608980838 ], [ -68.395316940019924, -54.832196634812853 ], [ -68.399488097732529, -54.83241946014779 ], [ -68.397160211456665, -54.831206415136258 ], [ -68.39216335378697, -54.831055736019266 ], [ -68.386066278414745, -54.82983253145521 ], [ -68.378623787421603, -54.825303038106192 ], [ -68.375115115870329, -54.825307486956547 ], [ -68.368908376478117, -54.826714949418324 ], [ -68.363209834713373, -54.82694795365525 ] ] ] } },
{ "type": "Feature", "properties": { "codigo_indec": "940140813" }, "geometry": { "type": "Polygon", "coordinates": [ [ [ -68.332912077209386, -54.827818332393861 ], [ -68.329571603512122, -54.830335464325387 ], [ -68.331291515823665, -54.830311262323605 ], [ -68.33571433175446, -54.833419053027932 ], [ -68.341398462985467, -54.834615599065884 ], [ -68.344466000391577, -54.834513171432398 ], [ -68.344959023634672, -54.832177935788089 ], [ -68.343974504485303, -54.831712227286936 ], [ -68.345088522418948, -54.831147803658439 ], [ -68.345559766281767, -54.828951687820833 ], [ -68.337115835344335, -54.829328091621626 ], [ -68.332912077209386, -54.827818332393861 ] ] ] } },
{ "type": "Feature", "properties": { "codigo_indec": "940140103" }, "geometry": { "type": "MultiPolygon", "coordinates": [ [ [ [ -68.183967739039119, -54.855448705448552 ], [ -68.184748223454221, -54.855352884656526 ], [ -68.186696296803404, -54.854494561709288 ], [ -68.18567677630783, -54.853897074492259 ], [ -68.184801734593364, -54.854050658254529 ], [ -68.183967039062949, -54.854712066118687 ], [ -68.183967739039119, -54.855448705448552 ] ] ], [ [ [ -68.251319673586394, -54.863246644957094 ], [ -68.252698663238334, -54.86278800642301 ], [ -68.253386804448482, -54.861788355976046 ], [ -68.253118915753788, -54.861326315304822 ], [ -68.252594968476046, -54.861026643584665 ], [ -68.249468527363419, -54.861663144207327 ], [ -68.24901402424878, -54.860979850309917 ], [ -68.248144078712514, -54.860864422712389 ], [ -68.24647502167376, -54.861637871482998 ], [ -68.248713286400644, -54.862916135704694 ], [ -68.251319673586394, -54.863246644957094 ] ] ], [ [ [ -68.235608188805585, -54.861459920368659 ], [ -68.240941904332928, -54.861259805979692 ], [ -68.242568967086314, -54.859823652717992 ], [ -68.242025449528754, -54.85911956443271 ], [ -68.2400936544133, -54.85833492869871 ], [ -68.232929390718027, -54.859008555525342 ], [ -68.232569834741682, -54.860722095646096 ], [ -68.235608188805585, -54.861459920368659 ] ] ], [ [ [ -68.168619245235689, -54.860337103282042 ], [ -68.173098700837286, -54.860037546089266 ], [ -68.173526685251346, -54.859669896081918 ], [ -68.170810439794394, -54.859042759448975 ], [ -68.170964620599804, -54.858358831293287 ], [ -68.167215221709341, -54.858378095936921 ], [ -68.167329048895226, -54.858899911088287 ], [ -68.168902432705224, -54.85962935655801 ], [ -68.168619245235689, -54.860337103282042 ] ] ], [ [ [ -68.24010089036841, -54.87927501896322 ], [ -68.245329768135292, -54.878139789187102 ], [ -68.245719137477423, -54.877937838023648 ], [ -68.241822975230122, -54.877174709587528 ], [ -68.238729827559041, -54.878448956912784 ], [ -68.24010089036841, -54.87927501896322 ] ] ], [ [ [ -68.246043982216548, -54.877227930330619 ], [ -68.249188233114296, -54.876748832862233 ], [ -68.246531416214324, -54.876152961928376 ], [ -68.249702268378485, -54.875914318852431 ], [ -68.250087666149, -54.87529460709154 ], [ -68.251953285163339, -54.874659314341301 ], [ -68.246548217042914, -54.874625909529435 ], [ -68.238315506790869, -54.875841209396796 ], [ -68.239328529615676, -54.876440453393954 ], [ -68.246043982216548, -54.877227930330619 ] ] ], [ [ [ -68.177521123929949, -54.872866585574577 ], [ -68.181015636091772, -54.872039026484352 ], [ -68.181414639039517, -54.871374704010535 ], [ -68.169235717884717, -54.871256085456153 ], [ -68.171115959908434, -54.872239130667317 ], [ -68.177521123929949, -54.872866585574577 ] ] ], [ [ [ -68.257425404474262, -54.873587946490396 ], [ -68.260383619068364, -54.87346226191459 ], [ -68.26077894020726, -54.873141270640104 ], [ -68.257938717573339, -54.872569236391811 ], [ -68.257425404474262, -54.873587946490396 ] ] ], [ [ [ -68.195155423021077, -54.873047590240823 ], [ -68.195445446877486, -54.872564412538907 ], [ -68.19496886933284, -54.872246838975208 ], [ -68.194194791407639, -54.872592055722507 ], [ -68.194206153494676, -54.872998626125998 ], [ -68.195155423021077, -54.873047590240823 ] ] ], [ [ [ -68.265108541738101, -54.869771866187648 ], [ -68.25589856655796, -54.869158832651081 ], [ -68.25467597133958, -54.868729122852962 ], [ -68.254210908766836, -54.867765057421344 ], [ -68.255796905021128, -54.867067351783525 ], [ -68.25190055909647, -54.865729611265522 ], [ -68.250125888651169, -54.86568273468756 ], [ -68.249683446343781, -54.865814751635916 ], [ -68.249195606897885, -54.867761109898893 ], [ -68.247806477307861, -54.867916460311726 ], [ -68.247244360890619, -54.868827027136902 ], [ -68.237484024292613, -54.868721231226466 ], [ -68.233642082804963, -54.869876109289201 ], [ -68.234936545979664, -54.871436132580669 ], [ -68.238170768487095, -54.873396849301585 ], [ -68.242912535703638, -54.87224070217485 ], [ -68.247621441046761, -54.872207076891492 ], [ -68.250994952188805, -54.870682801550672 ], [ -68.254668013885265, -54.870849127333692 ], [ -68.258153308894492, -54.870214684040562 ], [ -68.26344419134773, -54.870498413472475 ], [ -68.265108541738101, -54.869771866187648 ] ] ], [ [ [ -68.197798694588784, -54.873101008479388 ], [ -68.199746086012411, -54.872502988295807 ], [ -68.199599762731566, -54.872025908668647 ], [ -68.197140137962464, -54.871749160478352 ], [ -68.197089885548237, -54.872710042950587 ], [ -68.197798694588784, -54.873101008479388 ] ] ], [ [ [ -68.262276741493977, -54.867895163028138 ], [ -68.265121151098626, -54.867580024296075 ], [ -68.266108017168307, -54.867271576444601 ], [ -68.264104202547273, -54.866118576858952 ], [ -68.261576917251276, -54.866983599774272 ], [ -68.262276741493977, -54.867895163028138 ] ] ], [ [ [ -68.283202680911927, -54.77016502152383 ], [ -68.286887693832853, -54.772675140068209 ], [ -68.291317368999458, -54.773949788272532 ], [ -68.302106461567135, -54.778420926081367 ], [ -68.302887798333771, -54.779528127509593 ], [ -68.304943696339151, -54.780858232611195 ], [ -68.324399676609787, -54.785459805359935 ], [ -68.323957321158332, -54.786119864004633 ], [ -68.321451528083159, -54.787237780018451 ], [ -68.319269860781887, -54.787560190509403 ], [ -68.318982911012924, -54.787985289750345 ], [ -68.319424623266883, -54.788989411881786 ], [ -68.322620768905281, -54.789824780485624 ], [ -68.327427134156011, -54.789658373322681 ], [ -68.331607374668209, -54.791635347684078 ], [ -68.332867811279115, -54.791799492068002 ], [ -68.333780248282764, -54.791382287857175 ], [ -68.33803104569823, -54.793114630477127 ], [ -68.338803124354015, -54.794389981415364 ], [ -68.338819196182214, -54.796025035358454 ], [ -68.339986252065984, -54.796920737751819 ], [ -68.342092195452182, -54.797212901780028 ], [ -68.35108950595351, -54.796569628663896 ], [ -68.355568422969014, -54.796993252932161 ], [ -68.357952504968623, -54.79813778729536 ], [ -68.361445687923563, -54.798966961517046 ], [ -68.362441385825576, -54.79868473039884 ], [ -68.367994827617196, -54.799275234644696 ], [ -68.369189766881036, -54.798677324060819 ], [ -68.370249922444145, -54.798745713064498 ], [ -68.369485460968349, -54.800158860555058 ], [ -68.374630389312046, -54.811616723539238 ], [ -68.354642221330494, -54.814627053788101 ], [ -68.361762972715994, -54.820768845353818 ], [ -68.363776963607705, -54.826256969381774 ], [ -68.363356189322488, -54.826793759811409 ], [ -68.368908376478117, -54.826714949418324 ], [ -68.375115115870329, -54.825307486956547 ], [ -68.378623787421603, -54.825303038106192 ], [ -68.386066278414745, -54.82983253145521 ], [ -68.39216335378697, -54.831055736019266 ], [ -68.397160211456665, -54.831206415136258 ], [ -68.399488097732529, -54.83241946014779 ], [ -68.395316940019924, -54.832196634812853 ], [ -68.388189273047303, -54.832733608980838 ], [ -68.396429703121825, -54.834798328651736 ], [ -68.394384783163517, -54.835731386233448 ], [ -68.384026581269438, -54.851119213135014 ], [ -68.391859297984567, -54.851282208813366 ], [ -68.402451084183213, -54.853068546886476 ], [ -68.40630520681259, -54.852764053853122 ], [ -68.411387783055503, -54.853096469077634 ], [ -68.411928775252235, -54.853635836379077 ], [ -68.414287193192138, -54.854204192090251 ], [ -68.419953328026807, -54.854305497969968 ], [ -68.421517115732172, -54.854921568387432 ], [ -68.420762957684047, -54.85539408324955 ], [ -68.42247579354823, -54.856480223759377 ], [ -68.42553889827289, -54.855695246762842 ], [ -68.431742585980587, -54.857449204425258 ], [ -68.43746838205648, -54.855257012738278 ], [ -68.439549894684319, -54.855895459214842 ], [ -68.445287315471873, -54.856496723726337 ], [ -68.445460602204363, -54.857485665007566 ], [ -68.446638923120005, -54.857859349772454 ], [ -68.454957429072508, -54.857331025545328 ], [ -68.45742968654065, -54.856149578647674 ], [ -68.457601702070122, -54.857255277583008 ], [ -68.458079441331165, -54.857336012983275 ], [ -68.457437543238456, -54.859044441657993 ], [ -68.45771179872942, -54.859494825088809 ], [ -68.458857376766474, -54.859419086069835 ], [ -68.459564974869465, -54.783754275207542 ], [ -68.367810987015346, -54.783654529340957 ], [ -68.368694624538293, -54.737637351393353 ], [ -68.183441872757584, -54.736286630882944 ], [ -68.169925724787319, -54.725531399634697 ], [ -68.165708729670641, -54.72303197873525 ], [ -68.164000266809282, -54.722903424236279 ], [ -68.159923106063786, -54.721177349420806 ], [ -68.156264897574232, -54.721151946298328 ], [ -68.150483031920928, -54.720078460408487 ], [ -68.141428119454702, -54.72115558859872 ], [ -68.130867573452235, -54.721493587630903 ], [ -68.119205451666417, -54.722523389767993 ], [ -68.116037934668071, -54.721161781091176 ], [ -68.107937274492684, -54.720958710172496 ], [ -68.105470768206189, -54.72020388097171 ], [ -68.102874776176208, -54.71828915722017 ], [ -68.09857451496076, -54.716963618512032 ], [ -68.089407159022329, -54.716966976632236 ], [ -68.085072750895876, -54.717700196967293 ], [ -68.079788777674139, -54.716157691783224 ], [ -68.072553702526264, -54.715644391650073 ], [ -68.070223703885048, -54.715069558101824 ], [ -68.068637392803296, -54.713700850772668 ], [ -68.066679069180239, -54.713164737836408 ], [ -68.05940570177539, -54.713162423592784 ], [ -68.052897387497879, -54.714621005449835 ], [ -68.03951152575091, -54.715701532250328 ], [ -68.036200673785316, -54.71659158984977 ], [ -68.032462104576993, -54.716049740502463 ], [ -68.029719823670902, -54.717653868546513 ], [ -68.025668152879788, -54.718358034764655 ], [ -68.016840595600115, -54.723542221008486 ], [ -68.012340522379617, -54.725259709171162 ], [ -68.005502388830564, -54.727043221241907 ], [ -67.990925009549329, -54.729474144846307 ], [ -67.981320751616323, -54.729914888787938 ], [ -67.972772494057594, -54.729716996756864 ], [ -67.95812241811629, -54.728361224370339 ], [ -67.956708327431784, -54.728420934518894 ], [ -67.95256377500381, -54.730226865241704 ], [ -67.940909448775983, -54.731275544627643 ], [ -67.933695594639886, -54.73006239917693 ], [ -67.913926724983668, -54.732671898007098 ], [ -67.906623822301114, -54.732767972199696 ], [ -67.901806585596773, -54.733515009331889 ], [ -67.894373428676573, -54.732971318210346 ], [ -67.869743426281872, -54.737586497112744 ], [ -67.844161898348744, -54.741199409103544 ], [ -67.840440017476155, -54.741711889294763 ], [ -67.833283552198822, -54.74056518543312 ], [ -67.821255268701236, -54.743449461934929 ], [ -67.806200022857496, -54.745305583925322 ], [ -67.799233436598854, -54.746674220032531 ], [ -67.797499484128309, -54.748588568860086 ], [ -67.796208474130864, -54.752843093517555 ], [ -67.797545810153309, -54.754886711031645 ], [ -67.796335950059813, -54.756923027798429 ], [ -67.791502082057931, -54.757018700380989 ], [ -67.779090028612913, -54.758583356526039 ], [ -67.764137931163702, -54.758333099122787 ], [ -67.756035168359858, -54.761170028317302 ], [ -67.750443882266339, -54.761247312817908 ], [ -67.746252448074728, -54.762526938298414 ], [ -67.729873907326166, -54.770080450700675 ], [ -67.725699549817108, -54.770890141739486 ], [ -67.722263541281592, -54.772920297437963 ], [ -67.718679370210566, -54.773235110623489 ], [ -67.713075440871179, -54.772553652296942 ], [ -67.706274689218759, -54.774808150343588 ], [ -67.691065791664712, -54.782335250396187 ], [ -67.688898118138241, -54.782554410034301 ], [ -67.691761350760842, -54.789197490489933 ], [ -67.647307694916648, -54.793579337572858 ], [ -67.60278124791455, -54.800235032811344 ], [ -67.569305093336652, -54.812422625975913 ], [ -67.558120008595267, -54.819863810666249 ], [ -67.540129511872834, -54.819567896409858 ], [ -67.541525653259924, -54.868235493047791 ], [ -67.545573844484963, -54.869368859028498 ], [ -67.552077847826268, -54.86914111936931 ], [ -67.558039740127612, -54.869697186701757 ], [ -67.561953968302859, -54.870453331167923 ], [ -67.563542900618472, -54.872206041022338 ], [ -67.565394963887726, -54.872695098032366 ], [ -67.570489649612696, -54.871802869602973 ], [ -67.575139653660827, -54.872028206812573 ], [ -67.579744694985962, -54.873090592929245 ], [ -67.598165777358432, -54.879177842282317 ], [ -67.625076988316692, -54.883680914070091 ], [ -67.627978580160431, -54.884046125088915 ], [ -67.641080297256963, -54.8836903043183 ], [ -67.662020512467834, -54.884255158236591 ], [ -67.67041902987954, -54.885697191155572 ], [ -67.678259542199299, -54.886112908069101 ], [ -67.686664667182185, -54.887380945793517 ], [ -67.702447036015798, -54.885699887508416 ], [ -67.711853326914039, -54.881496771078048 ], [ -67.719859209674041, -54.880000263355562 ], [ -67.725335065337205, -54.879907370593152 ], [ -67.735713430972893, -54.881235377098925 ], [ -67.740559177403554, -54.881240796331561 ], [ -67.74469771663928, -54.879435231682109 ], [ -67.749464050796007, -54.87897905996487 ], [ -67.754510618976312, -54.881052247235871 ], [ -67.758230745824903, -54.880165010828122 ], [ -67.760064553344776, -54.880320745145546 ], [ -67.773171610633369, -54.87560038373497 ], [ -67.774743976201492, -54.874098008586941 ], [ -67.776644767855473, -54.873578145665277 ], [ -67.778912412359503, -54.873933361039512 ], [ -67.783352937670514, -54.873268209221884 ], [ -67.792123206199349, -54.870678602059307 ], [ -67.7958115357292, -54.870275025072601 ], [ -67.798081692157709, -54.869497963179555 ], [ -67.802021004285223, -54.869554849652793 ], [ -67.806231871411669, -54.868724893437061 ], [ -67.815919686832089, -54.865567638263528 ], [ -67.821317350012919, -54.862071593024403 ], [ -67.828018527469752, -54.860312761688235 ], [ -67.834141630462128, -54.860757995444743 ], [ -67.836721687955716, -54.860396439225241 ], [ -67.841349332488406, -54.861401928963424 ], [ -67.84424265581039, -54.860432313247344 ], [ -67.850439005183247, -54.859404103684462 ], [ -67.85343933922772, -54.860824931791612 ], [ -67.860194684794834, -54.861366899610587 ], [ -67.866142166354891, -54.863648265754335 ], [ -67.871265108464343, -54.862016049188114 ], [ -67.873135846552799, -54.859715647824423 ], [ -67.875076351148763, -54.858817308942143 ], [ -67.8811319357103, -54.860023153502461 ], [ -67.883960893949805, -54.8596539050072 ], [ -67.888760166885717, -54.86012014376616 ], [ -67.89047054496973, -54.859650667463519 ], [ -67.892291417834272, -54.860403944827333 ], [ -67.896538250000546, -54.86043362261438 ], [ -67.899624770783646, -54.859751923947016 ], [ -67.906312043118746, -54.86009082263098 ], [ -67.913400257523961, -54.857829948059873 ], [ -67.920710376251563, -54.856850794634873 ], [ -67.935002165622436, -54.856384055205453 ], [ -67.939184545508212, -54.854255623523592 ], [ -67.940903474005992, -54.854764722903944 ], [ -67.948429107518621, -54.855030007121805 ], [ -67.950762746008692, -54.854508933497165 ], [ -67.953984776317895, -54.852749003394692 ], [ -67.957671202457846, -54.851837429120181 ], [ -67.960397196205378, -54.851788928798932 ], [ -67.964231429035053, -54.85269534274655 ], [ -67.969059471274321, -54.852188431368702 ], [ -67.970519339666595, -54.853557330012926 ], [ -67.97233270837917, -54.853734392891283 ], [ -67.972722908213882, -54.854310394392265 ], [ -67.977362502134753, -54.854331586344578 ], [ -67.97982423030362, -54.856122045520415 ], [ -67.983832975600592, -54.855230352961726 ], [ -67.989158266918821, -54.85647858711085 ], [ -67.990934868012786, -54.856421493916656 ], [ -67.996053928892607, -54.852351719995596 ], [ -68.004280532683538, -54.849596386865997 ], [ -68.007563694494337, -54.849515461872677 ], [ -68.015315888365791, -54.848284947946432 ], [ -68.021435989051568, -54.849502276153416 ], [ -68.022772207454565, -54.850258666446557 ], [ -68.03020739057537, -54.849898295404849 ], [ -68.033554917868798, -54.850542597741736 ], [ -68.035788161320426, -54.84911401078206 ], [ -68.037796870202271, -54.846973909124323 ], [ -68.04048983806365, -54.846986234998454 ], [ -68.041459278672022, -54.844837856596094 ], [ -68.047965816155354, -54.842876746834008 ], [ -68.056242593483361, -54.837901631533171 ], [ -68.058860487172922, -54.836933769856948 ], [ -68.076358096120472, -54.834220384099801 ], [ -68.08856741734408, -54.831105560022785 ], [ -68.094057607544244, -54.830376321409695 ], [ -68.102471292072821, -54.827975103014502 ], [ -68.107840559299461, -54.827053450824593 ], [ -68.112233495496952, -54.827004803853434 ], [ -68.11279086486681, -54.826245285557434 ], [ -68.117743863139054, -54.82530443280249 ], [ -68.13699910371453, -54.82346424310149 ], [ -68.140484491858331, -54.821988738135133 ], [ -68.147809336746647, -54.820656932903844 ], [ -68.15668802905536, -54.821071537979336 ], [ -68.15920239640738, -54.821922191313782 ], [ -68.161461619440388, -54.821012526505029 ], [ -68.168413632697991, -54.820368627410943 ], [ -68.171003107751616, -54.819461047768591 ], [ -68.19035198755104, -54.818702287560711 ], [ -68.195846493241646, -54.81718468376485 ], [ -68.203719247319796, -54.81613162647686 ], [ -68.208475883946704, -54.813126350872224 ], [ -68.212777527063494, -54.808887214497318 ], [ -68.217044364228983, -54.806803716382895 ], [ -68.220956316466783, -54.806370736086322 ], [ -68.22313786922119, -54.80452740282206 ], [ -68.232415692209443, -54.79993977570507 ], [ -68.232502621548505, -54.79945522217232 ], [ -68.230899274814817, -54.798728645884914 ], [ -68.232303681297111, -54.798465790328393 ], [ -68.234046398753051, -54.799429041853251 ], [ -68.236402527246639, -54.79961457396837 ], [ -68.236669733732001, -54.798843683183605 ], [ -68.240266987750047, -54.797105511281508 ], [ -68.231364089925464, -54.796357727625264 ], [ -68.229084587708797, -54.79562908784861 ], [ -68.22634277633783, -54.789192992920526 ], [ -68.224665045170795, -54.788115503855458 ], [ -68.224905909055394, -54.786697662597341 ], [ -68.22376981741462, -54.78595600555807 ], [ -68.224142136434025, -54.783761940025052 ], [ -68.245178638297617, -54.78196544252139 ], [ -68.264878673193195, -54.782198690355131 ], [ -68.268896676392046, -54.783265041269019 ], [ -68.269144088920754, -54.782904950183898 ], [ -68.268367641006577, -54.782435380117704 ], [ -68.268386152882854, -54.781840341767854 ], [ -68.269569246953054, -54.78109061866806 ], [ -68.269932608265492, -54.779037853333961 ], [ -68.271321117323026, -54.778958612233758 ], [ -68.271424858916205, -54.777726263679 ], [ -68.269406157655993, -54.776126308078567 ], [ -68.268584286897379, -54.774951267612252 ], [ -68.268570468234813, -54.773994451465505 ], [ -68.266327544652384, -54.773423937108248 ], [ -68.265817012436202, -54.772655012877912 ], [ -68.271787269155936, -54.769879188634498 ], [ -68.276184312213132, -54.769674179991831 ], [ -68.276850773841048, -54.768460902569302 ], [ -68.279957704401198, -54.767399128246041 ], [ -68.279597444091635, -54.766469452248224 ], [ -68.279915498640293, -54.766275951402299 ], [ -68.284906364330951, -54.766071905340489 ], [ -68.289155992048563, -54.764942513696255 ], [ -68.292870083144592, -54.76377391942593 ], [ -68.294180633525926, -54.76256205444254 ], [ -68.299825063165869, -54.761364039075467 ], [ -68.301795199422273, -54.760171618596708 ], [ -68.310998528296892, -54.760215259912592 ], [ -68.307224358248519, -54.764496812048719 ], [ -68.302380153813957, -54.764999071193223 ], [ -68.291209273595825, -54.768577085551286 ], [ -68.285189912528267, -54.769377223958294 ], [ -68.283202680911927, -54.77016502152383 ] ] ] ] } },
{ "type": "Feature", "properties": { "codigo_indec": "940070801" }, "geometry": { "type": "Polygon", "coordinates": [ [ [ -68.312452012907428, -53.854256675999814 ], [ -68.304604851681759, -53.852073091098042 ], [ -68.303428346857473, -53.850628708033177 ], [ -68.300342543322799, -53.849784158798585 ], [ -68.298703966213068, -53.850315925066219 ], [ -68.299127864507128, -53.851547066278641 ], [ -68.298826804473578, -53.852967144000722 ], [ -68.297169573171843, -53.854150174603653 ], [ -68.296727183702444, -53.855836715035011 ], [ -68.295268011201784, -53.856980448446748 ], [ -68.291331133219117, -53.856793293349817 ], [ -68.288467457075683, -53.855608331207634 ], [ -68.284827869761557, -53.856712036388629 ], [ -68.282764831715681, -53.856708708903042 ], [ -68.281307893564474, -53.856367556662789 ], [ -68.27895529220595, -53.854644094663634 ], [ -68.278737504873774, -53.852064160105279 ], [ -68.277936330816928, -53.850936246726505 ], [ -68.270339424545966, -53.849353898368854 ], [ -68.266232074451224, -53.846797392513764 ], [ -68.264974167065333, -53.847481521507603 ], [ -68.266139504031869, -53.850352550528612 ], [ -68.265735114353106, -53.851969581545454 ], [ -68.26432050991481, -53.852697668508789 ], [ -68.263048428859022, -53.852662908842269 ], [ -68.26156856027896, -53.851914814146127 ], [ -68.261192175734195, -53.850852294298718 ], [ -68.260093114536346, -53.850272743208329 ], [ -68.257403995467257, -53.850460535634049 ], [ -68.256625677983237, -53.85150693534176 ], [ -68.25860195584724, -53.852965710136189 ], [ -68.259222001621879, -53.854211683822236 ], [ -68.259038201285705, -53.854938315373253 ], [ -68.254947952950872, -53.856132673106785 ], [ -68.250476725847676, -53.855457926704936 ], [ -68.248526361725666, -53.854046350565582 ], [ -68.24627027528966, -53.853376312633785 ], [ -68.241664254346006, -53.854297434469231 ], [ -68.23737982258082, -53.85340100553227 ], [ -68.233009604252445, -53.8540896896018 ], [ -68.228895209001109, -53.853874641548828 ], [ -68.226468862615349, -53.85277186615992 ], [ -68.218632570935938, -53.851481194932887 ], [ -68.217597853915564, -53.848500483494703 ], [ -68.215812700421367, -53.847877863677589 ], [ -68.21488640402265, -53.84784709832558 ], [ -68.208134600155873, -53.852158117389493 ], [ -68.204669410158843, -53.852182371128428 ], [ -68.2026695732024, -53.851063968423091 ], [ -68.203734302130997, -53.849408848347082 ], [ -68.206858633369578, -53.848313177327533 ], [ -68.207057821424968, -53.847220592879708 ], [ -68.20638547638606, -53.846818569967496 ], [ -68.200006410279528, -53.846686361812225 ], [ -68.199356029935515, -53.846331615979608 ], [ -68.198320876431069, -53.843451807547694 ], [ -68.197396109487471, -53.843346792215712 ], [ -68.196156168884755, -53.843832657168008 ], [ -68.192720062504065, -53.843762417880711 ], [ -68.185459027360736, -53.845260983018498 ], [ -68.184669067930699, -53.846818978201583 ], [ -68.183637595868746, -53.847510535463826 ], [ -68.171530724273907, -53.848119388690904 ], [ -68.167047376829956, -53.850460347521633 ], [ -68.164035436576597, -53.850621345345466 ], [ -68.161524839725871, -53.851547236828111 ], [ -68.160930267177449, -53.854112743903983 ], [ -68.162682510760831, -53.854643857177351 ], [ -68.164077279860194, -53.856147309094951 ], [ -68.16088212034208, -53.858038778471233 ], [ -68.157890616004423, -53.85772132436459 ], [ -68.156211831018624, -53.856557227389111 ], [ -68.154536877119924, -53.856150105829968 ], [ -68.151652453158405, -53.855994976959153 ], [ -68.14946623372748, -53.857383382870417 ], [ -68.150117030608712, -53.859580293389719 ], [ -68.147885721743847, -53.860370859721797 ], [ -68.143614624707851, -53.86037639657183 ], [ -68.125600315620034, -53.858889781773627 ], [ -68.124429432468546, -53.857461637779089 ], [ -68.124938520778841, -53.85637144490574 ], [ -68.124470315768704, -53.855685180710999 ], [ -68.123084172699492, -53.855654843577419 ], [ -68.121064971059425, -53.857187713292959 ], [ -68.117372004689258, -53.856998881006419 ], [ -68.110121127687478, -53.857960621691625 ], [ -68.101858993011561, -53.854850952499447 ], [ -68.100849993871364, -53.854243655929373 ], [ -68.10048671411981, -53.852935879760928 ], [ -68.099294667054366, -53.851833028920439 ], [ -68.09251179577258, -53.849973715629389 ], [ -68.087224691780321, -53.845739913353512 ], [ -68.083622434061382, -53.846494142660781 ], [ -68.08076752206523, -53.845553598780342 ], [ -68.079984882074982, -53.845906996610488 ], [ -68.079448729295095, -53.847663925695883 ], [ -68.076654925596713, -53.848262417946295 ], [ -68.074833801770666, -53.847298236561713 ], [ -68.073812920468001, -53.846050443445847 ], [ -68.07210859384989, -53.845480211183656 ], [ -68.065386432538958, -53.845769465696733 ], [ -68.064264557162275, -53.844976787796035 ], [ -68.063705422415381, -53.842798075176837 ], [ -68.060763303100387, -53.840863537232913 ], [ -68.091121709225561, -53.893784596456477 ], [ -68.107097916159361, -53.912671484870756 ], [ -68.111614037510549, -53.932381625200243 ], [ -68.121664470867259, -53.939371549134933 ], [ -68.127526484924601, -54.010350567301636 ], [ -68.123877515890413, -54.012141170140097 ], [ -68.123438331670101, -54.056609471469997 ], [ -68.277855834404292, -54.057491944372224 ], [ -68.277737478488476, -54.079276256971127 ], [ -68.378396333065922, -54.079436372141501 ], [ -68.378207564919833, -54.134724939644428 ], [ -68.607718975402292, -54.134622409879825 ], [ -68.607247007614575, -53.926689521718608 ], [ -68.605134596512229, -53.925907682496096 ], [ -68.602025411463302, -53.923103240196177 ], [ -68.598750637060903, -53.922928376864064 ], [ -68.596831756162516, -53.921843809867852 ], [ -68.594975618616175, -53.921756703996572 ], [ -68.59186068256129, -53.924324712459416 ], [ -68.590574398628021, -53.924715652723307 ], [ -68.588845646154169, -53.924433473502859 ], [ -68.588289696646925, -53.923694839412939 ], [ -68.584059457654689, -53.923168146596979 ], [ -68.582973118301439, -53.922203036727183 ], [ -68.582560079049642, -53.919739844998801 ], [ -68.580744586366507, -53.918646394287769 ], [ -68.57943151775919, -53.917166095810479 ], [ -68.578694877250868, -53.914748923328283 ], [ -68.578689859186099, -53.912601603964397 ], [ -68.57694705663306, -53.911508348874825 ], [ -68.573305858316147, -53.912297335344221 ], [ -68.568975635215992, -53.911634984699099 ], [ -68.565283290077403, -53.914036267999464 ], [ -68.563177215521506, -53.914605881726402 ], [ -68.561919375149444, -53.915553659966733 ], [ -68.561150564242183, -53.918118181760526 ], [ -68.560136364596616, -53.918678250376296 ], [ -68.55964263025686, -53.919675969381132 ], [ -68.560423603685038, -53.921760993459742 ], [ -68.559623246235546, -53.922964233214394 ], [ -68.557505362108685, -53.9228014658731 ], [ -68.554189638552359, -53.920060154759788 ], [ -68.554337812390401, -53.919009515132615 ], [ -68.556791709407719, -53.916887017031335 ], [ -68.557184869010499, -53.91568903260422 ], [ -68.556813066798554, -53.915229449968095 ], [ -68.551771358787661, -53.913854073236934 ], [ -68.54976073611364, -53.91154651 ], [ -68.541677382658975, -53.908683552900499 ], [ -68.537973056793305, -53.906881431737752 ], [ -68.532140802367536, -53.905933440228992 ], [ -68.530397456955981, -53.902647271205751 ], [ -68.529612281831135, -53.902116354854982 ], [ -68.524334150110477, -53.903020971547839 ], [ -68.513815676020684, -53.903481978000151 ], [ -68.510853027091841, -53.902146967877655 ], [ -68.507623680941478, -53.899573165641193 ], [ -68.504411258661946, -53.898816475485077 ], [ -68.49085265586281, -53.900080479048313 ], [ -68.486433746334129, -53.899414769546283 ], [ -68.481297597811775, -53.897712573082877 ], [ -68.46895888375272, -53.898123586541907 ], [ -68.461583967318589, -53.897578619416997 ], [ -68.456865757016402, -53.898053767619281 ], [ -68.447735362082653, -53.89596138186198 ], [ -68.44093978937633, -53.896507192369882 ], [ -68.43908444822587, -53.895615800962112 ], [ -68.437270617816296, -53.892489652347436 ], [ -68.434879571425881, -53.891301436392816 ], [ -68.429884978910607, -53.891996591954161 ], [ -68.426815894137249, -53.89396982578112 ], [ -68.422521712429315, -53.894306386553339 ], [ -68.415574645732562, -53.898073265412151 ], [ -68.411555029491808, -53.899403571374073 ], [ -68.40293116206189, -53.899531704111922 ], [ -68.400314521693119, -53.898467462548496 ], [ -68.397954955790766, -53.896461066816357 ], [ -68.395314335324613, -53.895762718484491 ], [ -68.392705123245378, -53.896576135114969 ], [ -68.390056145219944, -53.896457137544665 ], [ -68.383647958723145, -53.89362120433433 ], [ -68.378807401294821, -53.89308413181967 ], [ -68.37697102386457, -53.890505007174241 ], [ -68.378223075258987, -53.890179066250106 ], [ -68.378556371470026, -53.888473708546563 ], [ -68.3740051969408, -53.886426269754814 ], [ -68.372484365748505, -53.884648352027639 ], [ -68.371928299197847, -53.882938358373515 ], [ -68.370275352527599, -53.881617937746306 ], [ -68.368714565760428, -53.881252599434589 ], [ -68.366606482062437, -53.88213771531003 ], [ -68.362182753109678, -53.88179084435717 ], [ -68.360127676701552, -53.880189620690984 ], [ -68.359450849439725, -53.877463654345412 ], [ -68.358321108973399, -53.876768046333332 ], [ -68.354927220653863, -53.87796278727415 ], [ -68.353170093161623, -53.877528805554832 ], [ -68.351986759510226, -53.876372383882824 ], [ -68.352447678964026, -53.874095007625165 ], [ -68.354285964729456, -53.87245846704203 ], [ -68.356495404280139, -53.871888574194145 ], [ -68.357048037278503, -53.870550571057024 ], [ -68.355147925364065, -53.869794648322895 ], [ -68.353081121355828, -53.869747587634627 ], [ -68.346448097820485, -53.87176016377412 ], [ -68.343353921600766, -53.871296287609177 ], [ -68.342159245437102, -53.870164412587691 ], [ -68.341902941198285, -53.868817548933848 ], [ -68.346127117026583, -53.866996526450222 ], [ -68.34625941519576, -53.865579910538621 ], [ -68.345028518794365, -53.864582636061293 ], [ -68.341612259948974, -53.863126390921991 ], [ -68.34018244522828, -53.861258703658649 ], [ -68.334640032995438, -53.859963505658421 ], [ -68.332406602504761, -53.859912917466104 ], [ -68.329111425975498, -53.862814575399121 ], [ -68.326874448166819, -53.862739156849251 ], [ -68.326021380210236, -53.861910021383501 ], [ -68.327106276454543, -53.859658698186614 ], [ -68.326549850998944, -53.859289449652479 ], [ -68.325369377198086, -53.858977338959967 ], [ -68.318243132176548, -53.859797355377722 ], [ -68.314547661593082, -53.858069206805155 ], [ -68.313808702384293, -53.855162914929878 ], [ -68.312452012907428, -53.854256675999814 ] ] ] } },
{ "type": "Feature", "properties": { "codigo_indec": "940071402" }, "geometry": { "type": "Polygon", "coordinates": [ [ [ -67.661936117763744, -53.799977862517245 ], [ -67.660353000099065, -53.800240979584963 ], [ -67.660851776834363, -53.80125965031813 ], [ -67.660039079156462, -53.801398830397282 ], [ -67.660527340267166, -53.802390428677889 ], [ -67.659722206437621, -53.802529691189861 ], [ -67.660174256150256, -53.803466973823852 ], [ -67.661003599587147, -53.803402107743061 ], [ -67.662471563961688, -53.805687291962435 ], [ -67.661523358945544, -53.80590808552865 ], [ -67.662811681156512, -53.807998073958565 ], [ -67.665915511756978, -53.807302582408298 ], [ -67.661936117763744, -53.799977862517245 ] ] ] } },
{ "type": "Feature", "properties": { "codigo_indec": "940071008" }, "geometry": { "type": "Polygon", "coordinates": [ [ [ -67.72328854970506, -53.761908782248803 ], [ -67.716992482570888, -53.764739333628498 ], [ -67.717342631265225, -53.765814584139058 ], [ -67.72225776665897, -53.765267304862924 ], [ -67.72193549795368, -53.764268741946054 ], [ -67.723982174929944, -53.764038956744905 ], [ -67.72328854970506, -53.761908782248803 ] ] ] } },
{ "type": "Feature", "properties": { "codigo_indec": "940071210" }, "geometry": { "type": "Polygon", "coordinates": [ [ [ -67.7163934138851, -53.783009103590103 ], [ -67.71756322523855, -53.783828055090915 ], [ -67.713929861495615, -53.785676055298453 ], [ -67.717206696301389, -53.787930533577438 ], [ -67.715819563924896, -53.788634510576436 ], [ -67.717888837969895, -53.790067350024259 ], [ -67.724407815470329, -53.786765140995861 ], [ -67.717869064364422, -53.782256647625879 ], [ -67.7163934138851, -53.783009103590103 ] ] ] } },
{ "type": "Feature", "properties": { "codigo_indec": "940071306" }, "geometry": { "type": "Polygon", "coordinates": [ [ [ -67.749159023443468, -53.798115991297514 ], [ -67.752681306192073, -53.801656934224283 ], [ -67.756585087919547, -53.803739374625764 ], [ -67.758149141347559, -53.802949154557197 ], [ -67.756486498995926, -53.801813260914038 ], [ -67.759542531443444, -53.800225318840539 ], [ -67.758965702962755, -53.799841969758198 ], [ -67.760834264427501, -53.79888414616827 ], [ -67.755288896724323, -53.794972034850943 ], [ -67.749159023443468, -53.798115991297514 ] ] ] } },
{ "type": "Feature", "properties": { "codigo_indec": "940071410" }, "geometry": { "type": "Polygon", "coordinates": [ [ [ -67.709591870507154, -53.793044586031321 ], [ -67.703943193714593, -53.795861213735272 ], [ -67.703954626144196, -53.795982639157373 ], [ -67.709367910592277, -53.795766973617447 ], [ -67.711620388352415, -53.794445645431885 ], [ -67.709591870507154, -53.793044586031321 ] ] ] } },
{ "type": "Feature", "properties": { "codigo_indec": "940140401" }, "geometry": { "type": "Polygon", "coordinates": [ [ [ -68.264528336908526, -54.78822891628522 ], [ -68.266172592399428, -54.787565116946261 ], [ -68.266521213286808, -54.785480832283071 ], [ -68.268896676392046, -54.783265041269019 ], [ -68.264878673193195, -54.782198690355131 ], [ -68.245178638297617, -54.78196544252139 ], [ -68.224142136434025, -54.783761940025052 ], [ -68.223726659922249, -54.78557168820258 ], [ -68.224979929093507, -54.786891278904612 ], [ -68.224665045170795, -54.788115503855458 ], [ -68.229818110698403, -54.790167342538176 ], [ -68.234289539591927, -54.791296107652784 ], [ -68.24421392585765, -54.790774404360988 ], [ -68.262257241250779, -54.787884990103102 ], [ -68.264528336908526, -54.78822891628522 ] ] ] } },
{ "type": "Feature", "properties": { "codigo_indec": "940140410" }, "geometry": { "type": "Polygon", "coordinates": [ [ [ -68.246837310044583, -54.790357266303779 ], [ -68.243762093677717, -54.790827735615778 ], [ -68.23485640344299, -54.791326633494393 ], [ -68.235987390896042, -54.791327021991428 ], [ -68.235910170169277, -54.792330431158994 ], [ -68.23695877170762, -54.792372962893126 ], [ -68.237332221564813, -54.792974952622821 ], [ -68.238316080817214, -54.792740826083417 ], [ -68.238434959950595, -54.793446769119903 ], [ -68.240233720067451, -54.792454149468213 ], [ -68.242269443265073, -54.793749258025741 ], [ -68.248650130352203, -54.791731734804429 ], [ -68.246837310044583, -54.790357266303779 ] ] ] } },
{ "type": "Feature", "properties": { "codigo_indec": "940140707" }, "geometry": { "type": "Polygon", "coordinates": [ [ [ -68.357188371797278, -54.831097933101809 ], [ -68.358283724455873, -54.831207035126184 ], [ -68.357930624439859, -54.832864826721455 ], [ -68.360418939119114, -54.832967792838417 ], [ -68.36029669327462, -54.833317496071658 ], [ -68.367385660062254, -54.835535325047708 ], [ -68.368529917035872, -54.834514944578984 ], [ -68.369522121817624, -54.832263057460317 ], [ -68.367666684868837, -54.830997997500596 ], [ -68.361955510955411, -54.829526303740153 ], [ -68.359943017288074, -54.830097377259257 ], [ -68.357694158290414, -54.829625108062579 ], [ -68.357188371797278, -54.831097933101809 ] ] ] } },
{ "type": "Feature", "properties": { "codigo_indec": "940140609" }, "geometry": { "type": "Polygon", "coordinates": [ [ [ -68.319424873069721, -54.803320090029331 ], [ -68.320348834406786, -54.804093342454841 ], [ -68.322543496333054, -54.804673808010669 ], [ -68.322013386867212, -54.804987510208981 ], [ -68.325359808935332, -54.805749527739444 ], [ -68.325847736806693, -54.806567475517959 ], [ -68.331767699695689, -54.808071231426197 ], [ -68.332730196018957, -54.806762716481771 ], [ -68.327394774875373, -54.805888834379893 ], [ -68.323098353041942, -54.803111558818181 ], [ -68.319424873069721, -54.803320090029331 ] ] ] } },
{ "type": "Feature", "properties": { "codigo_indec": "940140711" }, "geometry": { "type": "Polygon", "coordinates": [ [ [ -68.343959945676374, -54.820372999266837 ], [ -68.34141945117662, -54.821614658336216 ], [ -68.340923683755051, -54.822680979357138 ], [ -68.341746715821941, -54.82397230098244 ], [ -68.341351035755125, -54.824623689032244 ], [ -68.347654036996417, -54.825971526969582 ], [ -68.347147073234069, -54.824363039999277 ], [ -68.347605859785659, -54.82413418679765 ], [ -68.342711098647996, -54.821832766083638 ], [ -68.345068602916839, -54.82084162511903 ], [ -68.343959945676374, -54.820372999266837 ] ] ] } },
{ "type": "Feature", "properties": { "codigo_indec": "940140812" }, "geometry": { "type": "Polygon", "coordinates": [ [ [ -68.328321204953227, -54.82223011489684 ], [ -68.32815406886624, -54.824800658694784 ], [ -68.329479288982029, -54.826750622428349 ], [ -68.327226789896798, -54.830273085341695 ], [ -68.328014593332185, -54.830623304854377 ], [ -68.329571603512122, -54.830335464325387 ], [ -68.334522528192778, -54.826401073837985 ], [ -68.335080744417326, -54.826518669380114 ], [ -68.335305831239225, -54.825603606534557 ], [ -68.336057608845465, -54.825540345654325 ], [ -68.334040609715686, -54.824011121744277 ], [ -68.334310640626413, -54.823201860584525 ], [ -68.332888691421218, -54.823337787648263 ], [ -68.329000711754546, -54.822065435830403 ], [ -68.328321204953227, -54.82223011489684 ] ] ] } },
{ "type": "Feature", "properties": { "codigo_indec": "940140102" }, "geometry": { "type": "Polygon", "coordinates": [ [ [ -68.371674885142284, -54.550359596686896 ], [ -68.000358308076613, -54.550998996930879 ], [ -67.50414272938508, -54.549512786992842 ], [ -67.260465211956046, -54.549820812978062 ], [ -67.259796146747703, -54.563537781708874 ], [ -67.265593993456207, -54.565453946856927 ], [ -67.281172929820357, -54.563412119967531 ], [ -67.289213942802832, -54.565230961867442 ], [ -67.294781050366979, -54.567063836133563 ], [ -67.301704413043012, -54.5675295962211 ], [ -67.303559896365201, -54.56902014389599 ], [ -67.308155098213163, -54.5697044373917 ], [ -67.310063005088608, -54.57068348505306 ], [ -67.311784321800488, -54.570941119029925 ], [ -67.312753541354255, -54.57218554858779 ], [ -67.317702737091068, -54.573674052524574 ], [ -67.3188314346704, -54.575558564011864 ], [ -67.320001613361967, -54.576437350751895 ], [ -67.322944710969693, -54.577080154701996 ], [ -67.308240183543745, -54.609454041470563 ], [ -67.303427048190244, -54.611668790696093 ], [ -67.295365757386449, -54.613064969907846 ], [ -67.291292110207053, -54.617185428355256 ], [ -67.288357663838468, -54.61812330719642 ], [ -67.286576403437195, -54.619984899152605 ], [ -67.279228283862892, -54.624606639196102 ], [ -67.280184046811556, -54.626542949447334 ], [ -67.277435526624856, -54.627456255433685 ], [ -67.274875050229483, -54.629046033340103 ], [ -67.275580935298905, -54.633224997610789 ], [ -67.280146232024535, -54.636245898147216 ], [ -67.280269709554332, -54.638457888333626 ], [ -67.281841721003261, -54.640115418959944 ], [ -67.28416228072318, -54.641657751138276 ], [ -67.289983621544408, -54.644318699746407 ], [ -67.291247374174077, -54.646322151369986 ], [ -67.297102855599476, -54.651157516689999 ], [ -67.296905362959592, -54.652915731990042 ], [ -67.29816924164642, -54.654559720299105 ], [ -67.298591554455882, -54.656319906246765 ], [ -67.301204778349003, -54.654970706871197 ], [ -67.301921804718319, -54.65524131675059 ], [ -67.302564341348614, -54.657298821803728 ], [ -67.30567943704861, -54.657665886096737 ], [ -67.310579763638415, -54.659827755354002 ], [ -67.314905759353366, -54.662772079195342 ], [ -67.318575417567587, -54.662859014053112 ], [ -67.322758765541479, -54.667687834650259 ], [ -67.331739398497675, -54.676340456865503 ], [ -67.339092138780671, -54.685360898524877 ], [ -67.345776081869758, -54.689549286410788 ], [ -67.347356360828428, -54.691116189219414 ], [ -67.351280014743011, -54.697243172888541 ], [ -67.354105293261455, -54.697957663803592 ], [ -67.357180671426434, -54.697476047995572 ], [ -67.361010592354646, -54.698668940183026 ], [ -67.360174677752141, -54.699394360084582 ], [ -67.360276042840013, -54.704957131422134 ], [ -67.35462544948868, -54.717297107419121 ], [ -67.354677244774379, -54.720999414531676 ], [ -67.353883614861587, -54.722677720486679 ], [ -67.346591973296654, -54.723638650326684 ], [ -67.342400637405802, -54.726690040564065 ], [ -67.335761060893489, -54.728476828145816 ], [ -67.332196249451513, -54.728337991287269 ], [ -67.328741902992448, -54.728910348034574 ], [ -67.32485738378918, -54.730123547902352 ], [ -67.322503175459119, -54.731492577457601 ], [ -67.321323629603285, -54.7329856472914 ], [ -67.320812926738455, -54.734822644619356 ], [ -67.321253184563602, -54.742573380431473 ], [ -67.320670045270859, -54.744656445948081 ], [ -67.315501079256492, -54.753946587065329 ], [ -67.313358251683979, -54.755794559836964 ], [ -67.314570442428305, -54.765876277131781 ], [ -67.316324796023011, -54.769653905839768 ], [ -67.316590786809215, -54.771481444034784 ], [ -67.319358102422456, -54.774828346487432 ], [ -67.321030766580762, -54.778721562132013 ], [ -67.321394835187476, -54.783066086235785 ], [ -67.322863769037056, -54.782879761839531 ], [ -67.329554189797292, -54.784616225707488 ], [ -67.339170027083227, -54.790471321223663 ], [ -67.344761332265335, -54.792517563664305 ], [ -67.345517322130618, -54.794565085420757 ], [ -67.345538080555912, -54.796721620873157 ], [ -67.344814883345393, -54.798436758695146 ], [ -67.345771341559384, -54.800147850492266 ], [ -67.346038658537907, -54.803502666837133 ], [ -67.345648108425181, -54.807351637991957 ], [ -67.344664228917296, -54.809350718979395 ], [ -67.340151694249812, -54.812424624567662 ], [ -67.338986938229837, -54.813893354884655 ], [ -67.336727242262072, -54.815504298895505 ], [ -67.330162762440139, -54.816618058179756 ], [ -67.331034235451554, -54.81774410891574 ], [ -67.335309842812407, -54.820462205303684 ], [ -67.537918088377225, -54.823072018172496 ], [ -67.540279468967171, -54.822958940884959 ], [ -67.540129511872834, -54.819567896409858 ], [ -67.558120008595267, -54.819863810666249 ], [ -67.569305093336652, -54.812422625975913 ], [ -67.60278124791455, -54.800235032811344 ], [ -67.647307694916648, -54.793579337572858 ], [ -67.691761350760842, -54.789197490489933 ], [ -67.688898118138241, -54.782554410034301 ], [ -67.691065791664712, -54.782335250396187 ], [ -67.705644377879381, -54.775079928366814 ], [ -67.709140576724607, -54.774119966426383 ], [ -67.71160490187134, -54.77286146377844 ], [ -67.713075440871179, -54.772553652296942 ], [ -67.718679370210566, -54.773235110623489 ], [ -67.722263541281592, -54.772920297437963 ], [ -67.725699549817108, -54.770890141739486 ], [ -67.729873907326166, -54.770080450700675 ], [ -67.746252448074728, -54.762526938298414 ], [ -67.750443882266339, -54.761247312817908 ], [ -67.756035168359858, -54.761170028317302 ], [ -67.764137931163702, -54.758333099122787 ], [ -67.779090028612913, -54.758583356526039 ], [ -67.791502082057931, -54.757018700380989 ], [ -67.796335950059813, -54.756923027798429 ], [ -67.797545810153309, -54.754886711031645 ], [ -67.796208474130864, -54.752843093517555 ], [ -67.796668584132448, -54.750422018297037 ], [ -67.797499484128309, -54.748588568860086 ], [ -67.799233436598854, -54.746674220032531 ], [ -67.806200022857496, -54.745305583925322 ], [ -67.821255268701236, -54.743449461934929 ], [ -67.833283552198822, -54.74056518543312 ], [ -67.840440017476155, -54.741711889294763 ], [ -67.869743426281872, -54.737586497112744 ], [ -67.894373428676573, -54.732971318210346 ], [ -67.901806585596773, -54.733515009331889 ], [ -67.906623822301114, -54.732767972199696 ], [ -67.913926724983668, -54.732671898007098 ], [ -67.933695594639886, -54.73006239917693 ], [ -67.940909448775983, -54.731275544627643 ], [ -67.95256377500381, -54.730226865241704 ], [ -67.956708327431784, -54.728420934518894 ], [ -67.95812241811629, -54.728361224370339 ], [ -67.972772494057594, -54.729716996756864 ], [ -67.981320751616323, -54.729914888787938 ], [ -67.990925009549329, -54.729474144846307 ], [ -68.005502388830564, -54.727043221241907 ], [ -68.012340522379617, -54.725259709171162 ], [ -68.016840595600115, -54.723542221008486 ], [ -68.025668152879788, -54.718358034764655 ], [ -68.029719823670902, -54.717653868546513 ], [ -68.032462104576993, -54.716049740502463 ], [ -68.036200673785316, -54.71659158984977 ], [ -68.03951152575091, -54.715701532250328 ], [ -68.052897387497879, -54.714621005449835 ], [ -68.058734103716901, -54.71318416174023 ], [ -68.066679069180239, -54.713164737836408 ], [ -68.068637392803296, -54.713700850772668 ], [ -68.070223703885048, -54.715069558101824 ], [ -68.072553702526264, -54.715644391650073 ], [ -68.079788777674139, -54.716157691783224 ], [ -68.085072750895876, -54.717700196967293 ], [ -68.089407159022329, -54.716966976632236 ], [ -68.09857451496076, -54.716963618512032 ], [ -68.102874776176208, -54.71828915722017 ], [ -68.105470768206189, -54.72020388097171 ], [ -68.107937274492684, -54.720958710172496 ], [ -68.116037934668071, -54.721161781091176 ], [ -68.119205451666417, -54.722523389767993 ], [ -68.130867573452235, -54.721493587630903 ], [ -68.141428119454702, -54.72115558859872 ], [ -68.150483031920928, -54.720078460408487 ], [ -68.156264897574232, -54.721151946298328 ], [ -68.159923106063786, -54.721177349420806 ], [ -68.164000266809282, -54.722903424236279 ], [ -68.165708729670641, -54.72303197873525 ], [ -68.169925724787319, -54.725531399634697 ], [ -68.183441872757584, -54.736286630882944 ], [ -68.368694624538293, -54.737637351393353 ], [ -68.371674885142284, -54.550359596686896 ] ] ] } },
{ "type": "Feature", "properties": { "codigo_indec": "940070503" }, "geometry": { "type": "Polygon", "coordinates": [ [ [ -67.169072988573973, -54.507603496359856 ], [ -67.184621834580454, -54.500894806066711 ], [ -67.187482855123378, -54.502002465164928 ], [ -67.193281654842067, -54.506512149022555 ], [ -67.196427357261328, -54.50415113820732 ], [ -67.198530868026452, -54.506258040587632 ], [ -67.198703135227817, -54.50734330083943 ], [ -67.201656919486311, -54.508730534318396 ], [ -67.199779651789939, -54.510337864536318 ], [ -67.198917584116757, -54.512032174620465 ], [ -67.197345224945352, -54.512846591319573 ], [ -67.198419825591827, -54.514394551458153 ], [ -67.203450303308344, -54.515275810084098 ], [ -67.207810866539873, -54.517000502139489 ], [ -67.214731482454908, -54.517668941861906 ], [ -67.222219740071267, -54.519585254776452 ], [ -67.225031445606206, -54.521971634470837 ], [ -67.22911630931894, -54.523233265272772 ], [ -67.230280129821821, -54.524270094525214 ], [ -67.23015417418145, -54.525128558242955 ], [ -67.231028692922607, -54.526248747740269 ], [ -67.232902251548424, -54.526235709924038 ], [ -67.238254018001044, -54.520334336008496 ], [ -67.240493562052862, -54.518358816375112 ], [ -67.241755830416636, -54.517826852275249 ], [ -67.251355752547113, -54.516710432197186 ], [ -67.253825921894503, -54.517453693755186 ], [ -67.258110199633691, -54.519754977680712 ], [ -67.261876119965507, -54.520907574748165 ], [ -67.263581372242299, -54.485812313370474 ], [ -67.169939744208207, -54.484412683989724 ], [ -67.169072988573973, -54.507603496359856 ] ] ] } },
{ "type": "Feature", "properties": { "codigo_indec": "940140202" }, "geometry": { "type": "MultiPolygon", "coordinates": [ [ [ [ -67.503951821762683, -54.87437947478702 ], [ -67.507611716718841, -54.87399326753188 ], [ -67.509390958385922, -54.872640559105228 ], [ -67.509256789097833, -54.871632699560209 ], [ -67.50635001680368, -54.870195473884138 ], [ -67.505944961176624, -54.868932724437897 ], [ -67.504103723427406, -54.868595617194103 ], [ -67.503049079155559, -54.867630312041939 ], [ -67.498346960392297, -54.868830030008191 ], [ -67.494118203531912, -54.868606971046745 ], [ -67.491976820903716, -54.870053787137309 ], [ -67.496712786530395, -54.870465126358546 ], [ -67.496900370790897, -54.871284997735053 ], [ -67.495561884806307, -54.872505979251088 ], [ -67.49628124362269, -54.87326954897938 ], [ -67.499079006067788, -54.873863413744182 ], [ -67.503089402228284, -54.873688306917614 ], [ -67.503951821762683, -54.87437947478702 ] ] ], [ [ [ -67.466339603515308, -54.870047181864948 ], [ -67.467662714091674, -54.869560773531511 ], [ -67.467681790046001, -54.869057904366137 ], [ -67.466246266035284, -54.869120640191539 ], [ -67.465929970783293, -54.869655691619627 ], [ -67.466339603515308, -54.870047181864948 ] ] ], [ [ [ -67.375918142689869, -54.909221960182975 ], [ -67.377911046546558, -54.908134543771048 ], [ -67.390794767948336, -54.907351295831496 ], [ -67.392559851139339, -54.906783951934273 ], [ -67.394458702387894, -54.904911155009884 ], [ -67.398639912029779, -54.904058936630342 ], [ -67.401081418891366, -54.902743469018354 ], [ -67.39512151695213, -54.903143294053386 ], [ -67.392293619609163, -54.905639440665915 ], [ -67.390918852448991, -54.906097402200935 ], [ -67.377990937235339, -54.906147859751101 ], [ -67.374718568422921, -54.904163543952535 ], [ -67.374073936273092, -54.905457626657551 ], [ -67.373993893531932, -54.908216947774839 ], [ -67.375092862279629, -54.909192957780029 ], [ -67.375918142689869, -54.909221960182975 ] ] ], [ [ [ -67.397294300298739, -54.897114403399677 ], [ -67.400447223523216, -54.895439982384779 ], [ -67.40085244130843, -54.894261653309677 ], [ -67.398524017360543, -54.89323149100079 ], [ -67.396273979893977, -54.894154130029548 ], [ -67.395821339700404, -54.894561425652306 ], [ -67.396115195434291, -54.895796137377189 ], [ -67.397294300298739, -54.897114403399677 ] ] ], [ [ [ -67.385291423954783, -54.893209053520422 ], [ -67.391939760056701, -54.893003010212844 ], [ -67.392420806753051, -54.892665732144849 ], [ -67.390332186411086, -54.891883402798612 ], [ -67.387561745367336, -54.891783771123507 ], [ -67.38389257844446, -54.890773703259256 ], [ -67.382966930917135, -54.889368833944964 ], [ -67.381875827631006, -54.888788299586892 ], [ -67.38120750104342, -54.889713752063059 ], [ -67.381408395494901, -54.890533991432939 ], [ -67.382189187057079, -54.890885792231096 ], [ -67.382989493583779, -54.892306967105704 ], [ -67.385291423954783, -54.893209053520422 ] ] ], [ [ [ -67.355495568602862, -54.883476962479946 ], [ -67.35801331648257, -54.883643542367324 ], [ -67.358112372010879, -54.883123795143604 ], [ -67.355574204552283, -54.882694151298381 ], [ -67.355495568602862, -54.883476962479946 ] ] ], [ [ [ -67.414893076730252, -54.910228548970153 ], [ -67.413856443127671, -54.911607560456495 ], [ -67.422482180192844, -54.910356514067438 ], [ -67.42489561091881, -54.910448466446532 ], [ -67.445309914215798, -54.903515132114734 ], [ -67.452106162087119, -54.902739436143428 ], [ -67.456512845756336, -54.901252483843145 ], [ -67.461655171158441, -54.901315458460203 ], [ -67.463838547183542, -54.902933264006293 ], [ -67.463536579462982, -54.905642632397765 ], [ -67.464568617928904, -54.907919661303438 ], [ -67.468830282503788, -54.907380493333768 ], [ -67.469678089397348, -54.906816195158392 ], [ -67.46969776272698, -54.90629761404297 ], [ -67.468490094310269, -54.906073518356862 ], [ -67.467183990768021, -54.906901549119546 ], [ -67.465604240188156, -54.906928775789375 ], [ -67.464786582770344, -54.904753289226747 ], [ -67.465370780064816, -54.904048682795384 ], [ -67.466721214110819, -54.903796210724764 ], [ -67.468095195219206, -54.904154936457545 ], [ -67.467255270193277, -54.904512689737075 ], [ -67.467505527335419, -54.90490216094922 ], [ -67.470383463828639, -54.905073187521388 ], [ -67.47220430326955, -54.905985517987489 ], [ -67.482021019814084, -54.90780654164881 ], [ -67.481681598300611, -54.908538991263079 ], [ -67.479938447119039, -54.909694104785622 ], [ -67.480016115165995, -54.911357121963398 ], [ -67.482128917268284, -54.912811992871674 ], [ -67.483753926241121, -54.916875089297548 ], [ -67.485329884582782, -54.917685336231116 ], [ -67.490052924784806, -54.917339833858684 ], [ -67.49251923904167, -54.916031837521345 ], [ -67.492956790989865, -54.914339287720971 ], [ -67.494610273972881, -54.913075070398726 ], [ -67.504792721878061, -54.911098536335842 ], [ -67.506798958127007, -54.909874431852046 ], [ -67.511531229709348, -54.910938700255095 ], [ -67.514796118716433, -54.910781002739519 ], [ -67.521427429873654, -54.907268285411213 ], [ -67.529603171011061, -54.905408994312111 ], [ -67.532177580088046, -54.905359266246364 ], [ -67.533459697340803, -54.903544265416045 ], [ -67.536718919581048, -54.902341528692872 ], [ -67.537078048927825, -54.901788847683818 ], [ -67.536450182260367, -54.896319033482158 ], [ -67.53716351102392, -54.894701525770039 ], [ -67.537361464963027, -54.891820053268418 ], [ -67.5380629655712, -54.890525820644385 ], [ -67.538705913785179, -54.885250975876666 ], [ -67.540070321915081, -54.879841054277342 ], [ -67.539098142666489, -54.879148827925029 ], [ -67.530638340989697, -54.879981118405091 ], [ -67.526922648600717, -54.881461147374544 ], [ -67.52609954401872, -54.882666249143298 ], [ -67.523504985346179, -54.883306293338428 ], [ -67.521813893640598, -54.882677058985244 ], [ -67.520760188796459, -54.881664760008633 ], [ -67.51094866546218, -54.879828926891577 ], [ -67.508624576448071, -54.882003746513256 ], [ -67.507864004972987, -54.884031534393223 ], [ -67.507522785458946, -54.881880159174081 ], [ -67.509323625385036, -54.878263740422909 ], [ -67.509151340289279, -54.877021829005265 ], [ -67.507625761972292, -54.876142871873348 ], [ -67.504387782410248, -54.877331610574394 ], [ -67.501030642010619, -54.876688293915933 ], [ -67.496713957403387, -54.878072391110315 ], [ -67.494100020698269, -54.877869313561654 ], [ -67.490582231142227, -54.879442778222007 ], [ -67.485912060619597, -54.879016304750941 ], [ -67.476276820896587, -54.882785917470265 ], [ -67.475300214671023, -54.884300955142265 ], [ -67.473341232727151, -54.884593038340959 ], [ -67.468472881480039, -54.88393655806783 ], [ -67.468045274422479, -54.883706563707548 ], [ -67.46838803735011, -54.883297618328335 ], [ -67.467354117841523, -54.882619754489106 ], [ -67.466508072447937, -54.882842662434939 ], [ -67.463254095504723, -54.882255754014416 ], [ -67.462726485087856, -54.881788642822528 ], [ -67.458786196641043, -54.881325441049832 ], [ -67.454662072678246, -54.881596468787087 ], [ -67.451853447183382, -54.880069340569328 ], [ -67.451281793574282, -54.878723419906315 ], [ -67.449173471892507, -54.878849248399561 ], [ -67.447969499018313, -54.879363932719578 ], [ -67.447882305696893, -54.880416206369844 ], [ -67.445408580871472, -54.882745147485437 ], [ -67.443750332494872, -54.882912579217631 ], [ -67.442852831275545, -54.883556917612061 ], [ -67.435651712952918, -54.883599150191358 ], [ -67.436628032457676, -54.884141783837649 ], [ -67.438332377743862, -54.88409408121597 ], [ -67.439362035251889, -54.884769894093253 ], [ -67.4376680721724, -54.884649292510403 ], [ -67.436673980169672, -54.886577073562641 ], [ -67.432919303163288, -54.886546660889614 ], [ -67.432256710981761, -54.889161476872125 ], [ -67.432655576676538, -54.890127925532276 ], [ -67.434782350753039, -54.891954418094279 ], [ -67.434931079579187, -54.892942341451821 ], [ -67.431446464843091, -54.893166921596553 ], [ -67.427474250730896, -54.891103121981835 ], [ -67.423896038928504, -54.889736080672918 ], [ -67.422280508955467, -54.889598314944756 ], [ -67.419573956494546, -54.88985960859641 ], [ -67.418670990912844, -54.890629478059623 ], [ -67.418688658776887, -54.89226706839252 ], [ -67.413353933110756, -54.893857329475566 ], [ -67.411836177759724, -54.895984708511719 ], [ -67.408329204215633, -54.898741866261439 ], [ -67.409271170201421, -54.899760428300439 ], [ -67.411633564054014, -54.899944067910006 ], [ -67.417562362387173, -54.899823785759423 ], [ -67.41949116965479, -54.898341805397955 ], [ -67.421719485751566, -54.898763830225057 ], [ -67.422623607869767, -54.899961477381552 ], [ -67.420324175681358, -54.900955791556065 ], [ -67.416774113264438, -54.903622788518362 ], [ -67.416843992008879, -54.904623183537581 ], [ -67.420023449144352, -54.905848229775522 ], [ -67.423202803689605, -54.905485247188466 ], [ -67.424401566053149, -54.90353552282383 ], [ -67.427379945845374, -54.902323072780398 ], [ -67.426922436454831, -54.900861722705926 ], [ -67.427767634119121, -54.90077608412841 ], [ -67.429548310083774, -54.898685601342564 ], [ -67.434609811674449, -54.89881381338612 ], [ -67.436978597166757, -54.900443483171365 ], [ -67.437017547349171, -54.901450204004163 ], [ -67.435087581519326, -54.902171040887794 ], [ -67.434813081494951, -54.903218645211957 ], [ -67.431818110115969, -54.902856597144712 ], [ -67.430805299518738, -54.903643106035837 ], [ -67.432509222316085, -54.904329925171659 ], [ -67.432471190055111, -54.90530870205157 ], [ -67.427159219953893, -54.908384491790699 ], [ -67.425377267220028, -54.908496173298936 ], [ -67.424179023103136, -54.907636132069719 ], [ -67.42043579374608, -54.907362923557123 ], [ -67.417252397437821, -54.906135591918087 ], [ -67.414981827002237, -54.909160595873153 ], [ -67.414893076730252, -54.910228548970153 ] ] ], [ [ [ -67.430426626541575, -54.88852916911943 ], [ -67.431046926845312, -54.88780722190203 ], [ -67.430250595341036, -54.886242678577709 ], [ -67.427053837903685, -54.887093000552518 ], [ -67.430426626541575, -54.88852916911943 ] ] ], [ [ [ -67.428954748562447, -54.885902496493372 ], [ -67.430587959414069, -54.885582211891624 ], [ -67.433463998131572, -54.885763083297981 ], [ -67.433072713902405, -54.885003369342087 ], [ -67.431849181151705, -54.884807896959401 ], [ -67.428642826705413, -54.885107857616809 ], [ -67.428271292044101, -54.885444447998097 ], [ -67.428954748562447, -54.885902496493372 ] ] ], [ [ [ -67.421318680811737, -54.884303140447734 ], [ -67.42609413195909, -54.884526827119096 ], [ -67.426940994727204, -54.883989764723829 ], [ -67.425438748653036, -54.88335039435345 ], [ -67.420673978657575, -54.882857295216546 ], [ -67.421318680811737, -54.884303140447734 ] ] ], [ [ [ -67.428294794121797, -54.882839351333324 ], [ -67.43098495339953, -54.882685464392104 ], [ -67.430857285994591, -54.882261560636124 ], [ -67.428265197670072, -54.882398745368327 ], [ -67.428294794121797, -54.882839351333324 ] ] ], [ [ [ -67.437789193689156, -54.881921921457085 ], [ -67.432363409222916, -54.881598213919993 ], [ -67.432150389429168, -54.881867234605885 ], [ -67.435632555889455, -54.882484871167243 ], [ -67.437789193689156, -54.881921921457085 ] ] ], [ [ [ -67.342618594137321, -54.875627118127923 ], [ -67.346734192680117, -54.875189077454678 ], [ -67.350694801024616, -54.875110409965153 ], [ -67.35376467250255, -54.874332246539453 ], [ -67.357063970662253, -54.872124120341802 ], [ -67.356083774995099, -54.871326978929567 ], [ -67.351626127071299, -54.870997028064281 ], [ -67.342237595525503, -54.875040185967684 ], [ -67.342618594137321, -54.875627118127923 ] ] ], [ [ [ -67.46292906924721, -54.880560385605378 ], [ -67.466484511066028, -54.880488533610311 ], [ -67.468568624825323, -54.87976914933229 ], [ -67.468214694837627, -54.878830340954927 ], [ -67.468736647484292, -54.877803752017776 ], [ -67.472649169509594, -54.877861999621778 ], [ -67.475404223947692, -54.877007189347871 ], [ -67.476927383382986, -54.875454085013253 ], [ -67.477924670685468, -54.87172920814605 ], [ -67.477699898077901, -54.871079536641354 ], [ -67.474436406164614, -54.870043597877633 ], [ -67.474423663827963, -54.869556050693213 ], [ -67.473162460660859, -54.869540201124686 ], [ -67.471785414113398, -54.870115831253244 ], [ -67.469215244494123, -54.87011041468557 ], [ -67.4680561142317, -54.870688749491094 ], [ -67.462001662258217, -54.870953623192911 ], [ -67.459106292861719, -54.872120793112387 ], [ -67.456710619232851, -54.871724271365814 ], [ -67.450439947378982, -54.873558043952109 ], [ -67.450091558325667, -54.874009542702204 ], [ -67.450893364738377, -54.874632938647046 ], [ -67.447179746877509, -54.875589491233512 ], [ -67.447036865129988, -54.876063822988158 ], [ -67.449554191753549, -54.8766440157614 ], [ -67.448132310050767, -54.877560204966471 ], [ -67.448259661691466, -54.878300775983185 ], [ -67.450615273443034, -54.877414468381843 ], [ -67.453980823686422, -54.877412434454989 ], [ -67.458153278782916, -54.878721002606838 ], [ -67.45936885007319, -54.879940297193023 ], [ -67.46292906924721, -54.880560385605378 ] ] ], [ [ [ -67.435429812019393, -54.881684917991485 ], [ -67.435607479476403, -54.881121205986169 ], [ -67.433562506676481, -54.881216135934565 ], [ -67.435429812019393, -54.881684917991485 ] ] ], [ [ [ -67.465424259477871, -54.88214618374559 ], [ -67.466814886445718, -54.882046951749473 ], [ -67.468300415666164, -54.881499696327282 ], [ -67.467333168167912, -54.881119147501657 ], [ -67.463950361405224, -54.881157271616246 ], [ -67.465424259477871, -54.88214618374559 ] ] ], [ [ [ -67.327686709299428, -54.672529027716301 ], [ -66.465329934742726, -54.673831711414415 ], [ -66.310245675306021, -54.671225322334074 ], [ -66.309716564075046, -54.678813977088012 ], [ -66.311676653160134, -54.686228747276346 ], [ -66.320748877228141, -54.696905856292723 ], [ -66.334917394054344, -54.712234866949402 ], [ -66.354719149782468, -54.73872948316609 ], [ -66.359456517343617, -54.746300487871288 ], [ -66.35901499138923, -54.751172721433313 ], [ -66.35710378576735, -54.752368937917055 ], [ -66.350849442481689, -54.753274826494348 ], [ -66.341043493372226, -54.753545378833913 ], [ -66.338018148726931, -54.75418890272006 ], [ -66.335690695084764, -54.755737351107747 ], [ -66.332593988722635, -54.759173955930798 ], [ -66.332154584779758, -54.761069410689949 ], [ -66.333317132685053, -54.763063019195847 ], [ -66.336699205237764, -54.766462346245419 ], [ -66.337969833370479, -54.768413346786481 ], [ -66.337603454502911, -54.770382312087527 ], [ -66.336042424140118, -54.771902670647059 ], [ -66.335139803504717, -54.773868831634161 ], [ -66.335693972939467, -54.775606401946831 ], [ -66.335140280878022, -54.777643134929697 ], [ -66.33067362006679, -54.780312697073406 ], [ -66.317580784477187, -54.782162523619341 ], [ -66.315438795423461, -54.783984299945985 ], [ -66.314940162814608, -54.785700904343727 ], [ -66.315537113472956, -54.787661933806852 ], [ -66.316391768435409, -54.788903007408713 ], [ -66.320200818638298, -54.79197073926602 ], [ -66.321010761856954, -54.793597205247117 ], [ -66.320459621090919, -54.79558001508034 ], [ -66.318295680488248, -54.796961025202563 ], [ -66.316588399413646, -54.798783451830111 ], [ -66.319226800469366, -54.804332503906735 ], [ -66.320189164206027, -54.809709672485603 ], [ -66.324705027080256, -54.812298591194491 ], [ -66.328511790656293, -54.815914139928005 ], [ -66.329820655930007, -54.816536059004072 ], [ -66.329586127522489, -54.819145931681398 ], [ -66.327047995283237, -54.821758986912819 ], [ -66.328005970527656, -54.825868890324109 ], [ -66.326624704590785, -54.827986203770756 ], [ -66.327822760057003, -54.830054749313483 ], [ -66.329542341040025, -54.835365356523965 ], [ -66.330936087931661, -54.837364034594586 ], [ -66.327285118982374, -54.840365989108946 ], [ -66.325732126232779, -54.840304813163492 ], [ -66.325394878195013, -54.839695293850291 ], [ -66.32419546544611, -54.839291422894028 ], [ -66.322131243982128, -54.839191966369363 ], [ -66.32225658077509, -54.840120328350807 ], [ -66.321664758186216, -54.840592530486575 ], [ -66.318137343009255, -54.840954951778293 ], [ -66.31578645337612, -54.839485368060096 ], [ -66.31469784024442, -54.840168959285251 ], [ -66.3143589571647, -54.841051111500292 ], [ -66.310211998641506, -54.842298229111989 ], [ -66.308508108126716, -54.845261904145097 ], [ -66.304056174105284, -54.845702262594756 ], [ -66.304023473080903, -54.847301116301253 ], [ -66.306090740569076, -54.847652563660816 ], [ -66.307411042136224, -54.84904779833257 ], [ -66.306511469532069, -54.851094706174024 ], [ -66.305385476532877, -54.850988832068182 ], [ -66.30235542092413, -54.852691835675415 ], [ -66.303790507261937, -54.855284850652012 ], [ -66.303124286017095, -54.856573075499135 ], [ -66.303142773721646, -54.858687535740223 ], [ -66.307482972189376, -54.863625311867004 ], [ -66.307453361386038, -54.865529766744551 ], [ -66.309135092598055, -54.86688805744717 ], [ -66.310938302398057, -54.86700889634789 ], [ -66.312336634953255, -54.868882070629709 ], [ -66.310519140077488, -54.870962595803029 ], [ -66.307374364879138, -54.872088065492576 ], [ -66.308563233831748, -54.874064471905463 ], [ -66.312243616321027, -54.874316756416228 ], [ -66.313541615828555, -54.873545703436207 ], [ -66.316197468805669, -54.873444942348812 ], [ -66.317357024757484, -54.874755619782512 ], [ -66.317516950427517, -54.876511489802311 ], [ -66.319113183022651, -54.87805420845951 ], [ -66.322669547502684, -54.878009130872499 ], [ -66.323437457275844, -54.879120148441537 ], [ -66.325127580424521, -54.884953570661054 ], [ -66.327562004071552, -54.886265263277238 ], [ -66.325906575371945, -54.888017088171914 ], [ -66.327971091597007, -54.892151305078748 ], [ -66.33079583609782, -54.893462528210193 ], [ -66.337656642148033, -54.893981590090341 ], [ -66.337147789550656, -54.896021547372094 ], [ -66.338245588345515, -54.89687010630368 ], [ -66.345313946403834, -54.897680836701674 ], [ -66.351266057265974, -54.897091916096024 ], [ -66.352724996973308, -54.898085257139492 ], [ -66.353616757222696, -54.899227972518801 ], [ -66.352307243044791, -54.900232843089434 ], [ -66.349754183880577, -54.901057801212502 ], [ -66.351295378862048, -54.902996506315866 ], [ -66.350942729294701, -54.90510057642436 ], [ -66.362217387246716, -54.906720877315188 ], [ -66.365406516512721, -54.910483423596389 ], [ -66.363638615025309, -54.912235557237835 ], [ -66.36891205348914, -54.915322086047532 ], [ -66.369823238133307, -54.917076150255475 ], [ -66.373594431806254, -54.917436325059363 ], [ -66.373049671010122, -54.918853342492646 ], [ -66.373486889206475, -54.921001500875533 ], [ -66.375086060632583, -54.922797353206896 ], [ -66.375449610484281, -54.924881006879978 ], [ -66.381377984882405, -54.928252939150987 ], [ -66.381613076278782, -54.931358216925311 ], [ -66.386565412201705, -54.934160685092522 ], [ -66.38948043877086, -54.935175882852761 ], [ -66.394592365066899, -54.935285616830839 ], [ -66.399779310862016, -54.938101546347305 ], [ -66.399911573225737, -54.939679184239402 ], [ -66.397140594817571, -54.940471283096095 ], [ -66.394746384057953, -54.940384024546439 ], [ -66.394057340367254, -54.939695292154063 ], [ -66.392392929221842, -54.939848289447738 ], [ -66.391263405585235, -54.941863882542208 ], [ -66.389784350385455, -54.941744502675441 ], [ -66.38657642299512, -54.940244509067178 ], [ -66.385389192087217, -54.940740159560001 ], [ -66.38543265156089, -54.942655132730643 ], [ -66.386114881459946, -54.944469275968729 ], [ -66.387574825405949, -54.946448407993266 ], [ -66.387678766674512, -54.94749302819104 ], [ -66.386671146311443, -54.948585635661232 ], [ -66.388137163855433, -54.950594093295621 ], [ -66.387105272960625, -54.95133797244111 ], [ -66.384074020835527, -54.950893092923927 ], [ -66.382982725400524, -54.952489337376718 ], [ -66.384690312357293, -54.954143594929739 ], [ -66.38272983887137, -54.954997748482377 ], [ -66.382630726338988, -54.955741458803729 ], [ -66.381087958429831, -54.957433549252137 ], [ -66.384100172218794, -54.956977233735103 ], [ -66.385546756688953, -54.957484625852153 ], [ -66.386006813456447, -54.958395376310918 ], [ -66.385660681524115, -54.959877372174944 ], [ -66.382599254940118, -54.960847121494183 ], [ -66.381448209039633, -54.961916381194861 ], [ -66.38199436888263, -54.963123295947568 ], [ -66.380867304340782, -54.964662589870805 ], [ -66.37941745514587, -54.965341236993112 ], [ -66.379032260121093, -54.966698815061193 ], [ -66.381804471588026, -54.966821468080944 ], [ -66.38331696025881, -54.967521256177044 ], [ -66.381628536882772, -54.968084714214989 ], [ -66.378104822793475, -54.967927876825158 ], [ -66.376072807278675, -54.968728716957742 ], [ -66.376533291045391, -54.971427742323456 ], [ -66.377337366472915, -54.971613583861178 ], [ -66.378282117905087, -54.969821024454816 ], [ -66.379653974707111, -54.969383331923062 ], [ -66.380898703070187, -54.969938092276131 ], [ -66.380252312324231, -54.971948274464857 ], [ -66.379426563026982, -54.972874011602642 ], [ -66.37703160087213, -54.974565651765474 ], [ -66.373879433874521, -54.975528742810745 ], [ -66.3698801858731, -54.975765773148275 ], [ -66.368279212249391, -54.976596032843084 ], [ -66.369060501225803, -54.977787877273464 ], [ -66.369263337005734, -54.97946367995808 ], [ -66.368352294957177, -54.979776445343589 ], [ -66.366469355728299, -54.978944890206101 ], [ -66.366297574037631, -54.977512378937512 ], [ -66.360898747485052, -54.974789310967694 ], [ -66.35653728923765, -54.974119424636989 ], [ -66.355061881627449, -54.974878107781556 ], [ -66.355852036815605, -54.975928703572627 ], [ -66.355446278015549, -54.976872405736806 ], [ -66.352000052720385, -54.978019493832342 ], [ -66.348894795117531, -54.981278925905549 ], [ -66.344889854025013, -54.983247096662325 ], [ -66.344587501902922, -54.984276145648515 ], [ -66.345256873390852, -54.986148650091515 ], [ -66.346804067199713, -54.986146482780015 ], [ -66.348082358552773, -54.985778984778186 ], [ -66.34824211417677, -54.985252287775523 ], [ -66.347343523885499, -54.983714026034789 ], [ -66.348262885076295, -54.98304215159591 ], [ -66.351596135944931, -54.983144021482765 ], [ -66.354275700183109, -54.985877986811268 ], [ -66.354569643881689, -54.986872856548167 ], [ -66.354019132254976, -54.989835280152768 ], [ -66.355429298990515, -54.990908352246471 ], [ -66.354707547791875, -54.991485733499225 ], [ -66.350280874566167, -54.991542099795069 ], [ -66.33570371345165, -54.986757396110079 ], [ -66.332796066861917, -54.994073525904071 ], [ -66.328438678757379, -54.995786322008641 ], [ -66.338840422159024, -54.995084372741701 ], [ -66.341205993070574, -54.994057790475154 ], [ -66.346218131262077, -54.99460761677927 ], [ -66.347614793055342, -54.995233424939642 ], [ -66.34674566281906, -54.995850229527768 ], [ -66.349455597494298, -54.997005643703893 ], [ -66.348040857991606, -54.99706690180394 ], [ -66.34144750642966, -54.99554578489586 ], [ -66.341033135508539, -54.995725432316306 ], [ -66.341322491085137, -54.99696286104647 ], [ -66.343607627258464, -54.997390226231666 ], [ -66.344231886300946, -54.998410309966154 ], [ -66.345851079507653, -54.999218473344982 ], [ -66.350182060089978, -54.999440989629676 ], [ -66.350852323500931, -55.000181223503226 ], [ -66.351028813612345, -55.00200924870515 ], [ -66.366901263961083, -55.008610549903281 ], [ -66.369185627247006, -55.0102572630813 ], [ -66.36832764574909, -55.013806161565469 ], [ -66.365719505648428, -55.016616245249615 ], [ -66.365858523039691, -55.019980039661732 ], [ -66.360762959071153, -55.023978446000335 ], [ -66.359995332749577, -55.025839872732824 ], [ -66.35977756413692, -55.031350336808906 ], [ -66.360452269161286, -55.032211914848133 ], [ -66.360824640947811, -55.034221636484965 ], [ -66.366289947167601, -55.036290057568031 ], [ -66.388663664234315, -55.041042979932186 ], [ -66.392867640240752, -55.043593051038634 ], [ -66.401608523835236, -55.043699177224951 ], [ -66.412609096477993, -55.045407314263109 ], [ -66.428572215414775, -55.050768844710035 ], [ -66.436450961767434, -55.04963439674961 ], [ -66.439012425967562, -55.051249626810787 ], [ -66.438562561210887, -55.054555929701436 ], [ -66.453323102126106, -55.055299315388247 ], [ -66.462687065322498, -55.05506136856247 ], [ -66.463453055496998, -55.051860431945407 ], [ -66.468369703335881, -55.050093788415715 ], [ -66.487780657940078, -55.052535868960675 ], [ -66.512985196091719, -55.053215371208523 ], [ -66.515547193496076, -55.055253535973911 ], [ -66.521437411904628, -55.055620758188056 ], [ -66.527995781349858, -55.054482699358239 ], [ -66.535536725511932, -55.051930990735947 ], [ -66.535876717759095, -55.050473222655938 ], [ -66.537931399784497, -55.049445527855084 ], [ -66.539548736915677, -55.049550127489475 ], [ -66.538657236262452, -55.051580813843792 ], [ -66.539895413833065, -55.052127017541338 ], [ -66.541849085029725, -55.051917149858262 ], [ -66.545725046016045, -55.05047457802744 ], [ -66.551437882305763, -55.04912502280807 ], [ -66.551853894897548, -55.048270778800806 ], [ -66.554606906062673, -55.046753664153705 ], [ -66.558496568040027, -55.046355540708042 ], [ -66.573813426548114, -55.042537564278248 ], [ -66.581816300603279, -55.039048766393122 ], [ -66.593191501602277, -55.037935487307713 ], [ -66.597037167904801, -55.036160494030291 ], [ -66.624572881996542, -55.027500162214565 ], [ -66.626622224566432, -55.028223054637984 ], [ -66.629817943350815, -55.027943914604876 ], [ -66.629942708573523, -55.026625488650794 ], [ -66.63094658445155, -55.024987232980017 ], [ -66.633440856920785, -55.025923093162348 ], [ -66.632708018513114, -55.027409398366821 ], [ -66.630505039920521, -55.029487067052088 ], [ -66.630676034152231, -55.030631545204237 ], [ -66.63292008977038, -55.031041384835703 ], [ -66.638522271996166, -55.030143894519938 ], [ -66.642896185869816, -55.02818229729921 ], [ -66.647764231185946, -55.02839108617021 ], [ -66.656496356774838, -55.020553654899267 ], [ -66.659415133752802, -55.01897451634683 ], [ -66.696444600509167, -55.006805477934243 ], [ -66.705754468251371, -55.005022662963668 ], [ -66.719491805854545, -55.003987154092577 ], [ -66.721160956008873, -55.00267065391747 ], [ -66.720621551990973, -55.001708108475285 ], [ -66.718069454266526, -55.000680855123349 ], [ -66.717551560808687, -54.999341317385316 ], [ -66.732429275701151, -54.987471594949 ], [ -66.736807293328212, -54.982424834966103 ], [ -66.738623088166875, -54.981252352080602 ], [ -66.739180505422567, -54.980507958172964 ], [ -66.73873754884616, -54.979980822838442 ], [ -66.739864354542931, -54.977791405234804 ], [ -66.742545786193034, -54.977263921827316 ], [ -66.743228669272895, -54.976577997489578 ], [ -66.746119871240566, -54.975649994553521 ], [ -66.746521340102674, -54.9738514048437 ], [ -66.75173341951043, -54.970030346156932 ], [ -66.752785445284275, -54.968183116920265 ], [ -66.762291618372984, -54.961608333599386 ], [ -66.770040539853142, -54.95928879177081 ], [ -66.773688970084962, -54.959104085016776 ], [ -66.778233791030758, -54.957318323135468 ], [ -66.783969570060918, -54.956722187151414 ], [ -66.789996462772038, -54.957290161676212 ], [ -66.793739936755571, -54.955650987690504 ], [ -66.809164672409324, -54.955956945406911 ], [ -66.809594672464812, -54.955227914768777 ], [ -66.819315532693778, -54.95216806636499 ], [ -66.835335602942166, -54.947766470190828 ], [ -66.842822600320403, -54.947582864738663 ], [ -66.844782511603086, -54.948003993478807 ], [ -66.855655428104015, -54.944622513148509 ], [ -66.872590870953672, -54.941296935006122 ], [ -66.901777972848123, -54.942541123656035 ], [ -66.908949806846607, -54.94088571223508 ], [ -66.921189513398872, -54.940736294921855 ], [ -66.929500626139486, -54.940044823914015 ], [ -66.947913917906462, -54.937030483832196 ], [ -66.949686890414171, -54.935002872848706 ], [ -66.956112716647837, -54.932606586720588 ], [ -66.959683112166047, -54.933895265656247 ], [ -66.972280078636757, -54.930009025530779 ], [ -66.974140032866259, -54.930022078275385 ], [ -66.989793203523845, -54.926427546980385 ], [ -66.993107914226428, -54.926673265101563 ], [ -66.995078464994805, -54.926263293129963 ], [ -66.996753203036761, -54.925134121450903 ], [ -67.022843818210177, -54.92349271396823 ], [ -67.037341653141254, -54.921456862139244 ], [ -67.046934081820368, -54.918257881796599 ], [ -67.051943233844639, -54.917565612349463 ], [ -67.063159984323363, -54.914923741936128 ], [ -67.079087056795942, -54.91289449139687 ], [ -67.083653513413182, -54.910989978758785 ], [ -67.095496815683475, -54.909855467446221 ], [ -67.100860872647914, -54.90845697162861 ], [ -67.10233946863643, -54.906611272654906 ], [ -67.101620389477517, -54.90532421997397 ], [ -67.102644614455187, -54.904765204039464 ], [ -67.120462200575815, -54.903523775836554 ], [ -67.123248415976647, -54.902201191650462 ], [ -67.125051117122538, -54.900063739175174 ], [ -67.134097767452232, -54.899637003650554 ], [ -67.135826609314762, -54.898998687182768 ], [ -67.137261263883744, -54.896289381056683 ], [ -67.142949568900065, -54.895648725241195 ], [ -67.14337968878182, -54.895109487048288 ], [ -67.146715560244161, -54.894771845549741 ], [ -67.150536822639381, -54.893365602287453 ], [ -67.161614889635857, -54.892446639297205 ], [ -67.184284204850627, -54.894323968079384 ], [ -67.185336347702659, -54.893198658063241 ], [ -67.199853487707145, -54.891339248163931 ], [ -67.220814432327956, -54.891064089036348 ], [ -67.23526355218938, -54.886425522883997 ], [ -67.238855616979521, -54.886610179772966 ], [ -67.241385980107381, -54.885766368790186 ], [ -67.246785786383867, -54.885952244657588 ], [ -67.255517511687984, -54.883328739286746 ], [ -67.260380975015195, -54.885105530687376 ], [ -67.264723269084385, -54.884514031096622 ], [ -67.272810828796935, -54.880521199417586 ], [ -67.280841147459725, -54.879298707046132 ], [ -67.283031183908165, -54.879830565693069 ], [ -67.282397779123997, -54.880800905777221 ], [ -67.280004795806818, -54.882105712018003 ], [ -67.279786809535949, -54.883198717816803 ], [ -67.276144321866283, -54.884198246381168 ], [ -67.27540442076824, -54.885831883022462 ], [ -67.272954547887579, -54.886632620395169 ], [ -67.272778046489719, -54.887115266861208 ], [ -67.274889652828776, -54.8876663689894 ], [ -67.277267844808577, -54.886354713046806 ], [ -67.285981638249012, -54.88520894915014 ], [ -67.287721669729748, -54.883499510978289 ], [ -67.287778481993726, -54.880598364632554 ], [ -67.286046395929048, -54.878911826937575 ], [ -67.286914408758435, -54.877917824703722 ], [ -67.290037573103206, -54.876284008114673 ], [ -67.28934538538121, -54.874969281581116 ], [ -67.285612963454199, -54.874440478837442 ], [ -67.282367739534266, -54.874547358525213 ], [ -67.279458060162014, -54.875188984181399 ], [ -67.277925074424985, -54.876793429425852 ], [ -67.274486679398493, -54.878498827121184 ], [ -67.271603990352773, -54.879228248330513 ], [ -67.271103936213649, -54.878897693039036 ], [ -67.272814708040073, -54.877152110229062 ], [ -67.274942539821126, -54.872205002019633 ], [ -67.273807637397709, -54.871784577928707 ], [ -67.275732412357556, -54.869395120638934 ], [ -67.279780627526065, -54.869353704817755 ], [ -67.280107322041189, -54.870553255420241 ], [ -67.281398715843864, -54.870957866460195 ], [ -67.284636985450106, -54.869907556775608 ], [ -67.290445031712906, -54.86997148988312 ], [ -67.292125746225139, -54.870381466261726 ], [ -67.2937248890116, -54.871616834336905 ], [ -67.295110604267109, -54.871636295995849 ], [ -67.294782201332822, -54.872772698781759 ], [ -67.293579891634167, -54.873205028854535 ], [ -67.293820311618575, -54.87378340575075 ], [ -67.294884072734774, -54.874049907879836 ], [ -67.291168294049712, -54.877546502837873 ], [ -67.288815302329212, -54.878654386732556 ], [ -67.293456754102564, -54.880911874817237 ], [ -67.299139836895506, -54.88213035837471 ], [ -67.296503786619908, -54.884036279114227 ], [ -67.295901957704231, -54.886848919473024 ], [ -67.297307607415021, -54.88714714635897 ], [ -67.303191598018174, -54.886575875337826 ], [ -67.304838008893711, -54.885224262121426 ], [ -67.306312069107832, -54.883149231759198 ], [ -67.309110075103504, -54.881456487936852 ], [ -67.314761570728535, -54.879711218556842 ], [ -67.317333102012213, -54.879699704819245 ], [ -67.324202283072225, -54.87300254145206 ], [ -67.333985793085716, -54.871502005972907 ], [ -67.333660335406677, -54.872593625193801 ], [ -67.331060405108047, -54.873303620742263 ], [ -67.329843877198485, -54.875595862218049 ], [ -67.322377290361018, -54.882806178136512 ], [ -67.315842771386883, -54.883769156797484 ], [ -67.316621746785714, -54.884801920526535 ], [ -67.323957347915638, -54.8845350084732 ], [ -67.326959301688674, -54.881665483599498 ], [ -67.330978892408552, -54.881307508034276 ], [ -67.336372361905958, -54.878237003525861 ], [ -67.335940240360713, -54.876245556010886 ], [ -67.342742647396406, -54.869187079116607 ], [ -67.345923071134592, -54.868745288550791 ], [ -67.34665184911519, -54.867686082970479 ], [ -67.351962631812313, -54.866186023414549 ], [ -67.35190530515267, -54.865682125769304 ], [ -67.354038449960186, -54.864938409963472 ], [ -67.356128912292419, -54.864858915656498 ], [ -67.357502392708184, -54.865173981939293 ], [ -67.354393993369598, -54.865769782034214 ], [ -67.354007391319001, -54.866465315949249 ], [ -67.354489324884597, -54.867253479153021 ], [ -67.352947543102658, -54.869918875669782 ], [ -67.356834343101369, -54.870492615750869 ], [ -67.358382700638415, -54.869192869005708 ], [ -67.36144478620119, -54.867823694311603 ], [ -67.36574300406366, -54.867082014804431 ], [ -67.366607133379816, -54.867284556265915 ], [ -67.366084278963569, -54.868272528770241 ], [ -67.360788217388986, -54.869416278227014 ], [ -67.361100598320476, -54.870163941864952 ], [ -67.365207034884151, -54.870318116899377 ], [ -67.366458482722194, -54.869804885943886 ], [ -67.366606086789972, -54.869332952024017 ], [ -67.371065951831284, -54.868350683212917 ], [ -67.373090073523812, -54.869148215826556 ], [ -67.377988051031153, -54.869761772172488 ], [ -67.378831702357573, -54.869701163407662 ], [ -67.37897339320547, -54.868887735591862 ], [ -67.381229447607609, -54.86973314800882 ], [ -67.380774055653674, -54.870212225401623 ], [ -67.373528683128143, -54.871409135343107 ], [ -67.364320978770081, -54.874117754855661 ], [ -67.360307305977898, -54.876657835023792 ], [ -67.355446321728465, -54.878182324365063 ], [ -67.348400932875549, -54.877864360793851 ], [ -67.348459423583165, -54.878339076301039 ], [ -67.346467958713419, -54.879408060781621 ], [ -67.343923734635808, -54.879894484092979 ], [ -67.342168630410654, -54.880894747517864 ], [ -67.34162482147795, -54.881615049791371 ], [ -67.343040785594013, -54.882804576076445 ], [ -67.346585986998704, -54.881091971730925 ], [ -67.360764925042446, -54.879586139375391 ], [ -67.378934145298473, -54.885002662247253 ], [ -67.380210185898832, -54.88466031702945 ], [ -67.382362697980582, -54.885389770809219 ], [ -67.38305519936317, -54.886387253823074 ], [ -67.388103140806777, -54.886813713500224 ], [ -67.387334683727403, -54.884593400694698 ], [ -67.391834242034861, -54.884697977875781 ], [ -67.392774306598113, -54.885745848448458 ], [ -67.392966570826133, -54.886788312237123 ], [ -67.391123385865001, -54.888066620533223 ], [ -67.391549903561256, -54.889096466494131 ], [ -67.39272448500418, -54.889345602626847 ], [ -67.395151843488748, -54.889054265585052 ], [ -67.39822054457305, -54.88752478408172 ], [ -67.404498002804132, -54.887607400184905 ], [ -67.407385093208944, -54.888694188821781 ], [ -67.410689039280911, -54.886322968239774 ], [ -67.410790296444119, -54.884938485744172 ], [ -67.41239622543425, -54.883333352664202 ], [ -67.418587773787792, -54.879227503764383 ], [ -67.429533840360691, -54.881031597076301 ], [ -67.436269077775506, -54.880534526533403 ], [ -67.43885507089928, -54.880954109588622 ], [ -67.439424951718919, -54.881529679050182 ], [ -67.445158852145354, -54.877596295330292 ], [ -67.445083029167819, -54.876631777136666 ], [ -67.437598334776297, -54.874370546817943 ], [ -67.439238733630972, -54.873044017643281 ], [ -67.4392081577803, -54.871013208733586 ], [ -67.440225870334828, -54.870073964747966 ], [ -67.450590531768995, -54.867906703272389 ], [ -67.450060984213493, -54.864656673612579 ], [ -67.4539561416872, -54.86584731069965 ], [ -67.459177917376394, -54.865853034151144 ], [ -67.455294278832952, -54.867921703932723 ], [ -67.455375454300722, -54.868650450431034 ], [ -67.456673722825244, -54.868918511410634 ], [ -67.464201720959153, -54.868403025383671 ], [ -67.466083097504182, -54.867674384009554 ], [ -67.469852662887277, -54.868088040443773 ], [ -67.471177775510569, -54.867648786096034 ], [ -67.473189571740278, -54.865937918288886 ], [ -67.488324423554289, -54.867331125050946 ], [ -67.494236187447925, -54.865023789721285 ], [ -67.49523204106822, -54.863796331509505 ], [ -67.496468840858824, -54.861951947638318 ], [ -67.495118190781511, -54.858907582747541 ], [ -67.496422313676803, -54.857342539709492 ], [ -67.504307024557022, -54.854268538637726 ], [ -67.50836335677721, -54.855326898463282 ], [ -67.512352280138771, -54.859068282867113 ], [ -67.52317579751886, -54.863440865251711 ], [ -67.52491628783541, -54.86514877115593 ], [ -67.540081580258061, -54.868323704287739 ], [ -67.541525653259924, -54.868235493047791 ], [ -67.540279468967171, -54.822958940884959 ], [ -67.335309842812407, -54.820462205303684 ], [ -67.331034235451554, -54.81774410891574 ], [ -67.330162762440139, -54.816618058179756 ], [ -67.336727242262072, -54.815504298895505 ], [ -67.338986938229837, -54.813893354884655 ], [ -67.340151694249812, -54.812424624567662 ], [ -67.344664228917296, -54.809350718979395 ], [ -67.345648108425181, -54.807351637991957 ], [ -67.346038658537907, -54.803502666837133 ], [ -67.345771341559384, -54.800147850492266 ], [ -67.344814883345393, -54.798436758695146 ], [ -67.345538080555912, -54.796721620873157 ], [ -67.345517322130618, -54.794565085420757 ], [ -67.344761332265335, -54.792517563664305 ], [ -67.339170027083227, -54.790471321223663 ], [ -67.329554189797292, -54.784616225707488 ], [ -67.322863769037056, -54.782879761839531 ], [ -67.321394835187476, -54.783066086235785 ], [ -67.321030766580762, -54.778721562132013 ], [ -67.319358102422456, -54.774828346487432 ], [ -67.316590786809215, -54.771481444034784 ], [ -67.316324796023011, -54.769653905839768 ], [ -67.314570442428305, -54.765876277131781 ], [ -67.313358251683979, -54.755794559836964 ], [ -67.315501079256492, -54.753946587065329 ], [ -67.320670045270859, -54.744656445948081 ], [ -67.321253184563602, -54.742573380431473 ], [ -67.320812926738455, -54.734822644619356 ], [ -67.321323629603285, -54.7329856472914 ], [ -67.322503175459119, -54.731492577457601 ], [ -67.32485738378918, -54.730123547902352 ], [ -67.328741902992448, -54.728910348034574 ], [ -67.332196249451513, -54.728337991287269 ], [ -67.335761060893489, -54.728476828145816 ], [ -67.342400637405802, -54.726690040564065 ], [ -67.346591973296654, -54.723638650326684 ], [ -67.353883614861587, -54.722677720486679 ], [ -67.354677244774379, -54.720999414531676 ], [ -67.35462544948868, -54.717297107419121 ], [ -67.360276042840013, -54.704957131422134 ], [ -67.360174677752141, -54.699394360084582 ], [ -67.361010592354646, -54.698668940183026 ], [ -67.357180671426434, -54.697476047995572 ], [ -67.354105293261455, -54.697957663803592 ], [ -67.351280014743011, -54.697243172888541 ], [ -67.347356360828428, -54.691116189219414 ], [ -67.345776081869758, -54.689549286410788 ], [ -67.339092138780671, -54.685360898524877 ], [ -67.331739398497675, -54.676340456865503 ], [ -67.327686709299428, -54.672529027716301 ] ] ] ] } },
{ "type": "Feature", "properties": { "codigo_indec": "940070601" }, "geometry": { "type": "Polygon", "coordinates": [ [ [ -67.413080683249603, -54.210133105826564 ], [ -67.410213550267898, -54.342541025934374 ], [ -67.525518041906622, -54.343351477872375 ], [ -67.523804366011831, -54.433168515686013 ], [ -67.506393417555387, -54.433053318190417 ], [ -67.50414272938508, -54.549512786992842 ], [ -68.000358308076613, -54.550998996930879 ], [ -68.085015949838237, -54.550880535813505 ], [ -68.089464245254234, -54.331081696326393 ], [ -67.966352902118274, -54.330197684190018 ], [ -67.968810279499465, -54.204230717191649 ], [ -67.834635557275291, -54.203131118978945 ], [ -67.836303981670213, -54.100616385961906 ], [ -67.70152276343515, -54.099354238127063 ], [ -67.701510362995279, -54.116387190002087 ], [ -67.413959164665968, -54.115942037177732 ], [ -67.413080683249603, -54.210133105826564 ] ] ] } },
{ "type": "Feature", "properties": { "codigo_indec": "940140502" }, "geometry": { "type": "Polygon", "coordinates": [ [ [ -68.309792918218548, -54.80024953947796 ], [ -68.313903420546168, -54.801308176744456 ], [ -68.313941317930542, -54.801824932900878 ], [ -68.317633471968165, -54.802809210572214 ], [ -68.318466206807372, -54.803456197937557 ], [ -68.322583217040034, -54.802996393022511 ], [ -68.320123633425908, -54.802454869000151 ], [ -68.320608945826777, -54.801565990895348 ], [ -68.318380548796199, -54.801153737591086 ], [ -68.316395731425885, -54.800131948496954 ], [ -68.315013887782698, -54.800699090722475 ], [ -68.314557469818624, -54.800103613415395 ], [ -68.310771215148776, -54.798957006254881 ], [ -68.309792918218548, -54.80024953947796 ] ] ] } },
{ "type": "Feature", "properties": { "codigo_indec": "940140507" }, "geometry": { "type": "Polygon", "coordinates": [ [ [ -68.301812699724195, -54.802016282379299 ], [ -68.300154353930196, -54.802370556424435 ], [ -68.298909468329654, -54.803991602759659 ], [ -68.304317087704931, -54.805365728999867 ], [ -68.304897886619585, -54.804598735427426 ], [ -68.306245026837814, -54.804938826772286 ], [ -68.30747802531711, -54.803315392541435 ], [ -68.301812699724195, -54.802016282379299 ] ] ] } },
{ "type": "Feature", "properties": { "codigo_indec": "940140703" }, "geometry": { "type": "Polygon", "coordinates": [ [ [ -68.343406821511778, -54.813711139984989 ], [ -68.344215941233543, -54.815134875453651 ], [ -68.344042649851801, -54.815989598323476 ], [ -68.346650101016124, -54.817560016514157 ], [ -68.349193382382566, -54.818054284621788 ], [ -68.34936087144176, -54.817554363923044 ], [ -68.354839712311076, -54.819559929802303 ], [ -68.358003092885042, -54.819715941783521 ], [ -68.359925012636438, -54.8191848479821 ], [ -68.354642221330494, -54.814627053788101 ], [ -68.35122337639109, -54.815150072489331 ], [ -68.34858650678747, -54.813231491266656 ], [ -68.343406821511778, -54.813711139984989 ] ] ] } },
{ "type": "Feature", "properties": { "codigo_indec": "940140709" }, "geometry": { "type": "Polygon", "coordinates": [ [ [ -68.337393563454839, -54.828047243997212 ], [ -68.336434683091625, -54.829113263458474 ], [ -68.339467176959374, -54.829226370357475 ], [ -68.339163097681606, -54.828074855444889 ], [ -68.337393563454839, -54.828047243997212 ] ] ] } },
{ "type": "Feature", "properties": { "codigo_indec": "940140806" }, "geometry": { "type": "Polygon", "coordinates": [ [ [ -68.338501368992823, -54.813821501436173 ], [ -68.336649238570359, -54.817923500634116 ], [ -68.341184489669331, -54.818606225856279 ], [ -68.340917594445116, -54.817322411413208 ], [ -68.3415883210846, -54.815776432253678 ], [ -68.340265069153929, -54.815600810713043 ], [ -68.341112099196764, -54.814212999653847 ], [ -68.338501368992823, -54.813821501436173 ] ] ] } },
{ "type": "Feature", "properties": { "codigo_indec": "940071202" }, "geometry": { "type": "Polygon", "coordinates": [ [ [ -67.709063800426833, -53.782319404485065 ], [ -67.710330518929183, -53.78318889019021 ], [ -67.711220313530717, -53.782744698834222 ], [ -67.712457167940101, -53.783600362704583 ], [ -67.711578674655115, -53.78404693098588 ], [ -67.713929861495615, -53.785676055298453 ], [ -67.71756322523855, -53.783828055090915 ], [ -67.712754711715263, -53.780447459379253 ], [ -67.709063800426833, -53.782319404485065 ] ] ] } },
{ "type": "Feature", "properties": { "codigo_indec": "940071206" }, "geometry": { "type": "Polygon", "coordinates": [ [ [ -67.734391732464587, -53.768239888252914 ], [ -67.732824883577251, -53.769025276434384 ], [ -67.732127360504805, -53.768516968835769 ], [ -67.729904682371782, -53.769672764869497 ], [ -67.729416289887922, -53.770024756336085 ], [ -67.730734984012614, -53.770932766391397 ], [ -67.729252380181777, -53.77168530531128 ], [ -67.729594142964373, -53.771920299833219 ], [ -67.731381224530054, -53.771004750641197 ], [ -67.73201264445953, -53.771442726762359 ], [ -67.730614594195103, -53.772157989105615 ], [ -67.734066430976327, -53.774640744388293 ], [ -67.736807803012567, -53.774653936795559 ], [ -67.738360972949309, -53.773823426047947 ], [ -67.738471501464417, -53.772413894129329 ], [ -67.73691491736578, -53.773107344123794 ], [ -67.7327985821547, -53.770276205577552 ], [ -67.735398083571738, -53.768944625453884 ], [ -67.734391732464587, -53.768239888252914 ] ] ] } },
{ "type": "Feature", "properties": { "codigo_indec": "940071211" }, "geometry": { "type": "Polygon", "coordinates": [ [ [ -67.716166417212222, -53.787214051584463 ], [ -67.710640803247884, -53.790016584670482 ], [ -67.709596862595987, -53.789297759901672 ], [ -67.708205628410468, -53.790006098022999 ], [ -67.712370682159744, -53.792865549948765 ], [ -67.717888837969895, -53.790067350024259 ], [ -67.715819563924896, -53.788634510576436 ], [ -67.717206696301389, -53.787930533577438 ], [ -67.716166417212222, -53.787214051584463 ] ] ] } },
{ "type": "Feature", "properties": { "codigo_indec": "940071302" }, "geometry": { "type": "Polygon", "coordinates": [ [ [ -67.721475881455717, -53.788252431121748 ], [ -67.722627521201773, -53.789053166916439 ], [ -67.721675941425104, -53.789532725117276 ], [ -67.72413090459267, -53.791140287532862 ], [ -67.726937723253769, -53.790280575767412 ], [ -67.727922666419332, -53.790953695417485 ], [ -67.729163391895639, -53.790319910045859 ], [ -67.731371638006777, -53.79156529526643 ], [ -67.724407815470329, -53.786765140995861 ], [ -67.721475881455717, -53.788252431121748 ] ] ] } },
{ "type": "Feature", "properties": { "codigo_indec": "940071314" }, "geometry": { "type": "Polygon", "coordinates": [ [ [ -67.721138815271431, -53.795592081124369 ], [ -67.718873014199133, -53.796735984595216 ], [ -67.723548671223625, -53.798445881439569 ], [ -67.723678054510813, -53.799058258844788 ], [ -67.724417934368134, -53.798684256351663 ], [ -67.722429415349438, -53.797319784921697 ], [ -67.724510502115663, -53.79625921037939 ], [ -67.723521902820963, -53.795579285711973 ], [ -67.722131032387679, -53.796276556835359 ], [ -67.721138815271431, -53.795592081124369 ] ] ] } },
{ "type": "Feature", "properties": { "codigo_indec": "940071408" }, "geometry": { "type": "Polygon", "coordinates": [ [ [ -67.699686526829126, -53.792906129572621 ], [ -67.69541912769823, -53.795083646664004 ], [ -67.696596793040115, -53.79589165533131 ], [ -67.695899206375373, -53.796241237597116 ], [ -67.698856726353327, -53.796181266175452 ], [ -67.701919213911594, -53.794442102286347 ], [ -67.699686526829126, -53.792906129572621 ] ] ] } },
{ "type": "Feature", "properties": { "codigo_indec": "940140414" }, "geometry": { "type": "Polygon", "coordinates": [ [ [ -68.28391002045872, -54.796537675948514 ], [ -68.274355537906146, -54.793069485390717 ], [ -68.270807640892258, -54.792599049148095 ], [ -68.27179633460014, -54.793382048343425 ], [ -68.271918375031973, -54.79524233937201 ], [ -68.274692793713271, -54.795941689444355 ], [ -68.274995649082342, -54.797046207862579 ], [ -68.280478519237846, -54.798682370075198 ], [ -68.284762454985056, -54.801535205359571 ], [ -68.285552442609045, -54.802590911007947 ], [ -68.287869746480112, -54.801027951610877 ], [ -68.287537273347382, -54.800922691693664 ], [ -68.289745845427404, -54.797791462277338 ], [ -68.28466673270907, -54.797489883558782 ], [ -68.28391002045872, -54.796537675948514 ] ] ] } },
{ "type": "Feature", "properties": { "codigo_indec": "940140406" }, "geometry": { "type": "Polygon", "coordinates": [ [ [ -68.305792235588484, -54.798239155636971 ], [ -68.306863803039676, -54.796498019301666 ], [ -68.305743440263257, -54.796323177282865 ], [ -68.305998033718936, -54.79598326616938 ], [ -68.308152619027467, -54.796141547974322 ], [ -68.309247981401498, -54.79550323235658 ], [ -68.307508971251181, -54.795138479106448 ], [ -68.307031984489171, -54.795755607543683 ], [ -68.301022035978505, -54.795343839603753 ], [ -68.299002116301395, -54.795943056681729 ], [ -68.298406498879018, -54.795322008951509 ], [ -68.297456949423037, -54.79605988834188 ], [ -68.297863950046278, -54.79634971122092 ], [ -68.297377689915749, -54.796371601099125 ], [ -68.295673218901698, -54.795589151915699 ], [ -68.293782915994925, -54.796105938493646 ], [ -68.29425043410572, -54.796490450980912 ], [ -68.292577966781081, -54.797217348582002 ], [ -68.291309846084815, -54.795936558559141 ], [ -68.287537273347382, -54.800922691693664 ], [ -68.287869746480112, -54.801027951610877 ], [ -68.284633983448231, -54.803306415001664 ], [ -68.288242120868404, -54.804614493636535 ], [ -68.293810655606478, -54.805217464598243 ], [ -68.294054523533774, -54.805501858661785 ], [ -68.29348558224855, -54.805799490149724 ], [ -68.294214460206092, -54.80614060625301 ], [ -68.294823130559365, -54.806240715147169 ], [ -68.29440384251842, -54.805982253034145 ], [ -68.295176651783009, -54.805586984556825 ], [ -68.297010652733348, -54.806098442468524 ], [ -68.302207675432655, -54.799624492166238 ], [ -68.304611425583474, -54.798865721378618 ], [ -68.304264120071451, -54.798490921889368 ], [ -68.305792235588484, -54.798239155636971 ] ] ] } },
{ "type": "Feature", "properties": { "codigo_indec": "940140511" }, "geometry": { "type": "Polygon", "coordinates": [ [ [ -68.304611425583474, -54.798865721378618 ], [ -68.304138237362039, -54.799482860083366 ], [ -68.305705606368193, -54.79943793688274 ], [ -68.305798123471817, -54.800390700732564 ], [ -68.30903725798791, -54.801249128039075 ], [ -68.310771215148776, -54.798957006254881 ], [ -68.311506828306662, -54.7991318652277 ], [ -68.310125173985881, -54.798544593380207 ], [ -68.310046078981131, -54.797710938463389 ], [ -68.306295741871722, -54.797211195576516 ], [ -68.305792235588484, -54.798239155636971 ], [ -68.304264120071451, -54.798490921889368 ], [ -68.304611425583474, -54.798865721378618 ] ] ] } },
{ "type": "Feature", "properties": { "codigo_indec": "940140608" }, "geometry": { "type": "Polygon", "coordinates": [ [ [ -68.323103229042488, -54.807239424642908 ], [ -68.329254933983478, -54.808836674142235 ], [ -68.328793443225322, -54.80946744685577 ], [ -68.330488796818628, -54.809699147287567 ], [ -68.331692237737684, -54.808167386603238 ], [ -68.323867630843651, -54.806167932243532 ], [ -68.323103229042488, -54.807239424642908 ] ] ] } },
{ "type": "Feature", "properties": { "codigo_indec": "940140811" }, "geometry": { "type": "Polygon", "coordinates": [ [ [ -68.342887894209369, -54.819567687843978 ], [ -68.340616884200472, -54.820503110870483 ], [ -68.335801869224539, -54.819791884914359 ], [ -68.334040609715686, -54.824011121744277 ], [ -68.33691625507457, -54.825839241226447 ], [ -68.340361655006689, -54.825424567178835 ], [ -68.341746715821941, -54.82397230098244 ], [ -68.340923683755051, -54.822680979357138 ], [ -68.341455366664903, -54.821558707604396 ], [ -68.343959945676374, -54.820372999266837 ], [ -68.342887894209369, -54.819567687843978 ] ] ] } },
{ "type": "Feature", "properties": { "codigo_indec": "940140713" }, "geometry": { "type": "Polygon", "coordinates": [ [ [ -68.349193382382566, -54.818054284621788 ], [ -68.350317029203197, -54.820011923313835 ], [ -68.348232273767181, -54.820259017597813 ], [ -68.34862726042337, -54.820849543059339 ], [ -68.350617365961497, -54.821655226006101 ], [ -68.352014498674293, -54.823061838122321 ], [ -68.353208349613013, -54.823564530989984 ], [ -68.35413375305059, -54.823097835594105 ], [ -68.353511446297418, -54.820417504576078 ], [ -68.358003092885042, -54.819715941783521 ], [ -68.354645982000832, -54.819513983604274 ], [ -68.34936087144176, -54.817554363923044 ], [ -68.349193382382566, -54.818054284621788 ] ] ] } },
{ "type": "Feature", "properties": { "codigo_indec": "940140705" }, "geometry": { "type": "Polygon", "coordinates": [ [ [ -68.363209834713373, -54.82694795365525 ], [ -68.356722417870088, -54.826392722449889 ], [ -68.352864965269362, -54.827281778469761 ], [ -68.350078454813271, -54.827118669150373 ], [ -68.345559766281767, -54.828951687820833 ], [ -68.345088522418948, -54.831147803658439 ], [ -68.343974504485303, -54.831712227286936 ], [ -68.344959023634672, -54.832177935788089 ], [ -68.344618058624832, -54.833772872458511 ], [ -68.349188342104526, -54.834089412622845 ], [ -68.349109112971703, -54.832968325075932 ], [ -68.35007345282412, -54.833000440849609 ], [ -68.348857399318788, -54.831686859250439 ], [ -68.350341037938122, -54.831600482780644 ], [ -68.354251939433325, -54.832510690238983 ], [ -68.354733279221406, -54.831358899392676 ], [ -68.357671774560174, -54.831280156887651 ], [ -68.357188371797278, -54.831097933101809 ], [ -68.357694158290414, -54.829625108062579 ], [ -68.359943017288074, -54.830097377259257 ], [ -68.361246513131235, -54.829834744168679 ], [ -68.360385577891023, -54.829664021104001 ], [ -68.361402224993952, -54.829581785991905 ], [ -68.361654905433738, -54.829100264159813 ], [ -68.362303693216944, -54.829402367327603 ], [ -68.365175714767474, -54.829087283677602 ], [ -68.365584590048144, -54.828813185513866 ], [ -68.364136171846098, -54.829142480629628 ], [ -68.363209834713373, -54.82694795365525 ] ] ] } },
{ "type": "Feature", "properties": { "codigo_indec": "940140101" }, "geometry": { "type": "MultiPolygon", "coordinates": [ [ [ [ -68.484105024354747, -54.866955774182578 ], [ -68.487035943944406, -54.866429198250522 ], [ -68.488415944500176, -54.863533461385707 ], [ -68.487742410166248, -54.862302176667235 ], [ -68.488418002523758, -54.860910389551513 ], [ -68.48605757189884, -54.86038838455373 ], [ -68.485697222825593, -54.859335829819116 ], [ -68.483565638014056, -54.860108319688536 ], [ -68.47970163043486, -54.860567935849168 ], [ -68.479174722167215, -54.861275347073111 ], [ -68.481080258082258, -54.861139772744309 ], [ -68.481745249194859, -54.861501938322917 ], [ -68.481234832010855, -54.86244299073654 ], [ -68.480558057114791, -54.862693872437866 ], [ -68.47843042921896, -54.862233351076277 ], [ -68.475031239893539, -54.862856511012829 ], [ -68.475152451838341, -54.864015862093048 ], [ -68.474693357320774, -54.864588799421163 ], [ -68.475108821276734, -54.864976871182627 ], [ -68.478063615039588, -54.865312997537018 ], [ -68.478975206700412, -54.866181539607147 ], [ -68.482014353953147, -54.866021612319351 ], [ -68.484105024354747, -54.866955774182578 ] ] ], [ [ [ -68.458093817953738, -54.865845383074273 ], [ -68.459073600146723, -54.865661103955205 ], [ -68.458644507751387, -54.864266802056328 ], [ -68.456902723195782, -54.862920534781352 ], [ -68.455721256005191, -54.862762532382476 ], [ -68.455062171193603, -54.861978041495064 ], [ -68.452242365502812, -54.862055189115573 ], [ -68.450669395280826, -54.862919452659135 ], [ -68.453671642718078, -54.863175539408402 ], [ -68.454180691394498, -54.863537154730864 ], [ -68.452166546196722, -54.864201824495943 ], [ -68.458093817953738, -54.865845383074273 ] ] ], [ [ [ -68.604425582854347, -54.549435427623571 ], [ -68.371674885142284, -54.550359596686896 ], [ -68.367810987015346, -54.783654529340957 ], [ -68.459564974869465, -54.783754275207542 ], [ -68.458857376766474, -54.859419086069835 ], [ -68.461417274520585, -54.859257538692049 ], [ -68.459806265061999, -54.858621562121449 ], [ -68.460227840239554, -54.857662237029309 ], [ -68.461651351290897, -54.857174480729434 ], [ -68.463293790317977, -54.855441260107455 ], [ -68.464522561338597, -54.85524680844054 ], [ -68.464314786159775, -54.854769783906526 ], [ -68.465659612648679, -54.854039087905804 ], [ -68.465718637423763, -54.853107343066526 ], [ -68.466818325012966, -54.85236432653214 ], [ -68.470066521191413, -54.852809736190331 ], [ -68.47007881966492, -54.854247097701233 ], [ -68.47232456263616, -54.853969414471685 ], [ -68.472913157543772, -54.853010770955621 ], [ -68.474130336816572, -54.852800451400583 ], [ -68.475224569182743, -54.851565506662496 ], [ -68.476801855841885, -54.851195018819695 ], [ -68.476998202779498, -54.85045924423779 ], [ -68.47856570142315, -54.849334104645536 ], [ -68.478477275913249, -54.848042393223686 ], [ -68.479267793332852, -54.848007607073306 ], [ -68.479091057034609, -54.847225312567822 ], [ -68.480253350063393, -54.846727234711587 ], [ -68.48665204552637, -54.847913282198782 ], [ -68.490074929738995, -54.8477660062361 ], [ -68.491815092904943, -54.848348223826918 ], [ -68.491635158079035, -54.849039174876019 ], [ -68.492268121022974, -54.849464031886079 ], [ -68.493916711809391, -54.849596677682356 ], [ -68.495391170618561, -54.85089638932137 ], [ -68.503154641580039, -54.854189286385896 ], [ -68.502162926387726, -54.855065574611857 ], [ -68.500268429444077, -54.855596783435146 ], [ -68.50029426921779, -54.857600133360805 ], [ -68.502500450581294, -54.858004449147053 ], [ -68.503519069163701, -54.857478611389389 ], [ -68.504877710429724, -54.858429634370623 ], [ -68.508377337832385, -54.858441604812967 ], [ -68.509771981002871, -54.859004197205834 ], [ -68.514068244526811, -54.858168063320463 ], [ -68.514622074487065, -54.857433659862984 ], [ -68.516816015037904, -54.857244778763786 ], [ -68.51927301928734, -54.857847416390435 ], [ -68.521489402102233, -54.857407011668371 ], [ -68.523345839494354, -54.858106013659679 ], [ -68.525137184473536, -54.856729626715762 ], [ -68.527744808674356, -54.856443350525829 ], [ -68.530033120630051, -54.855158654309221 ], [ -68.530125662545402, -54.85356001253885 ], [ -68.532338263825764, -54.853415839392518 ], [ -68.533674656852426, -54.852630461348326 ], [ -68.536238810320512, -54.852712145246407 ], [ -68.537031950727823, -54.851771941138487 ], [ -68.539230883558588, -54.851450173377366 ], [ -68.541112769073592, -54.849909951961465 ], [ -68.542859726214928, -54.85099676381693 ], [ -68.544557350097165, -54.851288357016479 ], [ -68.547824634017687, -54.851138869597598 ], [ -68.548269057009847, -54.850727298966135 ], [ -68.549617086825279, -54.851307226830478 ], [ -68.55111305260634, -54.851187001542492 ], [ -68.552412886070712, -54.850500097255299 ], [ -68.553268438262705, -54.850566129442271 ], [ -68.557508568936498, -54.852560189006866 ], [ -68.558380061080413, -54.852597047949608 ], [ -68.55919865689512, -54.851773573365449 ], [ -68.560025162911657, -54.851650806569936 ], [ -68.562122349664691, -54.852080593624542 ], [ -68.563302922112939, -54.851249412930294 ], [ -68.564124447730393, -54.851225414851129 ], [ -68.565351746381936, -54.851472358208831 ], [ -68.566951962260006, -54.853607077248078 ], [ -68.569159564597683, -54.853554292755788 ], [ -68.570816136982174, -54.852974008999489 ], [ -68.574006860310121, -54.853075074177873 ], [ -68.574965358809138, -54.852613555555592 ], [ -68.576898400697345, -54.85349840614716 ], [ -68.576546089970563, -54.85443142341915 ], [ -68.574898910846173, -54.854490796717997 ], [ -68.573910066191814, -54.855241914105086 ], [ -68.571752019189034, -54.855753099274473 ], [ -68.572180759241135, -54.856437327815918 ], [ -68.571760633406953, -54.856777205913644 ], [ -68.566154853572868, -54.857880201352074 ], [ -68.558545235682146, -54.862065866273234 ], [ -68.549155012339227, -54.863423758266428 ], [ -68.541434490234707, -54.865811316437181 ], [ -68.539316734044704, -54.865776353515336 ], [ -68.538041900468443, -54.866597959197328 ], [ -68.532256062365036, -54.867584172771735 ], [ -68.527294962975773, -54.869610874330732 ], [ -68.524279225132531, -54.867775526497304 ], [ -68.517295625861635, -54.866957459529985 ], [ -68.517207301512911, -54.866202525348989 ], [ -68.516404973846363, -54.865570514288869 ], [ -68.510581547233841, -54.867056356475693 ], [ -68.502484631867517, -54.866879732141705 ], [ -68.503358429386722, -54.868017429114978 ], [ -68.505806414700658, -54.867802834966568 ], [ -68.506917896931739, -54.868299178591158 ], [ -68.507595481469195, -54.869254139418373 ], [ -68.507328751868329, -54.870690359039195 ], [ -68.507848608400295, -54.871170818068109 ], [ -68.511945529846429, -54.871151415164732 ], [ -68.512612203604348, -54.870442178941886 ], [ -68.517153309136788, -54.870720825130384 ], [ -68.521314899842778, -54.87214090894571 ], [ -68.52290150422651, -54.873321693839884 ], [ -68.528510512051312, -54.87322905882111 ], [ -68.531009997139634, -54.874296496285332 ], [ -68.53179905892118, -54.874427549420439 ], [ -68.531991320148265, -54.873967905631169 ], [ -68.534721243680025, -54.875328105047686 ], [ -68.534344591861839, -54.876582051680167 ], [ -68.52926486711057, -54.878341130367488 ], [ -68.529787226102741, -54.878971970960777 ], [ -68.533054205763008, -54.879047453667532 ], [ -68.534793166031335, -54.879566162172758 ], [ -68.535954051331075, -54.88056772659111 ], [ -68.538089700528985, -54.880468068059976 ], [ -68.538231748271784, -54.879967800038898 ], [ -68.540287964581992, -54.88034165964789 ], [ -68.541044155980174, -54.879607904313964 ], [ -68.541819023325047, -54.879628795355764 ], [ -68.543806176780095, -54.880256107531856 ], [ -68.54810644296397, -54.880245229839588 ], [ -68.551950025013085, -54.881023029077269 ], [ -68.555780364958522, -54.880893365381255 ], [ -68.558037046727748, -54.881476513875164 ], [ -68.563583945098173, -54.884344205227372 ], [ -68.560916107949183, -54.885726971365699 ], [ -68.555875328048501, -54.88677988276438 ], [ -68.555317773089627, -54.887530176853993 ], [ -68.558511248428289, -54.889050980809763 ], [ -68.560209037685695, -54.890557312413407 ], [ -68.562554275514429, -54.891293407778505 ], [ -68.573305902817381, -54.891450666007835 ], [ -68.582524746417306, -54.893277058022747 ], [ -68.585449897145466, -54.892613343043642 ], [ -68.589062687269504, -54.89251781839792 ], [ -68.593171904319988, -54.893420969448123 ], [ -68.597692291381136, -54.893355172688302 ], [ -68.600609528386315, -54.89425411924428 ], [ -68.604238478230073, -54.894508535526775 ], [ -68.610239034778047, -54.893694752929939 ], [ -68.596364058023369, -54.873049016403037 ], [ -68.5971535993055, -54.807905914656658 ], [ -68.600642246670049, -54.668901047738743 ], [ -68.604425582854347, -54.549435427623571 ] ] ] ] } },
{ "type": "Feature", "properties": { "codigo_indec": "940070502" }, "geometry": { "type": "Polygon", "coordinates": [ [ [ -67.19973634183404, -54.510532643355759 ], [ -67.201656919486311, -54.508730534318396 ], [ -67.198703135227817, -54.50734330083943 ], [ -67.198530868026452, -54.506258040587632 ], [ -67.196427357261328, -54.50415113820732 ], [ -67.193281654842067, -54.506512149022555 ], [ -67.18790710520382, -54.50261980769249 ], [ -67.189946815398429, -54.510435887236113 ], [ -67.192938773864043, -54.510956851811422 ], [ -67.196659650103172, -54.51000609102902 ], [ -67.19973634183404, -54.510532643355759 ] ] ] } },
{ "type": "Feature", "properties": { "codigo_indec": "940071104" }, "geometry": { "type": "Polygon", "coordinates": [ [ [ -67.72105912201549, -53.771398251039777 ], [ -67.720082528605133, -53.770718420240591 ], [ -67.714420690001077, -53.773591551168224 ], [ -67.713220963970855, -53.772769998514597 ], [ -67.71116751040114, -53.773823934767215 ], [ -67.709979420946652, -53.772995735507372 ], [ -67.708584877043151, -53.773706287874042 ], [ -67.710957708830549, -53.775349187800785 ], [ -67.708850582835623, -53.776415985737174 ], [ -67.71393249015243, -53.779885037795957 ], [ -67.726119806644078, -53.773702960516431 ], [ -67.725277005571172, -53.77110622573931 ], [ -67.72105912201549, -53.771398251039777 ] ] ] } },
{ "type": "Feature", "properties": { "codigo_indec": "940071311" }, "geometry": { "type": "Polygon", "coordinates": [ [ [ -67.715831061487421, -53.791114581657801 ], [ -67.712370682159744, -53.792865549948765 ], [ -67.717195785464554, -53.796120530642099 ], [ -67.718873014199133, -53.796735984595216 ], [ -67.71974377039443, -53.796300511859506 ], [ -67.718744211522392, -53.795609198777271 ], [ -67.720139181546315, -53.794903025152948 ], [ -67.717155373087806, -53.792844952587032 ], [ -67.71783369670807, -53.792497287962568 ], [ -67.715831061487421, -53.791114581657801 ] ] ] } },
{ "type": "Feature", "properties": { "codigo_indec": "940071308" }, "geometry": { "type": "Polygon", "coordinates": [ [ [ -67.778273283582962, -53.786351202142662 ], [ -67.769538754596155, -53.786565136090665 ], [ -67.76973945405112, -53.789429002600116 ], [ -67.768893027748618, -53.789445024456342 ], [ -67.768988390517649, -53.790463584620824 ], [ -67.763927845513436, -53.78697465781238 ], [ -67.758742524248376, -53.787098548790084 ], [ -67.758990368915633, -53.787312268333032 ], [ -67.753975820345616, -53.78986374656531 ], [ -67.752139661936468, -53.790505069588072 ], [ -67.75105840430659, -53.789741294681576 ], [ -67.749109788899801, -53.790718348191177 ], [ -67.760834264427501, -53.79888414616827 ], [ -67.758965702962755, -53.799841969758198 ], [ -67.759542531443444, -53.800225318840539 ], [ -67.761407039094465, -53.799276429687986 ], [ -67.765323440252004, -53.801969712714332 ], [ -67.762576675570628, -53.803367809937285 ], [ -67.766983364715955, -53.805922328804456 ], [ -67.767091496088867, -53.806505234914944 ], [ -67.773405537614337, -53.80731800076321 ], [ -67.778805738564785, -53.809547535754099 ], [ -67.780765054727496, -53.800099284201245 ], [ -67.780127042646157, -53.798026190770415 ], [ -67.777227886822104, -53.79399373619232 ], [ -67.776806856811845, -53.79268658072791 ], [ -67.776790808663165, -53.791412757487691 ], [ -67.778273283582962, -53.786351202142662 ] ] ] } },
{ "type": "Feature", "properties": { "codigo_indec": "940071413" }, "geometry": { "type": "Polygon", "coordinates": [ [ [ -67.671593744739369, -53.809203116425024 ], [ -67.662826509629113, -53.811109416004065 ], [ -67.662365960171144, -53.81055392769381 ], [ -67.650290900596431, -53.81391169799781 ], [ -67.652491747203626, -53.816773570336863 ], [ -67.650036404081902, -53.817460294589701 ], [ -67.647740248749571, -53.818741797022504 ], [ -67.649399751766637, -53.819787071698769 ], [ -67.652085473887581, -53.819970035087039 ], [ -67.651781953237958, -53.822565634310166 ], [ -67.66688439844728, -53.823412830905731 ], [ -67.668261539148929, -53.821051510711214 ], [ -67.66923792580387, -53.818393705682489 ], [ -67.668928743237544, -53.81796796437704 ], [ -67.671148481726178, -53.812960793220626 ], [ -67.672458704113083, -53.811497215927439 ], [ -67.67199191747963, -53.811134880977768 ], [ -67.671593744739369, -53.809203116425024 ] ] ] } },
{ "type": "Feature", "properties": { "codigo_indec": "940140503" }, "geometry": { "type": "Polygon", "coordinates": [ [ [ -68.316143538904726, -54.802405557741537 ], [ -68.314127678714542, -54.805053249284896 ], [ -68.319327236854761, -54.806353662050952 ], [ -68.320501257513243, -54.806131165635968 ], [ -68.320101683111247, -54.805151991049875 ], [ -68.318865342326802, -54.804920475699952 ], [ -68.31768087665246, -54.803687597883638 ], [ -68.317814623843219, -54.802902308106965 ], [ -68.316143538904726, -54.802405557741537 ] ] ] } },
{ "type": "Feature", "properties": { "codigo_indec": "940140509" }, "geometry": { "type": "Polygon", "coordinates": [ [ [ -68.309792918218548, -54.80024953947796 ], [ -68.30747802531711, -54.803315392541435 ], [ -68.314127678714542, -54.805053249284896 ], [ -68.316143538904726, -54.802405557741537 ], [ -68.313941317930542, -54.801824932900878 ], [ -68.313903420546168, -54.801308176744456 ], [ -68.309792918218548, -54.80024953947796 ] ] ] } },
{ "type": "Feature", "properties": { "codigo_indec": "940140704" }, "geometry": { "type": "Polygon", "coordinates": [ [ [ -68.359925012636438, -54.8191848479821 ], [ -68.353511446297418, -54.820417504576078 ], [ -68.35413375305059, -54.823097835594105 ], [ -68.352741114603333, -54.824080825236607 ], [ -68.360602297461682, -54.826781532921459 ], [ -68.363887127069461, -54.826920062865952 ], [ -68.363356189322488, -54.826793759811409 ], [ -68.363776963607705, -54.826256969381774 ], [ -68.361762972715994, -54.820768845353818 ], [ -68.359925012636438, -54.8191848479821 ] ] ] } },
{ "type": "Feature", "properties": { "codigo_indec": "940140702" }, "geometry": { "type": "Polygon", "coordinates": [ [ [ -68.337686375546951, -54.811344402043801 ], [ -68.337375552952494, -54.812279215510159 ], [ -68.335011670365191, -54.813440855499032 ], [ -68.341112099196764, -54.814212999653847 ], [ -68.340265069153929, -54.815600810713043 ], [ -68.3415883210846, -54.815776432253678 ], [ -68.341128673007233, -54.817734543144972 ], [ -68.346334017403365, -54.817385386437692 ], [ -68.345349980259513, -54.81643009998281 ], [ -68.344042649851801, -54.815989598323476 ], [ -68.344215941233543, -54.815134875453651 ], [ -68.343406821511778, -54.813711139984989 ], [ -68.343240334613782, -54.812227994313758 ], [ -68.340692020118013, -54.81087566666038 ], [ -68.337686375546951, -54.811344402043801 ] ] ] } },
{ "type": "Feature", "properties": { "codigo_indec": "940140809" }, "geometry": { "type": "Polygon", "coordinates": [ [ [ -68.330387799648108, -54.816981808919451 ], [ -68.329899800306308, -54.818034654262277 ], [ -68.326916737269514, -54.81757347675947 ], [ -68.326145694309417, -54.819269289542348 ], [ -68.323909539602369, -54.818794215624003 ], [ -68.323483053046502, -54.819180367537037 ], [ -68.325626222521322, -54.820101852060652 ], [ -68.3285146860444, -54.822758954017026 ], [ -68.328321204953227, -54.82223011489684 ], [ -68.329000711754546, -54.822065435830403 ], [ -68.328748406926579, -54.82156546790543 ], [ -68.330387799648108, -54.816981808919451 ] ] ] } },
{ "type": "Feature", "properties": { "codigo_indec": "940071403" }, "geometry": { "type": "Polygon", "coordinates": [ [ [ -67.663966513880709, -53.799609638165059 ], [ -67.661936117763744, -53.799977862517245 ], [ -67.665240019513561, -53.806225809557773 ], [ -67.667925681934648, -53.805667130875058 ], [ -67.666796359041896, -53.803583458012376 ], [ -67.666077760608758, -53.803746188588633 ], [ -67.663966513880709, -53.799609638165059 ] ] ] } },
{ "type": "Feature", "properties": { "codigo_indec": "940071406" }, "geometry": { "type": "Polygon", "coordinates": [ [ [ -67.689874812886956, -53.790860738231331 ], [ -67.688074159672013, -53.792397761087024 ], [ -67.685313195485591, -53.793580542560861 ], [ -67.686055919353137, -53.793487598494949 ], [ -67.683843723420992, -53.794588751522895 ], [ -67.682816744308184, -53.795639991892301 ], [ -67.684963546946278, -53.796510423363046 ], [ -67.684635879379428, -53.796675304637112 ], [ -67.685671914413888, -53.797396506828434 ], [ -67.686373467617329, -53.797044780726814 ], [ -67.688881376382596, -53.798628937919844 ], [ -67.68889598966463, -53.799498428794465 ], [ -67.68934533583375, -53.799447182582767 ], [ -67.688073125276091, -53.802398430522693 ], [ -67.696033064941204, -53.801710264634991 ], [ -67.700643546056796, -53.800484394038932 ], [ -67.691640184004598, -53.792769182602022 ], [ -67.691451109180463, -53.791286784327838 ], [ -67.689874812886956, -53.790860738231331 ] ] ] } },
{ "type": "Feature", "properties": { "codigo_indec": "940071414" }, "geometry": { "type": "Polygon", "coordinates": [ [ [ -67.661523358945544, -53.80590808552865 ], [ -67.659023062798653, -53.806482172230353 ], [ -67.659933831323897, -53.807673927039062 ], [ -67.648626242623649, -53.811853276194284 ], [ -67.650290900596431, -53.81391169799781 ], [ -67.662365960171144, -53.81055392769381 ], [ -67.662826509629113, -53.811109416004065 ], [ -67.671593744739369, -53.809203116425024 ], [ -67.671165652794031, -53.807138484457219 ], [ -67.663408171379018, -53.808932460676971 ], [ -67.661523358945544, -53.80590808552865 ] ] ] } },
{ "type": "Feature", "properties": { "codigo_indec": "940071416" }, "geometry": { "type": "Polygon", "coordinates": [ [ [ -67.668808217721391, -53.805481499320614 ], [ -67.665240019513561, -53.806225809557773 ], [ -67.665915511756978, -53.807302582408298 ], [ -67.662811681156512, -53.807998073958565 ], [ -67.663408171379018, -53.808932460676971 ], [ -67.669834945151479, -53.807453943473718 ], [ -67.668808217721391, -53.805481499320614 ] ] ] } },
{ "type": "Feature", "properties": { "codigo_indec": "940140710" }, "geometry": { "type": "Polygon", "coordinates": [ [ [ -68.337393563454839, -54.828047243997212 ], [ -68.335584379682686, -54.827354626604112 ], [ -68.334369667465396, -54.828363084068883 ], [ -68.336434683091625, -54.829113263458474 ], [ -68.337393563454839, -54.828047243997212 ] ] ] } },
{ "type": "Feature", "properties": { "codigo_indec": "940071205" }, "geometry": { "type": "Polygon", "coordinates": [ [ [ -67.729416289887922, -53.770024756336085 ], [ -67.725564625120612, -53.772001078245957 ], [ -67.726119806644078, -53.773702960516431 ], [ -67.725834858133965, -53.773845943911304 ], [ -67.726607259582849, -53.774386531669968 ], [ -67.734066430976327, -53.774640744388293 ], [ -67.730614594195103, -53.772157989105615 ], [ -67.73201264445953, -53.771442726762359 ], [ -67.731381224530054, -53.771004750641197 ], [ -67.729594142964373, -53.771920299833219 ], [ -67.729252380181777, -53.77168530531128 ], [ -67.730734984012614, -53.770932766391397 ], [ -67.729416289887922, -53.770024756336085 ] ] ] } },
{ "type": "Feature", "properties": { "codigo_indec": "940071005" }, "geometry": { "type": "Polygon", "coordinates": [ [ [ -67.722898899307282, -53.767253159440777 ], [ -67.723536232368986, -53.769241215538074 ], [ -67.720667067650481, -53.770075468935147 ], [ -67.721259655910202, -53.771537416716356 ], [ -67.725277005571172, -53.77110622573931 ], [ -67.724954758723584, -53.770103180007617 ], [ -67.725883129869814, -53.769998487777642 ], [ -67.724930623544637, -53.767020951824307 ], [ -67.722898899307282, -53.767253159440777 ] ] ] } },
{ "type": "Feature", "properties": { "codigo_indec": "940071313" }, "geometry": { "type": "Polygon", "coordinates": [ [ [ -67.724266512509516, -53.792797273173271 ], [ -67.722890167380072, -53.793519417026907 ], [ -67.718744211522392, -53.795609198777271 ], [ -67.71974377039443, -53.796300511859506 ], [ -67.721138815271431, -53.795592081124369 ], [ -67.722131032387679, -53.796276556835359 ], [ -67.723521902820963, -53.795579285711973 ], [ -67.724510502115663, -53.79625921037939 ], [ -67.725882232402256, -53.795566201124288 ], [ -67.724901484970246, -53.794877385915228 ], [ -67.726280953067857, -53.794177715505512 ], [ -67.724266512509516, -53.792797273173271 ] ] ] } },
{ "type": "Feature", "properties": { "codigo_indec": "940071106" }, "geometry": { "type": "Polygon", "coordinates": [ [ [ -67.697597012077566, -53.778181182293537 ], [ -67.692719934269107, -53.782935266327279 ], [ -67.690384664199797, -53.783383757988325 ], [ -67.691285584894516, -53.787463959587093 ], [ -67.691019255122484, -53.789195224315229 ], [ -67.689874812886956, -53.790860738231331 ], [ -67.690595190733092, -53.791117950551538 ], [ -67.69168692532395, -53.789804529609533 ], [ -67.692125386306046, -53.789977788265865 ], [ -67.692256251698652, -53.787234192553129 ], [ -67.693115683708086, -53.786311333549619 ], [ -67.695047484271043, -53.786278462505905 ], [ -67.694486257646957, -53.785906199987977 ], [ -67.696929070435488, -53.782235303581317 ], [ -67.699517883856899, -53.784008815960057 ], [ -67.700909062617356, -53.783300577648561 ], [ -67.703545812443707, -53.78512618664957 ], [ -67.704921379066818, -53.784431211242925 ], [ -67.702280889717855, -53.782603345565782 ], [ -67.70366811474922, -53.781897279081669 ], [ -67.698918827819, -53.778606614562953 ], [ -67.697597012077566, -53.778181182293537 ] ] ] } },
{ "type": "Feature", "properties": { "codigo_indec": "940071111" }, "geometry": { "type": "Polygon", "coordinates": [ [ [ -67.707696372455899, -53.793367860822627 ], [ -67.706312970876624, -53.794062783783097 ], [ -67.704767515041368, -53.79299706326703 ], [ -67.698856726353327, -53.796181266175452 ], [ -67.703954626144196, -53.795982639157373 ], [ -67.708227612098128, -53.793735244261448 ], [ -67.707696372455899, -53.793367860822627 ] ] ] } },
{ "type": "Feature", "properties": { "codigo_indec": "940071113" }, "geometry": { "type": "Polygon", "coordinates": [ [ [ -67.700008205431914, -53.7913371843931 ], [ -67.703414696397331, -53.79368329802837 ], [ -67.704767515041368, -53.79299706326703 ], [ -67.706312970876624, -53.794062783783097 ], [ -67.707696372455899, -53.793367860822627 ], [ -67.703918314330792, -53.790761772099444 ], [ -67.70253866066453, -53.791458938522766 ], [ -67.701364795313026, -53.790651028760429 ], [ -67.700008205431914, -53.7913371843931 ] ] ] } },
{ "type": "Feature", "properties": { "codigo_indec": "940071201" }, "geometry": { "type": "Polygon", "coordinates": [ [ [ -67.709063800426833, -53.782319404485065 ], [ -67.704921379066818, -53.784431211242925 ], [ -67.702150824708895, -53.785834414205105 ], [ -67.70465810528637, -53.787559756764772 ], [ -67.712457167940101, -53.783600362704583 ], [ -67.711220313530717, -53.782744698834222 ], [ -67.710330518929183, -53.78318889019021 ], [ -67.709063800426833, -53.782319404485065 ] ] ] } },
{ "type": "Feature", "properties": { "codigo_indec": "940071212" }, "geometry": { "type": "Polygon", "coordinates": [ [ [ -67.713929861495615, -53.785676055298453 ], [ -67.70841181941806, -53.78848081361442 ], [ -67.707020592754972, -53.789189138121095 ], [ -67.708205628410468, -53.790006098022999 ], [ -67.709596862595987, -53.789297759901672 ], [ -67.710640803247884, -53.790016584670482 ], [ -67.716166417212222, -53.787214051584463 ], [ -67.713929861495615, -53.785676055298453 ] ] ] } },
{ "type": "Feature", "properties": { "codigo_indec": "940071303" }, "geometry": { "type": "Polygon", "coordinates": [ [ [ -67.72413090459267, -53.791140287532862 ], [ -67.724632534244719, -53.791487065822736 ], [ -67.723985372779751, -53.79181039064364 ], [ -67.724929061895907, -53.792467371475972 ], [ -67.724266512509516, -53.792797273173271 ], [ -67.726874355499049, -53.793876270804397 ], [ -67.731163045926877, -53.791688882340679 ], [ -67.729163391895639, -53.790319910045859 ], [ -67.727922666419332, -53.790953695417485 ], [ -67.726937723253769, -53.790280575767412 ], [ -67.72413090459267, -53.791140287532862 ] ] ] } },
{ "type": "Feature", "properties": { "codigo_indec": "940071305" }, "geometry": { "type": "Polygon", "coordinates": [ [ [ -67.724510502115663, -53.79625921037939 ], [ -67.722429415349438, -53.797319784921697 ], [ -67.724417934368134, -53.798684256351663 ], [ -67.723678054510813, -53.799058258844788 ], [ -67.723723035225603, -53.799701186299025 ], [ -67.725251274442087, -53.800732779856666 ], [ -67.722218535578861, -53.802508793621833 ], [ -67.723378899032866, -53.803035559939325 ], [ -67.733116729523914, -53.804531546962082 ], [ -67.73669031285533, -53.805708128960198 ], [ -67.739692714498673, -53.807714232060221 ], [ -67.742239338168375, -53.806444842500078 ], [ -67.744370336251336, -53.806887234115486 ], [ -67.752689597652477, -53.806619130097765 ], [ -67.755895214219819, -53.807301612021725 ], [ -67.75732439523992, -53.810178231068782 ], [ -67.76198589747726, -53.810024272753083 ], [ -67.772729417795759, -53.816042479287312 ], [ -67.773279766483498, -53.807986114243057 ], [ -67.778492885710818, -53.810256428827749 ], [ -67.778805738564785, -53.809547535754099 ], [ -67.773405537614337, -53.80731800076321 ], [ -67.767091496088867, -53.806505234914944 ], [ -67.766983364715955, -53.805922328804456 ], [ -67.762576675570628, -53.803367809937285 ], [ -67.760399287347525, -53.804497681353936 ], [ -67.758149141347559, -53.802949154557197 ], [ -67.756585087919547, -53.803739374625764 ], [ -67.755845848085158, -53.803457657243328 ], [ -67.752681306192073, -53.801656934224283 ], [ -67.749159023443468, -53.798115991297514 ], [ -67.744381397102785, -53.800548242762353 ], [ -67.734389381506475, -53.79365032551361 ], [ -67.727866377690475, -53.796950786039766 ], [ -67.72686687288973, -53.796252803085515 ], [ -67.725499133348777, -53.796939127003064 ], [ -67.724510502115663, -53.79625921037939 ] ] ] } },
{ "type": "Feature", "properties": { "codigo_indec": "940071307" }, "geometry": { "type": "Polygon", "coordinates": [ [ [ -67.750689464920939, -53.786837450619593 ], [ -67.74763226050726, -53.787340181557163 ], [ -67.75033756542652, -53.789232854604499 ], [ -67.752236250681051, -53.788273232353454 ], [ -67.753975820345616, -53.78986374656531 ], [ -67.758990368915633, -53.787312268333032 ], [ -67.758742524248376, -53.787098548790084 ], [ -67.763927845513436, -53.78697465781238 ], [ -67.768988390517649, -53.790463584620824 ], [ -67.768893027748618, -53.789445024456342 ], [ -67.76973945405112, -53.789429002600116 ], [ -67.769538754596155, -53.786565136090665 ], [ -67.777229008260107, -53.78625968959885 ], [ -67.771351398213284, -53.785934538886011 ], [ -67.750689464920939, -53.786837450619593 ] ] ] } },
{ "type": "Feature", "properties": { "codigo_indec": "940071404" }, "geometry": { "type": "Polygon", "coordinates": [ [ [ -67.672687685259362, -53.798122819779131 ], [ -67.663966513880709, -53.799609638165059 ], [ -67.666077760608758, -53.803746188588633 ], [ -67.666796359041896, -53.803583458012376 ], [ -67.667925681934648, -53.805667130875058 ], [ -67.668808217721391, -53.805481499320614 ], [ -67.669834945151479, -53.807453943473718 ], [ -67.671165652794031, -53.807138484457219 ], [ -67.672049359411858, -53.811238848384612 ], [ -67.68049765046986, -53.813432415355642 ], [ -67.681977794967636, -53.814648230938189 ], [ -67.68200063533321, -53.813799369182782 ], [ -67.684689186911982, -53.808913913696557 ], [ -67.685331292326111, -53.808527846338876 ], [ -67.684994683062158, -53.808369159025062 ], [ -67.68601362243102, -53.806369860805525 ], [ -67.682236531729629, -53.805674733644068 ], [ -67.67793199348705, -53.803655074703492 ], [ -67.675638644375994, -53.801888859358051 ], [ -67.672687685259362, -53.798122819779131 ] ] ] } },
{ "type": "Feature", "properties": { "codigo_indec": "940140411" }, "geometry": { "type": "Polygon", "coordinates": [ [ [ -68.264528336908526, -54.78822891628522 ], [ -68.264266367036413, -54.788530517574941 ], [ -68.265446715372093, -54.788804924341555 ], [ -68.26395595988312, -54.789572954042953 ], [ -68.270783187262282, -54.791150332188629 ], [ -68.27253036812705, -54.79059935769444 ], [ -68.273465782649225, -54.789367501131046 ], [ -68.267870780572963, -54.789075600633986 ], [ -68.264528336908526, -54.78822891628522 ] ] ] } },
{ "type": "Feature", "properties": { "codigo_indec": "940140505" }, "geometry": { "type": "Polygon", "coordinates": [ [ [ -68.308931638673513, -54.805616674853439 ], [ -68.306479642045815, -54.808719905710078 ], [ -68.314520729122194, -54.81077335812514 ], [ -68.316947845717294, -54.810959969833377 ], [ -68.317929880144831, -54.81060166767206 ], [ -68.319628749575443, -54.808309225951788 ], [ -68.315621482292002, -54.80730302253302 ], [ -68.31621383442733, -54.80653154906139 ], [ -68.314866556696629, -54.806191568071412 ], [ -68.313523151202673, -54.805853839776823 ], [ -68.312938533246992, -54.806625344100375 ], [ -68.308931638673513, -54.805616674853439 ] ] ] } },
{ "type": "Feature", "properties": { "codigo_indec": "940140405" }, "geometry": { "type": "Polygon", "coordinates": [ [ [ -68.279915678358165, -54.790982529916008 ], [ -68.283912573103137, -54.792874723075983 ], [ -68.286572288837547, -54.795455139871606 ], [ -68.290946587933163, -54.795815407134953 ], [ -68.292577966781081, -54.797217348582002 ], [ -68.29425043410572, -54.796490450980912 ], [ -68.293782915994925, -54.796105938493646 ], [ -68.295673218901698, -54.795589151915699 ], [ -68.297377689915749, -54.796371601099125 ], [ -68.297863950046278, -54.79634971122092 ], [ -68.297456949423037, -54.79605988834188 ], [ -68.298406498879018, -54.795322008951509 ], [ -68.299002116301395, -54.795943056681729 ], [ -68.302554539518653, -54.795283035829776 ], [ -68.307031984489171, -54.795755607543683 ], [ -68.307508971251181, -54.795138479106448 ], [ -68.307171648241834, -54.79508939116068 ], [ -68.307806574057622, -54.795009918374092 ], [ -68.30907758911313, -54.793642708691465 ], [ -68.287560739984258, -54.788094584227309 ], [ -68.287652356537293, -54.78686215384316 ], [ -68.286921732363382, -54.78642216866163 ], [ -68.283076565249061, -54.788721714274885 ], [ -68.281746415352117, -54.788999070452547 ], [ -68.279840241259706, -54.790416129578425 ], [ -68.279915678358165, -54.790982529916008 ] ] ] } },
{ "type": "Feature", "properties": { "codigo_indec": "940140404" }, "geometry": { "type": "Polygon", "coordinates": [ [ [ -68.278145317662037, -54.773202867342611 ], [ -68.279207999621761, -54.773083417987714 ], [ -68.279150924898403, -54.775856703603999 ], [ -68.280619111777654, -54.776534680958648 ], [ -68.280257910740119, -54.776528047042682 ], [ -68.280658355419973, -54.779140097895244 ], [ -68.281474849174742, -54.780642916340227 ], [ -68.281654271939729, -54.783673626005537 ], [ -68.279747499898562, -54.788636870416767 ], [ -68.279774457474645, -54.790400018244078 ], [ -68.286921732363382, -54.78642216866163 ], [ -68.287652356537293, -54.78686215384316 ], [ -68.287560739984258, -54.788094584227309 ], [ -68.30907758911313, -54.793642708691465 ], [ -68.310127292729788, -54.792485336498331 ], [ -68.311769750256659, -54.792350929039962 ], [ -68.313859028276326, -54.789470120437365 ], [ -68.315276555341924, -54.789069384792256 ], [ -68.316256493157837, -54.788113691367158 ], [ -68.318135407834873, -54.788234310132211 ], [ -68.319395225591563, -54.78750025608965 ], [ -68.321451528083159, -54.787237780018451 ], [ -68.323957321158332, -54.786119864004633 ], [ -68.324399676609787, -54.785459805359935 ], [ -68.304943696339151, -54.780858232611195 ], [ -68.302887798333771, -54.779528127509593 ], [ -68.302106461567135, -54.778420926081367 ], [ -68.291317368999458, -54.773949788272532 ], [ -68.286887693832853, -54.772675140068209 ], [ -68.283202680911927, -54.77016502152383 ], [ -68.276928854470924, -54.772360166764848 ], [ -68.278145317662037, -54.773202867342611 ] ] ] } },
{ "type": "Feature", "properties": { "codigo_indec": "940140602" }, "geometry": { "type": "Polygon", "coordinates": [ [ [ -68.331767699695689, -54.808071231426197 ], [ -68.337600028550327, -54.81139333905508 ], [ -68.340347068261508, -54.810568359985204 ], [ -68.340518888485079, -54.810046015929274 ], [ -68.341530463272051, -54.810008837180305 ], [ -68.342304161847963, -54.809056309634911 ], [ -68.34400532510908, -54.808933011921923 ], [ -68.344530012938321, -54.808466468670332 ], [ -68.340952115375572, -54.808274165291785 ], [ -68.332730196018957, -54.806762716481771 ], [ -68.331767699695689, -54.808071231426197 ] ] ] } },
{ "type": "Feature", "properties": { "codigo_indec": "940140607" }, "geometry": { "type": "Polygon", "coordinates": [ [ [ -68.317929541043128, -54.803004016485581 ], [ -68.31768087665246, -54.803687597883638 ], [ -68.318865342326802, -54.804920475699952 ], [ -68.320101683111247, -54.805151991049875 ], [ -68.320802775460876, -54.806698802869292 ], [ -68.320531782800387, -54.807092552432799 ], [ -68.321480896155876, -54.807531307443469 ], [ -68.323103229042488, -54.807239424642908 ], [ -68.323867630843651, -54.806167932243532 ], [ -68.32588743576477, -54.8065182877396 ], [ -68.325359808935332, -54.805749527739444 ], [ -68.322013386867212, -54.804987510208981 ], [ -68.322543496333054, -54.804673808010669 ], [ -68.317929541043128, -54.803004016485581 ] ] ] } },
{ "type": "Feature", "properties": { "codigo_indec": "940070505" }, "geometry": { "type": "Polygon", "coordinates": [ [ [ -67.169072988573973, -54.507603496359856 ], [ -67.166931581934747, -54.565059437605349 ], [ -67.259645335899691, -54.566624147938526 ], [ -67.261876119965507, -54.520907574748165 ], [ -67.258110199633691, -54.519754977680712 ], [ -67.253825921894503, -54.517453693755186 ], [ -67.251355752547113, -54.516710432197186 ], [ -67.241755830416636, -54.517826852275249 ], [ -67.240493562052862, -54.518358816375112 ], [ -67.238254018001044, -54.520334336008496 ], [ -67.232902251548424, -54.526235709924038 ], [ -67.231028692922607, -54.526248747740269 ], [ -67.23015417418145, -54.525128558242955 ], [ -67.230280129821821, -54.524270094525214 ], [ -67.228303056877664, -54.522751888924454 ], [ -67.225031445606206, -54.521971634470837 ], [ -67.222219740071267, -54.519585254776452 ], [ -67.214980330652892, -54.51771754085653 ], [ -67.207810866539873, -54.517000502139489 ], [ -67.203450303308344, -54.515275810084098 ], [ -67.198419825591827, -54.514394551458153 ], [ -67.196413851483342, -54.515671960509216 ], [ -67.196073122979072, -54.516657473179549 ], [ -67.1925329177501, -54.517175147958746 ], [ -67.190168625896447, -54.511530887277061 ], [ -67.18810810209807, -54.502962005402033 ], [ -67.187482855123378, -54.502002465164928 ], [ -67.184878855019235, -54.50093011334819 ], [ -67.169072988573973, -54.507603496359856 ] ] ] } },
{ "type": "Feature", "properties": { "codigo_indec": "940140408" }, "geometry": { "type": "Polygon", "coordinates": [ [ [ -68.264528336908526, -54.78822891628522 ], [ -68.262257241250779, -54.787884990103102 ], [ -68.246837310044583, -54.790357266303779 ], [ -68.248650130352203, -54.791731734804429 ], [ -68.242269443265073, -54.793749258025741 ], [ -68.240233720067451, -54.792454149468213 ], [ -68.238609886737876, -54.793445620937881 ], [ -68.238316080817214, -54.792740826083417 ], [ -68.237332221564813, -54.792974952622821 ], [ -68.23704857947456, -54.794415005391429 ], [ -68.23772092946929, -54.79441923064919 ], [ -68.238148439843712, -54.79504176978449 ], [ -68.235943954895362, -54.796103672020003 ], [ -68.23559995236117, -54.796824669154567 ], [ -68.240266987750047, -54.797105511281508 ], [ -68.244626204846497, -54.796178237927919 ], [ -68.244961844182384, -54.795688485962572 ], [ -68.248626070961095, -54.794496225072827 ], [ -68.251214256288961, -54.794732315671503 ], [ -68.251161222752216, -54.795708931905423 ], [ -68.252490241716714, -54.796148328116473 ], [ -68.256473729320234, -54.796399630192944 ], [ -68.262252287422612, -54.791785996508196 ], [ -68.261782922405985, -54.790029135672363 ], [ -68.264044813536316, -54.788960376719643 ], [ -68.264528336908526, -54.78822891628522 ] ] ] } },
{ "type": "Feature", "properties": { "codigo_indec": "940070201" }, "geometry": { "type": "Polygon", "coordinates": [ [ [ -68.306234632668421, -53.320281282600902 ], [ -68.2953097658296, -53.318013550325027 ], [ -68.274728318766236, -53.315868456671225 ], [ -68.266078355247458, -53.313659021083375 ], [ -68.249167315526037, -53.311810583549594 ], [ -68.241185635664607, -53.310106732828778 ], [ -68.237009643577238, -53.309765600995718 ], [ -68.235156569885064, -53.309358368391777 ], [ -68.233401535768763, -53.308295788476237 ], [ -68.229904781021077, -53.308363122093951 ], [ -68.219505668055817, -53.306031163692545 ], [ -68.219232041809207, -53.30478935905986 ], [ -68.217974587349573, -53.304439668796057 ], [ -68.216305399817529, -53.304662340032763 ], [ -68.214745803332704, -53.306269493556336 ], [ -68.212500745641336, -53.306802815892638 ], [ -68.210656385522711, -53.306145908202296 ], [ -68.209849615189185, -53.304341197635644 ], [ -68.20210809812373, -53.307614345350075 ], [ -68.194994114820929, -53.309965710203365 ], [ -68.189773963753339, -53.310909802084204 ], [ -68.182995303708609, -53.313118960764932 ], [ -68.179385728395687, -53.314936238135239 ], [ -68.175734470345674, -53.315396290051844 ], [ -68.164991895401769, -53.319769467631346 ], [ -68.152963579674619, -53.323970819122742 ], [ -68.147460634440321, -53.325227800622748 ], [ -68.136529156748452, -53.329397144839959 ], [ -68.131697841682396, -53.334295192148133 ], [ -68.123053726771445, -53.341672071673443 ], [ -68.118103308841171, -53.345104037698718 ], [ -68.113343541111433, -53.349983899297747 ], [ -68.112705149668301, -53.35125735779885 ], [ -68.110142914507662, -53.35224242256669 ], [ -68.106640857321281, -53.355253395495524 ], [ -68.105494630247279, -53.357095845345043 ], [ -68.100085456908488, -53.362008497869709 ], [ -68.099199107314391, -53.364149370675406 ], [ -68.097366427066646, -53.36628083747965 ], [ -68.096796588057273, -53.369250759510912 ], [ -68.093931417083652, -53.374530545054007 ], [ -68.092185323824978, -53.376089757026634 ], [ -68.083657530754934, -53.387130784551942 ], [ -68.082010870965874, -53.390838163097456 ], [ -68.080634955865122, -53.392606719483922 ], [ -68.07839032945563, -53.400658454007548 ], [ -68.078258533923517, -53.402582592998094 ], [ -68.076323156450144, -53.407246866309507 ], [ -68.075483526813656, -53.41060096501721 ], [ -68.074411694138803, -53.421698791801596 ], [ -68.073250721301619, -53.425454726441224 ], [ -68.072046473544845, -53.434296116579702 ], [ -68.071320158331488, -53.435862937159023 ], [ -68.070947387668625, -53.4384658372717 ], [ -68.066597324796049, -53.449672793616315 ], [ -68.065946726061199, -53.454627701881194 ], [ -68.063878525220431, -53.462249178735895 ], [ -68.062921049307462, -53.464020798546159 ], [ -68.06259721747854, -53.466417381085755 ], [ -68.055947719125072, -53.483778868042855 ], [ -68.054371306937327, -53.486417114312111 ], [ -68.05241094671068, -53.492415099847015 ], [ -68.050249544557502, -53.495414807550638 ], [ -68.047690615648264, -53.502690623836784 ], [ -68.044862793982617, -53.507304545136876 ], [ -68.043602281963231, -53.510403425113289 ], [ -68.031752567715174, -53.530147844823183 ], [ -68.029674944928459, -53.535270653768748 ], [ -68.025208916213899, -53.541247808446698 ], [ -68.021395587002402, -53.548306138113162 ], [ -68.016477947081484, -53.554939692905108 ], [ -68.01470263046717, -53.558447349903581 ], [ -68.010855172010849, -53.562297276614181 ], [ -68.00880287240777, -53.565029811899358 ], [ -68.008607474255243, -53.566124407977831 ], [ -68.005379622510574, -53.570051174921673 ], [ -67.999131142300016, -53.576405624978456 ], [ -67.996620380797182, -53.579628308823963 ], [ -67.986764584766533, -53.589107912949338 ], [ -67.985343027529467, -53.591081629329423 ], [ -67.981173825298583, -53.594727949383739 ], [ -67.977285278332715, -53.596887201972187 ], [ -67.969812339713812, -53.602935382915348 ], [ -67.963473823063026, -53.610695653450769 ], [ -67.962973989823297, -53.611978473527984 ], [ -67.958438812289074, -53.61713036978923 ], [ -67.957183223726247, -53.617642832062323 ], [ -67.955402478836049, -53.619990446692952 ], [ -67.945609733863122, -53.627854354659775 ], [ -67.943937742419834, -53.630041021058958 ], [ -67.935951353169415, -53.635640038727452 ], [ -67.924678723915193, -53.6455152720266 ], [ -67.904016658700769, -53.657961279608607 ], [ -67.900021673150107, -53.660925744005247 ], [ -67.894498940080851, -53.663280703111539 ], [ -67.884298995847757, -53.668703091348505 ], [ -67.882244335882476, -53.670301289289498 ], [ -67.879666635596976, -53.670933129961185 ], [ -67.861339158221625, -53.68059920821991 ], [ -67.855990336294852, -53.682644063263609 ], [ -67.855747593487095, -53.68322354464177 ], [ -67.857695029274083, -53.683271337130577 ], [ -67.862325814838556, -53.681614941917204 ], [ -67.865549105117267, -53.681070456726488 ], [ -67.870455492364997, -53.678708764910752 ], [ -67.875755895729441, -53.674600680906821 ], [ -67.884781476370179, -53.670342915068133 ], [ -67.886643588947933, -53.669875034854385 ], [ -67.889004856236085, -53.670274348793974 ], [ -67.890068054884239, -53.671272593224536 ], [ -67.889753882015413, -53.672431033224726 ], [ -67.886738088287672, -53.675330002582875 ], [ -67.886455007906093, -53.676309016422678 ], [ -67.886821166311847, -53.676770671549669 ], [ -67.892752729848723, -53.676221397922149 ], [ -67.894741910980017, -53.677120332942366 ], [ -67.903161905008503, -53.679228422515429 ], [ -67.910218719128949, -53.678477429431439 ], [ -67.91098524126194, -53.679416625784881 ], [ -67.91011934798253, -53.680567851123136 ], [ -67.906833744578634, -53.681205063921126 ], [ -67.906057212312064, -53.68196846205938 ], [ -67.906643572528026, -53.682703871107066 ], [ -67.90826620309204, -53.683167937520203 ], [ -67.910136033963866, -53.682852511841254 ], [ -67.91078217699318, -53.681861023400046 ], [ -67.912858509582776, -53.68175184853942 ], [ -67.91506667587619, -53.683137634899076 ], [ -67.916285365720881, -53.683274462329543 ], [ -67.919349291697685, -53.681837547047252 ], [ -67.91993397972297, -53.679246075759643 ], [ -67.921012539885425, -53.678348284518869 ], [ -67.918009717806598, -53.67682289666817 ], [ -67.92179042285413, -53.676333601958703 ], [ -67.922543929533475, -53.675864163581601 ], [ -67.922655050880053, -53.675067719359831 ], [ -67.921847828125991, -53.67423380849138 ], [ -67.921994254595688, -53.673684777876787 ], [ -67.923750169315227, -53.673810641097795 ], [ -67.925434225190386, -53.674679365916042 ], [ -67.926715521832548, -53.676065603944473 ], [ -67.928038947678402, -53.676391942041022 ], [ -67.929377467423961, -53.674930330170767 ], [ -67.92741255551401, -53.674391601476039 ], [ -67.927197774198447, -53.673911211358906 ], [ -67.930906647537753, -53.672508980649589 ], [ -67.932751460264399, -53.672559130713168 ], [ -67.933721122168492, -53.673259634837805 ], [ -67.93767202945557, -53.673052145623288 ], [ -67.941080995961443, -53.674088687950217 ], [ -67.946443848129292, -53.6714224372705 ], [ -67.947777320798963, -53.670131297488297 ], [ -67.947581746781935, -53.664621605990625 ], [ -67.946884161666375, -53.663474342451174 ], [ -67.947598723328269, -53.66272586127517 ], [ -67.949087953639548, -53.6620021478805 ], [ -67.951860393590337, -53.663059755287698 ], [ -67.953103817597651, -53.660959092870229 ], [ -67.957358479500883, -53.656514809017757 ], [ -67.960137935842667, -53.654822791868696 ], [ -67.963461957150415, -53.654968423439492 ], [ -67.964639414565468, -53.654446233432722 ], [ -67.965761622280979, -53.652472432096189 ], [ -67.969407459677285, -53.651198758542826 ], [ -67.972782272043119, -53.651110952421853 ], [ -67.970423058276012, -53.648621982078616 ], [ -67.97149257495154, -53.647552940963692 ], [ -67.973014811427461, -53.646676465637981 ], [ -67.974786608252572, -53.646574842677609 ], [ -67.976335927880569, -53.647385543633128 ], [ -67.980596813380032, -53.644405093073587 ], [ -67.980696019044416, -53.643426542227118 ], [ -67.977166869570738, -53.641794814812229 ], [ -67.977141710044691, -53.63971001307268 ], [ -67.975616670764808, -53.638376134998758 ], [ -67.974769366298972, -53.635439675111186 ], [ -67.973581006364952, -53.633946916956099 ], [ -67.974167137229074, -53.633466735159857 ], [ -67.977931768483842, -53.633454011608897 ], [ -67.978323436833961, -53.632729546027583 ], [ -67.975914800954655, -53.631217403650211 ], [ -67.975595655108066, -53.630507080144 ], [ -67.976527517943865, -53.628230537743988 ], [ -67.975558836805376, -53.624538273881427 ], [ -67.979106928123201, -53.625323355418786 ], [ -67.980157714837262, -53.626251060931487 ], [ -67.98269248146957, -53.627070077081243 ], [ -67.984344156916947, -53.627057147637949 ], [ -67.984651832428341, -53.624157504862751 ], [ -67.986651937205835, -53.622844629989928 ], [ -67.989129230443126, -53.620214912988153 ], [ -67.991196988095695, -53.615892454958576 ], [ -67.989150859769893, -53.613774872797869 ], [ -67.986841627341448, -53.615397412639254 ], [ -67.984406792963057, -53.616106832712731 ], [ -67.983841354636752, -53.615740374073248 ], [ -67.984363648810842, -53.614756422424811 ], [ -67.987151214923756, -53.612722408126629 ], [ -67.988908137295539, -53.609861961681112 ], [ -67.990668177570399, -53.609553347394197 ], [ -67.992283734538731, -53.610869833717196 ], [ -67.996367993329429, -53.611470230408393 ], [ -68.006145231158342, -53.610134393615688 ], [ -68.007780279523615, -53.608546329777838 ], [ -68.007407182690102, -53.607060659398535 ], [ -68.002879231122364, -53.604302711741539 ], [ -68.000951916336703, -53.604670759254077 ], [ -67.998894502798876, -53.604150386880505 ], [ -67.994752904607523, -53.6016986136705 ], [ -67.995409338456923, -53.59695313131607 ], [ -67.995079535781429, -53.596211317919177 ], [ -68.00100249353099, -53.594365009522981 ], [ -68.000847186856973, -53.591185149191574 ], [ -67.99961171514849, -53.589941587401924 ], [ -67.999843167053015, -53.58845420150157 ], [ -68.002769567363188, -53.587793496108176 ], [ -68.004191335228455, -53.586574345903053 ], [ -68.003875797488249, -53.585062181005043 ], [ -68.00632743167607, -53.583546073836239 ], [ -68.011328307413891, -53.584072713168545 ], [ -68.015362422806732, -53.582183119076049 ], [ -68.017783263805441, -53.580504788969577 ], [ -68.021124725028287, -53.577036877633667 ], [ -68.026123925434803, -53.575640024212142 ], [ -68.027082737628092, -53.575962312873479 ], [ -68.032251783286668, -53.575707723641806 ], [ -68.033417186629961, -53.574917450455239 ], [ -68.033138819210706, -53.572561041607571 ], [ -68.040707758193022, -53.568300029019184 ], [ -68.040011231491277, -53.567063448973407 ], [ -68.039881523144132, -53.564959836707295 ], [ -68.041831324284047, -53.561498140987794 ], [ -68.050455814697287, -53.554953700443768 ], [ -68.054014453771686, -53.551684274849933 ], [ -68.057623152876673, -53.546815743860463 ], [ -68.060119683215191, -53.545128171650326 ], [ -68.062583659224856, -53.544904906374072 ], [ -68.067601477664667, -53.546543527091984 ], [ -68.077200897705737, -53.547732166546233 ], [ -68.079601602332673, -53.546950970888872 ], [ -68.084350561669609, -53.546583084666274 ], [ -68.084005659192812, -53.545088876421623 ], [ -68.085736896158494, -53.542983829101267 ], [ -68.084804939961018, -53.542129831520981 ], [ -68.085636148236063, -53.539433845904725 ], [ -68.084606912237703, -53.538722867792892 ], [ -68.085530055795601, -53.537357418012554 ], [ -68.091340980913586, -53.535593412695093 ], [ -68.092230193296814, -53.534919525888888 ], [ -68.094814188405508, -53.535397367224171 ], [ -68.096364278639115, -53.534849753029974 ], [ -68.096354339281405, -53.534076937706466 ], [ -68.09532998249199, -53.533134715455809 ], [ -68.095055150062336, -53.532054393240593 ], [ -68.096227315977941, -53.530834511132355 ], [ -68.100653198360973, -53.529607685740608 ], [ -68.106284927955187, -53.524276669483861 ], [ -68.106179259093366, -53.523566036162478 ], [ -68.107208283241633, -53.521956359498176 ], [ -68.103988287830376, -53.520925910746421 ], [ -68.103827105797976, -53.519990224572567 ], [ -68.10647044369162, -53.517610915965911 ], [ -68.109468039241762, -53.517015537722848 ], [ -68.114753181291363, -53.511544511673158 ], [ -68.118213912934479, -53.509126067177483 ], [ -68.119881722116943, -53.509201255243703 ], [ -68.122244647810433, -53.507915749516243 ], [ -68.122982093703882, -53.505962350690538 ], [ -68.123015230236874, -53.504174504030487 ], [ -68.128236517821406, -53.497979089632892 ], [ -68.129450552177246, -53.495541667043845 ], [ -68.130846839436018, -53.49413213752576 ], [ -68.126697521789353, -53.492205975501903 ], [ -68.128025918421798, -53.490616274285514 ], [ -68.127890117240213, -53.488422847015819 ], [ -68.12828678887665, -53.487446332512498 ], [ -68.131144953870816, -53.486182232971252 ], [ -68.13120556365979, -53.485427900107432 ], [ -68.134399874804402, -53.484105514716461 ], [ -68.137771241326462, -53.484999222122852 ], [ -68.14324968135125, -53.48301016807104 ], [ -68.14328622142277, -53.482505001563034 ], [ -68.15071701992494, -53.481533703621963 ], [ -68.153744220894126, -53.479290859193327 ], [ -68.16130710961626, -53.478454620901822 ], [ -68.161344005918096, -53.477538370103815 ], [ -68.162584332976536, -53.476316069508336 ], [ -68.164504439000282, -53.475945383724635 ], [ -68.166199988268104, -53.476271714612231 ], [ -68.168170730503562, -53.475620529924889 ], [ -68.167910428381049, -53.475068362659151 ], [ -68.172106983649584, -53.475351346669015 ], [ -68.176428408444181, -53.474633173441781 ], [ -68.180885658528879, -53.474870472219472 ], [ -68.181368602370014, -53.475601597347527 ], [ -68.182808258848809, -53.475925939019184 ], [ -68.183302389598921, -53.474311948705569 ], [ -68.186089147379278, -53.474286034627234 ], [ -68.18774370106722, -53.475186844489912 ], [ -68.187524580283124, -53.476605044244288 ], [ -68.186294102241817, -53.476956087234377 ], [ -68.187196613550867, -53.477806854115926 ], [ -68.188371470236135, -53.478003531787266 ], [ -68.18864097154885, -53.47946997719702 ], [ -68.188096684773171, -53.480562495716377 ], [ -68.191160465920845, -53.48183223642004 ], [ -68.193704964426644, -53.481698925429235 ], [ -68.194678134528331, -53.481218031158541 ], [ -68.193965381902288, -53.480874028662718 ], [ -68.195995185167178, -53.480274450409567 ], [ -68.197895193861271, -53.480763441904507 ], [ -68.199206753394364, -53.481706714839099 ], [ -68.199334532100323, -53.482920594334487 ], [ -68.200852756143547, -53.483092492327799 ], [ -68.204793208982508, -53.480811786013653 ], [ -68.206086844169292, -53.4809079939443 ], [ -68.20694489790786, -53.481947006767776 ], [ -68.207002446620749, -53.482899836084066 ], [ -68.220455770994533, -53.483446597520484 ], [ -68.221583684256743, -53.482932799269626 ], [ -68.225381956859465, -53.483433700991419 ], [ -68.228594843705395, -53.485898493367301 ], [ -68.231318284485567, -53.48587336005528 ], [ -68.233355454643188, -53.486728819682064 ], [ -68.234259910616174, -53.488998920581722 ], [ -68.238029678674934, -53.489867633451894 ], [ -68.250818905971741, -53.489130818372914 ], [ -68.253052968910538, -53.487814974196596 ], [ -68.252349584312611, -53.486905305480825 ], [ -68.254009054529845, -53.483984214148705 ], [ -68.258827176590586, -53.483259423993729 ], [ -68.260996477366717, -53.481520719853528 ], [ -68.264213173578455, -53.481264268445322 ], [ -68.265143888651323, -53.480360231190417 ], [ -68.266820701727298, -53.48029864738924 ], [ -68.268818624796225, -53.481272316696597 ], [ -68.27139734503497, -53.480443445903255 ], [ -68.271285167479164, -53.479957554803029 ], [ -68.272471238165394, -53.479964781000469 ], [ -68.273305842721456, -53.480706654748268 ], [ -68.274641893373314, -53.479870151548475 ], [ -68.275750050286348, -53.480472149415725 ], [ -68.274734342875277, -53.481515025255412 ], [ -68.276045095631474, -53.482385562411842 ], [ -68.277712257018749, -53.482674194275603 ], [ -68.279288277814345, -53.482342266885873 ], [ -68.279767984894065, -53.481590392693604 ], [ -68.280207189405871, -53.478558249363502 ], [ -68.281594753261729, -53.47755799693023 ], [ -68.281184571478036, -53.477097279334728 ], [ -68.282455391126177, -53.476763474366372 ], [ -68.283088761795682, -53.477387262368879 ], [ -68.283843745635522, -53.477274979968534 ], [ -68.283709332920495, -53.476312745647675 ], [ -68.286552359705411, -53.475853530607822 ], [ -68.289728673258139, -53.476627217324001 ], [ -68.289791386025968, -53.477606989000407 ], [ -68.29130752814882, -53.477687871988657 ], [ -68.292317515617924, -53.4767324288769 ], [ -68.294754279679978, -53.476926540035549 ], [ -68.294621172303991, -53.477914138382893 ], [ -68.297783921002932, -53.480439664038656 ], [ -68.297229995070694, -53.481373125745371 ], [ -68.297748441358408, -53.481904059644599 ], [ -68.300521391110067, -53.482513350820113 ], [ -68.302769307734238, -53.482304099960814 ], [ -68.303889799970321, -53.483790958877009 ], [ -68.305839254965491, -53.483642808489265 ], [ -68.307097818072165, -53.484061188857943 ], [ -68.308169139619238, -53.483952832652719 ], [ -68.30802629787982, -53.48347353893412 ], [ -68.309200449316805, -53.483525257764221 ], [ -68.311339506824339, -53.485154954375922 ], [ -68.310559047196989, -53.48590521896584 ], [ -68.312963674026477, -53.486494124088409 ], [ -68.313858825286559, -53.485169444145761 ], [ -68.315072573505518, -53.485338141155133 ], [ -68.315839072076486, -53.48568397212992 ], [ -68.316268858847991, -53.486827562573644 ], [ -68.319873535391395, -53.48751304003445 ], [ -68.320928445316724, -53.488435536667282 ], [ -68.322496572554883, -53.488354583030876 ], [ -68.323687964308391, -53.489226163203384 ], [ -68.326450208280036, -53.488900320843079 ], [ -68.330178329041246, -53.489422200785597 ], [ -68.331377119206579, -53.487919387303187 ], [ -68.332131518375874, -53.489046764087476 ], [ -68.337665980437549, -53.488709165356461 ], [ -68.336946826065699, -53.490142820794894 ], [ -68.339038904878066, -53.490522804013274 ], [ -68.34128764599582, -53.490032043401058 ], [ -68.345698506900575, -53.491242325235454 ], [ -68.346779961226375, -53.492685881737771 ], [ -68.347993964988362, -53.493105831908679 ], [ -68.349142239326554, -53.492653841974459 ], [ -68.349465523789675, -53.491220207066966 ], [ -68.357471135423438, -53.493866987248722 ], [ -68.358428591714215, -53.493324029951097 ], [ -68.358334486968388, -53.492571010027412 ], [ -68.357121380532064, -53.492086026804067 ], [ -68.357358468376503, -53.491602098074459 ], [ -68.358627368657835, -53.491384282327559 ], [ -68.360724857005323, -53.493174598618829 ], [ -68.361234621173978, -53.494345406195443 ], [ -68.362105121482642, -53.494323099210611 ], [ -68.36262077634656, -53.493094871042935 ], [ -68.363968789317994, -53.492625833480972 ], [ -68.364388353205854, -53.492780814546549 ], [ -68.364551013563471, -53.493994687791314 ], [ -68.366895326827503, -53.495678383101627 ], [ -68.370538991228173, -53.496634337622012 ], [ -68.37501923519423, -53.495534691831828 ], [ -68.375813072098282, -53.495860062090841 ], [ -68.376212066007469, -53.497165004262143 ], [ -68.377763853469276, -53.497442649231004 ], [ -68.37729199411703, -53.498536390583993 ], [ -68.378046406213883, -53.498729008112306 ], [ -68.37916608578881, -53.498159773758545 ], [ -68.380405301072045, -53.498950164937931 ], [ -68.383130390763839, -53.498342031685659 ], [ -68.383573062261163, -53.498730680187499 ], [ -68.383140849888321, -53.499438283690488 ], [ -68.383676408541206, -53.499917263289078 ], [ -68.387004737135314, -53.499278455903152 ], [ -68.387729949505726, -53.498886822655656 ], [ -68.387743521497597, -53.498206261149065 ], [ -68.389641481758829, -53.498258647192088 ], [ -68.389055312426407, -53.498938530001467 ], [ -68.389316600616837, -53.499631727558942 ], [ -68.390086095915393, -53.499566020724366 ], [ -68.391683483153471, -53.49772320383731 ], [ -68.395361537553441, -53.498431480978553 ], [ -68.395881067230505, -53.499251763092033 ], [ -68.395932016672447, -53.500968197915746 ], [ -68.397640643968288, -53.501363184346772 ], [ -68.397458448719178, -53.502521359279442 ], [ -68.397996339947042, -53.502849783393785 ], [ -68.399637914286899, -53.50319723086514 ], [ -68.400056090060431, -53.502399646090524 ], [ -68.401244686334863, -53.502540383652416 ], [ -68.402325835904037, -53.50362401969813 ], [ -68.403596492374263, -53.503558484104836 ], [ -68.40475214014856, -53.502557900231956 ], [ -68.405930961827494, -53.502590719917926 ], [ -68.407943909973824, -53.503058952252943 ], [ -68.408867667106946, -53.504635935514621 ], [ -68.41043872290723, -53.504645940187579 ], [ -68.411026001472436, -53.505769739611758 ], [ -68.40940862026163, -53.506920851768854 ], [ -68.408775041665265, -53.508043116928292 ], [ -68.40956337798805, -53.508799523762804 ], [ -68.411173728982135, -53.508160531653978 ], [ -68.41358258650726, -53.508361061214877 ], [ -68.414815344408993, -53.507225981283959 ], [ -68.420750353568735, -53.507758056924956 ], [ -68.422018530635029, -53.507604707653726 ], [ -68.422601533853907, -53.506850521916704 ], [ -68.423740983698494, -53.507017753462414 ], [ -68.424295326801797, -53.507541565760214 ], [ -68.423694712143757, -53.509317740728541 ], [ -68.420989068687874, -53.510149275641446 ], [ -68.421725808761394, -53.51139279826041 ], [ -68.4244164159593, -53.511953879011571 ], [ -68.425186689851884, -53.511843023785076 ], [ -68.426117819146867, -53.510704131494649 ], [ -68.42698984705099, -53.51087004771891 ], [ -68.427172948716233, -53.511823355339523 ], [ -68.428005367665563, -53.51185429644439 ], [ -68.428345638019636, -53.512332138948018 ], [ -68.426020608961679, -53.512599539968789 ], [ -68.425605012774355, -53.514349655586734 ], [ -68.429322690851507, -53.515903925249404 ], [ -68.430779553994242, -53.514904529815666 ], [ -68.432842217706124, -53.517358301553969 ], [ -68.435228263262118, -53.51818724746245 ], [ -68.434717983518738, -53.519146249790815 ], [ -68.4349683544567, -53.519875232384514 ], [ -68.439893658291936, -53.520239843249001 ], [ -68.440064403840097, -53.520725842209394 ], [ -68.441519384622083, -53.520436136560072 ], [ -68.440656203937507, -53.519293231111995 ], [ -68.441129963941165, -53.518808000924622 ], [ -68.442274491827121, -53.518905443301271 ], [ -68.442222686315134, -53.519406124955665 ], [ -68.443320032921036, -53.519941364215207 ], [ -68.444091020842791, -53.519783218316704 ], [ -68.444175337469204, -53.519100737362713 ], [ -68.445352173284746, -53.519034321069803 ], [ -68.445699599088741, -53.518694495773275 ], [ -68.444808119701278, -53.517980530925321 ], [ -68.445808811326017, -53.517257374537074 ], [ -68.450737413185934, -53.518807596928667 ], [ -68.455085309255495, -53.518054767371808 ], [ -68.456374190901826, -53.518653655615594 ], [ -68.45670247574671, -53.518035171311261 ], [ -68.457954654918439, -53.517672462897366 ], [ -68.464463039082688, -53.51832401477575 ], [ -68.465513332286761, -53.517526788737086 ], [ -68.467260867196572, -53.517327929369117 ], [ -68.467119635065615, -53.516869056625445 ], [ -68.468770152914132, -53.515986870307245 ], [ -68.469566523665762, -53.516197064888225 ], [ -68.469901213093678, -53.517162208058721 ], [ -68.471077984604662, -53.517093292136863 ], [ -68.471728778156177, -53.516889510659503 ], [ -68.472446973120014, -53.515203471106695 ], [ -68.473280822302115, -53.514823031782086 ], [ -68.477444845959198, -53.514246036993903 ], [ -68.479603868022863, -53.513051442077973 ], [ -68.480815160913167, -53.513847402786944 ], [ -68.481614293114461, -53.513832900079834 ], [ -68.484866326208106, -53.512615989065416 ], [ -68.484274735136395, -53.511678981514109 ], [ -68.483133117974958, -53.51135058546776 ], [ -68.483491485046457, -53.510390721453561 ], [ -68.486262563833606, -53.510591349840169 ], [ -68.488683278217181, -53.509846973641707 ], [ -68.491879392829844, -53.510112185115851 ], [ -68.492309047327439, -53.509476063785932 ], [ -68.494212222835984, -53.509142694473113 ], [ -68.494615536393027, -53.50818298742778 ], [ -68.502943365326217, -53.5062321811304 ], [ -68.502375942829929, -53.50545709624145 ], [ -68.500080620896341, -53.505833881898255 ], [ -68.500182356361194, -53.504872894324485 ], [ -68.502637988208477, -53.50399360438108 ], [ -68.506329398326471, -53.50408078674127 ], [ -68.5088485192924, -53.503561038294933 ], [ -68.510510076119104, -53.504870702321483 ], [ -68.51213853850156, -53.504805477790228 ], [ -68.513644112571541, -53.50362557081025 ], [ -68.514784660154419, -53.50372005724153 ], [ -68.514084713152485, -53.504633700944865 ], [ -68.514549336538252, -53.504860217670725 ], [ -68.517666324080665, -53.505106448673416 ], [ -68.517756367898727, -53.503480497507361 ], [ -68.518808830756214, -53.50237057816706 ], [ -68.519567106240018, -53.502283776375528 ], [ -68.520554516463363, -53.502925687277397 ], [ -68.520797534868152, -53.504094732830318 ], [ -68.521595763435016, -53.504142855716822 ], [ -68.522073761558346, -53.503183355327501 ], [ -68.523899740223257, -53.502968258736153 ], [ -68.522276820001878, -53.50254846668264 ], [ -68.523115031298516, -53.501381495826536 ], [ -68.525255101771222, -53.501372043695788 ], [ -68.525120900375029, -53.500232640986141 ], [ -68.52425335528828, -53.499651894508631 ], [ -68.524864046706341, -53.498944495177334 ], [ -68.528355274231828, -53.498023863583313 ], [ -68.529029266539567, -53.498394912847196 ], [ -68.530688892852581, -53.496847006133621 ], [ -68.529900305996463, -53.495938651583053 ], [ -68.531435727027429, -53.494711465450138 ], [ -68.534794985414365, -53.494446046110703 ], [ -68.536762309039915, -53.495046707687507 ], [ -68.537342055664411, -53.494734472094343 ], [ -68.537544915096319, -53.493746888370993 ], [ -68.544508487766507, -53.496334399260832 ], [ -68.546802362844318, -53.496361088442576 ], [ -68.547137591751508, -53.497072186815913 ], [ -68.547936866089344, -53.49701231605728 ], [ -68.548019563314867, -53.49632077123951 ], [ -68.548698207365291, -53.496622092032368 ], [ -68.548886746611231, -53.49731466118179 ], [ -68.551657693403698, -53.497118427519858 ], [ -68.552270679998998, -53.497576721947368 ], [ -68.553792670346567, -53.497214021380273 ], [ -68.556678317045552, -53.497936831933373 ], [ -68.557289380764871, -53.497139417513417 ], [ -68.559355144930166, -53.497371679302297 ], [ -68.560070650325358, -53.497760676467209 ], [ -68.560359747754177, -53.49894778064872 ], [ -68.562559779478988, -53.499321996717036 ], [ -68.567745895098199, -53.501694971529417 ], [ -68.56857410887865, -53.50324340865842 ], [ -68.573388882186634, -53.504404047287935 ], [ -68.573384033338968, -53.504886981361288 ], [ -68.574403631334121, -53.505411753736681 ], [ -68.574466658446212, -53.506642942205914 ], [ -68.577431256944593, -53.506725339021877 ], [ -68.577561566474628, -53.505746419503318 ], [ -68.578742755752089, -53.505561899656726 ], [ -68.579604144616042, -53.506852052825948 ], [ -68.581470843430878, -53.506696870073981 ], [ -68.584543975570611, -53.50878315514629 ], [ -68.585150923518825, -53.508369700464961 ], [ -68.585744257531715, -53.508964776587149 ], [ -68.588262839513789, -53.509207090508298 ], [ -68.588596252767303, -53.510187617400398 ], [ -68.591676419155661, -53.510036444797279 ], [ -68.592666652132252, -53.510516034478897 ], [ -68.592492931229557, -53.509769676903687 ], [ -68.593366111093331, -53.509880471556308 ], [ -68.594108154799898, -53.511095985192384 ], [ -68.595508408585289, -53.510867117645383 ], [ -68.596867007194405, -53.512246430436058 ], [ -68.597442125191137, -53.515581847814218 ], [ -68.599009723463141, -53.515605085842402 ], [ -68.598776876502583, -53.516316375158851 ], [ -68.60032615139643, -53.516687707602877 ], [ -68.600197531828059, -53.517138779590184 ], [ -68.603133943042366, -53.517901065717794 ], [ -68.6065982502477, -53.51742956482402 ], [ -68.606406909396966, -53.327992814514097 ], [ -68.306149173714175, -53.327862327266118 ], [ -68.306234632668421, -53.320281282600902 ] ] ] } },
{ "type": "Feature", "properties": { "codigo_indec": "940070901" }, "geometry": { "type": "Polygon", "coordinates": [ [ [ -68.6065982502477, -53.51742956482402 ], [ -68.603133943042366, -53.517901065717794 ], [ -68.600197531828059, -53.517138779590184 ], [ -68.60032615139643, -53.516687707602877 ], [ -68.598776876502583, -53.516316375158851 ], [ -68.599009723463141, -53.515605085842402 ], [ -68.597442125191137, -53.515581847814218 ], [ -68.596867007194405, -53.512246430436058 ], [ -68.595508408585289, -53.510867117645383 ], [ -68.594108154799898, -53.511095985192384 ], [ -68.593366111093331, -53.509880471556308 ], [ -68.592492931229557, -53.509769676903687 ], [ -68.592666652132252, -53.510516034478897 ], [ -68.591676419155661, -53.510036444797279 ], [ -68.588596252767303, -53.510187617400398 ], [ -68.588262839513789, -53.509207090508298 ], [ -68.585744257531715, -53.508964776587149 ], [ -68.585150923518825, -53.508369700464961 ], [ -68.584543975570611, -53.50878315514629 ], [ -68.581470843430878, -53.506696870073981 ], [ -68.579604144616042, -53.506852052825948 ], [ -68.578742755752089, -53.505561899656726 ], [ -68.577561566474628, -53.505746419503318 ], [ -68.577431256944593, -53.506725339021877 ], [ -68.574466658446212, -53.506642942205914 ], [ -68.574403631334121, -53.505411753736681 ], [ -68.573384033338968, -53.504886981361288 ], [ -68.573388882186634, -53.504404047287935 ], [ -68.56857410887865, -53.50324340865842 ], [ -68.567745895098199, -53.501694971529417 ], [ -68.562559779478988, -53.499321996717036 ], [ -68.560359747754177, -53.49894778064872 ], [ -68.560070650325358, -53.497760676467209 ], [ -68.559355144930166, -53.497371679302297 ], [ -68.557289380764871, -53.497139417513417 ], [ -68.556678317045552, -53.497936831933373 ], [ -68.553792670346567, -53.497214021380273 ], [ -68.552270679998998, -53.497576721947368 ], [ -68.551657693403698, -53.497118427519858 ], [ -68.548886746611231, -53.49731466118179 ], [ -68.548698207365291, -53.496622092032368 ], [ -68.548019563314867, -53.49632077123951 ], [ -68.547936866089344, -53.49701231605728 ], [ -68.547137591751508, -53.497072186815913 ], [ -68.546802362844318, -53.496361088442576 ], [ -68.544508487766507, -53.496334399260832 ], [ -68.537544915096319, -53.493746888370993 ], [ -68.537342055664411, -53.494734472094343 ], [ -68.536762309039915, -53.495046707687507 ], [ -68.534794985414365, -53.494446046110703 ], [ -68.531435727027429, -53.494711465450138 ], [ -68.529900305996463, -53.495938651583053 ], [ -68.530688892852581, -53.496847006133621 ], [ -68.529029266539567, -53.498394912847196 ], [ -68.528355274231828, -53.498023863583313 ], [ -68.524864046706341, -53.498944495177334 ], [ -68.52425335528828, -53.499651894508631 ], [ -68.525120900375029, -53.500232640986141 ], [ -68.525255101771222, -53.501372043695788 ], [ -68.523115031298516, -53.501381495826536 ], [ -68.522276820001878, -53.50254846668264 ], [ -68.523899740223257, -53.502968258736153 ], [ -68.522073761558346, -53.503183355327501 ], [ -68.521595763435016, -53.504142855716822 ], [ -68.520797534868152, -53.504094732830318 ], [ -68.520554516463363, -53.502925687277397 ], [ -68.519567106240018, -53.502283776375528 ], [ -68.518808830756214, -53.50237057816706 ], [ -68.517756367898727, -53.503480497507361 ], [ -68.517666324080665, -53.505106448673416 ], [ -68.514549336538252, -53.504860217670725 ], [ -68.514084713152485, -53.504633700944865 ], [ -68.514784660154419, -53.50372005724153 ], [ -68.513644112571541, -53.50362557081025 ], [ -68.51213853850156, -53.504805477790228 ], [ -68.510510076119104, -53.504870702321483 ], [ -68.5088485192924, -53.503561038294933 ], [ -68.506329398326471, -53.50408078674127 ], [ -68.502637988208477, -53.50399360438108 ], [ -68.500182356361194, -53.504872894324485 ], [ -68.500080620896341, -53.505833881898255 ], [ -68.502375942829929, -53.50545709624145 ], [ -68.502943365326217, -53.5062321811304 ], [ -68.494615536393027, -53.50818298742778 ], [ -68.494212222835984, -53.509142694473113 ], [ -68.492309047327439, -53.509476063785932 ], [ -68.491879392829844, -53.510112185115851 ], [ -68.488683278217181, -53.509846973641707 ], [ -68.486262563833606, -53.510591349840169 ], [ -68.483491485046457, -53.510390721453561 ], [ -68.483133117974958, -53.51135058546776 ], [ -68.484274735136395, -53.511678981514109 ], [ -68.484866326208106, -53.512615989065416 ], [ -68.481614293114461, -53.513832900079834 ], [ -68.480815160913167, -53.513847402786944 ], [ -68.479603868022863, -53.513051442077973 ], [ -68.477444845959198, -53.514246036993903 ], [ -68.473280822302115, -53.514823031782086 ], [ -68.472446973120014, -53.515203471106695 ], [ -68.471728778156177, -53.516889510659503 ], [ -68.471077984604662, -53.517093292136863 ], [ -68.469901213093678, -53.517162208058721 ], [ -68.469566523665762, -53.516197064888225 ], [ -68.468770152914132, -53.515986870307245 ], [ -68.467119635065615, -53.516869056625445 ], [ -68.467260867196572, -53.517327929369117 ], [ -68.465513332286761, -53.517526788737086 ], [ -68.464463039082688, -53.51832401477575 ], [ -68.457954654918439, -53.517672462897366 ], [ -68.45670247574671, -53.518035171311261 ], [ -68.456374190901826, -53.518653655615594 ], [ -68.455085309255495, -53.518054767371808 ], [ -68.450737413185934, -53.518807596928667 ], [ -68.445808811326017, -53.517257374537074 ], [ -68.444808119701278, -53.517980530925321 ], [ -68.445699599088741, -53.518694495773275 ], [ -68.445352173284746, -53.519034321069803 ], [ -68.444175337469204, -53.519100737362713 ], [ -68.444091020842791, -53.519783218316704 ], [ -68.443320032921036, -53.519941364215207 ], [ -68.442222686315134, -53.519406124955665 ], [ -68.442274491827121, -53.518905443301271 ], [ -68.441129963941165, -53.518808000924622 ], [ -68.440656203937507, -53.519293231111995 ], [ -68.441519384622083, -53.520436136560072 ], [ -68.440064403840097, -53.520725842209394 ], [ -68.439893658291936, -53.520239843249001 ], [ -68.4349683544567, -53.519875232384514 ], [ -68.434717983518738, -53.519146249790815 ], [ -68.435228263262118, -53.51818724746245 ], [ -68.432842217706124, -53.517358301553969 ], [ -68.430779553994242, -53.514904529815666 ], [ -68.429322690851507, -53.515903925249404 ], [ -68.425605012774355, -53.514349655586734 ], [ -68.426020608961679, -53.512599539968789 ], [ -68.428345638019636, -53.512332138948018 ], [ -68.428005367665563, -53.51185429644439 ], [ -68.427172948716233, -53.511823355339523 ], [ -68.42698984705099, -53.51087004771891 ], [ -68.426117819146867, -53.510704131494649 ], [ -68.425186689851884, -53.511843023785076 ], [ -68.4244164159593, -53.511953879011571 ], [ -68.421725808761394, -53.51139279826041 ], [ -68.420989068687874, -53.510149275641446 ], [ -68.423694712143757, -53.509317740728541 ], [ -68.424295326801797, -53.507541565760214 ], [ -68.423740983698494, -53.507017753462414 ], [ -68.422601533853907, -53.506850521916704 ], [ -68.422018530635029, -53.507604707653726 ], [ -68.420750353568735, -53.507758056924956 ], [ -68.414815344408993, -53.507225981283959 ], [ -68.41358258650726, -53.508361061214877 ], [ -68.411173728982135, -53.508160531653978 ], [ -68.40956337798805, -53.508799523762804 ], [ -68.408775041665265, -53.508043116928292 ], [ -68.40940862026163, -53.506920851768854 ], [ -68.411026001472436, -53.505769739611758 ], [ -68.41043872290723, -53.504645940187579 ], [ -68.408867667106946, -53.504635935514621 ], [ -68.407943909973824, -53.503058952252943 ], [ -68.405930961827494, -53.502590719917926 ], [ -68.40475214014856, -53.502557900231956 ], [ -68.403596492374263, -53.503558484104836 ], [ -68.402325835904037, -53.50362401969813 ], [ -68.401244686334863, -53.502540383652416 ], [ -68.400056090060431, -53.502399646090524 ], [ -68.399637914286899, -53.50319723086514 ], [ -68.397996339947042, -53.502849783393785 ], [ -68.397458448719178, -53.502521359279442 ], [ -68.397640643968288, -53.501363184346772 ], [ -68.395932016672447, -53.500968197915746 ], [ -68.395881067230505, -53.499251763092033 ], [ -68.395361537553441, -53.498431480978553 ], [ -68.391683483153471, -53.49772320383731 ], [ -68.390086095915393, -53.499566020724366 ], [ -68.389316600616837, -53.499631727558942 ], [ -68.389055312426407, -53.498938530001467 ], [ -68.389641481758829, -53.498258647192088 ], [ -68.387743521497597, -53.498206261149065 ], [ -68.387729949505726, -53.498886822655656 ], [ -68.387004737135314, -53.499278455903152 ], [ -68.383676408541206, -53.499917263289078 ], [ -68.383140849888321, -53.499438283690488 ], [ -68.383573062261163, -53.498730680187499 ], [ -68.383130390763839, -53.498342031685659 ], [ -68.380405301072045, -53.498950164937931 ], [ -68.37916608578881, -53.498159773758545 ], [ -68.378046406213883, -53.498729008112306 ], [ -68.37729199411703, -53.498536390583993 ], [ -68.377763853469276, -53.497442649231004 ], [ -68.376212066007469, -53.497165004262143 ], [ -68.375813072098282, -53.495860062090841 ], [ -68.37501923519423, -53.495534691831828 ], [ -68.370538991228173, -53.496634337622012 ], [ -68.366895326827503, -53.495678383101627 ], [ -68.364551013563471, -53.493994687791314 ], [ -68.364388353205854, -53.492780814546549 ], [ -68.363968789317994, -53.492625833480972 ], [ -68.36262077634656, -53.493094871042935 ], [ -68.362105121482642, -53.494323099210611 ], [ -68.361234621173978, -53.494345406195443 ], [ -68.360724857005323, -53.493174598618829 ], [ -68.358627368657835, -53.491384282327559 ], [ -68.357358468376503, -53.491602098074459 ], [ -68.357121380532064, -53.492086026804067 ], [ -68.358334486968388, -53.492571010027412 ], [ -68.358428591714215, -53.493324029951097 ], [ -68.357471135423438, -53.493866987248722 ], [ -68.349465523789675, -53.491220207066966 ], [ -68.349142239326554, -53.492653841974459 ], [ -68.347993964988362, -53.493105831908679 ], [ -68.346779961226375, -53.492685881737771 ], [ -68.345698506900575, -53.491242325235454 ], [ -68.34128764599582, -53.490032043401058 ], [ -68.339038904878066, -53.490522804013274 ], [ -68.336946826065699, -53.490142820794894 ], [ -68.337665980437549, -53.488709165356461 ], [ -68.332131518375874, -53.489046764087476 ], [ -68.331377119206579, -53.487919387303187 ], [ -68.330178329041246, -53.489422200785597 ], [ -68.326450208280036, -53.488900320843079 ], [ -68.323687964308391, -53.489226163203384 ], [ -68.322496572554883, -53.488354583030876 ], [ -68.320928445316724, -53.488435536667282 ], [ -68.319873535391395, -53.48751304003445 ], [ -68.316268858847991, -53.486827562573644 ], [ -68.315839072076486, -53.48568397212992 ], [ -68.315072573505518, -53.485338141155133 ], [ -68.313858825286559, -53.485169444145761 ], [ -68.312963674026477, -53.486494124088409 ], [ -68.310559047196989, -53.48590521896584 ], [ -68.311339506824339, -53.485154954375922 ], [ -68.309200449316805, -53.483525257764221 ], [ -68.30802629787982, -53.48347353893412 ], [ -68.308169139619238, -53.483952832652719 ], [ -68.307097818072165, -53.484061188857943 ], [ -68.305574338403517, -53.483722137164285 ], [ -68.304860390803995, -53.556154740315684 ], [ -68.380089899323551, -53.559805192433657 ], [ -68.380160588861031, -53.673608021980357 ], [ -68.362380403901653, -53.670882081062018 ], [ -68.325603607472146, -53.669557503429409 ], [ -68.304747097060385, -53.67342758332363 ], [ -68.304675724190517, -53.745729119564103 ], [ -68.379914080014771, -53.737768077927889 ], [ -68.37998828253258, -53.835891479597088 ], [ -68.305518696097948, -53.85240632644134 ], [ -68.312452012907428, -53.854256675999814 ], [ -68.313808702384293, -53.855162914929878 ], [ -68.314547661593082, -53.858069206805155 ], [ -68.318243132176548, -53.859797355377722 ], [ -68.325369377198086, -53.858977338959967 ], [ -68.326549850998944, -53.859289449652479 ], [ -68.327106276454543, -53.859658698186614 ], [ -68.326021380210236, -53.861910021383501 ], [ -68.326874448166819, -53.862739156849251 ], [ -68.329111425975498, -53.862814575399121 ], [ -68.332406602504761, -53.859912917466104 ], [ -68.334640032995438, -53.859963505658421 ], [ -68.34018244522828, -53.861258703658649 ], [ -68.341612259948974, -53.863126390921991 ], [ -68.345028518794365, -53.864582636061293 ], [ -68.34625941519576, -53.865579910538621 ], [ -68.346127117026583, -53.866996526450222 ], [ -68.341902941198285, -53.868817548933848 ], [ -68.342159245437102, -53.870164412587691 ], [ -68.343353921600766, -53.871296287609177 ], [ -68.346448097820485, -53.87176016377412 ], [ -68.353081121355828, -53.869747587634627 ], [ -68.355147925364065, -53.869794648322895 ], [ -68.357048037278503, -53.870550571057024 ], [ -68.356495404280139, -53.871888574194145 ], [ -68.354285964729456, -53.87245846704203 ], [ -68.352447678964026, -53.874095007625165 ], [ -68.351986759510226, -53.876372383882824 ], [ -68.353170093161623, -53.877528805554832 ], [ -68.354927220653863, -53.87796278727415 ], [ -68.358321108973399, -53.876768046333332 ], [ -68.359450849439725, -53.877463654345412 ], [ -68.360127676701552, -53.880189620690984 ], [ -68.362182753109678, -53.88179084435717 ], [ -68.366606482062437, -53.88213771531003 ], [ -68.368714565760428, -53.881252599434589 ], [ -68.370275352527599, -53.881617937746306 ], [ -68.371928299197847, -53.882938358373515 ], [ -68.372484365748505, -53.884648352027639 ], [ -68.3740051969408, -53.886426269754814 ], [ -68.378556371470026, -53.888473708546563 ], [ -68.378223075258987, -53.890179066250106 ], [ -68.37697102386457, -53.890505007174241 ], [ -68.378807401294821, -53.89308413181967 ], [ -68.383647958723145, -53.89362120433433 ], [ -68.390056145219944, -53.896457137544665 ], [ -68.392705123245378, -53.896576135114969 ], [ -68.395314335324613, -53.895762718484491 ], [ -68.397954955790766, -53.896461066816357 ], [ -68.400314521693119, -53.898467462548496 ], [ -68.40293116206189, -53.899531704111922 ], [ -68.411555029491808, -53.899403571374073 ], [ -68.415574645732562, -53.898073265412151 ], [ -68.422521712429315, -53.894306386553339 ], [ -68.426815894137249, -53.89396982578112 ], [ -68.429884978910607, -53.891996591954161 ], [ -68.434879571425881, -53.891301436392816 ], [ -68.437270617816296, -53.892489652347436 ], [ -68.43908444822587, -53.895615800962112 ], [ -68.44093978937633, -53.896507192369882 ], [ -68.447735362082653, -53.89596138186198 ], [ -68.456865757016402, -53.898053767619281 ], [ -68.461583967318589, -53.897578619416997 ], [ -68.46895888375272, -53.898123586541907 ], [ -68.481297597811775, -53.897712573082877 ], [ -68.486433746334129, -53.899414769546283 ], [ -68.49085265586281, -53.900080479048313 ], [ -68.504411258661946, -53.898816475485077 ], [ -68.507623680941478, -53.899573165641193 ], [ -68.510853027091841, -53.902146967877655 ], [ -68.513815676020684, -53.903481978000151 ], [ -68.524334150110477, -53.903020971547839 ], [ -68.529612281831135, -53.902116354854982 ], [ -68.530397456955981, -53.902647271205751 ], [ -68.532140802367536, -53.905933440228992 ], [ -68.537973056793305, -53.906881431737752 ], [ -68.541677382658975, -53.908683552900499 ], [ -68.54976073611364, -53.91154651 ], [ -68.551771358787661, -53.913854073236934 ], [ -68.556813066798554, -53.915229449968095 ], [ -68.557184869010499, -53.91568903260422 ], [ -68.556791709407719, -53.916887017031335 ], [ -68.554337812390401, -53.919009515132615 ], [ -68.554189638552359, -53.920060154759788 ], [ -68.557505362108685, -53.9228014658731 ], [ -68.559623246235546, -53.922964233214394 ], [ -68.560423603685038, -53.921760993459742 ], [ -68.55964263025686, -53.919675969381132 ], [ -68.560136364596616, -53.918678250376296 ], [ -68.561150564242183, -53.918118181760526 ], [ -68.561919375149444, -53.915553659966733 ], [ -68.563177215521506, -53.914605881726402 ], [ -68.565283290077403, -53.914036267999464 ], [ -68.568975635215992, -53.911634984699099 ], [ -68.573305858316147, -53.912297335344221 ], [ -68.57694705663306, -53.911508348874825 ], [ -68.578689859186099, -53.912601603964397 ], [ -68.578694877250868, -53.914748923328283 ], [ -68.57943151775919, -53.917166095810479 ], [ -68.580744586366507, -53.918646394287769 ], [ -68.582560079049642, -53.919739844998801 ], [ -68.582973118301439, -53.922203036727183 ], [ -68.584059457654689, -53.923168146596979 ], [ -68.588289696646925, -53.923694839412939 ], [ -68.588845646154169, -53.924433473502859 ], [ -68.590574398628021, -53.924715652723307 ], [ -68.59186068256129, -53.924324712459416 ], [ -68.594975618616175, -53.921756703996572 ], [ -68.596831756162516, -53.921843809867852 ], [ -68.598750637060903, -53.922928376864064 ], [ -68.602025411463302, -53.923103240196177 ], [ -68.605134596512229, -53.925907682496096 ], [ -68.607247007614575, -53.926689521718608 ], [ -68.6065982502477, -53.51742956482402 ] ] ] } },
{ "type": "Feature", "properties": { "codigo_indec": "940070101" }, "geometry": { "type": "Polygon", "coordinates": [ [ [ -68.306234632668421, -53.320281282600902 ], [ -68.306149173714175, -53.327862327266118 ], [ -68.606406909396966, -53.327992814514097 ], [ -68.606708580198287, -52.659002334338389 ], [ -68.603287541210776, -52.662239518934648 ], [ -68.600408496853902, -52.666363592715712 ], [ -68.590659121414149, -52.677161175376021 ], [ -68.586025673354683, -52.680899146699325 ], [ -68.582316978401465, -52.684885076363443 ], [ -68.576232829509891, -52.693573525177335 ], [ -68.572745173977225, -52.697443116934174 ], [ -68.569073892925019, -52.700743550170451 ], [ -68.564975074331187, -52.70569803630535 ], [ -68.56043396719889, -52.709664487811402 ], [ -68.549991793141388, -52.72116378017158 ], [ -68.500217953238433, -52.765345626082414 ], [ -68.492966731633558, -52.771030132509885 ], [ -68.481027409612594, -52.782303459129039 ], [ -68.474561612045747, -52.787251146808174 ], [ -68.46422118311267, -52.796454013692511 ], [ -68.45246111434605, -52.808538508351994 ], [ -68.443625518710775, -52.816740041178512 ], [ -68.418697334282129, -52.838320055049856 ], [ -68.408111454979505, -52.848523254401641 ], [ -68.403218771759612, -52.851634945441667 ], [ -68.392065940485168, -52.863664789619627 ], [ -68.386604496547676, -52.867417639482937 ], [ -68.368310275438787, -52.881690628744437 ], [ -68.36434312610227, -52.886074928786577 ], [ -68.356722384641301, -52.890814536854776 ], [ -68.351324659241854, -52.895089550181858 ], [ -68.331690243031801, -52.911865679702998 ], [ -68.325652959032794, -52.917984820614436 ], [ -68.313372838649144, -52.928086785195887 ], [ -68.304638545021078, -52.936770500635994 ], [ -68.299537779963003, -52.940633777291325 ], [ -68.289518376880409, -52.950243350104586 ], [ -68.285078484463313, -52.955132121768308 ], [ -68.283108867644202, -52.959062906348052 ], [ -68.27932207258219, -52.964629353206711 ], [ -68.268187227813698, -52.987898151817511 ], [ -68.262337252142359, -53.002626075553849 ], [ -68.261069561774192, -53.007949168465082 ], [ -68.256885861206115, -53.016253143529674 ], [ -68.251387426537292, -53.033471796599109 ], [ -68.249635222927225, -53.045960264250269 ], [ -68.248637711164704, -53.050159404782626 ], [ -68.238297064833148, -53.075883351304434 ], [ -68.224727541283769, -53.100300352662188 ], [ -68.22344830611982, -53.101073788319056 ], [ -68.21418927078696, -53.11594759854642 ], [ -68.212009106192497, -53.119806107893034 ], [ -68.210815435476732, -53.123814893040546 ], [ -68.208560680527555, -53.12783234117434 ], [ -68.204112041560322, -53.132504548960483 ], [ -68.202686509439857, -53.136871132184382 ], [ -68.202300392515184, -53.139968670533321 ], [ -68.201393956095856, -53.140699436035298 ], [ -68.201413382915888, -53.141867728615566 ], [ -68.208472295725301, -53.149103539585397 ], [ -68.212549476785497, -53.152347499733494 ], [ -68.214078247446309, -53.152123966066156 ], [ -68.214802807002869, -53.151122331124725 ], [ -68.214884389014202, -53.148903365826826 ], [ -68.210809788392694, -53.127588925773814 ], [ -68.211762617036726, -53.123686379265308 ], [ -68.220239354067985, -53.107621509054802 ], [ -68.225003119214335, -53.100958118646041 ], [ -68.240685741284949, -53.074964078777256 ], [ -68.258699520416783, -53.055614100839328 ], [ -68.268541493682164, -53.042492607150635 ], [ -68.269856642366847, -53.038780492836665 ], [ -68.270662836055692, -53.034517097942341 ], [ -68.270303829056644, -53.030837381529047 ], [ -68.268595996986562, -53.026057576749146 ], [ -68.268839566679915, -53.023111666644233 ], [ -68.26541975591536, -53.020233045367092 ], [ -68.265087244404683, -53.017876656852394 ], [ -68.266603087934271, -53.015262098315276 ], [ -68.271934580894168, -53.011006280542638 ], [ -68.281258998661869, -53.008457054909975 ], [ -68.291531872415575, -53.007280874663024 ], [ -68.313208274651558, -53.007028375767732 ], [ -68.31611161370121, -53.007370850007099 ], [ -68.31592188840871, -53.007828044754717 ], [ -68.316885905041005, -53.008103166078364 ], [ -68.336941390896527, -53.010103733624931 ], [ -68.34358591820569, -53.011838943995912 ], [ -68.345096519999487, -53.013671425289751 ], [ -68.360387774825227, -53.017429904702752 ], [ -68.363335669612695, -53.018613896182053 ], [ -68.369852900772287, -53.023366229047213 ], [ -68.380667803869798, -53.033064943331787 ], [ -68.386523003010282, -53.036168470089024 ], [ -68.398632883074896, -53.041170310470825 ], [ -68.402209602593416, -53.043434813363696 ], [ -68.405134039336417, -53.04653388234653 ], [ -68.408301067923105, -53.047466236937296 ], [ -68.419263062540367, -53.054798816753028 ], [ -68.420399378315963, -53.057086770246279 ], [ -68.425088781327446, -53.063345713543974 ], [ -68.428505972132115, -53.064099015325546 ], [ -68.427895581065997, -53.065414757171574 ], [ -68.435399596085716, -53.069658224062614 ], [ -68.43752730621145, -53.073532213722451 ], [ -68.444787510524449, -53.077771678971722 ], [ -68.448061422461279, -53.080509614079375 ], [ -68.447614162874345, -53.082807910542357 ], [ -68.452098573959006, -53.083700264194519 ], [ -68.457185535450009, -53.085943070519235 ], [ -68.460524623956047, -53.090145640352347 ], [ -68.4622628980743, -53.090494966983123 ], [ -68.462812604494133, -53.091000654349926 ], [ -68.462212685943243, -53.093325268634842 ], [ -68.465209495822847, -53.095117959289709 ], [ -68.46761127959094, -53.0988758024357 ], [ -68.477040750478665, -53.101505508825646 ], [ -68.488775823207121, -53.101502569906749 ], [ -68.492478139237235, -53.101848639596113 ], [ -68.493783886523161, -53.102539364927182 ], [ -68.493966161733638, -53.103546546754295 ], [ -68.501482820009585, -53.10782853046819 ], [ -68.501975112743366, -53.110454433801173 ], [ -68.500461402371045, -53.111247824590841 ], [ -68.494378313073895, -53.111689404189903 ], [ -68.492294815726979, -53.112345483609815 ], [ -68.491643579957611, -53.113115480108263 ], [ -68.492132674521798, -53.113432069156069 ], [ -68.497606489547351, -53.112754404677304 ], [ -68.497824032790646, -53.112988952229649 ], [ -68.495140286048027, -53.114208650719732 ], [ -68.495349406408351, -53.115162027603098 ], [ -68.496461646394536, -53.116155170034965 ], [ -68.497667599509725, -53.116160264365256 ], [ -68.502798832251941, -53.119308844713942 ], [ -68.502566812978401, -53.119999778097544 ], [ -68.501800622858539, -53.120382961641091 ], [ -68.502887108972303, -53.121043462340062 ], [ -68.505726413929523, -53.120929482739349 ], [ -68.507722921419713, -53.121369069875271 ], [ -68.516318164095466, -53.127442710996633 ], [ -68.519643928043848, -53.130628135686756 ], [ -68.52573478544609, -53.135127438606084 ], [ -68.529787204470779, -53.137569651498026 ], [ -68.535500259218779, -53.142300582051085 ], [ -68.538473332996318, -53.14272548335142 ], [ -68.540238489577405, -53.1439633515932 ], [ -68.540089180777642, -53.146748340413417 ], [ -68.536154498968003, -53.152663635857834 ], [ -68.538007965856423, -53.155105959733113 ], [ -68.541374642488051, -53.157958445006912 ], [ -68.551848651581253, -53.175367591894236 ], [ -68.552044898491403, -53.178064022928623 ], [ -68.553725500960184, -53.178618454352979 ], [ -68.553843668748613, -53.179122092747086 ], [ -68.553121746757412, -53.179505769462509 ], [ -68.552913389132172, -53.180484422261529 ], [ -68.553898873992622, -53.181009283341851 ], [ -68.553921609889386, -53.181701262406385 ], [ -68.553316031887903, -53.182040447586928 ], [ -68.553455713524059, -53.182993448404567 ], [ -68.55548448424986, -53.186424560088845 ], [ -68.557039167026346, -53.195604668197959 ], [ -68.55674658529729, -53.197858968614142 ], [ -68.557260380979656, -53.198822338894118 ], [ -68.55653089246691, -53.199547460457929 ], [ -68.55776130277772, -53.200675233953937 ], [ -68.55690738613761, -53.202217585720717 ], [ -68.557818223891218, -53.202778076394971 ], [ -68.556936468164707, -53.204113655787125 ], [ -68.557476045660081, -53.205124294242673 ], [ -68.55693646520271, -53.20701600391682 ], [ -68.556236114189673, -53.20780413040567 ], [ -68.557356836756668, -53.209794114484588 ], [ -68.557438274578487, -53.212058785544862 ], [ -68.556857535715935, -53.213215768311663 ], [ -68.555682457745178, -53.213579802224203 ], [ -68.555033193569031, -53.222787598948543 ], [ -68.555303232931408, -53.225987469742812 ], [ -68.553966519396653, -53.228902784062086 ], [ -68.553488988201195, -53.231983043827348 ], [ -68.552046006116896, -53.235005762747249 ], [ -68.552289759959521, -53.239274815667116 ], [ -68.550115515239568, -53.243435923639097 ], [ -68.545990359926876, -53.246816819970455 ], [ -68.538820052807623, -53.251192212408718 ], [ -68.531919784357797, -53.25437315753652 ], [ -68.526154118776589, -53.258519669543958 ], [ -68.502895974830537, -53.272900654814336 ], [ -68.473825704470357, -53.288886960266204 ], [ -68.462176385339788, -53.29469354797024 ], [ -68.453113221266193, -53.297707408302493 ], [ -68.441373529112354, -53.300842859075836 ], [ -68.427274284836884, -53.298295997278991 ], [ -68.421930442344532, -53.300004422941761 ], [ -68.416736852979099, -53.302488344511147 ], [ -68.408704394717219, -53.304108871766715 ], [ -68.401665584197204, -53.307308557491524 ], [ -68.38599559572782, -53.312314732047824 ], [ -68.381549909052964, -53.312374884226521 ], [ -68.373018676206343, -53.309928973852159 ], [ -68.369821348135261, -53.310046909617149 ], [ -68.360357750680947, -53.312844953177709 ], [ -68.35240174358465, -53.31434754023649 ], [ -68.331358363551615, -53.319613786164361 ], [ -68.312230874980145, -53.320909044773579 ], [ -68.306234632668421, -53.320281282600902 ] ] ] } },
{ "type": "Feature", "properties": { "codigo_indec": "940071001" }, "geometry": { "type": "Polygon", "coordinates": [ [ [ -67.729067401792094, -53.761866862812418 ], [ -67.730345346594206, -53.761226722176062 ], [ -67.728794644991169, -53.760228637455519 ], [ -67.733035610417403, -53.756612011166538 ], [ -67.728615762885013, -53.754855746338222 ], [ -67.73066401046141, -53.753048936014657 ], [ -67.729963238301906, -53.753034773322625 ], [ -67.730690682097844, -53.752415750865886 ], [ -67.734245051596133, -53.750552938218377 ], [ -67.748589818287869, -53.746107571663167 ], [ -67.74506224595136, -53.743417759980311 ], [ -67.740563247099857, -53.745097998932003 ], [ -67.725297420932847, -53.754411667156027 ], [ -67.722783714503507, -53.757931877546802 ], [ -67.719009540530209, -53.761000535305939 ], [ -67.711541389520974, -53.764835862100632 ], [ -67.718585683183747, -53.769691578102105 ], [ -67.716992482570888, -53.764739333628498 ], [ -67.720013743650298, -53.763257601468801 ], [ -67.718658823180277, -53.762185100041123 ], [ -67.72250988929629, -53.75995964983278 ], [ -67.725574988344079, -53.761393992695993 ], [ -67.72719948131531, -53.760577862464963 ], [ -67.729067401792094, -53.761866862812418 ] ] ] } },
{ "type": "Feature", "properties": { "codigo_indec": "940071112" }, "geometry": { "type": "Polygon", "coordinates": [ [ [ -67.694467751893953, -53.791144453675038 ], [ -67.698148451790431, -53.793691381189063 ], [ -67.699686526829126, -53.792906129572621 ], [ -67.701919213911594, -53.794442102286347 ], [ -67.703414696397331, -53.79368329802837 ], [ -67.698649786007081, -53.790610361054441 ], [ -67.697327772817687, -53.791281137500107 ], [ -67.696090935920068, -53.790427564690674 ], [ -67.694467751893953, -53.791144453675038 ] ] ] } },
{ "type": "Feature", "properties": { "codigo_indec": "940071204" }, "geometry": { "type": "Polygon", "coordinates": [ [ [ -67.739731932294973, -53.761604325694186 ], [ -67.739343388501496, -53.772423066005096 ], [ -67.738471501464417, -53.772413894129329 ], [ -67.738036268952015, -53.774028917082674 ], [ -67.736540880897707, -53.774702789568558 ], [ -67.726737836505436, -53.774457554885238 ], [ -67.725834858133965, -53.773845943911304 ], [ -67.71605364303656, -53.778732940436655 ], [ -67.720497212276968, -53.77890174847245 ], [ -67.725363462159564, -53.782269168083047 ], [ -67.721380326137236, -53.784284394300691 ], [ -67.720250390803841, -53.783897201676083 ], [ -67.724285129466935, -53.786682967866426 ], [ -67.729746358931791, -53.783957750398706 ], [ -67.73425238261342, -53.787112074773802 ], [ -67.747697904927875, -53.787046598978179 ], [ -67.771351398213284, -53.785934538886011 ], [ -67.779703395913728, -53.786610614018031 ], [ -67.781125368560737, -53.779823235374892 ], [ -67.782821091437469, -53.777843487637234 ], [ -67.781743977158115, -53.775750211174731 ], [ -67.767658919266438, -53.774860475768328 ], [ -67.766836059624197, -53.772659603980912 ], [ -67.766884230649467, -53.770757463958581 ], [ -67.768931495835758, -53.761826902716315 ], [ -67.739731932294973, -53.761604325694186 ] ] ] } },
{ "type": "Feature", "properties": { "codigo_indec": "940071209" }, "geometry": { "type": "Polygon", "coordinates": [ [ [ -67.724285129466935, -53.786682967866426 ], [ -67.744381397102785, -53.800548242762353 ], [ -67.755288896724323, -53.794972034850943 ], [ -67.749109788899801, -53.790718348191177 ], [ -67.75105840430659, -53.789741294681576 ], [ -67.752139661936468, -53.790505069588072 ], [ -67.753738032311247, -53.789695047616235 ], [ -67.752236250681051, -53.788273232353454 ], [ -67.75033756542652, -53.789232854604499 ], [ -67.74763226050726, -53.787340181557163 ], [ -67.750689464920939, -53.786837450619593 ], [ -67.73425238261342, -53.787112074773802 ], [ -67.729746358931791, -53.783957750398706 ], [ -67.724285129466935, -53.786682967866426 ] ] ] } },
{ "type": "Feature", "properties": { "codigo_indec": "940071411" }, "geometry": { "type": "Polygon", "coordinates": [ [ [ -67.711620388352415, -53.794445645431885 ], [ -67.709367910592277, -53.795766973617447 ], [ -67.707274722956626, -53.795852249660435 ], [ -67.707245288947206, -53.797055964994101 ], [ -67.697008637377849, -53.797293349956718 ], [ -67.700643546056796, -53.800484394038932 ], [ -67.70657554194149, -53.797736119514788 ], [ -67.710184306030627, -53.797105584560327 ], [ -67.712510406734026, -53.79746977769264 ], [ -67.716433804126112, -53.795602460303968 ], [ -67.714373765848762, -53.794232594331874 ], [ -67.712612491189859, -53.795127953390846 ], [ -67.711620388352415, -53.794445645431885 ] ] ] } },
{ "type": "Feature", "properties": { "codigo_indec": "940071407" }, "geometry": { "type": "Polygon", "coordinates": [ [ [ -67.693297913808536, -53.790334261572319 ], [ -67.691451109180463, -53.791286784327838 ], [ -67.691640184004598, -53.792769182602022 ], [ -67.695899206375373, -53.796241237597116 ], [ -67.696596793040115, -53.79589165533131 ], [ -67.69541912769823, -53.795083646664004 ], [ -67.698148451790431, -53.793691381189063 ], [ -67.693297913808536, -53.790334261572319 ] ] ] } },
{ "type": "Feature", "properties": { "codigo_indec": "940140412" }, "geometry": { "type": "Polygon", "coordinates": [ [ [ -68.282244043337002, -54.792060853904196 ], [ -68.277767034830163, -54.789858067763014 ], [ -68.273465782649225, -54.789367501131046 ], [ -68.27253036812705, -54.79059935769444 ], [ -68.27056010635313, -54.791452180527713 ], [ -68.27126891803151, -54.792235747398209 ], [ -68.270807640892258, -54.792599049148095 ], [ -68.274355537906146, -54.793069485390717 ], [ -68.277603474771482, -54.794236489556255 ], [ -68.277863813984368, -54.793586744554233 ], [ -68.275461880879249, -54.792494422408794 ], [ -68.280200967643665, -54.793081840205915 ], [ -68.280753784177392, -54.792155338977935 ], [ -68.282244043337002, -54.792060853904196 ] ] ] } },
{ "type": "Feature", "properties": { "codigo_indec": "940140402" }, "geometry": { "type": "Polygon", "coordinates": [ [ [ -68.279207999621761, -54.773083417987714 ], [ -68.27523339192814, -54.773542596835206 ], [ -68.273857795577783, -54.774863915057118 ], [ -68.269174738675176, -54.775601630989719 ], [ -68.271398552900465, -54.777676697006008 ], [ -68.271385254483263, -54.778848950779015 ], [ -68.270943435581174, -54.779219107776065 ], [ -68.269932608265492, -54.779037853333961 ], [ -68.269569246953054, -54.78109061866806 ], [ -68.268292211659869, -54.782093556228361 ], [ -68.269083298099574, -54.783043826607695 ], [ -68.266521213286808, -54.785480832283071 ], [ -68.266172592399428, -54.787565116946261 ], [ -68.264528336908526, -54.78822891628522 ], [ -68.26820424068768, -54.789118037332905 ], [ -68.276934507087915, -54.789686917318328 ], [ -68.279915678358165, -54.790982529916008 ], [ -68.279507503687938, -54.790113211305012 ], [ -68.279747499898562, -54.788636870416767 ], [ -68.281654271939729, -54.783673626005537 ], [ -68.281474849174742, -54.780642916340227 ], [ -68.280658355419973, -54.779140097895244 ], [ -68.280257910740119, -54.776528047042682 ], [ -68.280619111777654, -54.776534680958648 ], [ -68.279150924898403, -54.775856703603999 ], [ -68.279207999621761, -54.773083417987714 ] ] ] } },
{ "type": "Feature", "properties": { "codigo_indec": "940140415" }, "geometry": { "type": "Polygon", "coordinates": [ [ [ -68.270783187262282, -54.791150332188629 ], [ -68.26395595988312, -54.789572954042953 ], [ -68.26257400904899, -54.790979447255538 ], [ -68.270807640892258, -54.792599049148095 ], [ -68.27126891803151, -54.792235747398209 ], [ -68.270563386121552, -54.791485887920317 ], [ -68.270783187262282, -54.791150332188629 ] ] ] } },
{ "type": "Feature", "properties": { "codigo_indec": "940140603" }, "geometry": { "type": "Polygon", "coordinates": [ [ [ -68.330754672005526, -54.809374968362697 ], [ -68.331832349759011, -54.810986673041882 ], [ -68.332977485778301, -54.811105262783911 ], [ -68.336208176389022, -54.812802852305424 ], [ -68.337451009185642, -54.812183056849065 ], [ -68.337600028550327, -54.81139333905508 ], [ -68.331816054967632, -54.808204001563915 ], [ -68.330754672005526, -54.809374968362697 ] ] ] } },
{ "type": "Feature", "properties": { "codigo_indec": "940140601" }, "geometry": { "type": "MultiPolygon", "coordinates": [ [ [ [ -68.325847736806693, -54.806567475517959 ], [ -68.331692237737684, -54.808167386603238 ], [ -68.331767699695689, -54.808071231426197 ], [ -68.325847736806693, -54.806567475517959 ] ] ], [ [ [ -68.323913805437073, -54.79734655818114 ], [ -68.337172233399556, -54.800707594209612 ], [ -68.33904696840402, -54.801838488109851 ], [ -68.338388189940432, -54.803137480215462 ], [ -68.337614604119807, -54.803371318682544 ], [ -68.338310181669598, -54.803866949680561 ], [ -68.337182910881438, -54.804806293020135 ], [ -68.336893327661528, -54.806583408084407 ], [ -68.333691558400318, -54.805519316638694 ], [ -68.332730196018957, -54.806762716481771 ], [ -68.333057098523355, -54.80698011288564 ], [ -68.343764324069951, -54.808448856303279 ], [ -68.348467298062147, -54.806623631153229 ], [ -68.349688310143321, -54.805644261264781 ], [ -68.351288519100748, -54.805502354267638 ], [ -68.354456683484287, -54.802361613008514 ], [ -68.355855828512489, -54.801897423099597 ], [ -68.358599760169739, -54.799731256492528 ], [ -68.367639257819661, -54.799143124477567 ], [ -68.362441385825576, -54.79868473039884 ], [ -68.361340952554642, -54.798952935427138 ], [ -68.357952504968623, -54.79813778729536 ], [ -68.355568422969014, -54.796993252932161 ], [ -68.349403608587821, -54.79650221068804 ], [ -68.342092195452182, -54.797212901780028 ], [ -68.339986252065984, -54.796920737751819 ], [ -68.338815785975171, -54.79599582095441 ], [ -68.333871773020036, -54.795744200495783 ], [ -68.332237318248701, -54.796096797112739 ], [ -68.330050851644003, -54.795745625465393 ], [ -68.326765976546454, -54.796937951459746 ], [ -68.323913805437073, -54.79734655818114 ] ] ] ] } },
{ "type": "Feature", "properties": { "codigo_indec": "940140708" }, "geometry": { "type": "Polygon", "coordinates": [ [ [ -68.341351035755125, -54.824623689032244 ], [ -68.338876682488092, -54.825843195573356 ], [ -68.335305831239225, -54.825603606534557 ], [ -68.335080744417326, -54.826518669380114 ], [ -68.334522528192778, -54.826401073837985 ], [ -68.332912077209386, -54.827818332393861 ], [ -68.334369667465396, -54.828363084068883 ], [ -68.335584379682686, -54.827354626604112 ], [ -68.337649293168184, -54.828109276619514 ], [ -68.339163097681606, -54.828074855444889 ], [ -68.339467176959374, -54.829226370357475 ], [ -68.345329612726033, -54.828990871716968 ], [ -68.35025745085548, -54.827115135612893 ], [ -68.341351035755125, -54.824623689032244 ] ] ] } },
{ "type": "Feature", "properties": { "codigo_indec": "940140805" }, "geometry": { "type": "Polygon", "coordinates": [ [ [ -68.336208176389022, -54.812802852305424 ], [ -68.33399707639947, -54.813419572082019 ], [ -68.331169017823953, -54.815598195142108 ], [ -68.335256585102385, -54.815339920332057 ], [ -68.334752107753545, -54.816457823770222 ], [ -68.335679312440575, -54.816595405358747 ], [ -68.335182792696244, -54.817702124790927 ], [ -68.336649238570359, -54.817923500634116 ], [ -68.338501368992823, -54.813821501436173 ], [ -68.335011670365191, -54.813440855499032 ], [ -68.336208176389022, -54.812802852305424 ] ] ] } },
{ "type": "Feature", "properties": { "codigo_indec": "940071109" }, "geometry": { "type": "Polygon", "coordinates": [ [ [ -67.708205628410468, -53.790006098022999 ], [ -67.70465810528637, -53.787559756764772 ], [ -67.7015596530115, -53.789132371288808 ], [ -67.702748233826924, -53.78995391674114 ], [ -67.701364795313026, -53.790651028760429 ], [ -67.70253866066453, -53.791458938522766 ], [ -67.703918314330792, -53.790761772099444 ], [ -67.705106987168023, -53.791583294485562 ], [ -67.708205628410468, -53.790006098022999 ] ] ] } },
{ "type": "Feature", "properties": { "codigo_indec": "940071002" }, "geometry": { "type": "Polygon", "coordinates": [ [ [ -67.739523951726952, -53.766649648340305 ], [ -67.739877612699019, -53.753193332709415 ], [ -67.741657559676852, -53.751340835154579 ], [ -67.745926969048568, -53.749119030939255 ], [ -67.750221995223441, -53.747551026903665 ], [ -67.749630824708888, -53.74703943506767 ], [ -67.752702348166267, -53.746721012673653 ], [ -67.763897976950332, -53.743204686377247 ], [ -67.765032006663503, -53.743299492183475 ], [ -67.772152392940484, -53.740564740181256 ], [ -67.772275934531962, -53.739966235019999 ], [ -67.78107731825115, -53.736059856698041 ], [ -67.792026001511744, -53.729874259660733 ], [ -67.792692303133904, -53.730285314527002 ], [ -67.79580497173265, -53.727809730315109 ], [ -67.796971792657502, -53.728203327231647 ], [ -67.800336564957249, -53.725905371081474 ], [ -67.800143200411412, -53.724847659208535 ], [ -67.80157348737157, -53.72330077307943 ], [ -67.80097010787496, -53.722942062364467 ], [ -67.803918850875434, -53.72100150193522 ], [ -67.799696074844618, -53.719135249647977 ], [ -67.796498020381051, -53.718397818909651 ], [ -67.793417979719493, -53.721082659158995 ], [ -67.792576095007533, -53.720856283554056 ], [ -67.790968318838011, -53.722904452080904 ], [ -67.786303944548862, -53.726390779338544 ], [ -67.77699819653067, -53.731707580249896 ], [ -67.763280777829962, -53.737768926868966 ], [ -67.74506224595136, -53.743417759980311 ], [ -67.748589818287869, -53.746107571663167 ], [ -67.73293697394692, -53.751073745132793 ], [ -67.729990506881506, -53.75301035254018 ], [ -67.73066401046141, -53.753048936014657 ], [ -67.728615762885013, -53.754855746338222 ], [ -67.733035610417403, -53.756612011166538 ], [ -67.728794644991169, -53.760228637455519 ], [ -67.730345346594206, -53.761226722176062 ], [ -67.729067401792094, -53.761866862812418 ], [ -67.730189102422187, -53.762635766024914 ], [ -67.732136976454782, -53.761654519394604 ], [ -67.73321392514417, -53.762400457365835 ], [ -67.73194343213396, -53.76304519993289 ], [ -67.73307645168326, -53.763818687973767 ], [ -67.730096618693395, -53.765323649479583 ], [ -67.735398083571738, -53.768944625453884 ], [ -67.739523951726952, -53.766649648340305 ] ] ] } },
{ "type": "Feature", "properties": { "codigo_indec": "940070401" }, "geometry": { "type": "Polygon", "coordinates": [ [ [ -67.672687685259362, -53.798122819779131 ], [ -67.672587989560085, -53.7961134893931 ], [ -67.673415105587551, -53.791665904897343 ], [ -67.677409236390005, -53.788070957416814 ], [ -67.678403583294568, -53.788297570419715 ], [ -67.677378160881048, -53.787129397826135 ], [ -67.674279518387635, -53.78675148573685 ], [ -67.674647676968803, -53.787105985253838 ], [ -67.673219157688791, -53.789219717897389 ], [ -67.667765926913788, -53.793589036980215 ], [ -67.652181671226074, -53.801593812754717 ], [ -67.648192070927735, -53.804350095052477 ], [ -67.636338319382958, -53.809912618626115 ], [ -67.617497169070717, -53.816849273825653 ], [ -67.602199610108485, -53.824015282136493 ], [ -67.599342257096197, -53.824878243035002 ], [ -67.592867129792111, -53.828210169958503 ], [ -67.583977459031232, -53.831493055477061 ], [ -67.574814189007029, -53.833397269459823 ], [ -67.566980374837001, -53.834157556772922 ], [ -67.553178468625575, -53.837055918486321 ], [ -67.546981526265824, -53.840089981079004 ], [ -67.543266525712653, -53.842506938317548 ], [ -67.542056502023783, -53.844098386690874 ], [ -67.543048258424122, -53.844964051453296 ], [ -67.543656588955557, -53.847902935260443 ], [ -67.545000959854761, -53.848134896911361 ], [ -67.547171618293262, -53.847763596616396 ], [ -67.549192397719494, -53.846891753768162 ], [ -67.55062649216751, -53.845406274768763 ], [ -67.5520343682891, -53.845117770446826 ], [ -67.558856320173419, -53.846457870056163 ], [ -67.565987447938483, -53.845878397843457 ], [ -67.568348262922612, -53.847049985442631 ], [ -67.574893555268162, -53.853426669973707 ], [ -67.576433024001958, -53.856428092007114 ], [ -67.579569028723853, -53.866598507489087 ], [ -67.579167582386546, -53.87530281174697 ], [ -67.568846325974832, -53.895684739960579 ], [ -67.563756086842773, -53.902603304108709 ], [ -67.556880319500095, -53.910169612375142 ], [ -67.539674645219449, -53.924711000513312 ], [ -67.514373422185201, -53.937557436616984 ], [ -67.507011896571996, -53.939011626637253 ], [ -67.504553675299348, -53.940041313662988 ], [ -67.494360603225289, -53.940594600375384 ], [ -67.487527928611286, -53.943393050852599 ], [ -67.486114988869446, -53.945399203208588 ], [ -67.481810442834188, -53.949010899466508 ], [ -67.475681360317623, -53.952922776736941 ], [ -67.468209139479953, -53.958946758328729 ], [ -67.465919118998244, -53.962805953553598 ], [ -67.460913614324113, -53.967973659295779 ], [ -67.450963195403489, -53.975752899213589 ], [ -67.448604731193399, -53.97810359159525 ], [ -67.443567341849686, -53.98033869760085 ], [ -67.439958244031956, -53.984317339179128 ], [ -67.437845493047789, -53.984961546754676 ], [ -67.435883145247715, -53.986472517666236 ], [ -67.433066506717154, -53.987585948853557 ], [ -67.427835662520295, -53.988427393546793 ], [ -67.425395612308492, -53.989653397762147 ], [ -67.421603778083806, -53.990735809368267 ], [ -67.402390010628494, -53.993957003254664 ], [ -67.398628103959581, -53.995425465645646 ], [ -67.389825472196947, -53.996702827975092 ], [ -67.375947493538121, -54.000236048150185 ], [ -67.374171232834101, -54.00120042893731 ], [ -67.366806289626027, -54.003104320743013 ], [ -67.345778755250421, -54.013725081157951 ], [ -67.338529022075264, -54.014945948715919 ], [ -67.334804618692033, -54.016134403342775 ], [ -67.33409006355005, -54.016834354058702 ], [ -67.334071042602233, -54.017310320346219 ], [ -67.334713134800708, -54.017660665701165 ], [ -67.336412841899957, -54.017890867795593 ], [ -67.340333185176505, -54.01676572043457 ], [ -67.342453500496291, -54.017929392562792 ], [ -67.344364005063227, -54.020920922339513 ], [ -67.344335379649067, -54.025098761129058 ], [ -67.341762766339713, -54.028772043373159 ], [ -67.342101387296324, -54.030234601721169 ], [ -67.341523762038321, -54.03142169796407 ], [ -67.337682655702793, -54.034639347759231 ], [ -67.333486543904868, -54.039179555702646 ], [ -67.331131008975362, -54.040818174465187 ], [ -67.313675931978864, -54.049625225942592 ], [ -67.306082580501752, -54.052733043534992 ], [ -67.294631387027536, -54.05529378356281 ], [ -67.292223426300964, -54.05517200154884 ], [ -67.291660938123272, -54.055853647227686 ], [ -67.289217247255266, -54.056600642807155 ], [ -67.287172594214979, -54.056555812057013 ], [ -67.284631923115754, -54.058170679461433 ], [ -67.284958480720277, -54.058770625535878 ], [ -67.284169193528811, -54.063097107429641 ], [ -67.275268875519188, -54.067033478244973 ], [ -67.270480225728065, -54.070513977274757 ], [ -67.268162306225264, -54.071145548797332 ], [ -67.263310313140195, -54.073555581477066 ], [ -67.250304178032252, -54.080914903401222 ], [ -67.245959958361453, -54.082828443919098 ], [ -67.24101048313068, -54.084589212290673 ], [ -67.233789340014624, -54.085849198980249 ], [ -67.187430890749496, -54.103472190854163 ], [ -67.178270737595028, -54.106296834283562 ], [ -67.166359073025376, -54.111147819466353 ], [ -67.157970282450151, -54.111336428474281 ], [ -67.157665876182904, -54.112338155541799 ], [ -67.159477714113763, -54.114504456586204 ], [ -67.163966799914988, -54.115795078559472 ], [ -67.162955780307087, -54.119634464857334 ], [ -67.162108816059316, -54.119763054867633 ], [ -67.161539333504649, -54.122261334068241 ], [ -67.161963281543194, -54.122359912456652 ], [ -67.158923112483876, -54.122616701904484 ], [ -67.157280683154966, -54.122054673640157 ], [ -67.156419550965481, -54.121122707107965 ], [ -67.156726886453157, -54.120401828519697 ], [ -67.157505618415371, -54.120088026819722 ], [ -67.16051486798483, -54.119489349345805 ], [ -67.161625218200385, -54.118248335314455 ], [ -67.15834715088674, -54.117668059536719 ], [ -67.160551399176512, -54.116937999908409 ], [ -67.160766328401408, -54.116229177045753 ], [ -67.160282133475576, -54.115765756184018 ], [ -67.156793876291545, -54.115790996899719 ], [ -67.148580825222624, -54.119906115281104 ], [ -67.141210071261781, -54.124646963748695 ], [ -67.134943564057721, -54.125203710613398 ], [ -67.12854920004834, -54.128932317634657 ], [ -67.124168316553039, -54.130402901626603 ], [ -67.104478426522491, -54.130712149382468 ], [ -67.102395565421105, -54.131258900621702 ], [ -67.100121182372803, -54.204732138072771 ], [ -67.254057072977403, -54.205453355433583 ], [ -67.251815590799708, -54.295138777711351 ], [ -67.411252307851626, -54.296259781183466 ], [ -67.413080683249603, -54.210133105826564 ], [ -67.413959164665968, -54.115942037177732 ], [ -67.701510362995279, -54.116387190002087 ], [ -67.70152276343515, -54.099354238127063 ], [ -67.817348775870599, -54.100305794768019 ], [ -67.81786999780546, -54.06611479834249 ], [ -67.819028402580315, -54.056512417618173 ], [ -67.818811554822886, -54.010316862922188 ], [ -68.123877515890413, -54.012141170140097 ], [ -68.127526484924601, -54.010350567301636 ], [ -68.121664470867259, -53.939371549134933 ], [ -68.111614037510549, -53.932381625200243 ], [ -68.107097916159361, -53.912671484870756 ], [ -68.091121709225561, -53.893784596456477 ], [ -68.060763303100387, -53.840863537232913 ], [ -68.056213108378913, -53.839010628512206 ], [ -68.0531293156169, -53.838332676701491 ], [ -68.048399776597762, -53.839056731328348 ], [ -68.045700239064558, -53.838855590924034 ], [ -68.042325958403339, -53.836935127166413 ], [ -68.03405084130091, -53.836105066474637 ], [ -68.023868088922129, -53.833872996729148 ], [ -68.016013882025661, -53.833757170934781 ], [ -68.012131438159145, -53.835594139568585 ], [ -68.011802520403336, -53.836660642626256 ], [ -68.01060855821251, -53.837529083447194 ], [ -68.007923496225033, -53.838012315530094 ], [ -68.006040355426094, -53.837987744168721 ], [ -68.004242441116375, -53.83709230778161 ], [ -68.003413624946205, -53.83473136101567 ], [ -68.00236653880286, -53.834048784663075 ], [ -68.000251123684933, -53.834217613414857 ], [ -67.991699930246057, -53.836715756640515 ], [ -67.990473176084834, -53.836561680477132 ], [ -67.987147362439089, -53.832744226954311 ], [ -67.985555412286644, -53.831994006032886 ], [ -67.982446776458417, -53.83193847785369 ], [ -67.98143098582959, -53.83295639441873 ], [ -67.979372360758703, -53.83328706735513 ], [ -67.978449515024238, -53.835006579819535 ], [ -67.976417417669481, -53.83502295314927 ], [ -67.97291716813298, -53.831408019200765 ], [ -67.969621221188703, -53.8295490586708 ], [ -67.967900931129705, -53.826623123475564 ], [ -67.965134396748567, -53.824874163759468 ], [ -67.95905389980804, -53.823884863565354 ], [ -67.955714080621505, -53.82444884748152 ], [ -67.95258907530399, -53.823855544330669 ], [ -67.946200440824398, -53.818067128156095 ], [ -67.943064891448643, -53.816559251304952 ], [ -67.938036666262263, -53.815454600481431 ], [ -67.93444286681283, -53.814074967161844 ], [ -67.930417940066548, -53.813686478207337 ], [ -67.925939209282006, -53.81486842600679 ], [ -67.91728556238499, -53.814694032628331 ], [ -67.916041197583894, -53.814080792492057 ], [ -67.915225492563138, -53.812743624618498 ], [ -67.915117898144473, -53.810002198208906 ], [ -67.914191016978478, -53.809299711855751 ], [ -67.912470082641931, -53.808924715426343 ], [ -67.911311482134863, -53.809111876176708 ], [ -67.910419810787872, -53.81012808018415 ], [ -67.910034189136809, -53.812703299186531 ], [ -67.90907149044989, -53.814257953200006 ], [ -67.907232804604718, -53.814755612035079 ], [ -67.902423879114195, -53.814017603577049 ], [ -67.899763234842396, -53.814157204727287 ], [ -67.898672723559585, -53.815214177302082 ], [ -67.898588947715183, -53.816237709571681 ], [ -67.894323140409398, -53.816784740038365 ], [ -67.890151467107444, -53.819367616565046 ], [ -67.890070049293911, -53.821873706630726 ], [ -67.88775188337145, -53.82282262480534 ], [ -67.884959838653316, -53.825600054981216 ], [ -67.883162372523557, -53.826374022196028 ], [ -67.880729382968994, -53.826629883808131 ], [ -67.879060592694742, -53.825850567609159 ], [ -67.878830708123559, -53.824222115053516 ], [ -67.879252653401508, -53.822637940277922 ], [ -67.878585519815786, -53.821461394560728 ], [ -67.87776594698758, -53.821444744476764 ], [ -67.867814150594825, -53.825160914649338 ], [ -67.859938320149411, -53.826472275818659 ], [ -67.856227065183703, -53.828905609440959 ], [ -67.850372383023995, -53.829723447830311 ], [ -67.846028615954921, -53.829717681783848 ], [ -67.842014601366245, -53.830559544518749 ], [ -67.831527190012395, -53.830132139899803 ], [ -67.828495679292487, -53.830452993983506 ], [ -67.826216132174864, -53.831583056084547 ], [ -67.821346112422589, -53.832460776596818 ], [ -67.813296869932216, -53.83026766313364 ], [ -67.805381375672837, -53.830609154856745 ], [ -67.803280864149968, -53.831830418372299 ], [ -67.801128738835558, -53.834987433248862 ], [ -67.799199194904418, -53.836459672779341 ], [ -67.796700583216918, -53.837243302484033 ], [ -67.793455009293325, -53.836527832271628 ], [ -67.79244859091088, -53.83520811724869 ], [ -67.791804922264461, -53.833162001419154 ], [ -67.791764947328701, -53.830329020750042 ], [ -67.788236724928993, -53.826798194349912 ], [ -67.785695077567922, -53.825406742614383 ], [ -67.78338772811307, -53.822355350347877 ], [ -67.781173708275787, -53.821724126022929 ], [ -67.779964915235567, -53.821907265274653 ], [ -67.779827999859236, -53.822438246038317 ], [ -67.780121658205076, -53.824352835036201 ], [ -67.779475054604177, -53.82635220378743 ], [ -67.78133586302296, -53.830133673645726 ], [ -67.78090935550351, -53.832267815683949 ], [ -67.778339178153331, -53.834463257830585 ], [ -67.775574221169435, -53.83512468259552 ], [ -67.771658723367239, -53.834869010638762 ], [ -67.767029138527107, -53.833197443102414 ], [ -67.762021951668487, -53.829405780979741 ], [ -67.760315392875157, -53.824446286471172 ], [ -67.759332625766817, -53.823270292748411 ], [ -67.756843115883498, -53.822337009188196 ], [ -67.753024865843102, -53.822429907765979 ], [ -67.748209524661533, -53.821456517719675 ], [ -67.742002747812393, -53.819289033828795 ], [ -67.739816880538001, -53.817745334032146 ], [ -67.736777517713676, -53.813789049888584 ], [ -67.734016713819841, -53.811691082351338 ], [ -67.692171664795268, -53.824944661105405 ], [ -67.651781953237958, -53.822565634310166 ], [ -67.652085473887581, -53.819970035087039 ], [ -67.649399751766637, -53.819787071698769 ], [ -67.647740248749571, -53.818741797022504 ], [ -67.650036404081902, -53.817460294589701 ], [ -67.652491747203626, -53.816773570336863 ], [ -67.648626242623649, -53.811853276194284 ], [ -67.659933831323897, -53.807673927039062 ], [ -67.654671071849933, -53.801235395921886 ], [ -67.672687685259362, -53.798122819779131 ] ] ] } },
{ "type": "Feature", "properties": { "codigo_indec": "940070501" }, "geometry": { "type": "Polygon", "coordinates": [ [ [ -67.102395565421105, -54.131258900621702 ], [ -67.093821713432121, -54.132215164347642 ], [ -67.090143955177396, -54.132004099773965 ], [ -67.089331558221303, -54.131038721785217 ], [ -67.089397172332085, -54.129280814799387 ], [ -67.088193106603285, -54.129180821501556 ], [ -67.087565850797006, -54.129512311460587 ], [ -67.087452692052182, -54.130307993394872 ], [ -67.084848106791668, -54.130385633020502 ], [ -67.081456631458494, -54.131598597588727 ], [ -67.081829867977063, -54.133785825365969 ], [ -67.078502666060075, -54.135502932429475 ], [ -67.073944651712083, -54.135872620317883 ], [ -67.073440619438756, -54.137830176307716 ], [ -67.072273180060577, -54.138584253827013 ], [ -67.0491083409472, -54.145006459509418 ], [ -67.036806132391888, -54.150350642014637 ], [ -67.028462920401751, -54.151973241326658 ], [ -67.026738117667179, -54.154200405615995 ], [ -67.017230018793185, -54.156787075859093 ], [ -67.01266192850953, -54.157545178840152 ], [ -67.010076230291645, -54.159742170642616 ], [ -67.007065635235378, -54.161136833053078 ], [ -67.002336916653931, -54.160845044584811 ], [ -67.001027221676921, -54.162285742483249 ], [ -67.000859912967371, -54.164405858057513 ], [ -66.999809958542599, -54.165617225477128 ], [ -66.989188077924339, -54.168659448155069 ], [ -66.986987946380978, -54.170130051190753 ], [ -66.975377783723815, -54.174547344899217 ], [ -66.965561626018825, -54.177005744841118 ], [ -66.962930229640023, -54.178497832949532 ], [ -66.960693819527165, -54.178808177406204 ], [ -66.953807453200568, -54.182701284164374 ], [ -66.951923256322843, -54.183008466719635 ], [ -66.951291603583854, -54.184938665654983 ], [ -66.948714198678147, -54.187098567725165 ], [ -66.94829906304102, -54.188365240030443 ], [ -66.950191633657155, -54.190448490411342 ], [ -66.950146062579464, -54.191678775593601 ], [ -66.946689847807505, -54.194863786118361 ], [ -66.94061383910018, -54.198174661899408 ], [ -66.934034977682344, -54.20010177570208 ], [ -66.931342283134725, -54.200313898451761 ], [ -66.925407561743242, -54.202828951054606 ], [ -66.920894722536943, -54.205401966462361 ], [ -66.913549494518207, -54.210630537042505 ], [ -66.907582722785932, -54.212818434576917 ], [ -66.904040293285277, -54.21518303822667 ], [ -66.897546292087085, -54.218143045483139 ], [ -66.889303086772031, -54.22073060811357 ], [ -66.872849579939398, -54.223415538631592 ], [ -66.861488309689861, -54.223672671516162 ], [ -66.855572229663537, -54.226566571597502 ], [ -66.845171593446196, -54.227794030566002 ], [ -66.841825172335433, -54.228659684603969 ], [ -66.838137690724054, -54.23032562037028 ], [ -66.834028577022806, -54.230811192104305 ], [ -66.821670222069869, -54.234009799106289 ], [ -66.813765044532417, -54.236942079229685 ], [ -66.795763071302673, -54.241691199899066 ], [ -66.787554929025049, -54.244344413632099 ], [ -66.782500195669911, -54.245329822801956 ], [ -66.775866899476725, -54.245135673486807 ], [ -66.77243155285548, -54.248450986366912 ], [ -66.770704930862365, -54.248670665280997 ], [ -66.768537722679184, -54.247884703153609 ], [ -66.766807272987663, -54.248104255292233 ], [ -66.766718787322048, -54.248605837579973 ], [ -66.762990067073702, -54.251439186935649 ], [ -66.761716304494698, -54.251440245226291 ], [ -66.756422181385616, -54.253132275702612 ], [ -66.755092079769611, -54.253251281630639 ], [ -66.753703116195084, -54.252335770553806 ], [ -66.751430457006478, -54.252643842700948 ], [ -66.745050815753444, -54.256709925283552 ], [ -66.744929841102689, -54.257590550080259 ], [ -66.746321267124301, -54.258530919747848 ], [ -66.746309924542615, -54.259512443227919 ], [ -66.745093544772317, -54.260496136800896 ], [ -66.74379879031838, -54.26087627978206 ], [ -66.741755851537903, -54.260622347336174 ], [ -66.740836951457865, -54.259391994714193 ], [ -66.738743192076811, -54.259226919079602 ], [ -66.733679504607935, -54.260389859058762 ], [ -66.733332378306429, -54.260841624739115 ], [ -66.73466221950504, -54.26143275810562 ], [ -66.739214417781625, -54.261554187152768 ], [ -66.742496779605858, -54.262792903378475 ], [ -66.743242816029635, -54.265152258020628 ], [ -66.742989989865379, -54.266969462488383 ], [ -66.739519393270925, -54.270355095287741 ], [ -66.737836434779467, -54.272769995453018 ], [ -66.73384794251632, -54.276622014787449 ], [ -66.731400318172362, -54.278130575026175 ], [ -66.72702404166661, -54.279243287620659 ], [ -66.719413813523062, -54.279681394291586 ], [ -66.717633558827714, -54.28049464467184 ], [ -66.703940815977347, -54.283431434357318 ], [ -66.699425390643228, -54.281988423985347 ], [ -66.691907254212694, -54.282206395478291 ], [ -66.691681501681288, -54.283702770693409 ], [ -66.692585609653818, -54.2849062607416 ], [ -66.694366981034804, -54.286009705039518 ], [ -66.69953272753817, -54.288327988645925 ], [ -66.703733900227192, -54.289082051769967 ], [ -66.704352890959683, -54.291484165279428 ], [ -66.703560200292188, -54.296618148135252 ], [ -66.703133048600122, -54.297391808261459 ], [ -66.701131967413275, -54.298288230755915 ], [ -66.70070491874678, -54.298989995211379 ], [ -66.700803142096149, -54.300328562262116 ], [ -66.699441088826674, -54.304914734959517 ], [ -66.698142268214056, -54.306642250038358 ], [ -66.691173433879456, -54.312269151969502 ], [ -66.684968141951103, -54.318566316267201 ], [ -66.683087963093712, -54.321387814545133 ], [ -66.679322770717775, -54.324918879876719 ], [ -66.674438721241344, -54.330827576079535 ], [ -66.668069434424666, -54.336869128388827 ], [ -66.66463606912663, -54.339381740452637 ], [ -66.661445172253124, -54.34249204828793 ], [ -66.65336465345095, -54.348263774793445 ], [ -66.646280705875924, -54.351028313811831 ], [ -66.637867449382298, -54.355359234162989 ], [ -66.635733711300759, -54.355811680120652 ], [ -66.635350106319677, -54.356262460070816 ], [ -66.635843575899244, -54.357916612882356 ], [ -66.635096816679308, -54.359130845019934 ], [ -66.630793663751732, -54.362517354456493 ], [ -66.62767321807317, -54.364262273806538 ], [ -66.623354346991135, -54.367967229158339 ], [ -66.613288575851016, -54.374016242255152 ], [ -66.601718599254411, -54.379805403227543 ], [ -66.598244370161098, -54.382818602430085 ], [ -66.582478596590462, -54.389443478961546 ], [ -66.573331986058918, -54.391533453618678 ], [ -66.560227005240009, -54.399779315972935 ], [ -66.557937725022867, -54.400721518364158 ], [ -66.550586678656444, -54.402664142157938 ], [ -66.546078124178536, -54.402781500034308 ], [ -66.545467869178367, -54.40326334245654 ], [ -66.545833182530686, -54.403594279952337 ], [ -66.556960345413174, -54.403235890381595 ], [ -66.558576476758702, -54.404293032798996 ], [ -66.558722121017624, -54.407998350833374 ], [ -66.55965897150476, -54.410704208065056 ], [ -66.559253158572957, -54.412088885267764 ], [ -66.557304162204673, -54.41506887199747 ], [ -66.552158758379178, -54.420419358752604 ], [ -66.543763348295442, -54.426359565536337 ], [ -66.5354144064152, -54.430907270202148 ], [ -66.529874624922755, -54.435044619956933 ], [ -66.525281957375881, -54.437071367088251 ], [ -66.508937523483894, -54.442522540319985 ], [ -66.505522783038501, -54.444417829000031 ], [ -66.494186308330129, -54.449271695012712 ], [ -66.479389967256452, -54.451342943848864 ], [ -66.48555660961928, -54.452884609263116 ], [ -66.48588445020448, -54.45357440399421 ], [ -66.489220329608614, -54.454821022755219 ], [ -66.490494495056126, -54.455862970917906 ], [ -66.491200047938122, -54.458510651689238 ], [ -66.490255626424116, -54.461088107949045 ], [ -66.485443495263624, -54.466862901945426 ], [ -66.482377980735066, -54.469739858177718 ], [ -66.475730795954206, -54.471452343893809 ], [ -66.475428040599937, -54.472171672374266 ], [ -66.475749169571557, -54.472656911187919 ], [ -66.474386863814004, -54.473230528675536 ], [ -66.472121594869762, -54.473183147274455 ], [ -66.471576585681134, -54.475013963481572 ], [ -66.470756166272238, -54.475868475047825 ], [ -66.466214758198802, -54.478440039878386 ], [ -66.463151510879158, -54.479312592794791 ], [ -66.45426922893158, -54.480446762600145 ], [ -66.44409372055091, -54.480780091920394 ], [ -66.437977278099126, -54.48012033133444 ], [ -66.431019406985016, -54.480269129980648 ], [ -66.428328993336748, -54.480903852649746 ], [ -66.424383009672368, -54.480028974108954 ], [ -66.421442512104761, -54.482428563587973 ], [ -66.420883443488819, -54.483647787731776 ], [ -66.41198274819817, -54.486503896415662 ], [ -66.406550214339489, -54.487286062549494 ], [ -66.402637353010547, -54.487103154152727 ], [ -66.400660294518104, -54.486880902814477 ], [ -66.40029186184799, -54.486423645675053 ], [ -66.400722344661389, -54.485660060591897 ], [ -66.39951591664844, -54.485517273112599 ], [ -66.386096147874298, -54.487016012226007 ], [ -66.383090602843836, -54.487732786214572 ], [ -66.382176765232842, -54.488989091530875 ], [ -66.382539133421787, -54.490021418963572 ], [ -66.383829003667344, -54.491154711466031 ], [ -66.383117098564412, -54.492873714268228 ], [ -66.377889738564818, -54.496094427895805 ], [ -66.370895119437947, -54.499051817100558 ], [ -66.363554085741484, -54.501318266538682 ], [ -66.345328052079822, -54.503965720327841 ], [ -66.339335218928355, -54.504283252476839 ], [ -66.318992733125611, -54.507661991882117 ], [ -66.309622337732776, -54.508073824572229 ], [ -66.293138902605534, -54.511884591512406 ], [ -66.283551263714088, -54.5153742817877 ], [ -66.286858675831269, -54.514996990789022 ], [ -66.288790977884247, -54.515498684307907 ], [ -66.30115239363073, -54.514732899988807 ], [ -66.304163287947333, -54.513577897709965 ], [ -66.31077722691623, -54.514704813963128 ], [ -66.315020691973075, -54.513298375633461 ], [ -66.318954518374085, -54.513430644595388 ], [ -66.320695898731813, -54.512076317210166 ], [ -66.323810655457876, -54.514221271664084 ], [ -66.328761419942822, -54.515517049914941 ], [ -66.330718845524927, -54.514221276420237 ], [ -66.332767221975502, -54.51360148404347 ], [ -66.333699933959537, -54.51445783073175 ], [ -66.332658310634258, -54.516160296393863 ], [ -66.338928914598057, -54.517655521052596 ], [ -66.340583370297267, -54.516442786136537 ], [ -66.339855455817556, -54.514512598153956 ], [ -66.341361351195005, -54.513206716572107 ], [ -66.343353940098126, -54.513502162925761 ], [ -66.347948271299899, -54.517683025898314 ], [ -66.350751548376024, -54.517331119487707 ], [ -66.35650769462238, -54.514788118606539 ], [ -66.364068085381106, -54.513955733540612 ], [ -66.364814458976497, -54.515077367848399 ], [ -66.363789356529566, -54.518281218219066 ], [ -66.366355374683707, -54.520413074144706 ], [ -66.370685714643969, -54.522259746983941 ], [ -66.373834909065351, -54.521995707824466 ], [ -66.376234248759715, -54.520295426688229 ], [ -66.376333949900186, -54.518500268081652 ], [ -66.379796824587856, -54.518458564366732 ], [ -66.381569397200238, -54.519665237755852 ], [ -66.381995917381801, -54.521750381779562 ], [ -66.384444477073444, -54.521569741749623 ], [ -66.390338594004035, -54.519019145034875 ], [ -66.394479717148329, -54.518333396228797 ], [ -66.397273009357349, -54.519346156705851 ], [ -66.397484953792286, -54.522327519710522 ], [ -66.399510234139655, -54.525462485368827 ], [ -66.402439616115345, -54.526774602650441 ], [ -66.409055942393749, -54.526413357013155 ], [ -66.412181630712141, -54.527864239282415 ], [ -66.414124339173185, -54.532082296444393 ], [ -66.4175289505379, -54.533469353505623 ], [ -66.423046684361253, -54.533452303926722 ], [ -66.427101160992663, -54.534832718215945 ], [ -66.426713467336697, -54.537493450075509 ], [ -66.43021163400779, -54.537406103595927 ], [ -66.43279880750778, -54.538782080332567 ], [ -66.43297283099065, -54.540502189222281 ], [ -66.43514353618049, -54.541869268722515 ], [ -66.435778894435458, -54.543751927278677 ], [ -66.438384396262805, -54.54416661666982 ], [ -66.440065737358779, -54.545208708808786 ], [ -66.444863305423269, -54.546783966042945 ], [ -66.460085452914797, -54.547589958940975 ], [ -66.659616978553458, -54.548660129730507 ], [ -67.167497801543448, -54.549937294760184 ], [ -67.169939744208207, -54.484412683989724 ], [ -67.263581372242299, -54.485812313370474 ], [ -67.260465211956046, -54.549820812978062 ], [ -67.50414272938508, -54.549512786992842 ], [ -67.506393417555387, -54.433053318190417 ], [ -67.523804366011831, -54.433168515686013 ], [ -67.525518041906622, -54.343351477872375 ], [ -67.410213550267898, -54.342541025934374 ], [ -67.411252307851626, -54.296259781183466 ], [ -67.251815590799708, -54.295138777711351 ], [ -67.254057072977403, -54.205453355433583 ], [ -67.100121182372803, -54.204732138072771 ], [ -67.102395565421105, -54.131258900621702 ] ] ] } },
{ "type": "Feature", "properties": { "codigo_indec": "940071006" }, "geometry": { "type": "Polygon", "coordinates": [ [ [ -67.717342631265225, -53.765814584139058 ], [ -67.718585683183747, -53.769691578102105 ], [ -67.72105912201549, -53.771398251039777 ], [ -67.720667067650481, -53.770075468935147 ], [ -67.722192749990356, -53.769905295570631 ], [ -67.721233267950183, -53.766916422852134 ], [ -67.719700246554396, -53.767082012510699 ], [ -67.719221956429237, -53.765605552330342 ], [ -67.717342631265225, -53.765814584139058 ] ] ] } },
{ "type": "Feature", "properties": { "codigo_indec": "940071102" }, "geometry": { "type": "Polygon", "coordinates": [ [ [ -67.718864024455996, -53.769889984334682 ], [ -67.71266312025034, -53.765595945138237 ], [ -67.708770358033391, -53.76852822981958 ], [ -67.713582915446565, -53.771846146114761 ], [ -67.716868460140603, -53.770174142643612 ], [ -67.717492339530196, -53.770605376402152 ], [ -67.718864024455996, -53.769889984334682 ] ] ] } },
{ "type": "Feature", "properties": { "codigo_indec": "940071105" }, "geometry": { "type": "Polygon", "coordinates": [ [ [ -67.70928983993258, -53.773347726999177 ], [ -67.705821103813477, -53.770971891749312 ], [ -67.704219925620464, -53.772358557043447 ], [ -67.704279114320158, -53.773145415400691 ], [ -67.702869204097382, -53.773121182825506 ], [ -67.703304468501486, -53.772532858164794 ], [ -67.702118263862189, -53.771895539125182 ], [ -67.697597012077566, -53.778181182293537 ], [ -67.698918827819, -53.778606614562953 ], [ -67.70366811474922, -53.781897279081669 ], [ -67.702280889717855, -53.782603345565782 ], [ -67.704921379066818, -53.784431211242925 ], [ -67.71393249015243, -53.779885037795957 ], [ -67.708850582835623, -53.776415985737174 ], [ -67.710957708830549, -53.775349187800785 ], [ -67.708584877043151, -53.773706287874042 ], [ -67.70928983993258, -53.773347726999177 ] ] ] } },
{ "type": "Feature", "properties": { "codigo_indec": "940071108" }, "geometry": { "type": "Polygon", "coordinates": [ [ [ -67.70465810528637, -53.787559756764772 ], [ -67.702150824708895, -53.785834414205105 ], [ -67.693297913808536, -53.790334261572319 ], [ -67.694467751893953, -53.791144453675038 ], [ -67.696090935920068, -53.790427564690674 ], [ -67.697327772817687, -53.791281137500107 ], [ -67.698649786007081, -53.790610361054441 ], [ -67.699830904748765, -53.791427361659203 ], [ -67.702748233826924, -53.78995391674114 ], [ -67.7015596530115, -53.789132371288808 ], [ -67.70465810528637, -53.787559756764772 ] ] ] } },
{ "type": "Feature", "properties": { "codigo_indec": "940071208" }, "geometry": { "type": "Polygon", "coordinates": [ [ [ -67.735621441471679, -53.768830172243383 ], [ -67.736256529256394, -53.76927265745249 ], [ -67.738493905866704, -53.768125884512287 ], [ -67.738471501464417, -53.772413894129329 ], [ -67.739343388501496, -53.772423066005096 ], [ -67.739523951726952, -53.766649648340305 ], [ -67.735621441471679, -53.768830172243383 ] ] ] } },
{ "type": "Feature", "properties": { "codigo_indec": "940071213" }, "geometry": { "type": "Polygon", "coordinates": [ [ [ -67.711578674655115, -53.78404693098588 ], [ -67.710203091721681, -53.784746474707468 ], [ -67.70465810528637, -53.787559756764772 ], [ -67.707020592754972, -53.789189138121095 ], [ -67.713929861495615, -53.785676055298453 ], [ -67.711578674655115, -53.78404693098588 ] ] ] } },
{ "type": "Feature", "properties": { "codigo_indec": "940140416" }, "geometry": { "type": "Polygon", "coordinates": [ [ [ -68.228616806926937, -54.795087111083987 ], [ -68.230337256374142, -54.796187272471627 ], [ -68.23559995236117, -54.796824669154567 ], [ -68.235943954895362, -54.796103672020003 ], [ -68.238148439843712, -54.79504176978449 ], [ -68.23772092946929, -54.79441923064919 ], [ -68.23704857947456, -54.794415005391429 ], [ -68.237332221564813, -54.792974952622821 ], [ -68.231718231173261, -54.793876059515846 ], [ -68.228616806926937, -54.795087111083987 ] ] ] } },
{ "type": "Feature", "properties": { "codigo_indec": "940071309" }, "geometry": { "type": "Polygon", "coordinates": [ [ [ -67.761407039094465, -53.799276429687986 ], [ -67.756486498995926, -53.801813260914038 ], [ -67.760399287347525, -53.804497681353936 ], [ -67.765323440252004, -53.801969712714332 ], [ -67.761407039094465, -53.799276429687986 ] ] ] } },
{ "type": "Feature", "properties": { "codigo_indec": "940071405" }, "geometry": { "type": "Polygon", "coordinates": [ [ [ -67.682816744308184, -53.795639991892301 ], [ -67.6808793815119, -53.797649383059102 ], [ -67.681733513380038, -53.800055616138835 ], [ -67.685912901855474, -53.802309634348738 ], [ -67.688073125276091, -53.802398430522693 ], [ -67.68934533583375, -53.799447182582767 ], [ -67.68889598966463, -53.799498428794465 ], [ -67.688881376382596, -53.798628937919844 ], [ -67.686373467617329, -53.797044780726814 ], [ -67.685671914413888, -53.797396506828434 ], [ -67.684635879379428, -53.796675304637112 ], [ -67.684963546946278, -53.796510423363046 ], [ -67.682816744308184, -53.795639991892301 ] ] ] } },
{ "type": "Feature", "properties": { "codigo_indec": "940140611" }, "geometry": { "type": "Polygon", "coordinates": [ [ [ -68.320608945826777, -54.801565990895348 ], [ -68.326512616183791, -54.80282512005757 ], [ -68.327559271100128, -54.803709043832406 ], [ -68.333691558400318, -54.805519316638694 ], [ -68.334609596623892, -54.804542925371329 ], [ -68.332657786952268, -54.804078551384436 ], [ -68.333751181666329, -54.802840368270232 ], [ -68.333478391009891, -54.802407670909226 ], [ -68.332212216873927, -54.802335581584288 ], [ -68.332605232864125, -54.801841414698153 ], [ -68.33685894572362, -54.80179735665385 ], [ -68.338734674427158, -54.802631810910356 ], [ -68.33904696840402, -54.801838488109851 ], [ -68.337172233399556, -54.800707594209612 ], [ -68.327583333128828, -54.798278754101595 ], [ -68.322990033619106, -54.799358167451302 ], [ -68.320608945826777, -54.801565990895348 ] ] ] } },
{ "type": "Feature", "properties": { "codigo_indec": "940140612" }, "geometry": { "type": "Polygon", "coordinates": [ [ [ -68.333691558400318, -54.805519316638694 ], [ -68.336893327661528, -54.806583408084407 ], [ -68.337182910881438, -54.804806293020135 ], [ -68.338310181669598, -54.803866949680561 ], [ -68.337614604119807, -54.803371318682544 ], [ -68.338734674427158, -54.802631810910356 ], [ -68.33685894572362, -54.80179735665385 ], [ -68.332605232864125, -54.801841414698153 ], [ -68.332212216873927, -54.802335581584288 ], [ -68.333478391009891, -54.802407670909226 ], [ -68.333751181666329, -54.802840368270232 ], [ -68.332657786952268, -54.804078551384436 ], [ -68.334609596623892, -54.804542925371329 ], [ -68.333691558400318, -54.805519316638694 ] ] ] } },
{ "type": "Feature", "properties": { "codigo_indec": "940140701" }, "geometry": { "type": "Polygon", "coordinates": [ [ [ -68.370299510152208, -54.798806607696228 ], [ -68.358599760169739, -54.799731256492528 ], [ -68.355855828512489, -54.801897423099597 ], [ -68.354456683484287, -54.802361613008514 ], [ -68.351288519100748, -54.805502354267638 ], [ -68.349261748601336, -54.805817149527407 ], [ -68.348467298062147, -54.806623631153229 ], [ -68.344568094535163, -54.808035475481717 ], [ -68.344376566187947, -54.808818234771174 ], [ -68.342304161847963, -54.809056309634911 ], [ -68.341530463272051, -54.810008837180305 ], [ -68.337686375546951, -54.811344402043801 ], [ -68.340692020118013, -54.81087566666038 ], [ -68.343240334613782, -54.812227994313758 ], [ -68.343406821511778, -54.813711139984989 ], [ -68.34858650678747, -54.813231491266656 ], [ -68.35122337639109, -54.815150072489331 ], [ -68.374630389312046, -54.811616723539238 ], [ -68.369485460968349, -54.800158860555058 ], [ -68.370299510152208, -54.798806607696228 ] ] ] } },
{ "type": "Feature", "properties": { "codigo_indec": "940140712" }, "geometry": { "type": "Polygon", "coordinates": [ [ [ -68.34643157234612, -54.820496376665254 ], [ -68.342711098647996, -54.821832766083638 ], [ -68.347605859785659, -54.82413418679765 ], [ -68.347147073234069, -54.824363039999277 ], [ -68.347776929057702, -54.82582845475936 ], [ -68.347022808557711, -54.826037753900181 ], [ -68.351985576704735, -54.827297300152971 ], [ -68.356722417870088, -54.826392722449889 ], [ -68.360602297461682, -54.826781532921459 ], [ -68.352741114603333, -54.824080825236607 ], [ -68.353208349613013, -54.823564530989984 ], [ -68.349560479067605, -54.821106078941654 ], [ -68.34643157234612, -54.820496376665254 ] ] ] } },
{ "type": "Feature", "properties": { "codigo_indec": "940140803" }, "geometry": { "type": "Polygon", "coordinates": [ [ [ -68.318478827025444, -54.809868118751083 ], [ -68.317799910132877, -54.810699753794054 ], [ -68.315987225745175, -54.811430676282278 ], [ -68.318921468148744, -54.811754854920842 ], [ -68.318692148766246, -54.813597394077547 ], [ -68.3222520862914, -54.814187763847528 ], [ -68.323009677087569, -54.815858395933738 ], [ -68.330682493859243, -54.816799276430373 ], [ -68.331169017823953, -54.815598195142108 ], [ -68.326522331871203, -54.814865067551892 ], [ -68.327214858160815, -54.813909939495296 ], [ -68.324613746783825, -54.813417133158936 ], [ -68.322354552536197, -54.812247939804713 ], [ -68.320520363438746, -54.810321993174213 ], [ -68.318478827025444, -54.809868118751083 ] ] ] } },
{ "type": "Feature", "properties": { "codigo_indec": "940140807" }, "geometry": { "type": "Polygon", "coordinates": [ [ [ -68.335182792696244, -54.817702124790927 ], [ -68.334339249375901, -54.819570520055436 ], [ -68.340616884200472, -54.820503110870483 ], [ -68.342887894209369, -54.819567687843978 ], [ -68.341502606224083, -54.818655114231653 ], [ -68.335182792696244, -54.817702124790927 ] ] ] } },
{ "type": "Feature", "properties": { "codigo_indec": "940071010" }, "geometry": { "type": "Polygon", "coordinates": [ [ [ -67.72676086851277, -53.763046421033351 ], [ -67.730096618693395, -53.765323649479583 ], [ -67.73307645168326, -53.763818687973767 ], [ -67.73194343213396, -53.76304519993289 ], [ -67.73321392514417, -53.762400457365835 ], [ -67.732136976454782, -53.761654519394604 ], [ -67.730189102422187, -53.762635766024914 ], [ -67.729067401792094, -53.761866862812418 ], [ -67.72676086851277, -53.763046421033351 ] ] ] } },
{ "type": "Feature", "properties": { "codigo_indec": "940140301" }, "geometry": { "type": "Polygon", "coordinates": [ [ [ -66.317977221761268, -54.513141603438854 ], [ -66.315020691973075, -54.513298375633461 ], [ -66.31077722691623, -54.514704813963128 ], [ -66.304163287947333, -54.513577897709965 ], [ -66.30115239363073, -54.514732899988807 ], [ -66.288790977884247, -54.515498684307907 ], [ -66.286858675831269, -54.514996990789022 ], [ -66.283551263714088, -54.5153742817877 ], [ -66.275583404384278, -54.519452444023898 ], [ -66.258573922467534, -54.524711577257825 ], [ -66.243945124647695, -54.530633778007868 ], [ -66.216468773648273, -54.537921676090527 ], [ -66.206538383966219, -54.539678725618082 ], [ -66.198946260470947, -54.542825990714455 ], [ -66.182980242471359, -54.547346189757917 ], [ -66.171260712544466, -54.549768655786387 ], [ -66.167062500800597, -54.548609874240974 ], [ -66.157487713334319, -54.552851718470457 ], [ -66.152324292727656, -54.556612644294688 ], [ -66.14404555443042, -54.55869111448488 ], [ -66.125331956766644, -54.561420098595832 ], [ -66.107169742121613, -54.564788511474603 ], [ -66.0783956690222, -54.572236902666866 ], [ -66.071452914158925, -54.573545123002397 ], [ -66.058702217240054, -54.577891091028448 ], [ -66.052526972714688, -54.576850985564967 ], [ -66.044751563626775, -54.578845148174643 ], [ -66.036174067085554, -54.582391958160763 ], [ -66.031882658982681, -54.586241166028586 ], [ -66.010004791070173, -54.590843072588825 ], [ -66.002612999598796, -54.591657714135337 ], [ -65.98961049018061, -54.594830910015773 ], [ -65.970425051327737, -54.601191389364757 ], [ -65.957980370847437, -54.604696522879905 ], [ -65.946619222552286, -54.608951257980387 ], [ -65.922288167538625, -54.610932084507418 ], [ -65.91745810326637, -54.611941546905626 ], [ -65.90467602407233, -54.615704565660558 ], [ -65.904159857814932, -54.616383411858983 ], [ -65.906378970564461, -54.616680602273917 ], [ -65.907432059613285, -54.618567983752499 ], [ -65.907210511922159, -54.620874407891584 ], [ -65.905968287254325, -54.622343592214811 ], [ -65.884741761560889, -54.629267705117343 ], [ -65.880220264828708, -54.631667777906806 ], [ -65.874397731465649, -54.633449880324761 ], [ -65.862895313419202, -54.638410071834848 ], [ -65.855301483146746, -54.639579107222239 ], [ -65.847286320970341, -54.638229082291979 ], [ -65.837906684110152, -54.641885070921035 ], [ -65.828358194343153, -54.642713724195012 ], [ -65.82390636698193, -54.646938122050649 ], [ -65.816702754728396, -54.649274451186393 ], [ -65.804026040798647, -54.651421005874482 ], [ -65.789652012241817, -54.65089673600567 ], [ -65.776548926830785, -54.649056405300044 ], [ -65.755778364780099, -54.649409142195786 ], [ -65.752685955968985, -54.651887811291679 ], [ -65.75157515703053, -54.655462234917074 ], [ -65.745364344140455, -54.656409892523904 ], [ -65.735937596841453, -54.655409990882511 ], [ -65.729798559798596, -54.655990273968243 ], [ -65.72408389155332, -54.657651331292925 ], [ -65.718147492028308, -54.660133027397599 ], [ -65.710774474527426, -54.661388959096882 ], [ -65.704824718522559, -54.660382214212312 ], [ -65.703120752926026, -54.658259519626029 ], [ -65.695606627386198, -54.65915115278824 ], [ -65.691235812145109, -54.662375376029892 ], [ -65.683339769699927, -54.663183911748597 ], [ -65.674027934083071, -54.661202603416783 ], [ -65.662211961619377, -54.661596363980053 ], [ -65.652152968207162, -54.660797188672483 ], [ -65.643018703705337, -54.658566698684226 ], [ -65.640260813869745, -54.65746547977092 ], [ -65.635287239559801, -54.658693540951681 ], [ -65.625147894940014, -54.658689842848567 ], [ -65.617890487836064, -54.657822079078137 ], [ -65.604343928786577, -54.657730346401785 ], [ -65.582535571172286, -54.65526475855313 ], [ -65.569389772515905, -54.651441124949841 ], [ -65.559409724228303, -54.653009426246662 ], [ -65.545570566145614, -54.658799377802794 ], [ -65.543868871904181, -54.660944041324093 ], [ -65.537378274272172, -54.663967480574804 ], [ -65.533152635414638, -54.663513912589941 ], [ -65.528728527573463, -54.665023047584945 ], [ -65.528148929697963, -54.669132274910986 ], [ -65.525780478668295, -54.673028363498055 ], [ -65.524035800101601, -54.67474906071692 ], [ -65.522395204698242, -54.674027771732689 ], [ -65.523139853155939, -54.672530058956767 ], [ -65.522382862031179, -54.670863358685217 ], [ -65.519849831315781, -54.670197283823555 ], [ -65.517158900802357, -54.670515380908554 ], [ -65.515310957978542, -54.667783515217295 ], [ -65.517535979979044, -54.658463228726525 ], [ -65.511498548485122, -54.656365708783952 ], [ -65.506858513613111, -54.657319498580158 ], [ -65.492913915263159, -54.65775210203828 ], [ -65.482362605988044, -54.656951431238888 ], [ -65.475375318339246, -54.655148061483587 ], [ -65.472181321486374, -54.651531297615904 ], [ -65.469896687400777, -54.649990466663411 ], [ -65.459721360956522, -54.64721217770748 ], [ -65.450911303394733, -54.644967469040147 ], [ -65.448641975259477, -54.644685136124046 ], [ -65.447405167541419, -54.645358959192336 ], [ -65.444115263495277, -54.645226348763067 ], [ -65.439023065735554, -54.644788916854736 ], [ -65.43490300091463, -54.64356191180552 ], [ -65.430219600775771, -54.643414813648931 ], [ -65.431751916961588, -54.646399461928524 ], [ -65.435848519767589, -54.64851580117427 ], [ -65.437688739051382, -54.650646480850646 ], [ -65.442640702049133, -54.651277594702677 ], [ -65.448021484095548, -54.653035736581522 ], [ -65.448098611355107, -54.654638053003715 ], [ -65.442680045670542, -54.660222879112041 ], [ -65.438390305395771, -54.662640598288711 ], [ -65.426961557738352, -54.663571130669204 ], [ -65.423804222558715, -54.661518229158716 ], [ -65.423676810799535, -54.658206463276159 ], [ -65.421528611379273, -54.656893458658281 ], [ -65.420481478126788, -54.655226460173083 ], [ -65.420400471657672, -54.653372299378532 ], [ -65.421313952350673, -54.652284668393818 ], [ -65.420979879853533, -54.646566676652569 ], [ -65.418605387052651, -54.644662617741325 ], [ -65.415313745823354, -54.6434954145547 ], [ -65.410487949924118, -54.644260227996668 ], [ -65.406355135238471, -54.64367009094115 ], [ -65.404795676648746, -54.642374255409756 ], [ -65.398329026585856, -54.641013295834625 ], [ -65.393524687546375, -54.643459059890688 ], [ -65.385598957339354, -54.643564104872105 ], [ -65.378572956862484, -54.642005581301774 ], [ -65.371870423287405, -54.642604789874483 ], [ -65.369046880854455, -54.643850492076702 ], [ -65.368734795031941, -54.64582776502575 ], [ -65.366337961309512, -54.647976159616512 ], [ -65.372243033839339, -54.655983067147673 ], [ -65.374997778876931, -54.656604992539371 ], [ -65.373214868139058, -54.657603308976022 ], [ -65.372816037180414, -54.658598154578314 ], [ -65.373709829296118, -54.660225040445994 ], [ -65.369507314799137, -54.664440850086379 ], [ -65.370621141369966, -54.66077966083234 ], [ -65.370623880885475, -54.65831667342087 ], [ -65.366582530374771, -54.655651399829537 ], [ -65.360325577157127, -54.6540160480601 ], [ -65.357925043550296, -54.652083010784267 ], [ -65.358737010182679, -54.651325378303653 ], [ -65.363557215665068, -54.65116472312485 ], [ -65.364460400374185, -54.649385011705093 ], [ -65.364458047206227, -54.645942025267232 ], [ -65.365963391489643, -54.644360186038661 ], [ -65.364380709466857, -54.642991197781249 ], [ -65.35072668705709, -54.640386651059259 ], [ -65.34337851959333, -54.639544474407316 ], [ -65.331132405330465, -54.63647681886728 ], [ -65.326270983746312, -54.637111346437514 ], [ -65.321535825459719, -54.636347160364679 ], [ -65.315992173223734, -54.634758097086525 ], [ -65.311498130573682, -54.632877163519773 ], [ -65.307878028540941, -54.633665662397561 ], [ -65.303045364615997, -54.631594277940401 ], [ -65.292563959517139, -54.628261922873818 ], [ -65.285917538575717, -54.628084960780001 ], [ -65.278321491066365, -54.631177610293726 ], [ -65.271618840377826, -54.627887714055404 ], [ -65.266348258264429, -54.626394638693071 ], [ -65.257999123528705, -54.624518435555558 ], [ -65.255595441053899, -54.624542920711797 ], [ -65.254355663187241, -54.623704441258369 ], [ -65.247334616269811, -54.622390018547378 ], [ -65.244391901284871, -54.620869290601107 ], [ -65.235022404490607, -54.619328351338027 ], [ -65.23417802784293, -54.619580741788759 ], [ -65.236256857082552, -54.621056861337813 ], [ -65.238097672337659, -54.623936934156632 ], [ -65.240896625128073, -54.626343333766144 ], [ -65.243445037259264, -54.627438365591409 ], [ -65.244454005797891, -54.631281358896643 ], [ -65.241027346314127, -54.634492124846787 ], [ -65.234773183661687, -54.636095538440564 ], [ -65.234493281288792, -54.636608231764853 ], [ -65.241243364485257, -54.639703909170109 ], [ -65.249225292891779, -54.640545016484495 ], [ -65.258236505222811, -54.640815126531905 ], [ -65.258882340766647, -54.641545289740094 ], [ -65.259693249459417, -54.641660264901581 ], [ -65.261824243406238, -54.641240699101743 ], [ -65.266740333197689, -54.644251245713562 ], [ -65.266443493997585, -54.644952267614968 ], [ -65.264262225298225, -54.645073705133441 ], [ -65.26310754982471, -54.643806453208008 ], [ -65.259968380765244, -54.642208153868246 ], [ -65.255210626169116, -54.642537403654202 ], [ -65.251921014001667, -54.643586197791528 ], [ -65.251210150922233, -54.641712286176123 ], [ -65.250449178146155, -54.641392038044614 ], [ -65.249725009848092, -54.641513422684802 ], [ -65.249673151346613, -54.643085016844509 ], [ -65.247496477061659, -54.646056038178209 ], [ -65.243298249248667, -54.646698845041918 ], [ -65.243556080585677, -54.647390072614286 ], [ -65.250788092653494, -54.649025826098594 ], [ -65.255259777073221, -54.651097122747316 ], [ -65.259876526808014, -54.651132073462286 ], [ -65.264590893417306, -54.650441698798851 ], [ -65.265555230702233, -54.651082769661905 ], [ -65.26471311315413, -54.651811902157881 ], [ -65.264647007164385, -54.654093236123146 ], [ -65.261314753190689, -54.652857601128026 ], [ -65.260641840571566, -54.655623603223617 ], [ -65.264277190871482, -54.656895581931749 ], [ -65.265111961353583, -54.660130664281652 ], [ -65.267544722913698, -54.664035330968943 ], [ -65.267502765790852, -54.665885903674095 ], [ -65.269262075298386, -54.666614386179269 ], [ -65.265972267154467, -54.666297152188065 ], [ -65.266176604148313, -54.665296617346961 ], [ -65.264550956843948, -54.664886852776569 ], [ -65.26246346880896, -54.663006474381163 ], [ -65.260457737203367, -54.662009571569044 ], [ -65.259648670353883, -54.659341596901179 ], [ -65.257736736437863, -54.65821269932448 ], [ -65.256860716461077, -54.658169866613932 ], [ -65.257822673030105, -54.659132305328242 ], [ -65.257776473925816, -54.659634298602498 ], [ -65.253546992112291, -54.663800474006919 ], [ -65.251985730986945, -54.662736283020159 ], [ -65.252511250083842, -54.661745715367594 ], [ -65.249372315938501, -54.660470795225919 ], [ -65.246138193679343, -54.660900884194419 ], [ -65.243102807028095, -54.660563942067846 ], [ -65.240752021164269, -54.658944684611605 ], [ -65.238520969921154, -54.660097944179562 ], [ -65.237123394107542, -54.659281364963988 ], [ -65.236417048579099, -54.657865980977689 ], [ -65.236106936095553, -54.654682947694283 ], [ -65.237201188724981, -54.653413473482019 ], [ -65.241833913972343, -54.651265099006594 ], [ -65.244078961352372, -54.649114359783148 ], [ -65.242133985643761, -54.647345902066661 ], [ -65.237507763262258, -54.647417848854623 ], [ -65.236888762624218, -54.646400729599158 ], [ -65.236569603509551, -54.642812872146102 ], [ -65.234500562034427, -54.640716788359818 ], [ -65.233172585610205, -54.640495642889519 ], [ -65.227391799069252, -54.643165240422356 ], [ -65.225831753685654, -54.64344020565084 ], [ -65.218546785718559, -54.641477636498273 ], [ -65.215182998036752, -54.641606160288731 ], [ -65.207102559934029, -54.64565019636516 ], [ -65.206921643665225, -54.646759267001393 ], [ -65.207378636271713, -54.647843390789433 ], [ -65.208731775538482, -54.649459035287592 ], [ -65.208278481338027, -54.651161890679369 ], [ -65.203839090057642, -54.654043252592388 ], [ -65.204102555080837, -54.651884960617409 ], [ -65.206088081334627, -54.64954695453757 ], [ -65.203427927566239, -54.647485718316204 ], [ -65.198188904101912, -54.647312177427388 ], [ -65.195179014235791, -54.648871680704652 ], [ -65.17652105866091, -54.648957600622268 ], [ -65.175554936507652, -54.649133827554756 ], [ -65.175187653104899, -54.65023697150832 ], [ -65.171016156862009, -54.649754386694283 ], [ -65.169757850293294, -54.650604558136919 ], [ -65.161728021591699, -54.649936485392658 ], [ -65.151508967202034, -54.652254860103767 ], [ -65.149979129102547, -54.651873545353624 ], [ -65.147455826373971, -54.652323620339175 ], [ -65.142466407337125, -54.652128647689125 ], [ -65.135562076623287, -54.6529960699052 ], [ -65.126166272012824, -54.653198978580299 ], [ -65.121528121800935, -54.653994317678297 ], [ -65.120730569740203, -54.654553103338003 ], [ -65.120472525975956, -54.655632637438359 ], [ -65.117251396320441, -54.656239511264971 ], [ -65.116056996886101, -54.656893411111845 ], [ -65.116040828474112, -54.657387351758089 ], [ -65.119372617768633, -54.660658819578714 ], [ -65.119811459923852, -54.662722652943245 ], [ -65.121733556089978, -54.66419574144124 ], [ -65.124817012837426, -54.665364377472393 ], [ -65.133679639826937, -54.665782788472427 ], [ -65.133977668419178, -54.666889105583508 ], [ -65.13334332424742, -54.669970420406578 ], [ -65.134442492574792, -54.670482019390555 ], [ -65.140955052057748, -54.671975500309877 ], [ -65.142897918709892, -54.673242122477895 ], [ -65.147651159784189, -54.675137626181176 ], [ -65.150478120441377, -54.675263559613505 ], [ -65.153423866183672, -54.676265235915636 ], [ -65.156558780892041, -54.676580615438361 ], [ -65.165781177632567, -54.680201746317657 ], [ -65.169542599443247, -54.661655430606153 ], [ -65.201173818915436, -54.66498117466579 ], [ -65.219208097102836, -54.673178427128903 ], [ -65.246570398393644, -54.681581641313556 ], [ -65.273218234119241, -54.68486836251553 ], [ -65.297811916111883, -54.679069827754788 ], [ -65.303658418952025, -54.664937233658755 ], [ -65.291168466859347, -54.652589906227362 ], [ -65.257376109849673, -54.633318062723156 ], [ -65.41221048173395, -54.67973763034734 ], [ -65.438200222350389, -54.676316375193807 ], [ -65.547563753601167, -54.676276415075002 ], [ -65.584438235757489, -54.690203263630643 ], [ -65.645475521374138, -54.681833942220948 ], [ -65.682486783604304, -54.671169119284471 ], [ -65.802719629006717, -54.653498670891409 ], [ -65.862530572479386, -54.639272432994183 ], [ -65.87987648307778, -54.632717223261899 ], [ -65.994907462400519, -54.611742267389324 ], [ -66.129872299309341, -54.582243369104773 ], [ -66.156082313800866, -54.569094316229418 ], [ -66.206504220301156, -54.552331625854684 ], [ -66.206578247309608, -54.638248474090823 ], [ -66.267338727437021, -54.626308245630447 ], [ -66.269555829003465, -54.608016319332158 ], [ -66.313848646594067, -54.597561031129032 ], [ -66.317977221761268, -54.513141603438854 ] ] ] } },
{ "type": "Feature", "properties": { "codigo_indec": "940070701" }, "geometry": { "type": "Polygon", "coordinates": [ [ [ -68.123877515890413, -54.012141170140097 ], [ -67.818811554822886, -54.010316862922188 ], [ -67.819028402580315, -54.056512417618173 ], [ -67.81786999780546, -54.06611479834249 ], [ -67.817348775870599, -54.100305794768019 ], [ -67.836303981670213, -54.100616385961906 ], [ -67.834635557275291, -54.203131118978945 ], [ -67.968810279499465, -54.204230717191649 ], [ -67.966352902118274, -54.330197684190018 ], [ -68.089464245254234, -54.331081696326393 ], [ -68.085015949838237, -54.550880535813505 ], [ -68.368774886891742, -54.550508453580925 ], [ -68.604425582854347, -54.549435427623571 ], [ -68.603418700037992, -54.359460354268343 ], [ -68.608027668900675, -54.269528431895907 ], [ -68.607718975402292, -54.134622409879825 ], [ -68.378207564919833, -54.134724939644428 ], [ -68.378396333065922, -54.079436372141501 ], [ -68.277737478488476, -54.079276256971127 ], [ -68.277855834404292, -54.057491944372224 ], [ -68.123438331670101, -54.056609471469997 ], [ -68.123877515890413, -54.012141170140097 ] ] ] } },
{ "type": "Feature", "properties": { "codigo_indec": "940071415" }, "geometry": { "type": "Polygon", "coordinates": [ [ [ -67.661003599587147, -53.803402107743061 ], [ -67.65785160335102, -53.803948673978006 ], [ -67.657045928630453, -53.804103637014251 ], [ -67.659023062798653, -53.806482172230353 ], [ -67.662471563961688, -53.805687291962435 ], [ -67.661003599587147, -53.803402107743061 ] ] ] } },
{ "type": "Feature", "properties": { "codigo_indec": "940071110" }, "geometry": { "type": "Polygon", "coordinates": [ [ [ -67.705106987168023, -53.791583294485562 ], [ -67.708227612098128, -53.793735244261448 ], [ -67.709591870507154, -53.793044586031321 ], [ -67.712612491189859, -53.795127953390846 ], [ -67.714373765848762, -53.794232594331874 ], [ -67.708205628410468, -53.790006098022999 ], [ -67.705106987168023, -53.791583294485562 ] ] ] } },
{ "type": "Feature", "properties": { "codigo_indec": "940071107" }, "geometry": { "type": "Polygon", "coordinates": [ [ [ -67.691122948495334, -53.791469648438017 ], [ -67.703545812443707, -53.78512618664957 ], [ -67.700909062617356, -53.783300577648561 ], [ -67.699517883856899, -53.784008815960057 ], [ -67.696929070435488, -53.782235303581317 ], [ -67.694486257646957, -53.785906199987977 ], [ -67.695047484271043, -53.786278462505905 ], [ -67.693115683708086, -53.786311333549619 ], [ -67.692256251698652, -53.787234192553129 ], [ -67.692236251595617, -53.789828493002467 ], [ -67.69168692532395, -53.789804529609533 ], [ -67.690595190733092, -53.791117950551538 ], [ -67.691122948495334, -53.791469648438017 ] ] ] } },
{ "type": "Feature", "properties": { "codigo_indec": "940070504" }, "geometry": { "type": "Polygon", "coordinates": [ [ [ -67.189946815398429, -54.510435887236113 ], [ -67.1925329177501, -54.517175147958746 ], [ -67.196073122979072, -54.516657473179549 ], [ -67.196413851483342, -54.515671960509216 ], [ -67.198419825591827, -54.514394551458153 ], [ -67.197345224945352, -54.512846591319573 ], [ -67.198917584116757, -54.512032174620465 ], [ -67.19973634183404, -54.510532643355759 ], [ -67.196659650103172, -54.51000609102902 ], [ -67.192938773864043, -54.510956851811422 ], [ -67.189946815398429, -54.510435887236113 ] ] ] } },
{ "type": "Feature", "properties": { "codigo_indec": "940071003" }, "geometry": { "type": "Polygon", "coordinates": [ [ [ -67.727962498591324, -53.76668925680152 ], [ -67.728937413312366, -53.769684976069058 ], [ -67.727396806377328, -53.769848337682916 ], [ -67.727767844962841, -53.770869865102327 ], [ -67.732127360504805, -53.768516968835769 ], [ -67.732824883577251, -53.769025276434384 ], [ -67.734391732464587, -53.768239888252914 ], [ -67.730843269705886, -53.765834736028019 ], [ -67.729690227077967, -53.765975273237025 ], [ -67.729853319193893, -53.766475687698424 ], [ -67.727962498591324, -53.76668925680152 ] ] ] } },
{ "type": "Feature", "properties": { "codigo_indec": "940071009" }, "geometry": { "type": "Polygon", "coordinates": [ [ [ -67.72328854970506, -53.761908782248803 ], [ -67.724905221494183, -53.761728313064907 ], [ -67.72676086851277, -53.763046421033351 ], [ -67.729067401792094, -53.761866862812418 ], [ -67.72719948131531, -53.760577862464963 ], [ -67.725574988344079, -53.761393992695993 ], [ -67.72250988929629, -53.75995964983278 ], [ -67.718658823180277, -53.762185100041123 ], [ -67.720013743650298, -53.763257601468801 ], [ -67.72328854970506, -53.761908782248803 ] ] ] } },
{ "type": "Feature", "properties": { "codigo_indec": "940071012" }, "geometry": { "type": "Polygon", "coordinates": [ [ [ -67.72860771202312, -53.768675122263303 ], [ -67.727807144477595, -53.766184429131172 ], [ -67.724930623544637, -53.767020951824307 ], [ -67.725568049446096, -53.769008997723489 ], [ -67.72860771202312, -53.768675122263303 ] ] ] } },
{ "type": "Feature", "properties": { "codigo_indec": "940071013" }, "geometry": { "type": "Polygon", "coordinates": [ [ [ -67.72193549795368, -53.764268741946054 ], [ -67.722898899307282, -53.767253159440777 ], [ -67.726441085357877, -53.766848316692432 ], [ -67.726285409094515, -53.766354715229738 ], [ -67.727807144477595, -53.766184429131172 ], [ -67.727655244680832, -53.765690869541615 ], [ -67.724619308869478, -53.766033744978095 ], [ -67.723982174929944, -53.764038956744905 ], [ -67.72193549795368, -53.764268741946054 ] ] ] } },
{ "type": "Feature", "properties": { "codigo_indec": "940071207" }, "geometry": { "type": "Polygon", "coordinates": [ [ [ -67.735398083571738, -53.768944625453884 ], [ -67.7327985821547, -53.770276205577552 ], [ -67.73691491736578, -53.773107344123794 ], [ -67.738471501464417, -53.772413894129329 ], [ -67.738493905866704, -53.768125884512287 ], [ -67.736256529256394, -53.76927265745249 ], [ -67.735398083571738, -53.768944625453884 ] ] ] } },
{ "type": "Feature", "properties": { "codigo_indec": "940140508" }, "geometry": { "type": "MultiPolygon", "coordinates": [ [ [ [ -68.306245026837814, -54.804938826772286 ], [ -68.312938533246992, -54.806625344100375 ], [ -68.313523151202673, -54.805853839776823 ], [ -68.314866556696629, -54.806191568071412 ], [ -68.315474950341326, -54.805390992797946 ], [ -68.30747802531711, -54.803315392541435 ], [ -68.306245026837814, -54.804938826772286 ] ] ], [ [ [ -68.302240002444023, -54.801809877047688 ], [ -68.301952987279819, -54.801996876817867 ], [ -68.302383267417639, -54.802068971789616 ], [ -68.302240002444023, -54.801809877047688 ] ] ], [ [ [ -68.302207675432655, -54.799624492166238 ], [ -68.302466130392261, -54.799740515616428 ], [ -68.302694629353724, -54.799564407598801 ], [ -68.302207675432655, -54.799624492166238 ] ] ] ] } },
{ "type": "Feature", "properties": { "codigo_indec": "940071301" }, "geometry": { "type": "Polygon", "coordinates": [ [ [ -67.721475881455717, -53.788252431121748 ], [ -67.720516722451748, -53.788731899339439 ], [ -67.715831061487421, -53.791114581657801 ], [ -67.71783369670807, -53.792497287962568 ], [ -67.722504640721908, -53.79010089292953 ], [ -67.721675941425104, -53.789532725117276 ], [ -67.722627521201773, -53.789053166916439 ], [ -67.721475881455717, -53.788252431121748 ] ] ] } },
{ "type": "Feature", "properties": { "codigo_indec": "940071304" }, "geometry": { "type": "Polygon", "coordinates": [ [ [ -67.731163045926877, -53.791688882340679 ], [ -67.726874355499049, -53.793876270804397 ], [ -67.725890110243455, -53.793178440941546 ], [ -67.725277406820581, -53.793490907236624 ], [ -67.726280953067857, -53.794177715505512 ], [ -67.724901484970246, -53.794877385915228 ], [ -67.725882232402256, -53.795566201124288 ], [ -67.724510502115663, -53.79625921037939 ], [ -67.725499133348777, -53.796939127003064 ], [ -67.72686687288973, -53.796252803085515 ], [ -67.727866377690475, -53.796950786039766 ], [ -67.734389381506475, -53.79365032551361 ], [ -67.731163045926877, -53.791688882340679 ] ] ] } },
{ "type": "Feature", "properties": { "codigo_indec": "940071310" }, "geometry": { "type": "Polygon", "coordinates": [ [ [ -67.716433804126112, -53.795602460303968 ], [ -67.712510406734026, -53.79746977769264 ], [ -67.715416242026507, -53.798606134740126 ], [ -67.722218535578861, -53.802508793621833 ], [ -67.725251274442087, -53.800732779856666 ], [ -67.723805779378466, -53.799850324303094 ], [ -67.723548671223625, -53.798445881439569 ], [ -67.716433804126112, -53.795602460303968 ] ] ] } },
{ "type": "Feature", "properties": { "codigo_indec": "940071409" }, "geometry": { "type": "Polygon", "coordinates": [ [ [ -67.707274722956626, -53.795852249660435 ], [ -67.701531090041172, -53.796075475694757 ], [ -67.695965806454637, -53.796295873875728 ], [ -67.697179600542611, -53.797286222222361 ], [ -67.707245288947206, -53.797055964994101 ], [ -67.707274722956626, -53.795852249660435 ] ] ] } },
{ "type": "Feature", "properties": { "codigo_indec": "940140403" }, "geometry": { "type": "Polygon", "coordinates": [ [ [ -68.278145317662037, -54.773202867342611 ], [ -68.276928854470924, -54.772360166764848 ], [ -68.285189912528267, -54.769377223958294 ], [ -68.291209273595825, -54.768577085551286 ], [ -68.302380153813957, -54.764999071193223 ], [ -68.307224358248519, -54.764496812048719 ], [ -68.310998528296892, -54.760215259912592 ], [ -68.301795199422273, -54.760171618596708 ], [ -68.299825063165869, -54.761364039075467 ], [ -68.294180633525926, -54.76256205444254 ], [ -68.292870083144592, -54.76377391942593 ], [ -68.289155992048563, -54.764942513696255 ], [ -68.284906364330951, -54.766071905340489 ], [ -68.279915498640293, -54.766275951402299 ], [ -68.279597444091635, -54.766469452248224 ], [ -68.279957704401198, -54.767399128246041 ], [ -68.276850773841048, -54.768460902569302 ], [ -68.276184312213132, -54.769674179991831 ], [ -68.271787269155936, -54.769879188634498 ], [ -68.265743108864697, -54.772874659195146 ], [ -68.268570468234813, -54.773994451465505 ], [ -68.268584286897379, -54.774951267612252 ], [ -68.269174738675176, -54.775601630989719 ], [ -68.273857795577783, -54.774863915057118 ], [ -68.27523339192814, -54.773542596835206 ], [ -68.278145317662037, -54.773202867342611 ] ] ] } },
{ "type": "Feature", "properties": { "codigo_indec": "940140501" }, "geometry": { "type": "Polygon", "coordinates": [ [ [ -68.310127292729788, -54.792485336498331 ], [ -68.307806574057622, -54.795009918374092 ], [ -68.307171648241834, -54.79508939116068 ], [ -68.309247981401498, -54.79550323235658 ], [ -68.308152619027467, -54.796141547974322 ], [ -68.305998033718936, -54.79598326616938 ], [ -68.305743440263257, -54.796323177282865 ], [ -68.306863803039676, -54.796498019301666 ], [ -68.306295741871722, -54.797211195576516 ], [ -68.310046078981131, -54.797710938463389 ], [ -68.310125173985881, -54.798544593380207 ], [ -68.314557469818624, -54.800103613415395 ], [ -68.315013887782698, -54.800699090722475 ], [ -68.316395731425885, -54.800131948496954 ], [ -68.318380548796199, -54.801153737591086 ], [ -68.320608945826777, -54.801565990895348 ], [ -68.322990033619106, -54.799358167451302 ], [ -68.327583333128828, -54.798278754101595 ], [ -68.323913805437073, -54.79734655818114 ], [ -68.326765976546454, -54.796937951459746 ], [ -68.330050851644003, -54.795745625465393 ], [ -68.338815785975171, -54.79599582095441 ], [ -68.338803124354015, -54.794389981415364 ], [ -68.337746280177612, -54.792940147551327 ], [ -68.333780248282764, -54.791382287857175 ], [ -68.332867811279115, -54.791799492068002 ], [ -68.331607374668209, -54.791635347684078 ], [ -68.327427134156011, -54.789658373322681 ], [ -68.320853285425841, -54.789543154838078 ], [ -68.319424623266883, -54.788989411881786 ], [ -68.318982911012924, -54.787985289750345 ], [ -68.316256493157837, -54.788113691367158 ], [ -68.315276555341924, -54.789069384792256 ], [ -68.313988711159652, -54.789385511771229 ], [ -68.311769750256659, -54.792350929039962 ], [ -68.310127292729788, -54.792485336498331 ] ] ] } },
{ "type": "Feature", "properties": { "codigo_indec": "940140604" }, "geometry": { "type": "MultiPolygon", "coordinates": [ [ [ [ -68.331376453643628, -54.810573175981276 ], [ -68.33025217826588, -54.812015536881404 ], [ -68.332687645159353, -54.814299482107344 ], [ -68.336208176389022, -54.812802852305424 ], [ -68.331376453643628, -54.810573175981276 ] ] ], [ [ [ -68.324043837920911, -54.809587067809197 ], [ -68.324162387825098, -54.809473190638258 ], [ -68.323600100269715, -54.809382471089819 ], [ -68.324043837920911, -54.809587067809197 ] ] ] ] } },
{ "type": "Feature", "properties": { "codigo_indec": "940140714" }, "geometry": { "type": "Polygon", "coordinates": [ [ [ -68.346334017403365, -54.817385386437692 ], [ -68.341128673007233, -54.817734543144972 ], [ -68.341184489669331, -54.818606225856279 ], [ -68.345068602916839, -54.82084162511903 ], [ -68.34643157234612, -54.820496376665254 ], [ -68.34862726042337, -54.820849543059339 ], [ -68.348232273767181, -54.820259017597813 ], [ -68.350317029203197, -54.820011923313835 ], [ -68.349193382382566, -54.818054284621788 ], [ -68.346334017403365, -54.817385386437692 ] ] ] } },
{ "type": "Feature", "properties": { "codigo_indec": "940140810" }, "geometry": { "type": "Polygon", "coordinates": [ [ [ -68.335801869224539, -54.819791884914359 ], [ -68.332380052959323, -54.819274541108051 ], [ -68.332113826924143, -54.819852499500797 ], [ -68.329688968577827, -54.819493276926231 ], [ -68.328816527719198, -54.82191394738922 ], [ -68.332888691421218, -54.823337787648263 ], [ -68.334310640626413, -54.823201860584525 ], [ -68.335801869224539, -54.819791884914359 ] ] ] } },
{ "type": "Feature", "properties": { "codigo_indec": "940140802" }, "geometry": { "type": "MultiPolygon", "coordinates": [ [ [ [ -68.315987225745175, -54.811430676282278 ], [ -68.314053318203236, -54.812886290017964 ], [ -68.31123132139426, -54.813961783300179 ], [ -68.310462510253018, -54.815035416892748 ], [ -68.314743876409423, -54.816198297425764 ], [ -68.31699856034291, -54.817634859845612 ], [ -68.319748702797838, -54.816444292955005 ], [ -68.320828915544553, -54.817889917147049 ], [ -68.322916180076973, -54.819123307181314 ], [ -68.322605540256134, -54.819325944350588 ], [ -68.323909539602369, -54.818794215624003 ], [ -68.326145694309417, -54.819269289542348 ], [ -68.326916737269514, -54.81757347675947 ], [ -68.329899800306308, -54.818034654262277 ], [ -68.330387799648108, -54.816981808919451 ], [ -68.323009677087569, -54.815858395933738 ], [ -68.3222520862914, -54.814187763847528 ], [ -68.318676746622799, -54.813588324309023 ], [ -68.318921468148744, -54.811754854920842 ], [ -68.315987225745175, -54.811430676282278 ] ] ], [ [ [ -68.315076834580395, -54.810769759937656 ], [ -68.315791550208544, -54.811274611121469 ], [ -68.315406506866424, -54.811739572797975 ], [ -68.316319098198008, -54.811120375597682 ], [ -68.316947845717294, -54.810959969833377 ], [ -68.315076834580395, -54.810769759937656 ] ] ] ] } },
{ "type": "Feature", "properties": { "codigo_indec": "940140804" }, "geometry": { "type": "Polygon", "coordinates": [ [ [ -68.328928039853523, -54.811669103317271 ], [ -68.326522331871203, -54.814865067551892 ], [ -68.331169017823953, -54.815598195142108 ], [ -68.332687645159353, -54.814299482107344 ], [ -68.330600592626965, -54.812109537791713 ], [ -68.328928039853523, -54.811669103317271 ] ] ] } },
{ "type": "Feature", "properties": { "codigo_indec": "940070301" }, "geometry": { "type": "Polygon", "coordinates": [ [ [ -68.305574338403517, -53.483722137164285 ], [ -68.303889799970321, -53.483790958877009 ], [ -68.302769307734238, -53.482304099960814 ], [ -68.300521391110067, -53.482513350820113 ], [ -68.297748441358408, -53.481904059644599 ], [ -68.297229995070694, -53.481373125745371 ], [ -68.297783921002932, -53.480439664038656 ], [ -68.294621172303991, -53.477914138382893 ], [ -68.294754279679978, -53.476926540035549 ], [ -68.292317515617924, -53.4767324288769 ], [ -68.29130752814882, -53.477687871988657 ], [ -68.289791386025968, -53.477606989000407 ], [ -68.289728673258139, -53.476627217324001 ], [ -68.286552359705411, -53.475853530607822 ], [ -68.283709332920495, -53.476312745647675 ], [ -68.283843745635522, -53.477274979968534 ], [ -68.283088761795682, -53.477387262368879 ], [ -68.282455391126177, -53.476763474366372 ], [ -68.281184571478036, -53.477097279334728 ], [ -68.281594753261729, -53.47755799693023 ], [ -68.280207189405871, -53.478558249363502 ], [ -68.280160803457179, -53.480631331044776 ], [ -68.279580400491085, -53.481104055282202 ], [ -68.279288277814345, -53.482342266885873 ], [ -68.277712257018749, -53.482674194275603 ], [ -68.276045095631474, -53.482385562411842 ], [ -68.274734342875277, -53.481515025255412 ], [ -68.275750050286348, -53.480472149415725 ], [ -68.274641893373314, -53.479870151548475 ], [ -68.273305842721456, -53.480706654748268 ], [ -68.272471238165394, -53.479964781000469 ], [ -68.271285167479164, -53.479957554803029 ], [ -68.27139734503497, -53.480443445903255 ], [ -68.268818624796225, -53.481272316696597 ], [ -68.266820701727298, -53.48029864738924 ], [ -68.265143888651323, -53.480360231190417 ], [ -68.264213173578455, -53.481264268445322 ], [ -68.260996477366717, -53.481520719853528 ], [ -68.258827176590586, -53.483259423993729 ], [ -68.254009054529845, -53.483984214148705 ], [ -68.252349584312611, -53.486905305480825 ], [ -68.253052968910538, -53.487814974196596 ], [ -68.250818905971741, -53.489130818372914 ], [ -68.238029678674934, -53.489867633451894 ], [ -68.234259910616174, -53.488998920581722 ], [ -68.233355454643188, -53.486728819682064 ], [ -68.231318284485567, -53.48587336005528 ], [ -68.228594843705395, -53.485898493367301 ], [ -68.225381956859465, -53.483433700991419 ], [ -68.221583684256743, -53.482932799269626 ], [ -68.220455770994533, -53.483446597520484 ], [ -68.207002446620749, -53.482899836084066 ], [ -68.20694489790786, -53.481947006767776 ], [ -68.206086844169292, -53.4809079939443 ], [ -68.204793208982508, -53.480811786013653 ], [ -68.200852756143547, -53.483092492327799 ], [ -68.199334532100323, -53.482920594334487 ], [ -68.199206753394364, -53.481706714839099 ], [ -68.197895193861271, -53.480763441904507 ], [ -68.195995185167178, -53.480274450409567 ], [ -68.193965381902288, -53.480874028662718 ], [ -68.194678134528331, -53.481218031158541 ], [ -68.193704964426644, -53.481698925429235 ], [ -68.191160465920845, -53.48183223642004 ], [ -68.188096684773171, -53.480562495716377 ], [ -68.18864097154885, -53.47946997719702 ], [ -68.188371470236135, -53.478003531787266 ], [ -68.187196613550867, -53.477806854115926 ], [ -68.186294102241817, -53.476956087234377 ], [ -68.187524580283124, -53.476605044244288 ], [ -68.18774370106722, -53.475186844489912 ], [ -68.186089147379278, -53.474286034627234 ], [ -68.183302389598921, -53.474311948705569 ], [ -68.182808258848809, -53.475925939019184 ], [ -68.181368602370014, -53.475601597347527 ], [ -68.180885658528879, -53.474870472219472 ], [ -68.176428408444181, -53.474633173441781 ], [ -68.172106983649584, -53.475351346669015 ], [ -68.167910428381049, -53.475068362659151 ], [ -68.168170730503562, -53.475620529924889 ], [ -68.166199988268104, -53.476271714612231 ], [ -68.164504439000282, -53.475945383724635 ], [ -68.162584332976536, -53.476316069508336 ], [ -68.161344005918096, -53.477538370103815 ], [ -68.16130710961626, -53.478454620901822 ], [ -68.153744220894126, -53.479290859193327 ], [ -68.15071701992494, -53.481533703621963 ], [ -68.14328622142277, -53.482505001563034 ], [ -68.14324968135125, -53.48301016807104 ], [ -68.137771241326462, -53.484999222122852 ], [ -68.134399874804402, -53.484105514716461 ], [ -68.13120556365979, -53.485427900107432 ], [ -68.131144953870816, -53.486182232971252 ], [ -68.12828678887665, -53.487446332512498 ], [ -68.127890117240213, -53.488422847015819 ], [ -68.128025918421798, -53.490616274285514 ], [ -68.126697521789353, -53.492205975501903 ], [ -68.130846839436018, -53.49413213752576 ], [ -68.129450552177246, -53.495541667043845 ], [ -68.128236517821406, -53.497979089632892 ], [ -68.123015230236874, -53.504174504030487 ], [ -68.122982093703882, -53.505962350690538 ], [ -68.122244647810433, -53.507915749516243 ], [ -68.119881722116943, -53.509201255243703 ], [ -68.118213912934479, -53.509126067177483 ], [ -68.114753181291363, -53.511544511673158 ], [ -68.109468039241762, -53.517015537722848 ], [ -68.10647044369162, -53.517610915965911 ], [ -68.103827105797976, -53.519990224572567 ], [ -68.103988287830376, -53.520925910746421 ], [ -68.107208283241633, -53.521956359498176 ], [ -68.106179259093366, -53.523566036162478 ], [ -68.106284927955187, -53.524276669483861 ], [ -68.100653198360973, -53.529607685740608 ], [ -68.096227315977941, -53.530834511132355 ], [ -68.095055150062336, -53.532054393240593 ], [ -68.09532998249199, -53.533134715455809 ], [ -68.096354339281405, -53.534076937706466 ], [ -68.096364278639115, -53.534849753029974 ], [ -68.094814188405508, -53.535397367224171 ], [ -68.092230193296814, -53.534919525888888 ], [ -68.091340980913586, -53.535593412695093 ], [ -68.085530055795601, -53.537357418012554 ], [ -68.084606912237703, -53.538722867792892 ], [ -68.085636148236063, -53.539433845904725 ], [ -68.084804939961018, -53.542129831520981 ], [ -68.085736896158494, -53.542983829101267 ], [ -68.084005659192812, -53.545088876421623 ], [ -68.084350561669609, -53.546583084666274 ], [ -68.079601602332673, -53.546950970888872 ], [ -68.077200897705737, -53.547732166546233 ], [ -68.067601477664667, -53.546543527091984 ], [ -68.062583659224856, -53.544904906374072 ], [ -68.060119683215191, -53.545128171650326 ], [ -68.057623152876673, -53.546815743860463 ], [ -68.054014453771686, -53.551684274849933 ], [ -68.050455814697287, -53.554953700443768 ], [ -68.041831324284047, -53.561498140987794 ], [ -68.039881523144132, -53.564959836707295 ], [ -68.040011231491277, -53.567063448973407 ], [ -68.040707758193022, -53.568300029019184 ], [ -68.033138819210706, -53.572561041607571 ], [ -68.033417186629961, -53.574917450455239 ], [ -68.032251783286668, -53.575707723641806 ], [ -68.027082737628092, -53.575962312873479 ], [ -68.026123925434803, -53.575640024212142 ], [ -68.021124725028287, -53.577036877633667 ], [ -68.017783263805441, -53.580504788969577 ], [ -68.015362422806732, -53.582183119076049 ], [ -68.011328307413891, -53.584072713168545 ], [ -68.00632743167607, -53.583546073836239 ], [ -68.003875797488249, -53.585062181005043 ], [ -68.004191335228455, -53.586574345903053 ], [ -68.002769567363188, -53.587793496108176 ], [ -67.999843167053015, -53.58845420150157 ], [ -67.99961171514849, -53.589941587401924 ], [ -68.000847186856973, -53.591185149191574 ], [ -68.00100249353099, -53.594365009522981 ], [ -67.995079535781429, -53.596211317919177 ], [ -67.995409338456923, -53.59695313131607 ], [ -67.994752904607523, -53.6016986136705 ], [ -67.998894502798876, -53.604150386880505 ], [ -68.000951916336703, -53.604670759254077 ], [ -68.002879231122364, -53.604302711741539 ], [ -68.007407182690102, -53.607060659398535 ], [ -68.007780279523615, -53.608546329777838 ], [ -68.006145231158342, -53.610134393615688 ], [ -67.996367993329429, -53.611470230408393 ], [ -67.992283734538731, -53.610869833717196 ], [ -67.990668177570399, -53.609553347394197 ], [ -67.988908137295539, -53.609861961681112 ], [ -67.987151214923756, -53.612722408126629 ], [ -67.984363648810842, -53.614756422424811 ], [ -67.983841354636752, -53.615740374073248 ], [ -67.984406792963057, -53.616106832712731 ], [ -67.986841627341448, -53.615397412639254 ], [ -67.989150859769893, -53.613774872797869 ], [ -67.991196988095695, -53.615892454958576 ], [ -67.989129230443126, -53.620214912988153 ], [ -67.986651937205835, -53.622844629989928 ], [ -67.984651832428341, -53.624157504862751 ], [ -67.984344156916947, -53.627057147637949 ], [ -67.98269248146957, -53.627070077081243 ], [ -67.980157714837262, -53.626251060931487 ], [ -67.979106928123201, -53.625323355418786 ], [ -67.975558836805376, -53.624538273881427 ], [ -67.976527517943865, -53.628230537743988 ], [ -67.975595655108066, -53.630507080144 ], [ -67.975914800954655, -53.631217403650211 ], [ -67.978323436833961, -53.632729546027583 ], [ -67.977931768483842, -53.633454011608897 ], [ -67.974167137229074, -53.633466735159857 ], [ -67.973581006364952, -53.633946916956099 ], [ -67.974769366298972, -53.635439675111186 ], [ -67.975616670764808, -53.638376134998758 ], [ -67.977141710044691, -53.63971001307268 ], [ -67.977166869570738, -53.641794814812229 ], [ -67.980696019044416, -53.643426542227118 ], [ -67.980596813380032, -53.644405093073587 ], [ -67.976335927880569, -53.647385543633128 ], [ -67.974786608252572, -53.646574842677609 ], [ -67.973014811427461, -53.646676465637981 ], [ -67.97149257495154, -53.647552940963692 ], [ -67.970423058276012, -53.648621982078616 ], [ -67.972782272043119, -53.651110952421853 ], [ -67.969407459677285, -53.651198758542826 ], [ -67.965761622280979, -53.652472432096189 ], [ -67.964639414565468, -53.654446233432722 ], [ -67.963461957150415, -53.654968423439492 ], [ -67.960137935842667, -53.654822791868696 ], [ -67.957358479500883, -53.656514809017757 ], [ -67.953103817597651, -53.660959092870229 ], [ -67.951860393590337, -53.663059755287698 ], [ -67.949087953639548, -53.6620021478805 ], [ -67.947598723328269, -53.66272586127517 ], [ -67.946884161666375, -53.663474342451174 ], [ -67.947581746781935, -53.664621605990625 ], [ -67.947777320798963, -53.670131297488297 ], [ -67.946443848129292, -53.6714224372705 ], [ -67.941080995961443, -53.674088687950217 ], [ -67.93767202945557, -53.673052145623288 ], [ -67.933721122168492, -53.673259634837805 ], [ -67.932751460264399, -53.672559130713168 ], [ -67.930906647537753, -53.672508980649589 ], [ -67.927197774198447, -53.673911211358906 ], [ -67.92741255551401, -53.674391601476039 ], [ -67.929377467423961, -53.674930330170767 ], [ -67.928038947678402, -53.676391942041022 ], [ -67.926715521832548, -53.676065603944473 ], [ -67.925434225190386, -53.674679365916042 ], [ -67.923750169315227, -53.673810641097795 ], [ -67.921994254595688, -53.673684777876787 ], [ -67.921847828125991, -53.67423380849138 ], [ -67.922655050880053, -53.675067719359831 ], [ -67.922543929533475, -53.675864163581601 ], [ -67.92179042285413, -53.676333601958703 ], [ -67.918009717806598, -53.67682289666817 ], [ -67.921012539885425, -53.678348284518869 ], [ -67.91993397972297, -53.679246075759643 ], [ -67.919684174636799, -53.681319422159525 ], [ -67.917918787461446, -53.682732144046497 ], [ -67.916285365720881, -53.683274462329543 ], [ -67.91506667587619, -53.683137634899076 ], [ -67.912858509582776, -53.68175184853942 ], [ -67.91078217699318, -53.681861023400046 ], [ -67.910569830930072, -53.682611609583397 ], [ -67.908810958566235, -53.683172901992677 ], [ -67.906270686558017, -53.682491558477324 ], [ -67.90638870881584, -53.681441357458986 ], [ -67.909385207469199, -53.680718410531469 ], [ -67.909982828464891, -53.679407506492815 ], [ -67.90958985678455, -53.678947925747195 ], [ -67.907963383795106, -53.679076870559292 ], [ -67.905250378851264, -53.680397649086302 ], [ -67.902741609073956, -53.680841925530743 ], [ -67.899127253476649, -53.680296594808389 ], [ -67.895518934160918, -53.678801014506874 ], [ -67.893020348105338, -53.678856566913439 ], [ -67.891937803122033, -53.679594582467381 ], [ -67.888670814590171, -53.678942078380558 ], [ -67.884877800971097, -53.676435859339442 ], [ -67.884821370156615, -53.6751347092355 ], [ -67.886689003163625, -53.673748130462428 ], [ -67.887332911198044, -53.672282768980899 ], [ -67.884555277934155, -53.672032295508785 ], [ -67.875774686840629, -53.675741993733254 ], [ -67.868439533474358, -53.681648152408435 ], [ -67.860240820264366, -53.684982586621821 ], [ -67.851544964828548, -53.68637311232709 ], [ -67.841699927023299, -53.689764616363995 ], [ -67.83696890681243, -53.69293552179623 ], [ -67.834821464554153, -53.697784702719417 ], [ -67.833702412968734, -53.699240667510381 ], [ -67.829104668268016, -53.702868567886796 ], [ -67.820312930229022, -53.707652361690286 ], [ -67.808810651586015, -53.710465516424385 ], [ -67.79700918035239, -53.717870571124351 ], [ -67.796498020381051, -53.718397818909651 ], [ -67.799696074844618, -53.719135249647977 ], [ -67.803918850875434, -53.72100150193522 ], [ -67.80097010787496, -53.722942062364467 ], [ -67.80157348737157, -53.72330077307943 ], [ -67.800143200411412, -53.724847659208535 ], [ -67.800336564957249, -53.725905371081474 ], [ -67.796971792657502, -53.728203327231647 ], [ -67.79580497173265, -53.727809730315109 ], [ -67.792692303133904, -53.730285314527002 ], [ -67.792026001511744, -53.729874259660733 ], [ -67.78107731825115, -53.736059856698041 ], [ -67.767712264658726, -53.742482460796879 ], [ -67.763695487308425, -53.743261002331685 ], [ -67.752702348166267, -53.746721012673653 ], [ -67.749856748972093, -53.746960923828958 ], [ -67.750221995223441, -53.747551026903665 ], [ -67.745926969048568, -53.749119030939255 ], [ -67.741657559676852, -53.751340835154579 ], [ -67.739877612699019, -53.753193332709415 ], [ -67.739731932294973, -53.761604325694186 ], [ -67.768931495835758, -53.761826902716315 ], [ -67.766884230649467, -53.770757463958581 ], [ -67.766836059624197, -53.772659603980912 ], [ -67.767658919266438, -53.774860475768328 ], [ -67.781743977158115, -53.775750211174731 ], [ -67.782821091437469, -53.777843487637234 ], [ -67.781125368560737, -53.779823235374892 ], [ -67.779703395913728, -53.786610614018031 ], [ -67.778273283582962, -53.786351202142662 ], [ -67.776790808663165, -53.791412757487691 ], [ -67.777227886822104, -53.79399373619232 ], [ -67.780127042646157, -53.798026190770415 ], [ -67.780765054727496, -53.800099284201245 ], [ -67.778702926545293, -53.809950823960335 ], [ -67.778492885710818, -53.810256428827749 ], [ -67.773279766483498, -53.807986114243057 ], [ -67.772729417795759, -53.816042479287312 ], [ -67.76198589747726, -53.810024272753083 ], [ -67.75732439523992, -53.810178231068782 ], [ -67.755895214219819, -53.807301612021725 ], [ -67.752689597652477, -53.806619130097765 ], [ -67.744370336251336, -53.806887234115486 ], [ -67.742239338168375, -53.806444842500078 ], [ -67.739692714498673, -53.807714232060221 ], [ -67.739422557714065, -53.80748451468525 ], [ -67.743873697095566, -53.813978142163002 ], [ -67.746496757154276, -53.816642756331625 ], [ -67.748355055583275, -53.817720175785084 ], [ -67.757658722457009, -53.820433851835006 ], [ -67.761393096551956, -53.822534581915747 ], [ -67.762951493964735, -53.823761422672298 ], [ -67.76452435440028, -53.826693336259176 ], [ -67.764703638846683, -53.828213683806069 ], [ -67.767048817635526, -53.830976053492229 ], [ -67.770761357376216, -53.833091981286415 ], [ -67.773233989990416, -53.833465468770854 ], [ -67.774546482500838, -53.832214217001074 ], [ -67.775416362169025, -53.829210812285183 ], [ -67.774312051369677, -53.828017979799398 ], [ -67.7722604102226, -53.827022104160321 ], [ -67.771810037096031, -53.825674205125189 ], [ -67.775162128380188, -53.82152586544337 ], [ -67.777179244785145, -53.820571550830017 ], [ -67.779716320373311, -53.820271674977121 ], [ -67.784508193127976, -53.82089538287336 ], [ -67.788125332896826, -53.823027780279112 ], [ -67.789118019163482, -53.825993934032923 ], [ -67.793188376409233, -53.831536131702812 ], [ -67.793845843588159, -53.834557270641355 ], [ -67.795041928462766, -53.835885617991813 ], [ -67.79762530840992, -53.836118196599614 ], [ -67.799242047446796, -53.834961825093856 ], [ -67.801549423305147, -53.83222420490165 ], [ -67.803248523503385, -53.831100050749349 ], [ -67.805381375672837, -53.830609154856745 ], [ -67.813296869932216, -53.83026766313364 ], [ -67.821346112422589, -53.832460776596818 ], [ -67.826216132174864, -53.831583056084547 ], [ -67.828495679292487, -53.830452993983506 ], [ -67.831527190012395, -53.830132139899803 ], [ -67.842014601366245, -53.830559544518749 ], [ -67.846028615954921, -53.829717681783848 ], [ -67.850372383023995, -53.829723447830311 ], [ -67.856227065183703, -53.828905609440959 ], [ -67.859938320149411, -53.826472275818659 ], [ -67.867814150594825, -53.825160914649338 ], [ -67.87776594698758, -53.821444744476764 ], [ -67.878585519815786, -53.821461394560728 ], [ -67.879252653401508, -53.822637940277922 ], [ -67.878830708123559, -53.824222115053516 ], [ -67.879060592694742, -53.825850567609159 ], [ -67.880729382968994, -53.826629883808131 ], [ -67.883162372523557, -53.826374022196028 ], [ -67.884959838653316, -53.825600054981216 ], [ -67.88775188337145, -53.82282262480534 ], [ -67.890070049293911, -53.821873706630726 ], [ -67.890151467107444, -53.819367616565046 ], [ -67.894323140409398, -53.816784740038365 ], [ -67.898588947715183, -53.816237709571681 ], [ -67.898672723559585, -53.815214177302082 ], [ -67.899763234842396, -53.814157204727287 ], [ -67.902423879114195, -53.814017603577049 ], [ -67.907232804604718, -53.814755612035079 ], [ -67.90907149044989, -53.814257953200006 ], [ -67.910034189136809, -53.812703299186531 ], [ -67.910419810787872, -53.81012808018415 ], [ -67.911311482134863, -53.809111876176708 ], [ -67.912470082641931, -53.808924715426343 ], [ -67.914191016978478, -53.809299711855751 ], [ -67.915117898144473, -53.810002198208906 ], [ -67.915225492563138, -53.812743624618498 ], [ -67.916041197583894, -53.814080792492057 ], [ -67.91728556238499, -53.814694032628331 ], [ -67.925939209282006, -53.81486842600679 ], [ -67.930417940066548, -53.813686478207337 ], [ -67.93444286681283, -53.814074967161844 ], [ -67.938036666262263, -53.815454600481431 ], [ -67.943064891448643, -53.816559251304952 ], [ -67.946200440824398, -53.818067128156095 ], [ -67.95258907530399, -53.823855544330669 ], [ -67.955714080621505, -53.82444884748152 ], [ -67.95905389980804, -53.823884863565354 ], [ -67.965134396748567, -53.824874163759468 ], [ -67.967900931129705, -53.826623123475564 ], [ -67.969621221188703, -53.8295490586708 ], [ -67.97291716813298, -53.831408019200765 ], [ -67.976417417669481, -53.83502295314927 ], [ -67.978449515024238, -53.835006579819535 ], [ -67.979372360758703, -53.83328706735513 ], [ -67.98143098582959, -53.83295639441873 ], [ -67.982446776458417, -53.83193847785369 ], [ -67.985555412286644, -53.831994006032886 ], [ -67.987147362439089, -53.832744226954311 ], [ -67.990473176084834, -53.836561680477132 ], [ -67.991699930246057, -53.836715756640515 ], [ -68.000251123684933, -53.834217613414857 ], [ -68.00236653880286, -53.834048784663075 ], [ -68.003413624946205, -53.83473136101567 ], [ -68.004242441116375, -53.83709230778161 ], [ -68.006040355426094, -53.837987744168721 ], [ -68.007923496225033, -53.838012315530094 ], [ -68.01060855821251, -53.837529083447194 ], [ -68.011802520403336, -53.836660642626256 ], [ -68.012131438159145, -53.835594139568585 ], [ -68.016013882025661, -53.833757170934781 ], [ -68.023868088922129, -53.833872996729148 ], [ -68.03405084130091, -53.836105066474637 ], [ -68.042325958403339, -53.836935127166413 ], [ -68.045700239064558, -53.838855590924034 ], [ -68.048399776597762, -53.839056731328348 ], [ -68.05147041186018, -53.838299356943892 ], [ -68.056213108378913, -53.839010628512206 ], [ -68.060763303100387, -53.840863537232913 ], [ -68.063705422415381, -53.842798075176837 ], [ -68.064264557162275, -53.844976787796035 ], [ -68.065386432538958, -53.845769465696733 ], [ -68.07210859384989, -53.845480211183656 ], [ -68.073812920468001, -53.846050443445847 ], [ -68.074833801770666, -53.847298236561713 ], [ -68.076654925596713, -53.848262417946295 ], [ -68.079448729295095, -53.847663925695883 ], [ -68.079984882074982, -53.845906996610488 ], [ -68.08076752206523, -53.845553598780342 ], [ -68.083622434061382, -53.846494142660781 ], [ -68.0868133143167, -53.845617733287575 ], [ -68.088362418834436, -53.846348304860662 ], [ -68.09251179577258, -53.849973715629389 ], [ -68.099294667054366, -53.851833028920439 ], [ -68.10048671411981, -53.852935879760928 ], [ -68.100849993871364, -53.854243655929373 ], [ -68.101858993011561, -53.854850952499447 ], [ -68.110121127687478, -53.857960621691625 ], [ -68.117372004689258, -53.856998881006419 ], [ -68.121064971059425, -53.857187713292959 ], [ -68.123084172699492, -53.855654843577419 ], [ -68.124470315768704, -53.855685180710999 ], [ -68.124938520778841, -53.85637144490574 ], [ -68.124429432468546, -53.857461637779089 ], [ -68.125600315620034, -53.858889781773627 ], [ -68.143614624707851, -53.86037639657183 ], [ -68.147885721743847, -53.860370859721797 ], [ -68.150117030608712, -53.859580293389719 ], [ -68.14946623372748, -53.857383382870417 ], [ -68.151652453158405, -53.855994976959153 ], [ -68.154536877119924, -53.856150105829968 ], [ -68.156211831018624, -53.856557227389111 ], [ -68.157890616004423, -53.85772132436459 ], [ -68.16088212034208, -53.858038778471233 ], [ -68.164077279860194, -53.856147309094951 ], [ -68.162682510760831, -53.854643857177351 ], [ -68.160930267177449, -53.854112743903983 ], [ -68.161524839725871, -53.851547236828111 ], [ -68.164035436576597, -53.850621345345466 ], [ -68.167047376829956, -53.850460347521633 ], [ -68.171530724273907, -53.848119388690904 ], [ -68.183637595868746, -53.847510535463826 ], [ -68.184669067930699, -53.846818978201583 ], [ -68.185459027360736, -53.845260983018498 ], [ -68.192720062504065, -53.843762417880711 ], [ -68.196156168884755, -53.843832657168008 ], [ -68.197396109487471, -53.843346792215712 ], [ -68.198320876431069, -53.843451807547694 ], [ -68.199356029935515, -53.846331615979608 ], [ -68.200006410279528, -53.846686361812225 ], [ -68.20638547638606, -53.846818569967496 ], [ -68.207057821424968, -53.847220592879708 ], [ -68.206858633369578, -53.848313177327533 ], [ -68.203734302130997, -53.849408848347082 ], [ -68.2026695732024, -53.851063968423091 ], [ -68.204669410158843, -53.852182371128428 ], [ -68.208134600155873, -53.852158117389493 ], [ -68.21488640402265, -53.84784709832558 ], [ -68.215812700421367, -53.847877863677589 ], [ -68.217597853915564, -53.848500483494703 ], [ -68.218632570935938, -53.851481194932887 ], [ -68.226468862615349, -53.85277186615992 ], [ -68.228895209001109, -53.853874641548828 ], [ -68.233009604252445, -53.8540896896018 ], [ -68.23737982258082, -53.85340100553227 ], [ -68.241664254346006, -53.854297434469231 ], [ -68.24627027528966, -53.853376312633785 ], [ -68.248526361725666, -53.854046350565582 ], [ -68.250476725847676, -53.855457926704936 ], [ -68.254947952950872, -53.856132673106785 ], [ -68.259038201285705, -53.854938315373253 ], [ -68.259222001621879, -53.854211683822236 ], [ -68.25860195584724, -53.852965710136189 ], [ -68.256625677983237, -53.85150693534176 ], [ -68.257403995467257, -53.850460535634049 ], [ -68.260093114536346, -53.850272743208329 ], [ -68.261192175734195, -53.850852294298718 ], [ -68.26156856027896, -53.851914814146127 ], [ -68.263048428859022, -53.852662908842269 ], [ -68.26432050991481, -53.852697668508789 ], [ -68.265735114353106, -53.851969581545454 ], [ -68.266139504031869, -53.850352550528612 ], [ -68.264974167065333, -53.847481521507603 ], [ -68.266232074451224, -53.846797392513764 ], [ -68.270339424545966, -53.849353898368854 ], [ -68.277936330816928, -53.850936246726505 ], [ -68.278737504873774, -53.852064160105279 ], [ -68.27895529220595, -53.854644094663634 ], [ -68.281307893564474, -53.856367556662789 ], [ -68.284827869761557, -53.856712036388629 ], [ -68.288467457075683, -53.855608331207634 ], [ -68.291331133219117, -53.856793293349817 ], [ -68.295268011201784, -53.856980448446748 ], [ -68.296727183702444, -53.855836715035011 ], [ -68.297169573171843, -53.854150174603653 ], [ -68.298826804473578, -53.852967144000722 ], [ -68.299127864507128, -53.851547066278641 ], [ -68.298703966213068, -53.850315925066219 ], [ -68.300342543322799, -53.849784158798585 ], [ -68.303428346857473, -53.850628708033177 ], [ -68.304604851681759, -53.852073091098042 ], [ -68.305518696097948, -53.85240632644134 ], [ -68.37998828253258, -53.835891479597088 ], [ -68.379914080014771, -53.737768077927889 ], [ -68.304675724190517, -53.745729119564103 ], [ -68.304747097060385, -53.67342758332363 ], [ -68.325603607472146, -53.669557503429409 ], [ -68.362380403901653, -53.670882081062018 ], [ -68.380160588861031, -53.673608021980357 ], [ -68.380089899323551, -53.559805192433657 ], [ -68.304860390803995, -53.556154740315684 ], [ -68.305574338403517, -53.483722137164285 ] ] ] } },
{ "type": "Feature", "properties": { "codigo_indec": "940140201" }, "geometry": { "type": "Polygon", "coordinates": [ [ [ -67.167497801543448, -54.549937294760184 ], [ -66.659616978553458, -54.548660129730507 ], [ -66.45268370968212, -54.547299450215249 ], [ -66.444863305423269, -54.546783966042945 ], [ -66.440065737358779, -54.545208708808786 ], [ -66.438384396262805, -54.54416661666982 ], [ -66.435778894435458, -54.543751927278677 ], [ -66.43514353618049, -54.541869268722515 ], [ -66.43297283099065, -54.540502189222281 ], [ -66.43279880750778, -54.538782080332567 ], [ -66.43021163400779, -54.537406103595927 ], [ -66.426713467336697, -54.537493450075509 ], [ -66.427101160992663, -54.534832718215945 ], [ -66.423046684361253, -54.533452303926722 ], [ -66.4175289505379, -54.533469353505623 ], [ -66.414124339173185, -54.532082296444393 ], [ -66.412181630712141, -54.527864239282415 ], [ -66.409055942393749, -54.526413357013155 ], [ -66.402439616115345, -54.526774602650441 ], [ -66.399510234139655, -54.525462485368827 ], [ -66.397484953792286, -54.522327519710522 ], [ -66.397273009357349, -54.519346156705851 ], [ -66.394479717148329, -54.518333396228797 ], [ -66.390338594004035, -54.519019145034875 ], [ -66.384444477073444, -54.521569741749623 ], [ -66.381995917381801, -54.521750381779562 ], [ -66.381569397200238, -54.519665237755852 ], [ -66.379796824587856, -54.518458564366732 ], [ -66.376333949900186, -54.518500268081652 ], [ -66.376234248759715, -54.520295426688229 ], [ -66.373834909065351, -54.521995707824466 ], [ -66.370685714643969, -54.522259746983941 ], [ -66.366355374683707, -54.520413074144706 ], [ -66.363789356529566, -54.518281218219066 ], [ -66.364814458976497, -54.515077367848399 ], [ -66.364068085381106, -54.513955733540612 ], [ -66.35650769462238, -54.514788118606539 ], [ -66.350751548376024, -54.517331119487707 ], [ -66.347948271299899, -54.517683025898314 ], [ -66.343353940098126, -54.513502162925761 ], [ -66.341361351195005, -54.513206716572107 ], [ -66.339855455817556, -54.514512598153956 ], [ -66.340583370297267, -54.516442786136537 ], [ -66.338928914598057, -54.517655521052596 ], [ -66.332658310634258, -54.516160296393863 ], [ -66.333699933959537, -54.51445783073175 ], [ -66.332767221975502, -54.51360148404347 ], [ -66.330718845524927, -54.514221276420237 ], [ -66.328761419942822, -54.515517049914941 ], [ -66.323810655457876, -54.514221271664084 ], [ -66.320695898731813, -54.512076317210166 ], [ -66.318954518374085, -54.513430644595388 ], [ -66.317977221761268, -54.513141603438854 ], [ -66.310245675306021, -54.671225322334074 ], [ -66.465329934742726, -54.673831711414415 ], [ -67.327686709299428, -54.672529027716301 ], [ -67.318575417567587, -54.662859014053112 ], [ -67.314905759353366, -54.662772079195342 ], [ -67.310579763638415, -54.659827755354002 ], [ -67.30567943704861, -54.657665886096737 ], [ -67.302564341348614, -54.657298821803728 ], [ -67.301921804718319, -54.65524131675059 ], [ -67.301204778349003, -54.654970706871197 ], [ -67.298591554455882, -54.656319906246765 ], [ -67.29816924164642, -54.654559720299105 ], [ -67.296905362959592, -54.652915731990042 ], [ -67.297102855599476, -54.651157516689999 ], [ -67.291247374174077, -54.646322151369986 ], [ -67.289983621544408, -54.644318699746407 ], [ -67.28416228072318, -54.641657751138276 ], [ -67.281841721003261, -54.640115418959944 ], [ -67.280269709554332, -54.638457888333626 ], [ -67.280146232024535, -54.636245898147216 ], [ -67.275580935298905, -54.633224997610789 ], [ -67.274875050229483, -54.629046033340103 ], [ -67.277435526624856, -54.627456255433685 ], [ -67.280184046811556, -54.626542949447334 ], [ -67.279228283862892, -54.624606639196102 ], [ -67.286576403437195, -54.619984899152605 ], [ -67.288357663838468, -54.61812330719642 ], [ -67.291292110207053, -54.617185428355256 ], [ -67.295365757386449, -54.613064969907846 ], [ -67.303427048190244, -54.611668790696093 ], [ -67.308240183543745, -54.609454041470563 ], [ -67.322944710969693, -54.577080154701996 ], [ -67.320001613361967, -54.576437350751895 ], [ -67.3188314346704, -54.575558564011864 ], [ -67.317702737091068, -54.573674052524574 ], [ -67.312753541354255, -54.57218554858779 ], [ -67.311784321800488, -54.570941119029925 ], [ -67.310063005088608, -54.57068348505306 ], [ -67.308155098213163, -54.5697044373917 ], [ -67.303559896365201, -54.56902014389599 ], [ -67.301704413043012, -54.5675295962211 ], [ -67.294781050366979, -54.567063836133563 ], [ -67.289213942802832, -54.565230961867442 ], [ -67.281172929820357, -54.563412119967531 ], [ -67.265593993456207, -54.565453946856927 ], [ -67.259796146747703, -54.563537781708874 ], [ -67.259645335899691, -54.566624147938526 ], [ -67.166931581934747, -54.565059437605349 ], [ -67.167497801543448, -54.549937294760184 ] ] ] } },
{ "type": "Feature", "properties": { "codigo_indec": "940140302" }, "geometry": { "type": "MultiPolygon", "coordinates": [ [ [ [ -66.309716564075046, -54.678813977088012 ], [ -66.313848646594067, -54.597561031129032 ], [ -66.269555829003465, -54.608016319332158 ], [ -66.267338727437021, -54.626308245630447 ], [ -66.206578247309608, -54.638248474090823 ], [ -66.206504220301156, -54.552331625854684 ], [ -66.156082313800866, -54.569094316229418 ], [ -66.129872299309341, -54.582243369104773 ], [ -65.994907462400519, -54.611742267389324 ], [ -65.87987648307778, -54.632717223261899 ], [ -65.862530572479386, -54.639272432994183 ], [ -65.802719629006717, -54.653498670891409 ], [ -65.682486783604304, -54.671169119284471 ], [ -65.645475521374138, -54.681833942220948 ], [ -65.584438235757489, -54.690203263630643 ], [ -65.547563753601167, -54.676276415075002 ], [ -65.438200222350389, -54.676316375193807 ], [ -65.41221048173395, -54.67973763034734 ], [ -65.257376109849673, -54.633318062723156 ], [ -65.291168466859347, -54.652589906227362 ], [ -65.303658418952025, -54.664937233658755 ], [ -65.297811916111883, -54.679069827754788 ], [ -65.273218234119241, -54.68486836251553 ], [ -65.246570398393644, -54.681581641313556 ], [ -65.219208097102836, -54.673178427128903 ], [ -65.201173818915436, -54.66498117466579 ], [ -65.169542599443247, -54.661655430606153 ], [ -65.165781177632567, -54.680201746317657 ], [ -65.175482918831435, -54.682250570684779 ], [ -65.177450593918124, -54.685701950532426 ], [ -65.182792734833342, -54.688297854697865 ], [ -65.185631597637126, -54.692603630994874 ], [ -65.1925664683436, -54.696642695601902 ], [ -65.193090676316359, -54.700446169057884 ], [ -65.197888549078115, -54.705071675884703 ], [ -65.193357657039329, -54.709352286745123 ], [ -65.193451012203241, -54.713985000820756 ], [ -65.194596341664294, -54.71584594930777 ], [ -65.189992855991861, -54.719063368103697 ], [ -65.186695667532547, -54.720272081147691 ], [ -65.186651762273911, -54.721565240532655 ], [ -65.190325012846756, -54.72247198948368 ], [ -65.194082328473797, -54.721987840079301 ], [ -65.19524048671822, -54.727067544210932 ], [ -65.198029871703611, -54.729456561944758 ], [ -65.19821622735985, -54.7325639040628 ], [ -65.200317611548925, -54.738653040417162 ], [ -65.207899381762587, -54.741812377978469 ], [ -65.207937784652501, -54.739242501602021 ], [ -65.208778405726335, -54.737273089488681 ], [ -65.210500014473666, -54.735268317035214 ], [ -65.21986589204414, -54.735291359020778 ], [ -65.220998588549179, -54.736306594928507 ], [ -65.219582844799106, -54.737494001234509 ], [ -65.221471628790496, -54.74127470328866 ], [ -65.217229266188539, -54.743569495610139 ], [ -65.217695708900933, -54.746730476158064 ], [ -65.209553468410718, -54.755195996243906 ], [ -65.202957690005434, -54.757243595382043 ], [ -65.207661451746162, -54.758139356429524 ], [ -65.20986056186355, -54.759224031344786 ], [ -65.208645483354886, -54.761244661862619 ], [ -65.206723727136151, -54.762011555669986 ], [ -65.203902491659136, -54.760763493418963 ], [ -65.199330145378212, -54.763766543583614 ], [ -65.203255497828266, -54.7667124315767 ], [ -65.208058333801205, -54.767350560966563 ], [ -65.209823228283014, -54.768428377529226 ], [ -65.209337135354673, -54.772458558507466 ], [ -65.211732715099288, -54.775814747736248 ], [ -65.208009425704361, -54.778997509711338 ], [ -65.204135706542687, -54.778885198370645 ], [ -65.202907336967087, -54.779835582235087 ], [ -65.204886758604061, -54.781947266453052 ], [ -65.213454797698631, -54.784795387313835 ], [ -65.221414353917496, -54.786509185830312 ], [ -65.227170212105122, -54.789007875972601 ], [ -65.236199876151474, -54.790771970952058 ], [ -65.244286042040287, -54.794663649668017 ], [ -65.249243813404547, -54.795392530494674 ], [ -65.260397820082432, -54.795072005696618 ], [ -65.263182847098363, -54.796587251895588 ], [ -65.265311427369809, -54.802181431956384 ], [ -65.264284231577136, -54.806563637526644 ], [ -65.257584932473179, -54.806347980573946 ], [ -65.252514102072098, -54.807117228959001 ], [ -65.251515829608365, -54.810835013274641 ], [ -65.249221619981057, -54.812579937920162 ], [ -65.244946732439686, -54.813022915783421 ], [ -65.240788358836511, -54.812588375782653 ], [ -65.237894434082051, -54.814080763795758 ], [ -65.235825885666387, -54.816695453505922 ], [ -65.227888067792151, -54.817015048533449 ], [ -65.224877049092711, -54.816085274163221 ], [ -65.223188503384591, -54.818163226222843 ], [ -65.222592212131445, -54.81987965229338 ], [ -65.227947408349323, -54.822051098982399 ], [ -65.231141176912246, -54.825701339692195 ], [ -65.232395229194822, -54.830495831965081 ], [ -65.23698545861771, -54.833209417840834 ], [ -65.243123896193509, -54.834981946288543 ], [ -65.252140340524548, -54.8359981306631 ], [ -65.255831027686, -54.839573126643863 ], [ -65.259998131240209, -54.842299699818454 ], [ -65.263501421458841, -54.842147005113127 ], [ -65.266201669517812, -54.844783197430829 ], [ -65.267750024773861, -54.848255857491864 ], [ -65.269796900273775, -54.849918963148525 ], [ -65.27619172705343, -54.851994288207031 ], [ -65.279778407280887, -54.854495556249503 ], [ -65.278813735535195, -54.857396519525132 ], [ -65.280399095210456, -54.858750865724943 ], [ -65.28060388032651, -54.860417943560876 ], [ -65.279044349085169, -54.863642264325037 ], [ -65.286291315291564, -54.867028634992081 ], [ -65.295917067763511, -54.868626412069617 ], [ -65.304071588654381, -54.870978647546998 ], [ -65.311693368972016, -54.873711900015749 ], [ -65.314267377797847, -54.875567765993821 ], [ -65.312885560116726, -54.880622712748441 ], [ -65.31665924780971, -54.884712852317477 ], [ -65.314412601979328, -54.893597960897615 ], [ -65.317132807429005, -54.896599819167065 ], [ -65.314971747989304, -54.901001884736594 ], [ -65.311783107392657, -54.904779400003832 ], [ -65.320236585587665, -54.912146510875672 ], [ -65.320762426752538, -54.915272731709877 ], [ -65.327525284584112, -54.92068229981453 ], [ -65.34331345593182, -54.925213044028666 ], [ -65.345721623370167, -54.927227216251779 ], [ -65.343197887985212, -54.92837599398451 ], [ -65.344308015766003, -54.92938699866604 ], [ -65.350185557435722, -54.929339115180639 ], [ -65.354782843804216, -54.930414356033872 ], [ -65.375022229645523, -54.938292498561594 ], [ -65.37875533085824, -54.940747783100797 ], [ -65.382571049234429, -54.941724466951754 ], [ -65.383660238796651, -54.939464713725485 ], [ -65.385926266683526, -54.939093969316325 ], [ -65.388535949903186, -54.941722245357568 ], [ -65.392713213904756, -54.943023971772895 ], [ -65.395224051925524, -54.94144681372633 ], [ -65.397707663494614, -54.940738480727624 ], [ -65.401395374169383, -54.940881537176345 ], [ -65.403080352749939, -54.942162947796938 ], [ -65.414257932870754, -54.939122697451452 ], [ -65.414194106065267, -54.936246608979481 ], [ -65.409230164989523, -54.935144834638315 ], [ -65.409076060643514, -54.933722273500102 ], [ -65.410439776138986, -54.931603009596017 ], [ -65.414612863643342, -54.929748756094099 ], [ -65.419717629099168, -54.928515110750709 ], [ -65.421582359772017, -54.925316107840011 ], [ -65.422046772258554, -54.921626370996563 ], [ -65.42038970929417, -54.918146006153243 ], [ -65.422077041277561, -54.91320466303798 ], [ -65.425189435857163, -54.910132273618679 ], [ -65.423710606139934, -54.906403259909119 ], [ -65.425255860287962, -54.901118362218817 ], [ -65.426616530091081, -54.898614573324522 ], [ -65.426321737781393, -54.893670983567674 ], [ -65.42191142004144, -54.890296023870761 ], [ -65.417533895039085, -54.885726330064649 ], [ -65.423020760797556, -54.886580347717931 ], [ -65.42612576201806, -54.88501787792989 ], [ -65.421712925441909, -54.881813609239749 ], [ -65.422851777704381, -54.879871872103514 ], [ -65.428899855260909, -54.875831984417111 ], [ -65.434413904345803, -54.881171762232697 ], [ -65.449160742048832, -54.887258199242297 ], [ -65.466832065900903, -54.88787288653787 ], [ -65.476358847335675, -54.888949891538381 ], [ -65.481903128770256, -54.892068044613715 ], [ -65.484042015097998, -54.895437880068144 ], [ -65.48728834282673, -54.898453214871793 ], [ -65.496124847726577, -54.90104570293574 ], [ -65.499700068914635, -54.904061189138098 ], [ -65.49922695083103, -54.910989033276827 ], [ -65.495100828730259, -54.913941841839183 ], [ -65.493893527651522, -54.927230419647152 ], [ -65.500611374620831, -54.932185957900259 ], [ -65.520420283008661, -54.936341678954733 ], [ -65.52312453683102, -54.939780858173933 ], [ -65.527728398551005, -54.941386707895248 ], [ -65.53863796078096, -54.938167926428932 ], [ -65.542833470541439, -54.938761587590527 ], [ -65.542436471458771, -54.941383910391856 ], [ -65.543424819025788, -54.943328839811052 ], [ -65.550585930320395, -54.947449174515732 ], [ -65.556429842002743, -54.949960996244052 ], [ -65.558618288295762, -54.946238899792633 ], [ -65.556593285586061, -54.943808554266496 ], [ -65.557698488359861, -54.940927634247146 ], [ -65.56023230127478, -54.939093885315366 ], [ -65.567095967990738, -54.938200513770347 ], [ -65.582977796832424, -54.942423554115528 ], [ -65.594096472333334, -54.944569506477258 ], [ -65.603898484160752, -54.944244034355066 ], [ -65.613751981012641, -54.95054130069245 ], [ -65.614553009595028, -54.952574750141537 ], [ -65.62070297568691, -54.952613434667576 ], [ -65.625545378946057, -54.953671601718035 ], [ -65.627670768216845, -54.958173046374931 ], [ -65.631055178300514, -54.959118589508996 ], [ -65.630888966829403, -54.962781157813737 ], [ -65.627655225758048, -54.966136151973039 ], [ -65.627743240689142, -54.968626075559229 ], [ -65.630364967883821, -54.970759360981617 ], [ -65.635247096972748, -54.97081153243218 ], [ -65.641245142319434, -54.971579708791133 ], [ -65.63789960532749, -54.965249394466746 ], [ -65.639311799187695, -54.964614358342416 ], [ -65.642470570602995, -54.965933077600269 ], [ -65.647933269889378, -54.97044541681786 ], [ -65.652095719611111, -54.973182471269453 ], [ -65.653873754495436, -54.971343952701687 ], [ -65.66096127281584, -54.972168113419109 ], [ -65.66221593281854, -54.970982457845018 ], [ -65.6672781531353, -54.971406797610506 ], [ -65.671462647881867, -54.973894354227063 ], [ -65.676436895213982, -54.97170262633837 ], [ -65.680869119949435, -54.970439636630047 ], [ -65.687168758131904, -54.970827286912247 ], [ -65.695468140936526, -54.973023916332266 ], [ -65.696974726105836, -54.969377570423191 ], [ -65.70011694234077, -54.968402377744077 ], [ -65.703630491200528, -54.968803349577996 ], [ -65.705706537939548, -54.969731489673045 ], [ -65.71584463854802, -54.968028617257715 ], [ -65.720100519140331, -54.96603367710577 ], [ -65.720085223972163, -54.961815691508548 ], [ -65.721845522248174, -54.960532995775296 ], [ -65.720486094106576, -54.958096533719463 ], [ -65.710562777758497, -54.956776640238601 ], [ -65.709497287012638, -54.952426829274827 ], [ -65.710095690374885, -54.94859395060174 ], [ -65.712217754871745, -54.942449728654637 ], [ -65.71396860123177, -54.939171573214452 ], [ -65.71239396973067, -54.935704548456314 ], [ -65.715149105284183, -54.93350515198231 ], [ -65.721171590416901, -54.932005139526105 ], [ -65.725489521815049, -54.927852385904323 ], [ -65.728096699734238, -54.92419267820889 ], [ -65.727991721726539, -54.920298080558773 ], [ -65.734501542512035, -54.908519415175419 ], [ -65.733724860009985, -54.906602071007597 ], [ -65.736174813080908, -54.905193945467531 ], [ -65.751585767257851, -54.905050047648523 ], [ -65.759202426563618, -54.906736610690906 ], [ -65.763499600338591, -54.909313911137922 ], [ -65.770620565050109, -54.906348816791905 ], [ -65.770520835133837, -54.903310531781379 ], [ -65.775429510974789, -54.901758051112033 ], [ -65.783027241217667, -54.906031088430517 ], [ -65.784453688462776, -54.904379178736107 ], [ -65.791567425448392, -54.904756135496186 ], [ -65.794767806542964, -54.907662822470634 ], [ -65.798351792232509, -54.909330241307529 ], [ -65.801451635063572, -54.911892554873148 ], [ -65.800953825989069, -54.914036489376457 ], [ -65.804623570145168, -54.914780237546616 ], [ -65.808092378633901, -54.916929657062958 ], [ -65.814922459086418, -54.916336073958739 ], [ -65.818722556119369, -54.917064833124535 ], [ -65.829117375372292, -54.914838173778769 ], [ -65.834927989443628, -54.910927380398533 ], [ -65.839479103671323, -54.908592321156519 ], [ -65.840762378885231, -54.905554208979545 ], [ -65.847379509403424, -54.902167137625561 ], [ -65.855645761128002, -54.901965843473725 ], [ -65.864341892893677, -54.900447182874977 ], [ -65.880231282724111, -54.900229671654991 ], [ -65.8850081338488, -54.897545993777157 ], [ -65.887255574238836, -54.897118317663157 ], [ -65.893238936107863, -54.901279993216697 ], [ -65.899651172795203, -54.903430136817526 ], [ -65.902168418251918, -54.904770606657635 ], [ -65.90125626720473, -54.908317582227191 ], [ -65.902284102339607, -54.910166008616343 ], [ -65.907346045951954, -54.911742018485143 ], [ -65.911389790874424, -54.911647224841758 ], [ -65.918703612895555, -54.908058352870661 ], [ -65.923390144721196, -54.909192768158441 ], [ -65.928203312201632, -54.905189442787638 ], [ -65.933856142279097, -54.903615750484796 ], [ -65.945740295322096, -54.903879345105842 ], [ -65.950901097739319, -54.905087535250352 ], [ -65.956457801449204, -54.907356936208949 ], [ -65.958810172578723, -54.907137274594341 ], [ -65.96272850337941, -54.905437905844636 ], [ -65.966663248804593, -54.902894024096248 ], [ -65.984785171699372, -54.902905051972965 ], [ -65.98756227817789, -54.90419624411544 ], [ -65.99441583732056, -54.909075363982446 ], [ -66.000182348887833, -54.910294174515641 ], [ -65.997438573277634, -54.911423895340086 ], [ -65.999027735566543, -54.915273726348083 ], [ -65.998312314795982, -54.918752039330123 ], [ -65.995409271199989, -54.921538158011884 ], [ -65.983961056914112, -54.923977490507177 ], [ -65.97842667862264, -54.925781151701187 ], [ -65.972401412829342, -54.930942527828066 ], [ -65.96841537581308, -54.930196020956252 ], [ -65.962086433437449, -54.933408087874689 ], [ -65.964950671287994, -54.93438964924384 ], [ -65.965469988021781, -54.9363528487332 ], [ -65.963060732456739, -54.938494500875336 ], [ -65.954942205055829, -54.941659211942891 ], [ -65.955627009859484, -54.944525327694365 ], [ -65.967155683126578, -54.952983060831002 ], [ -65.970905870408501, -54.959951806350254 ], [ -65.967970791574899, -54.962889299559826 ], [ -65.964081008094695, -54.964086325276909 ], [ -65.964620566312732, -54.965629872340465 ], [ -65.975277991711096, -54.967079691155881 ], [ -65.988019090833617, -54.966946823286058 ], [ -65.997375777693264, -54.96946110926342 ], [ -66.003447421729135, -54.970527664982846 ], [ -66.014920437688488, -54.971495297498663 ], [ -66.014729381323107, -54.974121556626784 ], [ -66.02218153969585, -54.978081177958529 ], [ -66.031622435175322, -54.979570310518355 ], [ -66.034990380726498, -54.982633947336105 ], [ -66.037094766281101, -54.983712025758784 ], [ -66.042660753401947, -54.983728506648781 ], [ -66.04550013044863, -54.982889880401586 ], [ -66.049439857089041, -54.982653069607906 ], [ -66.051643469248319, -54.986058663400684 ], [ -66.061821683946476, -54.987976688995666 ], [ -66.069747069902746, -54.986882885540297 ], [ -66.077696526873666, -54.988622249442258 ], [ -66.096552093124075, -54.991390442329283 ], [ -66.104879343228617, -54.994042439650883 ], [ -66.123934265738512, -54.993975768774852 ], [ -66.129455756260953, -54.992171889819552 ], [ -66.140775803652616, -54.993600197460417 ], [ -66.151360806763307, -54.992950033306052 ], [ -66.161391952455645, -54.990731336033733 ], [ -66.182606873635379, -54.992040402639297 ], [ -66.185470033991194, -54.99333788160645 ], [ -66.188101579260405, -54.996328388234197 ], [ -66.192855454462887, -54.997867105742117 ], [ -66.210471241611742, -54.997043671515641 ], [ -66.22587740993302, -54.995553967682675 ], [ -66.237923929985271, -54.996023706325616 ], [ -66.250077537797722, -54.995274769639629 ], [ -66.259413844067836, -54.994059006947815 ], [ -66.267485384990707, -54.992126658012772 ], [ -66.2808041083387, -54.993245286401532 ], [ -66.294855145534171, -54.992318642844147 ], [ -66.315289330261223, -54.99338940694313 ], [ -66.321596987751491, -54.991614472849236 ], [ -66.325421523468918, -54.991213417110131 ], [ -66.328335016035382, -54.992996083983627 ], [ -66.328438678757379, -54.995786322008641 ], [ -66.332796066861917, -54.994073525904071 ], [ -66.33570371345165, -54.986757396110079 ], [ -66.350280874566167, -54.991542099795069 ], [ -66.354707547791875, -54.991485733499225 ], [ -66.355429298990515, -54.990908352246471 ], [ -66.354019132254976, -54.989835280152768 ], [ -66.354569643881689, -54.986872856548167 ], [ -66.352834630218382, -54.984031418767785 ], [ -66.351596135944931, -54.983144021482765 ], [ -66.348262885076295, -54.98304215159591 ], [ -66.347343523885499, -54.983714026034789 ], [ -66.34824211417677, -54.985252287775523 ], [ -66.348082358552773, -54.985778984778186 ], [ -66.345256873390852, -54.986148650091515 ], [ -66.344587501902922, -54.984276145648515 ], [ -66.344889854025013, -54.983247096662325 ], [ -66.348894795117531, -54.981278925905549 ], [ -66.352000052720385, -54.978019493832342 ], [ -66.355446278015549, -54.976872405736806 ], [ -66.355852036815605, -54.975928703572627 ], [ -66.355061881627449, -54.974878107781556 ], [ -66.35653728923765, -54.974119424636989 ], [ -66.360898747485052, -54.974789310967694 ], [ -66.366297574037631, -54.977512378937512 ], [ -66.366469355728299, -54.978944890206101 ], [ -66.368352294957177, -54.979776445343589 ], [ -66.369263337005734, -54.97946367995808 ], [ -66.369060501225803, -54.977787877273464 ], [ -66.368279212249391, -54.976596032843084 ], [ -66.3698801858731, -54.975765773148275 ], [ -66.373879433874521, -54.975528742810745 ], [ -66.37703160087213, -54.974565651765474 ], [ -66.379426563026982, -54.972874011602642 ], [ -66.380252312324231, -54.971948274464857 ], [ -66.380898703070187, -54.969938092276131 ], [ -66.379653974707111, -54.969383331923062 ], [ -66.378282117905087, -54.969821024454816 ], [ -66.377337366472915, -54.971613583861178 ], [ -66.376533291045391, -54.971427742323456 ], [ -66.376072807278675, -54.968728716957742 ], [ -66.378104822793475, -54.967927876825158 ], [ -66.381628536882772, -54.968084714214989 ], [ -66.38331696025881, -54.967521256177044 ], [ -66.381804471588026, -54.966821468080944 ], [ -66.379032260121093, -54.966698815061193 ], [ -66.37941745514587, -54.965341236993112 ], [ -66.380867304340782, -54.964662589870805 ], [ -66.38199436888263, -54.963123295947568 ], [ -66.381448209039633, -54.961916381194861 ], [ -66.382599254940118, -54.960847121494183 ], [ -66.385660681524115, -54.959877372174944 ], [ -66.386006813456447, -54.958395376310918 ], [ -66.385546756688953, -54.957484625852153 ], [ -66.384100172218794, -54.956977233735103 ], [ -66.381087958429831, -54.957433549252137 ], [ -66.382630726338988, -54.955741458803729 ], [ -66.38272983887137, -54.954997748482377 ], [ -66.384690312357293, -54.954143594929739 ], [ -66.382982725400524, -54.952489337376718 ], [ -66.384074020835527, -54.950893092923927 ], [ -66.387105272960625, -54.95133797244111 ], [ -66.388137163855433, -54.950594093295621 ], [ -66.386671146311443, -54.948585635661232 ], [ -66.387678766674512, -54.94749302819104 ], [ -66.387574825405949, -54.946448407993266 ], [ -66.386114881459946, -54.944469275968729 ], [ -66.38543265156089, -54.942655132730643 ], [ -66.385389192087217, -54.940740159560001 ], [ -66.38657642299512, -54.940244509067178 ], [ -66.389784350385455, -54.941744502675441 ], [ -66.391263405585235, -54.941863882542208 ], [ -66.392392929221842, -54.939848289447738 ], [ -66.394057340367254, -54.939695292154063 ], [ -66.394746384057953, -54.940384024546439 ], [ -66.397140594817571, -54.940471283096095 ], [ -66.399911573225737, -54.939679184239402 ], [ -66.399779310862016, -54.938101546347305 ], [ -66.394592365066899, -54.935285616830839 ], [ -66.38948043877086, -54.935175882852761 ], [ -66.386565412201705, -54.934160685092522 ], [ -66.381613076278782, -54.931358216925311 ], [ -66.381377984882405, -54.928252939150987 ], [ -66.375449610484281, -54.924881006879978 ], [ -66.375086060632583, -54.922797353206896 ], [ -66.373486889206475, -54.921001500875533 ], [ -66.373049671010122, -54.918853342492646 ], [ -66.373594431806254, -54.917436325059363 ], [ -66.369823238133307, -54.917076150255475 ], [ -66.36891205348914, -54.915322086047532 ], [ -66.363638615025309, -54.912235557237835 ], [ -66.365406516512721, -54.910483423596389 ], [ -66.362217387246716, -54.906720877315188 ], [ -66.350942729294701, -54.90510057642436 ], [ -66.351295378862048, -54.902996506315866 ], [ -66.349754183880577, -54.901057801212502 ], [ -66.352307243044791, -54.900232843089434 ], [ -66.353616757222696, -54.899227972518801 ], [ -66.352724996973308, -54.898085257139492 ], [ -66.351266057265974, -54.897091916096024 ], [ -66.345313946403834, -54.897680836701674 ], [ -66.338245588345515, -54.89687010630368 ], [ -66.337147789550656, -54.896021547372094 ], [ -66.337656642148033, -54.893981590090341 ], [ -66.33079583609782, -54.893462528210193 ], [ -66.327971091597007, -54.892151305078748 ], [ -66.325906575371945, -54.888017088171914 ], [ -66.327562004071552, -54.886265263277238 ], [ -66.325127580424521, -54.884953570661054 ], [ -66.323437457275844, -54.879120148441537 ], [ -66.322669547502684, -54.878009130872499 ], [ -66.319113183022651, -54.87805420845951 ], [ -66.317516950427517, -54.876511489802311 ], [ -66.317357024757484, -54.874755619782512 ], [ -66.316197468805669, -54.873444942348812 ], [ -66.313541615828555, -54.873545703436207 ], [ -66.312243616321027, -54.874316756416228 ], [ -66.308563233831748, -54.874064471905463 ], [ -66.307374364879138, -54.872088065492576 ], [ -66.310519140077488, -54.870962595803029 ], [ -66.312336634953255, -54.868882070629709 ], [ -66.310938302398057, -54.86700889634789 ], [ -66.309135092598055, -54.86688805744717 ], [ -66.307453361386038, -54.865529766744551 ], [ -66.307482972189376, -54.863625311867004 ], [ -66.303142773721646, -54.858687535740223 ], [ -66.303124286017095, -54.856573075499135 ], [ -66.303790507261937, -54.855284850652012 ], [ -66.30235542092413, -54.852691835675415 ], [ -66.305385476532877, -54.850988832068182 ], [ -66.306511469532069, -54.851094706174024 ], [ -66.307411042136224, -54.84904779833257 ], [ -66.306090740569076, -54.847652563660816 ], [ -66.304023473080903, -54.847301116301253 ], [ -66.304056174105284, -54.845702262594756 ], [ -66.308508108126716, -54.845261904145097 ], [ -66.310211998641506, -54.842298229111989 ], [ -66.3143589571647, -54.841051111500292 ], [ -66.31469784024442, -54.840168959285251 ], [ -66.31578645337612, -54.839485368060096 ], [ -66.318137343009255, -54.840954951778293 ], [ -66.321664758186216, -54.840592530486575 ], [ -66.32225658077509, -54.840120328350807 ], [ -66.322131243982128, -54.839191966369363 ], [ -66.32419546544611, -54.839291422894028 ], [ -66.325394878195013, -54.839695293850291 ], [ -66.325732126232779, -54.840304813163492 ], [ -66.327285118982374, -54.840365989108946 ], [ -66.330936087931661, -54.837364034594586 ], [ -66.329542341040025, -54.835365356523965 ], [ -66.327822760057003, -54.830054749313483 ], [ -66.326624704590785, -54.827986203770756 ], [ -66.328005970527656, -54.825868890324109 ], [ -66.327047995283237, -54.821758986912819 ], [ -66.329586127522489, -54.819145931681398 ], [ -66.329820655930007, -54.816536059004072 ], [ -66.328511790656293, -54.815914139928005 ], [ -66.324705027080256, -54.812298591194491 ], [ -66.320189164206027, -54.809709672485603 ], [ -66.319226800469366, -54.804332503906735 ], [ -66.316588399413646, -54.798783451830111 ], [ -66.318295680488248, -54.796961025202563 ], [ -66.320459621090919, -54.79558001508034 ], [ -66.321010761856954, -54.793597205247117 ], [ -66.320200818638298, -54.79197073926602 ], [ -66.316391768435409, -54.788903007408713 ], [ -66.315537113472956, -54.787661933806852 ], [ -66.314940162814608, -54.785700904343727 ], [ -66.315438795423461, -54.783984299945985 ], [ -66.317580784477187, -54.782162523619341 ], [ -66.33067362006679, -54.780312697073406 ], [ -66.335140280878022, -54.777643134929697 ], [ -66.335693972939467, -54.775606401946831 ], [ -66.335139803504717, -54.773868831634161 ], [ -66.336042424140118, -54.771902670647059 ], [ -66.337603454502911, -54.770382312087527 ], [ -66.337969833370479, -54.768413346786481 ], [ -66.336699205237764, -54.766462346245419 ], [ -66.333317132685053, -54.763063019195847 ], [ -66.332154584779758, -54.761069410689949 ], [ -66.332593988722635, -54.759173955930798 ], [ -66.335690695084764, -54.755737351107747 ], [ -66.338018148726931, -54.75418890272006 ], [ -66.341043493372226, -54.753545378833913 ], [ -66.350849442481689, -54.753274826494348 ], [ -66.35710378576735, -54.752368937917055 ], [ -66.35901499138923, -54.751172721433313 ], [ -66.359456517343617, -54.746300487871288 ], [ -66.354719149782468, -54.73872948316609 ], [ -66.334917394054344, -54.712234866949402 ], [ -66.320748877228141, -54.696905856292723 ], [ -66.311676653160134, -54.686228747276346 ], [ -66.309716564075046, -54.678813977088012 ] ] ], [ [ [ -64.339668149703854, -54.699229119013509 ], [ -64.341690920042836, -54.698110950953833 ], [ -64.341758375797411, -54.696171023267283 ], [ -64.341612863838577, -54.694564633246046 ], [ -64.339680258501147, -54.693851661528356 ], [ -64.337655570267984, -54.694852807675964 ], [ -64.337938559509951, -54.698065292960081 ], [ -64.339668149703854, -54.699229119013509 ] ] ], [ [ [ -64.236288087548772, -54.693060722746189 ], [ -64.243233740359528, -54.692119999569293 ], [ -64.244855851955705, -54.6909966418267 ], [ -64.242963708301573, -54.689258404458236 ], [ -64.242846787136017, -54.687077351941937 ], [ -64.236691067708165, -54.683444415535327 ], [ -64.235087117596805, -54.683884861331919 ], [ -64.234820708713059, -54.685592148242321 ], [ -64.231951777570046, -54.688078217338777 ], [ -64.232460416891058, -54.690256749291891 ], [ -64.236288087548772, -54.693060722746189 ] ] ], [ [ [ -64.254285199400499, -54.687232278158945 ], [ -64.257088303484352, -54.686359713755309 ], [ -64.258605628087182, -54.682938719940829 ], [ -64.258062521464595, -54.681442480759905 ], [ -64.254981294115694, -54.679684773243778 ], [ -64.251620023729203, -54.679759666069778 ], [ -64.249417279631558, -54.680644445057546 ], [ -64.248368088263547, -54.682347972794346 ], [ -64.249892475945927, -54.683514079283611 ], [ -64.251923602820995, -54.687083359822886 ], [ -64.254285199400499, -54.687232278158945 ] ] ], [ [ [ -64.256866779820754, -54.676964008197793 ], [ -64.259435181530776, -54.676765705033176 ], [ -64.26109995809982, -54.674735474841263 ], [ -64.266865812427454, -54.673432440285382 ], [ -64.267505379115008, -54.672072476994792 ], [ -64.270161345827987, -54.669820117904244 ], [ -64.26661383306336, -54.665076595964003 ], [ -64.266667315842, -54.663585766704912 ], [ -64.25904467354799, -54.661767146917654 ], [ -64.251486277246372, -54.66338610373063 ], [ -64.249290132636034, -54.66438803967371 ], [ -64.247445934393085, -54.665961377772256 ], [ -64.248373619011261, -54.667580717521105 ], [ -64.252603204551903, -54.670157166841335 ], [ -64.254157829297469, -54.675443466578081 ], [ -64.256866779820754, -54.676964008197793 ] ] ], [ [ [ -64.135524529989667, -54.654430764733064 ], [ -64.141696359660685, -54.653150030951849 ], [ -64.146715829903556, -54.651157158291113 ], [ -64.148168142976346, -54.64935370605658 ], [ -64.152018687014234, -54.646881978717794 ], [ -64.152071699144201, -54.645624941918669 ], [ -64.15456082663394, -54.642567872881841 ], [ -64.154654688760189, -54.640512006995444 ], [ -64.156028283007544, -54.640306251065105 ], [ -64.157866130070445, -54.63906678567858 ], [ -64.154198536685939, -54.637183916601344 ], [ -64.14751510554099, -54.636636887176607 ], [ -64.142453416016522, -54.635300254136148 ], [ -64.140932393995456, -54.634015901739929 ], [ -64.131696302759664, -54.633428256013865 ], [ -64.122715829504926, -54.636043142877639 ], [ -64.122628093196369, -54.638099263815853 ], [ -64.117067075812272, -54.639052900288959 ], [ -64.115423564613693, -54.640632409662274 ], [ -64.117123177894896, -54.642490945110346 ], [ -64.122236146492654, -54.642787387643999 ], [ -64.124522241721237, -54.64454356454263 ], [ -64.124228971771629, -54.646600385992507 ], [ -64.124952112662854, -54.648329454347063 ], [ -64.126625633968118, -54.650411640732145 ], [ -64.135524529989667, -54.654430764733064 ] ] ], [ [ [ -64.784107144022343, -54.825091976307263 ], [ -64.784150324042315, -54.823036721380092 ], [ -64.782015085310292, -54.821413668610504 ], [ -64.781272605153376, -54.819688466525491 ], [ -64.780116958253416, -54.818416418857304 ], [ -64.778342743491137, -54.818408567631884 ], [ -64.776864310489103, -54.821827700368239 ], [ -64.776611203081245, -54.823653108252714 ], [ -64.784107144022343, -54.825091976307263 ] ] ], [ [ [ -63.846252424218399, -54.777927491984123 ], [ -63.848308574002324, -54.776476838144013 ], [ -63.847219718785482, -54.774397519565106 ], [ -63.84509880646263, -54.773335680234538 ], [ -63.843446243692327, -54.774794483022085 ], [ -63.846252424218399, -54.777927491984123 ] ] ], [ [ [ -64.032729153650848, -54.796007832336002 ], [ -64.036559261070281, -54.794228867082602 ], [ -64.036582037110577, -54.793663148275883 ], [ -64.038381778565764, -54.793458098494519 ], [ -64.037278492437679, -54.791382368374279 ], [ -64.032578311509567, -54.790395817322342 ], [ -64.031818394221759, -54.794045633369414 ], [ -64.032729153650848, -54.796007832336002 ] ] ], [ [ [ -63.862539903595916, -54.784494018484295 ], [ -63.865528672615383, -54.784092387015555 ], [ -63.866364953435053, -54.783298049992851 ], [ -63.865585827033989, -54.783060353401716 ], [ -63.862158295047038, -54.784037047777183 ], [ -63.862539903595916, -54.784494018484295 ] ] ], [ [ [ -63.843116972360889, -54.781311111042854 ], [ -63.843406533290647, -54.779254508738717 ], [ -63.841492339786917, -54.778309363418096 ], [ -63.837894977234058, -54.778938555477062 ], [ -63.839394354666204, -54.780450771313127 ], [ -63.843116972360889, -54.781311111042854 ] ] ], [ [ [ -63.814967710030913, -54.708557665878992 ], [ -63.816802261893123, -54.707331977550943 ], [ -63.816667717816181, -54.706075828099976 ], [ -63.814338245824771, -54.705463182580104 ], [ -63.811738134196993, -54.705873366549532 ], [ -63.812042018944688, -54.707595565847122 ], [ -63.814967710030913, -54.708557665878992 ] ] ], [ [ [ -64.584045120335688, -54.798183420794821 ], [ -64.587051593402066, -54.797303863295596 ], [ -64.588100914871404, -54.795246932418991 ], [ -64.586574815656434, -54.793401906087801 ], [ -64.583826790123112, -54.792915077931255 ], [ -64.582581985960999, -54.794623145203587 ], [ -64.583103945899992, -54.796683389918954 ], [ -64.584045120335688, -54.798183420794821 ] ] ], [ [ [ -64.618747319795887, -54.90315651987401 ], [ -64.620777150404422, -54.901566325889334 ], [ -64.621016513025381, -54.900082314450309 ], [ -64.615669976594077, -54.900033028582328 ], [ -64.614804632172337, -54.90196198126921 ], [ -64.618747319795887, -54.90315651987401 ] ] ], [ [ [ -64.612755841946154, -54.89942634903197 ], [ -64.613768261856009, -54.898869501191314 ], [ -64.61123400851092, -54.897354848077292 ], [ -64.610813864882388, -54.897917375169328 ], [ -64.612755841946154, -54.89942634903197 ] ] ], [ [ [ -64.178658863594919, -54.868863859140525 ], [ -64.179879099131313, -54.86830981490084 ], [ -64.179336840724659, -54.866813261172474 ], [ -64.177931614454607, -54.867252012540071 ], [ -64.178658863594919, -54.868863859140525 ] ] ], [ [ [ -64.170752131943701, -54.867532727522246 ], [ -64.172339445673344, -54.867559997708099 ], [ -64.173617345559379, -54.865515336688979 ], [ -64.169738598639796, -54.863400131015233 ], [ -64.168555997657563, -54.86337996656659 ], [ -64.168300332500721, -54.864862752941868 ], [ -64.169214963282485, -54.866599056372749 ], [ -64.170752131943701, -54.867532727522246 ] ] ], [ [ [ -64.164098316746035, -54.861025632226017 ], [ -64.168464171780315, -54.860633178724385 ], [ -64.167965225026492, -54.858681851333138 ], [ -64.164600113015339, -54.858401458006277 ], [ -64.162875058997486, -54.85689358304532 ], [ -64.161470050940409, -54.857559244374343 ], [ -64.162379416059281, -54.85962817296231 ], [ -64.164098316746035, -54.861025632226017 ] ] ], [ [ [ -64.668823663437394, -54.873672875422621 ], [ -64.674743216816708, -54.874306794655396 ], [ -64.67595400506157, -54.873630645316851 ], [ -64.672633062906257, -54.871884669216115 ], [ -64.671634627617451, -54.872325590420481 ], [ -64.668091579397711, -54.871488710085593 ], [ -64.668823663437394, -54.873672875422621 ] ] ], [ [ [ -64.525425597717827, -54.865416789150615 ], [ -64.52668183054611, -54.863367947279322 ], [ -64.525763651188541, -54.861526606231436 ], [ -64.522203866572923, -54.861260270827877 ], [ -64.522561162296839, -54.862289601531415 ], [ -64.524697100505492, -54.86369259756782 ], [ -64.525425597717827, -54.865416789150615 ] ] ], [ [ [ -64.486966203090873, -54.865672599174673 ], [ -64.487614857282111, -54.864195005926966 ], [ -64.484080127623571, -54.863460872076196 ], [ -64.484225178468137, -54.864950035212466 ], [ -64.486966203090873, -54.865672599174673 ] ] ], [ [ [ -64.159500883973152, -54.843214014624181 ], [ -64.162087166314578, -54.842797928258435 ], [ -64.1631635868263, -54.84087124861135 ], [ -64.161250350158113, -54.839119729128591 ], [ -64.161213405670722, -54.835691577093804 ], [ -64.15373707911624, -54.834207743505218 ], [ -64.152024047294006, -54.832805842603307 ], [ -64.151192458020574, -54.833599999602704 ], [ -64.152802722216876, -54.837738702868428 ], [ -64.151524743579671, -54.839783146969275 ], [ -64.15562624913008, -54.841217629275398 ], [ -64.157328937733595, -54.842839406267693 ], [ -64.159500883973152, -54.843214014624181 ] ] ], [ [ [ -64.387577745177268, -54.84064504828261 ], [ -64.390981960937083, -54.839659469094471 ], [ -64.393229947661879, -54.837847461371581 ], [ -64.391680241028169, -54.836682404509197 ], [ -64.388539826572853, -54.83607730249134 ], [ -64.385341408546608, -54.837070646838825 ], [ -64.387577745177268, -54.84064504828261 ] ] ], [ [ [ -64.356382661628146, -54.833331500402984 ], [ -64.358040606383724, -54.831513243419103 ], [ -64.357904147282582, -54.830024163743673 ], [ -64.355517968918406, -54.830454303756781 ], [ -64.354080179732463, -54.831577264069153 ], [ -64.356382661628146, -54.833331500402984 ] ] ], [ [ [ -64.323857090076473, -54.829832142895896 ], [ -64.325472625007762, -54.82892997365321 ], [ -64.327699999163897, -54.827585987376068 ], [ -64.324731711622576, -54.82766032253717 ], [ -64.323857090076473, -54.829832142895896 ] ] ], [ [ [ -64.327715521714723, -54.831759415971106 ], [ -64.334106730403818, -54.830243082202017 ], [ -64.334950522771379, -54.828872648593546 ], [ -64.334610462576649, -54.827501588907353 ], [ -64.331616304858315, -54.82779992524295 ], [ -64.328819455005075, -54.828681359073016 ], [ -64.32637689885803, -54.830370047051815 ], [ -64.327715521714723, -54.831759415971106 ] ] ], [ [ [ -64.333513926602265, -54.836011831694783 ], [ -64.337310890466725, -54.835141796919167 ], [ -64.337199502536834, -54.832970166983117 ], [ -64.336581909594614, -54.833764770074509 ], [ -64.333388474682295, -54.834300551180128 ], [ -64.333513926602265, -54.836011831694783 ] ] ], [ [ [ -64.223568368237451, -54.730640463675513 ], [ -64.221668789720269, -54.727541326745225 ], [ -64.221799883140449, -54.724452678296004 ], [ -64.222887280710253, -54.721950413211189 ], [ -64.217208936182431, -54.720727735901058 ], [ -64.207646916402027, -54.722887772097948 ], [ -64.204626113737135, -54.724222799783014 ], [ -64.203169261029728, -54.726028996970399 ], [ -64.200532504294927, -54.727595007694035 ], [ -64.189629593712809, -54.728591972748823 ], [ -64.183301537146022, -54.728618988629989 ], [ -64.180687413505879, -54.729953893495932 ], [ -64.180628914058772, -54.731327623769261 ], [ -64.176109140160889, -54.735383601653865 ], [ -64.173882151924857, -54.73672481350733 ], [ -64.167856671145671, -54.739155496063894 ], [ -64.164576768229381, -54.741857541784995 ], [ -64.162620086329738, -54.741482526856494 ], [ -64.159411749075971, -54.742703302180011 ], [ -64.159155212341545, -54.744069113006489 ], [ -64.159895336718321, -54.744998117150729 ], [ -64.164358146753045, -54.747236166864482 ], [ -64.16183353628935, -54.7506361359723 ], [ -64.159564094877183, -54.751280629285432 ], [ -64.154705125955402, -54.750987228512585 ], [ -64.151515646137881, -54.751749875396172 ], [ -64.146846811878504, -54.754539725334979 ], [ -64.140115873570991, -54.754908161656097 ], [ -64.138168925199196, -54.754416227151133 ], [ -64.134678935998608, -54.752531108097173 ], [ -64.134734122163394, -54.75116623035958 ], [ -64.136555565724677, -54.745582196159866 ], [ -64.143548691185558, -54.734458667914694 ], [ -64.14403909716367, -54.732409728221398 ], [ -64.14964059381731, -54.730538842408855 ], [ -64.152306974971978, -54.728289296155943 ], [ -64.154324925704373, -54.727398796417638 ], [ -64.160248466691129, -54.727375107952007 ], [ -64.162455741758734, -54.726719148192288 ], [ -64.162890846442323, -54.725807922869336 ], [ -64.157398288424773, -54.724697762851513 ], [ -64.153657939781553, -54.724529978070905 ], [ -64.1502581936806, -54.72550897677835 ], [ -64.146800695296534, -54.723400619022755 ], [ -64.148237000154381, -54.72204617846419 ], [ -64.149105637343197, -54.720111329762638 ], [ -64.149186543475295, -54.718396719270338 ], [ -64.145643252486835, -54.71788580955333 ], [ -64.140467251163642, -54.719072039533977 ], [ -64.137526619868098, -54.718459185246004 ], [ -64.136014186054922, -54.716950329030965 ], [ -64.133699809194795, -54.715652028198079 ], [ -64.125014878014824, -54.715527131397522 ], [ -64.123196316267595, -54.716535360398886 ], [ -64.126623501518381, -54.719333508149262 ], [ -64.126517824009284, -54.721730676763578 ], [ -64.112978953547866, -54.724512256241134 ], [ -64.109739703782211, -54.725955320669044 ], [ -64.108285595285764, -54.727992169738826 ], [ -64.107952455417291, -54.730847842833867 ], [ -64.106224697716314, -54.734375635547664 ], [ -64.104760920557695, -54.736070280428955 ], [ -64.115722114958203, -54.738752866332547 ], [ -64.115614236613865, -54.74103302456453 ], [ -64.116564665741961, -54.742078735745764 ], [ -64.119692293400021, -54.742699614995118 ], [ -64.122006244074939, -54.7438812199401 ], [ -64.119011345040832, -54.744866713296751 ], [ -64.110330391167864, -54.74439926777081 ], [ -64.107546137945903, -54.744925298530603 ], [ -64.108385615549366, -54.748143180737955 ], [ -64.105749887133911, -54.749592587507465 ], [ -64.104828825202745, -54.748208446781959 ], [ -64.105491904924733, -54.746614069091919 ], [ -64.104991815355163, -54.744545410097594 ], [ -64.095412661581619, -54.741996602626948 ], [ -64.088521008487135, -54.741555123738465 ], [ -64.084507545943936, -54.738630875586118 ], [ -64.080430321328308, -54.736972086244904 ], [ -64.080084860407396, -54.735593150486224 ], [ -64.080511747188851, -54.730670386754198 ], [ -64.080220794915974, -54.728490924404959 ], [ -64.078021134573291, -54.724338252825063 ], [ -64.077898454527713, -54.7181519099409 ], [ -64.074242066189498, -54.71592535640201 ], [ -64.069514056579322, -54.715966551691047 ], [ -64.064122419440679, -54.717374609842636 ], [ -64.0518722526256, -54.717305765153263 ], [ -64.051340664293406, -54.720387099182638 ], [ -64.053783908622478, -54.723284313046648 ], [ -64.053724999860108, -54.724658052512758 ], [ -64.052105696113287, -54.725320370555288 ], [ -64.052005090302131, -54.727384976582677 ], [ -64.052914277054299, -54.729230047556477 ], [ -64.049355014820023, -54.729518406723081 ], [ -64.045072645467229, -54.728189518415491 ], [ -64.039108962818091, -54.7287905526494 ], [ -64.037469015133851, -54.730252346878892 ], [ -64.038183404681618, -54.731747757933263 ], [ -64.037588717890344, -54.736094691668718 ], [ -64.034629250045441, -54.740740343168767 ], [ -64.036298922174524, -54.742940561728979 ], [ -64.037709503394154, -54.751093479083018 ], [ -64.041111701906374, -54.754578916454719 ], [ -64.047298835135066, -54.757647594957746 ], [ -64.049009263534415, -54.759048770257884 ], [ -64.048898894228387, -54.761571692774652 ], [ -64.041790241828153, -54.76122665858729 ], [ -64.040054990291907, -54.760283079021427 ], [ -64.034400978455551, -54.758827934543994 ], [ -64.029137671797017, -54.752675431712213 ], [ -64.029721706781828, -54.748678868182473 ], [ -64.028023202164121, -54.746936093466879 ], [ -64.027224650828373, -54.74280400755223 ], [ -64.025939689423467, -54.740608228826794 ], [ -64.024436527919448, -54.738639566042849 ], [ -64.020756665873733, -54.737213172011735 ], [ -64.018898180952192, -54.734660897536081 ], [ -64.016396634983309, -54.733136713425601 ], [ -64.008155410226607, -54.731744515263344 ], [ -64.002987731351681, -54.732466580776844 ], [ -63.997877380647211, -54.732156410432289 ], [ -63.997637344441515, -54.72871950672711 ], [ -63.984403980541352, -54.724510599319451 ], [ -63.969919417566601, -54.725770967082632 ], [ -63.968800239901761, -54.72849482062756 ], [ -63.96397226085913, -54.730481883676617 ], [ -63.961437162901582, -54.729870341071269 ], [ -63.961509819378904, -54.728380221480926 ], [ -63.958998232759349, -54.722959596489432 ], [ -63.947179132364887, -54.718076837676463 ], [ -63.939777198653054, -54.716132496204445 ], [ -63.933993594843905, -54.713054665101531 ], [ -63.929273888005341, -54.712748896613192 ], [ -63.9261020863837, -54.71304760618122 ], [ -63.925022154358672, -54.714972198122624 ], [ -63.921505689889969, -54.714113954162379 ], [ -63.919213054825029, -54.71247948862554 ], [ -63.910592270364511, -54.711073511319796 ], [ -63.903767501796409, -54.709133197980847 ], [ -63.892217240520679, -54.707222320647723 ], [ -63.884303456626448, -54.7075533798169 ], [ -63.88188142209583, -54.708773174767011 ], [ -63.880808475422107, -54.710472827731266 ], [ -63.880742992758734, -54.711729389058618 ], [ -63.878244949237995, -54.714439112177956 ], [ -63.878342600716302, -54.716494165880725 ], [ -63.880836653709878, -54.718030022581047 ], [ -63.872812892716674, -54.720532575358469 ], [ -63.868322428765822, -54.719424573307187 ], [ -63.863217552918641, -54.718874995215849 ], [ -63.862831605635236, -54.722654625605053 ], [ -63.868007181543511, -54.725716898452056 ], [ -63.871707649106227, -54.726809389640195 ], [ -63.872819623341023, -54.728430712171189 ], [ -63.872208446798467, -54.732767507905251 ], [ -63.884950246438471, -54.738587261656981 ], [ -63.895309415452587, -54.741165753016809 ], [ -63.894986939800958, -54.743445910289957 ], [ -63.886651591359623, -54.744227231011386 ], [ -63.879944228034581, -54.743997475172023 ], [ -63.877225795970183, -54.743270699576236 ], [ -63.869899585848472, -54.739490267328165 ], [ -63.862291804439003, -54.737296318017549 ], [ -63.859648336204351, -54.734851956552539 ], [ -63.858949780497881, -54.733007454866659 ], [ -63.849766990976605, -54.723349257672261 ], [ -63.850676172498282, -54.720842284050846 ], [ -63.849563437141761, -54.719571521235309 ], [ -63.846034000497724, -54.718701503297069 ], [ -63.839900833484748, -54.719060610863473 ], [ -63.836283684880605, -54.716594364226673 ], [ -63.834079669840868, -54.713009979589401 ], [ -63.832753096802634, -54.711837854325054 ], [ -63.82420965583399, -54.709178564161768 ], [ -63.821422832415053, -54.709589962083626 ], [ -63.817748086657367, -54.711933263672385 ], [ -63.815407880694373, -54.715440148892768 ], [ -63.808905709274278, -54.714981244815192 ], [ -63.806788855779999, -54.713918815521318 ], [ -63.804364195703492, -54.715136998436073 ], [ -63.804245002196865, -54.717308812471153 ], [ -63.80453648119903, -54.719489277691288 ], [ -63.807428862338902, -54.720686248528288 ], [ -63.810994731869101, -54.720630181292321 ], [ -63.812695287419189, -54.722034490730948 ], [ -63.81394467255911, -54.724687797755422 ], [ -63.814020864280245, -54.726975936234957 ], [ -63.81606172541386, -54.729762106111671 ], [ -63.814413316422907, -54.731103733327792 ], [ -63.811205854422738, -54.731964661091219 ], [ -63.809460713991093, -54.735029225731843 ], [ -63.809277228490444, -54.738916434051909 ], [ -63.810495412520943, -54.742027203860758 ], [ -63.81517390395711, -54.743253345277381 ], [ -63.822494020128431, -54.747048179310049 ], [ -63.829329223294422, -54.74865390272862 ], [ -63.831220660904897, -54.750281961199164 ], [ -63.832426596786213, -54.753625823279414 ], [ -63.834820470523852, -54.757443181792425 ], [ -63.837113496006545, -54.758854397967959 ], [ -63.839685701714203, -54.758901176170703 ], [ -63.843914636253025, -54.761143684738734 ], [ -63.846358348736864, -54.763818241292832 ], [ -63.850962227994202, -54.766757853111727 ], [ -63.855325285869178, -54.778169643843071 ], [ -63.865595856905585, -54.778569879321559 ], [ -63.87358209462019, -54.780878428207856 ], [ -63.881661792570831, -54.781472295674448 ], [ -63.88819777035495, -54.781352766892795 ], [ -63.886752004697811, -54.774572279554427 ], [ -63.884251262149533, -54.773153281936352 ], [ -63.88492390833742, -54.771679519030457 ], [ -63.887333559999853, -54.770803130417029 ], [ -63.890651264519391, -54.771543696293897 ], [ -63.89789463044329, -54.777273400744164 ], [ -63.901009309691148, -54.778241228289353 ], [ -63.908470102264822, -54.779391905373323 ], [ -63.912213164312142, -54.779450383455192 ], [ -63.918685137705012, -54.780702763004356 ], [ -63.919215845896701, -54.782083295699671 ], [ -63.916168518519996, -54.783637397549377 ], [ -63.916660959463648, -54.785816894201545 ], [ -63.919156757063156, -54.787351906758317 ], [ -63.922438922464252, -54.789009806135603 ], [ -63.931434892214668, -54.791095913892022 ], [ -63.935282326521111, -54.793559677598729 ], [ -63.951853070604869, -54.798641404431123 ], [ -63.952957645419964, -54.800486437734008 ], [ -63.955057843846738, -54.802121098388341 ], [ -63.957030627494525, -54.802158322196519 ], [ -63.95967405074029, -54.800595371976414 ], [ -63.959536044684249, -54.799330347854571 ], [ -63.957496304953871, -54.796555937870579 ], [ -63.957471771381599, -54.792885015532136 ], [ -63.956678032413564, -54.788642352567656 ], [ -63.952885595472466, -54.785264103750556 ], [ -63.956377617266064, -54.782567297530562 ], [ -63.967151376335934, -54.784688829568644 ], [ -63.969778024212786, -54.783466794126639 ], [ -63.97086000736342, -54.781649835696008 ], [ -63.968666554609513, -54.777609949454884 ], [ -63.963240952488349, -54.775351430542358 ], [ -63.962601485024429, -54.772365512668301 ], [ -63.967461195892682, -54.76556974324599 ], [ -63.966364544141015, -54.763725163649106 ], [ -63.96271264444804, -54.76160331775057 ], [ -63.961356169696771, -54.757663312099979 ], [ -63.96369034343266, -54.757497397335527 ], [ -63.966831024257523, -54.758005872182714 ], [ -63.969732413529819, -54.759313848109635 ], [ -63.982222801681338, -54.762944665622562 ], [ -63.989501446509323, -54.767977503244666 ], [ -63.990771054975717, -54.770287737486399 ], [ -63.993977744945973, -54.773541591101718 ], [ -63.996462559780426, -54.775182442150125 ], [ -64.002874537703974, -54.777689286651231 ], [ -64.011184007938127, -54.777813976812553 ], [ -64.016273711632138, -54.774803608478869 ], [ -64.020498810262197, -54.777388068124019 ], [ -64.02656645967582, -54.783088250134199 ], [ -64.031233925008493, -54.784997899543988 ], [ -64.032306292489821, -54.787416466533458 ], [ -64.035638377221034, -54.788038873223648 ], [ -64.039219553458508, -54.787520101426033 ], [ -64.046511659989179, -54.788088565793906 ], [ -64.051159504417015, -54.786102025546953 ], [ -64.056869594718307, -54.782296860222118 ], [ -64.056821745079404, -54.778742118532506 ], [ -64.059325402928181, -54.775921168886562 ], [ -64.057163667083671, -54.771074865464371 ], [ -64.055465851470117, -54.769341544896974 ], [ -64.056909226218679, -54.768096320326777 ], [ -64.060817357486727, -54.768959699112123 ], [ -64.065162708779326, -54.773604918449223 ], [ -64.067091155978048, -54.774663919451655 ], [ -64.073325017654923, -54.776590782861994 ], [ -64.079826604951847, -54.777376925787941 ], [ -64.081567398805731, -54.778320124045898 ], [ -64.080919754455039, -54.779678925125616 ], [ -64.071995537961072, -54.779999475674522 ], [ -64.070529886276688, -54.781810615042438 ], [ -64.070597135978048, -54.784673552282975 ], [ -64.072514672218674, -54.786082786722126 ], [ -64.072724546417646, -54.794671913338327 ], [ -64.081714686646279, -54.797322033128587 ], [ -64.084278308527388, -54.797363193557516 ], [ -64.094741096985672, -54.802320653871881 ], [ -64.096990693310687, -54.805337139686905 ], [ -64.097243434989238, -54.808547061992883 ], [ -64.097977612771984, -54.809811240920155 ], [ -64.107152403360217, -54.817501315969665 ], [ -64.107696341073208, -54.818539631028308 ], [ -64.111242547092786, -54.818934676884432 ], [ -64.11422571355773, -54.81864133816601 ], [ -64.113279615910059, -54.812783964280996 ], [ -64.116146688327191, -54.806073097235988 ], [ -64.121619603012675, -54.803172771898602 ], [ -64.130807304015022, -54.810521986402691 ], [ -64.138070994611283, -54.811886384116058 ], [ -64.141723485888235, -54.814567035817838 ], [ -64.147421981340472, -54.815227226183538 ], [ -64.149629202708269, -54.814452230639347 ], [ -64.153102508018122, -54.811983051461162 ], [ -64.165625107402604, -54.810792768526873 ], [ -64.168239282060014, -54.809799849692205 ], [ -64.174246362374134, -54.813088303470593 ], [ -64.175985362834325, -54.81860785842585 ], [ -64.173918063406703, -54.820755970930826 ], [ -64.174222202329389, -54.822935607641924 ], [ -64.177912578950639, -54.824478885000907 ], [ -64.189248389781696, -54.823371493179053 ], [ -64.190518971171969, -54.821335397544594 ], [ -64.191034712068543, -54.81870496146297 ], [ -64.197177777863402, -54.81364016830139 ], [ -64.199708343647671, -54.814361068854652 ], [ -64.199648521872248, -54.816076501729526 ], [ -64.198610074761461, -54.817213516506598 ], [ -64.198884512375528, -54.819850568538577 ], [ -64.201973558868403, -54.822068521510047 ], [ -64.202098711405895, -54.823899205343892 ], [ -64.201012469652056, -54.826059634677193 ], [ -64.20189614013718, -54.828585904459707 ], [ -64.204467573981503, -54.828741699419076 ], [ -64.20617318943566, -54.830482042766214 ], [ -64.208197100144019, -54.834168594380301 ], [ -64.210144977824569, -54.835118018382722 ], [ -64.212313181008469, -54.83549152830448 ], [ -64.213047831615782, -54.836752693898624 ], [ -64.211915338563074, -54.84028966776949 ], [ -64.215364858330588, -54.842968911034745 ], [ -64.221287388406765, -54.843391531984921 ], [ -64.22166365913057, -54.839161380313577 ], [ -64.223399166657117, -54.835524448864895 ], [ -64.224823397288816, -54.834285517517458 ], [ -64.22736937482361, -54.830311746870933 ], [ -64.221692846594422, -54.828747905840288 ], [ -64.222578239276629, -54.82669630714382 ], [ -64.236440235359467, -54.826318158455848 ], [ -64.233155045462468, -54.824324997035767 ], [ -64.231336894441654, -54.820298496703813 ], [ -64.232802851626872, -54.818600207316173 ], [ -64.234532831475804, -54.814729098966438 ], [ -64.233629420569102, -54.812652003282253 ], [ -64.230977133755715, -54.809759571897146 ], [ -64.227444102207613, -54.80925164975443 ], [ -64.226533415878279, -54.807174204006763 ], [ -64.226843649120823, -54.804317467095551 ], [ -64.227901075005178, -54.802614381355276 ], [ -64.229746281533508, -54.79634658911943 ], [ -64.227874840977037, -54.793574758363036 ], [ -64.227617988385774, -54.790245986852263 ], [ -64.230769342515202, -54.785828390614725 ], [ -64.231034012856028, -54.784112042988177 ], [ -64.22980328143116, -54.780430132666822 ], [ -64.230928887672803, -54.77678934701494 ], [ -64.229501179809617, -54.773097418397747 ], [ -64.232060407931527, -54.76867446362202 ], [ -64.237660452595222, -54.77184482566043 ], [ -64.240391576327255, -54.772563810063083 ], [ -64.243599787198235, -54.776503186379195 ], [ -64.245331613417264, -54.777785350541897 ], [ -64.251211391098252, -54.779122350500181 ], [ -64.262456728265761, -54.789914440968708 ], [ -64.265167593481621, -54.791218862212432 ], [ -64.268356519331874, -54.790567840665844 ], [ -64.26962082430974, -54.788640933920121 ], [ -64.269524135251046, -54.786008822603691 ], [ -64.268196980880276, -54.784616936475409 ], [ -64.269907165151437, -54.781437132013274 ], [ -64.272555988722928, -54.779409152131294 ], [ -64.278740747721798, -54.783041023298097 ], [ -64.281099598013313, -54.783528697977445 ], [ -64.287513378398842, -54.781100744289823 ], [ -64.289373442170316, -54.779291273037764 ], [ -64.291977627497175, -54.778405555677935 ], [ -64.299494238114661, -54.778389617591017 ], [ -64.302502938286807, -54.77716639724094 ], [ -64.304686038163439, -54.776855382994107 ], [ -64.308031500964532, -54.777353814354704 ], [ -64.311101628485204, -54.780026851209286 ], [ -64.310466771884947, -54.780939809593711 ], [ -64.307269268035142, -54.781811917791458 ], [ -64.305937653794544, -54.785341871646409 ], [ -64.306092615618184, -54.78672160356745 ], [ -64.302751831495968, -54.791367480780195 ], [ -64.303076010098664, -54.79286394997677 ], [ -64.309280979188799, -54.796261119862422 ], [ -64.314359958556437, -54.797932650587796 ], [ -64.315636166966428, -54.80092281398526 ], [ -64.319143050115215, -54.802229784246805 ], [ -64.319051112184013, -54.804636413190721 ], [ -64.327580991161724, -54.809093679373525 ], [ -64.32693186837831, -54.810802070581808 ], [ -64.329076144747077, -54.811514308010004 ], [ -64.332658187877172, -54.811103816441204 ], [ -64.335372271107104, -54.812512382291956 ], [ -64.337079112465759, -54.81448689889654 ], [ -64.3393966856665, -54.815994763822651 ], [ -64.342547134610015, -54.816493656236986 ], [ -64.344479159303475, -54.817667336935898 ], [ -64.349798444268913, -54.818301085882936 ], [ -64.352349817231442, -54.819136439167352 ], [ -64.35347201288738, -54.820753277289398 ], [ -64.357219265336681, -54.820807029362626 ], [ -64.359873612778316, -54.818545816023622 ], [ -64.364733083781871, -54.815860849808864 ], [ -64.367501083684729, -54.81589479971899 ], [ -64.369519783964492, -54.820155978084316 ], [ -64.379043271924289, -54.819815949840077 ], [ -64.383432042304989, -54.818616364328982 ], [ -64.386391142140411, -54.818989898709674 ], [ -64.389601999232269, -54.817772204353567 ], [ -64.391068234685434, -54.815840570394364 ], [ -64.393092398615195, -54.814613602484954 ], [ -64.395025509905906, -54.815550426811058 ], [ -64.39494904907869, -54.817723798128554 ], [ -64.398097328428747, -54.823715787286659 ], [ -64.396638269785711, -54.82541396265254 ], [ -64.395945493828776, -54.82838226338859 ], [ -64.408804603759677, -54.828996163240596 ], [ -64.410927172995699, -54.830056798315631 ], [ -64.414481711066031, -54.830443183584286 ], [ -64.413029235667295, -54.832258703092215 ], [ -64.406462509623026, -54.832981134851664 ], [ -64.403066975805913, -54.833967461624361 ], [ -64.40279916899317, -54.835908746953734 ], [ -64.403908407202564, -54.838208031181452 ], [ -64.423049761375736, -54.851153735503281 ], [ -64.431550997349802, -54.851366594810976 ], [ -64.437251482550195, -54.852813349677604 ], [ -64.443991496403342, -54.858273664303326 ], [ -64.447913574930809, -54.859122459992477 ], [ -64.450378994584298, -54.857200682362055 ], [ -64.44956119683539, -54.852152092319415 ], [ -64.450791996526632, -54.850912353659588 ], [ -64.452555095991499, -54.851275280296271 ], [ -64.454266676397552, -54.853236933330372 ], [ -64.46440028416805, -54.852555475177752 ], [ -64.469919231234684, -54.85365215389438 ], [ -64.476914917780562, -54.85739353982428 ], [ -64.479804056057446, -54.859605568573414 ], [ -64.483375678964293, -54.859414984129629 ], [ -64.490276456388514, -54.855031827901051 ], [ -64.492178845926134, -54.851397707981967 ], [ -64.490842087752142, -54.849657397719099 ], [ -64.494183583361291, -54.844889785615074 ], [ -64.49273357059711, -54.841095001866634 ], [ -64.489811735894548, -54.839808275268318 ], [ -64.482869011662302, -54.839612615871147 ], [ -64.479745511206801, -54.838426030269332 ], [ -64.479822470486994, -54.836486518172208 ], [ -64.482998581012069, -54.835948505758644 ], [ -64.484812362675314, -54.835053909529869 ], [ -64.483478247236562, -54.833889118390118 ], [ -64.479942740000027, -54.833046871537675 ], [ -64.47616442062909, -54.833121683752701 ], [ -64.475905741597998, -54.829452064238694 ], [ -64.450175018012516, -54.829153987756108 ], [ -64.444320419389086, -54.826337352735536 ], [ -64.442016777669593, -54.824701717374857 ], [ -64.448791627746417, -54.823184864688933 ], [ -64.45255591227567, -54.823227301927588 ], [ -64.454957228518239, -54.822337218359692 ], [ -64.456386101519257, -54.820987967824173 ], [ -64.461740971713795, -54.821044805148901 ], [ -64.468695234794907, -54.82010236349452 ], [ -64.468173419378743, -54.818264096461611 ], [ -64.466655266428702, -54.816527929542076 ], [ -64.460767462736058, -54.814740486721668 ], [ -64.459651730234285, -54.812891157501625 ], [ -64.46011815675034, -54.810957242808712 ], [ -64.467017606600493, -54.811494402768659 ], [ -64.470142134350851, -54.812789314814104 ], [ -64.474328495325267, -54.81753424137834 ], [ -64.477852924980837, -54.824443977862082 ], [ -64.490699505816224, -54.825165602193593 ], [ -64.492599032150281, -54.826845937759948 ], [ -64.507193018486674, -54.834689820960811 ], [ -64.521142466303147, -54.840107058486552 ], [ -64.523412032815571, -54.841980393885372 ], [ -64.525497801403915, -54.847059402044103 ], [ -64.526412784840247, -54.848223963757867 ], [ -64.52913960550886, -54.849070947892407 ], [ -64.530445871571359, -54.850467972679681 ], [ -64.52828837978754, -54.853517710370205 ], [ -64.53067085017183, -54.856773121491031 ], [ -64.530924714702095, -54.859405982069553 ], [ -64.530561336570116, -54.862263371666124 ], [ -64.542878781356663, -54.868451704144732 ], [ -64.543470733362795, -54.872124311660222 ], [ -64.550553221245309, -54.872941973306617 ], [ -64.556961981690662, -54.871810201691972 ], [ -64.563424295317446, -54.873305763326634 ], [ -64.565602535713595, -54.873349486461471 ], [ -64.565846493751422, -54.872549117223436 ], [ -64.568088343608224, -54.871446378760581 ], [ -64.57357718933217, -54.87257983804696 ], [ -64.577599042797274, -54.87838263226466 ], [ -64.577299984837737, -54.88043315888342 ], [ -64.577794254844378, -54.882040537064242 ], [ -64.580408676308437, -54.881524399519705 ], [ -64.584668339188582, -54.879656377043311 ], [ -64.590764886515842, -54.884230372384501 ], [ -64.590644368990709, -54.886294155567086 ], [ -64.591145670465991, -54.888020867370891 ], [ -64.593238029081732, -54.889427741000212 ], [ -64.596575053423152, -54.890295298294753 ], [ -64.605673522503821, -54.890688282716745 ], [ -64.613628962274859, -54.893700851340746 ], [ -64.620312467245526, -54.891310025641594 ], [ -64.624083808041732, -54.891380977741235 ], [ -64.626939248441687, -54.889937377099898 ], [ -64.628407483940194, -54.888481928252254 ], [ -64.633499387433901, -54.889715178599985 ], [ -64.639421545381282, -54.890054155633102 ], [ -64.641744669442545, -54.891362801244703 ], [ -64.645280283249036, -54.891991103657212 ], [ -64.651978919673624, -54.896124888288853 ], [ -64.65823703229583, -54.897843960827601 ], [ -64.66702709979451, -54.896735371494131 ], [ -64.672374525631852, -54.896953269692851 ], [ -64.675789793140652, -54.896094991381169 ], [ -64.677640828944504, -54.894983065540224 ], [ -64.685142970325444, -54.895582890417607 ], [ -64.69408656566425, -54.895397211205854 ], [ -64.70414455312671, -54.896610321880551 ], [ -64.709367197586772, -54.895327320367436 ], [ -64.709414494623289, -54.894297214798662 ], [ -64.706934738447956, -54.888983127683431 ], [ -64.703598217659746, -54.888127663459379 ], [ -64.702659566220177, -54.887422286417873 ], [ -64.700645982399166, -54.887728564056253 ], [ -64.676124742911057, -54.882943123466418 ], [ -64.675378823677491, -54.881900464090272 ], [ -64.663903295971224, -54.881582825731201 ], [ -64.659477052373276, -54.879093357755778 ], [ -64.658817074617431, -54.876677925425824 ], [ -64.656379559689668, -54.874117895918054 ], [ -64.652221584322589, -54.873923908734682 ], [ -64.651420748196358, -54.870361417787961 ], [ -64.656282468743441, -54.868505804133022 ], [ -64.656579639581253, -54.866904676594025 ], [ -64.659672299037268, -54.864677577978348 ], [ -64.661609225324341, -54.865511205464635 ], [ -64.664969434789484, -54.865577452978371 ], [ -64.664115058059025, -54.859603360413182 ], [ -64.667508076686886, -54.859214389601263 ], [ -64.66963148905414, -54.860052307472905 ], [ -64.677453416174785, -54.858479172623397 ], [ -64.680056763243513, -54.854399832761267 ], [ -64.677959997396513, -54.85287742981307 ], [ -64.680115547007176, -54.849483477841545 ], [ -64.684744702359978, -54.848308608764455 ], [ -64.687023736665793, -54.846521706588092 ], [ -64.688136111125615, -54.844131288678199 ], [ -64.685811967652, -54.839635925496125 ], [ -64.673266682952701, -54.833566636664806 ], [ -64.670146734893592, -54.832591999094134 ], [ -64.666598102024338, -54.832420198873415 ], [ -64.663875914223084, -54.831333733175178 ], [ -64.663788747832285, -54.829280492653638 ], [ -64.664754143291034, -54.829863530936343 ], [ -64.668322572779488, -54.829703402627331 ], [ -64.674571278658888, -54.831421476393523 ], [ -64.680097432145985, -54.831744477889544 ], [ -64.678777208092299, -54.830690338205315 ], [ -64.679052778504413, -54.829097393750374 ], [ -64.688024078358822, -54.828113156470806 ], [ -64.696197059539912, -54.830779736792486 ], [ -64.698103385048796, -54.832184926973049 ], [ -64.707117972544211, -54.833835341139661 ], [ -64.721133067953673, -54.838431109051321 ], [ -64.730187016092827, -54.839730483127113 ], [ -64.737571943774029, -54.84238214553973 ], [ -64.740509718155252, -54.842890035323101 ], [ -64.742959575253309, -54.841672344126167 ], [ -64.751263603781254, -54.84181984919924 ], [ -64.752345583290023, -54.840124678517618 ], [ -64.747748011198084, -54.83718287245248 ], [ -64.746740774691304, -54.83373078781095 ], [ -64.744911971098162, -54.830834291181873 ], [ -64.744931737563078, -54.826950683720689 ], [ -64.748319254226388, -54.826431187692705 ], [ -64.752035799791173, -54.82352242508793 ], [ -64.758584786063565, -54.82329325966365 ], [ -64.756003872771672, -54.819696252396007 ], [ -64.744249443415939, -54.814430861783968 ], [ -64.743800017805327, -54.810789271800928 ], [ -64.741328159368564, -54.808688325140203 ], [ -64.739504021922428, -54.805908767534859 ], [ -64.737007407389839, -54.804490204907118 ], [ -64.736103422286348, -54.802878137945122 ], [ -64.735700573575102, -54.799319062262363 ], [ -64.733630671678327, -54.797106204396123 ], [ -64.734709257305596, -54.791749284933402 ], [ -64.733018545613078, -54.789891436915731 ], [ -64.726806049112909, -54.787721264491019 ], [ -64.723581642543479, -54.785143780449964 ], [ -64.718933639768295, -54.783343115591357 ], [ -64.710903128076467, -54.778050670885669 ], [ -64.708573341345513, -54.777320740971746 ], [ -64.707309325003237, -54.778678636455382 ], [ -64.707022224649648, -54.780504998467521 ], [ -64.704646909066398, -54.78412308108657 ], [ -64.704578647897975, -54.785498627140669 ], [ -64.702882270173532, -54.787407621215877 ], [ -64.697580984319345, -54.790292322879985 ], [ -64.692309699087829, -54.789052942239728 ], [ -64.688961036434975, -54.788646066871706 ], [ -64.686583219231281, -54.788948053125992 ], [ -64.683870285221118, -54.787979212837406 ], [ -64.682354204938875, -54.786585411832256 ], [ -64.675964221642943, -54.784066802866413 ], [ -64.677233020304854, -54.778708060560767 ], [ -64.682089791951654, -54.776963837820759 ], [ -64.685149269747214, -54.775076724813331 ], [ -64.689373512045705, -54.774006539864764 ], [ -64.692087549358618, -54.771304455913828 ], [ -64.693916763600441, -54.770191605661488 ], [ -64.696300409888948, -54.770006594338319 ], [ -64.700133215423492, -54.76858719594626 ], [ -64.699209463134508, -54.767657472663451 ], [ -64.696244833547482, -54.767603842889578 ], [ -64.693330705074288, -54.766637032542619 ], [ -64.688602201515636, -54.766208004437182 ], [ -64.686352986613628, -54.767431696583408 ], [ -64.683754199794365, -54.768067419091437 ], [ -64.676413248721872, -54.768509130463464 ], [ -64.673839941060095, -54.768576824679222 ], [ -64.669144843340817, -54.767689648465634 ], [ -64.662176007410267, -54.768249459073267 ], [ -64.660027860479516, -54.767869010993394 ], [ -64.657449844220835, -54.764501309042672 ], [ -64.652956984188805, -54.763620741837023 ], [ -64.649180468416361, -54.763889730207502 ], [ -64.644718303007267, -54.765761470437006 ], [ -64.644631107937016, -54.767583685422871 ], [ -64.645505403317628, -54.769431488978334 ], [ -64.643280727142411, -54.770304604964522 ], [ -64.642382654051289, -54.775901208503527 ], [ -64.643397711724333, -54.77889830617427 ], [ -64.642909712837309, -54.780829738929015 ], [ -64.641451540280485, -54.781946212640001 ], [ -64.630811309020288, -54.784961752057015 ], [ -64.628851058122876, -54.788128111985017 ], [ -64.626608281378978, -54.789119435023366 ], [ -64.616115162725507, -54.789493155857024 ], [ -64.61389851041001, -54.790132260111143 ], [ -64.613643455466729, -54.791049198065942 ], [ -64.612000970021541, -54.792275557899401 ], [ -64.60876767503116, -54.79324640817633 ], [ -64.607323617396332, -54.794363006254891 ], [ -64.605941082276829, -54.79433983414755 ], [ -64.603427483587012, -54.796811346518076 ], [ -64.599302870983536, -54.799709862884683 ], [ -64.597582234669446, -54.80207519122041 ], [ -64.59593783199287, -54.803310271354277 ], [ -64.590778296595872, -54.804446657595804 ], [ -64.585812637604818, -54.803804963326613 ], [ -64.573874564280985, -54.797965058765122 ], [ -64.566911258385929, -54.791775564049438 ], [ -64.564238918373476, -54.786345349065314 ], [ -64.562352454634265, -54.784819500865986 ], [ -64.556983674842215, -54.781853042199998 ], [ -64.549724345836253, -54.78080640102938 ], [ -64.54138668560833, -54.781324741092945 ], [ -64.535841138988957, -54.784771307933816 ], [ -64.53572712977882, -54.786826344223201 ], [ -64.533656265507062, -54.788388836374494 ], [ -64.531343889533289, -54.787206469059718 ], [ -64.530417675799825, -54.786153906571769 ], [ -64.525188495448418, -54.784335425306423 ], [ -64.518899024245329, -54.783525089500841 ], [ -64.518587572763508, -54.782263622576671 ], [ -64.525105712301325, -54.782270868601053 ], [ -64.524822884449563, -54.780327059568393 ], [ -64.522105058142103, -54.779581382854225 ], [ -64.520579438605608, -54.778290751739469 ], [ -64.52066944653221, -54.776810339057739 ], [ -64.521569557226229, -54.775108105403987 ], [ -64.52870223787707, -54.774787205572878 ], [ -64.529739680085015, -54.774126356812133 ], [ -64.528621647669624, -54.772841882548455 ], [ -64.524617798718651, -54.770367182432189 ], [ -64.524506602555888, -54.76177311194386 ], [ -64.525585646162696, -54.760311272367218 ], [ -64.525650389933745, -54.759162642222918 ], [ -64.528313065201445, -54.757615424304909 ], [ -64.546781784500183, -54.756371871053233 ], [ -64.547649442130322, -54.755126882062704 ], [ -64.548167431692335, -54.752960808730911 ], [ -64.547459118102367, -54.751343123514921 ], [ -64.546955498287886, -54.746414809449931 ], [ -64.547562270030838, -54.742768277739273 ], [ -64.546709554396543, -54.740344957111148 ], [ -64.546431394071433, -54.734957329511808 ], [ -64.54753724074142, -54.732812891199018 ], [ -64.54779406924645, -54.728353169740522 ], [ -64.54871107124363, -54.726192784055378 ], [ -64.549950473417539, -54.725411077383505 ], [ -64.553116758330731, -54.721579863668182 ], [ -64.553627734917768, -54.719647316856616 ], [ -64.552296714708135, -54.711954957785345 ], [ -64.539733101030208, -54.713075104676214 ], [ -64.536129171327161, -54.714632755615497 ], [ -64.533507825239894, -54.716433404092506 ], [ -64.531446520434613, -54.718929111511549 ], [ -64.528810608999009, -54.720962930419979 ], [ -64.52811297863083, -54.724048513178964 ], [ -64.52505089537722, -54.72733443559197 ], [ -64.520408674133506, -54.730256065684642 ], [ -64.517525717719565, -54.733422552768459 ], [ -64.515166409402894, -54.733398089115475 ], [ -64.509514754920644, -54.7370013097079 ], [ -64.497535025324723, -54.740755709748846 ], [ -64.491419335468919, -54.746409146193805 ], [ -64.4813943882302, -54.750297771168647 ], [ -64.474841341144455, -54.751482779032706 ], [ -64.466729553039102, -54.751727794197386 ], [ -64.45646826483771, -54.751037296164782 ], [ -64.451569075489218, -54.749947278676231 ], [ -64.441892646647489, -54.749832806803411 ], [ -64.433268774919881, -54.747898024288091 ], [ -64.431268789875986, -54.748676857532203 ], [ -64.433735502949418, -54.751341874179879 ], [ -64.432708650639867, -54.75258909507626 ], [ -64.430284303311225, -54.753819526781754 ], [ -64.424130568903095, -54.754890997760675 ], [ -64.421857707860767, -54.757493900422581 ], [ -64.412414907355554, -54.761956547309346 ], [ -64.412365737066736, -54.763213681415266 ], [ -64.410923359968663, -54.764687793222386 ], [ -64.411055411538783, -54.766403687667442 ], [ -64.412002940580564, -54.76778627991353 ], [ -64.410367354961807, -54.769145151490491 ], [ -64.407787837716015, -54.769568915339939 ], [ -64.405696785055028, -54.767025532252717 ], [ -64.405772419524752, -54.764852129098877 ], [ -64.406277892301858, -54.761768773190717 ], [ -64.408299827779189, -54.76053252980909 ], [ -64.408742802855144, -54.759506161011338 ], [ -64.408186195074009, -54.758244033058624 ], [ -64.405127916398769, -54.755459342954666 ], [ -64.404385944937346, -54.754187908766625 ], [ -64.404459986700061, -54.752131350830943 ], [ -64.412147900847387, -54.747297083268535 ], [ -64.415816941943191, -54.744135740728417 ], [ -64.418779052960616, -54.744059055005458 ], [ -64.421014072685438, -54.742713780977674 ], [ -64.421039929043388, -54.741797492221615 ], [ -64.409307745950699, -54.738340409239768 ], [ -64.401638049856132, -54.7374466892621 ], [ -64.398071865849616, -54.737508968221171 ], [ -64.392606142820114, -54.735961041383561 ], [ -64.390607677033628, -54.736280623033124 ], [ -64.387762469960677, -54.738645275018712 ], [ -64.386919649492384, -54.740007057803489 ], [ -64.388238254502141, -54.741975063425699 ], [ -64.390557687299989, -54.743140335621597 ], [ -64.391695589027634, -54.744649520024979 ], [ -64.391624824080992, -54.746364476366949 ], [ -64.387997263859162, -54.748153030893619 ], [ -64.38597390044788, -54.749845273558222 ], [ -64.386894449813923, -54.751454131477828 ], [ -64.386065206491722, -54.75259160649523 ], [ -64.386810063919071, -54.753968942114255 ], [ -64.386460147827989, -54.757858546552285 ], [ -64.387202178785898, -54.759363918995668 ], [ -64.389862982477155, -54.762250851170641 ], [ -64.393704468838678, -54.765391735327398 ], [ -64.393827271305057, -54.767455786001975 ], [ -64.393184729054752, -54.768591422147907 ], [ -64.390010415305596, -54.769012407137524 ], [ -64.386673897566737, -54.768399684731527 ], [ -64.382192347626187, -54.766508910482266 ], [ -64.378444634563081, -54.766230994126275 ], [ -64.374862851266883, -54.766645016490301 ], [ -64.372857047052349, -54.767762184409619 ], [ -64.372019115151872, -54.76924097809718 ], [ -64.370405129814714, -54.770024608169166 ], [ -64.368753854566819, -54.771948904933332 ], [ -64.365985907424047, -54.777067934456568 ], [ -64.366645181776121, -54.780276698414553 ], [ -64.369727445895052, -54.782606895508366 ], [ -64.370864907149198, -54.784224165477532 ], [ -64.369740388148315, -54.78776038486874 ], [ -64.370068040673317, -54.789825567489515 ], [ -64.37078076765286, -54.791891980577802 ], [ -64.372846316423448, -54.794785733835866 ], [ -64.368280675666782, -54.795069833907029 ], [ -64.366537858465747, -54.794013929050273 ], [ -64.362025245367278, -54.793157705116776 ], [ -64.361100560392657, -54.791314683270691 ], [ -64.360492049652123, -54.786614985217916 ], [ -64.360999188104046, -54.783414905436615 ], [ -64.360279298850955, -54.781687634345637 ], [ -64.358561831431032, -54.779841180620174 ], [ -64.359114982412478, -54.775833494833833 ], [ -64.358263077817071, -54.772275553799126 ], [ -64.362500741943606, -54.769470256262146 ], [ -64.363362520777144, -54.767650699483916 ], [ -64.362164525218361, -54.762937413168174 ], [ -64.368319625546448, -54.756716091652883 ], [ -64.371983954846968, -54.753906548064698 ], [ -64.373446352397238, -54.75185809314231 ], [ -64.373751811847086, -54.748776173710716 ], [ -64.377626157340515, -54.745614786831538 ], [ -64.377695317829065, -54.743782857037772 ], [ -64.37545867379049, -54.740091211657749 ], [ -64.365289440231678, -54.737103169414127 ], [ -64.35882756401223, -54.735884246073176 ], [ -64.351682071440067, -54.731212333575527 ], [ -64.349045186225595, -54.728089313170763 ], [ -64.348131905912965, -54.726129672707415 ], [ -64.348167487808098, -54.724872002180987 ], [ -64.349230960576449, -54.723051309275803 ], [ -64.349151230685308, -54.719954607380274 ], [ -64.348433550887876, -54.718119395155632 ], [ -64.348350730840565, -54.714914654023111 ], [ -64.348800631030684, -54.713430099165002 ], [ -64.347929180192338, -54.710329928312092 ], [ -64.34900347849721, -54.708275837789103 ], [ -64.347124360025958, -54.705397709062595 ], [ -64.343598703459904, -54.70489331615719 ], [ -64.339821333742719, -54.705296425051245 ], [ -64.340416873991316, -54.710690542163491 ], [ -64.338831854054831, -54.715933203827923 ], [ -64.337163736122932, -54.7183150644005 ], [ -64.329907539341306, -54.72223724495467 ], [ -64.32314290633461, -54.723637428175437 ], [ -64.315010669176999, -54.724330028758274 ], [ -64.294704247971126, -54.72338232296611 ], [ -64.288846610235368, -54.721812091807649 ], [ -64.286934821984843, -54.720181767703046 ], [ -64.282463083291901, -54.718289723736461 ], [ -64.279499580462428, -54.718257306449559 ], [ -64.27857940072056, -54.721789540938069 ], [ -64.275957088042631, -54.723359948805168 ], [ -64.270964771899799, -54.724432977329201 ], [ -64.261121742043173, -54.723733034653158 ], [ -64.261373191507587, -54.727396496863413 ], [ -64.260119279002225, -54.729215778634199 ], [ -64.259092928950935, -54.729886051680332 ], [ -64.253717311686415, -54.731069280035122 ], [ -64.248113356549752, -54.733169644014943 ], [ -64.245863301484547, -54.73486197755031 ], [ -64.235120538831765, -54.731849213028177 ], [ -64.226452144880938, -54.731390584235513 ], [ -64.223568368237451, -54.730640463675513 ] ] ] ] } },
{ "type": "Feature", "properties": { "codigo_indec": "940071004" }, "geometry": { "type": "Polygon", "coordinates": [ [ [ -67.725568049446096, -53.769008997723489 ], [ -67.725883129869814, -53.769998487777642 ], [ -67.724954758723584, -53.770103180007617 ], [ -67.725564625120612, -53.772001078245957 ], [ -67.727767844962841, -53.770869865102327 ], [ -67.727396806377328, -53.769848337682916 ], [ -67.728937413312366, -53.769684976069058 ], [ -67.72860771202312, -53.768675122263303 ], [ -67.725568049446096, -53.769008997723489 ] ] ] } }
]
}
